draws,lp__,accept_stat__,stepsize__,treedepth__,n_leapfrog__,divergent__,energy__,rho.1,rho.2,mu.1,mu.2,log_prob_data
0,-207.39357011688338,0.9920564257594663,0.15729865094802079,2.0,7.0,0.0,207.61592106238012,0.6550075906378128,0.3449924093621872,-1.675196344007743,-1.8181606539641741,-1417.0723217332697
1,-209.81892624419447,0.9923448002648914,0.1596093574081358,4.0,15.0,0.0,210.68321231214665,0.0873039607100915,0.9126960392899085,-3.0389673564936994,-1.6291855141564127,-1421.6368868714349
2,-208.76617338597353,0.9663045307580042,0.15245778116360903,3.0,7.0,0.0,209.166096114678,0.7949285085479912,0.20507149145200876,-1.9968626933854425,-1.4934229346068602,-1424.2068044322834
3,-207.54739075267278,0.9981474438056315,0.1675477323182468,4.0,15.0,0.0,208.03810372788277,0.4212215830745439,0.5787784169254562,-1.4783727896039391,-2.0455577025850684,-1418.4365511707683
4,-207.71144173192448,0.9682912603693948,0.15729865094802079,2.0,3.0,0.0,207.81667008329418,0.6802523649510658,0.3197476350489342,-1.6416955009983312,-1.7932570160441297,-1419.1780147649374
5,-209.96960912791852,0.9052083775708116,0.1596093574081358,2.0,7.0,0.0,211.32401861925996,0.029226944103088542,0.9707730558969114,-2.8277150547766983,-1.7432892498147192,-1416.2825833348995
6,-207.41419370617547,0.9673538941101275,0.15245778116360903,4.0,23.0,0.0,209.58275649201943,0.32972228727658237,0.6702777127234176,-1.9778043840061876,-1.6249977862367542,-1416.6810325611268
7,-209.66047228513796,0.6333757507994627,0.1675477323182468,3.0,7.0,0.0,211.4783672554053,0.6843452690728067,0.3156547309271933,-1.3387833420776922,-2.265339326108624,-1431.7190457518866
8,-207.57337164914267,0.954674885081124,0.15729865094802079,2.0,7.0,0.0,208.7331426101803,0.7639693502907152,0.23603064970928478,-1.6947227468373682,-1.977359289008057,-1416.176842705478
9,-211.62541665619867,0.8855278739404108,0.1596093574081358,3.0,15.0,0.0,213.71532150117247,0.005152924704912714,0.9948470752950873,-2.569590222683362,-1.7171679173979884,-1417.1821357886474
10,-207.37708971847107,0.9169884062817346,0.15245778116360903,3.0,11.0,0.0,208.90167544321648,0.6931099843075827,0.30689001569241725,-1.6949632726830823,-1.864976184576903,-1416.3342126842049
11,-209.42020022081982,0.9957688154411108,0.1675477323182468,3.0,7.0,0.0,210.15514789610333,0.7180994916090253,0.2819005083909747,-1.385051683460209,-2.2913506026009856,-1429.3994879879308
12,-207.9541832633192,0.8867603524531636,0.15729865094802079,4.0,15.0,0.0,209.2214322783958,0.4809682477189292,0.5190317522810708,-1.4863817107691188,-1.8204249750244241,-1422.141228290839
13,-212.33421889320783,0.5895531683955759,0.1596093574081358,2.0,7.0,0.0,215.5367769297716,0.011519956501027245,0.9884800434989728,-2.315862762108685,-1.5993392236327004,-1428.9991791472414
14,-207.28834686438813,0.9704409693847537,0.15245778116360903,4.0,15.0,0.0,207.6365291542232,0.45403483607854084,0.5459651639214591,-1.5038996230890431,-1.9519051985828495,-1417.0196810315367
15,-209.00715851787965,0.9041170958963608,0.1675477323182468,2.0,3.0,0.0,210.60926954277295,0.62989986063437,0.37010013936563,-1.3782125486242554,-2.3768569673942617,-1427.193134023242
16,-209.1564196158882,0.9670462116259928,0.15729865094802079,5.0,31.0,0.0,210.434976939258,0.04456241919993296,0.955437580800067,-2.180390550245929,-1.765625445172351,-1416.2005452561748
17,-207.46116125119661,0.9963595774683243,0.1596093574081358,4.0,15.0,0.0,212.5745091548277,0.7124330377456327,0.2875669622543673,-1.7018251561585889,-1.9806353882499779,-1416.251485330257
18,-208.55003580670137,0.9504146489896963,0.15245778116360903,3.0,15.0,0.0,212.50518244593397,0.8667780071566554,0.13322199284334457,-1.785486648675998,-2.2048810538420893,-1418.7502997195554
19,-207.94139474905933,0.9887043874216435,0.1675477323182468,2.0,3.0,0.0,209.19812882627446,0.5825447831486451,0.4174552168513549,-1.4744461192888734,-2.2247656648101892,-1420.4902161600014
20,-209.4859929404621,0.9421012137695013,0.15729865094802079,4.0,15.0,0.0,210.06295448784945,0.3961515830571604,0.6038484169428395,-2.446882897744256,-1.5108147065534476,-1430.0564698112007
21,-207.71912715874953,0.9729812983054875,0.1596093574081358,3.0,7.0,0.0,207.79842104322364,0.7716390394426014,0.22836096055739863,-1.724087410510111,-2.0560853356433766,-1416.6636281653184
22,-207.95023712919524,0.9903700720306458,0.15245778116360903,4.0,15.0,0.0,209.10018761953924,0.8408948606634268,0.15910513933657322,-1.686449032931856,-1.9924251794246048,-1416.6909788289997
23,-207.2452918108298,0.9475465117888514,0.1675477323182468,2.0,7.0,0.0,209.47661155602572,0.6325011728897396,0.3674988271102604,-1.76020257111052,-1.7326046941798006,-1416.2532312757996
24,-209.46916438030885,0.8750919694304506,0.15729865094802079,4.0,15.0,0.0,210.90398448455204,0.03635070836682989,0.9636492916331701,-2.0421936275331127,-1.699104834395324,-1417.7159587488088
25,-208.62065524803336,0.984475229533766,0.1596093574081358,3.0,15.0,0.0,209.3240522964348,0.8515761667343775,0.14842383326562247,-1.6839047325223266,-2.5486698711519997,-1418.755527341554
26,-210.25910746728454,0.9120307975783664,0.15245778116360903,3.0,11.0,0.0,212.52346747268436,0.9887921663834143,0.011207833616585727,-1.7892194376871162,-1.6333511379095658,-1416.2490647269804
27,-208.09194832647336,0.9932145379772193,0.1675477323182468,4.0,27.0,0.0,208.56390697923197,0.15148529946527475,0.8485147005347252,-1.4344044341100477,-1.7412151827963633,-1418.882260944405
28,-211.7236575880602,0.8104328740948973,0.15729865094802079,4.0,15.0,0.0,212.8965198350723,0.021705989359875732,0.9782940106401242,-2.1024510527484273,-1.590901041800934,-1429.9235598118198
29,-208.0825404766324,0.883631773109318,0.1596093574081358,3.0,15.0,0.0,209.1694925563066,0.695455749104163,0.30454425089583703,-1.564782688843132,-2.3317180750887583,-1419.8527071775347
30,-210.25910746728454,0.187526694887856,0.15245778116360903,2.0,7.0,0.0,211.94341795925033,0.9887921663834143,0.011207833616585727,-1.7892194376871162,-1.6333511379095658,-1416.2490647269804
31,-207.904707127402,0.8809465318908095,0.1675477323182468,4.0,19.0,0.0,209.3715420826266,0.8240795077563993,0.17592049224360073,-1.8577723618904611,-1.651094982140405,-1417.4804782081376
32,-208.90435876302672,0.9954183225418206,0.15729865094802079,2.0,7.0,0.0,212.3694135439278,0.06709399613007803,0.932906003869922,-2.0343162413290035,-1.8074648193553533,-1417.5237147630887
33,-208.32023394886306,0.9269766041538023,0.1596093574081358,2.0,3.0,0.0,208.5596260963913,0.7185462173445311,0.28145378265546894,-1.4855304529683668,-2.3119457330806155,-1421.4636164205438
34,-209.7359648411959,0.9364484726431159,0.15245778116360903,4.0,23.0,0.0,210.57642664051974,0.9805008620836135,0.019499137916386466,-1.7787482350677413,-1.7422337961743544,-1416.117273786169
35,-207.91950537445416,0.8087856390699617,0.1675477323182468,2.0,7.0,0.0,209.83912400192213,0.761916659889669,0.23808334011033105,-1.6925692211862635,-1.6598692963737773,-1419.6124986096436
36,-208.78524347809372,0.9953684897046706,0.15729865094802079,3.0,15.0,0.0,209.82134947826847,0.06405483448966721,0.9359451655103328,-1.704821525231605,-1.711275244353316,-1417.7592252104353
37,-209.47401760225512,0.9855485454998167,0.1596093574081358,4.0,15.0,0.0,209.67524276568247,0.9426008878264767,0.05739911217352334,-1.8275089248658523,-2.2612534442657894,-1419.5474872353166
38,-207.80327258141372,0.679393764345964,0.15245778116360903,4.0,15.0,0.0,211.1479769470298,0.18784745985168044,0.8121525401483196,-1.5189383490110104,-1.8856967655907246,-1417.4037024633508
39,-207.70932634800795,0.9991767431095205,0.1675477323182468,3.0,15.0,0.0,208.75049154898977,0.5225625377093179,0.47743746229068207,-2.1005415874119735,-1.401369090699171,-1419.709356782375
40,-208.4619174415763,0.966464475275036,0.15729865094802079,4.0,23.0,0.0,211.35352695536383,0.08566305146877641,0.9143369485312236,-1.0000560468087571,-1.7714419336754192,-1418.8374803193135
41,-207.35975766329832,0.9949293299625166,0.1596093574081358,3.0,15.0,0.0,209.560023706556,0.5694177927424255,0.43058220725757446,-1.5812057577860685,-1.908430495803343,-1417.3761250632579
42,-208.39901700034392,0.9788354666999367,0.15245778116360903,5.0,31.0,0.0,208.61014628571374,0.7552721344170737,0.24472786558292625,-2.0450602816287575,-1.2151996392347357,-1423.0207885152595
43,-207.67041496503495,0.9959034613692809,0.1675477323182468,4.0,15.0,0.0,208.3718563387798,0.17833578951426354,0.8216642104857365,-1.651509237729775,-1.8021308661014461,-1416.11062207633
44,-209.88749591118668,0.9583357660519741,0.15729865094802079,4.0,23.0,0.0,210.61440013743226,0.10971936944708527,0.8902806305529147,-0.3865161872199766,-1.8035813887169745,-1430.8459056577844
45,-208.5505369196445,0.5876552716969228,0.1596093574081358,2.0,3.0,0.0,209.42309361546535,0.5347568954196139,0.4652431045803861,-1.8417373937276058,-1.968305385263651,-1424.7322687722885
46,-207.51794238035663,0.9939084972790527,0.15245778116360903,4.0,23.0,0.0,209.57694209018658,0.33240001415100323,0.6675999858489967,-1.4857893017190869,-1.9732128682897305,-1417.8155119998141
47,-209.2610256566684,0.7324856395179635,0.1675477323182468,2.0,3.0,0.0,209.76918052033272,0.14286124501425407,0.8571387549857459,-1.6191931148588568,-1.9537556714200308,-1425.457579426929
48,-209.67883806062403,0.9113256751219957,0.15729865094802079,2.0,3.0,0.0,210.85204935044953,0.0845364191361784,0.9154635808638216,-0.5563558848742425,-1.9708071013642994,-1427.1128064155591
49,-208.09476042564572,0.9998061719603015,0.1596093574081358,3.0,15.0,0.0,209.14751146572434,0.3529587663347921,0.6470412336652078,-1.2394150604399816,-1.9150421488759304,-1422.7735628605765
50,-208.4108300846816,0.8943220740088867,0.15245778116360903,2.0,7.0,0.0,208.8287726742773,0.22749601930595909,0.7725039806940409,-1.6538224266408121,-1.943518760605851,-1422.0169639483777
51,-207.20219109606126,0.9910897269476859,0.1675477323182468,4.0,15.0,0.0,209.63978641911362,0.5864801503942664,0.4135198496057336,-1.8780063322278877,-1.5906624306971173,-1416.285912517837
52,-209.53375170521815,1.0,0.15729865094802079,2.0,3.0,0.0,209.91363979371596,0.06363766204097962,0.9363623379590204,-0.5341229152254661,-1.7220662106093931,-1425.118953675105
53,-208.09476042564572,0.23481509546209592,0.1596093574081358,1.0,1.0,0.0,210.6643767892737,0.3529587663347921,0.6470412336652078,-1.2394150604399816,-1.9150421488759304,-1422.7735628605765
54,-208.00495287034565,0.9722629710938867,0.15245778116360903,3.0,11.0,0.0,209.61586594940331,0.21624776651566202,0.783752233484338,-1.6530035498792015,-1.6913887841065678,-1419.756523798027
55,-207.35338197466783,0.9542782541343736,0.1675477323182468,3.0,7.0,0.0,207.6445694084754,0.5863523845802217,0.41364761541977835,-1.8854855888097302,-1.7046508186651619,-1416.9822831949703
56,-210.79117048110754,0.9759468816398982,0.15729865094802079,3.0,15.0,0.0,212.22064691939786,0.007460668834496218,0.9925393311655037,-0.5084600549606583,-1.8543589185664944,-1419.0147436438865
57,-207.91372790249537,0.6935978757093918,0.1596093574081358,2.0,3.0,0.0,210.05988096733088,0.2514173487410286,0.7485826512589714,-1.2058944057621015,-1.8603701677256927,-1420.4356285355718
58,-207.81326800021586,0.9851397700149801,0.15245778116360903,3.0,15.0,0.0,208.48981345440757,0.2249850851279215,0.7750149148720785,-1.6740294765097052,-1.875928606385855,-1417.9997469143939
59,-207.90870995165596,0.9920044233229466,0.1675477323182468,3.0,15.0,0.0,208.25420172248573,0.1896602373172238,0.8103397626827762,-1.9585761439354166,-1.782507088069656,-1417.1896729426114
60,-210.39370032963558,0.9727251240784793,0.15729865094802079,3.0,15.0,0.0,211.81506000550522,0.007911829023395912,0.9920881709766041,-0.9236593588434139,-1.7966738889319511,-1416.3399812277062
61,-209.74963579034448,0.7801107777427219,0.1596093574081358,3.0,15.0,0.0,210.70095478729993,0.02824832681903024,0.9717516731809698,-2.3757290752101037,-1.7795282802326808,-1416.455311574313
62,-207.56907041086208,0.9965316304838274,0.15245778116360903,3.0,15.0,0.0,207.95594758835117,0.26301368080468673,0.7369863191953132,-1.6235227327636776,-1.8818730322745312,-1417.1686592269982
63,-207.6243412874132,0.9964712873975091,0.1675477323182468,3.0,15.0,0.0,208.4506017361638,0.20230487384072335,0.7976951261592766,-1.491337108409023,-1.872661343523746,-1416.669839671525
64,-210.66120709591817,0.9569698229834253,0.15729865094802079,2.0,3.0,0.0,210.70837458857054,0.008156682491122905,0.9918433175088771,-0.9361157604864674,-1.8413621697015685,-1418.2363017566074
65,-209.45625707108618,0.9949392683897152,0.1596093574081358,3.0,7.0,0.0,210.32490951312474,0.032066922411325915,0.9679330775886741,-1.9790047369321353,-1.7987057510831863,-1416.709867066963
66,-209.09842566986686,0.8287287564160754,0.15245778116360903,3.0,11.0,0.0,212.05220143118038,0.23967583633146963,0.7603241636685304,-1.734285695164413,-1.5772566504780776,-1427.8952663489606
67,-207.40080371709615,0.9945562621881703,0.1675477323182468,4.0,15.0,0.0,207.74869682636327,0.3705314540221735,0.6294685459778264,-1.421589429818964,-1.9715450164188209,-1417.517106367542
68,-210.20766789195488,0.9727903957640601,0.15729865094802079,2.0,3.0,0.0,210.87668009540283,0.00932109456105885,0.9906789054389411,-0.9801023000736057,-1.7809424474301123,-1416.1332357189426
69,-208.753258756109,0.9923764705495431,0.1596093574081358,4.0,15.0,0.0,211.0614044210263,0.1751722662613208,0.8248277337386792,-2.5465908288843444,-1.559213527569956,-1420.9539879210263
70,-209.29499409687043,0.9167142940193922,0.15245778116360903,3.0,11.0,0.0,211.2021567843218,0.09007252084154546,0.9099274791584545,-2.553018690001088,-1.786632491915982,-1420.0943861580718
71,-208.10705392060981,0.9578027928280719,0.1675477323182468,3.0,15.0,0.0,208.8538795058248,0.14033061824695875,0.8596693817530412,-1.023947087980498,-1.9028157313615484,-1418.9112738693727
72,-211.27068793514573,0.7831978681572634,0.15729865094802079,2.0,3.0,0.0,211.5955371821845,0.007576627612258712,0.9924233723877413,-0.9567514512555972,-1.661320686726861,-1422.4517049019735
73,-208.21270705928106,1.0,0.1596093574081358,3.0,7.0,0.0,208.9090874006576,0.1334651017570422,0.8665348982429578,-2.039668240755007,-1.6693796685311044,-1417.3826499665554
74,-207.79565251389016,0.968959457912283,0.15245778116360903,4.0,15.0,0.0,209.64302238754968,0.21516460488067063,0.7848353951193294,-2.0921731451118903,-1.634519625250918,-1417.0286924552554
75,-208.31499176853143,0.8566924931643453,0.1675477323182468,3.0,15.0,0.0,210.14182703649152,0.09349856396131404,0.9065014360386859,-1.2940093535541084,-1.8684485713376116,-1417.480535114785
76,-210.30549280737208,0.9163943506723228,0.15729865094802079,3.0,11.0,0.0,212.47343063985716,0.021936234452504665,0.9780637655474953,-0.6793394114986968,-1.6703416913250182,-1423.3930841105873
77,-209.81473565356254,0.8281885148096203,0.1596093574081358,2.0,5.0,0.0,211.1013891959733,0.13326208918231958,0.8667379108176805,-2.1933907840035203,-1.52393624640498,-1428.2793360089688
78,-207.3114691700924,0.9368782439064959,0.15245778116360903,4.0,15.0,0.0,208.56965659686668,0.6058902631070415,0.3941097368929585,-1.8576949613272609,-1.5270812157041767,-1417.170280669041
79,-208.3065434849653,1.0,0.1675477323182468,1.0,1.0,0.0,208.38053967679906,0.0939043566044403,0.9060956433955597,-1.2898911635078703,-1.868323758564675,-1417.4585898454945
80,-209.71882487732594,1.0,0.15729865094802079,2.0,7.0,0.0,210.38425566664628,0.0263758970753738,0.9736241029246262,-0.657638921186478,-1.705168408059289,-1420.5058163871142
81,-210.1783986038951,0.8695831787638839,0.1596093574081358,3.0,7.0,0.0,212.5882227426808,0.9291881528975408,0.07081184710245925,-1.848291704899293,-2.5632164990641226,-1424.4409144757578
82,-207.59614929514578,0.9820050471425702,0.15245778116360903,4.0,23.0,0.0,208.07025819651255,0.7703681618269725,0.22963183817302746,-1.9084440430594434,-1.4385141596740092,-1417.1263366309836
83,-207.78099329586402,1.0,0.1675477323182468,4.0,31.0,0.0,208.865051249933,0.15373156063644108,0.8462684393635589,-1.6550523740320198,-1.788225931398838,-1416.0857464423125
84,-208.18156150377507,0.9856866434160952,0.15729865094802079,4.0,31.0,0.0,210.99676987004446,0.0969085284929246,0.9030914715070754,-1.309020957311498,-1.7742698307435876,-1417.0427304886312
85,-208.73353183652952,0.9930425271938199,0.1596093574081358,4.0,15.0,0.0,210.66372111841528,0.9322322995468089,0.06776770045319114,-1.71150615444642,-2.02012052207125,-1416.748980337348
86,-207.59614929514578,0.5367276102495626,0.15245778116360903,1.0,3.0,0.0,209.624108535571,0.7703681618269725,0.22963183817302746,-1.9084440430594434,-1.4385141596740092,-1417.1263366309836
87,-208.46362611299165,0.9100167484182308,0.1675477323182468,4.0,19.0,0.0,209.8352743110284,0.12029329666625892,0.8797067033337411,-1.5273290083901356,-1.701412983599146,-1419.987149794911
88,-208.66946706261578,0.7679838511429793,0.15729865094802079,2.0,5.0,0.0,211.17400673280724,0.21045408306631405,0.7895459169336859,-1.1123146921107958,-2.039569798762128,-1424.3794554228743
89,-211.32368981357743,0.8480471834008797,0.1596093574081358,4.0,15.0,0.0,214.28659339686143,0.9962204564810125,0.0037795435189874604,-1.830666392320724,-0.7975284284682258,-1417.7706768825708
90,-210.44167475270666,0.4068676892810476,0.15245778116360903,3.0,7.0,0.0,210.95355060684565,0.5667129164857365,0.4332870835142635,-1.6909817499976214,-1.3630766869521251,-1439.9059964244605
91,-207.77905785508224,0.9551802818653604,0.1675477323182468,3.0,15.0,0.0,209.9743368421285,0.6750401943700705,0.32495980562992954,-1.5386423375533997,-2.029187300561481,-1419.2079470924875
92,-207.31988422284556,0.9182356838714256,0.15729865094802079,4.0,15.0,0.0,209.60194926102372,0.6279146574990219,0.37208534250097813,-1.8800788807200306,-1.66534731481073,-1416.624432940412
93,-212.26636262206154,0.5174551236328354,0.1596093574081358,2.0,3.0,0.0,212.60541447190528,0.9965990122526224,0.003400987747377626,-1.6446438444931109,-0.7568701887207492,-1424.168819689697
94,-210.27765132173317,0.9715372089314898,0.15245778116360903,3.0,11.0,0.0,212.2860615154992,0.48164586287451905,0.518354137125481,-2.3741177777001417,-1.5521521775330762,-1436.0139198148354
95,-207.34632627816484,0.9969244996927028,0.1675477323182468,3.0,11.0,0.0,208.1621404044191,0.6197246417590047,0.38027535824099534,-1.8577750616223352,-1.721313791169707,-1416.7751189705161
96,-208.7774466280669,0.8977818594770838,0.15729865094802079,3.0,11.0,0.0,210.98655590322505,0.9204672191950691,0.07953278080493087,-1.6771246817617296,-2.0125602279725676,-1418.197343415175
97,-211.63532432055217,1.0,0.1596093574081358,2.0,3.0,0.0,212.14845936412513,0.9958376965220478,0.004162303477952212,-1.6716747430490901,-0.6839883977369097,-1421.213138972838
98,-208.05454622491916,1.0,0.15245778116360903,2.0,3.0,0.0,209.61610978813866,0.3986399694045331,0.6013600305954669,-2.256911128981888,-1.5335436827068643,-1420.8949540985855
99,-208.05333224959688,0.9218576810776219,0.1675477323182468,4.0,27.0,0.0,211.2747723242878,0.4465720666941032,0.5534279333058968,-1.830381390512905,-1.90739458419003,-1421.4916813292348
100,-207.90667513453946,0.9928397313269267,0.15729865094802079,3.0,15.0,0.0,210.5073543677688,0.8610720182380402,0.13892798176195975,-1.8614730339516259,-1.1539292466881554,-1417.3589186644526
101,-211.58820748321472,0.6531600337792416,0.1596093574081358,4.0,15.0,0.0,213.24410171772428,0.9972530440757366,0.002746955924263439,-1.813247394697329,-1.0887397781167252,-1416.9812246690142
102,-207.4662929988761,1.0,0.15245778116360903,3.0,7.0,0.0,208.0940200800881,0.4476659420979437,0.5523340579020564,-1.9958334504034607,-1.5013179370176688,-1418.088380025673
103,-207.63217790913203,1.0,0.1675477323182468,2.0,3.0,0.0,208.09649565819186,0.3962059810128293,0.6037940189871707,-1.651103709277446,-1.7087836645826107,-1419.5165903909876
104,-208.8402433106803,0.8718573470033808,0.15729865094802079,2.0,7.0,0.0,209.2842352119969,0.8991408359141284,0.10085916408587159,-1.9413579470436153,-1.1800481510150274,-1421.5795947064412
105,-210.8751855199535,0.926862304581951,0.1596093574081358,4.0,19.0,0.0,212.23758175555807,0.007990202982064092,0.9920097970179359,-1.962139052998579,-1.7156107488156351,-1417.3916703148661
106,-207.65435028698138,0.9741731953881541,0.15245778116360903,3.0,15.0,0.0,208.41978638797286,0.7043571740967892,0.2956428259032108,-1.9821556488623637,-1.3059574285110263,-1418.7214737439197
107,-209.53964753238049,0.9440121246889419,0.1675477323182468,3.0,11.0,0.0,210.57134803324078,0.10535517736523196,0.8946448226347681,-0.9152570099878597,-1.7010211449430939,-1427.912489958773
108,-210.65193563449398,0.8687048573297448,0.15729865094802079,2.0,3.0,0.0,211.25420990384092,0.7190140183509638,0.2809859816490362,-1.7354618272831652,-1.0701929049541221,-1440.49471148202
109,-210.63449374787027,0.9606888311054905,0.1596093574081358,2.0,3.0,0.0,211.19969821853985,0.009299034979542702,0.9907009650204573,-1.973029059277826,-1.7318076808064555,-1416.682561583493
110,-208.54165250239777,0.66017715810594,0.15245778116360903,4.0,27.0,0.0,209.47406403579154,0.8927799621713055,0.10722003782869449,-1.7022821953098042,-1.5111056631277129,-1419.8733107387693
111,-209.11321752471864,0.6928773052493783,0.1675477323182468,2.0,3.0,0.0,211.1914845537652,0.07543151452455923,0.9245684854754408,-0.9728869989785768,-1.9361696648998503,-1422.0536529689953
112,-212.06307456437264,0.9996330286431828,0.15729865094802079,4.0,27.0,0.0,212.85076839099733,0.002102767131289863,0.9978972328687101,-1.3862071309363244,-1.8274808581089272,-1417.739482908514
113,-210.22559103444684,0.6092488460849432,0.1596093574081358,3.0,7.0,0.0,213.76043028425758,0.0169304415505543,0.9830695584494457,-1.6491720450493554,-1.843392107660905,-1418.6121352741459
114,-208.14141515631326,0.8174369883658249,0.15245778116360903,2.0,3.0,0.0,208.3829759060662,0.8947781230686018,0.10522187693139817,-1.7565537076804087,-1.5113583980608476,-1416.8313173510358
115,-207.96093079946382,0.9998075264317068,0.1675477323182468,4.0,23.0,0.0,209.1385552440385,0.6078264891622673,0.39217351083773266,-1.8608328721437932,-1.8697509253642006,-1420.6294752058056
116,-209.11106564553117,0.9902632478803324,0.15729865094802079,4.0,23.0,0.0,213.7326010012693,0.9287167032987239,0.07128329670127609,-1.7844766814220367,-2.4109806203798065,-1417.9644090256197
117,-209.5041537985193,1.0,0.1596093574081358,3.0,7.0,0.0,210.2745595523205,0.027846767263471097,0.9721532327365289,-1.5236274042884652,-1.7169502231701248,-1417.7214698603045
118,-210.6518260383716,0.1354764768458818,0.15245778116360903,3.0,7.0,0.0,212.37903602600147,0.9458542263666536,0.054145773633346383,-1.602832932768588,-1.554779442455005,-1430.2975809705508
119,-208.5869844836507,0.9069357491668727,0.1675477323182468,3.0,7.0,0.0,209.73736028984487,0.8510205778131232,0.14897942218687676,-1.9476700159556632,-1.4290562370641933,-1421.562611127312
120,-211.530788381214,0.9784137497221632,0.15729865094802079,3.0,7.0,0.0,213.67570711029188,0.8100001121530348,0.1899998878469652,-1.524772100901204,-3.057365531715569,-1438.196610520347
121,-209.24571552015692,0.9757414858839252,0.1596093574081358,4.0,15.0,0.0,209.70533317041222,0.9712184180573292,0.028781581942670775,-1.7532055680144691,-1.3526311937595692,-1416.4737265426775
122,-209.02824351961075,1.0,0.15245778116360903,1.0,1.0,0.0,210.0159311328162,0.946960779587853,0.05303922041214704,-1.7051668175230497,-1.54834441609237,-1418.6726539642125
123,-210.091403027176,0.9907008465705568,0.1675477323182468,5.0,43.0,0.0,211.22614265911787,0.033622364359240535,0.9663776356407595,0.09747291858028082,-1.8988965594151173,-1424.467039480811
124,-209.78215072619255,0.7893266886018675,0.15729865094802079,4.0,31.0,0.0,218.82338072182083,0.06069914690693233,0.9393008530930677,-3.0252593636319416,-1.7363438249282477,-1418.8309685060965
125,-209.9234860863304,0.983906374809177,0.1596093574081358,4.0,19.0,0.0,212.86264324089777,0.9876159098679271,0.012384090132072867,-1.7592059449095805,-0.10798658681937333,-1416.997329269659
126,-209.02824351961075,0.007358027973142246,0.15245778116360903,4.0,19.0,0.0,214.66992626929996,0.946960779587853,0.05303922041214704,-1.7051668175230497,-1.54834441609237,-1418.6726539642125
127,-210.7121735493194,0.9600504676566768,0.1675477323182468,3.0,11.0,0.0,211.07055019555614,0.020838576004777048,0.979161423995223,0.34610819556241185,-1.910323195227654,-1425.4085646317071
128,-211.01094695907346,0.7114110905177625,0.15729865094802079,3.0,11.0,0.0,214.34464800108287,0.014526527878937745,0.9854734721210623,-2.2766264224092563,-1.6560138509867823,-1421.4354599425392
129,-210.0101414513853,0.9551056427196596,0.1596093574081358,4.0,15.0,0.0,210.73884064881554,0.9607990341866365,0.03920096581336352,-1.7619633788057691,0.2642749326606033,-1425.306870921657
130,-208.23982513494155,0.1883163364600501,0.15245778116360903,3.0,7.0,0.0,210.49036294767194,0.9001805005628037,0.09981949943719626,-1.8248050271726237,-1.6137763897465323,-1416.701168345886
131,-209.96329941365457,0.6660583429715218,0.1675477323182468,2.0,3.0,0.0,212.66273880513756,0.03721321644498236,0.9627867835550177,0.27880553720983836,-1.8540950409706045,-1424.3436305557839
132,-212.58606006793426,0.6291077824767951,0.15729865094802079,5.0,31.0,0.0,216.25498558252156,0.025640803586618077,0.974359196413382,-1.401527070011228,-1.5577202512603372,-1439.2147047995995
133,-209.83197303477698,0.2472579773119168,0.1596093574081358,2.0,7.0,0.0,212.69087767810626,0.9566682470614848,0.04333175293851521,-1.779257782452937,0.15789653765910466,-1424.724309681666
134,-209.7482385263565,0.6605944232244202,0.15245778116360903,4.0,23.0,0.0,211.40102125171708,0.9537236351629291,0.04627636483707087,-1.6475726975060314,-2.021371950244185,-1421.4618429862815
135,-210.05835399313307,0.9992687429086383,0.1675477323182468,4.0,15.0,0.0,210.19900142860664,0.014349797388388211,0.9856502026116117,0.4631978356800029,-1.8191575346439095,-1418.5724448253509
136,-210.19588937786548,1.0,0.15729865094802079,2.0,3.0,0.0,212.08152090357274,0.030094195538282433,0.9699058044617176,-1.3824850916118119,-1.6547373681917255,-1423.5552677785013
137,-210.20535364006554,0.7295971331296606,0.1596093574081358,3.0,9.0,0.0,210.78641221376353,0.9686436316822384,0.03135636831776156,-1.693712753713834,-0.05299910069235616,-1425.4306595896983
138,-208.65011544053522,1.0,0.15245778116360903,3.0,7.0,0.0,209.33587320953436,0.9317323369909012,0.06826766300909881,-1.768951355397636,-1.980104376097928,-1416.1854105420796
139,-207.49467646081544,0.7918891648108037,0.1675477323182468,4.0,27.0,0.0,212.98720989776905,0.35084690285847964,0.6491530971415204,-1.444244116878164,-1.8505637123380545,-1418.3443926298416
140,-209.42598035660305,1.0,0.15729865094802079,2.0,3.0,0.0,210.2428374048788,0.02497292024906106,0.9750270797509389,-1.4090315049037734,-1.7434596425205389,-1416.6604088243978
141,-211.21411853791167,0.5773981988214586,0.1596093574081358,2.0,7.0,0.0,212.111051057374,0.9537902720483737,0.046209727951626256,-1.6550948044960816,-0.044121087458649906,-1435.0832678914082
142,-207.64253270249372,0.9901643082813801,0.15245778116360903,4.0,21.0,0.0,209.7042337424264,0.2647035947325154,0.7352964052674846,-1.9045787770275555,-1.6470263198298047,-1417.5638920609226
143,-207.93208012232233,0.9701134070888335,0.1675477323182468,4.0,31.0,0.0,208.36539056111394,0.13786553917603914,0.8621344608239608,-1.7410029945359526,-1.744401614104349,-1416.386907902189
144,-208.01072101309447,0.9977324308110326,0.15729865094802079,3.0,15.0,0.0,211.30637523923147,0.6381202528710843,0.3618797471289157,-1.5044042144514145,-1.958720234702988,-1421.495648376305
145,-209.9493115359631,0.8279644323521559,0.1596093574081358,2.0,5.0,0.0,211.0989376780253,0.9656511036070239,0.034348896392976114,-1.7147646201665918,-0.04881473880201097,-1424.208678527743
146,-207.4743798405609,0.9587078618776634,0.15245778116360903,3.0,15.0,0.0,208.31043844063163,0.29427387275946737,0.7057261272405326,-2.0155057740177975,-1.688470032716714,-1416.3554911601145
147,-208.67030491474497,0.9056431175253632,0.1675477323182468,2.0,3.0,0.0,208.87321991108814,0.13333529218827228,0.8666647078117278,-1.8326755913876043,-1.8690864044858426,-1420.6198725162913
148,-207.46760390553118,0.9967028225882939,0.15729865094802079,3.0,11.0,0.0,208.25973386048784,0.29805903286222213,0.7019409671377779,-1.5804192269120982,-1.775077067211452,-1417.4517395148207
149,-209.9493115359631,0.4718830705250833,0.1596093574081358,1.0,3.0,0.0,211.46991342444522,0.9656511036070239,0.034348896392976114,-1.7147646201665918,-0.04881473880201097,-1424.208678527743
150,-207.56647642497012,0.9800085705539202,0.15245778116360903,3.0,15.0,0.0,207.68588195837822,0.30170268763262187,0.6982973123673781,-1.9003831790149428,-1.633689505015189,-1417.6371913350547
151,-207.93396006839532,0.8504200333729606,0.1675477323182468,4.0,19.0,0.0,211.38947666136582,0.8572469317035962,0.14275306829640377,-1.7521197341950916,-1.5541105365061854,-1417.1097206370316
152,-207.90981387746928,0.7955969372989294,0.15729865094802079,3.0,7.0,0.0,210.4434281655106,0.6417305024725701,0.35826949752742987,-1.4936958462812426,-2.2376735001273067,-1419.785263669751
153,-210.3231914967374,0.7830043200221908,0.1596093574081358,3.0,11.0,0.0,211.2935090308593,0.9911681985278347,0.008831801472165335,-1.8248072478889463,-0.23210134412726435,-1417.2085440572412
154,-208.79331563578353,0.8597205120184925,0.15245778116360903,3.0,15.0,0.0,211.59985771154373,0.2612007798072254,0.7387992201927747,-1.5128096563253361,-1.6631486836711649,-1426.5639826238098
155,-208.4528431512477,0.9287375340315718,0.1675477323182468,2.0,7.0,0.0,209.75618040894406,0.8415947362626908,0.15840526373730923,-1.9645498860304031,-1.3013628890015312,-1421.226872045684
156,-209.10293354802917,0.9869980887280103,0.15729865094802079,3.0,11.0,0.0,209.70653634687346,0.9159857588367688,0.0840142411632312,-1.8070615186168284,-2.306924713987162,-1419.3018590164181
157,-210.3231914967374,0.4327901105278211,0.1596093574081358,1.0,1.0,0.0,211.0494747086959,0.9911681985278347,0.008831801472165335,-1.8248072478889463,-0.23210134412726435,-1417.2085440572412
158,-207.7804078020555,0.9660068188919287,0.15245778116360903,3.0,7.0,0.0,209.7543809153644,0.25086720768654575,0.7491327923134543,-2.143237327931552,-1.699729680352152,-1417.2877671473886
159,-208.66162752590003,0.986320084771967,0.1675477323182468,2.0,3.0,0.0,208.7885800070605,0.8504551271675185,0.14954487283248152,-1.9718901917993348,-1.3023044084040616,-1422.3167705477786
160,-209.12711177065432,0.9907551229417894,0.15729865094802079,3.0,11.0,0.0,210.10800617358075,0.9125055289023147,0.08749447109768527,-1.8271741397171157,-2.1899436021925363,-1420.1140740066198
161,-209.1528370058511,0.7295425359840987,0.1596093574081358,4.0,15.0,0.0,211.35397072003127,0.9663811136500775,0.033618886349922494,-1.8439012889316049,-0.5425301368862523,-1417.914749718023
162,-208.97384494561913,0.8969674820152849,0.15245778116360903,2.0,7.0,0.0,209.76690710569272,0.22173487081968718,0.7782651291803129,-1.673433322398107,-1.6082786156974618,-1426.752067344419
163,-207.9809874587858,0.9929928875553493,0.1675477323182468,2.0,7.0,0.0,209.6586096691179,0.6524015060880567,0.3475984939119433,-1.9955938329033172,-1.2140982512251133,-1421.7205609544371
164,-209.43502648633927,0.8851778496767185,0.15729865094802079,2.0,3.0,0.0,210.5474262668992,0.9012056247884548,0.09879437521154522,-1.843482845349324,-2.2564530922776087,-1422.6870068876688
165,-209.71662574927618,0.9492009237796049,0.1596093574081358,2.0,7.0,0.0,210.22249607630098,0.9797144766306741,0.020285523369325875,-1.7208693691347223,-0.7039932720066031,-1418.6191698420882
166,-208.23544433739508,0.9431781702234889,0.15245778116360903,3.0,15.0,0.0,212.57732567198647,0.62115060288972,0.37884939711028,-1.9712221576889095,-1.7360037160212771,-1422.4879187351733
167,-208.7587142842279,0.9788271974653809,0.1675477323182468,4.0,15.0,0.0,208.86320668140235,0.9490294836620223,0.05097051633797767,-1.7513586694952987,-1.487977196415526,-1416.571470463411
168,-209.5907077973877,0.9849910261970289,0.15729865094802079,5.0,31.0,0.0,212.3366842049692,0.9568147805173428,0.04318521948265719,-1.8829391992525049,-0.11975794687577128,-1422.716649865987
169,-209.25064320178214,0.9598413964578287,0.1596093574081358,4.0,15.0,0.0,211.8686716036128,0.029071796381915333,0.9709282036180846,-0.2660991041229506,-1.8092242331183948,-1417.92136163808
170,-209.1524997295707,0.9742907404340593,0.15245778116360903,3.0,15.0,0.0,209.31025148500248,0.8017915500025876,0.19820844999741238,-1.9761957180000393,-1.6537929382814578,-1426.3347897579215
171,-208.8561362317207,0.9236495505004612,0.1675477323182468,2.0,7.0,0.0,210.28460418319673,0.9165398985182279,0.08346010148177208,-1.6938555514655949,-1.4413653704203993,-1420.6991346176355
172,-208.87773407712658,0.9953778567536635,0.15729865094802079,4.0,31.0,0.0,210.47844088157208,0.9446640450661014,0.055335954933898646,-1.8786419289287113,-0.9572448217568388,-1418.651049001698
173,-210.22825336993623,0.9159208902667394,0.1596093574081358,2.0,7.0,0.0,210.6504954879491,0.07043130057088642,0.9295686994291136,-0.09305251890590559,-1.75443894514535,-1430.7084518708798
174,-208.3017628394742,0.9519010427995369,0.15245778116360903,3.0,15.0,0.0,209.70383077089372,0.12375690490539538,0.8762430950946046,-2.161306660494899,-1.7565027962090252,-1416.854150912337
175,-208.38653981381282,0.9866479211177039,0.1675477323182468,3.0,11.0,0.0,209.352642421435,0.923245275981616,0.07675472401838401,-1.760465427227954,-1.6122490107781862,-1416.2778333411804
176,-208.44536934824433,0.9969498238211177,0.15729865094802079,3.0,15.0,0.0,209.54824795940257,0.896347504956578,0.103652495043422,-1.7285280215477172,-1.3484142579303993,-1419.3259574368399
177,-210.87458042852106,0.9058895070022481,0.1596093574081358,2.0,7.0,0.0,211.50562595091967,0.02524216950770122,0.9747578304922988,-0.006845762261867415,-1.9433668560881052,-1427.8170227822022
178,-208.47999662491452,0.9745699114676419,0.15245778116360903,3.0,7.0,0.0,210.1239479816181,0.0738454430237532,0.9261545569762468,-1.6716019613595583,-1.8030547727363928,-1416.3788806019631
179,-210.01301944953738,0.7576199570880828,0.1675477323182468,4.0,15.0,0.0,212.46368017378413,0.6220325639279289,0.37796743607207106,-1.7213836998881331,-2.3342468411245445,-1433.4547243246566
180,-208.03015433913535,0.9984452903696652,0.15729865094802079,3.0,15.0,0.0,209.24745444377706,0.817615319350921,0.18238468064907898,-1.8370326708424194,-1.814075839883062,-1418.1204276475694
181,-209.73816319287516,1.0,0.1596093574081358,2.0,7.0,0.0,210.8818697492975,0.03366992603599388,0.9663300739640062,-0.21765939083776104,-1.718222349930204,-1422.567960887223
182,-209.20769268576774,0.9483037934998397,0.15245778116360903,3.0,11.0,0.0,210.65615256712462,0.4054269498825577,0.5945730501174423,-1.121109056261163,-1.9886480229880812,-1430.827635927073
183,-208.9011246312997,1.0,0.1675477323182468,2.0,3.0,0.0,209.97397713079704,0.6215762564429792,0.3784237435570208,-1.6813101663570758,-2.270711857776518,-1426.1476636183793
184,-207.54558975426932,0.9893394230269748,0.15729865094802079,4.0,23.0,0.0,208.25253091205178,0.7639962232808091,0.23600377671919093,-1.7123952286999808,-1.8602116367178743,-1416.3205806168753
185,-211.21569356988226,0.7070724510252874,0.1596093574081358,3.0,11.0,0.0,213.51124063019265,0.02392254896219535,0.9760774510378046,-0.982199667814951,-1.616992183183761,-1429.9821842572833
186,-210.01625149534058,0.8939570573134664,0.15245778116360903,3.0,11.0,0.0,210.4962914438138,0.5169018153240662,0.4830981846759338,-1.8433643971608686,-2.0880234671261397,-1434.4581372381383
187,-207.62179392727313,0.9765194040691308,0.1675477323182468,4.0,31.0,0.0,209.88618184315027,0.3347107775497986,0.6652892224502014,-1.3343447085401139,-1.8984094838732402,-1419.1756490768137
188,-207.83889555399873,0.934018624159292,0.15729865094802079,3.0,11.0,0.0,208.6860733550746,0.2963358711122238,0.7036641288877762,-1.730696019408472,-1.6606178661510271,-1419.9033248650342
189,-208.53020119928996,0.9522265599291885,0.1596093574081358,4.0,15.0,0.0,211.5248377949546,0.061080934245255104,0.9389190657547449,-1.0019286665245208,-1.8373184391520303,-1416.947566009651
190,-209.29230290301615,0.9368865185712903,0.15245778116360903,4.0,31.0,0.0,211.69336600054388,0.8620489053775737,0.13795109462242627,-1.8035455197328347,-2.411688397843552,-1423.2005125435503
191,-208.7270899529349,0.9059484482095682,0.1675477323182468,2.0,7.0,0.0,208.93095955383288,0.2147486124369602,0.7852513875630398,-1.2746437092382217,-2.04245095837664,-1424.534639606941
192,-208.40700443485125,0.9989577890711242,0.15729865094802079,3.0,11.0,0.0,208.91159074210015,0.23715556961402323,0.7628444303859767,-2.35193844519411,-1.5147858047535603,-1421.0564427686106
193,-209.58252693300625,0.759098991876166,0.1596093574081358,3.0,9.0,0.0,210.81507455475426,0.08477323582094193,0.9152267641790581,-1.0968780943088459,-1.6726786010684678,-1426.631368684683
194,-209.6943754652789,0.3417233880962101,0.15245778116360903,4.0,15.0,0.0,210.87059466985295,0.9694202452679964,0.030579754732003583,-1.7804487851344453,-2.391432985198598,-1416.5373345030434
195,-208.37198068372484,0.8383271962746414,0.1675477323182468,3.0,15.0,0.0,210.86371530168898,0.32283045312404324,0.6771695468759568,-1.6686538707197451,-1.990378757126848,-1423.0546967235277
196,-208.46623735287218,0.9411181743733306,0.15729865094802079,3.0,7.0,0.0,209.00743502717458,0.2858099453411544,0.7141900546588456,-2.1762344309119888,-1.7604078831323062,-1422.2917802615007
197,-210.60012079712837,0.7827216216598145,0.1596093574081358,1.0,1.0,0.0,210.81978543364664,0.08204631636461218,0.9179536836353879,-1.0401114946586034,-1.6287617384333992,-1433.6852941120712
198,-209.50359775440307,0.6484085147258056,0.15245778116360903,3.0,15.0,0.0,211.32483484752072,0.9226014056780215,0.07739859432197849,-1.8547456169182868,-2.153777512558258,-1421.991806218295
199,-212.28673771577564,0.9434421908824686,0.1675477323182468,5.0,31.0,0.0,215.38327483373098,0.011173326211362907,0.9888266737886371,2.3367069152724698,-1.8723617121950835,-1427.5603903505141
200,-207.45826805021838,0.9158179028956764,0.15729865094802079,2.0,3.0,0.0,209.62152828962152,0.30721231591668285,0.6927876840833171,-1.965101184215199,-1.6361892768360733,-1416.7369362820887
201,-209.544829339594,0.9920879275646349,0.1596093574081358,2.0,7.0,0.0,211.59732613699495,0.12538985235219122,0.8746101476478088,-1.3437095331698918,-1.9970265376913627,-1427.2135006137705
202,-207.71721016593028,0.9941424871046106,0.15245778116360903,4.0,23.0,0.0,210.21150287615197,0.8137367753460856,0.18626322465391443,-1.7336127099871563,-1.9062170551993807,-1416.0940655969619
203,-207.709811325539,0.6609031932882806,0.1675477323182468,5.0,47.0,0.0,215.57039877168887,0.23799837719622596,0.762001622803774,-1.8725537466132236,-1.798546112046024,-1417.19410665261
204,-207.47444358294626,0.9954601338726106,0.15729865094802079,3.0,7.0,0.0,207.56235750147394,0.28641849513700995,0.7135815048629901,-1.9886827916533907,-1.6524848269590064,-1416.442045026041
205,-208.41671205226888,0.9983706193108832,0.1596093574081358,2.0,7.0,0.0,209.73347700749878,0.17177199186740888,0.8282280081325911,-1.4175147663454333,-1.9575733357660445,-1421.1772403736438
206,-208.7943668325983,0.476986975018604,0.15245778116360903,3.0,11.0,0.0,210.2006527128412,0.7880474881460131,0.2119525118539869,-1.5324273831537991,-2.0506696623338536,-1424.2795245995933
207,-207.86089407142833,0.9399946833390624,0.1675477323182468,3.0,7.0,0.0,208.43106531855372,0.2959238480594874,0.7040761519405125,-1.7032640780205972,-1.9111504918083446,-1419.358385775052
208,-207.59451498965703,0.9801831566233333,0.15729865094802079,3.0,15.0,0.0,208.12427449893437,0.588700757259163,0.41129924274083696,-1.6036244657590963,-1.8156118923347166,-1419.1481456646975
209,-208.54171604463932,0.996539739650742,0.1596093574081358,4.0,15.0,0.0,209.30764261146473,0.19472644009666185,0.8052735599033382,-1.0412323859940236,-1.8085147137210242,-1423.996600444845
210,-208.76134488250582,0.7415950424214631,0.15245778116360903,2.0,3.0,0.0,209.90402067595434,0.6481784273498203,0.35182157265017966,-1.8143044674139668,-2.072551394095476,-1425.3098082188121
211,-207.1763924103072,0.957576295029769,0.1675477323182468,4.0,15.0,0.0,208.96635255707702,0.47530649037217926,0.5246935096278207,-1.8428706581111665,-1.7025817873777942,-1416.0952642184434
212,-207.81705708872425,0.9972007168528415,0.15729865094802079,3.0,11.0,0.0,208.17366544700405,0.7412438215034393,0.25875617849656074,-1.8848382540771662,-1.7080805907608405,-1418.5558528154397
213,-207.28781003240346,0.9983998168103781,0.1596093574081358,4.0,15.0,0.0,209.01529973408606,0.5781591784776269,0.4218408215223731,-1.5928020377366365,-1.957590573936167,-1416.6467999739248
214,-207.9775748542745,0.9895856587730237,0.15245778116360903,4.0,15.0,0.0,209.38101402383603,0.3868617644937498,0.6131382355062502,-1.507694748695059,-1.7549270079979984,-1422.0968722215048
215,-207.36545206154156,0.9794126371761657,0.1675477323182468,3.0,15.0,0.0,207.86263431348607,0.422819810949078,0.577180189050922,-1.8334519312895614,-1.7960405535526167,-1416.9990907625797
216,-207.5011009219173,0.9115845186169349,0.15729865094802079,2.0,7.0,0.0,209.11585966378044,0.7454301288273789,0.2545698711726211,-1.7763369112027256,-1.8265249302211974,-1416.281048136197
217,-209.23020277395858,0.6584051730682986,0.1596093574081358,3.0,11.0,0.0,210.9616277766501,0.5606784146063558,0.4393215853936442,-1.9316694834259673,-1.9298632325866099,-1429.1945797738447
218,-208.17988599997238,1.0,0.15245778116360903,3.0,11.0,0.0,208.83113024266166,0.10789206748687089,0.8921079325131291,-1.64488573265598,-1.8225155829632254,-1416.6817743521547
219,-209.65921223946225,0.7509083411666891,0.1675477323182468,2.0,7.0,0.0,210.5478073897551,0.5667131388571097,0.4332868611428903,-1.6581455370410285,-1.4714083211675322,-1434.330753348105
220,-208.39492105630532,0.7711775954331243,0.15729865094802079,2.0,3.0,0.0,210.26351610163152,0.7121037197931193,0.28789628020688074,-1.6233222824132323,-1.6960966698437605,-1423.8351145072152
221,-210.0957992188355,1.0,0.1596093574081358,4.0,21.0,0.0,210.66924771450996,0.02521126266792081,0.9747887373320792,0.3417260957721248,-1.8674707884168777,-1422.5780951790903
222,-207.33388807989755,0.9763795937707678,0.15245778116360903,3.0,13.0,0.0,208.64355990642156,0.45612626070595774,0.5438737392940423,-1.600612422868718,-1.8124064280984875,-1417.533671547597
223,-208.51544897159312,1.0,0.1675477323182468,2.0,3.0,0.0,209.7831059186285,0.6810960955909798,0.31890390440902017,-2.029230817997039,-1.6024894873106543,-1424.0531812620131
224,-209.3116941095201,0.9142156288564216,0.15729865094802079,3.0,9.0,0.0,211.14278684839846,0.6058707162775971,0.39412928372240286,-1.814674023574378,-2.1127676287674118,-1429.2831305195366
225,-213.77232055526233,0.9116044692395765,0.1596093574081358,4.0,15.0,0.0,214.5863172727574,0.0003709217525303977,0.9996290782474696,1.5020962204572892,-1.714150134163591,-1417.6309846549032
226,-207.90938198240212,0.9791357140575413,0.15245778116360903,4.0,23.0,0.0,208.381450407056,0.7299101852222264,0.2700898147777736,-1.727079508026384,-2.1276193158668986,-1418.485797613377
227,-207.45480056649586,1.0,0.1675477323182468,2.0,7.0,0.0,208.47646023825286,0.5147599985078408,0.4852400014921592,-1.88438413476482,-1.5151760120260394,-1418.4163756077787
228,-209.37096902766882,0.8727916126789886,0.15729865094802079,3.0,7.0,0.0,212.9444375246565,0.11594960410836685,0.8840503958916331,-0.9716821337425798,-2.0034971992410404,-1426.2674237854285
229,-214.37919498697838,0.8720645144357771,0.1596093574081358,4.0,23.0,0.0,217.61221456592705,0.02556851054196609,0.9744314894580339,3.22408393319521,-1.8720902959964865,-1443.3718062913672
230,-207.88579139778432,0.9979125786598726,0.15245778116360903,2.0,7.0,0.0,209.45873106609278,0.8160377329736647,0.18396226702633534,-1.6576162875654863,-2.0818130839867495,-1416.810085991488
231,-207.27649907015987,0.98172923405967,0.1675477323182468,2.0,3.0,0.0,207.68362149994343,0.5912911280500789,0.4087088719499211,-1.9428583923347869,-1.5592209976754177,-1416.6463658729147
232,-212.72324841575104,0.7812731038102617,0.15729865094802079,3.0,7.0,0.0,213.06093275192327,0.2120736988668213,0.7879263011331787,-0.7568981623032556,-1.6908338234440954,-1454.1177125751553
233,-212.99430515708795,0.875363353452284,0.1596093574081358,3.0,11.0,0.0,216.34597596641257,0.00811569695057037,0.9918843030494296,3.565373213133044,-1.8103803459492427,-1424.1962954792004
234,-207.26677996540766,0.9785474809198319,0.15245778116360903,4.0,15.0,0.0,208.12583576699973,0.5187004784807496,0.4812995215192504,-1.6342197931890796,-1.9588601623512072,-1416.5430490475255
235,-209.645139811002,0.9714664864499659,0.1675477323182468,4.0,15.0,0.0,210.40969837863636,0.898659872579811,0.10134012742018905,-1.557204474528966,-2.407944958809832,-1424.5251045488228
236,-211.60028031193642,0.9689699118482098,0.15729865094802079,4.0,23.0,0.0,216.1573505894094,0.005972828115910944,0.9940271718840891,-2.880750462080649,-1.7319237074691909,-1416.5144482022415
237,-213.70249283773606,0.840314788881588,0.1596093574081358,2.0,7.0,0.0,215.1092107399504,0.0037962040992685357,0.9962037959007315,3.8586417506139403,-1.836672934605052,-1421.9070278401741
238,-207.24350732760183,0.9775478203255628,0.15245778116360903,4.0,23.0,0.0,208.1124190386247,0.44884345624833266,0.5511565437516673,-1.7467231523468634,-1.7204014818395568,-1416.7483964788116
239,-210.1495212056956,0.9999923035456136,0.1675477323182468,2.0,7.0,0.0,210.38442850492314,0.900714463558148,0.09928553644185201,-1.821226623426549,-2.6897894116424648,-1425.8727310459362
240,-213.29442756189735,0.8635991051408872,0.15729865094802079,3.0,7.0,0.0,214.09080220146177,0.0010719477632621485,0.9989280522367379,-2.6896134963818272,-1.812374963705752,-1417.0585524589412
241,-214.00215980165603,1.0,0.1596093574081358,2.0,3.0,0.0,214.08429178483112,0.0027466660571446484,0.9972533339428553,4.027181118840178,-1.7014491324491678,-1421.0143867945346
242,-207.29526111350648,0.9942493574744299,0.15245778116360903,2.0,7.0,0.0,207.3518012439659,0.4967792655819783,0.5032207344180217,-1.8703602614398016,-1.7400507930960043,-1416.7334431220886
243,-209.80808253252602,1.0,0.1675477323182468,2.0,3.0,0.0,210.53201878415024,0.8921646595278864,0.10783534047211363,-1.5432832872755355,-2.722711593259791,-1424.6724964474863
244,-215.6351980589826,0.6366641129001073,0.15729865094802079,2.0,3.0,0.0,215.96145368983284,0.001287271172726389,0.9987127288272736,-2.6731279688920453,-1.957873425889461,-1434.0936467212734
245,-213.50092478852204,1.0,0.1596093574081358,4.0,15.0,0.0,214.01665251728824,0.01431347299087156,0.9856865270091284,3.682631454453679,-1.824035037953427,-1430.7953661953313
246,-208.29755924924672,0.9191275575342898,0.15245778116360903,2.0,3.0,0.0,208.42583340468363,0.5703309947794786,0.4296690052205214,-1.5834804751124296,-1.7133781896659048,-1424.4544076979166
247,-210.21728886705253,0.8223581861622979,0.1675477323182468,2.0,3.0,0.0,212.06172331438574,0.871537722061745,0.12846227793825504,-1.4994744127717092,-2.766649729453966,-1428.4535120635594
248,-211.89580599758318,0.9366295279284239,0.15729865094802079,2.0,7.0,0.0,216.6915379870646,0.0038075645263532507,0.9961924354736468,-2.5290927893987925,-1.7194486380145435,-1417.140666831069
249,-214.12349526916174,0.8988235689485442,0.1596093574081358,3.0,15.0,0.0,214.95514606101435,0.005067381767409127,0.9949326182325908,3.790294846154076,-1.6515542132199703,-1427.810484454448
250,-208.08032203096076,0.9531575773381913,0.15245778116360903,4.0,23.0,0.0,209.5524373606273,0.10500061265300757,0.8949993873469925,-1.132997672362624,-1.8200076685279905,-1417.0644248421852
251,-210.86424241769205,0.9537194187920527,0.1675477323182468,2.0,3.0,0.0,211.189429817207,0.8295307421377748,0.17046925786222522,-1.7460484195556312,-2.867714457687768,-1433.3529211556902
252,-212.1341173923339,0.8854153008854624,0.15729865094802079,2.0,3.0,0.0,212.47123625723412,0.004949970827527595,0.9950500291724724,-2.4901225567912384,-1.858157440544129,-1420.331878534443
253,-212.98493215673236,0.9992773612276014,0.1596093574081358,4.0,23.0,0.0,215.16818096850045,0.015853533919663293,0.9841464660803367,2.727812013971945,-1.6713231670595778,-1433.6721681530637
254,-207.59979552409783,0.9757770892320293,0.15245778116360903,3.0,7.0,0.0,208.7164309065368,0.34033133527068654,0.6596686647293135,-1.4345247739672353,-1.8313546673874395,-1419.0565552755081
255,-210.4265846374261,0.9424914339096885,0.1675477323182468,2.0,3.0,0.0,212.63546000558551,0.8269255898742572,0.17307441012574276,-1.5681465210812016,-2.965519698622139,-1430.4292033439572
256,-208.25148179919717,0.9971553744338725,0.15729865094802079,4.0,15.0,0.0,212.4080544369654,0.8997515377534221,0.10024846224657791,-1.7629734398557135,-1.2612291031744847,-1417.8747605744188
257,-212.36419161528917,0.9096937037161167,0.1596093574081358,4.0,15.0,0.0,214.02336556614293,0.005157422166613486,0.9948425778333865,1.3872499071897233,-1.6399153810892295,-1426.554938780142
258,-207.49731926030182,0.8206270546592382,0.15245778116360903,2.0,7.0,0.0,209.73998905478985,0.25952545206669586,0.7404745479333041,-1.7393952464336602,-1.8175861003015716,-1416.4822988016012
259,-210.63001186441167,0.9928290341222298,0.1675477323182468,2.0,3.0,0.0,210.74380812757616,0.8283845789999841,0.17161542100001592,-1.5728766392124685,-3.0040017965575148,-1431.5769428844994
260,-208.42590900076374,0.9646035509236349,0.15729865094802079,3.0,7.0,0.0,208.71205654278896,0.9129741365483041,0.08702586345169594,-1.7437013828230392,-1.3121122951096034,-1418.1486520556866
261,-211.37735762654393,0.9203352382686049,0.1596093574081358,2.0,3.0,0.0,212.91447963626337,0.003470457975627675,0.9965295420243723,1.3760400227102971,-1.7692778046746027,-1416.6592637310048
262,-207.57518753908656,0.9870114021130795,0.15245778116360903,4.0,23.0,0.0,208.19484405085046,0.21924123412676955,0.7807587658732305,-1.8595903922607848,-1.7394759658745904,-1416.0873054805254
263,-211.71229679227122,0.7246682052005097,0.1675477323182468,2.0,3.0,0.0,213.49521434885173,0.8353046017699917,0.16469539823000834,-1.55768431978422,-3.1752116815614397,-1437.9538217584834
264,-208.1004522062833,0.9601458262116941,0.15729865094802079,2.0,7.0,0.0,209.36619594775453,0.8175814084105798,0.1824185915894202,-1.7728619076796799,-1.2738029179551118,-1420.247571936141
265,-209.18807324504073,0.9983282313742855,0.1596093574081358,4.0,23.0,0.0,211.7614502355481,0.027671596807454207,0.9723284031925458,-0.781767345750011,-1.7682630129768535,-1416.8180720385167
266,-210.34881928944628,0.9280279682157803,0.15245778116360903,4.0,31.0,0.0,211.00068766530643,0.9868847061233251,0.013115293876674872,-1.8339662748938157,-1.5700241200883454,-1417.976270859495
267,-210.75289880084557,0.9574806011644474,0.1675477323182468,2.0,3.0,0.0,212.37778301764243,0.8870445901065049,0.11295540989349506,-1.6170576283247005,-3.2273518825572123,-1428.6857246007394
268,-208.55141711360326,0.9973587518339261,0.15729865094802079,3.0,7.0,0.0,208.62078098850503,0.9164363091846817,0.08356369081531834,-1.8906730637620377,-1.1677981142183842,-1418.6091499388417
269,-207.85493359883927,0.9743728517813681,0.1596093574081358,3.0,15.0,0.0,209.67371885407542,0.20824584110345862,0.7917541588965413,-1.1523233785653906,-1.8754012577651056,-1419.1760162924988
270,-210.7148496410834,0.22226203370145323,0.15245778116360903,3.0,7.0,0.0,211.64057749506642,0.9907343305856705,0.009265669414329492,-1.8385308599998722,-1.5038960549438778,-1418.2924682250512
271,-209.6678649279945,0.8379277036268189,0.1675477323182468,3.0,7.0,0.0,212.202628657287,0.9553521105601827,0.044647889439817345,-1.6590402749718294,-2.4916118566466454,-1418.8057774557672
272,-209.804688451347,0.9987836596879269,0.15729865094802079,4.0,31.0,0.0,211.75338017770875,0.9866044737585147,0.013395526241485323,-1.7962690673058022,-0.3659493246883616,-1416.4925903931537
273,-208.19554492831102,0.8507699380057859,0.1596093574081358,1.0,3.0,0.0,208.86111030383796,0.15076829742598208,0.8492317025740179,-1.2787409960561962,-1.9345072750969885,-1419.3221333527279
274,-210.7148496410834,0.20323499757693275,0.15245778116360903,3.0,7.0,0.0,211.63233706868112,0.9907343305856705,0.009265669414329492,-1.8385308599998722,-1.5038960549438778,-1418.2924682250512
275,-210.3047944149824,0.997230431429546,0.1675477323182468,4.0,31.0,0.0,212.32441699537,0.9442934683935426,0.05570653160645744,-1.705687976085551,-3.3144956522458746,-1420.3927533878978
276,-209.74461975738723,0.9996291067962245,0.15729865094802079,3.0,7.0,0.0,209.84842515520177,0.9858079122849912,0.014192087715008794,-1.7884438117808685,-0.33635732211950337,-1416.5132560830457
277,-212.03137916479557,0.9395918534818134,0.1596093574081358,4.0,15.0,0.0,212.31128429248918,0.009921811788855935,0.990078188211144,-0.9275066582877917,-1.938205524348876,-1428.7398276814458
278,-210.59768329485144,0.6634322028813635,0.15245778116360903,3.0,7.0,0.0,211.77519844712495,0.9832524363475169,0.01674756365248309,-1.661672895671048,-1.4228169578126633,-1422.2591194647102
279,-210.3047944149824,0.3295177028459488,0.1675477323182468,2.0,3.0,0.0,215.3185145022701,0.9442934683935426,0.05570653160645744,-1.705687976085551,-3.3144956522458746,-1420.3927533878978
280,-209.20813324882366,0.9154008591927129,0.15729865094802079,2.0,7.0,0.0,210.40920241132864,0.9702352642392787,0.02976473576072125,-1.7748898982956598,-0.41176820826820903,-1417.8064936624455
281,-208.3408539543982,0.8710187215236495,0.1596093574081358,4.0,23.0,0.0,213.0350837508622,0.8459352358188443,0.15406476418115567,-1.73432025075724,-2.3096647310101583,-1417.8883147887018
282,-209.3204926694048,0.8863618526106716,0.15245778116360903,4.0,19.0,0.0,210.9522627360708,0.13230655973170755,0.8676934402682924,-2.748167062955562,-1.5708248963184028,-1422.3306651387372
283,-212.9715257444103,0.9125859707635792,0.1675477323182468,4.0,15.0,0.0,213.33752806914643,0.9970817314695554,0.0029182685304446343,-1.7983966860330156,-3.6175619860481527,-1416.7233785653711
284,-208.91059638219835,0.960578031947435,0.15729865094802079,3.0,15.0,0.0,209.8255961249407,0.9393604539231135,0.060639546076886486,-1.8902258661168476,-0.6932446506134642,-1419.8099320198987
285,-208.14289388165338,0.8063395998262963,0.1596093574081358,3.0,15.0,0.0,210.79921029941167,0.3310381053402158,0.6689618946597842,-1.1662038882279078,-1.9799443590894736,-1422.8270869209387
286,-210.8781820383025,0.9422889767273357,0.15245778116360903,3.0,11.0,0.0,212.4474434163214,0.028334058151231894,0.9716659418487681,-3.1233006651821644,-1.6355244134566953,-1421.1463415205303
287,-208.0429165897448,0.9897431968673397,0.1675477323182468,4.0,31.0,0.0,213.2991372221312,0.5749525024819475,0.4250474975180525,-1.480872122830304,-2.2418823336411347,-1421.1429729970987
288,-208.9845066074318,0.9909640674863247,0.15729865094802079,4.0,15.0,0.0,212.7385933276251,0.9544239728567278,0.045576027143272246,-1.8451055407717751,-0.46050384833127456,-1418.8351545321884
289,-210.35163408714146,0.9998602733258589,0.1596093574081358,3.0,15.0,0.0,210.65946787337433,0.008483018734594894,0.9915169812654051,-0.4140763566904285,-1.8209112847592563,-1417.03984770057
290,-209.38865667904932,0.9730099382583259,0.15245778116360903,3.0,15.0,0.0,211.2895309149202,0.08257432566390929,0.9174256743360907,-2.4166853329461064,-1.8151761957614707,-1420.6939368529488
291,-208.05616554666716,0.9583546535032507,0.1675477323182468,4.0,31.0,0.0,209.0364331761855,0.12039371733987629,0.8796062826601238,-1.838561661230574,-1.7469141847310756,-1416.1374575102814
292,-211.78307937302736,0.9379214269089472,0.15729865094802079,2.0,3.0,0.0,212.39333018795645,0.8310398574735092,0.16896014252649083,-1.9326947079938908,-0.2921870249970252,-1446.0855447934464
293,-210.40689070877366,0.9418187693379508,0.1596093574081358,2.0,3.0,0.0,210.87304971678364,0.00788735270499742,0.9921126472950026,-0.4485189224763505,-1.8171731258991064,-1416.9088601185135
294,-211.74836629361812,0.9816489056785985,0.15245778116360903,3.0,15.0,0.0,213.37597625470045,0.005185726468029342,0.9948142735319706,-2.716096424052367,-1.810281103862281,-1417.1227803000818
295,-208.96523090257742,0.9452251032104569,0.1675477323182468,3.0,15.0,0.0,210.35695509562555,0.3001224043406995,0.6998775956593005,-1.036232960637193,-1.9062213558243655,-1428.6369675351393
296,-211.1270659158152,1.0,0.15729865094802079,3.0,7.0,0.0,212.34936815027223,0.8432573231513847,0.15674267684861531,-1.856976581634326,-0.3493745385798363,-1441.3523905766015
297,-210.1767150275843,0.9342282464282238,0.1596093574081358,2.0,7.0,0.0,211.91504444849284,0.011483114386897142,0.9885168856131028,-0.2692467603974099,-1.722267090020529,-1418.2896111280902
298,-211.00598581872578,0.9351096706826854,0.15245778116360903,4.0,15.0,0.0,216.1902191871445,0.16888525189152062,0.8311147481084794,-1.0815634119063642,-1.639553039349806,-1440.68298441203
299,-207.8412020549915,1.0,0.1675477323182468,4.0,15.0,0.0,209.2631769820458,0.34512827093318804,0.654871729066812,-1.4079316776735606,-1.8142540793559974,-1420.8895018107341
300,-209.8719651496117,1.0,0.15729865094802079,2.0,3.0,0.0,211.41114342314594,0.9333972988537916,0.06660270114620837,-1.9626692215010286,-0.4781766817385517,-1427.0313037406572
301,-209.97645479577798,0.9979329964910543,0.1596093574081358,2.0,3.0,0.0,210.26043036842526,0.011096273829447601,0.9889037261705524,-0.2011222760918514,-1.793345618336657,-1416.4841492880314
302,-209.8015820596286,1.0,0.15245778116360903,2.0,3.0,0.0,211.1059688501724,0.13032894760989536,0.8696710523901047,-1.1252189509189283,-1.6683221625016007,-1430.7209489869424
303,-207.84187315051838,0.8591009872051896,0.1675477323182468,4.0,31.0,0.0,210.31141632370554,0.7524247838814296,0.24757521611857036,-1.6061768030231993,-2.2537018468442347,-1417.4990562427095
304,-208.89569981779667,0.9564435759902676,0.15729865094802079,2.0,3.0,0.0,210.1752494240828,0.9173840031818613,0.08261599681813869,-1.8436985893729503,-0.5057745580870193,-1422.0238681003477
305,-208.64998800501863,0.9697698396683604,0.1596093574081358,4.0,15.0,0.0,210.44005649234688,0.08289861140977253,0.9171013885902275,-0.6921690194206311,-1.8809808465026756,-1420.0353031952386
306,-209.52217894516673,0.9530756295834889,0.15245778116360903,2.0,7.0,0.0,212.43542418197188,0.15254661953775983,0.8474533804622402,-0.7066262088146005,-1.7977790280675088,-1429.9741316530017
307,-207.69789615965934,0.9997272162675862,0.1675477323182468,3.0,7.0,0.0,207.91401752900674,0.74881603903424,0.25118396096576,-1.6537439692500429,-2.166073693398421,-1416.771776043888
308,-207.24279760263732,0.994528052114824,0.15729865094802079,4.0,31.0,0.0,208.98149368797726,0.5388901606263935,0.4611098393736065,-1.7998798357471708,-1.788394355927079,-1416.4054811339192
309,-208.31335527396354,0.9982446920971838,0.1596093574081358,3.0,7.0,0.0,208.71000261482558,0.0935268696821261,0.9064731303178739,-0.9668990454844156,-1.874910038899466,-1418.088813601713
310,-210.1571605717362,0.9811435940779976,0.15245778116360903,4.0,15.0,0.0,211.47706023344386,0.025406760665247753,0.9745932393347523,-0.5195302769837425,-1.9108239318980935,-1422.7802732049217
311,-209.02086528847067,0.9922780024492737,0.1675477323182468,4.0,31.0,0.0,209.56500220847695,0.552137490712809,0.44786250928719096,-2.2579079873017434,-1.3894372658849987,-1428.1442282260073
312,-207.80258431883195,0.9735821748095858,0.15729865094802079,4.0,15.0,0.0,208.91344810535492,0.7834314905237537,0.21656850947624628,-1.7174109828678232,-2.109383694532154,-1416.8067833458715
313,-208.30749737622335,0.5863780650494351,0.1596093574081358,2.0,3.0,0.0,212.42760739469006,0.0871576675129166,0.9128423324870834,-1.1965376011128313,-1.771434681068101,-1417.5063251495426
314,-209.54988225855163,0.9957389851881425,0.15245778116360903,3.0,15.0,0.0,211.2182828315135,0.01995426040859188,0.9800457395914082,-0.8622198830495713,-1.8211343349481897,-1416.8353133071405
315,-208.3183919177737,0.9177266939451577,0.1675477323182468,2.0,3.0,0.0,209.6170485703382,0.4231699490498225,0.5768300509501775,-2.2671915990556557,-1.4068098810881617,-1423.123957527253
316,-208.78009253950052,0.9732214754541517,0.15729865094802079,4.0,31.0,0.0,209.17096722522896,0.06073512634285483,0.9392648736571452,-1.1480643017701897,-1.8723030497332724,-1418.2537240142417
317,-207.61026230656222,0.9576648962734319,0.1596093574081358,4.0,15.0,0.0,209.0199148314782,0.776158026976716,0.223841973023284,-1.9121155719203842,-1.3140638688692043,-1417.3828223007629
318,-209.06452509266924,0.999934799215107,0.15245778116360903,3.0,7.0,0.0,209.69866265952885,0.03278362659321906,0.9672163734067809,-0.5314913327456319,-1.7920418587592093,-1417.3099409346262
319,-208.51828034995773,0.9921278942962414,0.1675477323182468,4.0,15.0,0.0,208.97495699355667,0.0792404602981621,0.9207595397018379,-2.0261584740325795,-1.753916031305572,-1416.1089203081874
320,-208.1121271226643,0.9877606915680076,0.15729865094802079,4.0,23.0,0.0,208.94084482834933,0.8592619210546995,0.14073807894530055,-1.6865519547788579,-1.9079041514366142,-1417.3955461276428
321,-207.90334989810688,0.5970487800693862,0.1596093574081358,3.0,9.0,0.0,210.83716380518993,0.19736423468856218,0.8026357653114378,-2.23426629026571,-1.6567513516279722,-1416.7370538064724
322,-209.27879933523488,0.9996416818643249,0.15245778116360903,3.0,7.0,0.0,209.33806148841217,0.0469858785688852,0.9530141214311147,-0.15293961988549118,-1.8157094191221523,-1421.3241263955565
323,-208.63319633186492,0.9905130529843841,0.1675477323182468,3.0,15.0,0.0,209.58808774386108,0.06837571451118482,0.9316242854888152,-1.911753672968144,-1.7301441619628173,-1416.4256041859835
324,-208.12279681156812,0.9969878923373356,0.15729865094802079,3.0,7.0,0.0,208.24759806735324,0.8630385892121972,0.13696141078780277,-1.796345483891867,-1.906890220945329,-1416.9847936805083
325,-208.41363266852446,0.9933267688327125,0.1596093574081358,3.0,7.0,0.0,208.4862198888416,0.10082619769262144,0.8991738023073785,-2.1891506545441928,-1.7427675557157538,-1416.3267285244513
326,-210.30331752914958,0.9496071409865289,0.15245778116360903,2.0,3.0,0.0,210.68498890504367,0.0754208346560685,0.9245791653439315,0.002695844535393975,-1.889406942879858,-1431.2454194656254
327,-207.62808086507098,0.9874468435362572,0.1675477323182468,3.0,7.0,0.0,208.89158987906427,0.2107055290552401,0.7892944709447599,-1.7152656874514158,-1.81797272091302,-1416.4578510847468
328,-207.8402775381182,0.9772414596659187,0.15729865094802079,3.0,7.0,0.0,208.39496099082115,0.7832013875362733,0.21679861246372667,-1.6734928619424128,-1.8126480284950643,-1418.2059664340413
329,-208.24113047460733,0.8523701238935104,0.1596093574081358,3.0,11.0,0.0,211.04277212569457,0.8518143218858648,0.1481856781141352,-1.7248134471446268,-1.4407746410475817,-1419.82073107611
330,-207.75429523485226,0.9754242690154389,0.15245778116360903,4.0,31.0,0.0,212.55094179943404,0.6788874875281652,0.3211125124718348,-1.8638751394611601,-1.7980403482850602,-1418.8022258646006
331,-207.2965657192373,0.9948406096108791,0.1675477323182468,3.0,15.0,0.0,207.93600430845228,0.40208025561182753,0.5979197443881725,-1.5994624921080236,-1.8102817881577618,-1417.068926075154
332,-209.4498747203735,0.9546797759880478,0.15729865094802079,3.0,11.0,0.0,209.7394167189382,0.10093972170109132,0.8990602782989087,-1.4616446073543352,-1.6460206172629648,-1426.0681825403492
333,-208.63131748898638,0.9997722038639225,0.1596093574081358,2.0,7.0,0.0,208.81806465703806,0.9133253115597852,0.08667468844021475,-1.8747923658080352,-1.480969266415485,-1418.7254614043643
334,-207.42885751690508,0.7145326195578414,0.15245778116360903,3.0,15.0,0.0,209.06510245509412,0.6756142292648994,0.32438577073510055,-1.7191366877106844,-1.7218220108030409,-1417.270297902295
335,-207.98810664828596,0.9784753713488894,0.1675477323182468,4.0,23.0,0.0,208.9718534558073,0.6708245147938108,0.3291754852061892,-1.8261314625965581,-1.3422617250468727,-1421.8622414628949
336,-209.38283778659908,0.872243359352241,0.15729865094802079,3.0,15.0,0.0,211.5522444365381,0.9097440573120898,0.09025594268791015,-1.8615714813789388,-2.0795928840687714,-1422.3715418018305
337,-207.90342486187913,1.0,0.1596093574081358,1.0,3.0,0.0,208.7717065450302,0.8720727885315106,0.1279272114684894,-1.8221250678725143,-1.484108029263321,-1416.2273593025818
338,-207.48430636353578,0.9913660638556836,0.15245778116360903,4.0,23.0,0.0,209.08319653139938,0.7533401614473179,0.24665983855268214,-1.8590474332853477,-1.3915050667682352,-1416.9690507640937
339,-207.28123793076173,0.8965595378092881,0.1675477323182468,5.0,31.0,0.0,211.03694142875216,0.5173011568449095,0.4826988431550905,-1.690731577374011,-1.7577305406338637,-1417.1275275690327
340,-207.58648397360946,1.0,0.15729865094802079,3.0,15.0,0.0,210.8585972084827,0.5998412144875106,0.4001587855124894,-1.6122479459357595,-1.8126462107343058,-1419.017830088209
341,-208.67677504728093,0.7909918917395538,0.1596093574081358,2.0,3.0,0.0,208.83733125077194,0.8755989027092073,0.12440109729079274,-1.9130035131132765,-1.5435572566415348,-1420.955756360401
342,-208.87967616276984,0.46952271735755285,0.15245778116360903,3.0,11.0,0.0,211.09968759059242,0.877694335216555,0.12230566478344496,-1.7161300498443472,-1.1466252563828263,-1423.795473838628
343,-208.4686023709669,0.9634550726726285,0.1675477323182468,3.0,15.0,0.0,208.84148872368834,0.8884817217177534,0.11151827828224659,-1.6709333605392807,-1.9323974708150713,-1418.4455294822567
344,-207.3068965419922,0.9852758090605861,0.15729865094802079,3.0,11.0,0.0,211.01951028506852,0.5934018591087867,0.40659814089121327,-1.9648621789256127,-1.505173598144607,-1416.9139570018726
345,-208.57774459443408,0.9929186336447976,0.1596093574081358,2.0,7.0,0.0,210.2136958831427,0.9087458609065211,0.0912541390934789,-1.6996229045415014,-1.6600647583369637,-1418.7312281826757
346,-209.01106112838846,0.9190598929623054,0.15245778116360903,1.0,1.0,0.0,209.69204584431338,0.8829539402512041,0.1170460597487959,-1.7061215479900818,-1.1465326194526204,-1424.4704429162466
347,-208.53069903753638,0.9175880304781384,0.1675477323182468,2.0,3.0,0.0,209.39685330944192,0.8684888139269908,0.13151118607300916,-1.6521000120572167,-1.85105236950538,-1420.1761592644916
348,-207.46040326155475,0.9663504148276244,0.15729865094802079,3.0,15.0,0.0,207.97808924915972,0.7289464666449441,0.2710535333550559,-1.9143691287428994,-1.388672553804626,-1417.0545469299198
349,-207.93972970263283,0.8674965894464566,0.1596093574081358,3.0,9.0,0.0,210.8299270319525,0.7269695922634526,0.2730304077365474,-1.5747402476381942,-2.2989920919865177,-1418.5216420334252
350,-209.60790777065392,0.8396420057152117,0.15245778116360903,3.0,15.0,0.0,210.66048372323988,0.8992081115963657,0.10079188840363429,-1.9702976761962605,-1.3810363439562554,-1426.3361249617558
351,-209.45717265700947,0.7888215534839175,0.1675477323182468,2.0,3.0,0.0,211.14653595775766,0.8238924750077862,0.17610752499221383,-1.5905637197766884,-1.6938380490613685,-1428.8824723238113
352,-207.5142969636677,0.9695757260837586,0.15729865094802079,3.0,15.0,0.0,209.37318009236856,0.48842967804860016,0.5115703219513998,-2.0878256532392165,-1.4907784360710308,-1418.1952291819732
353,-207.84636145454368,0.8227099663082593,0.1596093574081358,3.0,15.0,0.0,208.69200087679886,0.6504281349146798,0.34957186508532023,-1.5841994912453052,-1.847214186452943,-1420.40686728649
354,-207.7027252133431,0.9816050146584756,0.15245778116360903,4.0,23.0,0.0,210.01308670250967,0.21249272181092643,0.7875072781890735,-1.8334013634244477,-1.7970466812360517,-1416.7194936955384
355,-208.61471941217496,0.9935026506004021,0.1675477323182468,3.0,11.0,0.0,211.1638982159916,0.7705034958784712,0.22949650412152878,-1.5604837425041203,-2.518215068245458,-1421.51294689041
356,-207.74186381503165,0.9512923006545273,0.15729865094802079,4.0,15.0,0.0,208.22158611774506,0.18931938736554837,0.8106806126344517,-1.9586056725556018,-1.7030228330277672,-1416.2667399054712
357,-208.1954943894081,0.9370178138844937,0.1596093574081358,2.0,7.0,0.0,208.63661024541634,0.4627389783688023,0.5372610216311977,-1.8629361540674654,-1.8979398780016898,-1422.4418078090475
358,-208.03436514989738,0.9632343534839383,0.15245778116360903,3.0,15.0,0.0,209.74559135170261,0.27686122085365644,0.7231387791463435,-1.1339374842007246,-1.9667264556112638,-1421.4899265098707
359,-207.63341780479126,0.9200824274086212,0.1675477323182468,3.0,7.0,0.0,210.46067780813348,0.7475080786942244,0.2524919213057756,-1.672902339954499,-2.107937125218287,-1416.5096956954576
360,-207.3607100054976,0.999184933994482,0.15729865094802079,5.0,31.0,0.0,208.08722475480877,0.565563763201682,0.434436236798318,-1.9725857604299768,-1.4553564407686315,-1417.512325902037
361,-208.45393527769764,0.9791678003556655,0.1596093574081358,3.0,11.0,0.0,209.33881034059522,0.0905092245693704,0.9094907754306296,-1.0774046199413734,-1.8950559221317167,-1418.5956662983597
362,-207.33538787678694,0.9999848848422923,0.15245778116360903,3.0,7.0,0.0,208.18284786013476,0.5001247263513227,0.49987527364867734,-1.5142875254639603,-1.951267977873899,-1417.3783307721842
363,-208.82600502955367,0.9884084506930567,0.1675477323182468,3.0,15.0,0.0,210.324000871533,0.8957715110721577,0.10422848892784231,-1.6413180522393969,-2.5918843308242905,-1418.01220296892
364,-207.49700507938599,0.9737966796458487,0.15729865094802079,2.0,3.0,0.0,207.6784722510899,0.6237793149800929,0.37622068501990713,-2.0094635594153223,-1.4400848036503962,-1418.0481363270972
365,-211.81529544236975,0.6284660661134899,0.1596093574081358,5.0,35.0,0.0,214.03532380896556,0.9977351959029005,0.0022648040970995043,-1.7059836854880108,0.5129806707916709,-1418.3422430338035
366,-208.48309874793316,0.8177667625670159,0.15245778116360903,4.0,21.0,0.0,209.1534445658348,0.876297925491419,0.12370207450858095,-1.6826429109644474,-2.469965184582557,-1417.0891665998147
367,-210.54097165305498,0.850848507160341,0.1675477323182468,4.0,23.0,0.0,212.187597463662,0.5231522656873875,0.4768477343126125,-2.3284410002561478,-1.5694419923025689,-1437.966228081819
368,-209.2783340911632,0.7449516822735905,0.15729865094802079,2.0,3.0,0.0,209.79782563843568,0.7012505901535662,0.29874940984643383,-2.1342114773859207,-1.3980328104819937,-1429.2257899976812
369,-211.22472258397585,0.501195695481474,0.1596093574081358,3.0,7.0,0.0,212.90022648022628,0.9969204188647144,0.003079581135285614,-1.776242377546081,0.5511941442439793,-1416.1334896802043
370,-207.51274944690655,0.42193044106627486,0.15245778116360903,4.0,31.0,0.0,210.7470921566014,0.5124699938384848,0.4875300061615152,-1.5030137308749225,-2.0885814383138688,-1418.1495870183778
371,-207.68011128349318,1.0,0.1675477323182468,2.0,3.0,0.0,211.29209110417636,0.33122325668650326,0.6687767433134968,-2.162184221739072,-1.6366446116842435,-1417.8419005836938
372,-207.73286580135996,0.9093225015306741,0.15729865094802079,3.0,7.0,0.0,210.8181920308687,0.8152349846324128,0.18476501536758716,-1.8437825235300336,-1.6213953588559795,-1416.6863814976964
373,-211.7117151112803,0.771924924031586,0.1596093574081358,4.0,15.0,0.0,213.6755981264634,0.9976657220062881,0.0023342779937118863,-1.8296248346299986,-0.08347953091026056,-1417.678708988107
374,-207.58947247964963,0.9787233988107474,0.15245778116360903,2.0,3.0,0.0,207.65343920278357,0.4811790496864234,0.5188209503135766,-1.4979732181478795,-2.090080531037983,-1418.6817266418627
375,-207.79645539250782,0.9915742033087407,0.1675477323182468,5.0,31.0,0.0,208.53691044586415,0.7987931240717204,0.20120687592827957,-1.6838152013274894,-2.1388588231874297,-1416.3809015348295
376,-208.35926930783296,0.9883102235001756,0.15729865094802079,5.0,31.0,0.0,209.54215173951872,0.07414725402010097,0.9258527459798991,-1.3276106586976129,-1.7755891509832231,-1416.5465634625923
377,-210.87623122385722,0.9918233418873069,0.1596093574081358,3.0,7.0,0.0,211.86814103520692,0.9952950429989845,0.004704957001015475,-1.7341400647338086,-0.1747992571886881,-1417.0061594038316
378,-208.04727456940387,0.8519174550969119,0.15245778116360903,2.0,3.0,0.0,208.52614423926505,0.46072333124750436,0.5392766687524957,-1.5983782765011694,-2.0935960096796458,-1421.5300058047428
379,-207.82432239399347,0.9991940005707306,0.1675477323182468,3.0,7.0,0.0,207.87440905579734,0.7973921507515439,0.2026078492484561,-1.6722441438659739,-2.17586703057516,-1416.5048572752532
380,-207.2522415098387,0.739355617462756,0.15729865094802079,3.0,7.0,0.0,210.18956920387387,0.4353544578302877,0.5646455421697123,-1.5240036637263465,-1.9230459715958421,-1416.7564516446619
381,-210.87623122385722,0.4937697736801279,0.1596093574081358,3.0,11.0,0.0,212.21793234231976,0.9952950429989845,0.004704957001015475,-1.7341400647338086,-0.1747992571886881,-1417.0061594038316
382,-207.4651607602607,0.9787330110549545,0.15245778116360903,4.0,27.0,0.0,208.54997513832618,0.38064031920059777,0.6193596807994022,-1.8337017193394916,-1.8121072925118336,-1417.3982778134086
383,-208.20234063286114,0.9472042399508339,0.1675477323182468,4.0,15.0,0.0,209.1644552712553,0.8667760354238737,0.13322396457612629,-1.6796040003598494,-1.931026502783558,-1417.6433914245338
384,-208.23746796412016,0.9333661102607179,0.15729865094802079,4.0,15.0,0.0,208.84345259828726,0.8460444965673202,0.15395550343267983,-1.8214415178384207,-1.916852824524071,-1418.3362082244337
385,-207.7494683022798,0.9737451837384752,0.1596093574081358,4.0,23.0,0.0,213.03451473263374,0.5872202658315235,0.41277973416847646,-2.0767663334953577,-1.3642041154674063,-1419.961770247212
386,-207.60463448664476,0.9935638393430877,0.15245778116360903,3.0,7.0,0.0,207.95473198855416,0.23021178750179438,0.7697882124982056,-1.9444447007628138,-1.7389497090546118,-1416.253115271023
387,-208.37019814619111,0.9972492949933133,0.1675477323182468,4.0,31.0,0.0,208.88172747596,0.10138575223247344,0.8986142477675265,-2.1752062223840922,-1.7269513595193753,-1416.1605580899982
388,-209.10308734704483,0.8680452902670942,0.15729865094802079,2.0,3.0,0.0,209.84653267070178,0.7996438663506007,0.2003561336493993,-1.8839672307258042,-1.988160256668393,-1425.305299167303
389,-207.93063981507146,0.8728079175338913,0.1596093574081358,3.0,11.0,0.0,208.74771966513526,0.7675821276553673,0.23241787234463274,-1.98277522755602,-1.2544148009294394,-1419.6735231379234
390,-207.86691818823653,0.9822336797160851,0.15245778116360903,3.0,7.0,0.0,208.10991029978385,0.27288432478221125,0.7271156752177887,-2.0207080330989307,-1.7693724486659308,-1418.4923406198552
391,-208.5098610492827,0.9695529987982995,0.1675477323182468,3.0,15.0,0.0,209.7513256785957,0.07211123327857259,0.9278887667214274,-1.5271284289984388,-1.7410877200387227,-1417.0226121253381
392,-207.44980749943664,0.9868221774975007,0.15729865094802079,3.0,7.0,0.0,209.64742342490072,0.265647296524078,0.7343527034759221,-1.4740438466488115,-1.9016036673228018,-1416.724262070931
393,-209.10312034853376,0.753832566144023,0.1596093574081358,3.0,7.0,0.0,209.95289690951623,0.5102055772772434,0.48979442272275664,-2.082260028155668,-1.2053932158883536,-1429.8556886414688
394,-207.9653248965918,0.9740906315904164,0.15245778116360903,4.0,27.0,0.0,208.3869035437201,0.18019701661273893,0.8198029833872611,-1.293434943541982,-1.783668417361917,-1419.1715427918937
395,-207.82950685251376,0.9939305741013208,0.1675477323182468,3.0,11.0,0.0,208.74111499792323,0.4814481004012046,0.5185518995987954,-1.4108430120395399,-1.9273658462949042,-1421.1233940432903
396,-207.71400036998278,0.9528873636498038,0.15729865094802079,3.0,11.0,0.0,208.66128376133017,0.6884968051748809,0.3115031948251191,-1.567029103947187,-2.0046274929718906,-1418.6121723300057
397,-209.11376995625807,0.8589524439256325,0.1596093574081358,3.0,7.0,0.0,211.53423085443904,0.14180771892622973,0.8581922810737703,-2.0139498816375156,-1.869897405766816,-1423.436201057369
398,-208.38884414012287,0.9678190059708838,0.15245778116360903,2.0,3.0,0.0,208.50122842869374,0.21846634131548304,0.781533658684517,-1.2374631720215754,-1.769118851551943,-1423.264134827607
399,-209.69515474161958,0.9046487783393343,0.1675477323182468,3.0,11.0,0.0,210.5697676451102,0.9696513228164989,0.030348677183501094,-1.7703872689001996,-2.4390460830198717,-1416.32422304232
400,-207.37757343085565,1.0,0.15729865094802079,2.0,3.0,0.0,207.6882243020336,0.6471932274253182,0.35280677257468185,-1.6160370180554184,-2.0208397203400232,-1416.5299058857222
401,-213.81365695201964,0.792270639267762,0.1596093574081358,2.0,3.0,0.0,214.26468046539475,0.09174562492861084,0.9082543750713892,-2.1488248169317035,-1.422337183863977,-1454.0730176859122
402,-208.6406289024228,0.8556847665676528,0.15245778116360903,3.0,7.0,0.0,210.6415211697271,0.20252897755379787,0.7974710224462022,-1.696355290433241,-1.9341696001334931,-1422.9293226434254
403,-209.81245353900783,0.905100812766727,0.1675477323182468,4.0,15.0,0.0,211.37481026650548,0.9717811021916571,0.028218897808342858,-1.8321317894109284,-1.9533607722267068,-1418.2970312818477
404,-211.3185327955569,0.8258607900324393,0.15729865094802079,2.0,7.0,0.0,212.1815984314111,0.33724958132277955,0.6627504186772204,-1.5550461610283592,-2.2250692868212245,-1443.0239038444045
405,-208.79067993851834,0.9920996875949885,0.1596093574081358,1.0,3.0,0.0,213.70686706250373,0.10090843867188996,0.8990915613281101,-2.343963971199735,-1.6306494127234419,-1418.6568904121057
406,-209.48302236792065,0.9453714094476341,0.15245778116360903,2.0,7.0,0.0,210.64324825323894,0.14950147715225245,0.8504985228477475,-1.9186068716856908,-1.9121506368506664,-1426.4754295643615
407,-208.16672279033625,0.9785913741778982,0.1675477323182468,4.0,19.0,0.0,209.68353119129176,0.16684714595992983,0.8331528540400701,-2.2810773761591876,-1.62194073624137,-1417.5698652980343
408,-208.18135972566844,0.9895673041350851,0.15729865094802079,3.0,15.0,0.0,211.8688068469964,0.6366139653137836,0.36338603468621644,-1.4280582653880054,-2.199298952373962,-1422.0163067009014
409,-208.0619489493366,0.8382805108852921,0.1596093574081358,3.0,11.0,0.0,212.35466635337394,0.7674801308440857,0.23251986915591427,-1.6936342393854482,-1.6067721748489727,-1420.630040299041
410,-207.9603046846727,0.9212420826581825,0.15245778116360903,4.0,15.0,0.0,211.12743230856967,0.46368708339861464,0.5363129166013854,-2.1148146166343214,-1.3779982924306453,-1421.4247387938276
411,-208.736577200895,0.9308958659431068,0.1675477323182468,3.0,15.0,0.0,209.87383314026783,0.09885868668612179,0.9011413133138783,-1.8287906241168495,-1.8520919131901536,-1419.347392819469
412,-207.41018799872415,0.9957603057427687,0.15729865094802079,3.0,15.0,0.0,209.10987031899816,0.7120797805260797,0.2879202194739203,-1.8082281316392024,-1.5369263010038128,-1416.9296210866116
413,-207.38016342280466,0.9912368959109992,0.1596093574081358,2.0,7.0,0.0,208.17813758866328,0.6424777522069659,0.3575222477930341,-1.9010934988580028,-1.6395361086128302,-1416.9284561533143
414,-207.82903333185945,0.9956925379829656,0.15245778116360903,4.0,27.0,0.0,208.81718648498568,0.6329813506893395,0.3670186493106605,-2.0084826722824896,-1.2660146760202668,-1420.681948473602
415,-209.67869755429365,0.8153082643860544,0.1675477323182468,3.0,15.0,0.0,211.59865122246302,0.0301375290578135,0.9698624709421865,-2.2732034623828534,-1.7917428671398412,-1416.7729257600545
416,-208.12018276503386,0.9788648796422811,0.15729865094802079,3.0,15.0,0.0,208.67523435982187,0.1314371933367316,0.8685628066632685,-2.071566987929831,-1.6937037740643253,-1416.4700242950014
417,-208.5171193149764,0.9519307681187008,0.1596093574081358,4.0,31.0,0.0,209.0551705795979,0.0635594229444332,0.9364405770555668,-1.489039370002034,-1.7675429989836315,-1416.2831752542302
418,-207.614273318906,0.9561973142792923,0.15245778116360903,4.0,19.0,0.0,208.18539178538117,0.8062109817668647,0.19378901823313532,-1.7901131936428492,-1.538952299327631,-1416.5130588721174
419,-208.84087363856867,0.9989142714071632,0.1675477323182468,4.0,15.0,0.0,210.03836996126418,0.30466636721992213,0.6953336327800779,-2.4566959409893787,-1.4648610508749789,-1424.8372992112677
420,-208.36974851906396,0.849210011997505,0.15729865094802079,3.0,15.0,0.0,209.69604922673693,0.19623192773356823,0.8037680722664318,-2.278654627590445,-1.5556371019606023,-1420.0363141049431
421,-207.24896713496926,0.9959634608090483,0.1596093574081358,4.0,15.0,0.0,209.60304677205713,0.5941593748447415,0.40584062515525854,-1.9288467178533335,-1.5297585812720298,-1416.5663866893915
422,-207.20722004792975,0.9998676386474842,0.15245778116360903,4.0,15.0,0.0,207.64721135914797,0.5879214849697926,0.4120785150302074,-1.8883982558486263,-1.606765788545302,-1416.2352319271793
423,-208.0663167605868,0.7982188908918635,0.1675477323182468,3.0,7.0,0.0,210.01220642854767,0.3091558916540203,0.6908441083459798,-2.0154231861831398,-1.7919675134811992,-1420.3272653387303
424,-208.90582343452695,0.7615537797511047,0.15729865094802079,2.0,3.0,0.0,210.64271709444463,0.178671023523865,0.821328976476135,-2.1301240518115288,-1.5414490438102435,-1423.8444517526066
425,-207.61876553628989,0.9903806311585749,0.1596093574081358,4.0,15.0,0.0,207.69971810388287,0.8004812800619058,0.19951871993809422,-1.882320787801608,-1.4024469625322247,-1416.750403991174
426,-207.33788672312176,0.9664878452648776,0.15245778116360903,4.0,23.0,0.0,207.51012513013686,0.3681877564424026,0.6318122435575975,-1.568665099194243,-1.8131844463842963,-1417.2021047454932
427,-207.55769313240617,0.9042221385262927,0.1675477323182468,3.0,15.0,0.0,209.68611067440523,0.213324330404778,0.786675669595222,-1.5366249936836005,-1.8567490998416019,-1416.4125667650303
428,-209.46184956800195,0.9532875340873486,0.15729865094802079,2.0,3.0,0.0,209.82214927412835,0.19553110835032547,0.8044688916496745,-2.2326059616115668,-1.84002412155001,-1426.9071250192048
429,-207.45433129096622,0.5643370157077846,0.1596093574081358,3.0,15.0,0.0,209.85264758925774,0.7269346602952164,0.27306533970478364,-1.8178656171205732,-1.7344750751018045,-1416.4230522090525
430,-207.64034197512547,0.9755653062157932,0.15245778116360903,4.0,31.0,0.0,207.96676515935783,0.41147092720992656,0.5885290727900734,-1.8822649028966052,-1.5544916111968548,-1419.3867341609841
431,-207.90216063146684,0.9742281717278988,0.1675477323182468,2.0,7.0,0.0,209.31404018358265,0.14073497617162287,0.8592650238283771,-1.7950069953835803,-1.763753760317447,-1416.0759912182637
432,-208.6597216966764,1.0,0.15729865094802079,1.0,1.0,0.0,209.31753443908147,0.18927377075028026,0.8107262292497197,-2.2261751573805517,-1.7884221992223752,-1421.3814996736508
433,-208.26529998718755,0.9430659430630984,0.1596093574081358,3.0,11.0,0.0,208.2889341826215,0.1469179545715333,0.8530820454284667,-1.7937088725422172,-1.8474886087579532,-1418.5745085611902
434,-208.03375437321847,0.9819709677811009,0.15245778116360903,2.0,3.0,0.0,208.11664213920176,0.3687505226276435,0.6312494773723565,-1.8391542145540238,-1.5562299711882586,-1421.9650355484393
435,-207.3842156120089,0.9857639212906449,0.1675477323182468,3.0,7.0,0.0,208.17677247677585,0.2919200836244649,0.7080799163755351,-1.8643910230583849,-1.7284810781120834,-1416.0883954173744
436,-208.55416441316456,0.9960927844736965,0.15729865094802079,2.0,7.0,0.0,210.28923169572676,0.23195614012133475,0.7680438598786652,-2.4518235133905013,-1.5229865042100423,-1421.5309549357867
437,-210.68564759740627,0.9745070204914359,0.1596093574081358,3.0,11.0,0.0,211.45749885112176,0.09194778420071116,0.9080522157992889,-0.574983390056399,-2.0350112234203506,-1434.3516935333932
438,-207.71606311853577,0.9781022718153736,0.15245778116360903,4.0,15.0,0.0,208.72598845650862,0.265902144756171,0.734097855243829,-1.4020908777789731,-1.8015538208117599,-1419.066324447726
439,-208.4139804960798,0.7515825514791846,0.1675477323182468,2.0,7.0,0.0,210.32062928187906,0.3753354767754169,0.6246645232245831,-1.770811558286407,-1.5551116794384627,-1424.8574085186765
440,-207.30661596300556,0.9778001831095438,0.15729865094802079,4.0,23.0,0.0,211.48313231457536,0.3283455283524361,0.6716544716475639,-1.8309900736957492,-1.7364917395034503,-1416.0824056762126
441,-210.99742930215425,1.0,0.1596093574081358,3.0,15.0,0.0,211.67843304040747,0.04085582356518838,0.9591441764348116,-0.3717485889606677,-1.6396990436863534,-1432.7006230717475
442,-207.92521415296335,0.9794180125832407,0.15245778116360903,4.0,21.0,0.0,208.4915076845995,0.3239245170292714,0.6760754829707286,-2.0416678483298707,-1.516607170338435,-1420.2203640316352
443,-208.39272526433226,0.9883857975529464,0.1675477323182468,2.0,7.0,0.0,209.24447821087378,0.46921652521936597,0.530783474780634,-2.1544547452702267,-1.6478194959664343,-1423.5710014050692
444,-210.90745975708455,0.7595905894861862,0.15729865094802079,3.0,15.0,0.0,212.39656088136186,0.036712175486069226,0.9632878245139308,-1.3506106455692573,-1.9515775917559484,-1428.9473018871101
445,-210.78867453971728,0.9694633083998475,0.1596093574081358,2.0,3.0,0.0,211.6632168776754,0.039160538623095605,0.9608394613769043,-0.20684602650300418,-1.9685206819446488,-1430.0359582181995
446,-208.21374922576283,0.9712608144524499,0.15245778116360903,4.0,27.0,0.0,209.94903312273945,0.8824048756292321,0.11759512437076791,-1.740041277447032,-1.4297695812437987,-1418.259828552589
447,-207.50815351781884,0.9208289697296911,0.1675477323182468,2.0,3.0,0.0,209.5095039293891,0.33415366771479443,0.6658463322852055,-2.051546966674075,-1.5782303092422492,-1417.2492703059809
448,-212.85458507391462,0.9810251928178361,0.15729865094802079,3.0,9.0,0.0,213.39223484177086,0.007989974382978627,0.9920100256170213,-1.3046561140862085,-1.585545540679525,-1433.2900392444874
449,-209.7712452080224,0.9782636114771548,0.1596093574081358,2.0,3.0,0.0,211.03639219800758,0.07751322417454903,0.9224867758254509,-0.15315191087503027,-1.8239343289142629,-1427.9330560323704
450,-211.0567305571011,0.0711774972904938,0.15245778116360903,4.0,15.0,0.0,215.7952928855033,0.0063058299938831865,0.9936941700061168,-2.183353067839193,-1.7671495015101075,-1416.075278147084
451,-207.25473365939052,0.9777717563998354,0.1675477323182468,3.0,11.0,0.0,208.02854011520205,0.5927667421396704,0.4072332578603296,-1.8645466611064103,-1.6872704535099037,-1416.386749810777
452,-210.9267016126806,0.9976061514552744,0.15729865094802079,4.0,31.0,0.0,213.08903143153998,0.22389286359998598,0.776107136400014,-0.9771636738700726,-2.1782756440359665,-1440.0195576564086
453,-209.7667260144468,0.9920011849550182,0.1596093574081358,2.0,3.0,0.0,210.1601016691611,0.07147625407742449,0.9285237459225755,-0.24727306904739985,-1.9224296568504602,-1427.0356313553762
454,-211.27237489294447,0.9665052860656572,0.15245778116360903,4.0,31.0,0.0,213.42437052605166,0.0030698767483467847,0.9969301232516532,-0.22486942359555845,-1.7364328283869301,-1416.7803436772344
455,-207.69772747067094,0.9090436586188455,0.1675477323182468,2.0,7.0,0.0,209.0921977964731,0.7991277744626193,0.2008722255373807,-1.8607341528928283,-1.5966354190765386,-1416.8977614844605
456,-209.68526311461662,0.9744242307746578,0.15729865094802079,4.0,31.0,0.0,212.5441303015398,0.016553786093166878,0.9834462139068332,-0.9643375487103315,-1.7541931560519393,-1416.549458892923
457,-209.16218574081677,0.9204543622945892,0.1596093574081358,3.0,7.0,0.0,210.29316428891883,0.050564263544377895,0.9494357364556221,-0.3779812027918643,-1.8737166217791688,-1420.7116567290761
458,-208.1182575303536,0.9073385052906229,0.15245778116360903,4.0,15.0,0.0,211.6318799551296,0.7740168241932158,0.22598317580678418,-1.9636364796042738,-1.4887550489978538,-1420.34341138997
459,-211.87937890422998,0.7914503753303743,0.1675477323182468,2.0,7.0,0.0,212.58451383016717,0.8514980753638399,0.14850192463616008,-1.4901272873545355,-1.748124431091672,-1444.7702187691225
460,-208.52098857361466,0.7950012552680794,0.15729865094802079,3.0,7.0,0.0,211.5321658094576,0.07664400943228782,0.9233559905677122,-0.7761913004096955,-1.8081239098207056,-1418.7748157819783
461,-209.81535362380023,0.9829149956538571,0.1596093574081358,2.0,3.0,0.0,209.9968519744912,0.08230663238359114,0.9176933676164089,-0.1795387871459206,-1.8220108690529577,-1428.6147208794794
462,-208.1785075514698,1.0,0.15245778116360903,4.0,23.0,0.0,208.51088017429677,0.6339902738229634,0.36600972617703664,-1.8812947430494333,-1.276862587415589,-1423.4913850198773
463,-209.0218384859664,1.0,0.1675477323182468,3.0,7.0,0.0,212.70459746883685,0.5910268486910308,0.40897315130896916,-2.2195573979205623,-1.2570956651494694,-1428.4443408582172
464,-208.6248583055838,0.9879138562060532,0.15729865094802079,4.0,15.0,0.0,208.74433993497675,0.1370646799425924,0.8629353200574076,-0.7655772671649296,-1.8660437256710654,-1422.8705673320894
465,-209.44230635239893,0.8189621092074607,0.1596093574081358,4.0,15.0,0.0,211.24245757246004,0.025634785981065153,0.9743652140189348,-0.9716382457476385,-1.841219287607187,-1417.5457181484273
466,-208.69946876055639,0.7222226821016723,0.15245778116360903,4.0,15.0,0.0,209.7524383717974,0.49995917806527923,0.5000408219347208,-1.6917193592754276,-1.5426715509994327,-1427.5425841171987
467,-210.11767464446248,0.9759893862511049,0.1675477323182468,4.0,23.0,0.0,211.98635675016257,0.014210555858658078,0.985789444141342,-1.750170610559707,-1.7327020034416125,-1416.721358221715
468,-209.27159802904077,0.7990022457388947,0.15729865094802079,2.0,7.0,0.0,210.7646142303246,0.025775230796633904,0.9742247692033661,-0.7918582022640227,-1.7603747044301383,-1416.9284246149668
469,-209.19927460920405,0.9875851129568908,0.1596093574081358,2.0,7.0,0.0,210.23974321274542,0.16807631503183837,0.8319236849681616,-0.847831873016537,-1.7934695916735663,-1428.1093532328323
470,-210.13636649779377,0.8383531239243199,0.15245778116360903,2.0,5.0,0.0,210.6867407284921,0.7255635558476583,0.2744364441523417,-2.1059108580952866,-1.5745442314243083,-1434.452497362349
471,-211.05810666448556,0.5377378327779275,0.1675477323182468,2.0,3.0,0.0,213.0884216722398,0.013998873638891041,0.9860011263611089,-1.8054268968280376,-1.6473365822401707,-1423.1949417873318
472,-209.27159802904077,0.582925611971303,0.15729865094802079,2.0,3.0,0.0,211.11443056480758,0.025775230796633904,0.9742247692033661,-0.7918582022640227,-1.7603747044301383,-1416.9284246149668
473,-209.43333656748683,0.9974273769559988,0.1596093574081358,4.0,23.0,0.0,210.77896532011871,0.977379288290685,0.02262071170931501,-1.7479125497802455,-0.9392940713428063,-1416.983576794729
474,-210.13636649779377,0.5509533159611147,0.15245778116360903,1.0,3.0,0.0,213.93704061990564,0.7255635558476583,0.2744364441523417,-2.1059108580952866,-1.5745442314243083,-1434.452497362349
475,-209.75724968955612,0.9767963298746704,0.1675477323182468,3.0,11.0,0.0,214.14562707928772,0.045668452826975944,0.954331547173024,-2.605176539951622,-1.8032702594896142,-1418.6409834518684
476,-207.4449837980028,0.9945038520365487,0.15729865094802079,4.0,15.0,0.0,210.19783838254034,0.6602674825098498,0.3397325174901502,-1.6234202502475121,-2.0735588027779723,-1416.6658314763856
477,-209.01935787776608,0.9945785280937424,0.1596093574081358,4.0,23.0,0.0,210.98162722335698,0.1980553540205153,0.8019446459794847,-2.262325740065593,-1.8030336516118777,-1423.9184081717535
478,-207.57337726926934,0.9158315101741268,0.15245778116360903,2.0,5.0,0.0,209.84373795765862,0.7986517805472785,0.20134821945272152,-1.7923854448382144,-1.573829781384403,-1416.3290433822633
479,-210.89697253401172,0.9022073281215122,0.1675477323182468,3.0,7.0,0.0,211.55407105907912,0.010726563829652208,0.9892734361703478,-2.506817463216872,-1.8085185120091456,-1417.172946718106
480,-207.81735275009663,0.8974431026952343,0.15729865094802079,4.0,15.0,0.0,208.8785699959965,0.6822856017848203,0.31771439821517966,-1.9973171866917143,-1.5129780858784432,-1419.5688959527865
481,-208.1496754875553,0.9808437599644585,0.1596093574081358,5.0,31.0,0.0,209.79668343286068,0.4501584361760293,0.5498415638239706,-1.347572926044403,-2.161517789331729,-1422.5995675063816
482,-207.8722325459997,0.9982053823042845,0.15245778116360903,3.0,15.0,0.0,208.3870876504764,0.8599186569089565,0.14008134309104348,-1.7685566339820724,-1.6911125213075096,-1416.1404404640869
483,-209.839498407246,0.8521908751392646,0.1675477323182468,4.0,15.0,0.0,212.00963349795813,0.07163585761877353,0.9283641423812264,-2.691443643023392,-1.589702916260654,-1422.3595155078938
484,-208.79193787322333,0.8869018066107516,0.15729865094802079,3.0,15.0,0.0,212.05350661539487,0.18701183761568152,0.8129881623843185,-2.3278578991840875,-1.5220070545388318,-1422.5927052672077
485,-207.63342780235982,0.6950609486347413,0.1596093574081358,3.0,7.0,0.0,209.37299079037314,0.5173248365821819,0.48267516341781813,-1.4433573696550748,-1.9811766363901429,-1419.5084074017602
486,-209.14422387559188,0.621758865160636,0.15245778116360903,4.0,15.0,0.0,213.9932431571774,0.06849299439754472,0.9315070056024553,-0.671323542460418,-1.9243938795762356,-1422.1203205728063
487,-208.74153291909437,0.877279709014487,0.1675477323182468,3.0,11.0,0.0,211.1018216603986,0.08069603999438106,0.919303960005619,-2.2599946603454875,-1.6786705724334303,-1417.1235075760226
488,-208.8085647048798,0.9672753928455559,0.15729865094802079,2.0,7.0,0.0,210.837834867818,0.0783209853165969,0.9216790146834031,-2.4277819846844926,-1.7372249668310547,-1416.5461395403595
489,-208.1102614145682,0.9993514357060391,0.1596093574081358,3.0,15.0,0.0,208.729079391437,0.8344925197519919,0.1655074802480081,-1.635887290227891,-2.2622313041306445,-1417.1699551606862
490,-207.32115001104037,0.9801463776524515,0.15245778116360903,4.0,15.0,0.0,209.70111465117648,0.351466042531,0.648533957469,-1.478084965856386,-1.880898515361861,-1416.9681713658647
491,-207.48799418787493,0.9746033260931727,0.1675477323182468,4.0,15.0,0.0,209.4112507337418,0.42799685537166055,0.5720031446283395,-1.900474808705551,-1.5584965012502865,-1418.3393736916744
492,-208.66694404682272,0.9951798515752631,0.15729865094802079,3.0,7.0,0.0,208.93012114212678,0.0839175684253106,0.9160824315746894,-2.351988288443465,-1.7299438378356014,-1416.337167858629
493,-207.74740284487146,0.9507959760152354,0.1596093574081358,3.0,7.0,0.0,208.33467608108245,0.7921935055330784,0.20780649446692157,-1.6645039822433358,-2.091357040517148,-1416.4370286366577
494,-207.50083673598505,0.983431472616079,0.15245778116360903,4.0,27.0,0.0,207.99717515267713,0.38968241833208234,0.6103175816679176,-1.9837111341909952,-1.54584937420238,-1417.9828521117993
495,-208.84522497590436,0.9498099355628548,0.1675477323182468,3.0,15.0,0.0,209.04710434339927,0.703337107123328,0.296662892876672,-2.115649898895469,-1.3360665922652286,-1426.420491567072
496,-209.2588591730615,0.9491233062857788,0.15729865094802079,4.0,15.0,0.0,210.72857979914195,0.3317523748450276,0.6682476251549724,-2.2480364331632403,-1.352322913266708,-1429.1599311232476
497,-207.68911735677068,0.9416495436341573,0.1596093574081358,3.0,13.0,0.0,208.7781248743864,0.7044446849368834,0.2955553150631166,-1.5760169768962675,-2.042503120235755,-1418.0786893118845
498,-208.05881860599058,0.9126841109817702,0.15245778116360903,4.0,25.0,0.0,209.87393921519924,0.8836292686778117,0.11637073132218834,-1.8723394712128083,-1.1701574813302793,-1417.297040101358
499,-209.96986927897626,0.9158248502985241,0.1675477323182468,4.0,15.0,0.0,210.9411310649928,0.9810528420374394,0.018947157962560635,-1.701070874701638,-1.3054979437335401,-1418.9212735138537
500,-208.24049038345035,0.9088846440185817,0.15729865094802079,3.0,7.0,0.0,213.4034548564119,0.15782644076497734,0.8421735592350227,-1.8588617140799677,-1.8370196021295733,-1418.6367969442579
501,-208.32017554378052,0.9939102074844326,0.1596093574081358,3.0,15.0,0.0,209.2697102100652,0.44559769651012776,0.5544023034898722,-2.144037328691101,-1.3427499719869245,-1423.8402501240082
502,-208.05936686656833,0.12691104180829751,0.15245778116360903,4.0,31.0,0.0,210.6827246029702,0.8263512273847309,0.17364877261526912,-1.909812061366437,-1.0298113453885267,-1419.7469651964807
503,-208.92395413673378,0.9859756111229696,0.1675477323182468,2.0,7.0,0.0,210.44344959360023,0.9615700071711416,0.038429992828858395,-1.7670788090814038,-1.2196339878568243,-1416.4323867170951
504,-210.4791399964026,0.9652634672353172,0.15729865094802079,3.0,15.0,0.0,210.92613254619977,0.28659906342000707,0.7134009365799929,-2.708062402010166,-1.5672905851194934,-1434.51977199446
505,-208.50197192109874,0.7202867172747284,0.1596093574081358,2.0,3.0,0.0,209.6789380770611,0.5116752305184261,0.4883247694815739,-2.239712113957601,-1.3794488543038828,-1424.7261391153065
506,-209.47057607106868,0.9690331645574543,0.15245778116360903,5.0,39.0,0.0,210.82823923618952,0.9781477542987251,0.021852245701274864,-1.795375164566695,-0.1224251098108121,-1417.611161384819
507,-208.37382868802663,0.9798126976388826,0.1675477323182468,4.0,15.0,0.0,210.387583825283,0.8936442488877295,0.10635575111227047,-1.7545840273056628,-2.146874465875632,-1416.5005751012068
508,-208.77204617799842,0.9823524681636275,0.15729865094802079,2.0,3.0,0.0,211.3724596528259,0.17904775747150076,0.8209522425284992,-2.6153041296978365,-1.6031856606094834,-1420.776057762735
509,-208.8699566006374,0.987500476452226,0.1596093574081358,3.0,15.0,0.0,210.395896862188,0.06030292757385932,0.9396970724261406,-1.4642206304941325,-1.7128449774308863,-1418.6088263813492
510,-209.89392562930394,0.6725702679645643,0.15245778116360903,4.0,23.0,0.0,210.54652073451456,0.945212008561907,0.05478799143809299,-1.942951839039862,-0.3480918684919237,-1426.0802881549957
511,-207.44555310028298,0.9720009775769775,0.1675477323182468,4.0,15.0,0.0,210.1788091999983,0.5593878366874429,0.44061216331255715,-1.9422585130746002,-1.4402492019072355,-1418.2603517059497
512,-210.4456755269238,0.9276697060882556,0.15729865094802079,4.0,15.0,0.0,210.90450059438473,0.21458859407097122,0.7854114059290288,-2.7896564683992064,-1.460390627799731,-1432.8461801113065
513,-208.95213420601266,0.9900258347536154,0.1596093574081358,2.0,3.0,0.0,209.21613446037364,0.052437681375176355,0.9475623186248237,-1.3687808329476876,-1.8560680316492484,-1418.060774405389
514,-209.12256533636355,0.4750149566473537,0.15245778116360903,4.0,23.0,0.0,210.22771269420736,0.9558639083861357,0.04413609161386434,-1.7600809408083045,-0.4676059529106192,-1419.8364649694493
515,-207.45468549384526,0.9990660701208048,0.1675477323182468,4.0,15.0,0.0,207.8191219423875,0.29842775043508707,0.7015722495649129,-1.9976665082891556,-1.693882693574013,-1416.3215039855945
516,-210.12436506016257,0.9883740679937967,0.15729865094802079,2.0,3.0,0.0,210.9005605984162,0.2121250477988327,0.7878749522011673,-2.8269945380015598,-1.557669934968762,-1430.1339246558568
517,-210.29474376051203,0.995168706122228,0.1596093574081358,4.0,19.0,0.0,211.13958228221935,0.050796787717050464,0.9492032122829496,0.31698031717634306,-1.8044342767850874,-1428.8217354909586
518,-209.0266438286557,0.9971252746433237,0.15245778116360903,3.0,7.0,0.0,209.08226719011262,0.9622449560604003,0.03775504393959972,-1.7936145811052,-0.45027932878664395,-1418.0519511324276
519,-207.44828336761927,0.9920151175534115,0.1675477323182468,3.0,11.0,0.0,208.89139289617793,0.23739689867668573,0.7626031013233143,-1.593472607701552,-1.8228033388432545,-1416.1348919748855
520,-208.51009406042738,0.728162287621765,0.15729865094802079,3.0,7.0,0.0,212.1299868579118,0.11425059618228296,0.885749403817717,-2.4299486666812355,-1.7090309986308612,-1416.8927353457614
521,-212.75123905143911,0.7877805083420725,0.1596093574081358,3.0,11.0,0.0,212.8264381997996,0.000783281138282981,0.999216718861717,-0.013248847638620921,-1.8212394635215894,-1417.3594810672257
522,-209.80395991121273,0.7768947794467308,0.15245778116360903,5.0,47.0,0.0,211.15313088573578,0.9717413140047346,0.028258685995265376,-1.8058033723547953,0.35385238455068346,-1421.517066914477
523,-207.9466688370825,0.9609402603642722,0.1675477323182468,3.0,15.0,0.0,209.18713476220506,0.2256755390685795,0.7743244609314205,-2.098843380006098,-1.7496832448570245,-1417.9475395919267
524,-209.4827132091585,0.9179378669103834,0.15729865094802079,4.0,15.0,0.0,210.0915273078457,0.29176988704841333,0.7082301129515867,-2.42730278751025,-1.381965513923871,-1429.4268681406938
525,-208.35295943535525,0.9843860986123582,0.1596093574081358,4.0,31.0,0.0,212.82486359341078,0.847152798921979,0.15284720107802097,-1.658377899909757,-1.8060452370705158,-1419.9392935609153
526,-212.31818237751483,0.6068637855157547,0.15245778116360903,5.0,59.0,0.0,213.43692170325116,0.9851872541032212,0.014812745896778834,-1.6336193026207875,1.429132932900865,-1433.3737263087878
527,-207.68641825036391,0.9997867817204857,0.1675477323182468,4.0,15.0,0.0,208.1722324541065,0.5646151286223191,0.4353848713776809,-1.5949519541263346,-1.7916238905507782,-1419.9862131543719
528,-207.34433475843178,0.9953986235146807,0.15729865094802079,3.0,7.0,0.0,210.193857919214,0.3380706072156901,0.66192939278431,-1.8415705346559397,-1.6855993155306164,-1416.5606611868059
529,-208.44501139690533,0.9713334693657828,0.1596093574081358,4.0,15.0,0.0,209.21827112785016,0.16935410698041398,0.830645893019586,-2.4069203715607554,-1.7125155127298133,-1418.8042302750941
530,-211.36091863614925,0.5056366321961242,0.15245778116360903,5.0,57.0,0.0,213.12560509974418,0.9876318977836067,0.012368102216393284,-1.6589044171311684,0.8278616904410939,-1426.6322689337906
531,-208.88307492526098,0.9158515681316783,0.1675477323182468,3.0,13.0,0.0,209.47887344313256,0.1680938405124772,0.8319061594875228,-1.6157319049258023,-1.948975806174584,-1423.7896954536516
532,-208.11828153554902,0.8916960521864853,0.15729865094802079,2.0,3.0,0.0,208.99134835076714,0.304798142194551,0.6952018578054491,-1.744037116712662,-1.9238166789299553,-1421.0895338189
533,-208.16904092857055,0.9521972582042458,0.1596093574081358,3.0,15.0,0.0,209.8775786110636,0.8049126578570827,0.19508734214291734,-1.7447464628408897,-1.368722008277612,-1420.9461153296813
534,-211.2167938603667,0.7775796331683714,0.15245778116360903,5.0,33.0,0.0,211.5363053849486,0.9817916452438503,0.01820835475614968,-1.8908303893728409,1.0586277550058447,-1427.1805884886178
535,-207.45110793754526,0.9540789342107049,0.1675477323182468,2.0,3.0,0.0,209.42391017232632,0.25440492194412045,0.7455950780558795,-1.5238937863572393,-1.8776404113750098,-1416.488644512774
536,-209.9734074135179,0.9917978940077693,0.15729865094802079,4.0,15.0,0.0,210.2580171321865,0.03945062031373679,0.9605493796862632,-1.422117724188606,-1.9051189043917993,-1422.955898548206
537,-209.67291379881138,0.7079993476133389,0.1596093574081358,3.0,11.0,0.0,210.45470854191396,0.7223506482346785,0.27764935176532146,-1.654039227236039,-1.3982030505196232,-1433.2205176724403
538,-210.52359764306527,0.46554027442172413,0.15245778116360903,3.0,15.0,0.0,211.19957228619265,0.9875894569223181,0.012410543077681857,-1.8306786117832685,0.957043009679324,-1420.1549500783005
539,-207.95878197081714,0.9938531145766875,0.1675477323182468,3.0,11.0,0.0,208.92525564501182,0.8491386148748825,0.1508613851251175,-1.7514698549279448,-1.9892870515018648,-1416.2676487741494
540,-208.40166091715713,0.9858968387990003,0.15729865094802079,2.0,7.0,0.0,210.13654996741136,0.06941333244883705,0.9305866675511629,-1.3879902764452363,-1.7816996174464073,-1416.258541778599
541,-207.42161076941875,1.0,0.1596093574081358,2.0,3.0,0.0,208.88920856924182,0.7312724196900069,0.2687275803099931,-1.8578181690741984,-1.4355061484144722,-1416.8190399922125
542,-212.9853805179187,0.41736713174584944,0.15245778116360903,3.0,9.0,0.0,213.15757823257482,0.9912580518866552,0.008741948113344833,-1.592595828243165,0.9782793167380635,-1435.4336464480357
543,-208.6893914026401,0.9957267309860626,0.1675477323182468,4.0,23.0,0.0,209.41505687338034,0.4508468149895915,0.5491531850104086,-2.313539027992619,-1.416962894748655,-1425.576632880156
544,-209.55561106440763,0.9722469913581732,0.15729865094802079,5.0,47.0,0.0,212.2012462419302,0.030718472799994147,0.9692815272000058,0.11143536574129567,-1.788482264316747,-1420.5117210161686
545,-207.6578171370454,0.7069702068870636,0.1596093574081358,2.0,3.0,0.0,208.53448207408363,0.6856826907232082,0.3143173092767918,-1.798914810787858,-1.4583590916928462,-1419.2173967795645
546,-210.77733160920098,0.5653187329680214,0.15245778116360903,4.0,23.0,0.0,211.54917993610945,0.9927951758125666,0.007204824187433401,-1.8147850369181107,1.0637232343451963,-1418.0514776941482
547,-208.4268763440646,0.8330697369819487,0.1675477323182468,2.0,3.0,0.0,210.45730281928428,0.324994554100975,0.675005445899025,-2.3911256974807475,-1.5334124441777228,-1422.3157263479497
548,-209.08843588008799,0.824254920816922,0.15729865094802079,4.0,27.0,0.0,212.40807392697116,0.034210666447185754,0.9657893335528143,-1.1151124741985823,-1.8267724065520554,-1416.8209274183312
549,-207.8039114214597,0.9920889321449602,0.1596093574081358,3.0,7.0,0.0,208.05702173598775,0.8013482582270406,0.1986517417729594,-1.8174854367186921,-1.2753984642345784,-1418.507635830342
550,-210.77733160920098,0.22310026459213123,0.15245778116360903,3.0,15.0,0.0,211.72369956588037,0.9927951758125666,0.007204824187433401,-1.8147850369181107,1.0637232343451963,-1418.0514776941482
551,-209.66565267332092,0.7750568864259287,0.1675477323182468,2.0,3.0,0.0,209.90350029807908,0.41173653939233734,0.5882634606076627,-2.38941915102703,-1.5977795500955339,-1431.3899767258638
552,-209.07974854208993,0.9301401614787402,0.15729865094802079,2.0,3.0,0.0,209.38476703903422,0.03748120834451662,0.9625187916554834,-1.1033219559272853,-1.7385985149222147,-1417.662215192714
553,-209.04075348746,0.9977199251162703,0.1596093574081358,4.0,15.0,0.0,209.31682793169477,0.9577922793045903,0.04220772069540968,-1.8527959447435292,-0.4991906514576145,-1418.6610472281825
554,-211.92616944014327,0.297435731362424,0.15245778116360903,3.0,7.0,0.0,212.23721214951718,0.992934537040464,0.0070654629595360285,-1.643964014469449,1.0090903873185257,-1426.4613571941159
555,-208.81505554474953,1.0,0.1675477323182468,2.0,3.0,0.0,209.980952401461,0.16911267919880196,0.830887320801198,-2.2003035915328466,-1.5490218658238204,-1422.634956787659
556,-209.82662197736542,0.9750709884796115,0.15729865094802079,4.0,23.0,0.0,210.74999019888412,0.9186878738416995,0.08131212615830052,-1.64140108504592,-1.335860127620651,-1427.6431429082133
557,-207.39095280677805,0.6817803440871234,0.1596093574081358,4.0,19.0,0.0,210.42116611947358,0.5374224774078503,0.4625775225921497,-1.6379896334222512,-1.7906918648903785,-1417.9054838954423
558,-210.72477935295217,0.6653649715463741,0.15245778116360903,4.0,21.0,0.0,211.43613434708095,0.972411436953776,0.027588563046224035,-1.857702199561485,0.8473447255967906,-1427.040819490311
559,-210.45663707774608,0.9322303341153002,0.1675477323182468,3.0,11.0,0.0,212.34679611586574,0.015046615225526253,0.9849533847744737,-2.62704537778142,-1.7519248203491062,-1416.0798014367172
560,-209.11692746793213,1.0,0.15729865094802079,1.0,1.0,0.0,209.744932780611,0.9238914638805882,0.07610853611941182,-1.6848292434087977,-1.3365603703624431,-1422.1965748015532
561,-207.52354191072186,0.9850630422329135,0.1596093574081358,2.0,7.0,0.0,207.72376172323445,0.48023870220796666,0.5197612977920334,-1.6536662691733546,-1.9920622134447543,-1418.147091536296
562,-210.44627837323432,0.9008677706606543,0.15245778116360903,3.0,7.0,0.0,210.94912388352543,0.9848033706132726,0.01519662938672739,-1.7327920826358638,0.8594826127685425,-1421.4545581004363
563,-209.9936346085475,0.9405297667857453,0.1675477323182468,4.0,15.0,0.0,211.6779296165636,0.209618842331402,0.790381157668598,-2.7986029041781815,-1.5266436323963575,-1429.3912526000377
564,-207.39119290317214,0.9785103301205189,0.15729865094802079,3.0,11.0,0.0,209.52549714902108,0.6731927735096955,0.32680722649030447,-1.941155980155199,-1.426837122373416,-1417.1369837145812
565,-207.78134170313518,0.9118974599589493,0.1596093574081358,3.0,11.0,0.0,209.30105844410411,0.24029658366768242,0.7597034163323175,-1.5199732840981248,-1.929810953192745,-1418.3439850471673
566,-210.44627837323432,0.1445088444933764,0.15245778116360903,2.0,7.0,0.0,212.24327587364422,0.9848033706132726,0.01519662938672739,-1.7327920826358638,0.8594826127685425,-1421.4545581004363
567,-209.07028599815163,0.8901549717480767,0.1675477323182468,2.0,3.0,0.0,210.72764615862832,0.1639103002523797,0.8360896997476203,-2.679723876166774,-1.6726910737396694,-1421.8611148493558
568,-207.4369190018456,0.954005570109967,0.15729865094802079,3.0,15.0,0.0,208.17329661682686,0.39707799792550014,0.6029220020744999,-1.9873319881400129,-1.553265145543855,-1417.5547175898662
569,-209.29454571729332,0.8908785192167412,0.1596093574081358,2.0,7.0,0.0,210.77051710086525,0.12194753076759292,0.8780524692324071,-1.5216363063322542,-1.9551988988820994,-1425.0219736438764
570,-210.44627837323432,0.22600583776203056,0.15245778116360903,2.0,5.0,0.0,211.290665675507,0.9848033706132726,0.01519662938672739,-1.7327920826358638,0.8594826127685425,-1421.4545581004363
571,-209.0770377986987,0.9882015842715756,0.1675477323182468,2.0,7.0,0.0,209.73636875808216,0.09205839608204766,0.9079416039179523,-2.7570222238369753,-1.6872165166612527,-1418.087185663856
572,-207.52805396088166,0.9969027881191102,0.15729865094802079,2.0,7.0,0.0,207.69034322322952,0.35916134057695354,0.6408386594230464,-2.0174045878699385,-1.5559350892909773,-1417.801131313029
573,-208.54011979936186,0.9878975258893676,0.1596093574081358,3.0,7.0,0.0,209.7151739823579,0.3290471907597775,0.6709528092402225,-1.2918919327818779,-1.799360006511682,-1425.8724161301227
574,-209.38518178797725,0.36015233592745505,0.15245778116360903,5.0,35.0,0.0,210.99923610034114,0.9596322360179084,0.04036776398209163,-1.8330021369725495,-0.0659104922594819,-1421.0200544264924
575,-207.3343211499547,0.9743357927316348,0.1675477323182468,4.0,15.0,0.0,209.8418373274001,0.3238913462643547,0.6761086537356453,-1.8912398096552188,-1.6977847313913261,-1416.1462330981788
576,-208.03453097233833,0.9502799560910837,0.15729865094802079,3.0,7.0,0.0,208.5201925050637,0.510066467883886,0.489933532116114,-1.915880557894426,-1.3987940109414285,-1422.6137118996025
577,-207.98051897002904,0.9479526280180752,0.1596093574081358,3.0,13.0,0.0,209.72675415064353,0.19044300924872393,0.8095569907512761,-1.3387249083396227,-1.7715856523401925,-1419.5057935620696
578,-211.52104730220915,0.3899961890739452,0.15245778116360903,2.0,3.0,0.0,212.79338287429212,0.925628228931765,0.074371771068235,-1.6876213853196038,-0.051964328156829165,-1440.1891949471196
579,-208.71472891605563,0.9894965421385665,0.1675477323182468,4.0,15.0,0.0,209.39715103878285,0.05743081639788448,0.9425691836021155,-1.7464833158853676,-1.7458831658643121,-1416.3393383031566
580,-207.3980486250846,0.9806111556684763,0.15729865094802079,2.0,3.0,0.0,208.48096599264704,0.7022520939373792,0.2977479060626208,-1.9052713410817836,-1.527597852937254,-1416.6951306725603
581,-207.8094217082593,0.9913395318424009,0.1596093574081358,4.0,15.0,0.0,208.59243810101893,0.7894302195321706,0.21056978046782937,-1.6876033625046856,-1.788439875614124,-1417.880490936915
582,-209.72489268533343,0.4391506522320636,0.15245778116360903,3.0,7.0,0.0,212.50937372116385,0.9541527924970257,0.04584720750297433,-1.7733483258833271,0.047038719273534556,-1424.3939772263543
583,-208.44674687665054,0.995704118225618,0.1675477323182468,3.0,11.0,0.0,210.06710222541523,0.0668021075888764,0.9331978924111236,-1.4615684749765787,-1.7852589157039305,-1416.1324651697732
584,-207.4235792092397,0.9956727214595359,0.15729865094802079,2.0,5.0,0.0,207.54145851906483,0.6775268659247852,0.32247313407521483,-1.9286447153849837,-1.5416277621042946,-1417.0603846629083
585,-208.04595031111495,0.9994013331496361,0.1596093574081358,3.0,15.0,0.0,208.91704702488278,0.22428579308267724,0.7757142069173227,-2.2574759163235614,-1.5716975506488866,-1418.5168110692066
586,-210.19001147607736,0.988532052717069,0.15245778116360903,5.0,63.0,0.0,211.01184434437815,0.9881663323480031,0.011833667651996893,-1.7447273224620712,0.45521121202196035,-1418.4031653783268
587,-209.88856862888878,0.8974021119931067,0.1675477323182468,4.0,15.0,0.0,210.79789840899136,0.018600440441865897,0.9813995595581341,-1.8866045621845455,-1.7910274407005484,-1416.3615901743287
588,-210.1276439274121,0.9802315478319994,0.15729865094802079,4.0,15.0,0.0,211.18521025258184,0.4293185413387462,0.5706814586612539,-1.1072703659296241,-2.2523579566712204,-1436.35558508768
589,-207.71091667547526,0.9913139239862987,0.1596093574081358,3.0,7.0,0.0,208.26433273160475,0.3218038189994662,0.6781961810005338,-1.7697760970950114,-1.6511164827572635,-1419.2432099318899
590,-209.92138226102585,0.9958652332594252,0.15245778116360903,3.0,15.0,0.0,210.36374649214122,0.9806008070350333,0.019399192964966727,-1.7628934869918185,0.42677374233181276,-1419.8754717817983
591,-212.11148332624137,0.966015734013827,0.1675477323182468,3.0,7.0,0.0,212.43876451316544,0.0022965888233409926,0.9977034111766591,-2.2471516556753186,-1.7785855202449523,-1416.13280942573
592,-208.63392352124907,0.9792598878948795,0.15729865094802079,4.0,15.0,0.0,211.16608956233821,0.17761567454909274,0.8223843254509072,-1.1333561251362063,-1.7582759885949415,-1424.1252029676782
593,-208.1454311183939,0.8364155368852182,0.1596093574081358,3.0,11.0,0.0,209.4282157633718,0.8851976459145485,0.11480235408545147,-1.7294611551869132,-1.9327069618316963,-1416.2151698735129
594,-210.50395881007333,0.3489337864591601,0.15245778116360903,5.0,47.0,0.0,211.88575941239932,0.9822761705397427,0.0177238294602573,-1.8358475350566423,0.949048111867275,-1422.440492367509
595,-211.97922616291672,0.9971598628661571,0.1675477323182468,2.0,3.0,0.0,212.2101619977239,0.002555705368744435,0.9974442946312556,-2.226164765901582,-1.7649092429794653,-1416.0787859410912
596,-208.75105328925844,0.9935207205334154,0.15729865094802079,2.0,7.0,0.0,209.80247615498274,0.23575371263070796,0.764246287369292,-1.0152352847487018,-2.043544514424747,-1425.6665603327967
597,-207.50992625925215,0.9933865988740835,0.1596093574081358,3.0,15.0,0.0,208.68733463616996,0.7645942888815473,0.23540571111845265,-1.7681728845761429,-1.796974084827149,-1416.0941675507647
598,-210.94195564439832,0.24266605690462334,0.15245778116360903,3.0,15.0,0.0,211.66347479740529,0.9894865619117375,0.01051343808826255,-1.8621770506741473,1.0416471667767337,-1421.6657308336944
599,-208.31383918253889,0.9568159014883573,0.1675477323182468,4.0,23.0,0.0,213.74774186578273,0.8917234155544561,0.10827658444554389,-1.7024854128837417,-2.15568195506516,-1416.317759781925
600,-208.05825143882493,0.9979958982179531,0.15729865094802079,3.0,15.0,0.0,209.55796671440433,0.267591616040709,0.732408383959291,-1.1221551743352436,-1.9736821400410824,-1421.506959230257
601,-208.50634136889644,0.8739954352484555,0.1596093574081358,3.0,15.0,0.0,208.90188143071654,0.8366677215988287,0.16333227840117126,-1.6026942207915538,-2.0294577958405196,-1420.7879933937822
602,-210.0636982087858,0.9748469020723385,0.15245778116360903,6.0,75.0,0.0,211.68340475257438,0.9889597168565516,0.011040283143448404,-1.742911404247636,-0.3531041498180372,-1417.1335187197399
603,-207.63532925717655,0.9840944032068198,0.1675477323182468,4.0,15.0,0.0,209.4005092501761,0.4682507041694016,0.5317492958305984,-1.456047633027753,-2.0960267319410186,-1419.0658266776925
604,-207.3977128722172,0.9756204455432709,0.15729865094802079,3.0,15.0,0.0,208.64774339332033,0.4220604359222272,0.5779395640777728,-1.4427522978384544,-1.9386581466248662,-1417.8639436132628
605,-207.5668009969391,0.9776706567389831,0.1596093574081358,3.0,11.0,0.0,209.33029274096924,0.7088772226929352,0.2911227773070648,-1.799709535662662,-1.853503566845776,-1417.1564872719018
606,-210.67563186409035,0.7574521589164269,0.15245778116360903,2.0,3.0,0.0,210.7153057889791,0.9892501012758966,0.010749898724103368,-1.6810643581585816,-0.34942502543729603,-1421.3635953935843
607,-208.51409195160423,0.9689475842127857,0.1675477323182468,4.0,31.0,0.0,210.45220699473106,0.18460337258566042,0.8153966274143396,-0.9124591027284245,-1.8701278715883463,-1423.5448243730796
608,-208.10547934069095,0.9282629145280334,0.15729865094802079,4.0,15.0,0.0,209.03084539626704,0.13369033117311221,0.8663096688268878,-1.953975989370128,-1.6947557491250198,-1416.873585930919
609,-208.65856601070996,0.9692467891526845,0.1596093574081358,3.0,7.0,0.0,209.13267749068496,0.9144432361469741,0.08555676385302591,-1.682518392097185,-1.9823738139772467,-1417.9236108328155
610,-209.77687695662124,1.0,0.15245778116360903,3.0,7.0,0.0,210.4665920981904,0.9780224597616072,0.021977540238392823,-1.8687971360177544,-0.38535535938677185,-1419.418039670735
611,-208.51409195160423,0.48547202804739253,0.1675477323182468,1.0,3.0,0.0,211.52944214112804,0.18460337258566042,0.8153966274143396,-0.9124591027284245,-1.8701278715883463,-1423.5448243730796
612,-207.52236079683144,0.9963024462739912,0.15729865094802079,3.0,7.0,0.0,208.20053388360893,0.27724062425402324,0.7227593757459767,-2.0084496017903417,-1.642366889635869,-1416.596913584678
613,-207.52251867351305,0.9430767155428387,0.1596093574081358,3.0,15.0,0.0,209.75569070549122,0.3036591286027266,0.6963408713972734,-1.339887413285398,-1.8999869376418927,-1418.1144753562287
614,-215.86516432435172,0.9595065604158535,0.15245778116360903,3.0,7.0,0.0,216.2143054228312,0.7682757895605087,0.23172421043949132,-2.103449825807771,-0.2437188631086373,-1475.3505179925933
615,-209.0483198782369,0.8737455379531679,0.1675477323182468,2.0,7.0,0.0,209.7000800907225,0.08645221957381054,0.9135477804261894,-0.9193498877088082,-1.9476124027309827,-1422.5136101033556
616,-208.3345650628053,0.9184917695653428,0.15729865094802079,4.0,15.0,0.0,208.84509581140264,0.8403474373853329,0.1596525626146671,-1.8764488591855664,-1.7302040452658398,-1419.623401858754
617,-207.8772608215487,0.9283985184026118,0.1596093574081358,5.0,31.0,0.0,208.1228955790592,0.3227828486112979,0.6772171513887021,-1.4306212353872847,-1.7870285452208827,-1420.9370284182144
618,-209.71266127515705,0.20037832452318852,0.15245778116360903,3.0,7.0,0.0,218.41050236039365,0.9846643538786206,0.015335646121379387,-1.7807025916796553,-0.12259223458784271,-1416.9283656495252
619,-210.050186131399,0.8871492930601893,0.1675477323182468,3.0,9.0,0.0,210.54548669626837,0.18868148351437597,0.811318516485624,-0.970599715487746,-1.721108414421092,-1434.6396548182254
620,-208.23625435754442,0.9969704188901839,0.15729865094802079,4.0,15.0,0.0,208.86032031236132,0.5841379189155272,0.41586208108447276,-2.148983505712527,-1.4268850785128462,-1422.9248363359766
621,-207.23049812647108,0.9991233188312627,0.1596093574081358,3.0,11.0,0.0,208.01764825743973,0.42776049426463725,0.5722395057353628,-1.865438272266847,-1.7230102795880247,-1416.2074753274414
622,-211.69455541501574,0.798183045035747,0.15245778116360903,5.0,55.0,0.0,212.759363544169,0.9960619688770265,0.003938031122973529,-1.6793931988597088,0.8409702874916332,-1421.0122029050012
623,-209.99900483717977,0.9813738911192645,0.1675477323182468,4.0,27.0,0.0,212.05452877436574,0.9857347960312527,0.014265203968747309,-1.7357799820625919,-1.4374064714915624,-1416.7793727673532
624,-207.55655131229858,0.9974671828819076,0.15729865094802079,3.0,15.0,0.0,210.0673259143793,0.6358152214968698,0.36418477850313025,-1.99139243163347,-1.3461523837493012,-1418.655295536982
625,-208.6302148871088,0.9502350545051153,0.1596093574081358,4.0,23.0,0.0,209.80782945688142,0.748524915349258,0.251475084650742,-1.5827009478152474,-1.8006491814165544,-1424.6674873419965
626,-215.04429815120395,0.43976812740129123,0.15245778116360903,3.0,11.0,0.0,216.86034937344408,0.999833402725802,0.0001665972741979882,-1.6557450617157825,0.7611112795095617,-1422.5078455064584
627,-211.5230670396277,0.8370032130053562,0.1675477323182468,2.0,3.0,0.0,211.69660328828957,0.9877562470494388,0.012243752950561237,-1.911770613286567,-1.4963741417386194,-1425.5621466926168
628,-208.34659930828954,0.9699535709533871,0.15729865094802079,2.0,3.0,0.0,208.48304962016903,0.6631152685648072,0.3368847314351928,-2.0984509015357835,-1.2203686224432055,-1423.7655844007018
629,-208.3123823109497,0.8486776005188955,0.1596093574081358,2.0,7.0,0.0,210.32646163687554,0.44561699037620606,0.5543830096237939,-2.0000595199715203,-1.7967177588490053,-1423.0710395146825
630,-214.36612265140815,0.5790310250624197,0.15245778116360903,4.0,15.0,0.0,215.30988675909788,0.9998340989223783,0.0001659010776217107,-1.7101040754092827,0.6092839730394998,-1417.8159248650963
631,-210.5726179280571,1.0,0.1675477323182468,3.0,15.0,0.0,212.31648986533045,0.9893793970320931,0.0106206029679069,-1.7175703779281328,-1.955477449775,-1417.2657982842184
632,-208.01162450694176,0.9949948792577129,0.15729865094802079,3.0,15.0,0.0,209.16862062459845,0.8637105929020156,0.13628940709798443,-1.812953391427693,-1.1409035549166096,-1418.1523131703889
633,-208.66707128478708,0.9289899669554551,0.1596093574081358,2.0,5.0,0.0,209.55659624604303,0.5594714823987523,0.44052851760124767,-1.9742649740261806,-1.8205166258320498,-1425.5191122160288
634,-212.5549971522144,0.49893339067009584,0.15245778116360903,4.0,15.0,0.0,216.0198336309777,0.9033379513342114,0.09666204866578865,-1.966512682157189,0.19396137671297126,-1448.0637939303283
635,-211.80468734757346,0.9879903517904935,0.1675477323182468,4.0,15.0,0.0,212.7939161098988,0.9962266196163356,0.003773380383664371,-1.7934561346358677,-2.4794337518604164,-1416.4394559611378
636,-208.09881773970304,0.9273037741213638,0.15729865094802079,2.0,7.0,0.0,209.5386803717619,0.8845084844469978,0.11549151555300219,-1.8737683933567146,-1.2856446219873812,-1417.2783121485566
637,-207.83981640234745,1.0,0.1596093574081358,3.0,15.0,0.0,208.97256330648977,0.36068463824011465,0.6393153617598853,-1.463886505093161,-1.788221958973472,-1420.9606286963299
638,-212.5880776708322,1.0,0.15245778116360903,1.0,1.0,0.0,212.91310858537497,0.889799437959483,0.11020056204051698,-1.8606838476456384,0.20527293437788102,-1449.4393005441232
639,-213.12206414245674,0.9452270427532886,0.1675477323182468,2.0,7.0,0.0,213.65371276400109,0.9989008812422913,0.0010991187577087391,-1.7277016998804584,-2.5608354181976316,-1416.8832843813404
640,-208.1895467947821,1.0,0.15729865094802079,3.0,15.0,0.0,208.5299842467361,0.8897404345145832,0.11025956548541682,-1.8404372289670239,-0.9554736912870561,-1418.3713662685252
641,-207.5527988156623,0.9708791114928325,0.1596093574081358,3.0,15.0,0.0,208.81068296639006,0.5260095833847391,0.47399041661526087,-1.6519911909947682,-2.0261960047277565,-1418.227621153576
642,-215.03514460507196,0.6691216023635097,0.15245778116360903,5.0,55.0,0.0,218.52865315316538,0.9525228875372974,0.047477112462702586,-1.7293153817255105,2.4046004413863136,-1456.4478160480246
643,-213.39809903734792,0.952509863106893,0.1675477323182468,2.0,3.0,0.0,213.80237869675605,0.9991835515172985,0.0008164484827014595,-1.7937722227910242,-2.591837843355758,-1416.399508507122
644,-208.50714793174478,0.9743752513989493,0.15729865094802079,3.0,7.0,0.0,208.88105563021887,0.9268883804132922,0.07311161958670775,-1.7646626072212377,-1.0628141185875946,-1418.0585896632354
645,-208.3844980886276,0.9245814987632566,0.1596093574081358,3.0,7.0,0.0,208.88293023036198,0.5024954171675586,0.49750458283244137,-1.293948935705063,-2.0717486695936786,-1424.740918524578
646,-215.7496771231735,0.6740256411590354,0.15245778116360903,3.0,7.0,0.0,216.5076804335379,0.9539248719128427,0.0460751280871573,-1.8994114958684847,2.4347546282212726,-1460.5277707439084
647,-215.3801803948428,0.8546111443173788,0.1675477323182468,3.0,15.0,0.0,218.56231665152904,0.9997590807192299,0.00024091928077007996,-1.645269223885714,-2.207137849829602,-1423.6993794379373
648,-209.56670019998356,0.864184958304353,0.15729865094802079,3.0,7.0,0.0,211.6937959914487,0.8688179982905375,0.13118200170946248,-2.017740899713787,-0.7705588288027968,-1428.6051587396166
649,-208.34707160297853,0.7293587343560214,0.1596093574081358,2.0,3.0,0.0,210.5254117503204,0.6064262636805446,0.39357373631945536,-1.3836562110489627,-2.1518114838489306,-1423.6628939580253
650,-213.172983745852,0.3170575914650819,0.15245778116360903,4.0,15.0,0.0,217.06878999372688,0.9984357957206773,0.0015642042793226896,-1.8650286918535643,2.1480454193721967,-1420.9217130067157
651,-207.43538136780703,0.9819690211992828,0.1675477323182468,4.0,31.0,0.0,215.2316346985331,0.7468710016756468,0.2531289983243532,-1.7751024795253108,-1.6759716978296508,-1416.2603071782262
652,-208.01404155474555,0.990921237964898,0.15729865094802079,3.0,15.0,0.0,212.17741802590274,0.7266036839835741,0.2733963160164259,-1.977285231819885,-1.5361111836404142,-1420.3323877941752
653,-207.1918103346424,0.9990064347034916,0.1596093574081358,4.0,15.0,0.0,208.49675472737118,0.5678713440541181,0.4321286559458819,-1.8794211765729532,-1.628699189896423,-1416.185210297914
654,-211.39551327507982,0.7935224395968097,0.15245778116360903,3.0,15.0,0.0,212.8200096247058,0.9924999459454699,0.007500054054530136,-1.7735088185777015,2.104416262353609,-1419.8780606330897
655,-207.20882231984345,0.9921057563009853,0.1675477323182468,3.0,15.0,0.0,208.8093477967532,0.4691083688140828,0.5308916311859172,-1.8320902787194153,-1.662949413568997,-1416.4591141608319
656,-207.8117205710112,0.9966640342224038,0.15729865094802079,2.0,7.0,0.0,209.03118435826482,0.8375604076424524,0.16243959235754757,-1.76430655138066,-1.529620223080669,-1417.025454084136
657,-207.88274760545036,0.8828111067842686,0.1596093574081358,2.0,7.0,0.0,208.53055649818828,0.45893087163915725,0.5410691283608428,-1.828481138029388,-1.5274274065382194,-1421.4788240102798
658,-210.76296016366834,0.9758665004282707,0.15245778116360903,5.0,53.0,0.0,212.06577133105466,0.9902608071783995,0.009739192821600517,-1.7538182992554445,1.3530436150124223,-1419.6007022040124
659,-209.18349979734518,0.861043096227349,0.1675477323182468,4.0,15.0,0.0,212.63282731061835,0.15586522105122283,0.8441347789487772,-1.138616479877643,-2.028141223760776,-1426.306868792862
660,-207.72924153331977,0.9532715570805916,0.15729865094802079,3.0,15.0,0.0,208.80503369365283,0.4273711188819766,0.5726288811180233,-2.1710401051157353,-1.5357635736283588,-1419.1128279602326
661,-208.57224211802958,0.8818442816138798,0.1596093574081358,3.0,11.0,0.0,209.4570156652114,0.5264868587179928,0.47351314128200717,-1.9507019103218075,-1.8480931154129296,-1424.9355708833314
662,-210.57945000897607,0.1366637178357016,0.15245778116360903,3.0,15.0,0.0,212.39755463764845,0.988388452255557,0.011611547744442952,-1.7941674668291614,1.206699249714675,-1419.7345043985604
663,-208.14267533174802,0.9622281090942801,0.1675477323182468,3.0,15.0,0.0,211.9061706859552,0.7069944140570902,0.2930055859429098,-1.898303124810245,-1.7963275291069796,-1421.0260159824034
664,-209.29300714815156,0.9858456917974033,0.15729865094802079,4.0,15.0,0.0,209.6972962306818,0.0494235542808686,0.9505764457191314,-2.387254822610365,-1.6874369815225512,-1417.241276588185
665,-210.3921172343138,0.7892149224364831,0.1596093574081358,2.0,7.0,0.0,211.74372510903504,0.1556029119037865,0.8443970880962135,-2.0889269348378368,-1.486547926766708,-1433.6414492318502
666,-210.57945000897607,0.046227850187134205,0.15245778116360903,2.0,7.0,0.0,213.54592214014517,0.988388452255557,0.011611547744442952,-1.7941674668291614,1.206699249714675,-1419.7345043985604
667,-207.50954724409132,0.9983665378506822,0.1675477323182468,2.0,7.0,0.0,208.29624041804578,0.7740727280563502,0.2259272719436498,-1.7784287926128564,-1.7250062753247133,-1416.0802214907135
668,-210.87215486064255,0.936582352610497,0.15729865094802079,3.0,7.0,0.0,211.17967964014053,0.01354879488289298,0.986451205117107,-2.223928595339445,-1.6707460867062793,-1420.164712945864
669,-208.62016818803517,0.9881374263229072,0.1596093574081358,2.0,3.0,0.0,210.04283036530254,0.3073964770877731,0.6926035229122269,-2.2929326876575247,-1.700409371174706,-1423.375007716462
670,-210.57945000897607,0.3704790759924637,0.15245778116360903,2.0,7.0,0.0,212.03540100806677,0.988388452255557,0.011611547744442952,-1.7941674668291614,1.206699249714675,-1419.7345043985604
671,-207.76052365065044,0.9982766590386689,0.1675477323182468,5.0,31.0,0.0,207.9433477823401,0.2245161424285115,0.7754838575714885,-2.0616763720761666,-1.7306750847189345,-1416.8270945227375
672,-210.54886690360516,0.8986223450979022,0.15729865094802079,3.0,15.0,0.0,213.29896986251003,0.036662384304810156,0.9633376156951898,-1.5139243909118165,-1.6246666853883438,-1427.0667592472291
673,-208.09938425788846,0.9969484910842478,0.1596093574081358,3.0,15.0,0.0,208.93106825877462,0.11571354210297534,0.8842864578970246,-1.6967710217226117,-1.808751048657312,-1416.441753985552
674,-211.02548135184367,0.16822041358463868,0.15245778116360903,4.0,31.0,0.0,212.20013554077983,0.994169767685181,0.0058302323148190505,-1.8028229394956978,1.3522828709130035,-1417.7482508233907
675,-207.80597640157038,0.9928151612048605,0.1675477323182468,3.0,15.0,0.0,209.04061793703264,0.1717735940719881,0.8282264059280119,-1.7971821342114815,-1.722050969100904,-1416.652913016688
676,-209.05733630903362,0.9806805931460649,0.15729865094802079,4.0,19.0,0.0,212.9936539255939,0.03458562380279814,0.9654143761972018,-0.45608173582525346,-1.8086374790008988,-1417.6297349318652
677,-209.49403849874437,0.846449642502179,0.1596093574081358,3.0,7.0,0.0,210.10058857621053,0.047492484643866996,0.952507515356133,-1.4443231619487706,-1.887547216533179,-1420.8705820802538
678,-209.46152026216,0.8266153280524543,0.15245778116360903,6.0,71.0,0.0,211.99526786446137,0.9652751303229526,0.034724869677047354,-1.859119565430298,-0.12754284924620246,-1420.4541859458598
679,-209.13444101744744,0.9932439546949664,0.1675477323182468,4.0,17.0,0.0,209.82361520312324,0.07268310886735813,0.9273168911326419,-0.4650726433999101,-1.7811151917251615,-1423.0925818407425
680,-209.66490797779116,0.8892884988535183,0.15729865094802079,3.0,11.0,0.0,210.06895566820447,0.04041031023479595,0.9595896897652041,-0.6588010608602798,-1.6967581839112151,-1423.0035437936083
681,-208.61852841628976,0.8584230181645052,0.1596093574081358,2.0,3.0,0.0,210.9819747911222,0.14177939761340025,0.8582206023865997,-1.5001293139553304,-1.6849079617894678,-1422.1409463695932
682,-210.33048337167995,0.5348579294237051,0.15245778116360903,5.0,47.0,0.0,211.52568140914275,0.9811824565241706,0.018817543475829424,-1.6904471159730925,0.03109954985091013,-1422.8677114158722
683,-208.6258390366742,0.9755048643174662,0.1675477323182468,4.0,29.0,0.0,209.53480799762076,0.08032053450822146,0.9196794654917786,-0.7066415414326525,-1.8767140705080543,-1419.6660064248358
684,-209.34481694260992,0.8453506352983005,0.15729865094802079,2.0,3.0,0.0,211.12524250214125,0.035363016348993116,0.9646369836510069,-0.6833194111827006,-1.7250999325955159,-1419.7948956462587
685,-207.83791620742392,0.9975311748250143,0.1596093574081358,2.0,7.0,0.0,209.25964826878533,0.2768469144543115,0.7231530855456885,-1.7082044309759614,-1.8967722898523618,-1418.956742989657
686,-209.4149197664181,0.31001801605528234,0.15245778116360903,4.0,31.0,0.0,212.43758388595361,0.9462879799355484,0.05371202006445164,-1.897318819372644,-0.3061384164792101,-1422.8172987494659
687,-208.06914732713918,0.9708521083371058,0.1675477323182468,5.0,47.0,0.0,210.3541494582535,0.4912578811885142,0.5087421188114858,-1.9979533415486113,-1.75419757382839,-1421.6085683390268
688,-210.4737989157999,0.9823014985267576,0.15729865094802079,4.0,15.0,0.0,211.65272370522445,0.009830401019257787,0.9901695989807422,-0.04769911454115654,-1.706152918304657,-1419.3882176679779
689,-207.93598615600712,0.9898158525796594,0.1596093574081358,2.0,3.0,0.0,208.03670729378499,0.4377123601384749,0.5622876398615251,-1.4908091352377815,-1.7930025483507959,-1421.9916791955761
690,-207.69966006553187,0.9875928548413406,0.15245778116360903,5.0,39.0,0.0,210.40494584655974,0.4224610382415641,0.5775389617584359,-2.1694627781614226,-1.5256602714159475,-1418.920261693724
691,-208.60377193547365,0.9925893628155598,0.1675477323182468,3.0,7.0,0.0,208.85089387944487,0.5925571697668912,0.4074428302331088,-1.6557264099226452,-1.5762925292725056,-1426.6541618152696
692,-209.89939194950588,0.9875308584523284,0.15729865094802079,2.0,7.0,0.0,210.84069632317863,0.02642708001683791,0.9735729199831621,0.02453681529541147,-1.879303344585162,-1421.6001172964034
693,-207.20423652260016,0.9859521917879039,0.1596093574081358,2.0,7.0,0.0,209.29300731977702,0.41414248208214516,0.5858575179178549,-1.7477802608779547,-1.7525144865831066,-1416.2435801532142
694,-207.3996334999537,0.984553704842569,0.15245778116360903,4.0,31.0,0.0,208.34588321350753,0.2709145281602253,0.7290854718397747,-1.6960015218976459,-1.8110799842056777,-1416.1462223073308
695,-208.5058015719231,0.9954497024936895,0.1675477323182468,3.0,15.0,0.0,209.92658348882367,0.5962352212145057,0.4037647787854943,-1.6930469989353236,-2.1810756041592203,-1423.8874540438874
696,-210.98383978928484,0.9798566226786791,0.15729865094802079,5.0,31.0,0.0,212.44725799904137,0.9939793646930974,0.006020635306902555,-1.7452123228478422,-1.895318258915562,-1416.3349801027325
697,-207.58772188306747,0.9511197569305312,0.1596093574081358,3.0,7.0,0.0,207.82553875990033,0.6757669738382346,0.3242330261617654,-1.7918638932003166,-1.8919508235292244,-1417.6146524125543
698,-207.37201028922533,0.9940950730113445,0.15245778116360903,4.0,19.0,0.0,207.53582262502619,0.4467818513161769,0.553218148683823,-1.7304939842056406,-1.8837366071051194,-1417.1704707551717
699,-208.26251588959067,1.0,0.1675477323182468,1.0,1.0,0.0,208.57566037710302,0.6178150858699474,0.3821849141300526,-1.6955593323581604,-2.16463945469118,-1422.1273893065254
700,-210.339700044722,0.6975178923805125,0.15729865094802079,3.0,15.0,0.0,214.6055576830146,0.9905232048991853,0.009476795100814672,-1.7677809408802534,-1.5000704266417244,-1416.0854207411696
701,-207.74428669123785,0.7741034176979056,0.1596093574081358,3.0,11.0,0.0,209.4393214665113,0.19213507323547283,0.8078649267645271,-1.7606927637435121,-1.8132170803841552,-1416.6624522263673
702,-210.80991215894161,0.8178244286971711,0.15245778116360903,4.0,15.0,0.0,212.48299870611262,0.03728085402812757,0.9627191459718725,-0.242438387651791,-1.6528689069728353,-1430.8295950448978
703,-209.8673545752415,0.986028336843622,0.1675477323182468,4.0,15.0,0.0,210.55866864381696,0.8255142766944096,0.17448572330559042,-2.080503023518453,-0.9078229818099565,-1431.878294875842
704,-211.04903696280778,0.8106060127655607,0.15729865094802079,2.0,3.0,0.0,211.4745814397348,0.9877911829475484,0.012208817052451582,-1.652631613013826,-1.5042982392882225,-1423.045203123136
705,-207.72686043402058,0.9912868213341616,0.1596093574081358,4.0,15.0,0.0,208.0410860463901,0.7420668772589322,0.25793312274106783,-1.7168873323458345,-2.087291721744857,-1417.198032856607
706,-210.0619599510128,0.9870142319449602,0.15245778116360903,3.0,7.0,0.0,212.15241787394672,0.019815777247294917,0.9801842227527051,0.06038927488365156,-1.7119279092720243,-1421.297418803984
707,-210.06071684401851,0.9604077220720477,0.1675477323182468,3.0,11.0,0.0,211.29545333099063,0.9807989771717537,0.019201022828246317,-1.8754889519539024,-0.8038585737393787,-1420.013999697769
708,-210.2562440111758,0.9997679381157943,0.15729865094802079,4.0,15.0,0.0,210.91087644164108,0.987846790907397,0.012153209092602979,-1.7220440234426098,-1.5209413303731647,-1417.2918994432312
709,-207.4312409107431,0.7237061593621513,0.1596093574081358,2.0,7.0,0.0,209.5985057676766,0.6478765518111396,0.35212344818886043,-1.7796566197597736,-1.8664442002958992,-1416.9330162116341
710,-209.29839002532734,1.0,0.15245778116360903,3.0,7.0,0.0,210.14497639525115,0.030747871557953162,0.9692521284420469,-0.4059094621997987,-1.8491581882361594,-1418.4191718404654
711,-207.86347463430667,1.0,0.1675477323182468,4.0,15.0,0.0,210.58889793175706,0.7898913029082522,0.21010869709174784,-1.909334493564868,-1.133024834142522,-1419.2074505805092
712,-210.26188117603772,0.9999538079070275,0.15729865094802079,4.0,15.0,0.0,212.38355929854842,0.9881920421319905,0.011807957868009478,-1.726619440282229,-1.542022256372135,-1417.0647959143403
713,-207.31672763345784,0.9951811746305501,0.1596093574081358,3.0,15.0,0.0,207.6853492331375,0.3706301028652224,0.6293698971347776,-1.5284515089573492,-1.8470213208582502,-1417.0754603983014
714,-210.02878999894875,0.9896006626505834,0.15245778116360903,3.0,15.0,0.0,210.2663560368205,0.021032213299389656,0.9789677867006104,-0.11138416522181517,-1.8821213130779262,-1420.9355190693077
715,-209.13355115663765,0.6088578380654807,0.1675477323182468,3.0,7.0,0.0,211.36485276427808,0.8921799241057177,0.10782007589428233,-1.946008578676212,-1.4175067027948816,-1423.4648139689132
716,-208.26492030430882,0.9371170431152221,0.15729865094802079,4.0,15.0,0.0,210.80238577145855,0.48671264673886294,0.5132873532611371,-2.2231098872192647,-1.4848795041321976,-1422.8907513646925
717,-207.88848736552254,0.984673716547757,0.1596093574081358,4.0,15.0,0.0,208.40430873647762,0.8553557606078889,0.14464423939211113,-1.7544847901635217,-1.8202081045590024,-1416.0887938697083
718,-209.81550190490765,0.9982751432437951,0.15245778116360903,3.0,7.0,0.0,210.2570078477625,0.049076968118296496,0.9509230318817035,-0.15431870668794762,-1.7320851032016356,-1425.5729553234355
719,-209.0142968792841,0.9799375739144863,0.1675477323182468,4.0,31.0,0.0,210.4079097263465,0.4442138725225309,0.5557861274774691,-2.1511646746681907,-1.735328414430753,-1427.5609663100938
720,-209.15887032434725,0.832390724003389,0.15729865094802079,3.0,7.0,0.0,210.37421553691925,0.2090478368001884,0.7909521631998115,-2.2904045732340093,-1.4735405957213614,-1425.981744599243
721,-207.42238031745862,0.9839265620482449,0.1596093574081358,3.0,15.0,0.0,208.2864117117208,0.4740488514390519,0.525951148560948,-1.5092743671279583,-2.0425457956164146,-1417.6589334148898
722,-209.67631251320063,0.8403881865243604,0.15245778116360903,5.0,47.0,0.0,211.20369622627433,0.6036695663158598,0.3963304336841402,-2.011726337885789,-1.0534432786056152,-1434.0602126226236
723,-208.25243613571803,0.947021526457581,0.1675477323182468,2.0,3.0,0.0,210.01482246310744,0.4574713915272302,0.5425286084727698,-1.9808531593268148,-1.3831579618909458,-1423.890536406776
724,-209.99385652154413,0.8861968560090026,0.15729865094802079,4.0,15.0,0.0,211.27359741621123,0.1534421809949444,0.8465578190050556,-1.9587870645471188,-1.5279601349482776,-1431.1584763837595
725,-207.9557115460155,0.9235447129973926,0.1596093574081358,3.0,15.0,0.0,208.5365181422675,0.13545518382855157,0.8645448161714484,-1.7178507471232445,-1.8031866564287173,-1416.336669137921
726,-208.92012859168486,1.0,0.15245778116360903,2.0,3.0,0.0,209.4882852495324,0.649515654103807,0.35048434589619304,-2.033943502315212,-1.065547645898524,-1428.3933820470402
727,-209.96495280768596,0.7010702852318746,0.1675477323182468,3.0,15.0,0.0,212.30300529299822,0.8109855872549964,0.18901441274500363,-2.0201895221906665,-1.626574183174101,-1431.6229708979188
728,-210.5642471146488,0.952614337714909,0.15729865094802079,3.0,7.0,0.0,211.61197175181456,0.353634314672614,0.646365685327386,-2.0413490375295864,-1.2970717017738735,-1439.280394412119
729,-207.53105907730986,0.9283517801148055,0.1596093574081358,4.0,15.0,0.0,209.65673339468296,0.5294495551162733,0.47055044488372666,-2.0532815396026844,-1.5496938006510501,-1418.2595587124833
730,-209.04704378075144,0.9575742365640613,0.15245778116360903,1.0,1.0,0.0,209.1191179749255,0.6357973714841108,0.36420262851588925,-2.0223611374301838,-1.0688021401165644,-1429.4224091331153
731,-207.55970930670898,0.9743776795719069,0.1675477323182468,2.0,3.0,0.0,210.5717962871184,0.6696103347454788,0.3303896652545212,-1.9273937147113092,-1.6213869466995732,-1417.8734124862144
732,-212.08449371410802,0.985482188758715,0.15729865094802079,4.0,23.0,0.0,214.88470264414522,0.9920210859119126,0.007978914088087374,-1.6543133922079687,-3.0098807857123764,-1421.4158009613236
733,-208.29571782893518,0.9341097264404528,0.1596093574081358,3.0,11.0,0.0,209.37770446284452,0.8019599403278478,0.1980400596721522,-1.795096552479546,-1.1519944984630641,-1422.217373021298
734,-210.4710162657293,0.5441112471586251,0.15245778116360903,4.0,31.0,0.0,212.3763607975212,0.8495372843173171,0.15046271568268288,-1.681339609512025,-0.9261617450849693,-1436.4906996001716
735,-208.54832220633534,0.8985568244492312,0.1675477323182468,4.0,19.0,0.0,209.7381290887848,0.11190756316616286,0.8880924368338371,-1.0324240865643566,-1.7581057652285763,-1421.0631138545773
736,-212.02466591353877,0.9161264518381981,0.15729865094802079,2.0,3.0,0.0,213.36503964831255,0.9943298884733046,0.005670111526695387,-1.6859016101400737,-2.9406396636583314,-1418.923600226773
737,-207.269519078304,0.7945237190209583,0.1596093574081358,3.0,15.0,0.0,209.9731337006571,0.5523739357247961,0.4476260642752039,-1.585899551864567,-1.982349589634003,-1416.5498441549412
738,-208.51238668032755,0.9587486187635509,0.15245778116360903,2.0,7.0,0.0,209.38883462758758,0.8971112331839772,0.10288876681602277,-1.9201071082554697,-0.9736373161994695,-1419.891562537693
739,-207.97565287613108,0.9677502897399876,0.1675477323182468,4.0,15.0,0.0,210.24240290613713,0.4356234164168323,0.5643765835831678,-1.2936446853799144,-2.0308939273941617,-1421.946823636123
740,-211.15264597953507,0.9778032837915053,0.15729865094802079,3.0,15.0,0.0,214.58652505214158,0.9882655488649853,0.0117344511350147,-1.7053017841949658,-3.0459372004610112,-1417.280677140486
741,-207.39518912167642,0.9156024047597462,0.1596093574081358,3.0,7.0,0.0,212.10697220006784,0.7136861373136848,0.2863138626863152,-1.7805542111854888,-1.787617636208076,-1416.1690414375842
742,-208.2018457466316,0.9762881865524605,0.15245778116360903,4.0,31.0,0.0,209.04221419632492,0.7339002269386532,0.2660997730613468,-2.0359516827781903,-1.1847745484949432,-1422.1339858074812
743,-210.67233487052732,0.5733612081858964,0.1675477323182468,2.0,3.0,0.0,213.79993133785405,0.5280160068180495,0.4719839931819505,-1.1193235003221567,-2.1870515657244787,-1440.4630594013265
744,-211.54831707943848,0.971098725588118,0.15729865094802079,2.0,3.0,0.0,211.60173466589094,0.9881923335986935,0.011807666401306482,-1.663726418859884,-3.0711196786092825,-1420.0442642621422
745,-209.5541975785391,0.7857392169509685,0.1596093574081358,3.0,7.0,0.0,210.16641623410214,0.9284942543044837,0.07150574569551627,-1.6176466031779575,-2.120912675816889,-1422.6704888875067
746,-207.65406308468604,0.8693687606579642,0.15245778116360903,4.0,31.0,0.0,209.41186414823267,0.6470136915751483,0.3529863084248517,-2.026195443018171,-1.4196763224120985,-1418.937420628034
747,-211.02239781567462,0.9936825877484056,0.1675477323182468,2.0,3.0,0.0,211.71445926938463,0.38086220516198915,0.6191377948380108,-1.1624638737592443,-2.325163942995339,-1441.8760616575614
748,-214.373290124793,0.7522638476470298,0.15729865094802079,3.0,11.0,0.0,215.9017451585605,0.9894033430110318,0.010596656988968167,-1.5338743543784896,-2.917106494396153,-1439.974329396555
749,-210.50221006599645,0.9714529667882598,0.1596093574081358,4.0,31.0,0.0,212.88583157933778,0.013263436626281416,0.9867365633737186,-1.6255910502709225,-1.6881491884357713,-1419.4025463003322
750,-207.9335818445406,0.94983747401394,0.15245778116360903,4.0,23.0,0.0,209.36596519265106,0.13557252153102256,0.8644274784689774,-1.6965614597901109,-1.8019071475494024,-1416.2555951201393
751,-210.77786826988753,1.0,0.1675477323182468,2.0,3.0,0.0,211.34008505560965,0.4023632727304054,0.5976367272695946,-1.1122173747978048,-2.3071140109394563,-1440.49300313554
752,-207.40127816796627,0.9996969726150814,0.15729865094802079,4.0,15.0,0.0,214.4206227117122,0.6295899799179338,0.37041002008206625,-1.6683239724129526,-2.015704907303042,-1416.709116269759
753,-208.98978851369284,1.0,0.1596093574081358,4.0,15.0,0.0,211.60626594366698,0.042205054933245924,0.9577949450667541,-1.3055450547841172,-1.8345863588841507,-1417.1099853111134
754,-208.60614929970072,0.9974843946552289,0.15245778116360903,3.0,7.0,0.0,208.98697498313177,0.12110064607093028,0.8788993539290697,-0.7638251426500757,-1.9117567809009515,-1421.8657570388086
755,-208.52400475693497,0.9996619748266002,0.1675477323182468,5.0,31.0,0.0,211.4825063675184,0.06398860622890483,0.9360113937710952,-1.2366254777149006,-1.763960018672853,-1416.9790481735074
756,-207.51618270770513,0.9873315599387608,0.15729865094802079,3.0,15.0,0.0,208.79614694969305,0.36854603539488734,0.6314539646051127,-1.9504522615478088,-1.5728059178188978,-1417.9792069503476
757,-208.9654524455103,0.9248851475457991,0.1596093574081358,2.0,7.0,0.0,209.95474242902435,0.10921185953134732,0.8907881404686526,-1.3038808089660712,-1.6897046495936807,-1423.4530662012069
758,-208.91500823646768,0.99329282776052,0.15245778116360903,3.0,15.0,0.0,210.00807588324858,0.0462657375983313,0.9537342624016687,-0.7598446645153373,-1.7584715471743009,-1418.4079793745138
759,-208.6589948387744,0.9947121082723234,0.1675477323182468,4.0,23.0,0.0,210.17031741231162,0.053281945415151216,0.9467180545848488,-0.8024488128236194,-1.8300719239191894,-1417.2845093009848
760,-209.54912053293634,0.9509095227814475,0.15729865094802079,4.0,15.0,0.0,210.04265425486298,0.07714662614863049,0.9228533738513696,-2.387421249566884,-1.829807300922323,-1421.4488087273146
761,-207.92752111524726,0.9982493583037131,0.1596093574081358,2.0,7.0,0.0,209.32486299731033,0.2866615295715662,0.7133384704284338,-1.5533093638804534,-1.972368558699688,-1419.9056264339722
762,-209.01835454486408,0.9885146595640066,0.15245778116360903,3.0,7.0,0.0,209.52831504784984,0.05721771179988388,0.9427822882001161,-0.9977100259563869,-1.7218057453101425,-1420.2589238132696
763,-208.79728181061623,0.957620308919713,0.1675477323182468,2.0,3.0,0.0,209.0403905901989,0.04309949068598048,0.9569005093140195,-0.7977758262192114,-1.8149026874750105,-1416.9028204403264
764,-212.33352308315625,0.988433444725327,0.15729865094802079,4.0,31.0,0.0,214.5606724602487,0.9986118498585935,0.0013881501414064745,-1.7104984543701245,-1.033373425116254,-1417.8384787506475
765,-208.55873564528875,0.982756040939065,0.1596093574081358,3.0,11.0,0.0,208.7689262195496,0.11311574363282512,0.8868842563671748,-1.1567587283825496,-1.9351606045847713,-1420.4001608337003
766,-208.5271392893175,0.9953910831586437,0.15245778116360903,4.0,15.0,0.0,209.56017016434956,0.06530604140559904,0.934693958594401,-1.639245658007164,-1.7801206448578888,-1416.0824958793162
767,-209.37741266184116,0.9798238910333933,0.1675477323182468,3.0,7.0,0.0,209.5008778815591,0.0897443712869299,0.9102556287130701,-0.35169542938290377,-1.843468134106329,-1425.9840506744342
768,-212.23429271555543,0.9946621645767912,0.15729865094802079,2.0,3.0,0.0,212.5586634840841,0.998752113524979,0.0012478864750210539,-1.7562636668832547,-1.0942684457123208,-1416.1693016589832
769,-208.3639147394724,0.999748743389992,0.1596093574081358,2.0,7.0,0.0,208.70012146132936,0.2156022083739908,0.7843977916260092,-1.113711535118975,-1.815535867217477,-1423.1336015778534
770,-208.18069103046946,0.9880670316041763,0.15245778116360903,4.0,15.0,0.0,209.2249269775889,0.15441388381591128,0.8455861161840887,-2.2770970380987174,-1.7150154260572206,-1416.9812154161712
771,-210.6571261766793,0.6998841347668743,0.1675477323182468,4.0,23.0,0.0,212.82494128735294,0.18759386960092164,0.8124061303990784,-2.914032852376278,-1.6684950573762185,-1432.4367756713227
772,-211.6103932022125,0.9933650310950107,0.15729865094802079,3.0,7.0,0.0,212.3802589356977,0.9977520397095146,0.0022479602904853513,-1.7755813839122896,-0.9604871110807617,-1416.0967924960114
773,-208.01560905820213,0.8879929664410726,0.1596093574081358,4.0,19.0,0.0,209.2551967419428,0.8844420677002273,0.11555793229977274,-1.7944294936155631,-1.624578006783921,-1416.1065740589183
774,-207.9062703588332,0.9588853955328305,0.15245778116360903,4.0,31.0,0.0,209.21639101603594,0.23162150236775447,0.7683784976322455,-1.2248682455353905,-1.8360148556090865,-1420.0358199473922
775,-208.3446426071139,0.91908229545547,0.1675477323182468,3.0,15.0,0.0,212.8586673759632,0.2026445251081996,0.7973554748918004,-2.354716058938263,-1.554985213395619,-1419.7271289657197
776,-212.80799217242534,0.8678587439270457,0.15729865094802079,4.0,23.0,0.0,215.0729531393695,0.9980453441201427,0.0019546558798573255,-1.6590963551331108,-1.684524189404424,-1422.0976221415456
777,-207.28955981829233,0.27115407797245633,0.1596093574081358,3.0,11.0,0.0,213.6429387522079,0.5856536582210438,0.41434634177895624,-1.9244898217174848,-1.6169156947067336,-1416.6681519983047
778,-208.85160589199546,1.0,0.15245778116360903,3.0,7.0,0.0,208.936151075734,0.06775500700531964,0.9322449929946803,-0.8814379849326145,-1.9024233880928767,-1419.8205096965232
779,-207.50027849956038,0.9935554145401468,0.1675477323182468,3.0,11.0,0.0,208.68819686095176,0.3751730772692409,0.6248269227307591,-1.767597967969886,-1.664161081596532,-1418.2512740196428
780,-210.10767850412668,0.9356701055402326,0.15729865094802079,2.0,7.0,0.0,216.21457820303615,0.9801217507833389,0.019878249216661148,-1.868115515795313,-1.2262964610339793,-1419.8563793679546
781,-207.226464338313,0.9982207582881077,0.1596093574081358,2.0,7.0,0.0,207.47271022435217,0.5180164222062951,0.48198357779370493,-1.937964039017313,-1.6124688777240466,-1416.3965413987335
782,-207.49666194920752,0.9705959881892007,0.15245778116360903,4.0,15.0,0.0,209.40442961398819,0.3450051125989492,0.6549948874010507,-1.579135495480537,-1.9455038382312746,-1417.6406667371364
783,-207.36472887993688,0.991183895440956,0.1675477323182468,3.0,13.0,0.0,208.53721232327462,0.6347981057153148,0.3652018942846852,-1.6463158130006024,-1.869538603112664,-1416.96908146432
784,-210.76173780743127,0.9466510429973889,0.15729865094802079,2.0,3.0,0.0,210.9162629228461,0.9779852241161111,0.022014775883888893,-1.9164280191698637,-1.2384997953657852,-1424.8807341795914
785,-208.91110457420749,0.6103991702419853,0.1596093574081358,2.0,7.0,0.0,210.01724672840842,0.3921888099584629,0.607811190041537,-1.7188514004807522,-1.5401297172060453,-1428.602508872548
786,-208.9740299770892,0.8516926122721836,0.15245778116360903,4.0,23.0,0.0,210.59433221002843,0.4148058832138514,0.5851941167861485,-2.3822766261990913,-1.4551311354267724,-1427.033047168329
787,-208.47743782205444,0.9029794564615748,0.1675477323182468,2.0,7.0,0.0,209.44373664143285,0.7515454084545844,0.2484545915454156,-1.5833187918253353,-1.8412073279658148,-1423.4272577319332
788,-209.026477003286,0.9965592576827071,0.15729865094802079,4.0,19.0,0.0,211.2056636737288,0.09210980817631927,0.9078901918236807,-2.455835234483554,-1.7780771366975034,-1418.8252044288688
789,-207.2273219768891,0.993234149416408,0.1596093574081358,2.0,3.0,0.0,209.01035314784323,0.4387054116437342,0.5612945883562658,-1.9122545549473116,-1.6284513787615842,-1416.3475883189715
790,-211.00088266056434,0.6794507314621306,0.15245778116360903,2.0,3.0,0.0,211.3740670707925,0.3465657140041881,0.6534342859958119,-1.7533191109469948,-1.419733197189146,-1442.8882287036708
791,-207.98810952753985,0.8077333124301292,0.1675477323182468,4.0,31.0,0.0,212.8441783488409,0.16902183213258898,0.8309781678674111,-2.0917515591493907,-1.6556055486087928,-1417.0270321698597
792,-209.65399551699582,0.9532143234691007,0.15729865094802079,2.0,3.0,0.0,209.66831462906865,0.08990111791158352,0.9100988820884165,-2.458650191630819,-1.8287403509192273,-1422.8393452081555
793,-208.0164044496863,0.9776579017541579,0.1596093574081358,4.0,15.0,0.0,208.20370520475186,0.8410510907193476,0.15894890928065242,-1.9217483034319023,-1.2820343657763489,-1418.418008512241
794,-208.93645790562616,0.9676551206422269,0.15245778116360903,1.0,3.0,0.0,210.88306678602248,0.4072351543354229,0.5927648456645771,-1.9037191027087774,-1.4120077638612332,-1428.6128800992503
795,-207.9704731937084,0.9165599713184068,0.1675477323182468,4.0,15.0,0.0,208.90173206524838,0.5465387075967357,0.45346129240326427,-2.1238033177081075,-1.5132253732768348,-1421.1009163760016
796,-209.11687060745916,0.9417919470248373,0.15729865094802079,4.0,23.0,0.0,213.48573151150453,0.4181403624408737,0.5818596375591263,-2.373857752237981,-1.3693421537091184,-1428.2793894181016
797,-208.0164044496863,0.40356322797113997,0.1596093574081358,2.0,7.0,0.0,211.7691816892372,0.8410510907193476,0.15894890928065242,-1.9217483034319023,-1.2820343657763489,-1418.418008512241
798,-208.32058879711934,0.877083301110552,0.15245778116360903,3.0,7.0,0.0,212.80908510626998,0.6083300521802522,0.39166994781974784,-2.1149446530675013,-1.497621338218663,-1423.3204059973937
799,-209.18562058729037,0.9188163012162849,0.1675477323182468,3.0,11.0,0.0,209.56925373883362,0.6904579658986268,0.30954203410137315,-1.678397574807965,-1.426838260514256,-1430.1536647474695
800,-208.1195694967608,0.9748806276519664,0.15729865094802079,4.0,31.0,0.0,210.57568366547724,0.6510986349250123,0.3489013650749877,-1.8729479155728752,-1.2747484222730865,-1422.969228812848
801,-208.0164044496863,0.4181082634963585,0.1596093574081358,1.0,3.0,0.0,210.11988830767498,0.8410510907193476,0.15894890928065242,-1.9217483034319023,-1.2820343657763489,-1418.418008512241
802,-208.14079329199956,0.7712263767870315,0.15245778116360903,4.0,23.0,0.0,209.80975944030266,0.852489812893743,0.14751018710625696,-1.8184192633038732,-1.0544492338718385,-1419.6475144409928
803,-207.3947439512225,1.0,0.1675477323182468,2.0,7.0,0.0,209.53230052448347,0.6374554421878449,0.3625445578121551,-1.8555347029044682,-1.7312962551944915,-1416.952028422248
804,-209.32201722136168,0.9893048447214264,0.15729865094802079,3.0,15.0,0.0,210.2715175736285,0.9670468627995324,0.03295313720046755,-1.7242334926793748,-0.8896919624450427,-1418.889362152938
805,-208.1448197992495,0.6011376129188596,0.1596093574081358,3.0,7.0,0.0,210.62689585840246,0.5788729373125354,0.4211270626874646,-1.998124272606361,-1.713077146950086,-1422.0818616001097
806,-208.20782921368814,0.9140585168359402,0.15245778116360903,2.0,7.0,0.0,208.85915076059743,0.891514741337247,0.10848525866275305,-1.7947799211466087,-1.0709209503677968,-1418.340666198303
807,-208.31861575641653,0.9873069842980513,0.1675477323182468,3.0,15.0,0.0,208.35732100676466,0.5833030176191586,0.4166969823808414,-2.14290486326994,-1.4808788573484477,-1423.3847040987157
808,-209.345130373772,0.9265140192671867,0.15729865094802079,4.0,15.0,0.0,211.5183607919556,0.9735530730245192,0.02644692697548079,-1.7552833393766452,-1.4648425107012935,-1416.3133963595405
809,-207.18949342368265,0.9640319971359882,0.1596093574081358,3.0,11.0,0.0,208.9235421157605,0.5380635368609159,0.4619364631390841,-1.7242661491367026,-1.8373782317388871,-1416.1157729411887
810,-208.85526395176484,0.8826658434222933,0.15245778116360903,3.0,15.0,0.0,209.21183578740093,0.8301794267573721,0.1698205732426279,-1.9928536912399588,-0.8706834811520904,-1425.1040606862616
811,-207.28846050434564,1.0,0.1675477323182468,4.0,15.0,0.0,208.384190523532,0.671611625412935,0.32838837458706505,-1.8680724790523002,-1.5948095959043935,-1416.2465560613618
812,-208.93446532173553,0.9863768975548156,0.15729865094802079,4.0,27.0,0.0,210.43566205553222,0.7074082514883981,0.29259174851160186,-1.6456137420485963,-2.4413015073752335,-1424.903031582806
813,-207.26389006709496,0.9774898334080092,0.1596093574081358,2.0,7.0,0.0,208.9933308730444,0.6148728983183922,0.3851271016816078,-1.8790019134902418,-1.525739380612275,-1416.7187998477912
814,-208.28784353005295,0.9527172796000368,0.15245778116360903,2.0,5.0,0.0,209.07104276912003,0.9029188683766722,0.09708113162332777,-1.836297992571551,-0.8967704280235149,-1418.379678962302
815,-207.34478492696414,0.9982631091552886,0.1675477323182468,4.0,19.0,0.0,207.74200202883839,0.2826322052155687,0.7173677947844312,-1.5466962044945234,-1.8466684574461238,-1416.2535651473868
816,-208.48191075289657,0.9630408327100418,0.15729865094802079,3.0,15.0,0.0,209.95317034237112,0.7744807083163816,0.2255192916836184,-1.554898340540359,-2.005108093784148,-1422.529433264569
817,-207.18550583706437,0.9999948200740383,0.1596093574081358,4.0,23.0,0.0,207.32068727803323,0.516895496990509,0.48310450300949104,-1.7821383763318386,-1.7770444516249062,-1416.1335649852201
818,-208.32948478577123,0.789050238834985,0.15245778116360903,4.0,15.0,0.0,208.49144834852686,0.9102825007310715,0.08971749926892847,-1.8436555222829236,-0.8763686707206362,-1418.1863987077252
819,-207.53589812318376,0.9831339695658285,0.1675477323182468,4.0,15.0,0.0,207.87183370068925,0.22645846753385263,0.7735415324661474,-1.5800881942249796,-1.8546731536423635,-1416.4481173475333
820,-208.79299750617514,0.9945243011415829,0.15729865094802079,4.0,15.0,0.0,209.3132104287016,0.5365779523331408,0.46342204766685924,-1.4252883656025783,-1.83397268744435,-1428.0193469486749
821,-208.09075850496018,0.9882037494775412,0.1596093574081358,3.0,15.0,0.0,208.30646480176438,0.15723172228584298,0.842768277714157,-0.9995509588384458,-1.878226018815509,-1419.5700025245794
822,-208.32948478577123,0.08335067689006308,0.15245778116360903,2.0,5.0,0.0,212.00985217205726,0.9102825007310715,0.08971749926892847,-1.8436555222829236,-0.8763686707206362,-1418.1863987077252
823,-208.1579114124184,0.9598523578792192,0.1675477323182468,4.0,15.0,0.0,208.4132000355787,0.24178444627245418,0.7582155537275458,-1.2635560685041123,-1.7935931131951892,-1422.0285772889972
824,-208.0789410434127,0.9202592553866054,0.15729865094802079,3.0,15.0,0.0,211.53268469507475,0.7723845055270449,0.22761549447295515,-1.6107785511808286,-1.921858285276913,-1419.9205444738298
825,-207.56895163051567,0.9605228255004549,0.1596093574081358,4.0,15.0,0.0,208.39951040438925,0.2690589584794625,0.7309410415205375,-1.3719250095747135,-1.8433685845918346,-1418.0425244684209
826,-208.32948478577123,0.0342859784788188,0.15245778116360903,1.0,1.0,0.0,209.84174908450873,0.9102825007310715,0.08971749926892847,-1.8436555222829236,-0.8763686707206362,-1418.1863987077252
827,-208.09332921274486,0.9998684267096343,0.1675477323182468,4.0,21.0,0.0,208.4566422754018,0.8363630532263432,0.1636369467736568,-1.9337098101257533,-1.0771826319752464,-1419.489049978627
828,-208.81958372067515,0.8110660090917968,0.15729865094802079,3.0,11.0,0.0,211.1144144445943,0.6114988149087184,0.3885011850912816,-2.027022325008613,-1.7331659477611445,-1426.4044712119378
829,-208.21504919887553,0.869821642519238,0.1596093574081358,3.0,7.0,0.0,209.1148261591425,0.31524774383447635,0.6847522561655237,-1.3668597610486295,-2.0742780038540913,-1422.3799492281469
830,-208.38383176631064,0.8025700174880879,0.15245778116360903,4.0,31.0,0.0,209.20314066218202,0.8790819264445409,0.12091807355545914,-1.9291360007877203,-1.038945919036228,-1419.835153224333
831,-209.18756597800365,0.8847397293943492,0.1675477323182468,4.0,23.0,0.0,214.2359677732273,0.9330520047974311,0.06694799520256889,-1.657240692574145,-1.9850493825654651,-1420.086479898532
832,-207.50404844067083,0.9792545683866031,0.15729865094802079,2.0,7.0,0.0,210.09515603347737,0.6720764034881381,0.32792359651186187,-1.786479125260069,-1.874115104593431,-1417.1516486063042
833,-207.34691803780007,0.9994217625157624,0.1596093574081358,3.0,7.0,0.0,208.33662814617855,0.5822450790690511,0.4177549209309489,-1.5848165426954128,-1.927269626950139,-1417.160136530925
834,-207.56636553325018,0.4919012139481018,0.15245778116360903,4.0,31.0,0.0,210.20849040014895,0.35212266040986084,0.6478773395901392,-1.997863719646319,-1.5596757957722793,-1418.0622031496978
835,-209.6913494643288,0.9748362080052433,0.1675477323182468,4.0,15.0,0.0,210.48415803718925,0.10278241665823307,0.8972175833417669,-0.9968873850326748,-2.006861347174493,-1427.6954964726256
836,-207.31062790689586,0.9898563217664839,0.15729865094802079,2.0,7.0,0.0,208.1221751479672,0.5090174492981554,0.4909825507018446,-1.8129760774418175,-1.8022985510610539,-1416.8297422007722
837,-209.03142808522475,0.5271209601839477,0.1596093574081358,3.0,7.0,0.0,211.22212561150235,0.38320265599175274,0.6167973440082473,-1.8202594184643681,-1.9847756669693146,-1427.7116964390557
838,-207.3741532490494,0.9935171013984405,0.15245778116360903,2.0,3.0,0.0,207.64577312130905,0.39751905575718866,0.6024809442428114,-2.039057661894482,-1.5713893718913983,-1416.8950278589537
839,-208.25872731921982,1.0,0.1675477323182468,2.0,3.0,0.0,209.53857247793545,0.12065065223860627,0.8793493477613937,-1.0433276514051537,-1.7926938229126266,-1419.3883734070873
840,-207.5035435274405,0.9978999139495461,0.15729865094802079,3.0,15.0,0.0,207.82227240160228,0.32209815041587814,0.6779018495841218,-1.88953112389791,-1.6350656475277536,-1417.4811981580103
841,-209.50714494267154,0.9760910067533367,0.1596093574081358,2.0,3.0,0.0,209.95135580467573,0.3616277559797653,0.6383722440202346,-1.894502598973275,-1.9654239352415341,-1430.6628984419
842,-207.6192905582406,0.9996553858122342,0.15245778116360903,4.0,31.0,0.0,207.70146217653576,0.8169421864731522,0.1830578135268478,-1.8366370669201755,-1.4211404877879774,-1416.400963382113
843,-208.20357726909006,0.9924956284375845,0.1675477323182468,3.0,15.0,0.0,209.753391526648,0.09458274780156806,0.9054172521984319,-1.627143733751665,-1.7976278835123431,-1416.1661963756728
844,-207.4131102416708,0.9842725181955674,0.15729865094802079,3.0,15.0,0.0,208.12425814976447,0.6743592196039372,0.3256407803960628,-1.8702749263507914,-1.6759825362940883,-1416.841408208674
845,-207.7343043247139,0.9816793351516141,0.1596093574081358,3.0,7.0,0.0,209.3985997748459,0.3108786367105646,0.6891213632894354,-1.293480855831049,-1.88546475245151,-1419.8207454224435
846,-207.7970046664359,0.709247761388484,0.15245778116360903,3.0,15.0,0.0,209.93354563967188,0.45287696996189797,0.547123030038102,-1.8177815069250538,-1.550740732759235,-1420.843386711099
847,-208.94813244662248,0.8055003016474486,0.1675477323182468,3.0,11.0,0.0,210.6170973274843,0.15785005738646518,0.8421499426135348,-1.3725470788943055,-1.6812231755982987,-1425.3560742991724
848,-207.44476802655686,0.9998116883234378,0.15729865094802079,4.0,31.0,0.0,207.58749804031828,0.28984519972890277,0.7101548002710972,-1.7561415792100366,-1.8171355031447136,-1416.5446083665145
849,-207.74823043116575,0.9955205493892639,0.1596093574081358,2.0,3.0,0.0,207.8717551916406,0.33634920248632666,0.6636507975136734,-1.3044871783092478,-1.8977430702405629,-1420.135956214763
850,-207.69693304773088,0.9419600588040765,0.15245778116360903,4.0,15.0,0.0,209.0238818753561,0.8293804892791131,0.17061951072088688,-1.8177106530155067,-1.592050743331115,-1416.170655061205
851,-208.44634489834925,1.0,0.1675477323182468,4.0,27.0,0.0,208.96326315528574,0.44161482176462186,0.5583851782353781,-1.6736700779808549,-2.068545757153176,-1424.1119104344739
852,-208.717612102958,0.9411432681361839,0.15729865094802079,4.0,15.0,0.0,210.0755465831882,0.11209335577837068,0.8879066442216293,-2.4774501557266446,-1.7373594538807737,-1417.9257620342773
853,-207.7095433808128,0.9204268011665014,0.1596093574081358,4.0,15.0,0.0,209.39239177735976,0.6476510741042142,0.3523489258957858,-1.5101065439869528,-2.1129627028084967,-1418.7761042796458
854,-208.1160746399949,0.7937534108386542,0.15245778116360903,2.0,3.0,0.0,208.1589102962905,0.8395314017170105,0.16046859828298954,-1.8842340097078738,-1.59484914959384,-1418.5059649085897
855,-207.8622766008111,0.995931983475102,0.1675477323182468,3.0,11.0,0.0,209.2864868422692,0.5400769006132047,0.4599230993867953,-1.7615640435919193,-1.5514702286885322,-1421.4831720436616
856,-210.7892713952466,0.7045487570328707,0.15729865094802079,2.0,3.0,0.0,211.1144391610048,0.13960960113947068,0.8603903988605293,-2.5359488940156063,-1.8596370584945916,-1432.902176994279
857,-208.40861704599973,0.9722565534985849,0.1596093574081358,3.0,7.0,0.0,208.55450191430847,0.6368202520469969,0.3631797479530031,-1.5750505209793164,-2.3295011909536782,-1422.6941423339772
858,-208.15942633763925,0.9277587056345742,0.15245778116360903,4.0,15.0,0.0,208.41488452451344,0.2448664281773852,0.7551335718226149,-2.2291932762043984,-1.533210766780821,-1419.9341262161947
859,-209.44067561034936,0.8888981896955589,0.1675477323182468,3.0,15.0,0.0,211.41427513375356,0.13132516141279796,0.8686748385872021,-2.4012786534824375,-1.8175109960656726,-1423.937903244618
860,-209.44861787438637,0.9284125764402051,0.15729865094802079,3.0,15.0,0.0,213.51326064406732,0.035410478009634136,0.9645895219903659,-1.8783719976839297,-1.8217689420903218,-1417.5814051154384
861,-207.43746825320446,0.9749081750319761,0.1596093574081358,4.0,15.0,0.0,208.95518053112625,0.5199329113669916,0.4800670886330084,-1.5288863645021857,-2.06727509212654,-1417.631597345287
862,-208.03153744649265,0.9520856557447327,0.15245778116360903,3.0,15.0,0.0,208.52804958647664,0.3777745040385621,0.622225495961438,-2.2723222628389665,-1.509638290274775,-1420.6028060931578
863,-207.74381166746187,0.8657764039756242,0.1675477323182468,3.0,11.0,0.0,211.40179174118677,0.7473109439341478,0.25268905606585224,-1.9461832934718555,-1.4783313915500864,-1418.371501966965
864,-210.87563393533773,0.8166839652663199,0.15729865094802079,4.0,15.0,0.0,211.81892789368965,0.5747359019332253,0.4252640980667747,-1.182767279732446,-2.3705862135839584,-1440.8846479106362
865,-207.29128076462055,0.9465417147098296,0.1596093574081358,3.0,11.0,0.0,210.10033930924072,0.45275585160156195,0.547244148398438,-1.6876364385273765,-1.898169580196547,-1416.7089239293684
866,-207.97636862276477,0.8766082109077474,0.15245778116360903,3.0,7.0,0.0,209.15703614210508,0.3052046786446394,0.6947953213553606,-1.793224210296336,-1.6166985111277337,-1420.9030669691438
867,-209.66578638328,0.9303942264281149,0.1675477323182468,5.0,37.0,0.0,211.31478660841742,0.9548793696743201,0.04512063032567992,-1.9257031039425574,-0.5936377524169316,-1423.0915891865338
868,-207.67370170296016,0.9554538648404961,0.15729865094802079,2.0,3.0,0.0,211.3231284729407,0.4729203027640775,0.5270796972359225,-1.3875940128453874,-2.068491848792081,-1419.6056056137552
869,-207.34425128074201,0.9773918886704384,0.1596093574081358,3.0,15.0,0.0,208.86059391956843,0.2992124141849972,0.7007875858150028,-1.6759350369591295,-1.8273746788953988,-1416.1837239642532
870,-207.65070645952576,0.9143952749981565,0.15245778116360903,2.0,7.0,0.0,208.74042367004856,0.44604480546933123,0.5539551945306688,-1.7988158905696123,-1.5901021194772946,-1419.7659923920753
871,-208.90503420582812,0.9916813913832832,0.1675477323182468,2.0,7.0,0.0,210.3906454345244,0.9616673076842447,0.03833269231575531,-1.8044545393265583,-0.6805953651181643,-1417.054065321906
872,-208.8607226836443,0.7799034718618078,0.15729865094802079,2.0,7.0,0.0,209.53518469569897,0.5951617796492205,0.40483822035077954,-1.3966499545945075,-1.9453769634263633,-1427.975610167298
873,-210.75227235562664,0.834077820275414,0.1596093574081358,3.0,11.0,0.0,211.28847590590357,0.01575726668678545,0.9842427333132145,-2.502958053918789,-1.8316155593188674,-1418.7388469095324
874,-207.69786774186198,0.9907053011108597,0.15245778116360903,2.0,7.0,0.0,207.89080164366987,0.44793435648485075,0.5520656435151492,-1.8116172482576758,-1.5722345859722289,-1420.1062498418983
875,-209.20822068160717,0.963329841967601,0.1675477323182468,2.0,3.0,0.0,209.2563616839914,0.9671337208920916,0.0328662791079084,-1.7475271172766047,-0.6366714927314024,-1418.3493166187368
876,-211.95458680046931,0.9957996318401634,0.15729865094802079,4.0,15.0,0.0,212.24807101955489,0.023959984494711328,0.9760400155052886,-0.956298300653238,-1.587834250276481,-1435.220856622795
877,-210.16900484343103,0.9755886126360153,0.1596093574081358,3.0,7.0,0.0,211.27971865931056,0.03609738798860105,0.9639026120113989,-2.718139290694291,-1.6454945808554011,-1419.880209769574
878,-207.22473908882955,0.9799079161842185,0.15245778116360903,2.0,3.0,0.0,207.8608239657253,0.5048460770579124,0.4951539229420876,-1.8739781049976418,-1.6027776780618173,-1416.6304642564023
879,-209.0927415941097,0.999989534002105,0.1675477323182468,3.0,7.0,0.0,209.25264021918895,0.969738955175557,0.03026104482444303,-1.8008924905463837,-0.6251247910511128,-1416.8487861806166
880,-208.95957091760357,0.7249049258320455,0.15729865094802079,3.0,7.0,0.0,216.5368633460421,0.052676664372907786,0.9473233356270923,-0.8933253799072629,-1.8825653948114258,-1418.9849625386346
881,-209.61060514738782,0.9177333674106904,0.1596093574081358,2.0,3.0,0.0,211.0919476096793,0.06607844901723409,0.9339215509827659,-2.4238396442302887,-1.8262570023628097,-1420.7460255800445
882,-209.56660290265103,0.7174430869329724,0.15245778116360903,3.0,15.0,0.0,210.5697056773155,0.8638183824331447,0.13618161756685532,-2.005725168657457,-1.3682633044290238,-1427.7608961867124
883,-209.61235972773622,0.8714615222763663,0.1675477323182468,2.0,3.0,0.0,209.80753138302597,0.9692321040251122,0.030767895974887827,-1.7079642931517178,-0.6450309236564067,-1420.8090325533979
884,-208.15485359895902,0.9158551441528772,0.15729865094802079,3.0,11.0,0.0,209.61933165710894,0.23037896853000664,0.7696210314699934,-1.0961632430527797,-1.987113019384838,-1421.4861216330503
885,-210.73268150190478,0.6140172231688505,0.1596093574081358,4.0,15.0,0.0,217.2316389388864,0.029740301582099258,0.9702596984179007,-2.1503469007286964,-1.6194444986292331,-1424.9415248346643
886,-209.32416071772764,0.5081853829324252,0.15245778116360903,3.0,7.0,0.0,211.08010566852764,0.8917949974261113,0.10820500257388865,-1.9658533479670335,-1.3509891051043939,-1424.89511450719
887,-209.6249965952443,0.8173548754514958,0.1675477323182468,2.0,7.0,0.0,212.2537677961626,0.9063130884271704,0.0936869115728296,-1.9317361478855655,-0.3849518192805228,-1427.652414941037
888,-208.17168866151104,0.9818410486087946,0.15729865094802079,4.0,31.0,0.0,209.24841389052963,0.1980538475029096,0.8019461524970903,-1.021595306950094,-1.8819422349377228,-1421.329972971595
889,-209.11467962370966,1.0,0.1596093574081358,2.0,3.0,0.0,210.5333915923101,0.05392771142620331,0.9460722885737967,-2.124154448711936,-1.8001398604932084,-1417.2646034915156
890,-207.79570364827555,1.0,0.15245778116360903,3.0,7.0,0.0,208.77486996249675,0.7830844515238127,0.21691554847618733,-1.7884851114393818,-1.3776699196658606,-1418.7552590710566
891,-211.53345514480966,0.7842006348761927,0.1675477323182468,2.0,3.0,0.0,212.2416439438579,0.8471372723671127,0.15286272763288733,-1.7657851835660383,-0.42122687678334236,-1444.2556446501696
892,-207.41062126466997,0.9923596670624605,0.15729865094802079,4.0,31.0,0.0,208.58441885092543,0.486760486193761,0.513239513806239,-1.8382834469698175,-1.8045242702665425,-1417.4311544460684
893,-207.21017697373125,0.9460877308060591,0.1596093574081358,3.0,15.0,0.0,209.88424526870858,0.43309392849364864,0.5669060715063514,-1.6370324032263794,-1.8905587990547983,-1416.255989393813
894,-210.28497249114355,0.782661028827086,0.15245778116360903,4.0,15.0,0.0,210.84827509197225,0.022870808526666064,0.977129191473334,-1.7633882726526904,-1.8668735870346023,-1420.64617217674
895,-211.5635298187608,0.9445559067423884,0.1675477323182468,2.0,3.0,0.0,213.56929051884603,0.93362471346278,0.06637528653722002,-2.033136911765066,-0.29351223008265875,-1438.5741902937036
896,-207.73779802891673,0.9982366173128459,0.15729865094802079,3.0,15.0,0.0,208.0401779078562,0.17068418896975723,0.8293158110302428,-1.763099588162917,-1.7551020312593306,-1416.1526278062524
897,-207.8870791787744,0.9737049967874795,0.1596093574081358,3.0,15.0,0.0,208.2596596153427,0.6326061128557068,0.3673938871442932,-1.465647866185408,-2.1425636757782445,-1420.1344146604301
898,-211.16805341262432,0.8325342060988199,0.15245778116360903,3.0,13.0,0.0,214.52792324959864,0.006254546804295087,0.993745453195705,-1.7986452309441883,-1.701467776500254,-1418.307691194032
899,-210.1860181275388,0.9984696753529824,0.1675477323182468,4.0,23.0,0.0,212.05152834464394,0.956007216981473,0.04399278301852705,-1.709245062115973,-0.04387109720518858,-1427.5005335423111
900,-207.37301888910474,0.8508830341202369,0.15729865094802079,2.0,7.0,0.0,209.35765542208964,0.30662089753474975,0.6933791024652503,-1.5656628994932145,-1.89334182222217,-1416.5747006791307
901,-207.72695145130498,0.9516076640464348,0.1596093574081358,2.0,5.0,0.0,208.57398766871955,0.6048050962245266,0.3951949037754734,-1.8069884687455267,-1.906776832087349,-1419.081584893511
902,-210.24695446241967,0.9889722905195302,0.15245778116360903,3.0,11.0,0.0,212.09493998389982,0.009172555115543905,0.9908274448844561,-0.898523346991584,-1.7988562219893285,-1416.3716457997955
903,-212.39310999608736,0.8606311084734326,0.1675477323182468,2.0,3.0,0.0,212.5036575803532,0.9440195434100294,0.05598045658997064,-1.6192737621547346,-0.05628869950606261,-1444.581538583447
904,-210.1379860890576,0.6941289345094465,0.15729865094802079,2.0,3.0,0.0,210.92826268965274,0.32498775497807714,0.6750122450219229,-1.734653929007878,-2.0736001008931892,-1434.7918105219778
905,-209.39433828889435,0.9552631623305233,0.1596093574081358,3.0,15.0,0.0,211.94506998918317,0.027986856063849708,0.9720131439361503,-1.6698297406427622,-1.7410294889454785,-1416.5215161313308
906,-208.96986525969768,0.9930307219391692,0.15245778116360903,4.0,15.0,0.0,210.7613359864246,0.06770643178590802,0.932293568214092,-0.45066273957830627,-1.865913522741604,-1421.2471095170774
907,-212.75965240683487,0.9834881629888189,0.1675477323182468,2.0,3.0,0.0,213.81891484419822,0.9395721976342497,0.060427802365750294,-1.6201136012790331,0.03469276682369384,-1447.6083262977384
908,-212.3729641199118,0.9327707972627455,0.15729865094802079,2.0,7.0,0.0,212.737653779695,0.19566723200102973,0.8043327679989702,-1.4688182829160565,-1.5160921013471913,-1450.3998703965576
909,-209.29537343562842,0.9427794877669348,0.1596093574081358,4.0,31.0,0.0,210.32006944639318,0.9289618346183143,0.07103816538168573,-1.9357313233674327,-1.1199017575712642,-1422.6659692372527
910,-209.82786940538256,0.9829709819371876,0.15245778116360903,4.0,15.0,0.0,210.06557230070436,0.016060578021447152,0.9839394219785529,-0.4952471702602337,-1.731063554801163,-1417.9898761116465
911,-209.63367207991027,1.0,0.1675477323182468,2.0,3.0,0.0,212.38991132452668,0.9710667081357396,0.028933291864260413,-1.8560146739721324,0.008005559088173141,-1420.4482304290252
912,-209.33270426828872,0.9384808147958339,0.15729865094802079,4.0,25.0,0.0,216.6542165196216,0.6426483053146924,0.3573516946853076,-1.3724645624438612,-2.4283343552221837,-1429.1382601665603
913,-209.07714250118687,1.0,0.1596093574081358,2.0,3.0,0.0,209.2791779547087,0.8953256739640364,0.1046743260359636,-1.7020269529602647,-1.1273923212230446,-1424.3009752080818
914,-209.10003172659037,0.9923705895553009,0.15245778116360903,4.0,15.0,0.0,211.87657452462707,0.03513573458957997,0.96486426541042,-1.0507560392544049,-1.7436740762959424,-1417.455262979394
915,-209.4312708811187,0.9622388691290136,0.1675477323182468,4.0,31.0,0.0,210.69305443370052,0.9728298377426333,0.02717016225736668,-1.74216467549482,-0.41147675184217336,-1418.835889707166
916,-209.10233039210087,0.950063142407614,0.15729865094802079,4.0,15.0,0.0,211.0207710189737,0.06476957293109176,0.9352304270689082,-1.97497983353085,-1.8334001015685872,-1418.788768573536
917,-208.85440390022885,0.579670533404109,0.1596093574081358,2.0,3.0,0.0,210.23050112530882,0.9249844527033002,0.07501554729669979,-1.910536682155015,-1.0866658181525237,-1420.1135411624634
918,-208.60825382423133,0.9893593986830539,0.15245778116360903,4.0,23.0,0.0,209.9145861842833,0.8454489364931395,0.15455106350686054,-1.9241249914194125,-1.5949212934768933,-1421.5634112270645
919,-209.8572635331757,0.9944587773081754,0.1675477323182468,4.0,15.0,0.0,210.40095518487067,0.9865354789951023,0.0134645210048977,-1.7518934091166254,-0.7379399197506995,-1416.672153796258
920,-207.55909202283547,1.0,0.15729865094802079,3.0,7.0,0.0,209.27709268729487,0.4237292548251663,0.5762707451748337,-1.994932875592007,-1.7092335778970287,-1418.069589223976
921,-209.0416543236223,0.4161861070745373,0.1596093574081358,2.0,7.0,0.0,212.86491631439452,0.889445854696517,0.11055414530348295,-1.6808252904705427,-1.3384399483047034,-1424.00040985235
922,-208.14226307414305,0.6595565883443778,0.15245778116360903,4.0,15.0,0.0,210.55619179901547,0.09822707196874465,0.9017729280312553,-1.3485777919410997,-1.839435546364131,-1416.5604159209788
923,-209.2625792217167,0.9144444493795966,0.1675477323182468,3.0,7.0,0.0,210.52185263048227,0.96795302546479,0.03204697453520999,-1.8501759050594977,-0.9581543430955283,-1417.7946915799546
924,-207.64152555362844,0.971047549062849,0.15729865094802079,4.0,15.0,0.0,208.26773319293076,0.328208499978705,0.6717915000212951,-1.5803616828345677,-1.9564348183497968,-1418.4313164645434
925,-209.04241142528392,0.9044008856535031,0.1596093574081358,4.0,31.0,0.0,211.14835509597447,0.9622641172755925,0.03773588272440753,-1.8008189286814238,-0.40948155186973895,-1418.1654280378673
926,-208.365551612681,0.9874799116336329,0.15245778116360903,3.0,15.0,0.0,209.28037573090333,0.07922597577781151,0.9207740242221885,-1.6404829357470776,-1.7594685553489113,-1416.2569701055663
927,-209.49134121324863,1.0,0.1675477323182468,2.0,7.0,0.0,211.28778272406254,0.9793538490308369,0.020646150969163113,-1.8017928158274636,-1.0909407052720694,-1416.3362764348874
928,-207.2330295314949,0.9982186514784119,0.15729865094802079,3.0,15.0,0.0,207.80831181776927,0.6191652866144847,0.38083471338551533,-1.7364557042255562,-1.8165759432834685,-1416.0819115458364
929,-207.70386997434514,0.9598864063872912,0.1596093574081358,5.0,31.0,0.0,210.65708870939537,0.586056057079228,0.41394394292077197,-1.908726913268425,-1.383105066808207,-1420.1859802485615
930,-208.44529563462507,0.9798125307095295,0.15245778116360903,5.0,31.0,0.0,208.85793350115932,0.9066351899243003,0.09336481007569974,-1.8738885652502086,-1.402268715658249,-1418.102149377327
931,-209.54499635211243,0.9977037468192056,0.1675477323182468,2.0,3.0,0.0,209.60050988144658,0.98107879975205,0.018921200247949965,-1.772282987838868,-1.09953800682302,-1416.1912050468252
932,-207.574420019706,0.9506737903536288,0.15729865094802079,3.0,11.0,0.0,210.16353064841792,0.6282237295527244,0.37177627044727557,-1.5686486726429698,-1.9293686985870384,-1418.4882586540766
933,-208.9239647660987,0.9910863182013119,0.1596093574081358,4.0,15.0,0.0,209.17570811486917,0.9462175576939038,0.05378244230609619,-1.879696702247047,-0.9694488751447651,-1418.7613197712112
934,-208.60998928192367,0.9899312125690323,0.15245778116360903,3.0,15.0,0.0,209.41262657985126,0.9328003313292067,0.0671996686707933,-1.8580606210027566,-1.2631045659707631,-1417.536042667272
935,-208.6499147408601,0.8477950776381376,0.1675477323182468,3.0,15.0,0.0,211.2869364210701,0.9473553065832666,0.05264469341673339,-1.7883022484760496,-1.4033002562453607,-1416.1294431495198
936,-207.45838697902747,0.991270526740741,0.15729865094802079,2.0,7.0,0.0,208.13713302964086,0.4141008936377481,0.5858991063622518,-1.6007803123646804,-1.9742116361261586,-1417.710616232855
937,-208.8316170691528,0.8918621218139607,0.1596093574081358,2.0,7.0,0.0,209.48084737370047,0.9187125105097692,0.08128748949023079,-1.756407473343293,-0.8019562984803804,-1421.4161207286759
938,-208.99627231369197,0.9798500446709297,0.15245778116360903,3.0,11.0,0.0,209.35931934764062,0.9460188077078289,0.05398119229217113,-1.865213258372883,-1.3583719299722665,-1418.549929423603
939,-209.36169809269407,0.9794645464220073,0.1675477323182468,3.0,7.0,0.0,209.9021526974814,0.743729352745061,0.256270647254939,-2.1274243066148135,-1.1494374352888428,-1429.7202581317008
940,-207.19947132061662,0.9827729037794852,0.15729865094802079,2.0,3.0,0.0,207.75683011568623,0.525510346369354,0.474489653630646,-1.6268011824534576,-1.9016790557568477,-1416.281261906342
941,-208.81037753968508,0.46857795104256267,0.1596093574081358,2.0,7.0,0.0,211.07939106124974,0.957958105348775,0.04204189465122499,-1.813825458611611,-1.0053972390967933,-1416.5094046867969
942,-207.24856999557323,0.9886240540798525,0.15245778116360903,4.0,15.0,0.0,210.0572760924882,0.4305729620100558,0.5694270379899442,-1.7443359581334765,-1.724599369092749,-1416.7162828614335
943,-207.83351413893,1.0,0.1675477323182468,2.0,3.0,0.0,209.41370150614893,0.6261986730627644,0.37380132693723556,-1.9489762826707613,-1.2860743041652754,-1420.9241125235517
944,-207.19842582626188,0.9897597523586644,0.15729865094802079,4.0,15.0,0.0,207.3619679089348,0.5718288209190345,0.42817117908096547,-1.7077331351229112,-1.8176156921178452,-1416.184938921587
945,-209.09130168752728,0.9805852343956362,0.1596093574081358,3.0,7.0,0.0,209.90245493768722,0.9290024477366705,0.07099755226332949,-1.807845071305382,-0.40056779080301014,-1422.61042926905
946,-207.73235840870086,0.936959816256086,0.15245778116360903,2.0,3.0,0.0,207.87926897321663,0.47241954792148305,0.527580452078517,-1.6316825802775554,-1.7127056830156904,-1420.5353048645309
947,-207.46453490229956,0.9989548360079251,0.1675477323182468,4.0,23.0,0.0,208.5290364264516,0.2558860374345773,0.7441139625654227,-1.8474808583542717,-1.7291352203953985,-1416.1282666341242
948,-209.2931708430575,0.8336046295724359,0.15729865094802079,4.0,15.0,0.0,211.52702000448144,0.9642845972483443,0.035715402751655745,-1.8729344925045903,-0.6817419991983952,-1419.0466749825275
949,-211.47418526419403,0.6282458595547801,0.1596093574081358,2.0,7.0,0.0,212.41655634888312,0.9922921218331758,0.007707878166824167,-1.6471406113699048,-0.4840681804058518,-1424.603715988552
950,-208.48074170715913,0.9924400176089619,0.15245778116360903,3.0,11.0,0.0,209.26656909655782,0.21901095022249226,0.7809890497775077,-1.6435302449596734,-1.946870025022671,-1422.3308315040697
951,-207.7683628403231,0.9668603689241587,0.1675477323182468,4.0,27.0,0.0,208.44994634603947,0.45437804288925454,0.5456219571107455,-1.4681116097618714,-2.110316107401848,-1419.8725877536353
952,-208.66425064028104,0.9973960254423647,0.15729865094802079,4.0,19.0,0.0,209.72183859894818,0.9088187732468304,0.09118122675316964,-1.7653820158083708,-0.8794413352231549,-1420.8388170689188
953,-211.47418526419403,0.39715137948440277,0.1596093574081358,1.0,1.0,0.0,212.94690769162602,0.9922921218331758,0.007707878166824167,-1.6471406113699048,-0.4840681804058518,-1424.603715988552
954,-207.54871715113953,0.9242950160372341,0.15245778116360903,3.0,11.0,0.0,209.05870904287826,0.6232306320615043,0.3767693679384957,-1.7577547893238656,-1.9406937873124526,-1417.7667395146716
955,-207.8268571578549,0.9857656256684084,0.1675477323182468,1.0,3.0,0.0,208.28234296435323,0.5002759822916125,0.4997240177083875,-1.3815925963158278,-2.1133498268859814,-1420.5362284945465
956,-207.77926784748664,0.930926991113904,0.15729865094802079,4.0,15.0,0.0,210.32362518901826,0.17064450155441444,0.8293554984455855,-1.4567616505219299,-1.7781133987953628,-1417.2193083036154
957,-209.7427344481384,0.9707635463994335,0.1596093574081358,3.0,15.0,0.0,211.52194364691167,0.984928696469164,0.015071303530835967,-1.7582794132941177,-0.837150856157163,-1416.4942097003136
958,-208.09386735115194,0.9535106718207857,0.15245778116360903,3.0,15.0,0.0,208.8013996163692,0.8796410915090165,0.12035890849098352,-1.7531140104445206,-1.9253198383888,-1416.0954675257506
959,-207.25872524585301,1.0,0.1675477323182468,3.0,7.0,0.0,207.85055858485745,0.358499315049059,0.641500684950941,-1.6021632423083774,-1.8231298078459952,-1416.4532527900128
960,-210.21713381579087,0.7987380142074149,0.15729865094802079,2.0,3.0,0.0,210.40693072715277,0.10328309726958043,0.8967169027304196,-1.4866922401060714,-1.9901380467231102,-1430.3645308973596
961,-208.842939542132,0.9871213074187876,0.1596093574081358,3.0,11.0,0.0,210.12753404505196,0.9480344463717781,0.05196555362822186,-1.8202155636661015,-0.5126791482012139,-1418.7520659792835
962,-207.49210720154423,0.9186405944677565,0.15245778116360903,5.0,31.0,0.0,209.10006394989483,0.7133555721133285,0.28664442788667155,-1.806442074446161,-1.4927200222834327,-1417.598405845911
963,-207.91633161778051,0.9750182660442983,0.1675477323182468,4.0,31.0,0.0,208.1861633181552,0.8019699954716554,0.19803000452834463,-1.945950452487983,-1.1763078621696859,-1419.0602214864323
964,-209.9742389050386,1.0,0.15729865094802079,2.0,3.0,0.0,210.83999053013656,0.08939390361404081,0.9106060963859592,-1.5427074547894437,-1.6157829922594464,-1428.8142878873884
965,-207.82202257537782,0.945873018006793,0.1596093574081358,4.0,23.0,0.0,209.29593380057145,0.17625916546220982,0.8237408345377901,-1.6451720750472032,-1.8460618559719364,-1416.9740696158165
966,-208.07511764422588,0.9795684037479017,0.15245778116360903,4.0,23.0,0.0,208.70274770921716,0.8740023986074934,0.1259976013925066,-1.8918747954238988,-1.2074058933117326,-1417.7430353684147
967,-210.23257295674875,0.9751639163944519,0.1675477323182468,4.0,15.0,0.0,211.16804994855224,0.01437300819769166,0.9856269918023084,-2.089173986449223,-1.7860178153519763,-1416.3065902744868
968,-210.08423174713704,0.6708369826769359,0.15729865094802079,2.0,7.0,0.0,216.13043295629384,0.34072840749601785,0.6592715925039822,-1.6494166966780661,-2.123493293485599,-1434.6524735265614
969,-209.33544372920716,0.9748168281415597,0.1596093574081358,4.0,15.0,0.0,211.2172702172666,0.061372886224507345,0.9386271137754927,-0.20668886284041493,-1.8182745735050863,-1423.4308022861974
970,-209.25495924823952,0.3563720615400857,0.15245778116360903,3.0,15.0,0.0,211.1189699358245,0.7136553215964014,0.28634467840359856,-2.1101160787105946,-1.441926916900065,-1428.8731663389428
971,-210.68395137133908,0.9998473307394399,0.1675477323182468,2.0,7.0,0.0,211.5081909141559,0.008800374474081274,0.9911996255259188,-2.093493625209411,-1.772965428889702,-1416.0994049170806
972,-209.9582955201972,0.9773937225003448,0.15729865094802079,3.0,7.0,0.0,211.04523781683318,0.2057899162827571,0.7942100837172429,-1.5788422906720205,-2.043605662919829,-1432.069925282181
973,-211.04181590861776,0.6539418343323722,0.1596093574081358,2.0,3.0,0.0,212.43172251674386,0.08456974484353252,0.9154302551564675,-0.19576209971503722,-1.7094869906592436,-1437.5950043590867
974,-207.52814143222398,0.2258534369081482,0.15245778116360903,2.0,3.0,0.0,213.41834127748913,0.47868743152483856,0.5213125684751614,-2.0951047113245913,-1.5234391186181135,-1418.1707050760526
975,-207.79401932333468,0.9935283254897661,0.1675477323182468,5.0,31.0,0.0,211.05149511238147,0.1531124040633692,0.8468875959366308,-1.679214905057274,-1.7733625297478084,-1416.1290467691622
976,-210.66543544346302,0.8564739467835941,0.15729865094802079,1.0,1.0,0.0,211.07299654882422,0.19172840754240356,0.8082715924575965,-1.5950473345771992,-2.0612480158654503,-1436.4800607821599
977,-210.09497273987387,0.7481797852918551,0.1596093574081358,3.0,7.0,0.0,213.73739283216923,0.06589563099805737,0.9341043690019426,0.06446900828437357,-1.8473484880382587,-1429.0765220438311
978,-207.68912495517714,0.9787538551852915,0.15245778116360903,2.0,7.0,0.0,208.49647057033516,0.5431227035140915,0.45687729648590847,-1.7488061020847088,-1.593949425405505,-1420.2033301926294
979,-208.00090316134708,0.9848033282657581,0.1675477323182468,5.0,31.0,0.0,210.9383648501563,0.2912093333132495,0.7087906666867505,-2.2503453131554148,-1.660654091751901,-1419.1656272931712
980,-208.6734007286175,0.9926322157891927,0.15729865094802079,3.0,15.0,0.0,211.0674562618596,0.27782939326618045,0.7221706067338196,-1.6402565144942036,-1.9984845672543705,-1424.5975000010112
981,-209.042032310124,0.8814542387104798,0.1596093574081358,3.0,11.0,0.0,211.92233073804928,0.06138777987133056,0.9386122201286694,-0.5170237833774689,-1.8902989011496238,-1420.9809859168552
982,-212.16305260956318,0.36163030268166907,0.15245778116360903,4.0,15.0,0.0,213.3339203505699,0.0015755641040763547,0.9984244358959237,-1.120264205743387,-1.8142036521186802,-1417.0572152794757
983,-207.5632956394644,0.9976825075647611,0.1675477323182468,2.0,5.0,0.0,208.1992891214261,0.28360908006233987,0.7163909199376601,-2.1084280012625136,-1.6466105538502678,-1416.607972686199
984,-207.42176778569623,0.9873140085711319,0.15729865094802079,3.0,11.0,0.0,209.06685030537665,0.3109132178077746,0.6890867821922254,-1.7270967533155013,-1.8380141702739978,-1416.6838533109226
985,-210.2721905271278,0.7473406295202334,0.1596093574081358,2.0,5.0,0.0,211.5382722504947,0.01634854330228372,0.9836514566977163,-0.7557230549646601,-1.6851351388197382,-1421.0339935830639
986,-212.55630616438268,0.9955794234044697,0.15245778116360903,2.0,7.0,0.0,213.84539745569913,0.0009478799964344557,0.9990521200035656,-1.194081545488068,-1.7856809025129456,-1416.2090898008375
987,-208.2562318188863,0.8429112567178578,0.1675477323182468,2.0,7.0,0.0,208.98629272908653,0.24098730106643035,0.7590126989335697,-2.0048960442912303,-1.5620606639457377,-1421.270847597136
988,-208.00134322667128,0.9856980172879661,0.15729865094802079,4.0,15.0,0.0,208.1564602277524,0.46911900336872064,0.5308809966312793,-2.1518777230610198,-1.5911232359535332,-1421.0354096515937
989,-210.34594315884414,0.9560200140932008,0.1596093574081358,2.0,7.0,0.0,212.1191730344183,0.008595013388874674,0.9914049866111253,-0.8319443849261914,-1.8099635469573645,-1416.6750950405449
990,-209.61057470577686,0.9778703398660686,0.15245778116360903,3.0,15.0,0.0,212.99805541222406,0.018232956772258817,0.9817670432277412,-0.8628858654027763,-1.748788887611599,-1416.865536122303
991,-209.43626505858296,0.9617845659481508,0.1675477323182468,4.0,15.0,0.0,209.7658525270853,0.9128196361957402,0.08718036380425975,-1.651267129927827,-2.9138054457781375,-1419.565495281673
992,-207.3773195144532,0.9983940477559319,0.15729865094802079,3.0,11.0,0.0,208.2852339062541,0.4493542930148402,0.5506457069851598,-1.6062887848377922,-1.975772911975715,-1417.265752664342
993,-210.38046052526806,0.9875358462361672,0.1596093574081358,3.0,11.0,0.0,210.8116895927657,0.008526226298863753,0.9914737737011362,-0.5962535351095388,-1.7285561607497355,-1417.3978932903954
994,-210.84946065785468,0.9924602694774517,0.15245778116360903,2.0,7.0,0.0,212.1350289979502,0.005001515285054405,0.9949984847149456,-0.931527948373621,-1.745073736221891,-1416.4856735418762
995,-207.9901788554547,0.9923222851562818,0.1675477323182468,3.0,15.0,0.0,209.56010820972935,0.8235132250313967,0.17648677496860332,-1.68060719611845,-2.2443007359414557,-1416.6343571258444
996,-208.26699819045373,0.9717668716930251,0.15729865094802079,4.0,15.0,0.0,209.0502443786413,0.07964016763777414,0.9203598323622258,-1.131111464365692,-1.8095901303101094,-1416.6736565625197
997,-209.1295907567593,0.6452556033656014,0.1596093574081358,4.0,15.0,0.0,215.73307617226757,0.22334325861295415,0.7766567413870459,-1.4245445520882112,-1.6655537957300288,-1428.3674274903588
998,-210.3886187072775,0.9507409448077987,0.15245778116360903,4.0,23.0,0.0,212.90888078818057,0.01619147593593662,0.9838085240640634,-2.631017035075598,-1.7564589807760016,-1416.0767041148777
999,-208.1616040763751,0.9545224508126465,0.1675477323182468,4.0,15.0,0.0,208.78406524539324,0.26284286540220225,0.7371571345977977,-2.3495503849071926,-1.5384393043708362,-1419.7823946518577
