draws,lp__,accept_stat__,stepsize__,treedepth__,n_leapfrog__,divergent__,energy__,rho.1,rho.2,gamma.1,gamma.2,nu.1,nu.2,mu.1,mu.2,log_prob_data
0,-415.05314045358364,0.8583597062442122,0.17335359119587782,3.0,7.0,0.0,416.41373479789445,0.9962318578495593,0.0037681421504407453,0.15310112642173826,0.8468988735782618,0.34696847701995326,-0.3189919329988803,0.050802617171086376,0.42777078726161466,-2814.0426443456176
1,-406.496963335412,0.9707740474999071,0.14668717873054135,3.0,15.0,0.0,410.4833821918671,0.7582291450109663,0.24177085498903372,0.8579175790938788,0.14208242090612122,-0.4703608115651937,-0.717774150699358,0.12233457408934695,-0.038666700312796315,-2781.0741644251207
2,-405.48065013816733,0.9766086067290957,0.14062088753976898,3.0,7.0,0.0,407.78742086626414,0.5121648970782369,0.48783510292176313,0.6197968308270709,0.38020316917292907,-0.4351750756583429,-0.6107816460626626,0.09551189312592251,0.07234123513180094,-2780.8982312231497
3,-409.66105210893215,0.8663704826521241,0.15054256174518124,4.0,23.0,0.0,416.05062292142617,0.11733342302257098,0.882666576977429,0.9616379769634431,0.03836202303655689,-0.509247069899198,-1.8121334942064389,0.011448814648559902,0.0016854545884767754,-2788.320892256624
4,-407.4282491826755,0.9386040165083468,0.17335359119587782,3.0,11.0,0.0,416.6377387994017,0.9197833998237617,0.08021660017623833,0.1653646421792942,0.8346353578207057,-0.15590886466451526,-0.4736500181801809,0.03036418208885606,0.08276292905349285,-2782.507320545132
5,-406.60161618632407,0.9481635513677193,0.14668717873054135,4.0,15.0,0.0,408.15298811095977,0.8960282824964811,0.10397171750351886,0.691095265006625,0.308904734993375,-0.4025530339851806,-0.6152334486308708,0.023079108682197206,0.07781124029669084,-2781.170057191755
6,-406.22157725630984,0.947749483337403,0.14062088753976898,3.0,15.0,0.0,406.823356985796,0.4790429038045264,0.5209570961954736,0.6093719218098319,0.3906280781901681,-0.5750322609975664,-0.5680201893640385,0.07213039272319817,-0.027220448915650543,-2786.0067918776012
7,-407.81184925624206,0.9623176411959639,0.15054256174518124,4.0,31.0,0.0,411.11377096352135,0.18608693530969592,0.8139130646903041,0.9343778235078312,0.06562217649216884,-0.4172250296597016,-1.3315230248571566,-0.04129416041636336,0.05399310904441283,-2783.0567783593447
8,-408.9440352291289,0.804534052670343,0.17335359119587782,4.0,31.0,0.0,411.54985097395274,0.5586463729911788,0.4413536270088212,0.9352236750728768,0.06477632492712315,-0.40033157728714797,-0.4428258847379285,-0.32102400957347144,0.2098224839331289,-2795.4108771200167
9,-408.1948084517395,0.9782671935045112,0.14668717873054135,4.0,15.0,0.0,409.6021236147663,0.5879814705338072,0.4120185294661928,0.5875616752670773,0.41243832473292275,-0.7820432610296297,-0.08752281161749129,-0.3655889814675478,0.4324523876112265,-2799.313453843946
10,-406.5399237476273,0.9687363080812871,0.14062088753976898,3.0,15.0,0.0,408.9503808605629,0.6990433545214397,0.30095664547856027,0.7717221986263473,0.22827780137365272,-0.5168282473335004,-0.3310336799278511,0.2778515106359615,-0.12364948676102175,-2785.1110584740745
11,-408.61368543695176,0.9587488877693777,0.15054256174518124,4.0,15.0,0.0,410.0041259338624,0.22484783450855497,0.775152165491445,0.7752814807192685,0.2247185192807315,-0.28931621865222124,-1.369625666732319,0.01114442819756633,0.05159171958590757,-2796.7700050596454
12,-407.0196679217725,1.0,0.17335359119587782,4.0,15.0,0.0,409.5945058938559,0.3771437291417485,0.6228562708582515,0.6597495783393675,0.34025042166063246,-0.41220096062030975,-0.2991909091522927,0.36941709559681457,-0.24830653090325258,-2790.8708555609496
13,-409.1093238214974,0.8960735642730906,0.14668717873054135,4.0,15.0,0.0,410.64745945511964,0.8838468848049447,0.11615311519505533,0.4632947413411676,0.5367052586588323,-0.15973486326373032,-0.3753631304705661,0.07494699454315777,-0.24124998075651638,-2800.4905403392468
14,-407.95029715038015,0.9126701166349879,0.14062088753976898,4.0,15.0,0.0,409.1855844636981,0.0873523946139708,0.9126476053860292,0.7087645737453067,0.29123542625469334,-0.5297219620182897,-0.4452935167270986,0.11478461526780162,0.20566144708517384,-2789.188808843511
15,-410.0742531139436,0.9413165283607448,0.15054256174518124,4.0,15.0,0.0,410.90019080657856,0.6238207616904023,0.37617923830959765,0.48689698089533207,0.5131030191046679,-1.002954945315547,-0.2867970690618719,-0.08468736635574,-0.09209904602034703,-2812.1451835727157
16,-407.4042321721557,0.9687940147462347,0.17335359119587782,3.0,7.0,0.0,409.2746764896442,0.5533530107936703,0.4466469892063297,0.6469433602953213,0.3530566397046787,-0.635363983905182,-0.176716703666123,0.517513555449042,-0.3068998556291501,-2793.70517718956
17,-407.21151500652377,0.9991908121206968,0.14668717873054135,4.0,31.0,0.0,409.76590669840624,0.9084154383185151,0.09158456168148488,0.36752458278787575,0.6324754172121243,-0.24108502384057684,-0.4624589127548524,0.11480562241554947,-0.3747260344662614,-2785.294596216641
18,-406.1325510573165,0.8363694623945221,0.14062088753976898,4.0,15.0,0.0,411.8756569929501,0.48555623138848764,0.5144437686115124,0.5109401385620773,0.4890598614379227,-0.6227954487743542,-0.21444544970169654,0.3436163107806409,-0.21374846017158444,-2785.7868064704317
19,-406.3639316744553,0.9712577954413065,0.15054256174518124,3.0,7.0,0.0,412.2774355703814,0.3951149212700955,0.6048850787299045,0.2135101394532047,0.7864898605467953,-0.8478663952370105,-0.31280074547029063,0.2483741529637565,-0.01554203922986231,-2784.091728291623
20,-408.94331988639226,0.92627035310495,0.17335359119587782,4.0,31.0,0.0,410.4965865982993,0.8046380478455668,0.1953619521544332,0.972362648154844,0.027637351845156033,-0.5607376081962827,-0.30566803528031716,-0.09489182933068852,0.33510400923669487,-2786.6596120734707
21,-409.87764886547075,0.7712420158810703,0.14668717873054135,4.0,23.0,0.0,414.3403783968719,0.9578353544998293,0.04216464550017074,0.888917528336331,0.11108247166366902,-0.46070672534374923,0.12943297504921145,-0.09681945485434326,1.3951683618111008,-2791.286126611229
22,-407.97418903564943,0.8346094763337342,0.14062088753976898,4.0,15.0,0.0,410.64278701555367,0.7651685370221895,0.23483146297781055,0.37655176674609003,0.62344823325391,-0.47374222757905055,-0.5862385913153904,-0.2746212268971718,0.7277833324609297,-2795.304714769786
23,-407.0483099242353,0.9091480834159881,0.15054256174518124,4.0,31.0,0.0,409.1204746125695,0.8087477465850881,0.19125225341491192,0.6622639145196245,0.3377360854803755,-0.43474748680907094,-0.4793584487247791,0.29333128535236963,-0.32865113652118005,-2788.0231681676814
24,-406.9636603972422,0.9813491630283624,0.17335359119587782,4.0,31.0,0.0,411.1514938638311,0.3695884189516478,0.6304115810483522,0.6862425519122275,0.3137574480877725,-0.6048582951551683,-0.5049809514566551,0.007448236664674937,0.2536876874967794,-2789.942847752291
25,-406.8569007220239,0.7810431794719881,0.14668717873054135,5.0,31.0,0.0,414.7708135588773,0.8505928164113202,0.14940718358867977,0.233787253286912,0.766212746713088,-0.5980387251424767,-0.40903343467553294,-0.07525239261633877,0.3496146872414361,-2783.7753196337576
26,-407.31700758405185,0.8081147737958972,0.14062088753976898,2.0,7.0,0.0,411.0033232696986,0.8119073164204393,0.18809268357956066,0.507175784830357,0.49282421516964303,-0.3568771507394295,-0.35793556433356605,-0.11952221019958015,0.7629491621309653,-2790.35207113902
27,-407.29115336027945,0.9383197057067058,0.15054256174518124,3.0,7.0,0.0,409.2069618726983,0.7177404207969501,0.2822595792030499,0.45002995925155304,0.5499700407484469,-0.38559720030357447,-0.6589423444170075,0.3273876915407852,-0.13623086343594112,-2792.1814565445356
28,-407.8573622301904,1.0,0.17335359119587782,4.0,15.0,0.0,408.81391574909486,0.12391730875803125,0.8760826912419688,0.7437236039990542,0.25627639600094576,-0.5817759523021558,-0.1305372861707002,-0.008222843603013417,0.22242376421252325,-2790.2406904171835
29,-408.4886094525442,0.8685044697014841,0.14668717873054135,4.0,15.0,0.0,412.07208003006855,0.980902636280846,0.019097363719154048,0.6903211941823959,0.3096788058176041,-0.33660676537930445,-0.5482559003430886,0.04037510449848143,0.22641981023939617,-2783.203378204287
30,-407.0165212665725,0.9827671532975977,0.14062088753976898,4.0,15.0,0.0,409.5177484765433,0.8033347665779806,0.19666523342201936,0.18076829526411403,0.8192317047358859,-0.7347750094406027,-0.3206009561293539,0.04461382392619846,0.3351333285898915,-2784.97713965511
31,-407.9513159521579,0.9184684872566498,0.15054256174518124,4.0,15.0,0.0,410.2515548514753,0.34451339671553105,0.655486603284469,0.7750885035642531,0.22491149643574693,-0.2407571645403917,-0.6087100655140427,0.0705244462366958,-0.05669535574264846,-2795.305409592482
32,-407.86458991020777,0.8118882988374096,0.17335359119587782,2.0,7.0,0.0,411.83601409605046,0.07432284357577601,0.925677156424224,0.8149142988799924,0.18508570112000755,-0.6463524031549412,0.014496796341876186,-0.1905251283091135,0.06324773107517409,-2785.4772247309966
33,-408.84643559437956,0.9828476661598121,0.14668717873054135,3.0,15.0,0.0,412.7356014853218,0.9878125263488795,0.012187473651120495,0.20299353232588366,0.7970064676741163,-0.5013505984518201,-0.42814899531984213,0.07877728473475612,-0.39162434156344283,-2780.586144884327
34,-406.2076974649916,0.7848770437181645,0.14062088753976898,3.0,15.0,0.0,410.01149285055504,0.5168747524518348,0.4831252475481652,0.39040914207546085,0.6095908579245392,-0.3740030984630458,-0.3653928067400493,-0.11260482348661342,0.25577745807472924,-2786.179537835858
35,-409.0782905696981,0.9786009317718564,0.15054256174518124,4.0,15.0,0.0,411.6859940734501,0.16872277154930007,0.8312772284507,0.42791753484214057,0.5720824651578594,-0.6102961315320887,-0.5602060603761669,-0.7450692864520285,0.3510321880081325,-2801.344293862184
36,-407.9991908443013,0.9522908635114674,0.17335359119587782,5.0,31.0,0.0,408.9523928409751,0.8598689307561578,0.14013106924384222,0.17489840939727316,0.8251015906027268,-0.30472626600789476,-0.4245654754015704,0.1352747949569053,0.5079940217114958,-2789.8942259496625
37,-407.82776601375264,0.823664861103237,0.14668717873054135,4.0,15.0,0.0,413.7077724163966,0.9093931522785469,0.09060684772145311,0.27353669124360797,0.7264633087563921,-0.27396262968036483,-0.679590010864002,0.10970280914972354,-0.6155452872451244,-2787.9679399288348
38,-407.44909485813156,0.9749010235454387,0.14062088753976898,3.0,15.0,0.0,408.006559863607,0.5915310842756267,0.40846891572437327,0.17194915784155132,0.8280508421584487,-0.8819203729886542,-0.24313577143406695,0.06842185185823423,-0.005634227308703964,-2790.555435598749
39,-408.73803448211754,0.9320163083313382,0.15054256174518124,3.0,7.0,0.0,412.94524582004067,0.19844808652586757,0.8015519134741325,0.5411083647542759,0.45889163524572407,-0.5263383226769345,-0.8042211038004846,-0.4969187203640808,0.20573990362410471,-2800.0923930593026
40,-407.98427910582154,0.9112077851657704,0.17335359119587782,3.0,15.0,0.0,412.5932791198501,0.8987279083334567,0.10127209166654327,0.5713781446443084,0.42862185535569164,-0.5081333221746042,-0.23549444477016687,-0.02853336545169312,1.335031812238785,-2790.1706884514438
41,-407.3694316509292,0.9258212486549003,0.14668717873054135,2.0,7.0,0.0,410.26538382402504,0.9098397047331417,0.09016029526685831,0.31795045336737704,0.682049546632623,-0.28592388918155964,-0.5572410452382365,0.020775275901906184,-0.5021777666288674,-2785.619013811636
42,-406.33514559542056,0.988576301228706,0.14062088753976898,3.0,15.0,0.0,408.9228072598044,0.6996294837045116,0.3003705162954884,0.2292116650069154,0.7707883349930846,-0.7188147868973583,-0.336982404115628,0.07728305439001268,-0.10870243605369963,-2783.5542253916838
43,-414.94075501944695,0.752055022483122,0.15054256174518124,4.0,15.0,0.0,416.918741891717,0.07898222041502843,0.9210177795849716,0.1982996150819649,0.8017003849180351,0.14387456507946722,-0.8958234806668199,1.810263692063707,0.09212062371205025,-2831.954178019403
44,-405.9488673376495,0.9655091692802027,0.17335359119587782,4.0,31.0,0.0,409.616615019874,0.8049455120476441,0.19505448795235591,0.40506571992774937,0.5949342800722506,-0.46946074239276586,-0.459399733387697,-0.0388193169702294,0.2864789686734638,-2781.1315096474477
45,-411.9109272783694,0.9246307350697683,0.14668717873054135,3.0,7.0,0.0,418.03374689269094,0.9003650034609736,0.09963499653902641,0.5618097732133941,0.4381902267866059,0.13934409846237553,-0.8518216764330628,0.13283562907463545,-0.8182993523119805,-2817.8046380894943
46,-406.254812036705,0.9938696419248353,0.14062088753976898,3.0,15.0,0.0,410.33104630311163,0.8322081876001883,0.16779181239981167,0.2826032252443468,0.7173967747556532,-0.25226003112961576,-0.5629761813942321,0.07983368554125908,0.16137810896416338,-2781.3292345367126
47,-409.6924137145633,0.8868812240993964,0.15054256174518124,3.0,7.0,0.0,418.32324469543937,0.08185290222231027,0.9181470977776898,0.0844571019062474,0.9155428980937526,0.11225541906715537,-0.5626411397265838,1.6463697575851488,0.022129208305575382,-2791.8688454197263
48,-407.09455473774926,0.9904118487269202,0.17335359119587782,3.0,15.0,0.0,408.54632081461756,0.6900622479808102,0.3099377520191898,0.21932542745273526,0.7806745725472648,-0.9565543557090582,-0.4429835664715751,0.1412889690551716,-0.28853787842994105,-2788.215918827625
49,-409.841506730063,0.9592323384141128,0.14668717873054135,3.0,7.0,0.0,414.8467239326912,0.8646878040307603,0.1353121959692397,0.012572356946249523,0.9874276430537505,-0.31963243069770175,-0.4220982757803752,0.20537406217828583,-0.619442467368008,-2785.3365533688952
50,-408.0261803158477,0.8215576264241421,0.14062088753976898,5.0,31.0,0.0,408.77112832285934,0.06633816182605398,0.933661838173946,0.5779637349816874,0.4220362650183126,-0.5841715871588785,-0.4703116278842446,0.8880669777783766,0.12777925030552834,-2788.4032243238617
51,-411.33656751538473,0.8986281282661905,0.15054256174518124,4.0,15.0,0.0,413.3419315801816,0.06928032100007629,0.9307196789999237,0.22073701196087317,0.7792629880391269,0.15582231014004885,-0.5629391135120965,1.5420898912162666,-0.20922511213865624,-2807.9307586042564
52,-406.0115007480655,0.9940331735191901,0.17335359119587782,3.0,15.0,0.0,409.45172490352525,0.6096347371186838,0.39036526288131623,0.2773922486112183,0.7226077513887816,-0.18238097498455683,-0.5006303011283542,0.15166291508551755,-0.11823025687803446,-2783.332249406648
53,-407.44623016540044,0.9105671457758283,0.14668717873054135,4.0,15.0,0.0,411.7815484242049,0.30064988263546083,0.6993501173645391,0.853068575713276,0.146931424286724,-0.6744770277044266,-0.05608707319653952,-0.07247790101654751,0.1558550067546433,-2789.000403564721
54,-409.8389016850274,0.9639354876280938,0.14062088753976898,4.0,31.0,0.0,410.6708636990608,0.17434389493850946,0.8256561050614906,0.1340062895848259,0.865993710415174,0.018232797820758956,-0.475296970781599,1.1699118222652114,0.04015136193218125,-2801.4213979739566
55,-410.1502937744748,0.7482235649955927,0.15054256174518124,2.0,7.0,0.0,417.49881169770583,0.0902889427789867,0.9097110572210133,0.23547537424856088,0.7645246257514391,0.11089674549006384,-0.7801263602960812,1.4719251324959808,-0.043039634296575396,-2801.699963487025
56,-407.1550410100462,0.8579046458935056,0.17335359119587782,4.0,15.0,0.0,410.18955299762035,0.4930363897228931,0.5069636102771069,0.16331684704310603,0.836683152956894,-1.172579156274193,-0.4295997250126061,0.03640992129787814,0.009256759619424612,-2787.8530551328804
57,-407.58651580943837,0.9782725026867437,0.14668717873054135,4.0,15.0,0.0,410.26292058227347,0.3791280524761015,0.6208719475238985,0.9009297163034262,0.09907028369657378,-0.6492319390240837,-0.058792420111153626,0.016568779985296503,0.0815668662661752,-2788.4519470944674
58,-409.5616933415627,0.9887274603000235,0.14062088753976898,5.0,31.0,0.0,411.7187086906893,0.01443045780718228,0.9855695421928177,0.6300990553832351,0.3699009446167649,-0.5670552963116073,-0.03086447332559314,0.6001906963597782,0.07778123977135507,-2789.1184270492904
59,-412.18545445306546,0.8029072477175907,0.15054256174518124,2.0,3.0,0.0,413.6142695796665,0.17893341244051766,0.8210665875594824,0.3045384439318069,0.6954615560681932,0.16059619188794722,-0.5589214308955303,1.4870453492546631,-0.05237835054355734,-2821.1023562147525
60,-406.52265890659515,0.9344748154097587,0.17335359119587782,3.0,15.0,0.0,410.2303706779815,0.4713538690151339,0.5286461309848661,0.4466409593743669,0.5533590406256331,-0.7487526564540472,-0.12280310828606694,0.04470998509810381,0.07047513251864444,-2788.401721617441
61,-410.791529492646,0.9797497252508014,0.14668717873054135,3.0,7.0,0.0,412.2297061249527,0.28727264156675864,0.7127273584332414,0.5224924448991192,0.47750755510088083,-0.6135134231586232,0.1794874680241869,-0.20539018850102264,0.13858117031743866,-2816.6957861136066
62,-410.89365553886245,0.9602260894634952,0.14062088753976898,4.0,19.0,0.0,414.9844580895972,0.0034086545251069424,0.996591345474893,0.9030693199562058,0.09693068004379424,-0.518599797262157,-0.30652835012549595,-0.22635937296418102,0.120448740623671,-2781.8877989864704
63,-408.8316475902313,0.9985082846212133,0.15054256174518124,4.0,31.0,0.0,415.0458907669475,0.13017052360983308,0.869829476390167,0.030541704014233846,0.9694582959857662,0.3590470983273855,-0.5451661941009581,0.7752423505197421,-0.0013801479313401144,-2783.86136044579
64,-406.77805425249926,0.9935289595776511,0.17335359119587782,4.0,31.0,0.0,409.0221577690634,0.2165229946943438,0.7834770053056562,0.8839073548679535,0.11609264513204653,-0.4995459479454116,-0.0844948766476121,0.282995415832597,-0.026997698606149634,-2781.649605773458
65,-407.9781896825468,1.0,0.14668717873054135,4.0,31.0,0.0,411.7619136577731,0.24873366795040389,0.7512663320495961,0.9771561734318146,0.0228438265681854,-0.4804397528543519,-0.2448048195507439,0.018008068721494123,0.09272724184974539,-2780.103338029572
66,-408.4602741901506,0.9839867559772666,0.14062088753976898,4.0,31.0,0.0,412.67910039337613,0.020864322625088208,0.9791356773749118,0.6588182319038608,0.3411817680961392,-0.5163260128419415,-0.476453735882022,0.85925999179045,0.12665592662774694,-2783.2784954469885
67,-409.3178911754455,0.9343165570327381,0.15054256174518124,5.0,31.0,0.0,410.4737595800074,0.1808277081560721,0.8191722918439279,0.026959092659438872,0.9730409073405611,0.3116438795342208,-0.4635445640986874,0.9915371371438095,-0.08127729599164354,-2788.0027561764127
68,-406.32637805180883,0.9401757606176605,0.17335359119587782,2.0,7.0,0.0,408.3609365588969,0.5205510322334396,0.47944896776656043,0.759343737944736,0.24065626205526403,-0.6208161633362086,-0.1265512661612057,0.3379137550552366,-0.17398263653221335,-2785.002949721021
69,-406.20476158298544,0.9802705846792613,0.14668717873054135,5.0,31.0,0.0,410.86148629138506,0.6939122140049548,0.30608778599504516,0.2878612756050247,0.7121387243949753,-0.10978032519950114,-0.603289519022972,-0.0814104825825083,0.40461358364249905,-2783.842063522736
70,-409.3526014633408,0.9613155200771624,0.14062088753976898,4.0,31.0,0.0,413.5509633833473,0.0061689269306729,0.993831073069327,0.42149733580654997,0.5785026641934501,-0.28897929061631933,-0.5654327931612838,-0.14368718473783798,0.01824374982455485,-2782.4017156118757
71,-407.9668434281969,0.867742990302109,0.15054256174518124,5.0,31.0,0.0,410.9663820095874,0.6857278572460234,0.31427214275397664,0.3134973398763859,0.6865026601236142,-1.1605391786983912,-0.25838501166633837,-0.07732574574944251,0.2644514948281732,-2795.6360671033076
72,-405.8161704413176,0.9930726035940096,0.17335359119587782,3.0,11.0,0.0,407.8336422473639,0.509958220295898,0.490041779704102,0.751616691355406,0.24838330864459401,-0.4635625010632378,-0.27845511765757675,0.040106839898569696,0.08477509150348635,-2781.84641298463
73,-406.16639002875905,0.9541562595742153,0.14668717873054135,4.0,31.0,0.0,407.2701021939092,0.43559944455490335,0.5644005554450966,0.7789278815117568,0.22107211848824315,-0.5751342823408716,-0.08773966342574277,0.05201938244255805,-0.014630783612150616,-2783.5600433070913
74,-408.8006257613068,0.9657089501864158,0.14062088753976898,4.0,23.0,0.0,411.69994090043986,0.014019203498237476,0.9859807965017625,0.3724441433227803,0.6275558566772197,-0.45245957113899027,-0.5482562032015845,0.11300200609181002,0.14366417067432063,-2783.8132900830337
75,-409.6747133936195,0.892533520100041,0.15054256174518124,4.0,15.0,0.0,411.1318960006247,0.06628150526294828,0.9337184947370517,0.024225410672881052,0.9757745893271189,-0.8960404095796386,-0.47046063277403855,-0.3630108928069811,0.007841988097626124,-2783.8454402365655
76,-410.66186777767905,0.8050087312730235,0.17335359119587782,4.0,15.0,0.0,412.0252783523867,0.22173760145264745,0.7782623985473526,0.995161212123396,0.004838787876603967,-0.3644434035559346,-0.7178590244616034,-0.18697814681241948,0.18982984496411473,-2787.134758714651
77,-408.3835787309388,0.9722811028205405,0.14668717873054135,4.0,23.0,0.0,411.07611799593354,0.6434014998358372,0.35659850016416283,0.9592805540105294,0.04071944598947064,-0.47327489791057314,0.9237388202362287,0.14312483183391966,-0.20970535507051302,-2787.459605914675
78,-409.3050695317364,0.9461950910953271,0.14062088753976898,4.0,19.0,0.0,411.7333050885026,0.04046505542038076,0.9595349445796193,0.8358740757194881,0.16412592428051187,-0.6155677244472496,-0.2982084862695409,-0.8106985159331384,0.0015702077119560294,-2790.245528439992
79,-409.0130789045049,0.9146057825308896,0.15054256174518124,4.0,15.0,0.0,412.598098614627,0.13809344532518067,0.8619065546748194,0.22970367741533143,0.7702963225846686,-1.1136142178280128,-0.3711402224826194,-0.615098733192137,0.2866539979764783,-2797.1083056274115
80,-410.7632437778291,0.9531034024748752,0.17335359119587782,3.0,7.0,0.0,412.69203399958036,0.1280061495040691,0.8719938504959309,0.9970923948502206,0.002907605149779391,-0.42993092393628435,-0.5588445240271342,-0.1178566135406872,0.05680466068098352,-2781.4972805250836
81,-409.05184234530174,0.8961175664492037,0.14668717873054135,4.0,15.0,0.0,410.77019924011114,0.7100301841153429,0.2899698158846571,0.9839910629486074,0.016008937051392613,-0.5851658017326032,0.5133918483533199,0.09278622695677195,-0.0473089769359502,-2785.507863385542
82,-411.76806082426083,0.9561032192123446,0.14062088753976898,4.0,19.0,0.0,412.73757891117873,0.9844655748287081,0.015534425171291888,0.9600445888767022,0.03995541112329781,-0.656336320177556,0.33809552454012776,0.08765282847076547,0.25545887665006645,-2792.457912810641
83,-410.19142718827555,0.761340428497601,0.15054256174518124,4.0,15.0,0.0,414.2354056025905,0.4588866120161285,0.5411133879838714,0.03656581646536996,0.9634341835346301,-1.0540415283815878,-0.44094391882738204,0.34436078928750646,0.19018783656196042,-2799.505513656659
84,-409.63485930178666,0.9824093190392504,0.17335359119587782,5.0,31.0,0.0,412.69845270255746,0.5442960766243403,0.4557039233756597,0.8318420447218097,0.16815795527819033,-0.16039012985258355,-1.340244135785932,0.2988748043093378,-0.05496931384819297,-2804.7864792317732
85,-412.98988411538915,0.9248907593994263,0.14668717873054135,4.0,31.0,0.0,416.5368372309667,0.9742385547652398,0.025761445234760205,0.9764392938352658,0.023560706164734158,-0.33790869141103697,0.689645431303406,0.10940677085266201,-1.664429558872475,-2798.41027393794
86,-409.68050245256325,0.9814030280281286,0.14062088753976898,5.0,31.0,0.0,413.57238781809195,0.9872754986267118,0.012724501373288177,0.7706722652066527,0.22932773479334734,-0.3306974608796938,-0.9611103103397132,-0.007163384562786035,1.2165468167228872,-2785.5953776057804
87,-407.35715398580834,0.9848598352472822,0.15054256174518124,2.0,3.0,0.0,410.72342761011237,0.3334020833121757,0.6665979166878243,0.054578989386695934,0.9454210106133041,-1.142024263255125,-0.44964924765151376,0.05995352989078015,0.020883556649732196,-2781.7540467301183
88,-408.2620462639504,0.9690582034878775,0.17335359119587782,3.0,15.0,0.0,412.25419587790236,0.6507771215068358,0.34922287849316425,0.9826224595952334,0.017377540404766578,-0.43662994932485083,-0.9066743011595201,0.08247662454824228,-0.03670729752552407,-2780.942768025323
89,-413.6418187219625,0.9810673664574872,0.14668717873054135,4.0,31.0,0.0,416.76569790122693,0.9952359564853128,0.004764043514687177,0.9921197776583326,0.007880222341667409,-0.46211457211040635,1.3405683095844034,0.13756748133733643,-1.2353584666388686,-2783.788148966116
90,-409.7910179817835,0.9834958410512903,0.14062088753976898,3.0,15.0,0.0,411.13034271136894,0.7873374772079857,0.21266252279201425,0.9179854328533434,0.08201456714665656,-0.45166002777230585,-0.6456535634626482,-0.1348962786930887,1.2153445289030116,-2798.6972438137805
91,-408.2888437789053,0.9807041282462227,0.15054256174518124,4.0,15.0,0.0,408.7871111663968,0.5074381514385885,0.4925618485614115,0.25620745127505595,0.743792548724944,-1.241962620546561,-0.19747203276218295,0.11882837752607624,-0.09580454756954049,-2797.9446325994063
92,-410.4642002616702,0.9503186619867104,0.17335359119587782,4.0,31.0,0.0,411.4365840296077,0.6974894509322785,0.30251054906772146,0.030702404698084315,0.9692975953019157,-0.5124051209783893,-0.5666793200366076,-0.05776407804914743,0.8299570418019164,-2799.2587817850076
93,-407.8917897273776,0.9973790752544991,0.14668717873054135,4.0,31.0,0.0,414.6580999832514,0.6332350552982043,0.36676494470179566,0.7606750051436482,0.23932499485635184,-0.6124837830544354,0.17583919207877358,0.3520206398298903,-0.4308883330845027,-2795.14653362747
94,-407.173598199868,0.7804934293468486,0.14062088753976898,4.0,31.0,0.0,412.44242881446786,0.9240894715102067,0.0759105284897933,0.4132895757086936,0.5867104242913064,-0.19357160285120062,-0.571554842320533,0.0010860939442319806,0.4274022247163516,-2784.0413754153838
95,-408.8980518168438,0.9993647066915557,0.15054256174518124,5.0,31.0,0.0,409.7112421623213,0.28949087140779123,0.7105091285922087,0.012151518909979982,0.98784848109002,0.5614172187634305,-0.5364850285088306,-0.16107490377745534,0.17720636612344204,-2782.5237883049685
96,-408.6759177782384,0.9982201726537726,0.17335359119587782,4.0,15.0,0.0,412.122360530071,0.30785796159461765,0.6921420384053824,0.6095640048270179,0.3904359951729821,-0.35003768304094474,-0.911693080360897,0.8168658289899419,-0.10871616642487357,-2801.0273073844382
97,-406.920038912006,0.7197654343452932,0.14668717873054135,4.0,15.0,0.0,410.8159783185534,0.6328802950525717,0.3671197049474283,0.815498918355111,0.184501081644889,-0.5291292584168378,-0.6493835817995423,0.013205803948217305,-0.08407651709658344,-2787.1260926811146
98,-406.64309051278553,0.974546934199634,0.14062088753976898,4.0,15.0,0.0,407.65069526883656,0.8801664059237584,0.11983359407624161,0.47428111085307884,0.5257188891469211,-0.35704062504758005,-0.6207635162853158,0.07694321596972886,0.5097829840512829,-2783.1865707152388
99,-409.2869039776904,0.9841191188343166,0.15054256174518124,4.0,23.0,0.0,410.6266517060976,0.34043860666896675,0.6595613933310333,0.008862097765002396,0.9911379022349976,0.8212703664537989,-0.5470130679813334,0.2507505728629735,-0.06749932488967379,-2783.3293133564976
100,-408.8916986690001,0.7733743422053774,0.17335359119587782,2.0,3.0,0.0,411.3225477687375,0.16271505038780873,0.8372849496121912,0.8247109421614119,0.17528905783858806,-0.41329994854163704,-0.8327751884998394,0.796786349395354,-0.24780438549595646,-2796.04682664819
101,-406.2612387775097,0.9950401263287877,0.14668717873054135,4.0,31.0,0.0,408.00651946163623,0.6258851910157358,0.3741148089842642,0.720292432911607,0.27970756708839295,-0.5666215122705203,-0.41529915985431415,-0.16950336796202026,0.2810218932816366,-2784.7385448806604
102,-405.7635259577598,0.9434691661116418,0.14062088753976898,4.0,15.0,0.0,407.81413068371336,0.41141222963015206,0.5885877703698479,0.7414252617984428,0.2585747382015572,-0.5056931824523995,-0.42838765736114337,-0.19069086476454616,0.2195861517109551,-2781.25643787248
103,-408.2594163237356,0.8834997143039653,0.15054256174518124,5.0,31.0,0.0,411.8392810446141,0.2673192478872431,0.732680752112757,0.8162608835606356,0.18373911643936436,-0.5526285716820394,0.37741726484171356,0.5049017275381618,-0.005659456376012756,-2795.1813806076834
104,-408.38291946451704,0.9967949633343726,0.17335359119587782,5.0,31.0,0.0,410.87799890170265,0.12692892517054466,0.8730710748294553,0.06569107074425246,0.9343089292557476,-1.3254554983239721,-0.367167160076662,0.18790398382618803,0.09914753187788765,-2784.8630257715095
105,-407.22822923959586,0.9634287424124871,0.14668717873054135,4.0,15.0,0.0,410.15687005697714,0.602680603960158,0.397319396039842,0.24621194916839395,0.753788050831606,-0.05384511611323645,-0.7440980354828529,0.02893866998613448,0.033694009629924124,-2791.0427432689485
106,-411.47069540563444,0.946989096971017,0.14062088753976898,4.0,31.0,0.0,413.1016322841147,0.01956621136939135,0.9804337886306087,0.9898330039789829,0.010166996021017116,-0.5277144176592207,0.943204441977794,-0.46186113549949254,0.09365985257215864,-2782.059623825649
107,-410.3817113941923,0.8111990933037678,0.15054256174518124,5.0,31.0,0.0,413.37430431783787,0.2789459315454589,0.7210540684545411,0.9815134762693829,0.0184865237306171,-0.4865156997442854,-1.595048143834264,-0.15009117084137671,0.35583922109750354,-2793.512171075636
108,-412.50592399148474,0.9538224774405772,0.17335359119587782,5.0,63.0,0.0,415.15174061302827,0.8445540159616742,0.15544598403832577,0.0083504379647882,0.9916495620352118,-3.99547554113927,-0.5396705506668912,0.026441728271229523,0.04273446472276505,-2788.311925315836
109,-406.69821331585104,0.9847847459769078,0.14668717873054135,4.0,15.0,0.0,410.3278519766004,0.5219000998220812,0.4780999001779188,0.7881917999869524,0.21180820001304757,-0.314892386000687,-0.7963266382958014,0.03273914699422265,-0.06468742376058668,-2786.7790783295413
110,-411.39109142473694,0.9384119230576073,0.14062088753976898,3.0,15.0,0.0,414.5603948049863,0.048294379341503095,0.951705620658497,0.9867817366986934,0.013218263301306599,-0.44093833553441975,0.9814842252829541,-1.0715872905703416,0.03133569162579061,-2788.54553087396
111,-409.71744277424483,0.9722789219424163,0.15054256174518124,4.0,15.0,0.0,412.6211346284994,0.8163152159160997,0.18368478408390032,0.36295834496631346,0.6370416550336866,-0.3746367044705865,-0.1864836470637902,0.024843411486678957,-0.15009178026377507,-2806.8336065780613
112,-412.1842115977078,0.7181428910096467,0.17335359119587782,5.0,43.0,0.0,417.64460355101346,0.0937866598614657,0.9062133401385343,0.027452926689646617,0.9725470733103534,-2.515110699142086,-0.2773909459721612,-0.10427628590031078,0.04965285369108988,-2799.670875608378
113,-406.10572627630427,0.9981596855399394,0.14668717873054135,4.0,31.0,0.0,407.5457139151816,0.6441222040971807,0.3558777959028193,0.3547339155622479,0.645266084437752,-0.5410270585898703,-0.33858899400261594,0.03548576598612007,0.29549034224532494,-2784.490048191695
114,-410.7400048284424,0.9849061756314604,0.14062088753976898,5.0,63.0,0.0,412.97158457452707,0.9012701919984241,0.09872980800157594,0.9916902559745913,0.008309744025408738,-0.4505106171222463,1.3298388331946647,0.05106961371136032,-0.5566696462961774,-2785.45923626165
115,-409.56198146987583,0.9151389259149325,0.15054256174518124,4.0,15.0,0.0,412.78279286737995,0.18146835962460992,0.8185316403753901,0.8161485157912189,0.18385148420878106,-0.19417513745424947,-0.6008590236419641,0.01690331270308716,0.12879090847923044,-2802.5200240906975
116,-410.8530937252505,0.8747717172468884,0.17335359119587782,5.0,43.0,0.0,419.2768652155591,0.9696700964089872,0.03032990359101284,0.07088045546351647,0.9291195445364835,-1.2304530813749412,-0.3871390899627004,-0.041735850206766706,-0.9668205181855868,-2792.6766151207457
117,-406.9283566162165,0.9931141617492669,0.14668717873054135,3.0,15.0,0.0,407.72727790478984,0.7334549703087784,0.2665450296912216,0.36439087461927233,0.6356091253807277,-0.70472221744916,-0.3656413410675301,-0.22432628995424903,0.6581239807100491,-2788.6209743508275
118,-411.4070872440303,0.4308580513131987,0.14062088753976898,4.0,31.0,0.0,419.4810297736782,0.87803806376802,0.12196193623198004,0.9884534679435308,0.011546532056469161,-0.45202513289095697,0.8054069994585743,0.2227535712471191,-1.0815051760559213,-2793.7791544224497
119,-406.18675936845284,0.9989108065729675,0.15054256174518124,4.0,15.0,0.0,410.93138255725415,0.21497659208105946,0.7850234079189405,0.35287788295724637,0.6471221170427537,-0.5591211639109396,-0.49114852229865025,0.26455720664581023,-0.06113151328929446,-2782.804353506799
120,-408.0179836387376,0.9990633705989022,0.17335359119587782,4.0,31.0,0.0,411.80047084995573,0.3615723787238351,0.6384276212761649,0.6236353148560962,0.37636468514390375,-0.36365340505196136,-0.5395386135182646,0.24250137514759473,0.2523531418233183,-2797.87801795067
121,-407.67050576245936,0.857516955623361,0.14668717873054135,4.0,15.0,0.0,409.77632828910305,0.7403439902556478,0.2596560097443522,0.3567585026767504,0.6432414973232496,-0.6556979975057483,-0.5567146573890699,-0.1959935114996612,0.42936334314226415,-2793.6979892020063
122,-407.6892518594648,0.9675704571991773,0.14062088753976898,5.0,31.0,0.0,412.6477482467664,0.39751530917385564,0.6024846908261443,0.07500762419763683,0.9249923758023632,0.4331418586446406,-0.4532629313296334,0.08883461554592612,0.13190075700933956,-2787.552858382906
123,-406.1027853572005,0.9803054917174687,0.15054256174518124,4.0,15.0,0.0,408.3355343539412,0.3116807513872871,0.6883192486127129,0.20480178553040976,0.7951982144695903,-0.6311481545841846,-0.4650967875101003,-0.0823934860077012,0.18767564198804404,-2781.5219603030596
124,-405.49447802398873,0.9941568333715122,0.17335359119587782,3.0,15.0,0.0,408.55837007887334,0.4500164559831399,0.5499835440168601,0.5589545060594573,0.4410454939405427,-0.38206145826925836,-0.562188553671236,-0.02887168128499304,0.20895403483465647,-2781.300801813073
125,-406.144888855761,1.0,0.14668717873054135,3.0,15.0,0.0,410.3264874993275,0.385130965922892,0.614869034077108,0.26858004248393136,0.7314199575160687,-0.47298722247277025,-0.4606581196389945,-0.2074869827431293,0.33322124834412303,-2783.8477999571455
126,-409.0897611704179,0.9218530843841858,0.14062088753976898,3.0,7.0,0.0,409.9734080427095,0.5913118001748018,0.4086881998251982,0.12104658265328751,0.8789534173467125,0.5882685216151254,-0.5141770587570101,0.31106517008762435,0.015543811557375173,-2799.9930702090987
127,-407.47521130688057,0.889131525786952,0.15054256174518124,4.0,23.0,0.0,409.84573442678465,0.33295438380419023,0.6670456161958098,0.4531313921535556,0.5468686078464444,-0.6545904502133508,-0.4376832628244316,-0.5643712067763803,0.21975151372776996,-2793.8560405212943
128,-406.7630792384991,0.9483990592478864,0.17335359119587782,4.0,15.0,0.0,408.4020167453406,0.8490370179223288,0.15096298207767123,0.625669369289015,0.37433063071098505,-0.5291029270217393,-0.4228216486715849,0.18363306312879696,-0.6774497427604106,-2784.7802617566504
129,-405.7995764195404,0.9341984274044662,0.14668717873054135,3.0,15.0,0.0,408.3354506983397,0.29017066492489474,0.7098293350751053,0.6510201594717427,0.34897984052825726,-0.560693052177441,-0.4574586815322511,-0.05712811505472209,0.12056832709428533,-2781.545287679181
130,-407.96977312461433,1.0,0.14062088753976898,5.0,31.0,0.0,409.5211858390054,0.7666981950039833,0.23330180499601672,0.909913611971382,0.09008638802861801,-0.5399450307457379,0.5710337280679632,0.13785364776613282,-0.30847469698730123,-2788.355651532719
131,-410.4624870984717,0.9075893787291278,0.15054256174518124,4.0,31.0,0.0,411.74794861375267,0.004628961299242977,0.995371038700757,0.8889574202699871,0.11104257973001286,-0.5619296565734692,-0.18343116743558657,-0.35166452996847003,0.07507036934753997,-2781.8016655052934
132,-409.3193953926866,0.7559998490146337,0.17335359119587782,4.0,31.0,0.0,411.5114249959241,0.8764312788613727,0.12356872113862727,0.8896024670395051,0.11039753296049493,-0.49345608561853316,-0.021526840589462352,-0.06358399099629128,-0.3707601004843867,-2795.7599681846364
133,-406.2400898336588,0.9885346533046357,0.14668717873054135,4.0,31.0,0.0,407.9445190100178,0.3348075750887667,0.6651924249112333,0.18634314605603808,0.8136568539439619,-0.5635624322807008,-0.3812186718234312,0.25955133792768503,0.0007074635421295133,-2782.343956793293
134,-407.96977312461433,0.38280700109817917,0.14062088753976898,2.0,3.0,0.0,413.5203849404263,0.7666981950039833,0.23330180499601672,0.909913611971382,0.09008638802861801,-0.5399450307457379,0.5710337280679632,0.13785364776613282,-0.30847469698730123,-2788.355651532719
135,-410.48044777809054,0.9656919349723264,0.15054256174518124,4.0,31.0,0.0,414.41376869832965,0.9652361427028159,0.03476385729718412,0.8014994170487655,0.19850058295123452,-0.6672083827956251,-0.19076064114495944,-0.09536381039755881,0.0656292316347441,-2798.924239940054
136,-405.96543004875895,0.9754988551808651,0.17335359119587782,3.0,15.0,0.0,410.8327986686305,0.337547947630237,0.662452052369763,0.5256002516018908,0.47439974839810917,-0.5185105746235829,-0.4549656636050243,0.23578314778688275,0.11017685675124558,-2783.8993490878634
137,-407.8066525030665,0.9906680102619553,0.14668717873054135,4.0,15.0,0.0,408.49242731741475,0.8445855248606849,0.15541447513931506,0.23863464309682508,0.7613653569031749,-1.077328878502551,-0.3849889229941071,0.19561828626552502,-0.317019179461563,-2789.9709814255475
138,-408.7206339342559,0.9661491280872202,0.14062088753976898,4.0,31.0,0.0,412.19489130527376,0.08493132065246803,0.915068679347532,0.8430373929969954,0.15696260700300457,-0.5579209066631067,0.10292819499380954,0.3231161615120375,0.18006890308301832,-2791.3281421911474
139,-407.76931843481594,1.0,0.15054256174518124,4.0,15.0,0.0,412.01295204994534,0.1625119752932319,0.8374880247067681,0.1256673288089652,0.8743326711910349,-0.490871388685877,-0.5121520902094827,-0.4154115021564799,0.26845459792563,-2787.0932219292413
140,-409.2377767909989,0.9573075863489244,0.17335359119587782,4.0,23.0,0.0,409.9970364470502,0.25108942820499774,0.7489105717950022,0.6842217514275667,0.3157782485724333,-0.7236296565466066,-0.3487337653974487,0.9341557418951842,-0.05822177221306601,-2803.4734181580043
141,-407.9872600821981,0.9835254125493396,0.14668717873054135,5.0,31.0,0.0,411.03610142851034,0.3671350491083332,0.6328649508916668,0.037629603252902,0.962370396747098,-1.6004560793252691,-0.421880797780936,0.04318900832841973,0.12373086274453711,-2782.8917185553496
142,-410.98683219882827,0.6131710522367902,0.14062088753976898,2.0,7.0,0.0,415.22991266570244,0.1021402286600694,0.8978597713399306,0.8936271430239227,0.10637285697607735,-0.7647789743905955,0.0047980207978686185,0.3029497701723932,0.0934096998461558,-2805.6451387256934
143,-408.2450408377365,0.984143644820642,0.15054256174518124,4.0,15.0,0.0,408.62818189300305,0.4278247560862161,0.5721752439137839,0.9168001641655423,0.08319983583445767,-0.3988323431816849,-0.6314082350357197,0.08328045627791753,-0.19568245828710507,-2792.0382994837246
144,-408.64364885315604,0.9573522226165574,0.17335359119587782,4.0,31.0,0.0,412.2815572449034,0.16934309400150027,0.8306569059984997,0.023419869863952152,0.9765801301360478,0.2526781983508496,-0.4307490903709942,0.2596050302955032,-0.014625341348819793,-2782.891366151418
145,-411.28784561024065,0.9463477133203497,0.14668717873054135,4.0,23.0,0.0,414.7086044764798,0.06982320951752867,0.9301767904824714,0.846086196383158,0.15391380361684204,-0.20803613007695884,-0.764669243422111,1.1548273996889984,-0.1373249012364205,-2806.39729177641
146,-410.87019902970843,0.783901554685533,0.14062088753976898,3.0,15.0,0.0,416.8925907222932,0.20887275708013173,0.7911272429198682,0.940252649002852,0.05974735099714801,-0.3126025403607434,0.22942131535560845,0.670662481720218,0.03779352426006587,-2805.346068147118
147,-408.19943888535187,0.9484959766368386,0.15054256174518124,4.0,31.0,0.0,410.7273747251901,0.23673459097751806,0.763265409022482,0.616618003787786,0.383381996212214,-0.5075529469698741,-0.737043173367486,0.35881569458948154,-0.1943329540342197,-2797.1250530167176
148,-408.0185445185548,0.970060436071144,0.17335359119587782,4.0,31.0,0.0,411.3519562819513,0.26720118672562587,0.7327988132743741,0.025605105504504518,0.9743948944954954,0.2950015224398338,-0.46536668249367436,0.1499297465406632,0.07471540697401602,-2781.4459889052764
149,-410.8928716554606,1.0,0.14668717873054135,3.0,7.0,0.0,412.25457182052435,0.09590365301949506,0.9040963469805049,0.2319884335874492,0.7680115664125509,-0.5124137606415116,-0.20478192275809534,0.9196559310961558,-0.15225922574776024,-2808.5271039890004
150,-409.72812177012014,1.0,0.14062088753976898,4.0,31.0,0.0,413.00089788181685,0.017690244236319146,0.9823097557636808,0.48281305967777055,0.5171869403222294,-0.8356149142652984,-0.38713617357310104,1.1437756639661953,0.05786312501046674,-2790.858110538412
151,-407.83217510092487,0.936077698443864,0.15054256174518124,3.0,15.0,0.0,412.60960555113184,0.36117263240357,0.63882736759643,0.9147375270472038,0.08526247295279621,-0.6377406800102865,0.1857995754731867,-0.22537047444918712,0.1713774286774682,-2789.00164365097
152,-410.20618487094964,0.8874389472953106,0.17335359119587782,3.0,15.0,0.0,413.5912740200839,0.3788389732180076,0.6211610267819925,0.025368560661651638,0.9746314393383484,0.05567993945178684,-0.4085341993622141,-0.2062949092180179,-0.043260897098043184,-2797.8662996590606
153,-408.8758147710637,1.0,0.14668717873054135,3.0,7.0,0.0,412.23313243009306,0.1597983579876569,0.840201642012343,0.4736304052478114,0.5263695947521886,-0.8261542317413869,-0.47503264318803007,0.7533337874680128,-0.13424158141811626,-2799.6583966799417
154,-407.54673120331097,0.920838523275828,0.14062088753976898,4.0,31.0,0.0,412.3608080464964,0.7570632854938476,0.2429367145061524,0.7114852031226716,0.2885147968773284,-0.24576735193551105,-0.8885504759606232,-0.010445288383845508,-0.14061441923845422,-2791.8475834901437
155,-407.79400034409093,0.9881574493643901,0.15054256174518124,3.0,15.0,0.0,410.31107458870423,0.2507911601508904,0.7492088398491096,0.9589868157180198,0.0410131842819802,-0.4618884960273282,0.19925793196654998,-0.1724064429139752,0.08620625508957364,-2782.7899977756615
156,-410.4703937403543,0.9942318459191946,0.17335359119587782,4.0,15.0,0.0,412.34339019696654,0.239874958761011,0.760125041238989,0.11677419393829729,0.8832258060617028,0.5386348035507362,-0.5936658504904891,0.9589077353091798,0.0036090417300019273,-2806.6315794314446
157,-407.87349454289705,0.9470040965333796,0.14668717873054135,5.0,31.0,0.0,411.307943257718,0.30813219316926965,0.6918678068307303,0.09433679386756308,0.9056632061324369,-0.650521631893293,-0.4767718401400139,0.19525956402675285,-0.18036160887821062,-2789.198179175722
158,-412.0930217460176,0.8357202867529107,0.14062088753976898,4.0,15.0,0.0,413.3559874806288,0.3561270228271688,0.6438729771728312,0.9424587216822128,0.057541278317787214,-0.27904995410956807,-1.1924861889888572,0.5019157705744073,-0.43903509770563826,-2814.6527124773174
159,-406.9098143426049,0.9916178841103658,0.15054256174518124,4.0,15.0,0.0,408.3756959799565,0.760815363752406,0.239184636247594,0.7418577014522889,0.2581422985477111,-0.6801513093448879,-0.19522417061617087,0.13830779810730628,-0.2978122056615915,-2787.1205198122357
160,-407.21641838475114,0.9409800561037821,0.17335359119587782,4.0,31.0,0.0,412.7270004536029,0.3776038969419178,0.6223961030580822,0.23977135276663672,0.7602286472333633,-0.6460885554666856,-0.4535619021430785,-0.5028916158840769,0.2744435924528742,-2790.368429042216
161,-411.1968399930922,0.860315761757329,0.14668717873054135,5.0,31.0,0.0,415.4165962011422,0.9684334502539899,0.03156654974601014,0.9385568797128827,0.06144312028711729,-0.3439678471220428,-1.121312773749046,-0.04586355263530492,-0.8372204341158341,-2794.8516384236773
162,-408.2957367998564,0.9375215938779434,0.14062088753976898,4.0,15.0,0.0,415.786415878776,0.13115336434341976,0.8688466356565803,0.756415374403618,0.24358462559638205,-0.45852167303474306,-0.7810227762181174,-0.4179672789865543,0.2852911212368112,-2792.7900132402915
163,-412.3623844811687,0.7128910087724539,0.15054256174518124,5.0,31.0,0.0,416.8011964711786,0.35218075198431426,0.6478192480156857,0.9991947826597453,0.000805217340254738,-0.47017736836186863,-3.070590658165646,0.0762055404242774,0.11233370290372445,-2780.723269137159
164,-407.3145337530743,0.8865308484863522,0.17335359119587782,3.0,11.0,0.0,410.9033060771705,0.05248487355158259,0.9475151264484174,0.27362408151067147,0.7263759184893286,-0.32326846068074144,-0.49971694025353036,-0.5015857618004674,0.07730734520519779,-2781.2089296587164
165,-410.8280495301513,0.9524197942329329,0.14668717873054135,3.0,15.0,0.0,416.96036468273115,0.9698529706596041,0.030147029340395926,0.9490799426671167,0.050920057332883295,-0.5136785300378519,-0.951436900267295,-0.02870778939537199,-0.9714907636644441,-2790.7455299815542
166,-408.9396523140717,0.8682811786264698,0.14062088753976898,3.0,7.0,0.0,411.0566948738857,0.1525791970135906,0.8474208029864094,0.7939991938918114,0.2060008061081886,-0.19423396650154057,-0.6996470431963968,-0.258036999437383,0.1487481677575344,-2797.6856651483286
167,-409.9794820436135,0.8256972316568709,0.15054256174518124,5.0,31.0,0.0,417.18560733582007,0.20438657477917826,0.7956134252208218,0.9896906575529671,0.010309342447032854,-0.42646905379624855,0.030209467061550588,0.29522341853966894,-0.12844605101371914,-2787.570935062448
168,-407.7927732072015,0.9831030299376214,0.17335359119587782,4.0,15.0,0.0,408.47197014512176,0.02913432690655505,0.970865673093445,0.5908284167033193,0.4091715832966807,-0.5006693286324652,-0.4991804889651712,-0.5360174480795489,0.13143989475375745,-2781.801144595789
169,-407.7235640757107,0.9624190594492711,0.14668717873054135,4.0,23.0,0.0,413.23801816229087,0.6827903982459693,0.3172096017540307,0.8914452618051553,0.10855473819484474,-0.5384254065069963,-0.29046650190637213,-0.009994641158313156,-0.1762115320802718,-2789.4048704292904
170,-408.50631314972804,0.9982461931663357,0.14062088753976898,4.0,15.0,0.0,409.8423090985791,0.2614527833636251,0.7385472166363749,0.7516470132185697,0.24835298678143025,-0.5833641935304955,-0.8852247556515023,0.007015640475822829,0.11865156881236791,-2797.9247321589373
171,-410.775964257183,0.977731192235114,0.15054256174518124,4.0,15.0,0.0,414.66090625094307,0.013747089190709693,0.9862529108092903,0.6133009111887939,0.38669908881120607,-0.617358248790576,0.0011902519972188386,0.49802477337401013,-0.06510972303481705,-2797.3439273188283
172,-410.01237921300276,0.7296539552159751,0.17335359119587782,3.0,11.0,0.0,415.58780373312527,0.14773586045039527,0.8522641395496047,0.7727866680276849,0.22721333197231508,-0.2816039331935928,-0.24792939673410141,-0.5273335335573496,0.25122692597978463,-2805.5179897349058
173,-409.8354355328581,0.9939976080633063,0.14668717873054135,4.0,15.0,0.0,410.7788887335666,0.8172215442007443,0.18277845579925567,0.14710024955162812,0.8528997504483719,-0.5929027568814474,-0.5454872813315513,0.0669342597923032,-0.8707174210139179,-2802.3512234016653
174,-408.8385804573571,0.8543236237195228,0.14062088753976898,2.0,3.0,0.0,411.64786129980854,0.2755066854888975,0.7244933145111025,0.8408188517798126,0.15918114822018736,-0.6089652169614455,-0.910927593074884,0.03493147858175376,0.13451386193500026,-2798.080014846694
175,-411.9471818587221,0.9481240608397953,0.15054256174518124,4.0,15.0,0.0,414.145760077498,0.004233002192794891,0.9957669978072051,0.6234289253661771,0.3765710746338229,-0.5501618782753029,-0.2810526385665082,0.5735559313308856,0.24442074170338238,-2797.1755126114176
176,-407.64957431520486,1.0,0.17335359119587782,3.0,7.0,0.0,411.4097278279359,0.12322316636519484,0.8767768336348052,0.7887144794155827,0.2112855205844173,-0.4728433204423206,-0.6654124741315567,-0.5826227749653111,0.04307454121224612,-2787.32388007591
177,-407.0218167051132,0.9971886337978091,0.14668717873054135,3.0,15.0,0.0,410.52617326754023,0.8557565125451726,0.1442434874548274,0.7380211735212228,0.26197882647877724,-0.5113556416565302,-0.24566058456585965,0.22860135346360727,-0.4598757425119501,-2785.298961785165
178,-407.7983816418557,0.9988400581599843,0.14062088753976898,4.0,23.0,0.0,411.10364501723274,0.5855683160636531,0.4144316839363469,0.08983405150434189,0.9101659484956581,-0.26940397712816905,-0.48122771744240467,0.3678170909181522,-0.4633224669010442,-2789.3286347805342
179,-410.61910276752116,0.9945040529410675,0.15054256174518124,4.0,15.0,0.0,413.038499630639,0.003628102031787539,0.9963718979682125,0.6756762509258337,0.3243237490741663,-0.5870478837489143,-0.11732391664032209,0.5348627088331407,0.14553371649996286,-2786.55506074642
180,-408.9412051390605,0.9696172629629961,0.17335359119587782,4.0,31.0,0.0,409.9342238684849,0.9307941247711353,0.06920587522886468,0.10590335963834528,0.8940966403616547,-0.41856633361485257,-0.3565146417089493,-0.002137803902302362,-0.17420016815035444,-2789.352047282829
181,-408.4968721380244,0.9935480954165262,0.14668717873054135,4.0,31.0,0.0,410.13097950214103,0.3433939955626921,0.6566060044373079,0.9555191831439972,0.0444808168560028,-0.5205173541953321,-1.3569398580437104,-0.1417721859904062,0.05787632012913159,-2787.8468470139655
182,-406.05081217299215,0.9268731805827397,0.14062088753976898,4.0,15.0,0.0,409.3815634910266,0.6457833480969757,0.3542166519030243,0.37422317777000913,0.6257768222299909,-0.28094275657983747,-0.662347702870404,-0.012890610845460324,0.06098320963151917,-2784.2316930328197
183,-412.1890909288618,0.9427155943396442,0.15054256174518124,4.0,31.0,0.0,413.3274764543475,0.003996649238462218,0.9960033507615378,0.7666326127040176,0.2333673872959824,-0.7121109359084046,-0.05507883832641892,0.09140618464168973,-0.0650959897105653,-2796.7881767124827
184,-408.1301306022451,1.0,0.17335359119587782,4.0,31.0,0.0,410.81174197585773,0.17031411795181137,0.8296858820481886,0.04873533342822764,0.9512646665717723,0.30214081347117777,-0.4496418678241245,-0.3629377455392787,0.14437880221548313,-2784.144814696511
185,-407.3849267369179,0.8613063303188949,0.14668717873054135,3.0,11.0,0.0,411.1939514612679,0.5186757659332497,0.4813242340667503,0.7777026327166583,0.2222973672833417,-0.31344902831228283,-1.1596527856672765,-0.12779407332566312,0.3728150996995863,-2791.025261700379
186,-407.6431000077064,0.6932668449411098,0.14062088753976898,2.0,7.0,0.0,412.76892188069695,0.3013569940495585,0.6986430059504415,0.311199801599921,0.688800198400079,-0.5206594179229211,-0.6724055499828326,-0.3031662365972542,0.23795721251289928,-2793.7444453896724
187,-410.61225532056073,0.9814293611661936,0.15054256174518124,4.0,31.0,0.0,413.063089510013,0.005122646016356977,0.9948773539836431,0.7713819047792001,0.2286180952207999,-0.62399035433,0.09211317318230364,0.25532034252852476,0.004689295505081029,-2787.554728489185
188,-407.68870567514256,0.9815476423938094,0.17335359119587782,4.0,31.0,0.0,409.48913191625604,0.8711013270974871,0.1288986729025129,0.09644970148415499,0.903550298515845,0.2187030332707827,-0.5258527708179556,-0.019709544390101835,0.3065115251713845,-2783.8909089525023
189,-412.0088196037904,0.8454306292505355,0.14668717873054135,4.0,15.0,0.0,412.8812398721363,0.5498176753206606,0.4501823246793394,0.9973017842237821,0.0026982157762178716,-0.4093305082080829,-0.7033347390696808,0.5350734075554734,-0.2539007752454189,-2794.657131303354
190,-406.5656020423854,0.924365204678956,0.14062088753976898,3.0,15.0,0.0,411.0302995956847,0.3993536607078152,0.6006463392921848,0.36200814589937735,0.6379918541006226,-0.8235655320853872,-0.18958877092046045,-0.15066768094952346,0.20918341761905762,-2787.796259367684
191,-407.5605020829225,0.9449790504586766,0.15054256174518124,5.0,31.0,0.0,413.55535735224913,0.884711330268453,0.11528866973154706,0.19319050451986478,0.8068094954801353,-0.3707770638714526,-0.4980015007497358,-0.008161318234465809,-0.3137966868884788,-2786.3014199564923
192,-407.4519705209155,0.9729987461874501,0.17335359119587782,3.0,15.0,0.0,409.6594663836508,0.614277221752405,0.38572277824759504,0.15353791664560235,0.8464620833543977,0.155016738308989,-0.5600755376178563,0.06122071239698002,0.3546887924226503,-2790.132981733028
193,-411.8814273280649,0.908983595070729,0.14668717873054135,4.0,27.0,0.0,418.4528884299077,0.07054357062642433,0.9294564293735756,0.009587744106164328,0.9904122558938356,-0.6975616952642455,-0.3826010927102974,-1.1855986200228517,0.07355135793797242,-2792.4209726875006
194,-406.3857358244601,0.9872609680681045,0.14062088753976898,4.0,15.0,0.0,407.690562297962,0.2179406890988285,0.7820593109011715,0.40661789002142074,0.5933821099785792,-0.18247320174863393,-0.6975576661283794,-0.08846515543722569,0.15840142910913488,-2784.6921672194007
195,-406.1923981506879,0.9983439882771411,0.15054256174518124,5.0,31.0,0.0,409.24736593858034,0.7878134046084632,0.21218659539153684,0.4701680670032374,0.5298319329967627,-0.5359561809469804,-0.4338691338966697,0.1209483246199398,0.24532417967562198,-2783.445219036138
196,-409.4110484005995,0.8806511576313758,0.17335359119587782,3.0,7.0,0.0,410.1280456217265,0.8347941167867933,0.16520588321320673,0.20957577896550164,0.7904242210344984,-0.09817051068630779,-0.5534409049062573,-0.2219097214958593,0.3188781468935829,-2801.6038836160437
197,-413.3016290980491,0.9628381244580158,0.14668717873054135,3.0,7.0,0.0,416.6581325105048,0.03805601895531627,0.9619439810446837,0.46819425379380974,0.5318057462061903,0.23783721045221898,-0.6835271794392679,-1.254562027110225,0.09726280891323315,-2820.715483178384
198,-409.05035340724544,0.9570335827178871,0.14062088753976898,4.0,31.0,0.0,411.46121497160107,0.4648129307742361,0.5351870692257639,0.010460500855073464,0.9895394991449266,0.6720163166953628,-0.5220281705745375,-0.04234057588780386,0.029634640167655685,-2783.808666897796
199,-406.46032330001225,1.0,0.15054256174518124,3.0,15.0,0.0,407.59853211985273,0.7593220403515483,0.24067795964845173,0.2158283345392144,0.7841716654607855,-0.5169710930912851,-0.49712811674344926,-0.0303126124737109,0.05813134674367134,-2783.2690443904958
200,-406.8262307433548,0.9851347530985327,0.17335359119587782,2.0,7.0,0.0,410.6685103937943,0.7586263866189181,0.24137361338108188,0.3170646295216587,0.6829353704783413,-0.005741305892202807,-0.616564965075803,-0.04751759192590385,0.20179474544863368,-2787.594769218794
201,-409.95094516658185,0.7988504987989146,0.14668717873054135,4.0,15.0,0.0,417.1538209339357,0.018124899672187424,0.9818751003278126,0.28396296409794675,0.7160370359020533,0.03999680551005172,-0.5133883848954515,-1.239012537543134,0.08291630531084478,-2791.447057647964
202,-411.3913463000975,0.9496169412671984,0.14062088753976898,4.0,31.0,0.0,413.1364928103545,0.04769689288494309,0.952303107115057,0.05045956357216877,0.9495404364278313,1.2447106465851565,-0.5720526660293883,1.6922115267308184,0.033982879951228964,-2795.351414625441
203,-407.2799484807162,0.9046784409120334,0.15054256174518124,3.0,15.0,0.0,410.1798402111794,0.07311178922212974,0.9268882107778702,0.7867817519779935,0.2132182480220065,-0.4183351281217219,-0.5213146615881605,-0.057822331841945185,0.13333687504592073,-2782.0606546246713
204,-407.7935433562964,0.948304123080096,0.17335359119587782,4.0,15.0,0.0,409.0816488028186,0.49240082822223413,0.5075991717777659,0.2568861733362482,0.7431138266637518,-0.022101150777713973,-0.5204979757964858,0.2876597720493582,-0.372408164986505,-2795.4952315089704
205,-408.2075353692796,0.9901057130525283,0.14668717873054135,4.0,15.0,0.0,411.1270958748204,0.07316193754884338,0.9268380624511566,0.1843388785822922,0.8156611214177079,-0.5182933580343728,-0.5632189228284533,-0.898656529730465,0.1293202162665817,-2786.9026051362503
206,-412.0835460107499,0.8980326988962091,0.14062088753976898,3.0,11.0,0.0,414.97583112212703,0.0252577771854471,0.9747422228145529,0.003873758258327073,0.996126241741673,0.65336022551535,-0.5128611388907439,0.7923499545789912,0.08323659851185944,-2781.451524604327
207,-407.01470360991215,0.8171503971950159,0.15054256174518124,4.0,15.0,0.0,411.46909364766026,0.25932251459203304,0.740677485407967,0.1514708258883735,0.8485291741116265,-0.6787331954483103,-0.37310880311838945,-0.028674107669223084,-0.012881745135383302,-2785.470170400722
208,-406.9406735460412,0.9989483906424959,0.17335359119587782,4.0,15.0,0.0,408.669788114618,0.5226176839008041,0.4773823160991959,0.6388734005201887,0.3611265994798113,-0.6528561092343356,-0.4643183398428734,-0.27191182969257577,0.3500273329505876,-2790.601689999259
209,-407.49616577686743,0.9976450955358083,0.14668717873054135,5.0,31.0,0.0,410.2617035592451,0.39671679811797483,0.6032832018820251,0.9370489714788847,0.06295102852111534,-0.4678324513659315,0.4227328883322289,0.0734179465949621,0.13107319222597894,-2785.091770218355
210,-409.1933957900746,0.9648063041808917,0.14062088753976898,4.0,15.0,0.0,412.8860667650697,0.8586523576837125,0.1413476423162875,0.10165131687841295,0.898348683121587,0.7920277132622764,-0.6174325266312778,0.018271092149071605,0.14997887230797913,-2794.6163149001914
211,-408.507635298392,0.9989870900159243,0.15054256174518124,4.0,15.0,0.0,409.15036866806133,0.8395209434687514,0.1604790565312486,0.43315103449217107,0.5668489655078289,0.03508656067033862,-0.7878358621835342,-0.012337760793818285,0.8619819412853802,-2797.1445881106156
212,-409.0327670183338,0.973410697557905,0.17335359119587782,3.0,15.0,0.0,410.98738767863836,0.26932084034754916,0.7306791596524509,0.9765688240402066,0.023431175959793382,-0.3569239679781934,-0.5139368346749084,-0.13834403256409775,0.20077490954079227,-2787.786038980223
213,-407.1319323028181,0.8014597667204915,0.14668717873054135,4.0,23.0,0.0,411.79951227581284,0.28406376893578994,0.7159362310642101,0.6480024805413722,0.3519975194586278,-0.36252277370942604,-0.37538433523691106,0.49165136845445817,-0.19886784506355576,-2790.678001813369
214,-409.28573946764806,0.969633482114479,0.14062088753976898,5.0,63.0,0.0,411.32301040898074,0.6837893458946513,0.31621065410534865,0.9431290817873674,0.05687091821263257,-0.3511892848832184,0.45377691896917277,0.08694098399714834,0.15893051150236262,-2796.145400415768
215,-408.8597702156262,0.9819494275106008,0.15054256174518124,3.0,7.0,0.0,410.00743432536706,0.7900336081812122,0.20996639181878785,0.4093571060390371,0.5906428939609629,-0.021998632808470395,-0.834720539405525,-0.08898687912407033,0.9603628430567933,-2800.681262788291
216,-408.00346816773134,0.9715517603438062,0.17335359119587782,3.0,15.0,0.0,414.4175441360887,0.3494296956533837,0.6505703043466162,0.5972757583762874,0.40272424162371256,-0.6321330431002128,-0.3910212599694854,0.6892584797715531,-0.024344919917857047,-2797.424743054356
217,-407.26918216936986,0.7962939640090286,0.14668717873054135,3.0,15.0,0.0,410.59971888556527,0.31549973926186065,0.6845002607381394,0.7217700317897553,0.2782299682102447,-0.7311869953330443,-0.24938678529072753,0.1262239117879978,-0.02987856759081184,-2791.1093002444404
218,-409.2851147047405,0.9981346636426127,0.14062088753976898,3.0,15.0,0.0,411.08554065733824,0.7179946685100896,0.28200533148991036,0.9538022560552147,0.04619774394478526,-0.36238124014103446,0.3881301415343128,0.15530386471660507,0.11141491691674901,-2794.367004531345
219,-411.57148321831215,0.9161720988775602,0.15054256174518124,4.0,31.0,0.0,413.4864426666143,0.9845332656302112,0.015466734369788848,0.1041448027072196,0.8958551972927804,-0.5958043380383719,-0.650586655516716,0.01205589115585854,1.4205913051254955,-2795.3290249086103
220,-406.7311367676323,1.0,0.17335359119587782,3.0,7.0,0.0,408.3447754663825,0.20798880405919448,0.7920111959408055,0.49420538156027466,0.5057946184397253,-0.6558986741467833,-0.4260340229790652,0.5259464268343677,-0.14273795759447067,-2786.779614230392
221,-407.93667237741556,0.9911850233330143,0.14668717873054135,3.0,11.0,0.0,409.0957957917852,0.1661155361117859,0.8338844638882141,0.730186153131954,0.269813846868046,-0.29715840275569044,-0.4193380784020875,-0.08191191836283646,0.17702810976804864,-2792.789481191537
222,-409.4373978365994,1.0,0.14062088753976898,4.0,15.0,0.0,412.5112532299405,0.9576412154150903,0.042358784584909714,0.8349856590094172,0.16501434099058276,-0.6472970429126412,0.4233182415005559,0.06408657717765094,0.3584757112113589,-2791.8323100098846
223,-410.9340023194223,1.0,0.15054256174518124,4.0,15.0,0.0,414.059833284362,0.9861773827082108,0.013822617291789241,0.061014975707398764,0.9389850242926012,-0.574596063394678,-0.5914465854053479,0.029729295960940864,1.3540043500976138,-2787.035893691259
224,-409.9197438365898,0.8570097803515019,0.17335359119587782,4.0,31.0,0.0,412.6090721364894,0.6129650926409536,0.38703490735904644,0.024824438582399314,0.9751755614176006,-1.2677580163830957,-0.28394167831704487,0.019312337473905573,0.13495463609149233,-2794.509528869577
225,-407.5967811831699,0.989169358626707,0.14668717873054135,4.0,15.0,0.0,409.5099681401513,0.8803300500000946,0.11966994999990543,0.33552424752615917,0.6644757524738408,-0.8609153300928903,-0.2011972135070194,0.0822412630760358,0.4076516508012262,-2788.841528441592
226,-409.0333599889097,0.8180014154695191,0.14062088753976898,4.0,31.0,0.0,416.5184549753341,0.9426836412545935,0.057316358745406526,0.898505159190558,0.10149484080944204,-0.34164927430431696,-0.8495879518032987,0.00018644671085360498,1.391677208667371,-2786.4053199591826
227,-408.68206725857164,0.9950235053524422,0.15054256174518124,5.0,31.0,0.0,414.43484109568124,0.5166847514079801,0.4833152485920199,0.053248715716111165,0.9467512842838889,-0.2141984716408095,-0.5812229429077655,-0.36204686893774063,0.44079960612977065,-2792.242635352966
228,-410.70854786025694,0.9762230136779072,0.17335359119587782,4.0,15.0,0.0,412.20117786093056,0.6413681751896011,0.3586318248103989,0.13362861883580474,0.8663713811641953,-1.6085300383895482,-0.1593787907671356,0.24217511322576052,-0.20049832446184623,-2809.6869941320288
229,-407.27435586827505,0.974852028939897,0.14668717873054135,4.0,31.0,0.0,409.3420502109289,0.06762890790430022,0.9323710920956998,0.2402872563304507,0.7597127436695493,-0.17523837011287663,-0.57803595921964,-0.32952828589132543,0.11770799904509449,-2782.0913023152552
230,-409.1453780816689,0.955612754318901,0.14062088753976898,3.0,7.0,0.0,410.2693819977523,0.9700489054526409,0.029951094547359114,0.9039535067438105,0.09604649325618952,-0.3842330104722497,-0.8961359851145133,0.04877239253009216,1.3868646211885043,-2782.466768855638
231,-408.34216039142626,0.9093757877415756,0.15054256174518124,4.0,15.0,0.0,412.65711921380665,0.9314570727156697,0.06854292728433031,0.190331450899808,0.809668549100192,-0.03825500946116722,-0.6711873741446869,-0.0339663290290172,0.794903434882519,-2787.8672360230494
232,-411.575394248977,0.9899520384814697,0.17335359119587782,4.0,31.0,0.0,414.15832041494616,0.9463144731516796,0.0536855268483204,0.0074604001728847515,0.9925395998271153,-1.5305564223321766,-0.40791373314676044,0.15541596926728893,0.24003746730941214,-2786.354454449099
233,-407.4728820926868,0.8471852414621268,0.14668717873054135,4.0,15.0,0.0,410.6524455002222,0.6219620254789037,0.37803797452109633,0.599115278586041,0.40088472141395903,-0.7815918141337644,-0.09665412861131731,-0.12399307521049811,0.08413330132877782,-2794.3149941102915
234,-408.81879951841364,0.8248385354840306,0.14062088753976898,4.0,15.0,0.0,411.0586448917944,0.8844056507285528,0.11559434927144718,0.7608385484188858,0.23916145158111424,-0.3348699096553728,-0.7549859115529268,-0.19511567101022487,1.120917923574863,-2794.7897655892307
235,-408.97952640074203,0.9937095353531403,0.15054256174518124,4.0,31.0,0.0,414.5642401392425,0.011518665364078504,0.9884813346359215,0.49302722302320184,0.5069727769767982,-0.47474835558153583,-0.48932320359615633,0.12178696773601883,-0.026617434842036908,-2784.2234027720033
236,-413.237185664984,0.9054272671987855,0.17335359119587782,3.0,7.0,0.0,414.4218345472023,0.9567325029963591,0.043267497003640853,0.0038301457058225103,0.9961698542941775,-1.3312861328127787,-0.5001813200721783,0.22259470459763375,0.15239872022150774,-2792.2666611534296
237,-407.446818621938,0.864302177531147,0.14668717873054135,4.0,15.0,0.0,409.73048846553286,0.1650204666760392,0.8349795333239608,0.20259880042047027,0.7974011995795297,-0.008072716290072626,-0.4948027181240372,0.7996696469198495,-0.04424804893415395,-2787.4938741547376
238,-407.42317287263484,0.8510467706731926,0.14062088753976898,2.0,3.0,0.0,409.30815004726736,0.8867152221619569,0.11328477783804314,0.7680483350714606,0.23195166492853936,-0.42096057151056376,-0.7420381045433636,-0.04456904460360178,1.1111924265634165,-2784.891877462497
239,-407.2332827886726,0.9165281021431492,0.15054256174518124,4.0,31.0,0.0,414.14914744637304,0.8690692744483259,0.13093072555167407,0.4001545652610691,0.5998454347389309,-0.31215710113793393,-0.7254065588119241,-0.017741896588352873,0.16756639609818483,-2787.634103221519
240,-413.1333910504041,0.7192116572931572,0.17335359119587782,4.0,31.0,0.0,421.2184449742887,0.01715932678278742,0.9828406732172126,0.09511981216197572,0.9048801878380243,-2.094612839071628,-0.28172698681096675,-0.5087927807295072,0.08337721246176016,-2804.5950929647925
241,-406.8850657251506,0.9583149481774852,0.14668717873054135,4.0,31.0,0.0,408.58008059643106,0.07312882193177805,0.926871178068222,0.6521482777466752,0.34785172225332484,-0.4265739710978718,-0.4817492237608533,0.7991394345171873,-0.003136126558124796,-2780.91406846628
242,-407.5460848071568,0.8532963677463353,0.14062088753976898,4.0,15.0,0.0,409.2309104484565,0.8722925161499507,0.12770748385004926,0.3356320570086882,0.6643679429913119,-0.4548200912170762,-0.4164550075544599,0.09019012290440384,0.848200240103758,-2788.7457594173384
243,-407.36888720518886,0.9867516916871092,0.15054256174518124,4.0,15.0,0.0,409.4117590395224,0.4393837756116687,0.5606162243883313,0.9417047593332574,0.05829524066674263,-0.5040882179821126,-0.6987014686818455,-0.2300542970483905,0.32561313120503227,-2783.499562581142
244,-412.2669751652575,0.8747391930609306,0.17335359119587782,4.0,31.0,0.0,415.8253416821208,0.024755688142871716,0.9752443118571282,0.015425860787181951,0.984574139212818,-1.5125798414701146,-0.38865173185204305,-0.5445925122016207,0.20604257113173444,-2790.793258605241
245,-410.30568337306613,0.7155014080518903,0.14668717873054135,4.0,15.0,0.0,412.5667925016967,0.017032410395710323,0.9829675896042896,0.07737901546220836,0.9226209845377916,-0.5386148264566083,-0.5355711375199592,0.5165783441078874,0.16138736244557614,-2787.055170183645
246,-409.03780761156736,0.582814901779976,0.14062088753976898,2.0,7.0,0.0,412.95858523948925,0.8919258004153944,0.10807419958460562,0.458865559296683,0.541134440703317,-0.46778653407933035,-0.39311386467426807,-0.22442136019650263,0.7836686991253938,-2798.854438599522
247,-408.12093618917805,0.7005294725808682,0.15054256174518124,4.0,23.0,0.0,412.97951205254304,0.06031237542653504,0.939687624573465,0.9059694159045424,0.09403058409545761,-0.5027554367164757,0.068799243298725,-0.35190236096877714,0.10188356940453623,-2782.0201153417825
248,-410.1086669661829,0.9799993136125724,0.17335359119587782,5.0,31.0,0.0,414.7812432748461,0.7564948168754475,0.2435051831245525,0.03856297335332455,0.9614370266466754,-1.4405445642222348,-0.6147197176039345,0.07337268420390433,-0.09882902563959502,-2796.3538104483873
249,-410.8649096305987,0.9943637393572466,0.14668717873054135,4.0,31.0,0.0,412.5081797467318,0.011004055222354621,0.9889959447776454,0.3717452076315099,0.62825479236849,-0.1527946015395023,-0.45702137322285274,0.713084110599462,-0.06086978086426189,-2796.2382406832035
250,-408.5657946158175,0.9952273701731482,0.14062088753976898,4.0,15.0,0.0,410.49042836771736,0.9261744209916266,0.07382557900837339,0.4325800909232325,0.5674199090767675,-0.2033239810582222,-0.7970028297492678,-0.10295272731364978,0.9828466104489301,-2792.6104246115606
251,-408.5850486962,0.9458773350446372,0.15054256174518124,4.0,15.0,0.0,410.07107118380725,0.1251814652955825,0.8748185347044175,0.8173156643514549,0.18268433564854514,-0.44493025886805765,0.12098208330480581,-0.2682894404574803,0.028787316034635368,-2793.7443450422575
252,-409.19974458452833,0.987843984386696,0.17335359119587782,4.0,15.0,0.0,411.9381097611488,0.15324804998953095,0.846751950010469,0.8251882362936831,0.1748117637063169,-0.28113345992708155,-0.27601086965581384,0.2513112771346202,0.06218255031349724,-2798.9791283981535
253,-406.1139810662708,0.9989642754340374,0.14668717873054135,4.0,31.0,0.0,412.8092187937956,0.7098372673640604,0.2901627326359396,0.2502712879175393,0.7497287120824607,-0.2870335174132481,-0.5478395061348434,-0.022388711395684643,0.07380155750203886,-2782.5276621716584
254,-408.2283250810399,0.8774325041885987,0.14062088753976898,5.0,31.0,0.0,411.7770395855017,0.6101506869923271,0.3898493130076729,0.8554251610781076,0.14457483892189238,-0.576873603380254,-0.29932278246533495,0.037490144995628985,0.5086871675979244,-2794.9941672422583
255,-410.3355083483332,0.886303372322798,0.15054256174518124,3.0,7.0,0.0,414.70344204778337,0.22304102082013108,0.7769589791798689,0.962255849290549,0.03774415070945103,-0.4862499339656758,-0.23244147587792208,-0.821856518101682,0.3681913271818069,-2798.5365216329906
256,-408.0371372479886,0.999967957135213,0.17335359119587782,4.0,31.0,0.0,410.19986486430656,0.32538597564594546,0.6746140243540546,0.05396002934269368,0.9460399706573063,0.06905745758005621,-0.3830243172286216,0.2815224142886167,-0.013041373389537212,-2787.3962354583487
257,-407.85195155087695,0.9516802812386789,0.14668717873054135,3.0,15.0,0.0,412.6793222899032,0.537154984634865,0.462845015365135,0.9537193478923185,0.04628065210768151,-0.4766793963649891,-0.906397534315447,0.3786300480955965,-0.3006986156964334,-2785.064509779478
258,-410.4851932760472,0.9753809476545183,0.14062088753976898,4.0,15.0,0.0,412.07157305765594,0.1167380588160889,0.8832619411839111,0.9847109086832635,0.015289091316736503,-0.3854437464318746,-0.420089229537912,0.14745549278052467,-0.07541351511058181,-2790.547695741751
259,-411.2545236431546,0.858326459154296,0.15054256174518124,4.0,15.0,0.0,414.7847358552464,0.3528487835476673,0.6471512164523328,0.02578177137804952,0.9742182286219505,-0.2093485005971197,-0.526689684047014,0.929483688480633,-0.20287477704299492,-2804.1351055079863
260,-408.301715673154,0.9831286902236355,0.17335359119587782,4.0,15.0,0.0,409.26615511936296,0.1708462471313127,0.8291537528686873,0.08157620693879818,0.9184237930612018,-0.07758364663053731,-0.6366022071825121,0.47481544237534146,-0.014023851709139182,-2788.498092222382
261,-408.09828965122915,0.9638296697081594,0.14668717873054135,4.0,31.0,0.0,410.3100732812432,0.17386774413775918,0.8261322558622408,0.26796995120267175,0.7320300487973282,-0.08304317636371941,-0.40383512394109744,-0.2642397217152535,0.08189234492187757,-2794.174585029941
262,-409.4941152777818,0.96537361677229,0.14062088753976898,4.0,15.0,0.0,412.9524281133235,0.2701416129014502,0.7298583870985498,0.988284827639849,0.01171517236015096,-0.5584919358918657,-0.5858912540878611,0.4565538154996215,-0.12948279307503693,-2785.9094341108184
263,-411.0647698254634,0.9194978570508482,0.15054256174518124,5.0,31.0,0.0,414.2745313998215,0.12069591717374638,0.8793040828262536,0.6250765071987131,0.3749234928012869,-0.3658116627741824,-0.9336315059115385,-1.3832234881226204,0.13576204658197874,-2811.4812441256972
264,-413.2698352254169,0.9800690571769392,0.17335359119587782,3.0,11.0,0.0,415.43759379819767,0.9868546417787905,0.013145358221209547,0.11940275069560645,0.8805972493043935,0.2925045648255364,-0.7272394130265523,0.22973714053700187,-0.14345275765829885,-2808.600276195196
265,-410.39055102513476,0.848211724278369,0.14668717873054135,2.0,3.0,0.0,412.71670814376387,0.10397479442892406,0.8960252055710759,0.19756937030363486,0.8024306296963651,0.10561272378806785,-0.8352399693081746,-0.25996052701460726,0.10908440263702807,-2805.07950282805
266,-406.65308035336477,0.9515325726726045,0.14062088753976898,4.0,15.0,0.0,410.63930291577213,0.5898407198322086,0.41015928016779135,0.9000901405952833,0.09990985940471675,-0.42509547707887524,-0.34393273180456707,0.2151645231828221,-0.09479597744502785,-2782.312136165937
267,-409.60515511630814,0.7797994282164722,0.15054256174518124,5.0,31.0,0.0,417.07467472641787,0.1449187608774944,0.8550812391225056,0.9883354299546192,0.011664570045380795,-0.5071898428631392,-0.6400776664219586,0.7823650048695815,-0.0847431894411574,-2783.0883532143457
268,-411.79737016337737,0.9141338769021032,0.17335359119587782,3.0,11.0,0.0,418.02224704694504,0.9222008135037864,0.07779918649621365,0.018168330156001722,0.9818316698439983,0.7044009627859109,-0.6468522714913877,0.20395861112981384,-0.6386797615305218,-2797.4048443800693
269,-408.75412780843084,1.0,0.14668717873054135,3.0,7.0,0.0,411.23319930720186,0.11670183183668002,0.88329816816332,0.2468280756273304,0.7531719243726696,0.09589290152543725,-0.5264433502105708,-0.24424608495945554,0.23702553294715925,-2795.9077694958332
270,-408.61707988398564,0.6131895242669239,0.14062088753976898,4.0,15.0,0.0,415.49046853044086,0.9530025111789132,0.046997488821086786,0.29905231749532274,0.7009476825046772,-0.5422805211095993,-0.540127857581485,-0.04514242818705068,-0.2747439586964692,-2789.80684568368
271,-407.8405901139588,0.9822438100432741,0.15054256174518124,4.0,15.0,0.0,410.95847834944504,0.328597336372605,0.671402663627395,0.4567556364017433,0.5432443635982567,-0.5212336338803898,-0.22911151813406314,-0.3907830208753257,0.09395939969399461,-2796.775791025844
272,-409.48106966458886,1.0,0.17335359119587782,4.0,31.0,0.0,412.770035361968,0.5482272365941158,0.45177276340588424,0.19297015812194945,0.8070298418780506,0.4294701709265221,-0.6347863246064989,0.14586839027323903,0.3054579408373107,-2805.502372024718
273,-408.9968573516742,0.9966866336338274,0.14668717873054135,4.0,31.0,0.0,412.84290569727625,0.04637050909211437,0.9536294909078856,0.7240728870476495,0.2759271129523505,-0.4316614457958128,-0.8942762533234586,-0.44512217322497066,-0.020431922277308397,-2791.5601798590246
274,-406.50021473918036,0.9999555108779153,0.14062088753976898,4.0,15.0,0.0,408.9906776307761,0.1439560262608239,0.8560439737391761,0.598097049256678,0.40190295074332205,-0.40537460774556955,-0.42469204868901206,-0.1500412989514226,0.16225491738231623,-2783.3542378019174
275,-409.1981685914701,0.9053766322575851,0.15054256174518124,3.0,7.0,0.0,411.08785770461935,0.5686229978793376,0.43137700212066243,0.6374431155930764,0.3625568844069236,-0.7132466946263204,-0.596654574428057,-0.22328758141219118,0.2039055379121912,-2805.9887370482143
276,-407.8938659213461,0.9920961698119476,0.17335359119587782,4.0,23.0,0.0,411.47326218899804,0.38664544197176237,0.6133545580282376,0.07975725942566879,0.9202427405743312,-0.4027529937740937,-0.48492768821365084,0.028248664898409853,-0.13077857402527282,-2789.2895022834664
277,-409.64975495408606,0.9385116421081019,0.14668717873054135,5.0,39.0,0.0,412.6276799587418,0.9654040597458127,0.03459594025418733,0.7121020282153976,0.2878979717846024,-0.5957863425182119,0.19050264031236147,0.07085187208235884,-0.7966898205294498,-2794.4423959329833
278,-406.23273403530993,0.9582191701846112,0.14062088753976898,3.0,15.0,0.0,407.81134467551107,0.4028250527910319,0.597174947208968,0.5151823081782652,0.48481769182173484,-0.5062703081458642,-0.6105220683494402,0.024396589692442433,-0.025234569085795907,-2786.187375903454
279,-410.03272895339506,1.0,0.15054256174518124,3.0,7.0,0.0,411.7748816570391,0.7136863879674649,0.28631361203253514,0.6955162119446122,0.3044837880553878,-0.2734740522645662,-0.23933210956370043,-0.24967283372139298,0.5236657568381948,-2810.3092456468507
280,-408.9378196974571,0.9211132666276635,0.17335359119587782,4.0,31.0,0.0,411.63284550976994,0.08502129051300791,0.9149787094869921,0.941003879664371,0.058996120335628954,-0.46784147152828426,0.38047815789098915,0.7896451664547659,0.07806000730376836,-2786.37337902976
281,-408.41110670007663,0.9636944417965624,0.14668717873054135,4.0,15.0,0.0,411.77071298697155,0.9294135447642878,0.07058645523571216,0.8793763603108062,0.12062363968919376,-0.44669598506948205,-0.9860081103639369,0.1276430279140208,-0.8609927694034424,-2785.2221053897465
282,-407.30284622993787,0.987977292551087,0.14062088753976898,5.0,31.0,0.0,409.11372848168287,0.6549004804114009,0.3450995195885991,0.8753859918498997,0.12461400815010026,-0.5063819061381901,-0.803399076536832,-0.17506390208272937,0.2891402213574611,-2787.0928279956056
283,-407.5879196980028,0.9856222613541065,0.15054256174518124,2.0,7.0,0.0,411.81759366701743,0.7376131657681531,0.26238683423184694,0.5415544473535132,0.4584455526464868,-0.22334275658544486,-0.48602081167275124,0.03573905105748995,0.5114291430560591,-2794.0751476864375
284,-410.889122722468,0.8270201302187807,0.17335359119587782,2.0,7.0,0.0,415.4075206598784,0.18903913146590645,0.8109608685340935,0.8198030214918401,0.18019697850815986,-0.7097184294955909,0.6183434112698059,0.8182462203428855,-0.19033743544804535,-2810.7823025759712
285,-410.3089212809272,0.8070802540746236,0.14668717873054135,2.0,7.0,0.0,412.3934884755838,0.9082106983111186,0.09178930168888144,0.8022533679131594,0.19774663208684062,-0.5391059825312805,-1.115176690054213,0.14202019171983557,-0.8763893459099664,-2802.4277764173285
286,-406.68845436111764,0.9712184990058024,0.14062088753976898,3.0,7.0,0.0,408.2081524252905,0.5287070627794214,0.47129293722057863,0.8722831212916042,0.12771687870839576,-0.39092298425740724,-0.9441478577829059,-0.18539306931814956,0.3030407883954771,-2783.5350621762336
287,-406.55343306818594,0.9006301922247377,0.15054256174518124,2.0,7.0,0.0,410.2436722542968,0.626271728327491,0.373728271672509,0.6587079480527405,0.34129205194725953,-0.41333184988410365,-0.3785283897884701,-0.24022828569698357,0.41623931787850676,-2787.5597627574575
288,-407.89644370336555,1.0,0.17335359119587782,3.0,7.0,0.0,411.8084658956173,0.3248613662325214,0.6751386337674786,0.9763392351239366,0.02366076487606339,-0.4629835037649233,0.06519246091863774,0.13472904058770174,-0.004376949152181925,-2780.9363510743115
289,-413.5104721160825,0.9470766021902934,0.14668717873054135,5.0,31.0,0.0,416.1350494097542,0.9857027680396484,0.014297231960351597,0.9352059100172931,0.06479408998270686,-0.5644296904235152,0.9606860458134904,0.23046440969365356,1.1340495570092668,-2805.3932395268835
290,-408.18060360630386,0.9138375849915066,0.14062088753976898,4.0,15.0,0.0,410.0680237061846,0.7923562367199753,0.20764376328002465,0.20112891754534534,0.7988710824546547,-0.6823119393297608,-0.285696475882795,0.09043142545171394,-0.5134883130337059,-2793.8083662915587
291,-412.7704482035024,0.7915943423874077,0.15054256174518124,4.0,15.0,0.0,414.56795731791533,0.6786181807910936,0.3213818192089064,0.9887113467230642,0.011288653276935845,-0.3731210437661383,-1.133163780063215,0.023443265072908476,-0.5138028559294974,-2808.288075929962
292,-407.61570915121655,0.9580308312299632,0.17335359119587782,5.0,47.0,0.0,410.97677300552965,0.2852267246679907,0.7147732753320093,0.9259064184649783,0.07409358153502166,-0.4851006317998315,-0.3981017022915509,0.2771641256676483,0.13212095330297746,-2785.7942912052386
293,-410.61477547270795,0.9884298866366813,0.14668717873054135,5.0,31.0,0.0,416.0913391275434,0.010157623496909398,0.9898423765030906,0.8903159287460529,0.10968407125394708,-0.559335370011754,-0.1794905046734306,1.0488290371781688,-0.05222106113259738,-2787.3326162537705
294,-407.4255358431396,0.931967636018177,0.14062088753976898,3.0,7.0,0.0,410.53755285808734,0.8365653864803488,0.16343461351965116,0.3098566460413642,0.6901433539586358,-0.6348513100610583,-0.5074658553411872,0.00010345988762647251,-0.2823293989921241,-2789.3564726067634
295,-409.6393329051051,0.8930996891511401,0.15054256174518124,5.0,63.0,0.0,415.4927796126459,0.16346766478479702,0.836532335215203,0.02092819539868938,0.9790718046013106,-0.548827338274273,-0.5222667134141858,0.7456347412913369,0.06682210501763068,-2788.1088293099924
296,-407.62368965872383,0.9641828196308336,0.17335359119587782,4.0,15.0,0.0,412.1603799536831,0.09721512757751734,0.9027848724224826,0.526776181144789,0.47322381885521103,-0.7046641935582308,-0.22980839981189688,-0.40910925124266745,0.22238700023221894,-2788.6998325239156
297,-413.0344113215168,0.9926367031425248,0.14668717873054135,3.0,15.0,0.0,416.9865620142726,0.03159118997013064,0.9684088100298693,0.9980195769032658,0.001980423096734185,-0.4251137077940008,0.2350301250937768,1.5232691097062054,-0.03692641150941514,-2783.8343372387485
298,-407.3837005833391,0.9978239405113067,0.14062088753976898,4.0,15.0,0.0,409.530264328272,0.8941458782172463,0.10585412178275366,0.3239196723101905,0.6760803276898095,-0.5893277257119032,-0.5496376392409629,0.021068119298122686,-0.23293607713627745,-2786.72251641347
299,-409.3040040391965,0.8445165341986305,0.15054256174518124,3.0,7.0,0.0,412.752146426887,0.07524680105787165,0.9247531989421284,0.0427205765399259,0.9572794234600741,-0.7257767660791555,-0.3773562000893603,0.7902029685562282,-0.0563532331080841,-2785.759313826778
300,-406.5847336489776,0.9766997575057597,0.17335359119587782,4.0,15.0,0.0,408.93409328359814,0.34920343345039917,0.6507965665496008,0.25843027075543673,0.7415697292445633,-0.1773209165335023,-0.6442831861342033,-0.28849802057839974,0.16506467803386005,-2786.459523995535
301,-412.06414634941177,0.9470841637063899,0.14668717873054135,3.0,15.0,0.0,417.1225910440762,0.04203327145604374,0.9579667285439563,0.9971694053446699,0.0028305946553300876,-0.4987005352697465,0.10279377039106238,1.389658076492794,0.04663358149079615,-2781.8064693344527
302,-408.08598795711555,0.9899029634219335,0.14062088753976898,4.0,23.0,0.0,411.19539428982216,0.659208870427594,0.340791129572406,0.05691350584229411,0.9430864941577058,0.5714204029320282,-0.5629079463166751,0.12209578819321054,0.19947132837974227,-2787.8367617890394
303,-410.68827326838806,0.9838644011318952,0.15054256174518124,4.0,15.0,0.0,412.1584598641782,0.0792669553257391,0.9207330446742609,0.9781491240847496,0.021850875915250367,-0.36179943391496433,-0.49674045713323545,1.2966698052186942,-0.07836228640000609,-2790.5052036043908
304,-406.91217360816376,0.9979914908663307,0.17335359119587782,3.0,7.0,0.0,407.32282567492587,0.28438400322219004,0.71561599677781,0.15889273348552724,0.8411072665144728,-0.08174664708192031,-0.4587506916109816,-0.2986642132360505,0.23619517593675543,-2785.6373147233744
305,-413.1486549479726,0.8755058856153742,0.14668717873054135,4.0,15.0,0.0,414.7067527834367,0.009592786460156736,0.9904072135398433,0.9883489290820351,0.011651070917964912,-0.34061373722229643,0.08835603482883773,1.2222398805099255,0.04722406388939818,-2789.5291434820524
306,-409.3110249417961,0.8009376881169998,0.14062088753976898,4.0,31.0,0.0,412.95683887216904,0.10478922113197166,0.8952107788680284,0.028831241875451098,0.971168758124549,0.7915411140766059,-0.4518259071386668,-0.5635172220529229,0.13834984852773577,-2785.3661642339057
307,-408.23886870334746,0.9895833355399345,0.15054256174518124,4.0,23.0,0.0,411.48514219080164,0.3633774543084122,0.6366225456915878,0.06986270983655281,0.9301372901634472,-0.5339535431294972,-0.4642303957391397,-0.19724553631330488,-0.01030773801274816,-2790.5526836317517
308,-407.665327071526,0.8827009077892111,0.17335359119587782,4.0,15.0,0.0,412.50395326248577,0.41723793154711475,0.5827620684528853,0.9330927228236373,0.06690727717636269,-0.3561989858744677,-0.7081552873190553,0.3691365843011326,-0.1534189864498043,-2786.443650111359
309,-408.7894170979597,0.8601481229437146,0.14668717873054135,5.0,31.0,0.0,421.7371035937252,0.041904436372119304,0.9580955636278807,0.30977561573612034,0.6902243842638797,-0.7912370062226803,-0.20606645432165424,1.3603686817872043,0.0020090822873112396,-2788.776230348837
310,-406.21214012048046,0.960439385699249,0.14062088753976898,4.0,15.0,0.0,410.1068372503554,0.5358669573634839,0.4641330426365161,0.22614511342304427,0.7738548865769557,-0.4173979035219202,-0.5740877700536631,0.0765765359240005,0.17436389563244553,-2783.8960393240754
311,-408.4354514938204,0.8108498293504255,0.15054256174518124,4.0,15.0,0.0,411.7553599960119,0.8247646277558048,0.17523537224419516,0.1576341334655315,0.8423658665344684,-0.4951113272387551,-0.2854100440628863,-0.06659818862181904,0.580129526627799,-2793.4872698847425
312,-407.11552853784855,0.9985471808335237,0.17335359119587782,5.0,31.0,0.0,409.71610592330387,0.8212047663978435,0.17879523360215654,0.09594955837874793,0.904050441621252,-0.46158178509628356,-0.4403680280133466,0.05097697912796384,-0.13413385376676507,-2781.7446396654227
313,-406.20197306486153,0.9947486988058313,0.14668717873054135,5.0,39.0,0.0,409.71532144395707,0.6106912735677574,0.38930872643224257,0.39922002388172134,0.6007799761182786,-0.2508622074324784,-0.6903855797804097,0.06283304047129867,-0.10039439149088429,-2785.6798248063783
314,-408.47100099371903,0.9562668515243569,0.14062088753976898,4.0,31.0,0.0,412.5225814908545,0.8916589786379804,0.10834102136201962,0.46974830500951403,0.530251694990486,-0.5775422993787753,-0.3568742401172096,-0.19436448057453748,1.2180018301518114,-2794.1601997016573
315,-406.77970101976996,0.9955148707282088,0.15054256174518124,2.0,7.0,0.0,409.2745687476368,0.7575127626224087,0.24248723737759126,0.2111285086299037,0.7888714913700963,-0.4916794417092923,-0.37291368238311867,-0.03587687739104136,0.5663924434219242,-2785.2406189223325
316,-406.50058028378896,0.8489485450317927,0.17335359119587782,4.0,15.0,0.0,408.9043981653444,0.27028748932018243,0.7297125106798176,0.8303033288259412,0.16969667117405884,-0.41375448321622815,-0.873398351701174,-0.10686221455326164,0.17364031813456676,-2782.4130946309047
317,-405.903673678428,0.7131928241375214,0.14668717873054135,3.0,7.0,0.0,410.5956538900625,0.7329297823267774,0.2670702176732226,0.6953462487568199,0.30465375124318006,-0.4145457106917668,-0.5334235370441971,0.19395680727294076,-0.23167995239456737,-2781.4238232911507
318,-410.4941752293014,0.9739258712668064,0.14062088753976898,4.0,31.0,0.0,411.79678414378947,0.9355857999335647,0.06441420006643528,0.9562347007172777,0.043765299282722325,-0.5576334234579953,-0.06262017336271662,-0.14682158048452648,0.9718795513593422,-2793.1603995669648
319,-406.57084460834795,0.9823921166023956,0.15054256174518124,4.0,31.0,0.0,409.6494771320305,0.8888036545887747,0.11119634541122525,0.30925007242944036,0.6907499275705596,-0.6246896798493365,-0.47019149766884527,0.09240319530686267,-0.08595451702397877,-2781.3007309751674
320,-407.128613484812,0.9612508851060108,0.17335359119587782,4.0,15.0,0.0,408.69374299429745,0.6886465227044887,0.3113534772955113,0.7074622639111154,0.29253773608888456,-0.2757502233653714,-1.0453582745237688,-0.09026197212593177,0.2712750635189342,-2789.74676468614
321,-405.975396364231,0.9948843869308572,0.14668717873054135,4.0,15.0,0.0,406.8863549090418,0.7479350994168712,0.2520649005831288,0.2987260242870587,0.7012739757129414,-0.6935153961995973,-0.3827869880969934,0.11245408069696364,-0.1566802910411662,-2781.481700621361
322,-412.60629812301096,0.9501311265394369,0.14062088753976898,4.0,23.0,0.0,414.5823612473009,0.8883810962547297,0.11161890374527028,0.9160200216283775,0.08397997837162252,-0.6180652574536248,-0.3926876419168152,-0.27835148856911424,1.3061644262338068,-2814.4986825675264
323,-405.6602852753354,0.912850309601639,0.15054256174518124,4.0,15.0,0.0,408.43272217878996,0.6422423388418086,0.3577576611581914,0.6933243769081814,0.3066756230918186,-0.41456960885656224,-0.49871818682624003,-0.0422028314392732,0.24290165581365966,-2780.9324301867823
324,-407.51746455639113,0.9670572666553362,0.17335359119587782,4.0,31.0,0.0,410.30789665523366,0.9108243042997529,0.08917569570024708,0.16577043345202758,0.8342295665479724,-0.6930763510552517,-0.34328172987406774,0.08509088940018411,0.07035695379622586,-2783.4952975905567
325,-406.2668257293891,0.8861462179075429,0.14668717873054135,3.0,15.0,0.0,408.10667141371886,0.6925361732173293,0.3074638267826707,0.25540070043873914,0.7445992995612609,-0.39838064660783973,-0.4210736510618547,0.043229319303363566,-0.09674868595387454,-2783.9414106658032
326,-408.9449595095988,0.8648650781427915,0.14062088753976898,3.0,11.0,0.0,416.1508389848775,0.9315657697909657,0.06843423020903427,0.44308954397263345,0.5569104560273666,-0.3991291949697099,-0.35461228580498666,-0.1451029182583173,1.2140573869045637,-2794.672965074872
327,-406.50827684653365,0.8657884786462233,0.15054256174518124,4.0,15.0,0.0,408.7447449002504,0.81973909742496,0.18026090257504002,0.20989005459655008,0.7901099454034499,-0.5612845787250917,-0.4099571197636548,-0.01998564281119279,0.18094081959054695,-2781.9939417475425
328,-409.1999388982456,0.911895389953568,0.17335359119587782,4.0,15.0,0.0,410.91121637914927,0.922375082969143,0.07762491703085705,0.504653598142858,0.49534640185714196,-0.04001665812842872,-0.5758080323950245,0.027644746676352958,-0.11045760449240775,-2798.563920284677
329,-407.0201813187716,0.9664544046078544,0.14668717873054135,4.0,31.0,0.0,408.7902847599005,0.08937459043570928,0.9106254095642907,0.3698769622704476,0.6301230377295524,-0.31506650339720854,-0.5818202932944547,0.26233278502097424,-0.03599098091578716,-2783.7682282768774
330,-407.2286471965209,1.0,0.14062088753976898,4.0,15.0,0.0,410.1595979207224,0.8812581550654056,0.11874184493459439,0.4206388718380825,0.5793611281619175,-0.16278281759149155,-0.6010126082626708,0.0035744754787655902,0.9166408810122255,-2786.6308545919937
331,-406.1614238764348,0.9998708208603586,0.15054256174518124,4.0,31.0,0.0,406.9928318677594,0.26494873253956086,0.7350512674604391,0.29260008895942685,0.7073999110405731,-0.6589536752837266,-0.3685682780054687,-0.33389061768616296,0.2066171923033971,-2782.856583965255
332,-407.0449865765142,0.8770801817014361,0.17335359119587782,5.0,47.0,0.0,414.3399800098704,0.1783250052527784,0.8216749947472216,0.5106893272354571,0.4893106727645429,-0.8345619127836652,-0.17196611089295094,-0.0917064059997256,0.06313820598215271,-2788.28343126546
333,-407.87212977234896,0.9913389550461348,0.14668717873054135,4.0,15.0,0.0,409.2218626526542,0.2536678526580068,0.7463321473419933,0.4355154895946185,0.5644845104053815,-0.4574773630096507,-0.5211312018464281,-0.7856533847359102,0.2319219958565109,-2795.297505622243
334,-408.1070713921685,0.919436947621227,0.14062088753976898,4.0,15.0,0.0,408.96380245637135,0.7517105998359139,0.24828940016408607,0.09176123758727853,0.9082387624127215,-0.510493041061978,-0.3722618396582986,-0.06968510786108847,0.7410031049936647,-2789.521191159136
335,-406.74050187023585,0.9747622273115609,0.15054256174518124,4.0,15.0,0.0,407.65873316118956,0.6839162799539722,0.3160837200460278,0.3964832593909734,0.6035167406090266,-0.7538921488523116,-0.3372749090830465,0.2411163865591804,0.0317254420088902,-2788.56461260484
336,-411.03622089517245,0.7608008876291319,0.17335359119587782,5.0,31.0,0.0,413.37782987717327,0.03248774879645834,0.9675122512035417,0.8956977561223186,0.10430224387768139,-0.5482313040124054,0.5406847468431117,1.1749859286037259,0.17361261332706368,-2797.3316483481976
337,-407.1788467711491,0.8495211221190724,0.14668717873054135,2.0,7.0,0.0,414.81474867354024,0.14351424011205258,0.8564857598879474,0.5247961700758788,0.47520382992412125,-0.41167494926229786,-0.665040780934522,-0.6477578444685419,0.09991586560227667,-2787.7191772954175
338,-407.18666356235116,0.9124435393447912,0.14062088753976898,3.0,15.0,0.0,411.38354783593763,0.7095997013532168,0.2904002986467832,0.9261565709905515,0.07384342900944851,-0.47327391661168233,-0.5069738551630751,-0.08578392054829297,0.5493450282619974,-2782.6222219690108
339,-406.0372012995617,0.9905571286094421,0.15054256174518124,4.0,15.0,0.0,408.4645467474836,0.6838856208501136,0.3161143791498864,0.44139934980743945,0.5586006501925606,-0.7489730430418456,-0.24625957480974953,0.16119798660183468,-0.06456784982922889,-2783.991094738418
340,-413.1250076253729,0.8085952773632289,0.17335359119587782,2.0,7.0,0.0,416.5669174790649,0.05095262826791491,0.9490473717320851,0.9414459246897929,0.058554075310207065,-0.4469514898771581,0.49303113221787864,1.2367185001280347,0.24549351088627808,-2811.067050104379
341,-408.45440970564164,0.8868490193392102,0.14668717873054135,4.0,31.0,0.0,411.06120843461656,0.019955843435225416,0.9800441565647746,0.29234050537793854,0.7076594946220615,-0.5134263569355024,-0.4771981485542561,-1.168756812953953,0.0643841997392689,-2781.833924663463
342,-406.8109059740461,0.9842444941419749,0.14062088753976898,3.0,15.0,0.0,409.68975536237986,0.6294211958858825,0.3705788041141175,0.9329111057447105,0.06708889425528952,-0.4871635223471626,-0.3075459710545042,-0.06389159360261812,0.24082881531663575,-2780.6121030627464
343,-406.09540660474323,0.9634948041146841,0.15054256174518124,4.0,31.0,0.0,407.27767230598937,0.47069463798378924,0.5293053620162107,0.8184376526291031,0.18156234737089694,-0.48220989731844355,-0.2630146271690593,-0.03460815748907911,0.24068660746525333,-2782.126435925481
344,-416.2503665492112,0.9692455637649755,0.17335359119587782,4.0,15.0,0.0,418.8574365475314,0.0008825736094283361,0.9991174263905717,0.9652547719469048,0.03474522805309521,-0.46946098682385784,1.1057209549298976,1.108791959198304,0.23841903756389837,-2800.9606137236483
345,-410.741535869717,0.9008426460174573,0.14668717873054135,4.0,15.0,0.0,412.96780345579157,0.005116954058690915,0.994883045941309,0.13593130577305332,0.8640686942269467,-0.7392462362881603,-0.34702184874653674,-1.2987180950861907,0.05901886309211403,-2783.9971635325
346,-407.16587388899694,0.9297787966710221,0.14062088753976898,4.0,31.0,0.0,408.86089019520045,0.4563442304113555,0.5436557695886445,0.08783899179617854,0.9121610082038214,-1.125668689324097,-0.49290368550298597,0.0870879591692168,0.054307267068413476,-2784.2236873963325
347,-405.51088551676037,0.9680033150913523,0.15054256174518124,3.0,15.0,0.0,407.08177676211125,0.4235130827150333,0.5764869172849667,0.42433504257160926,0.5756649574283907,-0.6026546512210034,-0.3757213674672794,0.049848722083268085,0.1400577503178992,-2781.239411441616
348,-415.86005720589185,0.9229475570891968,0.17335359119587782,3.0,15.0,0.0,419.2554818886462,0.002136553513912726,0.9978634464860873,0.9747734428949159,0.025226557105084146,-0.6324101027423187,1.3271831303965942,1.2661809657259382,-0.06825642204806101,-2801.3213059908844
349,-410.21316997413476,0.8978648869288216,0.14668717873054135,4.0,31.0,0.0,414.3204996718735,0.29626238186512627,0.7037376181348738,0.09662850641290947,0.9033714935870906,-1.5133456473314548,-0.48968482852652084,-0.5803253954302082,0.1493878419261669,-2803.482569547281
350,-408.6202878677982,0.9472297158510365,0.14062088753976898,4.0,15.0,0.0,411.0823976104558,0.498162515217864,0.5018374847821361,0.024903606075770968,0.975096393924229,-1.9734844837075571,-0.46407186568703185,0.26533309989719467,-0.09271276689570891,-2783.7728319543835
351,-406.50808151415214,0.9414223965546101,0.15054256174518124,4.0,15.0,0.0,408.6445211616278,0.10413093368491706,0.8958690663150829,0.5752345295165723,0.4247654704834277,-0.5271129813463961,-0.3733251837845913,0.7411944304918939,0.005349644063316464,-2781.1036636376302
352,-413.77068037617363,0.9988455249929848,0.17335359119587782,5.0,47.0,0.0,419.20275723724313,0.029938221940530158,0.9700617780594698,0.9376966483029675,0.062303351697032494,-0.4281356595158007,1.3069735128471505,0.7022429327014418,0.20608475677865506,-2812.0657297718403
353,-410.13863216747006,0.9357761930323295,0.14668717873054135,5.0,31.0,0.0,412.8775695664094,0.8695684710958278,0.1304315289041722,0.9511745362807021,0.04882546371929786,-0.3475994316727525,-1.2508533937327884,0.2532812657397986,-0.09141343811916675,-2795.379704488541
354,-410.0480780734426,0.9165706489647485,0.14062088753976898,4.0,31.0,0.0,411.6751660487785,0.6707890376629443,0.3292109623370557,0.019591611979206235,0.9804083880207938,-2.9595960244595307,-0.4710972160734315,0.11659140447484,-0.02382095972725574,-2787.008943269306
355,-405.75944903077635,0.9373571111050805,0.15054256174518124,4.0,15.0,0.0,408.5586404980313,0.33908821961143015,0.6609117803885698,0.36620914359351514,0.6337908564064849,-0.590272067194539,-0.43137411943373616,-0.15973426059027224,0.10587137070663621,-2781.97291534312
356,-414.98179390241955,0.7658105152185145,0.17335359119587782,4.0,15.0,0.0,425.1893420218321,0.002354484817673922,0.997645515182326,0.9868767901040721,0.013123209895927856,-0.4105293824479881,1.9604719667632897,0.6053831352466279,-0.025318825661340624,-2790.968210839283
357,-408.15902010999815,0.9926013504360159,0.14668717873054135,2.0,7.0,0.0,411.58962947540147,0.6774157838809922,0.3225842161190078,0.9461067716096342,0.05389322839036581,-0.42695253864610955,-1.3641103930040295,0.10502401874506029,-0.2810401041991495,-2786.5565058640705
358,-411.2865149007094,0.5818963630832678,0.14062088753976898,3.0,7.0,0.0,415.2290716683314,0.2680843911670808,0.7319156088329192,0.017256425875547318,0.9827435741244527,-3.0523066951229745,-0.3370189923701474,0.3180068838214497,0.012849680944344126,-2793.4241331170956
359,-406.69735488045677,0.970520678861616,0.15054256174518124,3.0,7.0,0.0,407.1811316460621,0.5037904667428981,0.49620953325710193,0.5499877055787261,0.4500122944212739,-0.8010797189247184,-0.2630619517405504,-0.1706591743024078,0.2153225441622116,-2789.4645993313393
360,-410.22668278972475,0.8459344819907693,0.17335359119587782,5.0,31.0,0.0,418.7675857945977,0.28996015930125196,0.710039840698748,0.9824062716123317,0.01759372838766826,-0.6103948109146002,1.7937732744961778,-0.08191306761883614,0.10855396547485517,-2791.6807832266995
361,-408.6378390141149,0.9491091542447497,0.14668717873054135,5.0,31.0,0.0,409.99660651552847,0.7154568618901163,0.28454313810988374,0.19752127043506024,0.8024787295649398,-0.8932938548902286,-0.5117692299610195,-0.255717803888993,0.74808727411454,-2797.596417400825
362,-414.80821079431695,0.7963647455557384,0.14062088753976898,3.0,15.0,0.0,416.83523565973957,0.1976360279474265,0.8023639720525735,0.019146916629925965,0.980853083370074,-3.113939759980744,-0.2065028032737702,0.23008982399430256,0.05481027423764399,-2816.757011171378
363,-408.4667271505462,0.9196753414908991,0.15054256174518124,5.0,31.0,0.0,409.9195168026537,0.8769448427494696,0.1230551572505304,0.2662168179079308,0.7337831820920693,-0.5751446964071701,-0.5575292607332201,-0.16900542441637836,1.083946029777648,-2793.335049108071
364,-410.9983142780423,0.9607661340982697,0.17335359119587782,3.0,15.0,0.0,412.4430548892487,0.21039509179674842,0.7896049082032516,0.9596209412085774,0.04037905879142256,-0.4190268198107918,1.6616359054435852,-0.09599569874077327,0.22668190299557794,-2801.6336432373027
365,-406.27574704029087,0.9409599898514961,0.14668717873054135,4.0,15.0,0.0,410.44715665323895,0.7294377081225865,0.27056229187741354,0.7740075866885734,0.2259924133114266,-0.5151260009069263,-0.14842813513276665,0.07132871657017809,0.2093759201422958,-2782.9104202947583
366,-407.00695030365904,0.996752127226929,0.14062088753976898,4.0,31.0,0.0,416.24470795115974,0.5007429734609823,0.4992570265390177,0.10390590602840229,0.8960940939715977,-1.2024792529560377,-0.38096876639159893,0.1360613364198872,0.07283989014286756,-2784.134916382412
367,-409.27573418079425,0.9954403426411998,0.15054256174518124,4.0,31.0,0.0,411.24901625254006,0.9096230245538552,0.09037697544614476,0.02862906545859204,0.971370934541408,0.004128563857655962,-0.43431833583763857,-0.07272439255176943,0.9407107846661019,-2784.2398728522
368,-411.5022095595048,0.9988170823627937,0.17335359119587782,4.0,15.0,0.0,411.8249841396485,0.33210652732037715,0.6678934726796228,0.9927192106255216,0.0072807893744784025,-0.384746617425306,1.8435372899998623,-0.13654870629807175,0.3495218916271429,-2794.9159595636897
369,-408.1041497618467,0.8267728291244805,0.14668717873054135,3.0,11.0,0.0,412.03905543558557,0.14521868963777967,0.8547813103622204,0.9466729088806608,0.0533270911193392,-0.5099807262812702,0.020936846664272556,0.31115471474733053,-0.06344474830364037,-2783.731729556515
370,-407.39764599650096,0.8679569006509309,0.14062088753976898,3.0,7.0,0.0,408.9484209477188,0.46061506991923656,0.5393849300807634,0.1059265418107244,0.8940734581892756,-1.0957051098113655,-0.3030945032247194,-0.059139736648763035,0.14213956915695983,-2787.1662007289956
371,-408.0852651125615,0.9878385126801494,0.15054256174518124,5.0,31.0,0.0,412.3307962158719,0.8020342135097202,0.19796578649027985,0.11843600000540287,0.8815639999945971,-0.5276980811740013,-0.5481470317366139,-0.007589462884277124,0.8403954078456078,-2789.5236072634475
372,-410.41609232911276,0.960966148282734,0.17335359119587782,4.0,15.0,0.0,412.84426295078094,0.836017546418355,0.16398245358164498,0.9890478960906945,0.010952103909305455,-0.5072611791122367,1.3331208455113306,0.2474187458139558,-0.19585268280675922,-2788.2255633582067
373,-406.83295176909735,0.9278099095328025,0.14668717873054135,3.0,15.0,0.0,413.45831985835366,0.15927405432366332,0.8407259456763367,0.3377180307059282,0.6622819692940718,-0.7177768991387941,-0.30333829144032365,0.45773146823071853,0.08094175899465805,-2785.3576177831933
374,-409.8395470299365,0.9678730469696385,0.14062088753976898,4.0,23.0,0.0,411.44244382531804,0.4396146806517754,0.5603853193482247,0.15066497559596453,0.8493350244040354,-1.7873756702543155,-0.3763561027593316,-0.0014515541703594079,0.1709767814844388,-2804.2851999683853
375,-409.837095145055,0.9976951561219679,0.15054256174518124,4.0,15.0,0.0,411.6123209027324,0.9437058352299308,0.05629416477006921,0.43860401167195356,0.5613959883280464,-0.9885197626634891,-0.026453449613240865,0.04967467393362717,0.8219938533950594,-2799.6683234511092
376,-410.4373421010411,0.9939792339182509,0.17335359119587782,4.0,15.0,0.0,411.4628758613119,0.6541280793176096,0.34587192068239037,0.9737582916296025,0.02624170837039752,-0.5521524198958407,1.62949657763732,0.3478678416991697,-0.10779478346848329,-2796.9336062371017
377,-407.4351383712194,0.7883313232019155,0.14668717873054135,3.0,7.0,0.0,410.1003387499725,0.14100250768613615,0.8589974923138639,0.4437597461760219,0.5562402538239781,-0.8505497983755311,-0.3398107697099533,0.30046727600761497,0.09504157619348638,-2789.405925472024
378,-409.67075343926956,0.8406642773481782,0.14062088753976898,2.0,3.0,0.0,411.819922364319,0.3957601231878097,0.6042398768121904,0.12127010651043547,0.8787298934895645,-1.8354984544661723,-0.4032017867134111,0.06644997121574563,0.1764304250767328,-2801.475476742414
379,-407.1636593522726,0.843889420368427,0.15054256174518124,3.0,7.0,0.0,411.9447160971495,0.6692299298088582,0.3307700701911418,0.20441601394640174,0.7955839860535983,-0.7154615077771741,-0.48645666302083485,-0.20892519565055162,0.6401464440126827,-2788.586048488006
380,-407.0420200119569,0.9806162016112248,0.17335359119587782,4.0,23.0,0.0,413.21548683239945,0.6680290129575842,0.3319709870424158,0.7534843947034348,0.24651560529656524,-0.42259930931212836,-0.6435879580740015,-0.23030028615543346,0.2915962391673124,-2789.0832423435363
381,-405.94697201908565,1.0,0.14668717873054135,4.0,15.0,0.0,408.1716546781197,0.6096822308467654,0.3903177691532346,0.8340601946041989,0.1659398053958011,-0.4867255255448384,-0.35039877461564184,0.04161695867284141,0.06411170532083893,-2780.289230197404
382,-408.49321404997545,0.9814540489147903,0.14062088753976898,3.0,15.0,0.0,414.822556843693,0.5184851458484738,0.4815148541515262,0.07173216575092269,0.9282678342490773,-1.5046319223232003,-0.370790819833706,0.4519765598156741,-0.21212615884603137,-2791.181898763848
383,-407.89754040520694,0.9805720309392131,0.15054256174518124,4.0,31.0,0.0,411.5991729095571,0.9382397029178342,0.061760297082165794,0.23534663359704078,0.7646533664029592,-0.5980443095199357,-0.40450148253276913,0.0680753162952699,1.2618493325081916,-2784.3054352930412
384,-407.4211315914399,0.9701848756604363,0.17335359119587782,5.0,31.0,0.0,411.13460160752373,0.04664828794420922,0.9533517120557908,0.5721703556033764,0.42782964439662363,-0.5369365039345655,-0.2777977953319406,0.3573326029584208,0.010257030744870069,-2782.7148482059174
385,-406.5047149994172,0.9759982397658449,0.14668717873054135,4.0,31.0,0.0,408.2664927177268,0.11933994014268023,0.8806600598573198,0.6599969122713937,0.3400030877286063,-0.44971610842351134,-0.5672524080321242,0.48440954041193796,0.06166163596588839,-2781.4920908069685
386,-407.83504188563296,0.8112490291398332,0.14062088753976898,5.0,31.0,0.0,412.43290205129034,0.868777504668248,0.131222495331752,0.5154937767928911,0.4845062232071089,-0.1056828693862884,-0.8799286604382726,0.010364038124653585,0.6332919054738956,-2791.616852081839
387,-408.6933022952507,0.9138627954468511,0.15054256174518124,2.0,7.0,0.0,409.6541891430279,0.9254994163933797,0.07450058360662026,0.2966958057426196,0.7033041942573803,-0.5291332545813405,-0.26013550323875,-0.04532806679573784,1.23865417659344,-2792.2281237995403
388,-406.3350877242923,0.9999978767119718,0.17335359119587782,4.0,15.0,0.0,408.32947609323674,0.5603033988065251,0.43969660119347487,0.5245034395193857,0.4754965604806143,-0.27644789199372677,-0.5550671984290069,-0.22151010087762765,0.26026908265099136,-2787.160271680741
389,-408.9759171599989,0.9696798427257654,0.14668717873054135,4.0,31.0,0.0,411.60276397017276,0.050630043886025565,0.9493699561139745,0.6810725421505944,0.31892745784940557,-0.3618893138193152,-0.9245563783051246,1.7310085672328788,-0.0030476183364286785,-2790.1535804190753
390,-406.84555378389143,0.9733008823536413,0.14062088753976898,3.0,15.0,0.0,410.34855276398065,0.8556166756872385,0.14438332431276146,0.39369814693766453,0.6063018530623354,-0.4414462175227759,-0.41221042594664065,-0.032960913535266353,0.9435784227456975,-2784.963512834481
391,-408.27948011842057,1.0,0.15054256174518124,4.0,31.0,0.0,410.5626319092202,0.9549317177483629,0.04506828225163706,0.5382759304099425,0.4617240695900575,-0.3804981683988818,-0.5781010571956703,-0.010453952992186669,1.899619544785294,-2785.4187265578807
392,-408.8847479022557,0.8136546517361125,0.17335359119587782,3.0,15.0,0.0,411.8448367722994,0.6700183000497665,0.3299816999502335,0.7905329923379609,0.20946700766203907,-0.4586116251610885,-0.34902413946225486,0.19122710860377487,0.42583561833481476,-2801.154081595005
393,-411.2563708891254,0.947407696295875,0.14668717873054135,5.0,47.0,0.0,412.3031416245025,0.7716698006528797,0.2283301993471203,0.9924058444946197,0.00759415550538034,-0.4737535825128292,0.6917903979377099,0.09910089862358605,0.670952745457306,-2794.096059686342
394,-407.513699053593,0.9348776096132624,0.14062088753976898,4.0,15.0,0.0,408.2579148901647,0.8774809793092917,0.1225190206907083,0.8368170437896127,0.16318295621038725,-0.45918039981287295,-0.8971787931718715,-0.0643443731073354,0.6447108414343561,-2784.6061671010616
395,-408.28949203495375,0.9304247721718032,0.15054256174518124,4.0,31.0,0.0,409.5783924580964,0.9639933853945645,0.03600661460543553,0.6424890689635224,0.3575109310364776,-0.5634981258608271,-0.3562263366308073,-0.045851066791087774,1.6684456631067004,-2784.1983525575693
396,-407.92389952721635,0.9874504077176515,0.17335359119587782,4.0,15.0,0.0,410.6628025635056,0.6868115132143341,0.3131884867856659,0.8855625361421602,0.11443746385783982,-0.4484737500983003,-1.0203168435448464,0.33756155600818205,-0.16343905197909075,-2790.216022840916
397,-412.379862754405,0.9855236465689712,0.14668717873054135,5.0,39.0,0.0,414.05783831303637,0.12387457817260984,0.8761254218273902,0.9970629743808074,0.0029370256191926236,-0.4410122129346205,2.533860150229717,0.9945367350367199,0.0271460959269091,-2786.417404709337
398,-406.38428830621694,0.9241034958741148,0.14062088753976898,4.0,19.0,0.0,409.3245840620955,0.5826870669774719,0.41731293302252814,0.2592467777025522,0.7407532222974478,-0.5407109616196938,-0.4412915278610632,-0.2705433488491029,0.4382611767382429,-2785.387601949348
399,-408.9172546087174,0.9770951135243576,0.15054256174518124,4.0,23.0,0.0,410.869838830892,0.9850947036960995,0.014905296303900473,0.6855208218620068,0.3144791781379932,-0.5760488747024145,-0.4043083300655575,0.10338603802181523,1.3406496192341584,-2782.9540930818216
400,-410.43028872671607,0.9363022571390384,0.17335359119587782,4.0,31.0,0.0,412.11676501652875,0.048475907811971225,0.9515240921880288,0.7485202888930443,0.25147971110695566,-0.6885660916836137,0.4314375869816607,-0.4060327996602357,0.10769569676610913,-2801.642342273718
401,-410.93244942341533,0.9435525927309509,0.14668717873054135,6.0,63.0,0.0,414.6212787347873,0.8914095930407888,0.10859040695921118,0.9805910777098998,0.01940892229010016,-0.3975948574073935,1.5067549190078278,0.012494067268175924,1.0187297607806973,-2792.1313244896783
402,-405.9970845542279,0.9693677019525178,0.14062088753976898,4.0,15.0,0.0,407.10486054657986,0.5576483783744768,0.4423516216255232,0.47049271406767057,0.5295072859323294,-0.298498325124103,-0.558450304741199,-0.007943007378278185,0.3316952476208947,-2784.8183184913187
403,-407.03924036181286,0.9763318469100993,0.15054256174518124,4.0,23.0,0.0,409.7347415389534,0.8803316636499507,0.11966833635004925,0.4392831098522086,0.5607168901477915,-0.3381804775294687,-0.5310576483169658,0.04258868637034968,0.9339248648637263,-2785.4058721133756
404,-407.55732189506324,0.8293125024934388,0.17335359119587782,3.0,7.0,0.0,412.6259538343871,0.13869337885033867,0.8613066211496614,0.8888701973125843,0.11112980268741568,-0.5804064356808996,0.09836004170253032,-0.261063912212633,0.1626260687569438,-2784.257274925848
405,-408.2383420284489,0.9751323946773841,0.14668717873054135,5.0,47.0,0.0,412.2453081030539,0.2105533197497847,0.7894466802502154,0.935055956512126,0.06494404348787397,-0.554481104067594,0.572662335323286,0.6540812188986828,-0.03528579095145997,-2787.344652076697
406,-406.7204960403918,0.961443343112482,0.14062088753976898,4.0,31.0,0.0,408.60769607736233,0.8873278575808724,0.1126721424191276,0.5482520173394735,0.4517479826605265,-0.5865548121245373,-0.24751252643081897,0.12280713319673175,-0.47396459457576123,-2783.420597290461
407,-407.2907071011871,0.9331978490758849,0.15054256174518124,4.0,31.0,0.0,408.7048930193143,0.6938530186881965,0.3061469813118035,0.4976309492126911,0.5023690507873089,-0.4246126052819595,-0.2522725455024675,-0.1592774292025238,0.35791873590286705,-2792.843649829931
408,-406.9376765879785,0.7602086646353241,0.17335359119587782,3.0,7.0,0.0,410.56982805888975,0.22678827664093176,0.7732117233590683,0.7307542021050452,0.26924579789495484,-0.5517336674317426,-0.017245613125279953,-0.3857512289432447,0.1521827210581182,-2787.3576114293814
409,-412.5564193026056,0.7419415837694222,0.14668717873054135,4.0,15.0,0.0,414.5153708177213,0.6742179944080375,0.32578200559196246,0.8362178210414797,0.16378217895852032,-0.5846195476320319,0.010119836843358682,-0.28451927081166106,-0.10397876560056903,-2825.2608635178485
410,-407.7825181677709,0.8619160006485238,0.14062088753976898,3.0,7.0,0.0,408.6698970534205,0.943886481274467,0.05611351872553305,0.7448712727591165,0.25512872724088353,-0.6141228060566496,-0.31553094155986755,0.05305150311832986,-0.5248262588077395,-2784.443544886271
411,-408.7980753403296,0.9943204403721514,0.15054256174518124,4.0,15.0,0.0,409.64955196458453,0.9324136261779298,0.06758637382207022,0.4897112560705236,0.5102887439294763,-0.3609039724398437,-0.8019829468996758,-0.07908027005319809,0.5162929191689519,-2794.299259732831
412,-409.06539708586604,0.9501382321762725,0.17335359119587782,3.0,7.0,0.0,409.55371945779285,0.04021413113365873,0.9597858688663413,0.8943955474222455,0.10560445257775453,-0.5015329383266958,-0.0001399427496799905,-0.554143616837948,0.18856516089207012,-2786.428788682729
413,-409.6142267575541,0.9656375426616453,0.14668717873054135,3.0,7.0,0.0,414.57151473395004,0.547899097175011,0.45210090282498905,0.8909309586784119,0.10906904132158812,-0.5546283277876615,0.2303415105751513,0.31653220715161656,0.20504443916213874,-2803.336933136604
414,-409.951206392727,0.7122212859745237,0.14062088753976898,3.0,11.0,0.0,411.5203901010453,0.9201312844873795,0.07986871551262054,0.6738767775198252,0.3261232224801748,-0.6873684989527021,-0.3250541287151587,-0.07870011982575205,-0.5350994996326526,-2802.590818456064
415,-407.0380494568761,1.0,0.15054256174518124,4.0,15.0,0.0,409.57679223796276,0.5680185984452687,0.4319814015547313,0.5374793046925769,0.4625206953074231,-0.30360339113033613,-0.38672548468808343,-0.22744262063507173,0.3489121942670942,-2792.040400607434
416,-408.7571076839662,0.9793032985323519,0.17335359119587782,4.0,15.0,0.0,409.7761396634134,0.10962571000375966,0.8903742899962404,0.7770340984655091,0.22296590153449092,-0.5680167125922745,-0.08689050740013878,-0.726647562559269,-0.004116006831647374,-2794.6707271917176
417,-407.94722569324284,0.9960346842291727,0.14668717873054135,4.0,31.0,0.0,410.51458214265824,0.9014283755166078,0.09857162448339218,0.628335425214008,0.371664574785992,-0.5566457190584387,-0.4077924258792749,0.26450321777479696,-0.3915039095118157,-2790.6268307271207
418,-411.21556218786486,0.9765122777700574,0.14062088753976898,4.0,15.0,0.0,413.97456492929797,0.9892814339258206,0.010718566074179425,0.3052641835302184,0.6947358164697817,-0.17069367249495584,-0.6166905532628114,-0.10137123514078486,-0.7487648196237834,-2797.61091168801
419,-408.1522804527327,0.9303592858434719,0.15054256174518124,3.0,15.0,0.0,410.4410790521136,0.6801657449438254,0.3198342550561746,0.5999727852391018,0.4000272147608982,-0.36280424461744515,-0.33601222143383697,-0.2855732961171191,0.40146976212105534,-2798.6004303418013
420,-406.9187795842173,0.9895020842945581,0.17335359119587782,3.0,11.0,0.0,409.55184705383846,0.2052861439550439,0.794713856044956,0.6448257413362755,0.35517425866372454,-0.44318935186611386,-0.6033674214718348,-0.549666918712555,0.2876028496280234,-2787.3729884598447
421,-407.45847293887647,0.9580225668039059,0.14668717873054135,2.0,7.0,0.0,412.73706676422984,0.9509447471245424,0.049055252875457644,0.6590473728727454,0.3409526271272546,-0.5210431760002703,-0.4589560682024078,0.1515841683486858,-0.2903046474518795,-2782.6284110394954
422,-409.3729457141582,0.9973315055448476,0.14062088753976898,4.0,31.0,0.0,413.70831876502956,0.9356449118318784,0.06435508816812163,0.10502062513818465,0.8949793748618153,-0.9590211180218038,-0.42645675620743095,0.24018729885381682,-0.35378458211378266,-2790.995482538031
423,-407.1308890154932,0.9934481318914037,0.15054256174518124,4.0,15.0,0.0,410.16679561448507,0.4975689375064203,0.5024310624935797,0.25099982694341355,0.7490001730565865,-0.6784928565609677,-0.22954636141576898,0.17836032555840486,-0.0846113364609183,-2790.7624904859817
424,-406.6706135901943,0.9830835585163298,0.17335359119587782,4.0,31.0,0.0,408.7420280072947,0.6049968610744134,0.3950031389255866,0.6441203603619678,0.35587963963803215,-0.3073630702904385,-0.7335737488906829,0.36134179295192037,-0.3920449460714015,-2788.326325276714
425,-408.0111923288085,0.9182234796377072,0.14668717873054135,4.0,15.0,0.0,410.3646182077259,0.8667548413823843,0.13324515861761566,0.046932517077280064,0.9530674829227199,-0.0870797804460977,-0.4767899022557602,0.1645413961969367,-0.31976498581808155,-2781.752948684914
426,-406.90828328004676,0.9933370148490042,0.14062088753976898,4.0,15.0,0.0,410.16854157254687,0.2571861754710933,0.7428138245289067,0.3144509725234757,0.6855490274765244,-0.6486833313839738,-0.26304678512371427,0.5570464051412806,-0.03581706233243115,-2788.096857897226
427,-409.024230356211,0.9699511739640461,0.15054256174518124,4.0,31.0,0.0,410.94461605879036,0.19234961522807265,0.8076503847719274,0.07104988283349041,0.9289501171665095,-1.309598645942494,-0.3074136111522428,0.6364603009036859,0.02602022499218616,-2791.8879475838908
428,-409.38522761959763,0.7080413773281616,0.17335359119587782,2.0,3.0,0.0,410.40222182682965,0.6764854384409057,0.3235145615590943,0.6844295107092871,0.31557048929071285,-0.3524466362407575,-0.7213773460729866,0.5470475313059298,-0.4177469374865905,-2805.885515743791
429,-407.6502817413729,0.9546898118555966,0.14668717873054135,4.0,15.0,0.0,411.6004375143841,0.9115580646701903,0.0884419353298097,0.2585819299821781,0.7414180700178219,-0.3742369671623832,-0.5330905463430423,0.023512998432828083,-0.6302751502673933,-2786.435021004165
430,-407.0419122578335,0.9430273307574566,0.14062088753976898,4.0,31.0,0.0,409.94665158742345,0.42362856138166566,0.5763714386183343,0.2666345684127678,0.7333654315872322,-1.063989978086021,-0.3059281098737902,0.21161665881722308,-0.1344840035237603,-2789.6206863413795
431,-410.8535104331459,0.9838386704912551,0.15054256174518124,4.0,15.0,0.0,412.24690986944563,0.04715161293022352,0.9528483870697765,0.1307092196944855,0.8692907803055145,-1.0552820811420032,-0.2597082049359997,1.7847233563224218,0.09823989120341771,-2797.8410162515456
432,-407.75213811471275,1.0,0.17335359119587782,3.0,7.0,0.0,409.9345414031996,0.4684866628027156,0.5315133371972844,0.7020213060666114,0.2979786939333886,-0.5086501355309266,-0.6446813957830273,0.20012062475288295,-0.33245919017263803,-2795.528662964761
433,-409.888717028111,0.9606333329321619,0.14668717873054135,4.0,15.0,0.0,411.40661491813194,0.9933274473466056,0.006672552653394392,0.3879862968784209,0.6120137031215791,-0.2630856104040541,-0.6938802836086378,0.12069399549304213,-1.1187624650208443,-2785.25786225289
434,-408.6022750303515,0.795332560015567,0.14062088753976898,4.0,15.0,0.0,411.35388984907087,0.288408957568848,0.711591042431152,0.09026975835117805,0.909730241648822,-1.2689908580973697,-0.33148669449694773,0.32140106923822764,0.12948401321566191,-2792.7298305550707
435,-410.6232736343564,0.9981293712333656,0.15054256174518124,4.0,15.0,0.0,411.6620093254746,0.0630990879196243,0.9369009120803757,0.25352543860569227,0.7464745613943078,-1.0712491899102505,-0.45428864056923823,1.5221247270353404,-0.1259147686242826,-2802.2658247066593
436,-408.5915128120617,0.913461711964474,0.17335359119587782,3.0,11.0,0.0,414.83568643174226,0.4475256783483665,0.5524743216516335,0.7670828119450879,0.23291718805491213,-0.40439579291363703,-0.8262332312950307,0.011436454026212406,0.450731752041065,-2799.9945288041813
437,-408.66395469514566,0.9732901645429236,0.14668717873054135,4.0,27.0,0.0,412.71796994980116,0.2894079817274581,0.7105920182725419,0.4430770985857164,0.5569229014142836,-0.6986004184365756,-0.340922310593307,0.47540528668808396,0.1798788060156452,-2801.614300577272
438,-407.9822432269821,0.9897385811365889,0.14062088753976898,4.0,15.0,0.0,411.6030601690768,0.4169672601962263,0.5830327398037737,0.27077454990829863,0.7292254500917014,0.28652471707778737,-0.6909088054198634,0.1946279688340062,0.06109347905742882,-2796.7470913014886
439,-408.17320089718373,0.996643886970737,0.15054256174518124,5.0,31.0,0.0,412.2394122757517,0.2575640987381403,0.7424359012618598,0.08990570155340476,0.9100942984465953,-1.5470154737742692,-0.4519541115150687,0.2898155467389561,-0.03634321198126461,-2788.5250021164306
440,-410.61716284628426,0.9322290534912097,0.17335359119587782,4.0,15.0,0.0,413.38088668821854,0.08481673957908918,0.9151832604209108,0.48002645387833887,0.5199735461216611,-0.9044644553723217,0.018766546701950063,0.5281987438685652,-0.13084830043241757,-2808.237817844558
441,-407.6248006848655,0.9931481358154843,0.14668717873054135,3.0,11.0,0.0,410.10894598475085,0.480483400424815,0.5195165995751849,0.7606226290584485,0.23937737094155154,-0.35457572693330464,-0.3819252044874778,0.06724600251094368,-0.1734812463222379,-2794.155051981755
442,-408.078594809296,0.7672925633785471,0.14062088753976898,2.0,3.0,0.0,411.40965156994366,0.4676213283251848,0.5323786716748151,0.21498482433118532,0.7850151756688146,0.15953415059983372,-0.6801310720193022,0.3585944973789482,0.04286462395843665,-2796.4772831651776
443,-409.32525683100357,0.9925637151008019,0.15054256174518124,4.0,15.0,0.0,409.6527389158226,0.09030325983135257,0.9096967401686474,0.05102525379489297,0.948974746205107,-1.5168895680096786,-0.3994250991939115,1.1609027197887904,-0.01991288277150409,-2786.050712062559
444,-407.24848073559053,0.9951070740648513,0.17335359119587782,3.0,7.0,0.0,411.68184198102983,0.1807801184762364,0.8192198815237636,0.3638504648195658,0.6361495351804343,-0.3935159463398566,-0.5570762836492124,0.6040657756445075,-0.192362386089997,-2789.1228265373566
445,-406.64800310798927,0.9994364012513117,0.14668717873054135,4.0,31.0,0.0,408.53028044897843,0.613483179638223,0.38651682036177704,0.8399097965655602,0.1600902034344398,-0.48949903587778376,-0.6875904776796138,0.20630266698039906,0.048733324656059895,-2784.5691799412834
446,-407.95440589197466,0.9160759177583794,0.14062088753976898,4.0,15.0,0.0,412.0354575918703,0.4714495612357504,0.5285504387642497,0.04935908156504665,0.9506409184349534,0.1770469374943479,-0.49828707779815706,0.2572199056500106,-0.2751266285724539,-2786.953946560069
447,-409.8508211079666,0.8925370439202102,0.15054256174518124,5.0,47.0,0.0,413.8514710206534,0.04045395536385367,0.9595460446361463,0.1259922744485054,0.8740077255514946,-0.5384450752620704,-0.5919637825167194,1.3003811174383888,0.1192080037279567,-2791.4414628884347
448,-407.3967685119484,0.9895041059277051,0.17335359119587782,3.0,11.0,0.0,409.81521461301077,0.03698899204162648,0.9630110079583736,0.5551257843025913,0.4448742156974087,-0.5329598762993233,-0.4065347639427277,0.9436018664503533,0.02548656406598626,-2780.343005666116
449,-406.17677883499994,0.9376507268646002,0.14668717873054135,3.0,7.0,0.0,408.2880208972007,0.18533575760932508,0.8146642423906749,0.6175268418143541,0.38247315818564587,-0.31947217709630804,-0.6103180760827868,-0.12772873254038522,0.13750562081415824,-2782.301265791427
450,-408.6551881046819,0.9768876177302154,0.14062088753976898,4.0,31.0,0.0,410.67094159699667,0.1626325542472424,0.8373674457527576,0.0852288904368268,0.9147711095631732,0.7249031481327171,-0.5736086647840825,0.6285097205466189,-0.011765800799539025,-2790.413499841816
451,-409.131743327465,0.9721480212247972,0.15054256174518124,4.0,31.0,0.0,411.84426821432226,0.06558073549513176,0.9344192645048682,0.842891807787649,0.15710819221235095,-0.4226349313393917,-0.5956202430561675,1.4703765358539338,0.11318533359375155,-2790.589295944914
452,-407.8625670061098,0.9047459799170464,0.17335359119587782,4.0,31.0,0.0,410.5386419090542,0.9420565315132478,0.05794346848675225,0.6239782246816935,0.3760217753183065,-0.3365044671701038,-0.7185401590865417,-0.011530544518461826,-0.3540002815678484,-2786.660793440954
453,-408.36115492676976,0.7755608964312514,0.14668717873054135,4.0,15.0,0.0,412.25194254168645,0.1137037279695681,0.8862962720304319,0.7972776239771108,0.20272237602288923,-0.680730122382287,-0.16206884787108497,-0.09093939993318058,-0.020838483842244293,-2791.987071098647
454,-409.77400749462595,0.8381706230691681,0.14062088753976898,4.0,23.0,0.0,413.5710119674036,0.10787094125690626,0.8921290587430938,0.023878659114222482,0.9761213408857775,1.1249747530319363,-0.46886376333540725,0.9459524728631122,0.017095101457718143,-2786.426422087291
455,-408.8504169765656,0.9951174985646792,0.15054256174518124,4.0,15.0,0.0,410.3258229655263,0.09016611843594667,0.9098338815640533,0.14200500168515323,0.8579949983148467,-0.4284977837958201,-0.47631749955039826,1.3862901105247465,0.07744150043253151,-2790.404920417423
456,-408.2526698596071,0.9787506921425069,0.17335359119587782,4.0,15.0,0.0,410.0051706262061,0.7006212113167254,0.2993787886832746,0.9122493372394611,0.08775066276053889,-0.5289766224672371,-0.881841884866741,0.30580895049426393,-0.49764203258415446,-2790.6703412601273
457,-407.65094319360605,1.0,0.14668717873054135,4.0,15.0,0.0,410.3826487879696,0.886691669320713,0.11330833067928703,0.37367757325999756,0.6263224267400025,-0.5385393277694243,-0.5910705421464636,0.21536841043521252,-0.36102593788953685,-2789.3431311669324
458,-411.5544733152611,0.8924498651965713,0.14062088753976898,3.0,7.0,0.0,412.33664262611427,0.04947017370678932,0.9505298262932107,0.052603357820511426,0.9473966421794886,0.8722586636614247,-0.47367040597772475,1.055700075363732,-0.14435188016548742,-2799.2522746352683
459,-409.13947760498945,0.9851026104820074,0.15054256174518124,4.0,15.0,0.0,410.53298011879485,0.03722735302002816,0.9627726469799719,0.3454108467617552,0.6545891532382448,-0.812112983679096,-0.42597866306666615,1.4377351843375066,0.11708956458966727,-2790.4487937126337
460,-410.11917138984046,0.8478770049693503,0.17335359119587782,4.0,15.0,0.0,411.966580225767,0.7443082567359753,0.25569174326402466,0.9606160320306656,0.03938396796933441,-0.3371632165238161,-0.48969392130527367,0.14242616992780188,-0.5889655490319277,-2798.300102983779
461,-409.7172089805771,0.9968510145168074,0.14668717873054135,3.0,7.0,0.0,410.79973773392027,0.9383613200122566,0.06163867998774342,0.6126547217153313,0.3873452782846687,-0.09017335332534401,-0.7041086956815236,-0.019910634197599395,-0.2162863232418862,-2800.1266159559545
462,-410.30761960215267,0.9886514322351884,0.14062088753976898,3.0,7.0,0.0,413.73305026829024,0.0525296805555103,0.9474703194444897,0.028935048810975868,0.9710649511890241,1.119813316449772,-0.45775684803999644,0.7116236750271093,-0.0320292083066953,-2787.202231976493
463,-407.7605850770655,0.9991525953242963,0.15054256174518124,5.0,31.0,0.0,410.57047777741826,0.10796435654286612,0.8920356434571339,0.09164362084937913,0.9083563791506208,-1.1035280050398304,-0.43556661310371747,-0.0077054063109465165,0.08970998662684047,-2782.150007782183
464,-409.10578235464976,0.8892505531248622,0.17335359119587782,4.0,15.0,0.0,414.98707418049537,0.692603009035875,0.307396990964125,0.9562667473345609,0.04373325266543915,-0.4711557151223691,-0.3997301722339285,0.3529067494616016,-0.6331681228851688,-2792.6058374534246
465,-408.54361697980073,0.8893922615497188,0.14668717873054135,4.0,15.0,0.0,414.5420511501696,0.8940175943264242,0.10598240567357575,0.38103952882013237,0.6189604711798676,-0.41186217882504983,-0.6033528702360612,-0.1070598303566541,-0.01243630161328084,-2795.391576049352
466,-405.6970752555551,0.982315131525941,0.14062088753976898,5.0,31.0,0.0,410.6594583249669,0.4024290068223714,0.5975709931776285,0.24814203139539967,0.7518579686046003,-0.4980837676314267,-0.4496272546609869,0.11049021741731259,-0.014698903298006383,-2780.6143773396666
467,-408.3286698911937,0.8931275517659875,0.15054256174518124,4.0,15.0,0.0,410.549523292515,0.6130781674432284,0.3869218325567716,0.16930886107997659,0.8306911389200234,-1.2692793529576394,-0.4970919617531183,0.020210909416046738,0.13800607476077695,-2795.524652302241
468,-408.03745065412056,0.9838250311707003,0.17335359119587782,5.0,31.0,0.0,410.22814578409395,0.6954346418935751,0.30456535810642493,0.7083179836788207,0.2916820163211793,-0.5783993363390081,0.0820895698452396,-0.2432977852972757,0.624155672278229,-2796.326021276012
469,-406.1158856529633,0.999606977076658,0.14668717873054135,3.0,7.0,0.0,409.22026906371735,0.5587418012857618,0.4412581987142382,0.7525453712223338,0.24745462877766622,-0.5937007113614918,-0.22174918127850102,0.27110494268320395,-0.07396080836351601,-2783.65125411597
470,-410.49895260313514,0.7617540909589469,0.14062088753976898,4.0,15.0,0.0,412.6293081133238,0.038118496576995585,0.9618815034230044,0.9603547488651404,0.039645251134859616,-0.47321981660495843,-0.6515102035312889,0.4672431101194068,-0.0921135984603327,-2789.4579324995566
471,-408.0353407527381,0.9479507844561809,0.15054256174518124,5.0,31.0,0.0,410.933886038321,0.801199531710862,0.198800468289138,0.0655074005899231,0.9344925994100769,-1.223378488642969,-0.4008845558745345,-0.004678260292930336,-0.034756423258949544,-2785.190170131435
472,-407.64576988040074,0.9753500135714521,0.17335359119587782,3.0,7.0,0.0,408.7411610795701,0.6955997732842599,0.3044002267157401,0.7940986056847515,0.20590139431524845,-0.6704718723137111,-0.07848025657006616,-0.10890958609861377,0.6681412491183336,-2791.8951960994427
473,-408.0336699918,0.8442080638874803,0.14668717873054135,4.0,15.0,0.0,409.84601660708574,0.6162316021754045,0.3837683978245955,0.07452562480327618,0.9254743751967238,-0.03348796128130331,-0.539736622300892,-0.1654899469009307,0.09992594518991238,-2789.880261908959
474,-408.9314058919563,0.9815830814009653,0.14062088753976898,5.0,31.0,0.0,412.57680545511215,0.9628433494615257,0.03715665053847428,0.24725281475194047,0.7527471852480595,-0.505853660942931,-0.4179951617083629,-0.09698147832444931,0.7333961468131592,-2789.3330941657396
475,-408.71943159147725,0.9601855671990832,0.15054256174518124,4.0,15.0,0.0,409.9690660912112,0.3614597046527017,0.6385402953472983,0.05052004588992836,0.9494799541100717,-1.4193709904891156,-0.5304233100742051,0.4274626979081168,-0.19842126296266172,-2790.0511519209267
476,-408.0644633990025,0.8399194767979831,0.17335359119587782,3.0,15.0,0.0,411.8949802021827,0.784930456150429,0.215069543849571,0.6834598185376313,0.31654018146236873,-0.660723327704206,0.07500388018020052,-0.18928187690026976,0.5751043732023354,-2795.247507600608
477,-407.5009371026546,1.0,0.14668717873054135,4.0,15.0,0.0,408.99818010562285,0.2187308249752831,0.7812691750247169,0.05954121057243239,0.9404587894275676,0.034835846866969805,-0.5475952945832715,0.26867777087901323,-0.0328184500949706,-2782.4778245902603
478,-406.58571613682517,0.958283794636489,0.14062088753976898,4.0,31.0,0.0,410.9282498779658,0.5570685575009567,0.44293144249904326,0.6149733747361459,0.3850266252638541,-0.25076962111206913,-0.8698745490077626,-0.19461778018341477,0.3810177613694564,-2788.1106903239843
479,-412.7975142132827,0.6948406203977864,0.15054256174518124,3.0,7.0,0.0,413.4406315063144,0.392430733040854,0.6075692669591459,0.04488037591338344,0.9551196240866165,-1.5038194124251887,-0.1981978250012728,0.6558895508534451,-0.14941324710018192,-2817.466129982959
480,-409.2987271831153,0.8785659781685102,0.17335359119587782,4.0,31.0,0.0,412.8924856905127,0.23479345226796253,0.7652065477320374,0.15531649823321184,0.8446835017667882,-0.22642590098781962,-0.2984321863063678,0.6103464736955996,-0.15107009925547182,-2800.9844183365562
481,-406.7957850018972,0.9414387621864767,0.14668717873054135,4.0,15.0,0.0,409.99787128610234,0.26687738240359554,0.7331226175964045,0.7437799825497968,0.2562200174502032,-0.40256317919662454,-0.7365470438910477,-0.08830312733592452,0.26044472251545736,-2786.651509418958
482,-407.5346072666143,0.924037767112824,0.14062088753976898,4.0,31.0,0.0,408.97721699031666,0.3380111179657234,0.6619888820342765,0.08395086579748977,0.9160491342025102,-0.2145092983603056,-0.3878187566750774,0.0289751640333539,-0.005640151832511899,-2786.916972838333
483,-411.618128799626,0.9562131768221237,0.15054256174518124,5.0,31.0,0.0,417.6188626479285,0.8116807459117646,0.18831925408823535,0.05916565050046326,0.9408343494995367,-1.0202373319306077,-0.6744450857462109,-0.10163890084767688,0.3110976725688899,-2809.0463007933918
484,-408.4604324570276,0.8618098044297042,0.17335359119587782,4.0,15.0,0.0,413.36634396571435,0.14807367735700985,0.8519263226429902,0.9525291186285114,0.04747088137148858,-0.36615935196621097,-0.48515068340211254,0.18225131928649702,0.017664228431640602,-2785.507326776793
485,-407.5409810091799,0.9752434465218642,0.14668717873054135,3.0,15.0,0.0,408.001073994986,0.8369010970961356,0.16309890290386442,0.4255415115681327,0.5744584884318673,-0.5022937438367232,-0.3306995478894115,0.23854433097626399,-0.016378980625691177,-2791.344184511761
486,-409.46379476806754,0.9377377939850532,0.14062088753976898,4.0,15.0,0.0,413.89669217252185,0.02318146311197429,0.9768185368880257,0.2517282444799378,0.7482717555200622,-0.6571719206605656,-0.5867745072689083,-0.40428737299556244,0.027187288893543146,-2789.966358085583
487,-407.0300415288706,0.824207545307483,0.15054256174518124,2.0,7.0,0.0,416.2104303442982,0.7346275595472447,0.2653724404527553,0.10007796326854243,0.8999220367314575,-1.0243854009575832,-0.38769738463986064,-0.049598783467511204,0.3406134086814107,-2782.6027527885917
488,-408.66122070417606,0.9888069309700479,0.17335359119587782,4.0,31.0,0.0,410.30883495179796,0.1437919559599068,0.8562080440400932,0.9756874208582976,0.024312579141702373,-0.48773638599978847,-0.9498643999826804,0.21621336910985664,0.09414657467589983,-2781.5855309272547
489,-407.8599168055687,0.99322547452646,0.14668717873054135,4.0,15.0,0.0,409.9275392773632,0.41825323610141024,0.5817467638985898,0.04815808571964898,0.951841914280351,-0.9866878465708994,-0.36237009004206844,-0.058718297734429874,0.2300254721777263,-2785.336469305967
490,-411.986367082655,0.9283876115580588,0.14062088753976898,4.0,31.0,0.0,415.2425357804901,0.6461543629041993,0.35384563709580075,0.015161358572393533,0.9848386414276065,-0.7231231866077906,-0.6914121136082204,0.07083362074667654,0.22691031121383662,-2805.7525960660546
491,-407.45050876946425,0.9824521961154459,0.15054256174518124,4.0,31.0,0.0,409.7191933042793,0.6234360195451453,0.37656398045485473,0.4861878369427529,0.5138121630572471,-0.9499866478683916,-0.20624338919427415,-0.060895427353869845,0.29771442125732567,-2794.0806684335816
492,-407.7271068181262,0.9004716300421559,0.17335359119587782,4.0,15.0,0.0,410.4932105611684,0.22738498114187702,0.772615018858123,0.839502053142125,0.160497946857875,-0.27908529636141327,-1.201793306502433,0.1627399763201076,-0.01270890673481603,-2789.2824764758807
493,-407.6727584889446,0.9269845352806397,0.14668717873054135,4.0,15.0,0.0,409.8785094340546,0.5255698195003806,0.4744301804996194,0.9488139494439465,0.05118605055605352,-0.5340340587614132,-0.7402356406659577,0.16094796393173616,-0.1622449416406287,-2784.8500983746403
494,-406.8209041071445,0.9373429110972759,0.14062088753976898,3.0,15.0,0.0,415.4175289068093,0.5055736817634711,0.49442631823652894,0.3378151000117708,0.6621848999882292,-0.25903877770097206,-0.39753823055798965,-0.02196421234309612,0.015730142477227087,-2790.103041765833
495,-413.0072322639744,0.6466577041965114,0.15054256174518124,5.0,31.0,0.0,416.7991757599048,0.2418493739697904,0.7581506260302096,0.9996186682789775,0.00038133172102250423,-0.5535530157358722,-1.1502469645467708,0.29060364158253876,0.07904017788328728,-2785.370457397236
496,-408.35881884021063,0.9856505274270707,0.17335359119587782,4.0,23.0,0.0,410.17939655605875,0.1383213210283086,0.8616786789716914,0.9405471253043015,0.05945287469569849,-0.4447464415675166,-0.32271276306706687,0.9808983264115247,-0.10253524843515421,-2785.12802841537
497,-408.79612064093243,0.9861612927522133,0.14668717873054135,4.0,23.0,0.0,410.88415545855776,0.606281645758629,0.393718354241371,0.9837995897140073,0.016200410285992728,-0.563843981263522,0.16244485031629607,0.2640726860626172,-0.17504419620585102,-2784.9924658597074
498,-408.7886522667068,0.9211007443953759,0.14062088753976898,4.0,31.0,0.0,411.03330682764596,0.6450827814309767,0.35491721856902325,0.5698144810180678,0.43018551898193225,-0.07968265198828658,-0.5158576746304327,0.1590684131232616,0.01213956000563859,-2803.658808299065
499,-407.90620071554326,0.9577345251887242,0.15054256174518124,4.0,15.0,0.0,415.5285853807901,0.5116998502751507,0.48830014972484925,0.9211294156853683,0.07887058431463168,-0.40937803546901297,-0.5276155174770487,0.491204897181513,-0.2072531416446522,-2789.392899708056
500,-408.5805301037672,0.9544789644480611,0.17335359119587782,4.0,15.0,0.0,409.4311653148679,0.12853198160650253,0.8714680183934975,0.9434775370452593,0.056522462954740726,-0.4530128744907307,-0.3336632629607387,1.1283012607890133,-0.05971960283837091,-2785.627810084105
501,-408.63018484320804,0.9749019721375513,0.14668717873054135,3.0,15.0,0.0,411.9202370488442,0.3808963250639557,0.6191036749360443,0.9827908965566527,0.01720910344334725,-0.38107912074131134,-0.45110354482571524,0.04866689909160707,0.05336495926140149,-2784.2505987565964
502,-408.8803424887907,0.902969806587953,0.14062088753976898,4.0,31.0,0.0,412.7800346644876,0.9030255704756921,0.0969744295243079,0.19151361782076928,0.8084863821792307,-0.7457744959653011,-0.593564679107365,0.020638451896102625,-0.2367553162803101,-2793.9039313668354
503,-407.0420876582012,0.8759102665015752,0.15054256174518124,2.0,3.0,0.0,408.97261207914994,0.4324444193803009,0.567555580619699,0.8945036220772169,0.1054963779227831,-0.4656856131769855,-0.5935749350425087,0.2000425186376369,-0.20050982643243564,-2785.1767254973315
504,-410.71343924920245,0.8593238595457712,0.17335359119587782,4.0,15.0,0.0,411.63626323998153,0.017061911912867794,0.9829380880871322,0.9359451981883959,0.06405480181160406,-0.584411308581046,-0.252090483547076,1.4057578873463932,0.12344293958125138,-2787.3590316800705
505,-409.3919801032752,0.9691171709451885,0.14668717873054135,3.0,7.0,0.0,411.0257078823862,0.512642397800389,0.487357602199611,0.9914287144877647,0.008571285512235294,-0.5399068283397264,-0.39902324597156574,-0.13676361201177503,0.13201275153618947,-2785.0428285909984
506,-407.0920582657965,1.0,0.14062088753976898,2.0,3.0,0.0,408.82296994543543,0.8799001881364613,0.12009981186353869,0.19557561090438788,0.8044243890956121,-0.6445594312787912,-0.38052517459906265,0.16471243130653324,-0.17347200696356935,-2783.2593418377683
507,-408.84865864084503,0.7952404072199674,0.15054256174518124,4.0,15.0,0.0,412.7453073245094,0.876901930569828,0.12309806943017199,0.7183604402929634,0.2816395597070366,-0.3789596736409274,-0.2665057890943694,0.11361956290184169,0.8078149193955334,-2797.050964429327
508,-412.09039143870007,0.9766140734454661,0.17335359119587782,4.0,15.0,0.0,413.4975756717315,0.028637368025653382,0.9713626319743466,0.9709483653609523,0.029051634639047696,-0.3315518408450489,-0.15583817503791106,1.8753185041366376,0.07886728245844853,-2794.069400303664
509,-412.26529033997065,0.9619083273539393,0.14668717873054135,4.0,15.0,0.0,415.65571094312907,0.15014733787394993,0.84985266212605,0.996293309609624,0.0037066903903759663,-0.4627260153978002,-0.8013670051792201,-0.6432817372903573,0.3343676732554032,-2793.7199817762917
510,-406.4486550825313,0.8791992738727749,0.14062088753976898,4.0,15.0,0.0,408.52879811070585,0.43208886832096594,0.5679111316790341,0.7137192478126203,0.2862807521873797,-0.44003913641211545,-0.29754705771191675,0.15465476692190713,-0.14677990477345138,-2786.690292664884
511,-408.36646661804434,0.9996209211856225,0.15054256174518124,4.0,19.0,0.0,411.901393640397,0.970926558773113,0.029073441226887042,0.24041286111257792,0.759587138887422,-0.8186970734356036,-0.42704755875383194,0.017151335411021353,1.0839041551643223,-2782.755932935453
512,-410.6832717158885,0.9676749390765876,0.17335359119587782,4.0,15.0,0.0,414.7674817502086,0.012223359657727717,0.9877766403422723,0.13204969003613767,0.8679503099638624,-0.28904442394836616,-0.5153974004326325,2.237890393444854,0.1522156665500008,-2786.7805550774556
513,-413.8474171840367,0.9570709876844896,0.14668717873054135,5.0,31.0,0.0,416.86116918129403,0.7942155192338405,0.20578448076615952,0.005591189092286963,0.994408810907713,-0.9710614847472452,-0.6752721685456675,0.305066364039672,-0.5702504006195793,-2808.8091410944476
514,-406.66698165751103,0.9928695995364767,0.14062088753976898,5.0,31.0,0.0,407.5464895065148,0.3263917798419813,0.6736082201580187,0.16768720795543024,0.8323127920445698,-0.577805886590985,-0.3576113039848625,0.07843187888797476,0.13578090007655894,-2784.6696755218277
515,-409.2816682584496,0.6536766154132467,0.15054256174518124,4.0,31.0,0.0,411.17821117441076,0.672254411725404,0.327745588274596,0.240598917277224,0.759401082722776,-0.8666262081328702,-0.36115352896138986,0.05127788933819766,0.7158246157167445,-2803.8207015588214
516,-410.3684286091734,0.9370287312269275,0.17335359119587782,4.0,31.0,0.0,414.12504350733496,0.0248661977986463,0.9751338022013537,0.05192867158075059,0.9480713284192495,-0.5919783355364028,-0.4560667959896132,1.0846351682385744,-0.07818513028460143,-2786.7278066409945
517,-408.22741361469616,0.998084503867675,0.14668717873054135,4.0,31.0,0.0,414.5207058980397,0.9171395788286906,0.08286042117130943,0.2959350500457251,0.7040649499542748,-1.0726099266289706,-0.3179741368096555,0.11531426574399825,-0.34825969919641314,-2790.101401778722
518,-407.75486742272255,0.9932055331353353,0.14062088753976898,4.0,23.0,0.0,408.3908436046,0.7531098190823357,0.24689018091766435,0.6368580239607587,0.36314197603924125,-0.5254004407658066,-0.694232763117531,0.09936755494525179,0.4531952398641754,-2794.0950235240466
519,-409.22191833453434,0.9750673061007028,0.15054256174518124,4.0,15.0,0.0,411.96148894081153,0.8376349169588984,0.16236508304110164,0.3544089518695899,0.6455910481304101,-1.1217078455763871,-0.17791380421828465,-0.06687990104960584,0.9440219831558493,-2800.947997667415
520,-411.83154677832323,0.8062750785691968,0.17335359119587782,3.0,7.0,0.0,413.45881317282067,0.08868160459388198,0.911318395406118,0.033440221985510686,0.9665597780144893,-0.3725441516982161,-0.5513136927667603,1.0175904184811833,0.19491654386324203,-2802.4379490771726
521,-408.50965005588364,0.9688445610252945,0.14668717873054135,4.0,15.0,0.0,412.37238187548826,0.9457935097533006,0.054206490246699435,0.8317540730683846,0.16824592693161544,-0.3838552380868423,-0.9355580611155009,0.04017084342426594,-0.8334183931843265,-2786.2953539309697
522,-407.8541982416502,0.9884791452657749,0.14062088753976898,4.0,23.0,0.0,409.78832396759066,0.7344036104076098,0.2655963895923902,0.6179018066802233,0.3820981933197767,-0.2872027037913146,-0.5498331534740033,-0.07021455057413782,0.8467905677093402,-2795.1394005810625
523,-408.5824832089041,0.9599855691717555,0.15054256174518124,5.0,31.0,0.0,410.6613364743504,0.8842738544931099,0.11572614550689009,0.19516497686380943,0.8048350231361906,-1.1422597862780346,-0.2984909840368589,-0.029244621318161135,1.1342429323851395,-2791.5398615744475
524,-408.6618415563645,0.9721891048117125,0.17335359119587782,4.0,15.0,0.0,413.1878552958755,0.1096404136608926,0.8903595863391074,0.06941019474183391,0.930589805258166,-0.19967205999089846,-0.5149503450579018,1.1356192342804303,0.03425287694141091,-2786.561009802936
525,-407.66397421957015,0.9407418093670875,0.14668717873054135,4.0,31.0,0.0,410.3627205604785,0.9495807540662244,0.05041924593377556,0.7257672953776922,0.27423270462230775,-0.3201530677149194,-0.7000833038450587,0.04064287588541396,-0.19539052022107828,-2783.352179767197
526,-407.31905643823427,0.7315569210492441,0.14062088753976898,3.0,11.0,0.0,411.15915196761586,0.9553014679666659,0.04469853203333407,0.6323768749031166,0.36762312509688344,-0.48549126662924363,-0.47542635779291914,0.08157180705609353,0.6854006434700171,-2780.988201952495
527,-407.5526244016956,0.9105262863943849,0.15054256174518124,4.0,15.0,0.0,409.6402300264025,0.8899901916729048,0.11000980832709517,0.20173358488090423,0.7982664151190958,-0.8165429552529297,-0.49174363695659323,-0.041932686125814966,0.7085377222681123,-2785.3881279534576
528,-409.7522654592735,0.8239191632103545,0.17335359119587782,3.0,15.0,0.0,412.82833230673054,0.07436582534894756,0.9256341746510525,0.021316331104445564,0.9786836688955545,0.16165542805226496,-0.4977085434726244,1.2686077441353325,0.02336866755997774,-2783.624583933201
529,-408.88961168870816,0.9225339467692955,0.14668717873054135,3.0,15.0,0.0,410.5602006820465,0.9360153367267788,0.06398466327322117,0.8475488507055735,0.1524511492944265,-0.5473884459325338,-0.6487423094121,0.015497272831238113,-0.7217808338846603,-2789.854777013966
530,-406.96158613828857,0.9697836796058745,0.14062088753976898,4.0,31.0,0.0,408.5596013131485,0.4915499969131512,0.5084500030868488,0.1967563339466227,0.8032436660533773,-0.2060379799208767,-0.5882350382426453,-0.24360324671618827,0.4710498159284568,-2788.2905983673018
531,-407.2052743697957,0.9813016825349804,0.15054256174518124,4.0,15.0,0.0,408.6265867167421,0.7621816262672141,0.23781837373278591,0.1851180431125045,0.8148819568874955,-0.8246956410800462,-0.5045724530058122,-0.044805932266214654,0.5781163355529686,-2786.913935312
532,-409.24690411013034,0.9562387379590592,0.17335359119587782,3.0,15.0,0.0,411.43488935428445,0.16402168948312099,0.835978310516879,0.027275357134735723,0.9727246428652643,-0.24706963686079342,-0.5521555192748023,0.9140861820466893,-0.036861843087849455,-2787.1425856203455
533,-411.5804826929046,0.8337285728633818,0.14668717873054135,4.0,15.0,0.0,413.04967707146614,0.9716552307205281,0.028344769279471937,0.016628415879772398,0.9833715841202276,-0.28895231205159067,-0.35156600329046517,0.11290651152316114,-0.9157112611193899,-2788.9558317290544
534,-407.2482965544069,0.918772063757094,0.14062088753976898,4.0,31.0,0.0,408.83720044327623,0.7957150681677375,0.20428493183226248,0.5909895275698038,0.40901047243019617,-0.6105354369216253,-0.3884375260689565,0.256140425118371,-0.7013521484488893,-2789.8795338570526
535,-406.94525768488734,0.5820061603978707,0.15054256174518124,3.0,15.0,0.0,411.3220999152453,0.551699427766687,0.448300572233313,0.7446698534232491,0.2553301465767509,-0.5193584537827386,-0.11806793989369974,0.010929201701074004,0.37971427819762826,-2789.5913173545855
536,-409.2696421867816,0.9819555773528286,0.17335359119587782,4.0,15.0,0.0,411.2889174818888,0.05599245979651279,0.9440075402034872,0.06651743140194726,0.9334825685980528,-0.20841080479477658,-0.391846482914248,1.1468834999765936,-0.039386315514819185,-2786.3199379105304
537,-409.0511320832466,0.9847934042512076,0.14668717873054135,5.0,31.0,0.0,413.3823236167519,0.08569451010609216,0.9143054898939078,0.8937558852735504,0.10624411472644957,-0.5906694788130312,-0.5788767928654488,-0.5593200064476116,0.03503206953127429,-2790.9091403388907
538,-409.1297118881355,0.7896939967666332,0.14062088753976898,4.0,15.0,0.0,410.08334947464914,0.9429586799049473,0.057041320095052694,0.5634089362746258,0.43659106372537415,-0.22076194404907268,-0.5651219725884882,0.23841796822343186,-0.686821367488661,-2795.5161223765313
539,-408.80770039780754,0.8482083535937488,0.15054256174518124,4.0,15.0,0.0,410.0589861929053,0.047592827327784144,0.9524071726722159,0.6981446355535853,0.3018553644464147,-0.2740826717739343,-1.0314921645918862,0.7441354857610083,-0.03389364211512464,-2790.3530700100573
540,-408.71026854576917,0.9689546589831199,0.17335359119587782,4.0,15.0,0.0,411.4523795419465,0.1963256943815008,0.8036743056184992,0.9667186186852014,0.03328138131479863,-0.4858296421370162,-0.19118403019916197,0.7219847349648791,0.027791335171367098,-2786.0897056901217
541,-408.19912107902576,0.9929213811778517,0.14668717873054135,5.0,31.0,0.0,410.09540140727313,0.9551985388225901,0.04480146117740991,0.115081589734599,0.884918410265401,0.009127797863879489,-0.5528271454040821,0.04555421748972366,0.18811336598405787,-2781.894669209256
542,-407.90307712116555,0.9991017865440622,0.14062088753976898,4.0,31.0,0.0,409.88548930745895,0.7749122630557527,0.22508773694424733,0.16483737503654106,0.8351626249634589,-0.8896138066279814,-0.41725057988995673,0.09906062823290569,-0.5621577121661939,-2790.8192296004386
543,-410.42426471016864,0.8795385252382892,0.15054256174518124,2.0,7.0,0.0,413.8599314604478,0.15286050518672428,0.8471394948132758,0.7899691169620825,0.2100308830379175,-0.15569616170268463,-1.0840344520272862,0.9404293997904287,-0.19319638689061122,-2806.7504566978682
544,-407.29475640055284,0.9971520604084662,0.17335359119587782,3.0,15.0,0.0,409.9388347591625,0.1255457085986659,0.8744542914013341,0.8686273604135941,0.13137263958640588,-0.5175040564901592,-0.26169141356469094,0.4026206431894517,-0.05722980003000948,-2782.804745259646
545,-409.5284053971432,0.7471735545337405,0.14668717873054135,4.0,15.0,0.0,413.36823246932846,0.6413069839940339,0.35869301600596615,0.5435529488346152,0.45644705116538475,-0.7536849403094629,-0.20831738292989227,-0.3975957170808549,0.8127332037487499,-2807.9072107254265
546,-408.2151629417849,0.9476136459216974,0.14062088753976898,5.0,31.0,0.0,410.1937499960531,0.4627013132577988,0.5372986867422012,0.23702631758701637,0.7629736824129836,-0.43481632412200827,-0.45594284510886895,-0.20699248064338713,0.588953802945919,-2797.7433972372564
547,-413.39800186557636,0.8150642349781473,0.15054256174518124,5.0,31.0,0.0,414.9990910960705,0.00809752984127046,0.9919024701587296,0.022832299340528564,0.9771677006594714,-1.4485577460209837,-0.4158425080767558,-2.3258755069870216,-0.02384610115796138,-2789.4262565214226
548,-410.31098684633497,0.6931973205425777,0.17335359119587782,4.0,15.0,0.0,412.52274471602436,0.7717572839844096,0.22824271601559043,0.5698748893370041,0.43012511066299586,-0.3192709051783121,-0.722792662566283,0.4319357432380925,-0.10752296964215838,-2811.9104232092845
549,-408.9143233293772,0.9298110305866332,0.14668717873054135,5.0,47.0,0.0,412.99120165750764,0.9620298466220184,0.0379701533779816,0.7075216579150649,0.29247834208493506,-0.5972591468093779,-0.17542035183453947,0.006930399763874044,-1.1795218921632347,-2789.3996294050653
550,-408.92868514314324,0.9856014613789679,0.14062088753976898,4.0,15.0,0.0,411.6708860008456,0.5494516457923336,0.45054835420766637,0.19677987107380915,0.8032201289261909,-0.9488809332265828,-0.41033776624221546,-0.4768299215684058,0.4654676736164577,-2801.0855598996013
551,-409.9354662710827,1.0,0.15054256174518124,4.0,31.0,0.0,416.0878855850512,0.019560864497521133,0.9804391355024789,0.1448306702757434,0.8551693297242566,-1.055553020825878,-0.4026183260165736,-1.2490615393557543,0.16329627680404016,-2787.520695532374
552,-406.41206620113843,1.0,0.17335359119587782,4.0,23.0,0.0,410.6644232905428,0.7839914801763702,0.21600851982362979,0.7661496434742666,0.23385035652573338,-0.4658034384238882,-0.44447167607569554,-0.11730339599249286,0.4961844319835918,-2782.6683914982946
553,-410.29621583636555,0.9464825606257113,0.14668717873054135,3.0,15.0,0.0,413.699465653729,0.9582979124478515,0.04170208755214855,0.9723426909419486,0.027657309058051416,-0.41307124714758536,-0.25767934392209557,0.17535173011598942,-0.8325959937530594,-2786.176632955186
554,-410.7171197786174,0.9956913251242,0.14062088753976898,4.0,31.0,0.0,413.21475471919894,0.05055856393552761,0.9494414360644724,0.2654395709367453,0.7345604290632547,0.18466256427692535,-0.7147965676683479,0.10146009688541394,-0.10313534959688626,-2804.3760782302606
555,-407.0074670831954,0.9705827851438459,0.15054256174518124,4.0,23.0,0.0,413.77560471670165,0.07942644648758122,0.9205735535124188,0.4122396355470629,0.5877603644529371,-0.728891458033859,-0.36070291911698193,0.5424380106405264,0.05091622956513106,-2782.819751961051
556,-409.22166896220864,0.9407429462012727,0.17335359119587782,4.0,15.0,0.0,410.5247845554437,0.9900890319736604,0.009910968026339617,0.44465825813078336,0.5553417418692166,-0.3023849959612676,-0.5307144700777091,0.13396585336982655,0.8089004312534519,-2784.297206706283
557,-408.93680553824083,0.981333319455805,0.14668717873054135,4.0,23.0,0.0,412.739455750989,0.45362811374199935,0.5463718862580007,0.03189844422712415,0.9681015557728758,0.3563711535758613,-0.5653405677328833,-0.00167627213617913,0.339543262694906,-2790.691813211047
558,-411.1829980572346,0.8618850061738482,0.14062088753976898,4.0,23.0,0.0,416.8359396732124,0.0205593414568114,0.9794406585431886,0.030301368497994117,0.9696986315020059,0.009236132703662546,-0.5840237245895339,1.8207598150960054,0.05776330707299544,-2785.8493029166893
559,-406.8678707193815,0.9735535091343258,0.15054256174518124,4.0,31.0,0.0,409.51113882028307,0.6384012822319607,0.3615987177680393,0.8149862450135144,0.18501375498648565,-0.448598500314656,-0.6180732493420233,0.008554376119845133,-0.14780529575528928,-2786.8254591192567
560,-406.94835905010495,0.9875853891110113,0.17335359119587782,4.0,31.0,0.0,411.4523962833005,0.8642111571327185,0.13578884286728155,0.8221276076792953,0.17787239232070473,-0.3822933387718954,-0.9039038384578255,0.029445797176860272,0.30008635238694314,-2782.1084858590557
561,-407.2494355215143,0.9268899937746129,0.14668717873054135,3.0,7.0,0.0,412.54828099059966,0.4462796241370956,0.5537203758629043,0.05901082463365708,0.940989175366343,0.38227365088528636,-0.5074506674412436,-0.11754154002990275,0.17121962724623774,-2783.1679389916617
562,-407.5315216074922,0.9968452488871299,0.14062088753976898,4.0,15.0,0.0,413.1173613826869,0.06695356780350484,0.9330464321964952,0.3236996982708842,0.6763003017291158,-0.0641397605571091,-0.6299609747749499,0.7240040934047879,0.013942955989034854,-2784.680147382316
563,-406.16551964220196,1.0,0.15054256174518124,3.0,15.0,0.0,409.53973817465015,0.4451929081277069,0.5548070918722932,0.8312355965492687,0.1687644034507313,-0.4308705825500832,-0.3257739975192748,0.2152731213791806,-0.03894633075288681,-2782.1715844511423
564,-407.2669778706763,0.927341487139526,0.17335359119587782,3.0,7.0,0.0,408.6963504447579,0.8024622689658266,0.19753773103417338,0.7678111524218365,0.2321888475781635,-0.2797741079266791,-1.0739928496535125,0.0037714323908165093,0.3523243379814325,-2787.494645375766
565,-406.6058374916198,0.9173171511343916,0.14668717873054135,4.0,15.0,0.0,409.55523360741375,0.20920406355295607,0.7907959364470439,0.354199131049012,0.645800868950988,-0.16983168092882678,-0.5147514594864528,-0.2548005172784502,0.10075576104580028,-2785.7968929177914
566,-408.69494711029955,0.9064040628114168,0.14062088753976898,4.0,15.0,0.0,412.17393692346957,0.8863899556056927,0.11361004439430733,0.8840743024146739,0.11592569758532612,-0.6693022678632724,-0.2110601168228459,0.05899555386266085,0.13368857648055218,-2791.127650729976
567,-406.6981277131445,0.9750129847818615,0.15054256174518124,4.0,15.0,0.0,407.1027166359081,0.7384647147656156,0.2615352852343844,0.804257301246188,0.195742698753812,-0.5596212756083321,-0.3908041094215555,0.23170566835800244,-0.12177605952466226,-2784.779799960921
568,-407.2669778706763,0.6149601170218637,0.17335359119587782,1.0,3.0,0.0,411.3221179990517,0.8024622689658266,0.19753773103417338,0.7678111524218365,0.2321888475781635,-0.2797741079266791,-1.0739928496535125,0.0037714323908165093,0.3523243379814325,-2787.494645375766
569,-406.79406687127164,0.9990629758274895,0.14668717873054135,4.0,31.0,0.0,408.3678245945094,0.8735405565818339,0.12645944341816606,0.49591285998015316,0.5040871400198468,-0.4446565592374381,-0.6219986666403333,0.16370846940341616,-0.5550211831532919,-2784.445279348703
570,-409.0166934048997,0.859153959399318,0.14062088753976898,4.0,31.0,0.0,412.0746171702895,0.305116020988352,0.694883979011648,0.6759573599183851,0.3240426400816149,-0.13015627497008136,-0.7321504005973208,0.14670010505313855,-0.15688155153886738,-2803.666002717622
571,-407.0894647562074,0.9007847531846663,0.15054256174518124,3.0,11.0,0.0,409.7109686862895,0.08295921258487896,0.9170407874151211,0.7345621098116851,0.2654378901883149,-0.33437827009946836,-0.7165040249237711,0.3334194553003463,0.06446869543209448,-2782.347367480774
572,-406.72162269814265,0.7088489004042938,0.17335359119587782,3.0,11.0,0.0,410.94906026025393,0.5235286206908174,0.4764713793091826,0.899905554329028,0.10009444567097203,-0.45417111660677423,-0.9954599115593183,-0.06569759526422045,0.22462167102431968,-2782.2331888236895
573,-407.1566360352847,0.985231499656832,0.14668717873054135,3.0,7.0,0.0,408.07200291228645,0.9318533527663713,0.06814664723362873,0.3488101566581013,0.6511898433418988,-0.6924489169127613,-0.3279936637865815,0.09065518671282692,-0.5090648385276164,-2782.5196564183525
574,-409.6131054445853,0.9667818774009702,0.14062088753976898,5.0,31.0,0.0,412.96156650288253,0.6759769432241665,0.32402305677583354,0.11916061595200755,0.8808393840479924,0.00861013704284521,-0.7150695565501539,0.3741926965577198,-0.42683019215231155,-2802.7264134749466
575,-408.2189893154318,0.8976890742289656,0.15054256174518124,4.0,15.0,0.0,410.56185595321506,0.7417020952463163,0.25829790475368375,0.22574850145510042,0.7742514985448996,-0.19839898190593533,-0.3544495223236944,-0.015127571297869735,-0.05670652194481622,-2796.268266127665
576,-405.7854703971828,0.9598040260471647,0.17335359119587782,4.0,15.0,0.0,407.6141453066234,0.7547600132246362,0.24523998677536385,0.5396414793113653,0.4603585206886347,-0.3944623703073267,-0.5876989534056283,-0.036091262469520394,0.4237537179274722,-2781.205710742844
577,-408.21548507076494,0.9986683931640177,0.14668717873054135,4.0,15.0,0.0,408.5232739652576,0.8525123360888686,0.14748766391113144,0.7127004443866606,0.2872995556133394,-0.4658028923205343,-0.29523424936355186,0.24178974855349913,-0.9493867266103478,-2793.482358244891
578,-406.98330486720823,0.9618419646239075,0.14062088753976898,4.0,15.0,0.0,411.14675209913406,0.47329828764574494,0.526701712354255,0.5366111391837384,0.4633888608162616,-0.7928387606667519,-0.3585367316833119,-0.19179889278571371,0.19927633010076573,-2791.4120217050627
579,-409.2861172683911,0.9991567714324556,0.15054256174518124,4.0,15.0,0.0,410.3741801470404,0.17345523789929096,0.826544762100709,0.4857401533769832,0.5142598466230168,0.07195318929421349,-0.7074672943951846,0.8278894056959609,-0.08305011052877857,-2803.2149222908783
580,-406.7278500892824,0.9069903447079527,0.17335359119587782,4.0,15.0,0.0,407.9194683515049,0.7502084966770493,0.24979150332295075,0.5095756059331276,0.49042439406687244,-0.4684952735057124,-0.4539057710118203,0.09885737610336927,-0.47356646393941815,-2787.860967847052
581,-407.0438403771075,0.9010614726722035,0.14668717873054135,4.0,31.0,0.0,410.41934096966014,0.8796570123483349,0.12034298765166507,0.25702770401833835,0.7429722959816616,-0.8284673395444444,-0.29328736740696626,0.020854409196904414,0.2299871596197644,-2784.0970372557945
582,-406.57956501360314,0.9940814141281303,0.14062088753976898,3.0,15.0,0.0,408.48734210028374,0.2803007696734897,0.7196992303265103,0.35741573134612004,0.64258426865388,-0.8332481858872299,-0.3359870903218816,-0.20532472833711327,0.24991434753033265,-2786.544701041934
583,-409.6118311955312,0.9157926695781466,0.15054256174518124,4.0,15.0,0.0,413.3044392817688,0.21061249124061013,0.7893875087593899,0.34375500190314395,0.6562449980968561,-1.0987706430497586,-0.030573607547390302,-0.10008832390455982,0.15538449737325066,-2805.7454223036643
584,-406.95672740587764,0.9968117772733193,0.17335359119587782,4.0,15.0,0.0,409.36838585491154,0.30938636654722507,0.6906136334527749,0.46344066153043184,0.5365593384695682,-0.10409911156111437,-0.8232914719990162,-0.10684518438878259,0.20570766247880853,-2790.2422405139046
585,-409.04518981825044,0.8703718524048412,0.14668717873054135,4.0,15.0,0.0,409.87774937296297,0.8336494622695717,0.1663505377304283,0.39828991895004645,0.6017100810499536,-0.2636401772148881,-0.8247400988923406,-0.1517048984588264,1.0422690575379208,-2800.4637744143533
586,-407.74714218608534,0.8942628789683772,0.14062088753976898,4.0,15.0,0.0,410.3372266565011,0.3704892285238899,0.6295107714761101,0.3340872929779412,0.6659127070220587,-0.047653052829102746,-0.5490175835444489,0.5929515900893367,-0.06948129950600604,-2795.609562507562
587,-409.65754005937333,0.9048179613739824,0.15054256174518124,4.0,15.0,0.0,414.7100102717628,0.364828632541509,0.635171367458491,0.0926221037398966,0.9073778962601033,-1.1591439028877766,-0.6087536134337078,0.11721595284907034,0.15984492045433765,-2801.0929879192236
588,-407.8403070157842,0.8716935857853653,0.17335359119587782,2.0,3.0,0.0,408.3503040423479,0.2610645218802646,0.7389354781197355,0.5643147598191051,0.43568524018089494,-0.07551873120654903,-0.8054425379244162,-0.073181069334844,0.22856643509748825,-2795.5878442355634
589,-407.2820860098193,0.9977510128593896,0.14668717873054135,4.0,31.0,0.0,410.5482779596898,0.766586087340165,0.23341391265983502,0.7930999580829752,0.20690004191702482,-0.3560537348008692,-0.6107902396276813,-0.15136579315170395,0.7746650836254658,-2788.064343594097
590,-406.7575972364686,0.9254758413246698,0.14062088753976898,3.0,7.0,0.0,409.3953077282871,0.1950127589455377,0.8049872410544623,0.18257645083187696,0.817423549168123,-0.11895909601341952,-0.5778632949321498,0.6030954227548345,-0.04999144272322824,-2783.2348082088993
591,-407.26634189655374,0.9182429598235381,0.15054256174518124,4.0,19.0,0.0,413.6727773979336,0.09006716498602058,0.9099328350139795,0.6873699455702498,0.3126300544297502,-0.4223113424929723,-0.2953399807012568,0.4989973467568878,-0.011420215114924762,-2784.949979118555
592,-408.017488805871,0.989402815759595,0.17335359119587782,5.0,31.0,0.0,410.84901662766663,0.23182023741424385,0.7681797625857562,0.9224790923042151,0.0775209076957849,-0.4672734767671752,0.21483439191708403,0.13765333034305768,-0.08099426249845507,-2788.0930938383285
593,-408.54136957242076,0.9208409803377514,0.14668717873054135,4.0,23.0,0.0,410.4013669597988,0.30428117213993283,0.6957188278600672,0.19113296462495122,0.8088670353750488,-0.8041287830224036,-0.46037180113807585,0.66981688065064,0.04482016958362612,-2797.3521197609725
594,-407.4906493578904,0.8989133951005656,0.14062088753976898,4.0,15.0,0.0,410.2940718082477,0.0859751365953835,0.9140248634046165,0.49849070850332783,0.5015092914966721,-0.6991631858030884,-0.22945709446134321,0.42208432695829784,-0.06337262631300125,-2787.074059318176
595,-408.3976720577886,0.9438883201223144,0.15054256174518124,4.0,31.0,0.0,411.9891445389723,0.7113751616820949,0.2886248383179051,0.07394132662379624,0.9260586733762037,-0.5445199516338409,-0.32527906515040816,0.12101972934076582,-0.2702706241265852,-2791.2300630116815
596,-409.75103155270074,0.9685033858163347,0.17335359119587782,3.0,7.0,0.0,412.0086432502807,0.31246983492219643,0.6875301650778036,0.7187609163133949,0.2812390836866051,-0.5357355873732178,0.38417675244338856,0.17730903901375075,0.02128930693276318,-2808.3896728300383
597,-409.74218751944835,0.9529852631006651,0.14668717873054135,4.0,19.0,0.0,412.22838367736233,0.12317224816122171,0.8768277518387783,0.31211413719952485,0.6878858628004751,-0.7521425985945698,-0.2161613010530016,1.0800724372565407,0.12267622398469735,-2802.847928668091
598,-407.06147605197447,0.9942317679725737,0.14062088753976898,4.0,15.0,0.0,408.2786026262443,0.08798482085464925,0.9120151791453508,0.4643930015255779,0.5356069984744221,-0.7358917393073606,-0.2940824993269812,0.4024208409579153,-0.017676955714843373,-2784.1612547148575
599,-411.0078295859228,0.8994746315784855,0.15054256174518124,5.0,47.0,0.0,411.85695072924483,0.6903257505883296,0.30967424941167043,0.9774053975670963,0.022594602432903677,-0.5867338130995845,2.1333036000063346,0.19444268207878246,-0.4138181409020506,-2797.7380716164425
600,-409.4284605849994,0.9841630253190327,0.17335359119587782,4.0,15.0,0.0,414.79932681022194,0.041049061192504045,0.9589509388074959,0.8561439866137908,0.14385601338620924,-0.4259449796032519,-0.6490140954705831,1.893512838273971,0.09800323599164915,-2787.794527483735
601,-408.47111586480753,0.9826767520729972,0.14668717873054135,3.0,11.0,0.0,411.45446178611826,0.0920788727420222,0.9079211272579778,0.4863464475279832,0.5136535524720167,-0.6876269291733254,-0.2074860417439014,0.8945120097868008,-0.16135153539384325,-2793.735309531262
602,-409.95945772324626,0.8537747025135447,0.14062088753976898,5.0,31.0,0.0,412.5482862643544,0.48754664710525797,0.512453352894742,0.006253856639531176,0.9937461433604688,0.47344098415955965,-0.49259080077227,-0.03729051576469908,-0.05678536890952779,-2786.814960560469
603,-410.5314498199117,0.8542991677873264,0.15054256174518124,2.0,3.0,0.0,412.92884409382975,0.745411054573971,0.25458894542602895,0.9806450544015173,0.01935494559848272,-0.49935925443138174,2.0843680265760685,0.30489227552821163,-0.37158255462271583,-2792.819623683396
604,-410.38387384332594,0.8172336946964709,0.17335359119587782,3.0,11.0,0.0,412.2903767505196,0.04238423818752431,0.9576157618124757,0.8298666053108865,0.17013339468911348,-0.5180784395813298,-0.2743756719339075,1.7082371786687933,-0.16260353474932476,-2796.3346210198188
605,-408.8901960431081,0.9718199018513293,0.14668717873054135,2.0,7.0,0.0,410.5288409690975,0.08438076833521774,0.9156192316647822,0.46445528607799774,0.5355447139220022,-0.5767758744206308,-0.40076092455137285,0.651230024955945,0.20862710797656608,-2796.384723160874
606,-409.5256634137664,0.952505235824163,0.14062088753976898,5.0,31.0,0.0,411.9755722422673,0.591910295179945,0.408089704820055,0.9787886457669909,0.021211354233009128,-0.3983129846065414,-0.413837560924871,-0.22636305146604013,0.1678531092884151,-2791.970799002478
607,-411.7333648283018,0.8814364451942636,0.15054256174518124,2.0,3.0,0.0,412.835635423531,0.7663606412619772,0.23363935873802277,0.9823372087846114,0.017662791215388607,-0.34262658403059953,2.0714611859379337,0.08691656655275677,-0.30651869672276605,-2800.372481092044
608,-411.8125489895288,0.999475685161553,0.17335359119587782,4.0,15.0,0.0,413.28393708478944,0.002314137103496032,0.997685862896504,0.6877945978614821,0.3122054021385179,-0.6448020468596936,-0.012910722402661452,2.5470760019609044,0.0902251434681705,-2786.1684578169607
609,-408.2142205016321,0.9141198569840057,0.14668717873054135,4.0,15.0,0.0,414.2667422781839,0.9495435107115386,0.05045648928846136,0.6269416025656486,0.37305839743435143,-0.5541142291714641,-0.4391326197056174,0.16994047529811324,0.5107496080154321,-2788.1370418367187
610,-406.20606802650286,0.9794599623751988,0.14062088753976898,5.0,31.0,0.0,411.6623920432151,0.6778991402476553,0.3221008597523447,0.7077188758337875,0.29228112416621255,-0.3774496365685798,-0.7171011676732588,-0.1614302856385883,0.44511747609869134,-2783.815442281915
611,-408.0894554225189,0.9997696932834449,0.15054256174518124,4.0,31.0,0.0,414.0862564572375,0.4389164227639415,0.5610835772360585,0.9095896350109182,0.09041036498908184,-0.36232530309759015,0.05295097246684799,-0.08786544739661617,0.19384738294816134,-2791.8904793536076
612,-409.3313919367597,0.9912952970647455,0.17335359119587782,5.0,31.0,0.0,413.8555985948504,0.008646590195943308,0.9913534098040567,0.5111142995072658,0.48888570049273417,-0.6851911842370307,-0.3574180265981255,0.9150960091242125,0.008495456197991386,-2783.8667582403077
613,-407.96344670732265,0.8364405642251437,0.14668717873054135,2.0,7.0,0.0,412.81852860541744,0.9623099842178309,0.03769001578216913,0.7800467618696383,0.21995323813036172,-0.5201350290177358,-0.42309883649873237,-0.016380889861071862,0.5173686633165487,-2782.4040364342723
614,-409.0312762108715,0.940560541100587,0.14062088753976898,3.0,15.0,0.0,412.9108423797829,0.293656599311625,0.706343400688375,0.1835653605938602,0.8164346394061398,-0.06840325709641709,-0.39694445178788523,0.6108256526695021,-0.2925305049285851,-2800.975051309114
615,-406.0312049855241,0.8859745774002472,0.15054256174518124,3.0,15.0,0.0,411.48493526452927,0.5760365278128963,0.42396347218710373,0.6406725929907445,0.3593274070092555,-0.5756749259523454,-0.21054390312718468,0.11676322231467742,0.16700627695787448,-2784.520282959869
616,-408.234424833774,0.876545372546283,0.17335359119587782,4.0,15.0,0.0,413.65057729383534,0.18417375682617435,0.8158262431738257,0.38690054231884985,0.6130994576811502,-0.17470728275672387,-0.851362679940766,0.39887480166374223,0.08143363894687394,-2796.1560341458617
617,-406.7881875085755,0.962871928306856,0.14668717873054135,4.0,15.0,0.0,410.8492918585359,0.8524160554804945,0.14758394451950552,0.3264944565959092,0.6735055434040909,-0.1448636534887831,-0.5593017420350584,0.15028019060298534,-0.020317797896196338,-2784.9026235343717
618,-409.0146839297773,0.8566857788000194,0.14062088753976898,4.0,15.0,0.0,412.5634985549659,0.202404607662057,0.797595392337943,0.9508417093131242,0.04915829068687583,-0.48927608559100316,-1.0031420039853844,-0.3398941931386359,0.31454076899408123,-2790.356020788028
619,-407.38471836654344,0.8406136886487231,0.15054256174518124,4.0,31.0,0.0,409.97503564868566,0.2844989583933066,0.7155010416066934,0.07659321751410161,0.9234067824858984,-1.0292364012223034,-0.48456663890874363,0.21543249233753317,0.0783767698155024,-2783.657190666868
620,-408.67909715819616,0.9960330675642473,0.17335359119587782,5.0,31.0,0.0,410.1746596242196,0.1817998133085851,0.8182001866914149,0.9387456285866532,0.061254371413346775,-0.5154715761558429,0.23441640674845352,0.3829642171354094,-0.15499459762993717,-2789.7401472378733
621,-406.9652618952768,0.9955831171147301,0.14668717873054135,4.0,15.0,0.0,407.97885082320073,0.20504823271859726,0.7949517672814027,0.8775550812923718,0.12244491870762819,-0.4876001023941652,-0.7152084338534159,-0.1713928611831383,0.18328245182053235,-2782.5753351698177
622,-408.702953428818,0.9363533487393659,0.14062088753976898,5.0,31.0,0.0,411.16094328594727,0.16263102009304645,0.8373689799069536,0.9498951346858489,0.05010486531415115,-0.4226357782123068,-0.8991370964373252,-0.6337341839510704,0.2547038216689103,-2787.1580625768033
623,-407.62458768875405,0.9285145957695191,0.15054256174518124,4.0,31.0,0.0,410.735151328219,0.0812340241323783,0.9187659758676217,0.10379297621205781,0.8962070237879421,-0.7750640127888185,-0.44655115834222026,0.1999967291331556,0.03226724706756616,-2780.7124349930714
624,-407.6969330167535,0.999846228834525,0.17335359119587782,2.0,7.0,0.0,409.39745478299113,0.22346513362200696,0.7765348663779931,0.9064193854310673,0.09358061456893274,-0.4934281725318862,0.23768034801463184,0.3650316825853403,-0.11326916369954809,-2786.7444499295575
625,-405.78073636459374,0.9945000603972115,0.14668717873054135,3.0,15.0,0.0,407.7741912159182,0.4830938631563927,0.5169061368436073,0.5403616894087794,0.4596383105912206,-0.2998413512329355,-0.7329690781063724,0.004124697754896475,0.06538451248771351,-2783.2833676610453
626,-407.0128417826892,0.9497801255904076,0.14062088753976898,4.0,15.0,0.0,409.8064282378855,0.3333828843834714,0.6666171156165286,0.1323045257753025,0.8676954742246975,-0.7480453394639477,-0.34404232999568635,0.4467748253625325,-0.09763582113139035,-2785.43758226836
627,-407.638003598642,0.9298577756033275,0.15054256174518124,4.0,15.0,0.0,409.65858782554267,0.09433796555779907,0.905662034442201,0.1360571934191493,0.8639428065808508,-0.8289512989853983,-0.4518350411205609,0.19590286211019248,0.1238167421899147,-2783.265754957115
628,-409.3262753486449,0.9907268755087973,0.17335359119587782,3.0,7.0,0.0,410.04187211081916,0.37639618482167664,0.6236038151783234,0.7824848479568384,0.21751515204316163,-0.6634154591751555,0.36862823974279985,0.6618625827182705,-0.13006872369838596,-2804.3917092943498
629,-407.33156791553074,0.9264134563258852,0.14668717873054135,4.0,15.0,0.0,408.0414324371825,0.6442495151283187,0.35575048487168126,0.7299062073150092,0.2700937926849908,-0.5207475407983422,-0.1776235443419764,-0.22280455113937045,0.2057005152680884,-2792.012535204566
630,-407.2851708692396,0.9719052132788407,0.14062088753976898,4.0,15.0,0.0,411.04021832095356,0.93628424479875,0.06371575520124995,0.40324380682077976,0.5967561931792202,-0.24305020766059077,-0.5157031860581197,0.10918519496408383,-0.4387616970688318,-2783.6552303048943
631,-409.88530278373514,0.9179010581700113,0.15054256174518124,4.0,31.0,0.0,413.41010767332125,0.030313108570676563,0.9696868914293234,0.03846032128260553,0.9615396787173944,-0.7358493112917348,-0.430752702386305,-0.5526208990973518,0.013063270364147256,-2783.3551336441083
632,-413.62640093092597,0.688396178849366,0.17335359119587782,4.0,31.0,0.0,415.22260827705713,0.769498769688204,0.23050123031179603,0.9967054497420137,0.003294550257986306,-0.5367982732295833,1.2547585006293613,-0.3142971372544918,0.46161275091588533,-2803.9013540452083
633,-409.6939153243328,0.9772373645301403,0.14668717873054135,4.0,15.0,0.0,410.96990047656374,0.9392337280774753,0.060766271922524706,0.7160896431205115,0.2839103568794885,-0.4123397239538625,-0.7694456665237306,-0.1604211021279111,0.5879320028325398,-2798.302469002632
634,-408.3889121655261,0.8805444165423213,0.14062088753976898,5.0,31.0,0.0,414.8428656760974,0.9068522983654024,0.09314770163459762,0.5404042279197177,0.45959577208028235,-0.8315992138118203,-0.10212207278593029,-0.012390758700258901,1.1779062420870412,-2792.553474655586
635,-408.10989905439004,0.9853145253439777,0.15054256174518124,4.0,15.0,0.0,411.8393048079093,0.4788155101494683,0.5211844898505317,0.18007840139640055,0.8199215986035995,-1.1528458612790613,-0.3415687935705012,0.4609830650581443,-0.05975901565996022,-2794.885892243975
636,-409.3601800850464,0.9991109086639837,0.17335359119587782,4.0,31.0,0.0,414.64285494677614,0.7757730064630656,0.22422699353693443,0.9840331758088399,0.015966824191160134,-0.5006539721727266,0.8724476634049819,0.1187697851573088,0.311521045126242,-2786.0184457491246
637,-412.1952116228753,0.7653477186970169,0.14668717873054135,5.0,31.0,0.0,417.90114768180496,0.004318287425434643,0.9956817125745654,0.7049997004728605,0.29500029952713946,-0.13912524296272544,-0.9384632922318166,-0.44245934025960804,-0.024799991869993265,-2797.9074857591477
638,-408.28420183588787,0.8983939113610562,0.14062088753976898,4.0,15.0,0.0,410.8518588693076,0.9614422841949355,0.03855771580506451,0.7831781909851485,0.21682180901485149,-0.46840724588513627,-0.20517126354042,-0.029347435356493163,0.8220302439247048,-2784.5088697150986
639,-409.15604753166207,0.9570888908695928,0.15054256174518124,3.0,7.0,0.0,410.4998257930004,0.1322033997666935,0.8677966002333065,0.2755268452303665,0.7244731547696335,-1.210137242132285,-0.24459615961363199,0.35780568471985297,-0.08513027927894605,-2798.829116886579
640,-406.87602573919247,0.9962805909427213,0.17335359119587782,4.0,31.0,0.0,412.6397461707155,0.1552703320939306,0.8447296679060694,0.8155046165655053,0.18449538343449468,-0.4846042630661559,-0.1752117734752865,-0.2604611892139461,0.06915166160655219,-2783.19228286537
641,-409.3290371252346,0.6108633808703978,0.14668717873054135,4.0,15.0,0.0,418.1643461016898,0.07729943532287138,0.9227005646771286,0.6463704503147983,0.35362954968520166,-0.5646084840384848,-0.8248039408639842,-0.32329418629294765,0.0607828928302116,-2798.153566851922
642,-409.21984424328986,0.9326856349198108,0.14062088753976898,4.0,15.0,0.0,411.0415890586647,0.6956911298362789,0.3043088701637211,0.2892457952247909,0.7107542047752091,-0.11571558296763204,-0.5621717521061513,-0.1669719030206005,0.9995640071055913,-2803.9671569741636
643,-407.94017607278556,0.8039256376503132,0.15054256174518124,5.0,31.0,0.0,411.69617567184014,0.8723483301846903,0.12765166981530973,0.08277416711814845,0.9172258328818516,-0.33463846046536905,-0.4349269054764859,0.1783631180436345,-0.044154880795998996,-2784.6906104101386
644,-407.84858323010116,0.9794737111003289,0.17335359119587782,4.0,15.0,0.0,408.8444991728495,0.10113071421349815,0.8988692857865018,0.39524308294777716,0.6047569170522229,-0.35910339640649064,-0.651082214189099,-0.9528814807592264,0.1805011104925957,-2789.5778990454155
645,-406.4221522206486,0.9979272678065421,0.14668717873054135,4.0,15.0,0.0,411.16560271005403,0.5177387102178883,0.4822612897821117,0.690512006977383,0.309487993022617,-0.446193695874439,-0.7119057994185786,-0.14340306245516338,0.4218367954848322,-2786.4391984206873
646,-407.9104301123149,0.9908501997415958,0.14062088753976898,5.0,31.0,0.0,410.4119141704164,0.9429646663720526,0.05703533362794744,0.3833273914313617,0.6166726085686383,-0.8577197829548759,-0.23642756193593284,0.01956456084078958,-0.05990610118643891,-2786.905492860334
647,-410.24249642560966,0.9724066696567285,0.15054256174518124,3.0,7.0,0.0,412.1134880097646,0.9898864136696197,0.010113586330380286,0.434987789849468,0.5650122101505319,-0.00408521430781781,-0.6592290942025467,0.10826458034778791,-0.0851151273141297,-2791.965578695225
648,-408.3726152044692,0.9545516047262373,0.17335359119587782,3.0,7.0,0.0,408.92523436856067,0.034406096409933126,0.9655939035900669,0.5725548342420625,0.42744516575793745,-0.28503591577882775,-0.5007449536148291,-0.7200699924599963,0.04297650646628652,-2786.9612454625317
649,-406.56080379833276,0.9975217398156867,0.14668717873054135,4.0,15.0,0.0,407.2800503758228,0.6133774575225028,0.38662254247749717,0.30432953547899955,0.6956704645210005,-0.678402896845544,-0.5355765494436934,0.23882547204379043,-0.11501400040030876,-2787.0515197003597
650,-407.80677831820543,0.9030745460256863,0.14062088753976898,4.0,15.0,0.0,409.58267307554047,0.9500406774063471,0.04995932259365288,0.4858192401550051,0.5141807598449949,-0.7118844843187346,-0.41136498793466425,0.024763426223807616,-0.12770702475434328,-2785.7959338154797
651,-408.3264106930664,0.5988432767622183,0.15054256174518124,4.0,31.0,0.0,413.23870269339034,0.7418793747310743,0.25812062526892565,0.19433301068726433,0.8056669893127357,-0.1684416549572992,-0.4139822109557135,0.16257008642433443,-0.609361041898826,-2795.8763641606997
652,-408.4805572625745,0.9242324583505127,0.17335359119587782,5.0,31.0,0.0,410.78690401975643,0.08303891308538518,0.9169610869146149,0.259281590824781,0.740718409175219,-0.8457926467592319,-0.3681460059573963,-0.7071238893759646,-0.0005346401820333357,-2791.3312103084627
653,-406.77806752868577,0.8397360200646873,0.14668717873054135,2.0,7.0,0.0,410.791857506136,0.7982025756151605,0.2017974243848395,0.1381952951764612,0.8618047048235388,-0.5882953613545643,-0.4946880554910629,0.14940167922003222,-0.3487648986277325,-2781.9777189435194
654,-407.9323094032663,0.840303591056088,0.14062088753976898,4.0,31.0,0.0,411.1813345469683,0.5712506039999091,0.4287493960000909,0.09490456055166965,0.9050954394483304,0.11796618876819175,-0.5290570816001586,0.1239511163077175,0.30180019375032274,-2790.877283413497
655,-408.5446752676793,0.6956284739730436,0.15054256174518124,4.0,31.0,0.0,415.8839332277538,0.5745618589641595,0.42543814103584054,0.01643353925064948,0.9835664607493505,-0.1485764281570639,-0.3950555939630499,0.017854791645251583,0.17974871067206255,-2783.718614452171
656,-410.0888860929571,0.9779684093642483,0.17335359119587782,4.0,31.0,0.0,411.84247435074326,0.0036843138383091016,0.9963156861616909,0.4429350612382595,0.5570649387617406,-0.4870715454413645,-0.4047232729827051,-1.7377354508720664,0.09084541404635306,-2781.4317801804564
657,-408.58246824591924,0.9766941740664156,0.14668717873054135,3.0,15.0,0.0,411.52335722796397,0.2690868383662736,0.7309131616337263,0.017247830470043697,0.9827521695299563,-1.1697585015345162,-0.45403362796761787,0.4079783214049484,-0.015449428033739582,-2781.4848466283725
658,-409.68328742025267,0.8531232212255013,0.14062088753976898,3.0,15.0,0.0,413.18042473527373,0.09264429943852914,0.9073557005614709,0.12289043787367654,0.8771095621263234,-0.09518843691423581,-0.6628412630298492,-1.0493364653690656,0.1476664746134399,-2796.1424364535314
659,-406.84952260635885,0.8733736510942902,0.15054256174518124,4.0,15.0,0.0,410.59516222746316,0.20285972947117067,0.7971402705288293,0.7189331822052631,0.28106681779473686,-0.3043480936107172,-0.862714157380738,0.6041671723641443,-0.012586519500602657,-2785.7467541487977
660,-409.5414057308441,0.9914196923268387,0.17335359119587782,2.0,7.0,0.0,410.96828875276276,0.008728633574729815,0.9912713664252701,0.37909469146412583,0.6209053085358742,-0.5014637021251952,-0.41266562197637985,-1.8499561307027972,0.11048935750582445,-2782.8783818204142
661,-407.71919958335656,0.9947299934835101,0.14668717873054135,4.0,15.0,0.0,409.9829847705588,0.26840223112263967,0.7315977688773603,0.040400413730078,0.959599586269922,-1.1450585501325932,-0.42941525526852536,0.21086899636584203,0.04877898251151856,-2781.3969696640647
662,-409.25223578814837,0.9733715436200355,0.14062088753976898,4.0,15.0,0.0,411.2930297694788,0.11466105677698243,0.8853389432230175,0.06626855872376626,0.9337314412762338,0.056548514417362784,-0.4564103754823321,-0.9766387994784704,0.11668651254271764,-2790.9728434649624
663,-406.3289340023598,0.982972695397818,0.15054256174518124,4.0,15.0,0.0,407.6429112509873,0.28782975707082425,0.7121702429291757,0.5665702152168859,0.4334297847831141,-0.5231118587346303,-0.2641752902781405,-0.3100870450541671,0.1274209951807702,-2785.779939230456
664,-410.05340241068046,0.9862830146625718,0.17335359119587782,4.0,31.0,0.0,411.5480914144299,0.044736835902166525,0.9552631640978335,0.952415266703638,0.047584733296362036,-0.508218250463458,-0.5565024517999213,-1.4090367857281492,0.1361478223075745,-2787.1769568130885
665,-411.45819928997423,0.9428709937485259,0.14668717873054135,4.0,31.0,0.0,412.5481791886894,0.005488055108768215,0.9945119448912317,0.9548991277849826,0.04510087221501735,-0.5284307967739595,-0.6948222164607493,-1.231377136358089,0.056351497183000455,-2782.563511802549
666,-407.6182479678599,0.9770757535100867,0.14062088753976898,4.0,31.0,0.0,411.07140344380025,0.08709667665719553,0.9129033233428044,0.2285818382792355,0.7714181617207645,-0.7583095792717433,-0.43665786089377967,-0.3332195130779856,0.19404949875700492,-2785.460451468539
667,-407.4080269003769,0.8581304565984121,0.15054256174518124,3.0,7.0,0.0,409.1444415224345,0.20950923479383515,0.7904907652061648,0.7279982772624753,0.27200172273752465,-0.6576338681149069,-0.3466288919301811,-0.5123783461822292,0.15136586007557062,-2789.9440945224655
668,-408.9090885850541,0.7169202906363417,0.17335359119587782,3.0,7.0,0.0,414.6343678167466,0.05153617656062459,0.9484638234393754,0.5935810666235685,0.40641893337643153,-0.6182386328348941,-0.5911343380780651,-0.9359838152060844,0.06173362548765088,-2792.5796549251827
669,-410.62827399300886,0.9945042445060762,0.14668717873054135,4.0,15.0,0.0,413.2297945847235,0.20669833246176222,0.7933016675382378,0.02810235808088536,0.9718976419191147,0.4088645855422037,-0.4498989059193663,-0.903711668719921,0.19124450617384392,-2798.10346413901
670,-406.33349690150436,0.93776023782215,0.14062088753976898,3.0,11.0,0.0,409.9928429919194,0.6269449896244176,0.3730550103755824,0.22405353168649544,0.7759464683135046,-0.22761766059700134,-0.49916521787215884,0.2580985705609852,-0.05548963442610916,-2784.4104318574286
671,-405.5222026274537,0.9984386082384896,0.15054256174518124,4.0,15.0,0.0,407.9407726401392,0.5112235159233868,0.4887764840766132,0.42361457323640417,0.5763854267635958,-0.343759451051447,-0.5145891105701547,-0.11062342251695914,0.25768758917980683,-2781.5305706350464
672,-411.3726473629342,0.9384139684341066,0.17335359119587782,3.0,15.0,0.0,412.7412433297515,0.13042047706523108,0.8695795229347689,0.2102979659224371,0.7897020340775629,-0.05474749185519074,-0.8248455685762175,-0.9708610231803237,0.18485251888716178,-2812.790059394074
673,-410.11744770117417,0.8744808088114074,0.14668717873054135,4.0,15.0,0.0,412.5919672362195,0.07956251027218944,0.9204374897278106,0.12601175211713134,0.8739882478828687,0.22747745823975193,-0.7085073402305578,-0.2583424429727804,-0.0247125672119895,-2799.158008996542
674,-406.75743127054767,0.9568474478759426,0.14062088753976898,5.0,31.0,0.0,407.6320034738682,0.3672600845857501,0.6327399154142499,0.6294322868048116,0.37056771319518844,-0.5430391410244553,-0.20598131058431568,-0.22395603072501896,0.0582616032961978,-2789.306926783217
675,-405.6297938110467,0.880030341166348,0.15054256174518124,2.0,7.0,0.0,407.31505884860366,0.6199326642045735,0.3800673357954265,0.5594235123345545,0.44057648766544555,-0.38094700368650636,-0.6036187846717023,-0.11456713962309775,0.3542392275518932,-2781.771784421872
676,-412.38397450945524,0.9897243541034612,0.17335359119587782,6.0,71.0,0.0,416.41537822654954,0.4262255207251749,0.5737744792748252,0.9799598116455889,0.020040188354411126,-0.44409799874294004,3.224312213358187,-0.3169313606386198,0.1469001449423781,-2802.517624898316
677,-410.71695783322264,0.9287774232787909,0.14668717873054135,4.0,31.0,0.0,413.58083616965655,0.19126328004573395,0.8087367199542661,0.8069439663245078,0.19305603367549218,-0.7223205358381455,-0.1389573072200617,0.6765630587308031,-0.2903089175169846,-2810.4610714353007
678,-407.7294613684302,0.9083367392472026,0.14062088753976898,3.0,15.0,0.0,411.8738716864369,0.4851501902525431,0.514849809747457,0.7841707418297401,0.21582925817025989,-0.4601733792468405,-0.004741420423737125,-0.020034134746861915,-0.0765991425293375,-2794.4538710544475
679,-405.6744929893426,0.8581876524066764,0.15054256174518124,4.0,15.0,0.0,407.7175281695362,0.4564507784504959,0.5435492215495041,0.7380759041757862,0.26192409582421383,-0.46610193362773783,-0.5736341911963178,0.23871416068399848,-0.05277342746449652,-2780.795738521627
680,-409.0409549034976,0.8965822613864424,0.17335359119587782,5.0,63.0,0.0,416.7874746411791,0.794111995306139,0.20588800469386104,0.8452854574573004,0.15471454254269956,-0.6946885805818116,0.23483405765011403,-0.19754906808116962,0.7332003113844849,-2798.030853875287
681,-412.20748298863,0.9419092918731025,0.14668717873054135,4.0,31.0,0.0,415.3693141214619,0.008316910561356694,0.9916830894386433,0.9823021870282083,0.017697812971791738,-0.4680678736315158,0.7647025472839853,0.7837883987226498,0.14502422390828512,-2785.0521578451026
682,-410.5303908412175,0.8700172758858502,0.14062088753976898,4.0,31.0,0.0,411.74902099109437,0.025310205849231247,0.9746897941507687,0.9082738836569199,0.09172611634308014,-0.4401557059640967,0.34788261361005907,0.934866816018133,-0.049714373086228544,-2792.0742661165073
683,-406.0961779034891,0.9672223040017683,0.15054256174518124,4.0,15.0,0.0,406.9891174381983,0.30301278734766907,0.6969872126523309,0.21321181259349647,0.7867881874065035,-0.44168945669447157,-0.46222976161180973,0.20829005707555073,-0.07089973524688732,-2781.744757033862
684,-407.9890314522555,0.9367637452944333,0.17335359119587782,4.0,15.0,0.0,411.4870233114737,0.6301035515391709,0.36989644846082914,0.8908781671758361,0.10912183282416388,-0.38147908044689255,-0.10878151258218498,0.18549279790910944,-0.3276571343207253,-2791.8687640032713
685,-408.6666525081157,0.9424220270339062,0.14668717873054135,4.0,15.0,0.0,413.52336276222894,0.2370222774037846,0.7629777225962154,0.9114924478636222,0.08850755213637784,-0.6301477037695321,0.6530530750555957,0.4714564930097949,-0.1141462102256045,-2792.8526214623375
686,-411.53239717463066,0.9202483787689341,0.14062088753976898,4.0,15.0,0.0,413.6717324659877,0.00927207502795073,0.9907279249720493,0.9135146666686378,0.08648533333136221,-0.5054546906382413,0.5601046141696666,1.3741033889881225,0.14263208167845956,-2790.6943406475643
687,-408.23112896197534,0.8745419247878693,0.15054256174518124,3.0,7.0,0.0,409.6964713274294,0.29796736050446887,0.7020326394955312,0.7061196692545032,0.2938803307454968,-0.7946923163463354,-0.26864016983013134,0.2640701139760204,-0.07191214536359122,-2797.6181137643775
688,-408.34822062258115,0.9931715320238214,0.17335359119587782,4.0,15.0,0.0,409.8260874129475,0.14878364428123353,0.8512163557187664,0.9005371099240654,0.09946289007593456,-0.48635009227986026,0.5303139699296971,0.07643739035614774,0.09839588244195319,-2789.368666642714
689,-408.6189571739266,0.939358238817787,0.14668717873054135,5.0,31.0,0.0,411.877163388115,0.9213811862419112,0.07861881375808877,0.9224498263137322,0.07755017368626782,-0.5942619518280161,0.3549230762808035,-0.003957235756962496,0.7137811375197501,-2785.433516221315
690,-412.4656454400559,0.8974702238775768,0.14062088753976898,4.0,31.0,0.0,417.47952120669544,0.011571683580808895,0.9884283164191912,0.9823956401783686,0.017604359821631443,-0.5544348643755467,1.2991401935883866,1.1452028286185658,-0.024326222278017326,-2787.445294224357
691,-407.50626462170266,0.9656467717649224,0.15054256174518124,3.0,15.0,0.0,411.8385399702844,0.37617570516391846,0.6238242948360815,0.37441292789308545,0.6255870721069146,-0.03394917781740468,-0.6700895466491792,-0.35023628189514505,0.13559945133704154,-2794.4033283442454
692,-407.9596280659768,0.9060158326893409,0.17335359119587782,4.0,15.0,0.0,411.0086475826092,0.655223009062135,0.34477699093786496,0.9040541319733503,0.09594586802664973,-0.47343104134670366,0.022602594678170523,0.30064308093400277,-0.5154868765014257,-2790.4192353293142
693,-408.72310846416457,0.9648231166359565,0.14668717873054135,4.0,31.0,0.0,413.71298412485856,0.9499459544271547,0.05005404557284532,0.8602894846500334,0.1397105153499666,-0.4528398145074104,0.06841231908028303,-0.004297333921117601,1.0665383441113658,-2786.5196017615503
694,-413.426081798248,0.9669578948901091,0.14062088753976898,3.0,15.0,0.0,416.77670775780877,0.00557624884754951,0.9944237511524505,0.9487354123546614,0.05126458764533859,-0.41423536790223237,1.1480053784740165,0.8639728612746878,-0.00435767687521605,-2797.146110707347
695,-406.68345459079114,0.9354074219173594,0.15054256174518124,2.0,7.0,0.0,410.9277702300478,0.40058347028560926,0.5994165297143907,0.27163076572819006,0.72836923427181,-0.22436442724269479,-0.5585141202301084,-0.14802951657049818,0.016338510523479677,-2787.8906397880623
696,-407.6001674886506,0.8846061458770241,0.17335359119587782,4.0,31.0,0.0,411.6318671384765,0.5521567429200942,0.4478432570799058,0.320974207278383,0.679025792721617,0.07115988723820577,-0.6515564330000696,-0.2641840855586551,0.5008836055545143,-2794.778715694364
697,-410.68948497989385,0.6678786644125351,0.14668717873054135,3.0,7.0,0.0,414.6551972690492,0.9834014799249418,0.016598520075058243,0.6582158033327972,0.34178419666720283,-0.832702202372421,0.008089379158917134,-0.021929686961034547,1.0514560277422154,-2796.6570154197866
698,-407.5503304570484,0.6953226902036138,0.14062088753976898,5.0,31.0,0.0,419.62225562715423,0.09349717135453171,0.9065028286454683,0.696741498926186,0.303258501073814,-0.5359597911841448,-0.2382599896096146,-0.6362547448083469,0.22150522924427107,-2786.782563613261
699,-407.33950881134814,0.869352502883327,0.15054256174518124,4.0,15.0,0.0,410.1968911755637,0.4824121968419935,0.5175878031580066,0.852374448269083,0.14762555173091696,-0.5133665165051146,-0.20887507549719736,-0.27591581725071845,0.13651863369757553,-2789.5514101073786
700,-407.07589605008855,0.9437616277902564,0.17335359119587782,3.0,15.0,0.0,409.9376272941406,0.3653156641801226,0.6346843358198774,0.17047940444514942,0.8295205955548506,0.16617503333139305,-0.5837389701223703,-0.2454118273445609,0.13925343148353325,-2787.9854277766653
701,-407.60793093442993,1.0,0.14668717873054135,3.0,7.0,0.0,411.0053705932858,0.9492941290037638,0.050705870996236246,0.3119216520694075,0.6880783479305925,-0.6365104308731621,-0.46971921114527215,0.042991698548860105,1.1255399746397832,-2782.433576539633
702,-406.29025192423234,0.9134206946329751,0.14062088753976898,4.0,15.0,0.0,409.05714688023096,0.3557758577610789,0.6442241422389211,0.4838863684216933,0.5161136315783067,-0.7515671891056906,-0.39953184638115485,-0.006282365096596465,0.1155502945678426,-2786.1568948497043
703,-406.9678805469089,0.9112904906997202,0.15054256174518124,2.0,7.0,0.0,409.32078476220846,0.5928896741164378,0.4071103258835622,0.910543040028297,0.089456959971703,-0.46831262701091586,-0.2639041840272478,-0.14701724386900686,0.1892717781087178,-2783.7939524498966
704,-406.92793572904037,0.9174285616550683,0.17335359119587782,4.0,15.0,0.0,409.77526962200517,0.43768617055847636,0.5623138294415236,0.11541827531382148,0.8845817246861785,-0.30933218809509505,-0.5055423149111444,-0.34108577366834475,0.34260069681395416,-2785.006829539657
705,-409.11084352397927,0.7681523811206371,0.14668717873054135,4.0,31.0,0.0,413.37755820015514,0.9756380547615635,0.02436194523843649,0.41582448012989576,0.5841755198701042,-0.5657327045743925,-0.4306747935493065,-0.04320847351651115,2.1951036246855806,-2785.833226761108
706,-409.4826851597239,0.8392591431934506,0.14062088753976898,4.0,31.0,0.0,413.9918984163886,0.9428452057850312,0.05715479421496883,0.07443074345112671,0.9255692565488733,-0.3541152600266104,-0.5663953237827123,-0.09479100702102877,1.10502968393064,-2788.5024307803656
707,-407.6536716055676,0.854969035390315,0.15054256174518124,4.0,15.0,0.0,411.25474690976466,0.47101241132541505,0.528987588674585,0.8642761812015822,0.13572381879841777,-0.32792337481733064,-0.3500665141047001,0.15896741012211216,-0.09792210324211494,-2791.3403029340448
708,-409.750176220808,0.7635336021108691,0.17335359119587782,4.0,15.0,0.0,411.2193623286183,0.11904965511503479,0.8809503448849652,0.01146792997925458,0.9885320700207454,-0.3417112323165215,-0.5214279793189568,0.0423525530474614,-0.010650614029483724,-2783.5950207887004
709,-410.5733488055001,0.9872431114510077,0.14668717873054135,4.0,31.0,0.0,412.19700996859314,0.9908721288931859,0.009127871106814123,0.3588969739492634,0.6411030260507367,-0.3366015130811603,-0.6161633081423316,0.018288824105308056,3.0099660990242993,-2785.2367885552235
710,-412.2325633836855,0.7586298016106201,0.14062088753976898,5.0,31.0,0.0,414.77939893062285,0.8855363712781703,0.11446362872182969,0.988972154803049,0.011027845196950992,-0.41204313376516605,0.32601440164247597,-0.2167846317842857,0.6598962295322108,-2799.922292339078
711,-408.0157062169545,0.9997967516645363,0.15054256174518124,4.0,15.0,0.0,411.4039073873975,0.3986308840678856,0.6013691159321144,0.8996769295207598,0.10032307047924016,-0.4178019151237127,-1.4451135362161398,-0.26384360301103327,0.33756120854043853,-2789.880385821077
712,-411.21400648413425,0.9505687726559242,0.17335359119587782,5.0,31.0,0.0,413.4832695653403,0.9350262266962148,0.06497377330378518,0.06256060836210522,0.9374393916378948,0.2578453441009518,-0.3117775681817946,-0.0005041116668942393,0.9954878218042975,-2800.6284635408574
713,-410.0680346716683,0.9733986113342745,0.14668717873054135,3.0,15.0,0.0,412.09266777486636,0.9807109654603178,0.019289034539682226,0.7846868155312745,0.2153131844687255,-0.3915721377426745,-0.6572446425781864,0.0543116774113956,2.7229482567342282,-2786.0487725054077
714,-408.0981132307561,0.9792496415576984,0.14062088753976898,4.0,31.0,0.0,414.48496056981674,0.641551892359329,0.35844810764067103,0.8577828495228157,0.1422171504771843,-0.6247661908236113,0.02633761676151993,-0.30404694250250175,0.4776427034930032,-2793.741601676487
715,-409.5275496024534,0.9071201450074435,0.15054256174518124,3.0,15.0,0.0,411.0365689101601,0.2301306735022085,0.7698693264977915,0.9709071138639201,0.029092886136079854,-0.31766612613445117,-1.4875193105959932,-0.25151092958939486,0.11995462089892565,-2790.257962167736
716,-410.9801142735776,1.0,0.17335359119587782,4.0,15.0,0.0,415.315533508202,0.2341326930586811,0.7658673069413189,0.91439372609331,0.08560627390668996,-0.6219972712253092,-0.3420426999045755,0.3972050800904901,-0.2955657388942606,-2808.8341063861067
717,-410.16341079816766,0.800230589469653,0.14668717873054135,4.0,19.0,0.0,413.47076284262636,0.9772425692237133,0.02275743077628667,0.42608006047489094,0.5739199395251091,-0.8229246674359862,-0.2694569636153936,0.10809446482979305,2.422458218794836,-2791.5648847306043
718,-410.1413874327915,0.7105743738388866,0.14062088753976898,3.0,15.0,0.0,413.96946514768507,0.7104438876303986,0.28955611236960144,0.8347444260875738,0.16525557391242618,-0.42139641128447625,0.04949392582648501,-0.35794647471749136,0.5772655234954125,-2807.9959653089913
719,-408.0046354109838,0.9906619748048695,0.15054256174518124,4.0,23.0,0.0,410.6603879237224,0.30965438328176137,0.6903456167182387,0.8963104737762556,0.10368952622374439,-0.5565074087935192,-1.0291768286779515,-0.1427628911811281,0.182088170352286,-2790.098628231902
720,-407.17770687599324,1.0,0.17335359119587782,4.0,15.0,0.0,411.78093939071107,0.8260614590914902,0.1739385409085098,0.39291676898555916,0.6070832310144408,-0.5386217761705429,-0.5652775517703749,-0.15103462277613455,0.726969830264766,-2788.378984051405
721,-411.38256786274627,0.9155324911020836,0.14668717873054135,4.0,15.0,0.0,415.0475981669159,0.9910281816930098,0.008971818306990231,0.15449261257453206,0.8455073874254679,0.21311321511112352,-0.5929506552161596,0.15325922881126486,2.131975005754819,-2790.7589302541937
722,-409.7942180943214,0.9865031763075554,0.14062088753976898,4.0,23.0,0.0,413.3273802633218,0.9806021790069813,0.019397820993018677,0.32755428503517237,0.6724457149648276,-0.41425287550061435,-0.5016020792068482,0.19782693738047355,1.2153458935153694,-2791.2627734476137
723,-407.281150712066,0.9792870400324363,0.15054256174518124,4.0,23.0,0.0,410.9726568517869,0.19703345524147228,0.8029665447585277,0.7895431755989555,0.21045682440104452,-0.6350133513444308,0.1756452064267952,-0.2170350721360259,0.10938750062900313,-2787.838132852418
724,-407.6404765842645,0.9834920458157257,0.17335359119587782,4.0,31.0,0.0,409.593964009713,0.4625583190450346,0.5374416809549654,0.27101405642171955,0.7289859435782804,-0.4822705935225644,-0.39529398765625384,0.06596846197471126,-0.2330745115468538,-2794.6770035134095
725,-408.9784804642216,0.892261076570976,0.14668717873054135,4.0,31.0,0.0,414.7079020994119,0.9051036232869463,0.09489637671305373,0.6238332827986731,0.3761667172013269,-0.5605503952173461,-0.5856038027403482,0.05839073749325913,1.4587954693361436,-2795.7456046047837
726,-409.7907215707,0.9575063698327774,0.14062088753976898,3.0,15.0,0.0,413.07824568604076,0.9061903390395285,0.0938096609604715,0.9216845678438759,0.07831543215612413,-0.46699437510733005,-1.0021267958892792,0.14206834268533175,0.9911630561560312,-2793.627822091008
727,-407.5635142643589,0.9750643120695354,0.15054256174518124,4.0,15.0,0.0,409.4206913614973,0.17479950211604187,0.8252004978839581,0.9011363811407209,0.09886361885927908,-0.4138869364096238,-0.11437124104345436,-0.2691482687849117,0.11088336280873812,-2785.0378072090652
728,-409.8173825847154,0.9687867217434891,0.17335359119587782,4.0,15.0,0.0,411.4737693740512,0.5972962566136916,0.40270374338630843,0.9071462779419494,0.09285372205805065,-0.517781078022666,-0.7710191202916615,0.18567315421560754,0.3936674318274438,-2803.0759299805745
729,-408.92251827521943,0.9648153336724659,0.14668717873054135,3.0,15.0,0.0,412.62877567598446,0.8825265267154553,0.11747347328454472,0.5376607369726581,0.46233926302734185,-0.5263007469520987,-0.5284655670797901,-0.03734845114709017,1.6120163425787908,-2796.739376064487
730,-414.7735540520656,0.7466171316122294,0.14062088753976898,3.0,15.0,0.0,416.70971838678963,0.9921638668461707,0.00783613315382925,0.9399110816048988,0.06008891839510122,-0.41020521569347823,-1.3888939203571606,0.29039859908726096,1.0077093827176946,-2808.9912928689123
731,-408.90166210010847,0.9724049404897145,0.15054256174518124,4.0,31.0,0.0,410.6840298520429,0.772145882760182,0.22785411723981797,0.9768157875889988,0.023184212411001215,-0.5499424242756178,0.28580207752277,0.03603598602086171,0.5067561229220429,-2785.8701574165366
732,-409.2910526412116,0.9563121365549719,0.17335359119587782,3.0,15.0,0.0,411.7732581412223,0.8999558960983071,0.10004410390169294,0.7641329719827248,0.23586702801727522,-0.3509238593647395,-0.8231118907301186,-0.13158333314349757,0.060174174276654,-2798.1057727134444
733,-408.5524818991697,0.9087356259195886,0.14668717873054135,4.0,15.0,0.0,410.85995174884533,0.9554701144617921,0.044529885538207914,0.7319161874841086,0.2680838125158914,-0.32178422558797426,-0.6543926682723885,-0.07293767665929318,1.2906074403178864,-2787.220160618487
734,-413.3628323665296,0.9932725423001988,0.14062088753976898,4.0,31.0,0.0,416.37465721386485,0.9870449438145974,0.012955056185402603,0.9784370239499703,0.02156297605002966,-0.4971249686603143,-1.219752869579905,0.22431601120603972,1.27709587379518,-2795.6923445298467
735,-408.43467267340344,0.8123985350934578,0.15054256174518124,3.0,15.0,0.0,413.5178620001326,0.8873961617469956,0.11260383825300435,0.9349736296310998,0.06502637036890024,-0.5083029734713109,0.6189303121475866,0.09070997370522363,0.12568619490006294,-2785.5381283368747
736,-413.0950276300375,0.9943736303987303,0.17335359119587782,4.0,15.0,0.0,414.4728075605032,0.8899182502608792,0.11008174973912077,0.6782860909001346,0.3217139090998654,-0.10792449192952894,-1.3410001422869895,0.25613223027660925,0.0615588535775136,-2825.373286860746
737,-407.56778696214207,0.9885867560289243,0.14668717873054135,4.0,15.0,0.0,409.3819925818125,0.8982746677871418,0.10172533221285818,0.5133404268783814,0.48665957312161856,-0.4598719602394649,-0.2813552065158825,-0.0661596217952802,1.0214801227522412,-2788.113138254865
738,-409.75046460834665,0.9907099899420301,0.14062088753976898,5.0,31.0,0.0,414.2694337936874,0.892315215636461,0.10768478436353901,0.9707432260865394,0.0292567739134606,-0.3474540967951531,-1.4642645063554254,-0.0004498907822401421,0.8141735364343446,-2787.145832869555
739,-406.80916719016005,0.9803983048812884,0.15054256174518124,4.0,15.0,0.0,410.00998871892494,0.46957424213472904,0.5304257578652709,0.33989750525452966,0.6601024947454703,-0.2664285079901641,-0.6456191364931653,-0.37724601668015656,0.3482098836199944,-2789.564134070484
740,-410.19744963555735,0.943056489697866,0.17335359119587782,2.0,3.0,0.0,414.74454718652225,0.8569729436337705,0.14302705636622948,0.7727916359671405,0.2272083640328595,-0.1271491094126484,-1.1874626660979788,0.18837062534292578,0.033759322887240546,-2805.763637538795
741,-408.61917815173837,0.9429873485707025,0.14668717873054135,4.0,31.0,0.0,412.1067481775585,0.44916996832979883,0.5508300316702012,0.04677792206500896,0.953222077934991,-1.7536458496756389,-0.37737153287278247,0.17714754125680954,-0.16109236669123822,-2788.680611054158
742,-409.9850892587302,0.8114998483206997,0.14062088753976898,4.0,23.0,0.0,415.0626298051534,0.32110329545586586,0.6788967045441341,0.9950971658712165,0.004902834128783451,-0.3878474225980003,-0.9125661888795045,-0.12873298741319725,0.16736709883506046,-2783.8977740699493
743,-406.6365057639189,0.9194505256647701,0.15054256174518124,4.0,15.0,0.0,407.9126682750964,0.7204168752139647,0.2795831247860353,0.4439941012103029,0.5560058987896971,-0.5523360240702213,-0.5163384492378154,-0.08718127370612824,0.07376039145971815,-2787.7083255488405
744,-408.95200297987617,1.0,0.17335359119587782,3.0,7.0,0.0,410.56183028036264,0.8137169359139923,0.1862830640860077,0.7294763573891485,0.2705236426108515,-0.19506414006331962,-1.2563304277183065,0.004541966896975211,0.0402131415495682,-2799.3007629452327
745,-406.994888184429,0.9905903563677566,0.14668717873054135,4.0,15.0,0.0,410.5336577715256,0.8496770590573713,0.15032294094262866,0.23584420176129045,0.7641557982387095,-0.653645304558902,-0.361912269714505,0.014202916775173394,-0.16914795539321176,-2784.8620365181855
746,-411.2178440648195,0.8075599550207971,0.14062088753976898,5.0,31.0,0.0,414.01374771528725,0.19623160769139492,0.8037683923086051,0.9395088930026245,0.06049110699737548,-0.6407508783322852,-1.0337173661875219,0.5017664891123725,0.11649115743500832,-2806.5189026037942
747,-407.33357613770886,0.9658644661934405,0.15054256174518124,3.0,15.0,0.0,408.47289232705606,0.845434621191025,0.15456537880897503,0.43293643473310284,0.5670635652668972,-0.4115600157921851,-0.411110966256885,-0.07006091035613873,0.006300023461264546,-2789.7050348501543
748,-406.87079851382117,0.996574447241701,0.17335359119587782,3.0,7.0,0.0,409.93317029124046,0.8357017329681934,0.1642982670318066,0.7887167257349239,0.2112832742650761,-0.39649462742679686,-0.8394418436657916,0.12957192373441345,0.12551504724671278,-2783.697846102243
749,-407.7379438554262,0.9362223455357177,0.14668717873054135,4.0,15.0,0.0,410.7515160494424,0.9038360947015432,0.09616390529845675,0.8093909882430504,0.19060901175694955,-0.5004550612802537,-0.02550049341213599,0.07103147443625363,-0.5511356117482819,-2786.2855298468958
750,-407.13171409664915,0.9525271329182449,0.14062088753976898,3.0,15.0,0.0,415.73902555380016,0.4908512925366635,0.5091487074633365,0.1765673266975331,0.8234326733024668,-0.18858955810982633,-0.6418539663680604,-0.26926880492482036,0.29654513206118593,-2788.9423660134344
751,-406.91544075397564,0.9228771382403612,0.15054256174518124,5.0,31.0,0.0,410.91646154762583,0.8213921797308522,0.1786078202691478,0.8443062593285318,0.15569374067146824,-0.48384067769683486,-0.820193531583449,0.03449142332973118,0.26051228634737367,-2782.754913695813
752,-407.05121595292354,0.9983021982047098,0.17335359119587782,4.0,31.0,0.0,409.71302737234464,0.5670696311524774,0.43293036884752256,0.1260569955646455,0.8739430044353544,-0.2780973162409312,-0.3830220962212102,-0.12173602417395721,0.326959367727819,-2786.5731608257697
753,-408.66310452725975,0.8514016085558023,0.14668717873054135,4.0,15.0,0.0,411.51646933737743,0.9213631088425062,0.07863689115749384,0.5110067643936147,0.4889932356063853,-0.09344297901357355,-0.862077211046686,-0.04396762180892687,0.22047978299521123,-2794.5407109184744
754,-407.5794944268553,0.9721441722676931,0.14062088753976898,5.0,31.0,0.0,409.0731237173629,0.1174869633742062,0.8825130366257938,0.5369426774686865,0.4630573225313135,-0.6070747105960917,-0.15398637580474855,0.9871542521683947,0.008468493509398649,-2789.00941879472
755,-406.4273685520658,0.9997552370425442,0.15054256174518124,3.0,7.0,0.0,407.15582547421815,0.8153783033553011,0.18462169664469885,0.793642978742845,0.20635702125715505,-0.3892767839806132,-0.5859303443751268,0.033666705814467915,0.28400550687291487,-2781.424722053512
756,-409.56584751555715,0.6194575685181429,0.17335359119587782,5.0,31.0,0.0,413.18899278000515,0.0359059300126104,0.9640940699873896,0.8956452728599117,0.10435472714008831,-0.4137423145814055,-0.855335036466023,1.9350226812569802,0.06779830460038674,-2785.5578206146756
757,-407.8113466371749,1.0,0.14668717873054135,3.0,7.0,0.0,409.60831908194115,0.8036912609233087,0.19630873907669133,0.5440754292508528,0.45592457074914716,-0.10286052772821407,-0.8983623832052207,0.14313347914787364,0.11744357996761912,-2793.9394030761196
758,-406.76618295304286,0.9869312596042751,0.14062088753976898,5.0,31.0,0.0,409.98593048737905,0.11363921926705954,0.8863607807329404,0.5161964952224469,0.4838035047775531,-0.2851945158239172,-0.5684993819326413,0.751499088788185,0.01781863720533686,-2783.564826937517
759,-408.70668850006695,0.9137399212432281,0.15054256174518124,4.0,15.0,0.0,412.26021333962103,0.2037322947800881,0.7962677052199119,0.015087435642383115,0.9849125643576169,0.06371442723566914,-0.4652254983914275,-0.2962939941949934,0.1330276546020941,-2781.3253037907616
760,-410.4558767928568,0.9215285697666844,0.17335359119587782,4.0,15.0,0.0,412.5957661718268,0.004010945157106625,0.9959890548428934,0.7112138241025499,0.28878617589745015,-0.38087228680184676,-0.46824830498371245,1.9783159263371768,0.0394451856422508,-2782.549703397268
761,-410.2171795886753,0.9161258654124194,0.14668717873054135,5.0,31.0,0.0,411.87984037318085,0.04603758175656201,0.953962418243438,0.9532234992601109,0.04677650073988915,-0.5049436951776622,-0.06693034375741941,-1.1662584754079424,0.21393480860277808,-2789.1671398794056
762,-408.8437685531752,0.9000359975357273,0.14062088753976898,3.0,15.0,0.0,412.43335412863877,0.10220323060435169,0.8977967693956483,0.5606025871889619,0.43939741281103806,-0.15237354889792362,-0.8498388125604956,0.41914559697005016,-0.12384573520285969,-2797.2057886249254
763,-408.33307451205303,0.9751832026078614,0.15054256174518124,4.0,31.0,0.0,414.15924483722466,0.11718419607815185,0.8828158039218481,0.30032219275947014,0.6996778072405299,-0.5322474144735323,-0.4395716331924418,1.27340830866924,-0.17549576862392435,-2792.379133847509
764,-411.1606694390762,0.8445627490031667,0.17335359119587782,4.0,15.0,0.0,412.9557977855306,0.00470016669259306,0.9952998333074069,0.8594293970122879,0.14057060298771207,-0.5209360970659658,-0.6421512045907894,1.990249198525322,0.12643810758381674,-2784.51385612821
765,-410.15965054235335,0.9669715805823988,0.14668717873054135,4.0,15.0,0.0,411.3501160135497,0.04682302451014163,0.9531769754898584,0.7897391895243008,0.21026081047569922,-0.44634923385938075,0.16400391741184894,-1.0473935831764272,0.14300180039983149,-2798.241210407211
766,-409.9003334465669,0.9172473556322412,0.14062088753976898,3.0,15.0,0.0,416.49805134612797,0.022778092559400647,0.9772219074405993,0.8178895825687964,0.1821104174312036,-0.4343854515078993,-0.9555661218187954,0.4767523519180677,-0.06758596740149622,-2790.9020866953288
767,-406.79116703929935,0.9938286313541835,0.15054256174518124,4.0,15.0,0.0,409.35681003356217,0.10398475452433287,0.8960152454756671,0.4960097502036244,0.5039902497963755,-0.30782534378598264,-0.7194037222590105,-0.16586777953292378,0.0655882548921499,-2783.4868016989763
768,-408.538782273754,0.7443534273099267,0.17335359119587782,5.0,31.0,0.0,415.2968067678613,0.2912592682864854,0.7087407317135146,0.06343922676471107,0.936560773235289,-0.11956619926155276,-0.47303384414772365,-0.6100278702382638,0.33140047918707666,-2791.0630429114426
769,-411.3161877822437,0.9517869226671533,0.14668717873054135,4.0,31.0,0.0,414.2103326633421,0.7120797312301801,0.2879202687698199,0.946885305081965,0.053114694918035,-0.37532608629968395,1.233781126833889,0.13808635710905454,0.2881027193997195,-2808.147771542145
770,-406.88822518848986,1.0,0.14062088753976898,4.0,15.0,0.0,410.1645039052301,0.9193315392965111,0.08066846070348888,0.5016010165647328,0.49839898343526723,-0.4380671920362844,-0.5336987262572763,0.061333863275626316,-0.5453315423363406,-2782.465715812669
771,-407.16407217306454,0.9049803146079054,0.15054256174518124,4.0,15.0,0.0,409.6166919748551,0.23775526971617678,0.7622447302838232,0.8694373191367375,0.1305626808632625,-0.46025664822992396,-0.4879877073368183,0.3534346210165469,-0.1478296515393129,-2785.2460818868244
772,-411.9974405665395,0.5490965158672598,0.17335359119587782,5.0,63.0,0.0,413.889922621986,0.987443667041767,0.012556332958232996,0.09023182033331976,0.9097681796666802,-0.5843830038300513,-0.494997434413202,0.044947372492624045,-3.1494693523741044,-2789.309258443842
773,-412.98399556296374,0.940077716506507,0.14668717873054135,4.0,31.0,0.0,416.8931547093362,0.9298881528169501,0.07011184718304986,0.9806406970487076,0.0193593029512924,-0.32970123320132916,-0.13261734429321276,0.22089890692783415,0.5158753005478006,-2806.167531058749
774,-409.6073164918631,0.9875479807117925,0.14062088753976898,5.0,31.0,0.0,412.5486251987194,0.008976823359799211,0.9910231766402008,0.714919962350623,0.28508003764937695,-0.30208927092948773,-0.907754637562799,-0.5294397754370909,0.10058591030901769,-2784.8194544609014
775,-408.29606369919765,0.9008176960809869,0.15054256174518124,3.0,7.0,0.0,413.92733869696394,0.46194095372115157,0.5380590462788484,0.8967024700807216,0.10329752991927843,-0.4554262988581071,-0.47744128781594836,0.633746398764626,-0.2156117083492834,-2793.5953595006035
776,-407.2093603539089,0.8685307995677383,0.17335359119587782,5.0,39.0,0.0,414.4654671617975,0.11867659345250106,0.881323406547499,0.4576300005796615,0.5423699994203385,-0.6636227552832982,-0.3210684944525914,-0.4838794099413106,0.028377849823815776,-2787.008970565536
777,-412.5669717836271,0.9543043737612756,0.14668717873054135,3.0,15.0,0.0,417.9267322747752,0.9456540650475255,0.05434593495247453,0.9968912844528562,0.003108715547143759,-0.6009716798873453,-0.05670999537096377,-0.0052922374965138075,0.8305725041598008,-2788.5935656922893
778,-408.16588983665446,0.9742115865451718,0.14062088753976898,4.0,15.0,0.0,410.4216566683165,0.14975775878148015,0.8502422412185199,0.6586658087636639,0.3413341912363361,-0.41571999062838727,-0.437898258129216,-0.9952298398426412,0.21600072987867563,-2793.753706138486
779,-407.89000502729243,0.9272475134546507,0.15054256174518124,3.0,7.0,0.0,409.5077809671026,0.2659367017575411,0.7340632982424589,0.8933079828277681,0.10669201717223187,-0.41812582608767035,-0.34942528344079066,0.20348621131341835,-0.15093512329690648,-2789.7700246422546
780,-409.65805186988206,0.9636958355108717,0.17335359119587782,4.0,23.0,0.0,410.27523196544695,0.0894363944986867,0.9105636055013133,0.5843125840964147,0.41568741590358527,-0.3951672871803886,-0.6631460250819813,1.2576512859837956,-0.2276501168066064,-2800.7929863094355
781,-410.279759053998,0.9116302144084435,0.14668717873054135,5.0,31.0,0.0,416.82151960156017,0.731912765322886,0.26808723467711404,0.8397243239365688,0.16027567606343118,-0.1459541804215081,-1.3646579654047,-0.06557391000384712,0.14167150594102906,-2807.3613780822884
782,-409.13302441656924,0.7958166938062805,0.14062088753976898,3.0,15.0,0.0,412.23970836595794,0.08240513781859418,0.9175948621814058,0.5977802303029445,0.40221976969705553,-0.28552802786756243,-0.4338373240685893,-0.5513454919515488,0.25751687074270435,-2797.9560483083324
783,-406.47692845197474,0.957759434296079,0.15054256174518124,4.0,23.0,0.0,409.51902780520265,0.6819217499966099,0.3180782500033901,0.7519309469469204,0.24806905305307958,-0.6224775901534557,-0.18392809801883908,-0.11569625098459319,0.2524981182341768,-2785.2564240147312
784,-408.225854247958,0.9958024722369662,0.17335359119587782,4.0,31.0,0.0,410.7700829285777,0.11759074325164921,0.8824092567483508,0.859583250304243,0.14041674969575701,-0.4038944455632851,-0.8455255968858282,1.0088454233868183,0.06169576579764841,-2788.0274299544417
785,-407.52898487082274,0.9266072966506745,0.14668717873054135,4.0,15.0,0.0,413.0637076586891,0.870694062526213,0.12930593747378705,0.8869656905157954,0.11303430948420456,-0.47327193488025093,-0.2708197286511076,-0.051048700683468284,0.22827861113868245,-2783.8317842413016
786,-411.3936900101321,0.9510036299675078,0.14062088753976898,3.0,15.0,0.0,413.5757672571126,0.11660023404090994,0.8833997659590901,0.46367843431064565,0.5363215656893543,-0.7188120020352966,-0.4622843567611287,-1.4511266569325396,0.06680974283146476,-2814.0402064467803
787,-406.6281892823153,0.8050608458675309,0.15054256174518124,3.0,11.0,0.0,409.8185913707845,0.22654092886279878,0.7734590711372012,0.7579739032446347,0.24202609675536535,-0.44540720486582924,-0.3871475808709105,0.12856953853936662,0.16245812530917025,-2784.8046337106894
788,-408.49010513421695,0.9842998083118003,0.17335359119587782,4.0,31.0,0.0,410.32594642518916,0.0457295768844211,0.9542704231155789,0.45529552055060835,0.5447044794493916,-0.33242139089100503,-0.7616255438615565,1.4342607347266483,0.021010292460966633,-2788.111302252483
789,-407.3699581052197,0.9979716492548671,0.14668717873054135,4.0,15.0,0.0,408.1209052590194,0.11317787709050202,0.886822122909498,0.10880838510306778,0.8911916148969322,-0.5177552408478191,-0.5253382209099092,-0.1932406135436457,0.09523597740506341,-2781.503557706668
790,-410.8611301771303,0.9949945278813339,0.14062088753976898,4.0,15.0,0.0,413.64942331115276,0.00399719199594776,0.9960028080040523,0.6410773156937353,0.3589226843062647,-0.6983571055354265,-0.3288751607727355,-1.4660149324656944,0.12025736003187006,-2787.4227148350624
791,-408.96941688224695,0.9609585327680789,0.15054256174518124,3.0,15.0,0.0,410.6175728885954,0.023012016989743245,0.9769879830102568,0.8728236700798235,0.12717632992017647,-0.42510306957518534,-0.986212431922161,-0.5867336602797619,0.09345785904564291,-2782.3602769709273
792,-410.29523527737564,0.9681109787186835,0.17335359119587782,4.0,31.0,0.0,413.32265908927957,0.0725370951065042,0.9274629048934958,0.9663482348322272,0.033651765167772796,-0.43646499463661925,-0.18822382505354882,0.6427778928896983,0.17591462300799893,-2791.3313437011952
793,-409.5128203954808,0.9959087342490602,0.14668717873054135,4.0,15.0,0.0,410.30668535946006,0.011253459272811765,0.9887465407271883,0.641151783513099,0.358848216486901,-0.5378499249491615,-0.08694859957948098,-0.3957593774720957,0.08758842157402394,-2787.192466857959
794,-409.01583978735476,0.9700857321952753,0.14062088753976898,6.0,63.0,0.0,414.4298748901177,0.34018288493737825,0.6598171150626218,0.018041211826307028,0.981958788173693,0.7278816329708313,-0.4371211610058744,0.4845081031218184,-0.04361974984580218,-2786.3728235375947
795,-411.47155787917546,0.8920524029568354,0.15054256174518124,4.0,31.0,0.0,414.800280904919,0.7478414666000389,0.2521585333999611,0.9428407923625477,0.0571592076374523,-0.5460672954298288,1.4678633707840107,0.046098870611330625,-0.45479816122594785,-2808.3465363713754
796,-408.4216827366577,0.9919886583264496,0.17335359119587782,5.0,63.0,0.0,412.1362523088508,0.48903160187296746,0.5109683981270325,0.21894702356238557,0.7810529764376144,-0.3649163394152578,-0.4717128506126784,-0.20006720183288515,-0.05758759538290638,-2799.1536293098393
797,-411.45260160014834,0.9677220955592936,0.14668717873054135,3.0,15.0,0.0,412.83044634839,0.0063026309397069364,0.993697369060293,0.9601773090936339,0.03982269090636614,-0.549283965768508,-0.4085510231542716,-0.8906694462288295,0.11174153434629736,-2783.5230564060435
798,-407.0449183544223,0.9732357235185854,0.14062088753976898,4.0,15.0,0.0,410.3917038147971,0.2785844041490993,0.7214155958509008,0.3247070793297984,0.6752929206702016,0.02298122296855934,-0.6031457134075919,-0.29475408708634454,0.23833783312234602,-2789.761930071953
799,-408.8079752028636,0.9996684771902755,0.15054256174518124,4.0,31.0,0.0,412.8855843110869,0.5784443487453819,0.42155565125461814,0.9842973955735567,0.015702604426443334,-0.48148766487665734,0.6075513295918153,-0.18868244082187793,0.46998479733926535,-2784.6530883460036
800,-409.5789746290376,0.8261111402975144,0.17335359119587782,3.0,15.0,0.0,415.0462864720537,0.41478408111261217,0.5852159188873878,0.029189367838579672,0.9708106321614203,-1.0402493011957903,-0.3145499919834712,0.40910653185372436,-0.05266031476835031,-2793.708497983579
801,-409.9861184081027,0.997305133969198,0.14668717873054135,4.0,31.0,0.0,413.9102704137137,0.7519400533580066,0.24805994664199338,0.020063350490637698,0.9799366495093623,0.2894029778022805,-0.5787620655486434,0.26012282210516835,-0.004390272362641348,-2792.922937456145
802,-406.75560855337227,0.9929280828971782,0.14062088753976898,5.0,31.0,0.0,407.8208913448402,0.8061918215634561,0.19380817843654385,0.8220302137262089,0.17796978627379112,-0.5494006762895367,-0.0611768990245555,-0.02124577348641009,0.15200023852768405,-2783.3834647882422
803,-411.253072889079,0.9312249778524929,0.15054256174518124,5.0,31.0,0.0,412.4171608779479,0.8142896099167208,0.18571039008327916,0.9943808831343128,0.005619116865687168,-0.4380366687781417,1.9142698248185863,-0.02392622545489409,0.8750018625715452,-2787.963384502686
804,-408.36624007713164,0.920738782970916,0.17335359119587782,2.0,3.0,0.0,411.02274459685833,0.4394397429135187,0.5605602570864813,0.05634067190255529,0.9436593280974447,-1.1370428624736724,-0.5509459087796369,0.3681004440022084,-0.20606975398180852,-2789.414040869186
805,-405.94646870319264,0.8347521109602496,0.14668717873054135,3.0,11.0,0.0,414.14275929475934,0.6482365960470754,0.3517634039529246,0.43904145167684433,0.5609585483231556,-0.6174871503638532,-0.4433682487600792,0.1958429092032962,-0.28502640986463645,-2783.6852912336058
806,-406.0957847559356,0.991711534538085,0.14062088753976898,5.0,31.0,0.0,407.4198732637037,0.6628346060363342,0.33716539396366585,0.4769541991889301,0.5230458008110699,-0.3749790964647497,-0.4750144233825208,0.21609212541274328,-0.3670663372123522,-2784.7958620581935
807,-411.54211462837026,0.8588592691324359,0.15054256174518124,4.0,31.0,0.0,413.25315421055313,0.8507459459308209,0.14925405406917913,0.9804152886041576,0.01958471139584239,-0.442289646159395,2.6662538277012007,-0.04848326751912149,0.8519698377119082,-2794.3354638644328
808,-409.3717039438074,0.8510741944759007,0.17335359119587782,4.0,31.0,0.0,413.24717985678893,0.10976719969533118,0.8902328003046688,0.9407142871554731,0.05928571284452688,-0.36088203135885044,-0.11135578676321985,-0.598019508167733,0.1886521728323033,-2791.372471600396
809,-406.6642980638837,0.9645200604466443,0.14668717873054135,4.0,31.0,0.0,408.4043472340649,0.4426533974852816,0.5573466025147185,0.43890792681561125,0.5610920731843887,-0.6239067963544074,-0.41997817190683273,0.28197818315839956,0.12309140406542177,-2789.219560155941
810,-407.32322006727475,0.9808121041558457,0.14062088753976898,5.0,31.0,0.0,408.87894366831256,0.43990274476606933,0.5600972552339307,0.06244042246280667,0.9375595775371933,-0.5802174147097299,-0.39213809387660925,-0.18104782340348075,0.2759390397493382,-2783.890573338832
811,-411.58638099253756,0.6240297365058558,0.15054256174518124,3.0,7.0,0.0,414.46395577846306,0.9100134061945699,0.08998659380543006,0.9928479806493916,0.007152019350608385,-0.4571986707217982,2.569457442081214,-0.06295480395176473,0.7167129638577245,-2785.3475313235467
812,-409.5716484237258,0.9900470071302327,0.17335359119587782,4.0,31.0,0.0,411.2277449942767,0.7950932446094251,0.2049067553905749,0.006394223901149312,0.9936057760988507,-0.41376846083825175,-0.44331112633980857,0.10600175471539264,-0.2373233746728634,-2781.3659840279297
813,-408.26166352224965,0.9521681722136747,0.14668717873054135,4.0,15.0,0.0,409.3869953686288,0.31385957037458845,0.6861404296254116,0.5194834805224768,0.48051651947752316,-0.301855313662884,-0.8654765880699912,-0.06317383863863466,0.3252180129969332,-2799.158014047249
814,-410.34825195138575,0.9601069595372974,0.14062088753976898,3.0,15.0,0.0,412.8033522210592,0.8944920786039773,0.10550792139602272,0.011207122610053211,0.9887928773899468,-0.15360363482695943,-0.5542502771584149,0.1352556671453678,0.30638059438061094,-2786.7952873569106
815,-410.83729428068847,0.9980237278259714,0.15054256174518124,5.0,31.0,0.0,412.86809127560645,0.18196334938351666,0.8180366506164833,0.9825257547014716,0.017474245298528368,-0.49981802170937106,2.089245428259073,0.10800678966668578,-0.07988896854357072,-2792.7276691488833
816,-407.4354125800935,0.9101578588497846,0.17335359119587782,4.0,15.0,0.0,411.20699428600125,0.7684606574699994,0.23153934253000064,0.16095300970184445,0.8390469902981555,-0.6993078786529616,-0.47817459717472927,0.2085033207056451,-0.6108068133142903,-2787.7291549266647
817,-409.14086223962084,1.0,0.14668717873054135,4.0,15.0,0.0,409.8497893390553,0.8086173877438048,0.19138261225619524,0.9740470072176456,0.02595299278235441,-0.42712925788875833,-0.842648414256541,0.24724006637251544,-0.13094638856564517,-2787.1123762412562
818,-408.28476450176765,0.9621056135669346,0.14062088753976898,4.0,23.0,0.0,412.22027262107974,0.459844314655418,0.540155685344582,0.07819699824756174,0.9218030017524382,0.5602389778050245,-0.6372441045845367,-0.04962964922657567,0.03947254974382247,-2791.918195812735
819,-412.13929759821326,0.9144162944398416,0.15054256174518124,3.0,7.0,0.0,414.64418683635563,0.06193450581006519,0.9380654941899348,0.9705826778723593,0.0294173221276407,-0.5007952813936032,2.366541547553668,-0.11193047345797281,0.1541149019375908,-2797.652663425597
820,-407.1674468080044,0.9296383147630641,0.17335359119587782,3.0,15.0,0.0,409.6363333143133,0.7960717621384296,0.20392823786157044,0.1202490513106259,0.8797509486893741,-0.2630108092344516,-0.477355004829134,0.24470047471330247,-0.308041301313725,-2784.147353269083
821,-407.88768228243924,0.8762168824827538,0.14668717873054135,4.0,15.0,0.0,412.48623626968845,0.6986124459334326,0.30138755406656736,0.22767621852162523,0.7723237814783748,-0.8156332290042334,-0.2761726978134573,0.3617467907426732,-0.25061035116131664,-2794.0114379907272
822,-409.1526014959373,0.907637993247817,0.14062088753976898,3.0,7.0,0.0,411.58921016519565,0.39549673682194886,0.6045032631780511,0.21629139750578727,0.7837086024942127,0.4219554812561804,-0.5099344593143622,-0.0918423389780124,0.060473327161129055,-2803.792398548578
823,-409.8605230862508,0.9876952443515769,0.15054256174518124,4.0,15.0,0.0,413.54220766031995,0.5346808300646164,0.4653191699353836,0.9953266023145979,0.004673397685402092,-0.44374262021593924,1.4765868899208159,-0.050869965377389775,0.10013015441123513,-2782.4446831911523
824,-407.24475615322007,0.7612377720377268,0.17335359119587782,4.0,15.0,0.0,411.8930330064129,0.37852299613702545,0.6214770038629746,0.7448560147047255,0.2551439852952745,-0.6384492661336862,-0.5554366598674909,-0.10117541315003603,0.12244339130531535,-2791.0402529853973
825,-408.88637070355674,0.8662507365543469,0.14668717873054135,3.0,7.0,0.0,410.8892652376089,0.7038005010905104,0.2961994989094896,0.8677224031452313,0.1322775968547687,-0.2820656014747863,-0.5026065441398588,0.2542974591553439,-0.05150426280691614,-2798.357329476087
826,-407.7965276483436,0.7317234090942272,0.14062088753976898,3.0,7.0,0.0,416.0855145840537,0.644930722800572,0.35506927719942805,0.036717638157765735,0.9632823618422343,0.06983945152841325,-0.4700003657530562,-0.10706744084288632,0.18499950635626455,-2783.456730624168
827,-410.5755808397299,0.9660282672195433,0.15054256174518124,4.0,15.0,0.0,411.57651285919815,0.8694180927348383,0.13058190726516172,0.9693020409317692,0.030697959068230807,-0.42300798933889266,1.7134248572561894,0.10813066410845727,0.19312183746834247,-2794.1157801036798
828,-405.88941258150373,0.9650221786936298,0.17335359119587782,4.0,31.0,0.0,409.8876400493477,0.6395504634401943,0.3604495365598057,0.6894547458648121,0.31054525413518785,-0.3767447337499994,-0.45755711102580776,0.10273891810511959,0.03392358640529,-2782.6881157411526
829,-406.8598319033814,0.9975427414685077,0.14668717873054135,3.0,7.0,0.0,410.1642891837805,0.7136423148913396,0.28635768510866044,0.2536981680581304,0.7463018319418696,-0.924086774331078,-0.24799307471895152,0.09909848434684372,-0.11988300955403561,-2787.2119461349666
830,-407.85949840067696,0.8703009080654657,0.14062088753976898,5.0,35.0,0.0,409.77257687787244,0.5916804526240754,0.4083195473759246,0.9442859195578709,0.05571408044212911,-0.4362666859647728,-0.547312870680145,0.3328589962189188,-0.06251337995084982,-2786.716847033231
831,-411.44912573054694,0.4054307820164056,0.15054256174518124,5.0,39.0,0.0,416.5854657413276,0.00543167294050392,0.994568327059496,0.9470220291702076,0.05297797082979239,-0.4072392119616376,0.12523348549173974,-0.5031270405092,0.06664596887859318,-2785.0754802463543
832,-405.6712252469203,0.875283415219604,0.17335359119587782,2.0,7.0,0.0,408.6563685500846,0.5730536486186432,0.42694635138135684,0.6300145595616014,0.36998544043839865,-0.49088902145695557,-0.4516763973978694,-0.024234578153123604,0.03747351439132972,-2782.106565738885
833,-406.3436033727585,0.8383776551650773,0.14668717873054135,3.0,15.0,0.0,409.91056185830536,0.8530834087500808,0.14691659124991918,0.41409569482389386,0.5859043051761061,-0.6742872468754252,-0.33753354559627813,0.1461314027133322,-0.31958794771935795,-2782.19547731638
834,-408.74550205642834,0.9957628684512673,0.14062088753976898,3.0,7.0,0.0,409.96081902180964,0.44690081847885904,0.553099181521141,0.9889650438381811,0.011034956161818932,-0.44203480761041375,-0.32026498072862875,0.33045250226885525,-0.17187732293970673,-2782.2745440994527
835,-410.3570004605785,0.921767554462955,0.15054256174518124,5.0,47.0,0.0,416.3497913068552,0.3187311676742817,0.6812688323257183,0.9812491974086365,0.018750802591363525,-0.5301320399991122,0.9957674630286821,0.7751472403357408,-0.268446102360307,-2794.8167122199034
836,-407.0583587852648,0.9348440269252167,0.17335359119587782,3.0,7.0,0.0,408.24812333809695,0.145254764547619,0.854745235452381,0.1717697391857424,0.8282302608142575,-0.537944514126067,-0.3675911299211023,-0.2140486996951955,0.08915220129456339,-2783.564902014511
837,-405.73295829680256,0.9854564529854093,0.14668717873054135,5.0,31.0,0.0,409.50995081090895,0.31460741942089887,0.6853925805791011,0.5752089824042128,0.4247910175957872,-0.5075185212522392,-0.4831798695794669,0.21366969722606288,-0.07679061645523608,-2781.9033747547082
838,-408.4581831347055,0.8448856199149943,0.14062088753976898,4.0,15.0,0.0,411.9119402712507,0.0496109057181597,0.9503890942818403,0.9290983641967289,0.07090163580327113,-0.46906695016180805,-0.21667241365625317,-0.5640630688934911,0.10079384243058978,-2781.1267946868356
839,-408.39357645597556,0.9882802967645206,0.15054256174518124,5.0,31.0,0.0,411.412147637659,0.8290151277687103,0.17098487223128966,0.13492984942508407,0.8650701505749159,0.14080493395890775,-0.6251996183834727,-0.09620321371430476,1.0009040468448023,-2791.522094180532
840,-408.5627327495872,0.8065926159473745,0.17335359119587782,3.0,15.0,0.0,411.9128595241325,0.4182266187554625,0.5817733812445375,0.2278383376305992,0.7721616623694008,-0.6788401232064429,-0.2511809264852047,-0.20180941086305637,0.007237605180186791,-2799.996843067941
841,-406.01269432761865,0.9947123438871112,0.14668717873054135,3.0,15.0,0.0,406.9303270856099,0.21995684804195578,0.7800431519580442,0.6224048590456365,0.37759514095436353,-0.5269996778267749,-0.5051056437601401,0.1341333494950643,0.10266724702054905,-2781.9719789841697
842,-406.18340693881777,0.9492718938514788,0.14062088753976898,4.0,31.0,0.0,410.46661174208896,0.7681533443782419,0.2318466556217581,0.285651147919612,0.714348852080388,-0.7258202414966357,-0.37353401132329916,0.1371191758117875,0.03152017257675896,-2782.325198737037
843,-409.54892981970283,0.8244081234838461,0.15054256174518124,3.0,7.0,0.0,410.43446227909334,0.8917113280552571,0.1082886719447429,0.2637902999104528,0.7362097000895472,0.23367636717597234,-0.5090252992225286,-0.06713676903510696,0.9317502277582881,-2800.571323715756
844,-408.48306869641266,0.9881775177298802,0.17335359119587782,3.0,15.0,0.0,410.58197606904406,0.11922590553866465,0.8807740944613354,0.6632260335545216,0.3367739664454784,-0.6734516699080307,-0.30449253294148587,-0.29960431975568336,0.2762085874125259,-2795.1634789275686
845,-406.58810628507956,0.8714092151444207,0.14668717873054135,2.0,7.0,0.0,408.4309155538666,0.35523946315820326,0.6447605368417968,0.40126264542715284,0.5987373545728472,-0.6687812755012026,-0.5331569456840002,0.11323524074752019,-0.03402148129623871,-2787.9355431439517
846,-406.1608069151786,0.8133585552391748,0.14062088753976898,3.0,7.0,0.0,409.55112383920164,0.8111623230280937,0.18883767697190634,0.38337318888352745,0.6166268111164726,-0.6238185949923256,-0.30636634063455503,0.06414683178691885,0.15793714939905107,-2782.2946607029153
847,-409.12260807802113,0.5354813169460058,0.15054256174518124,4.0,23.0,0.0,416.97095360761153,0.9175205682972434,0.08247943170275662,0.561735384362512,0.438264615637488,-0.1027680022104673,-0.8020042845831137,0.0005826535688742696,1.4898568889137405,-2796.1245246415488
848,-406.68524387486605,0.9937996627286899,0.17335359119587782,3.0,15.0,0.0,410.0690667879889,0.1923648854292584,0.8076351145707417,0.7937172601570279,0.20628273984297207,-0.5681211333876341,-0.37028480582284956,-0.1492601376533893,0.046699939986075134,-2783.501823007715
849,-406.608026365635,0.998481570129134,0.14668717873054135,4.0,15.0,0.0,407.3847230259988,0.3033818536085442,0.6966181463914558,0.5445351114129293,0.4554648885870707,-0.43283783708083123,-0.25422341195544984,0.2760719990654646,-0.0003491920748196903,-2788.097559612871
850,-407.29137125140494,0.932146189461968,0.14062088753976898,4.0,23.0,0.0,409.77843669351404,0.2143072417696486,0.7856927582303515,0.08141615664295712,0.9185838433570429,-1.138887302377131,-0.4341259553834099,0.030672666796033615,0.0823215179061704,-2781.9608199940726
851,-412.3254577035141,0.3069332244405252,0.15054256174518124,2.0,3.0,0.0,415.78950523228934,0.9182417769273892,0.08175822307261082,0.356000068326962,0.643999931673038,-0.16028980397277112,-0.8086370123512341,0.19615641736399253,1.4753072833240992,-2817.6835244611384
852,-406.4681408303695,0.9571180025497581,0.17335359119587782,4.0,31.0,0.0,407.97824363012757,0.2901927701550389,0.7098072298449611,0.39271059441520817,0.6072894055847918,-0.6022350815076799,-0.5328449541850466,-0.355507324534062,0.22485474654013118,-2786.2554737232617
853,-407.60193141570164,0.9562341678555173,0.14668717873054135,4.0,31.0,0.0,408.69410289382233,0.15786042192959765,0.8421395780704024,0.40487220209739344,0.5951277979026066,-0.7760530368776475,-0.46921434256301586,0.6388357259804724,-0.09919739415921809,-2790.7736708012826
854,-408.5320257833949,0.8958937238136319,0.14062088753976898,5.0,47.0,0.0,411.74022621028377,0.9437216185449327,0.05627838145506725,0.1275099693564074,0.8724900306435925,-0.8031065805269627,-0.5384417434764478,0.09371987593548878,-0.4286275373259776,-2785.6197812834093
855,-410.26211381540594,0.9237497650992812,0.15054256174518124,4.0,15.0,0.0,414.43834439630865,0.9401846139093203,0.05981538609067971,0.19163609235254456,0.8083639076474555,-0.44998580346948136,-0.5927382397242984,0.19979100384471649,0.9477549011038641,-2799.938025584424
856,-405.7961842834413,0.9955857104333563,0.17335359119587782,3.0,15.0,0.0,407.2838760185948,0.21480339645850705,0.785196603541493,0.4473346757330208,0.5526653242669792,-0.5725163457437252,-0.40176753520355335,-0.09785959587935852,0.07902351584560686,-2780.756631047624
857,-408.2945815894998,0.9949605090309309,0.14668717873054135,5.0,31.0,0.0,410.70959617251305,0.30143894384868153,0.6985610561513185,0.5646635170099149,0.4353364829900851,-0.7106674961352489,-0.5005019473775272,0.5201186058804074,0.045281501739311836,-2799.0568692151223
858,-408.8502455737877,0.9437268507915073,0.14062088753976898,5.0,31.0,0.0,411.447850652281,0.3515973040710844,0.6484026959289155,0.9382625705514125,0.06173742944858751,-0.31932650295486015,-1.8482237219483342,0.1319479688087626,0.06130905804191947,-2791.290999201605
859,-408.95840186568176,1.0,0.15054256174518124,5.0,47.0,0.0,412.11828726432617,0.061199796387143714,0.9388002036128563,0.8727838060611659,0.1272161939388341,-0.49615008316279,-0.30878464481771906,1.6204071255743324,0.07136899036512198,-2787.501425204055
860,-405.883305160982,0.9142598513948325,0.17335359119587782,4.0,15.0,0.0,408.14593653247596,0.6287276863136965,0.37127231368630353,0.28901726843515285,0.7109827315648471,-0.1933634328255259,-0.6192771698912248,0.012728345105132505,0.11168762268373925,-2782.387607119271
861,-407.01267862160785,0.9823464126907538,0.14668717873054135,4.0,27.0,0.0,409.9840970149198,0.8821156953745224,0.11788430462547761,0.5007847565908521,0.4992152434091479,-0.5251522641999802,-0.6232066904528459,0.008166019589051374,0.24570663339665633,-2785.706510441123
862,-409.17947455487314,0.973913046075235,0.14062088753976898,2.0,7.0,0.0,410.5901230016007,0.3324618977890448,0.6675381022109552,0.9406323575895382,0.059367642410461774,-0.4185225562808603,-1.7059290365913247,0.3466537079504267,0.1161887583095244,-2793.402972689124
863,-408.777232105165,0.8982253221711932,0.15054256174518124,4.0,31.0,0.0,412.56823909047415,0.05839454973647371,0.9416054502635263,0.8280646443309237,0.17193535566907625,-0.3123298698107566,-1.2496336790983944,0.5740590208131215,0.060895552002243475,-2788.5100885436946
864,-406.7378752397829,0.9900996474849144,0.17335359119587782,4.0,15.0,0.0,407.0838473539109,0.330905627325781,0.669094372674219,0.6938860041496389,0.30611399585036114,-0.6230509761877278,0.04711029580966806,-0.170683086850896,0.20092252736703917,-2788.131591985608
865,-406.74866322099973,0.9822080649570567,0.14668717873054135,4.0,31.0,0.0,408.508325510214,0.24670913803400998,0.75329086196599,0.6215986718003724,0.3784013281996276,-0.5799288963607709,-0.5260483292839916,0.4246399226351395,-0.1442135719331958,-2787.395191235866
866,-408.1436936335117,0.9998385623647301,0.14062088753976898,3.0,7.0,0.0,409.4012863184645,0.3737336189332381,0.6262663810667619,0.9431811792590755,0.05681882074092448,-0.41362328869922166,-1.572274455141063,-0.06351182608571213,0.021084614896375295,-2786.824493024368
867,-409.80882258771277,0.9597547160053386,0.15054256174518124,5.0,31.0,0.0,412.04607181258797,0.8635089387872946,0.13649106121270538,0.5049543257748195,0.49504567422518053,0.01089189301473488,-0.7582317545595082,0.2610376979645488,-0.09956753466785159,-2805.947787052752
868,-407.5271607934236,0.7764823573416139,0.17335359119587782,4.0,31.0,0.0,411.3674069614608,0.12648398132724592,0.8735160186727541,0.45305911615178873,0.5469408838482113,-0.5524484898220556,-0.6111146099964603,-0.6426649887327012,0.14896448918744387,-2789.2818928791567
869,-407.9610107728951,0.9701313861979904,0.14668717873054135,4.0,31.0,0.0,410.0101919477536,0.649765826700457,0.350234173299543,0.8808475417136447,0.11915245828635534,-0.3625963207850901,-0.04824662229081791,0.09641348675909656,0.12778637427600648,-2792.160022727405
870,-408.74077646675835,0.9400439578465835,0.14062088753976898,4.0,15.0,0.0,410.9268478515914,0.3111010997368123,0.6888989002631877,0.9026057761188402,0.09739422388115981,-0.4825135970682519,-1.0816761853068924,0.18739965022727695,0.2279726321752724,-2794.7588274030168
871,-408.9573558260499,0.9911389822286476,0.15054256174518124,5.0,31.0,0.0,414.0853350879683,0.5682935368793444,0.43170646312065564,0.1674957779180061,0.8325042220819939,-0.18310421839876656,-0.6491190662207597,-0.04944039656356604,-0.18196870171753055,-2801.238516964683
872,-407.56650314231655,0.9770250503001942,0.17335359119587782,4.0,31.0,0.0,410.6338752291453,0.5187491071224718,0.4812508928775282,0.0849732173363577,0.9150267826636423,-0.5507645782934695,-0.5777285412201777,-0.10954806544081591,0.34863994915337526,-2787.4743836807847
873,-408.5506789605813,0.9341522264708003,0.14668717873054135,3.0,15.0,0.0,410.58736968326633,0.30987733760224867,0.6901226623977513,0.6292804194963746,0.3707195805036254,-0.7115498454221545,-0.6043189002713079,-0.03117336806566049,0.048939430023181706,-2800.7035636697206
874,-406.8226718474983,0.9890798017545293,0.14062088753976898,4.0,19.0,0.0,409.82888069722094,0.46158584214183623,0.5384141578581638,0.3994215616098354,0.6005784383901647,-0.21547389204927309,-0.49941681658665393,0.33168161974527716,0.033164881723879755,-2790.4014752368703
875,-408.19238900619087,0.9626239240512585,0.15054256174518124,4.0,15.0,0.0,411.648522437032,0.2154860803537497,0.7845139196462503,0.5785848987503973,0.4214151012496027,-0.6250576239012909,-0.6415381567163858,0.2687806410853916,-0.10360125812854123,-2796.900905674836
876,-406.981934528264,0.9983509238192673,0.17335359119587782,3.0,7.0,0.0,407.7022900810192,0.5372413223369916,0.4627586776630084,0.07728258207876404,0.922717417921236,-0.5818276860576617,-0.4002787276144311,-0.14341512789487065,0.2764141248979073,-2782.9611705087705
877,-406.85874113291237,0.9787057315407203,0.14668717873054135,2.0,7.0,0.0,410.03996426532433,0.35057734091390075,0.6494226590860992,0.7990719908976543,0.20092800910234565,-0.5761882362785492,-0.5142616108108166,0.013835064143069987,-0.02394032640617795,-2787.107459388877
878,-409.87210855035494,0.9347074075741713,0.14062088753976898,3.0,7.0,0.0,411.4880017302439,0.2511891279067748,0.7488108720932252,0.9362174935102415,0.06378250648975847,-0.28071333767833206,-0.32732815214204214,0.5015436736896359,-0.11259476917208736,-2799.898590325677
879,-406.83635255655093,0.9999010522136482,0.15054256174518124,3.0,7.0,0.0,409.29685353070596,0.16797555728920446,0.8320244427107956,0.6512261472526154,0.3487738527473846,-0.5497833806822595,-0.5819312938479512,0.23054412032479796,0.10940140043517849,-2785.884159950421
880,-407.84270832792436,0.9634055843911192,0.17335359119587782,4.0,15.0,0.0,409.584188992249,0.3018732054004932,0.6981267945995068,0.352636015940891,0.647363984059109,-0.9970546619073675,-0.1991895903385308,0.17020371975664916,-0.12234190468546145,-2795.3870513712313
881,-407.029722552151,0.9468217042476209,0.14668717873054135,4.0,15.0,0.0,408.62244411397654,0.5284502592247914,0.4715497407752086,0.23015727902708966,0.7698427209729104,-0.8000667961006286,-0.5398033830949042,0.24580268060684432,-0.08945067830205651,-2789.2454403667643
882,-407.87160971473253,0.9972096771890425,0.14062088753976898,2.0,7.0,0.0,410.42861554638813,0.2798292753627179,0.7201707246372822,0.907355190034865,0.09264480996513502,-0.35156816830387927,-0.31997937371869883,0.43492359301426176,-0.08681189834912323,-2788.942147092632
883,-407.98928296009836,0.9451025068422954,0.15054256174518124,3.0,15.0,0.0,412.23337164694254,0.17727368872093316,0.8227263112790668,0.9182441521353382,0.08175584786466183,-0.3530382075124454,-1.208160285429553,-0.31158640014688427,0.09644934993163344,-2785.6452008423457
884,-410.13351524145406,0.9862032180717443,0.17335359119587782,4.0,15.0,0.0,410.87199500157584,0.5280186118808041,0.4719813881191959,0.012982762676752637,0.9870172373232473,-1.175822870332301,-0.35089547622845735,-0.039873937294019494,-0.0375219902154883,-2792.1028689715226
885,-408.9612311354568,0.9378676743693747,0.14668717873054135,3.0,15.0,0.0,411.1133615479164,0.877352908279305,0.12264709172069499,0.0649651098690972,0.9350348901309028,-0.18173259433940409,-0.5799338072395491,0.2408147172976668,-0.5897261385785524,-2789.58627102704
886,-408.2530038115112,0.8936571810229778,0.14062088753976898,3.0,15.0,0.0,411.22193579196016,0.2245344560158419,0.7754655439841581,0.8979904316733223,0.10200956832667774,-0.2854254722033176,-0.8160838784198404,0.3460095163555127,0.028182807928783034,-2790.775990275973
887,-407.9435481453771,0.8327935746329905,0.15054256174518124,3.0,7.0,0.0,411.6091558601629,0.22208319209136593,0.777916807908634,0.8416401086880436,0.15835989131195638,-0.5682485087076545,-0.8540490084651795,0.2706105846242023,-0.03340876333200335,-2790.9513477560154
888,-409.6678378310827,0.9960224969507202,0.17335359119587782,4.0,23.0,0.0,411.9232330713077,0.2163849306701745,0.7836150693298255,0.015727444389448855,0.9842725556105512,-1.0166945959091624,-0.5884629985062969,0.20809160009957411,0.026869227166358547,-2787.604652057391
889,-412.3619660592272,0.878865308972972,0.14668717873054135,5.0,31.0,0.0,413.9258167878314,0.6668973206512349,0.33310267934876514,0.006072041887123091,0.9939279581128769,0.1307621720199374,-0.6497550811130406,0.21668380709719312,0.13280807829224917,-2802.3686089338785
890,-412.984666431235,0.9213071654128728,0.14062088753976898,3.0,15.0,0.0,414.5440314746096,0.7471012585322725,0.2528987414677275,0.9900722036167008,0.009927796383299214,-0.3036590065441928,-0.7412722566362577,0.3910428684930535,-0.2656984000775157,-2808.6090300705946
891,-407.89034391507096,0.9755618479268485,0.15054256174518124,4.0,15.0,0.0,410.0704022041151,0.9279122443106089,0.07208775568939108,0.38061798463822527,0.6193820153617747,-0.1968201407860293,-0.49610592747469756,-0.009997158888097185,-0.12451228719205566,-2788.682253280015
892,-410.46323691850694,0.9769127916200973,0.17335359119587782,4.0,31.0,0.0,412.07346676220345,0.12686273962744268,0.8731372603725573,0.27166569875043994,0.72833430124956,-1.0362623430105067,-0.08460456624472087,0.9759386310568529,-0.13445596378105568,-2807.2171448533095
893,-410.93947608354574,0.9326782843546265,0.14668717873054135,4.0,31.0,0.0,417.2830599675615,0.5289481911157792,0.4710518088842208,0.9991244319215541,0.0008755680784459097,-0.46647829859555673,-0.3427588988449597,0.016276432128294882,0.0953644262868708,-2780.1314889989762
894,-410.2955313791386,0.9979925619892586,0.14062088753976898,4.0,19.0,0.0,415.3137724993605,0.11848177494145223,0.8815182250585478,0.00828586163958879,0.9917141383604112,0.4525842833190363,-0.4284662111190731,-0.2847048371685926,0.022290411951019037,-2785.042209213898
895,-407.5423504825783,0.9690232821305503,0.15054256174518124,3.0,15.0,0.0,409.9405615286204,0.19047060302105515,0.8095293969789449,0.17453279683727255,0.8254672031627275,-0.5290419129452637,-0.4389697435382147,0.46308493983833504,-0.17464505506813022,-2788.285379876861
896,-409.2035798661049,0.9884812482958115,0.17335359119587782,3.0,7.0,0.0,411.5209135007552,0.14422353933365933,0.8557764606663407,0.38253049672178546,0.6174695032782145,-1.0839294175813943,-0.13552580420367713,0.8252826704304863,-0.10809004277977076,-2800.6292852551574
897,-411.3109462979119,0.9210991288382894,0.14668717873054135,5.0,31.0,0.0,413.159298088461,0.7282554017402991,0.2717445982597009,0.0021817659777270022,0.997818234022273,-0.780189207481679,-0.4509412874002901,-0.12018359057561395,0.14348663430465547,-2786.9702085503804
898,-409.3372591909951,0.9535148869804204,0.14062088753976898,4.0,31.0,0.0,413.76908771794695,0.3689739730126441,0.6310260269873559,0.007082523572938492,0.9929174764270615,0.8364189721835871,-0.4496464958945148,-0.1627889969243791,0.2490929143476006,-2782.4355256856625
899,-409.2042395308661,0.9189762198973217,0.15054256174518124,4.0,15.0,0.0,410.77709423508685,0.9772709835734212,0.022729016426578763,0.7726744454840617,0.22732555451593828,-0.32196894054856895,-0.5103971281239302,0.0001979431371424284,0.21829105197186915,-2788.01415857249
900,-408.53763766646773,0.8766952034006387,0.17335359119587782,4.0,15.0,0.0,410.9894026021618,0.14360016422777414,0.8563998357722259,0.22504627692270424,0.7749537230772958,-1.139966971837264,-0.28785287300290563,0.9718662591788492,0.0011382678745995856,-2793.528234482666
901,-411.3091591362206,0.9841860999496914,0.14668717873054135,3.0,7.0,0.0,412.43676913939913,0.7734304996790995,0.2265695003209005,0.0019624655894921253,0.9980375344105079,-0.9018421781399321,-0.4783537654605834,0.16704608443725083,0.17064062951236236,-2785.169782491363
902,-408.82260919315553,0.9855696460276354,0.14062088753976898,4.0,15.0,0.0,410.24960246727557,0.5774277021810558,0.42257229781894423,0.12768515957023668,0.8723148404297634,0.6915338429720763,-0.5254785402021122,-0.06230674404629938,0.3762159937166,-2798.36467505499
903,-408.5543622919027,0.7012640646443108,0.15054256174518124,3.0,15.0,0.0,412.3402859756824,0.9730113108758542,0.02698868912414576,0.5797172532524804,0.42028274674751964,-0.5645015904755675,-0.36470475722702045,-0.05836104635050268,0.41346925393101747,-2786.756811978476
904,-411.0614785931376,0.874270669969975,0.17335359119587782,3.0,7.0,0.0,411.3865578202788,0.024855656536360796,0.9751443434636392,0.07056375214653599,0.929436247853464,-1.1644907769961788,-0.5643622826347097,1.1711967636631793,-0.035208860339260566,-2792.365348969044
905,-410.07357432098934,0.9811611404883672,0.14668717873054135,3.0,15.0,0.0,412.47715123188055,0.6823012032717062,0.3176987967282938,0.003100613572896742,0.9968993864271033,-1.062712783761529,-0.4983489631734624,-0.02093616739246107,0.1544952471593184,-2780.9940672905327
906,-411.51981425836226,0.9886183482958708,0.14062088753976898,5.0,39.0,0.0,413.2451821578533,0.8150001394799695,0.18499986052003048,0.5383714252791636,0.4616285747208364,-0.6905539154305881,0.026046060747483488,-0.1324842120543462,1.4265524282297506,-2817.8072329299107
907,-410.9921778214681,0.7142174456832949,0.15054256174518124,4.0,31.0,0.0,415.0199134576068,0.1849281579554889,0.8150718420445111,0.9934719261119048,0.006528073888095176,-0.5680461946493796,-1.0787454183263656,-0.5621491693509022,0.1298628782202345,-2789.588604645828
908,-409.44140069467653,0.9980111020855119,0.17335359119587782,4.0,31.0,0.0,416.02475727774174,0.8622299147628113,0.1377700852371887,0.9877428201457251,0.01225717985427488,-0.4742840244504206,0.0036185847849364164,0.0366478691441597,-0.2620888018100073,-2782.8593141402753
909,-411.4398686128251,0.9393677985379444,0.14668717873054135,4.0,31.0,0.0,412.6467844182912,0.8113663543764975,0.1886336456235025,0.0018280442374165673,0.9981719557625834,-1.0813485953264197,-0.44362637393218973,0.07033648422468093,0.49298965539571915,-2784.2038051286036
910,-413.0833769613937,0.9516586599681623,0.14062088753976898,4.0,19.0,0.0,415.0128213078769,0.9932916940265207,0.006708305973479267,0.951664267092122,0.04833573290787796,-0.6803411268979715,0.1562733541622775,0.07101142931532128,1.4394366232000686,-2795.379094493927
911,-410.3213488367368,0.9397163903822704,0.15054256174518124,5.0,31.0,0.0,414.77567661654183,0.9629855036509625,0.03701449634903753,0.01671256272533798,0.9832874372746621,0.4708342465352919,-0.5444649711377584,0.039005135325894225,0.2304073676738707,-2782.493188474955
912,-407.4171483877593,0.9975235912230122,0.17335359119587782,4.0,15.0,0.0,411.85587753943645,0.7527197272232987,0.24728027277670128,0.905129818560359,0.09487018143964099,-0.5022051337472085,0.10022447233450638,0.08313603061684308,0.34626506468605683,-2785.43002959685
913,-410.4442784704428,0.9139999204649095,0.14668717873054135,4.0,31.0,0.0,415.9202245478095,0.07985274265238612,0.9201472573476139,0.0055882797949511195,0.9944117202050489,-0.3277788572423504,-0.4986943853897895,0.03913269167518711,0.1098454517073816,-2781.0248461667534
914,-414.0655737767163,0.776278673070098,0.14062088753976898,4.0,31.0,0.0,417.5604605515117,0.7457999881670377,0.25420001183296226,0.00620428745891851,0.9937957125410815,-0.9812156591980755,-0.3371969332396057,-0.27199092834141847,1.0964166494348377,-2811.59337554833
915,-409.4652149661821,0.9829941238254986,0.15054256174518124,4.0,15.0,0.0,411.9987360064008,0.40490187482579604,0.595098125174204,0.031024135447042828,0.9689758645529571,0.33085674994096337,-0.5375440276454624,0.5890194923701297,-0.3562492187488582,-2793.693350555398
916,-409.2006381914968,0.9250661191621397,0.17335359119587782,4.0,31.0,0.0,411.13077241346485,0.4813449042287296,0.5186550957712703,0.04969568929129951,0.9503043107087005,-0.5476552023566587,-0.44359030760635043,0.40064376709942107,-0.4644062469542859,-2795.230287321392
917,-408.5880967883217,1.0,0.14668717873054135,4.0,15.0,0.0,411.4357434244857,0.5915189870670868,0.40848101293291317,0.013650365565302806,0.9863496344346971,-0.16985521976090207,-0.5009329932357872,-0.1363257925150854,0.21823783854702372,-2782.559479050068
918,-411.20567160385764,0.9430048802916952,0.14062088753976898,2.0,3.0,0.0,415.0602698722421,0.8420420642652731,0.15795793573472694,0.006396431150598168,0.9936035688494018,-0.9929855855393936,-0.5681147347087104,-0.102990346958687,0.9604694160028397,-2789.6945677784456
919,-413.09260224873606,0.43079879884179995,0.15054256174518124,4.0,15.0,0.0,416.0450069412177,0.004230891607334546,0.9957691083926654,0.11044059252479628,0.8895594074752037,0.3640217597762707,-0.6212614275541372,-2.8934790255505245,0.1436482545194665,-2792.037293971655
920,-413.19593715106834,0.6519140966894104,0.17335359119587782,4.0,15.0,0.0,415.4987333155755,0.9001284008533024,0.09987159914669763,0.957131655436847,0.04286834456315303,-0.7007139575503281,-0.17495213376546032,-0.04614069521222125,1.6217886995947408,-2812.832226144411
921,-407.80303332882414,0.9733158833217793,0.14668717873054135,4.0,23.0,0.0,410.6083466595522,0.30334565065844765,0.6966543493415523,0.18380036840817254,0.8161996315918274,-1.2578936389379116,-0.41874231009832097,0.0480981248062185,0.010465856333823069,-2791.642715733915
922,-410.8354973346207,0.7536565091397064,0.14062088753976898,5.0,31.0,0.0,415.4270647730375,0.01071598056268427,0.9892840194373157,0.8069279270773209,0.19307207292267914,-0.49335821962638043,0.2587021622213975,0.6419984301403454,0.09857452773169328,-2793.067717236646
923,-413.6276162886071,0.7296765124250604,0.15054256174518124,3.0,7.0,0.0,416.14232253864935,0.006526843339819754,0.9934731566601802,0.10755855369361961,0.8924414463063803,0.43917042788457583,-0.4034116482435077,-2.7355607789333587,0.03955811136182344,-2799.476024826309
924,-410.8013505123283,1.0,0.17335359119587782,3.0,7.0,0.0,414.15537459070873,0.9088454534359337,0.0911545465640663,0.9545240603766817,0.04547593962331831,-0.4980487416506095,-0.08327282426588219,-0.18072276402778442,1.5254137712852427,-2796.5815161865057
925,-408.99765866913583,0.768929244219786,0.14668717873054135,4.0,15.0,0.0,413.2613094506879,0.7759829568564988,0.22401704314350124,0.01393756123595984,0.9860624387640402,-1.037995418349403,-0.5108229298265151,0.13292535430923308,-0.28466944786547954,-2782.313700260717
926,-411.48803911709155,0.971660758580799,0.14062088753976898,5.0,31.0,0.0,413.8288318274821,0.9403836334633082,0.05961636653669178,0.9674628328247278,0.03253716717527222,-0.4541941649737564,0.7108712114609841,-0.006174836337145634,-1.1952375396825536,-2796.817231189904
927,-411.31832078169913,0.9409572726604508,0.15054256174518124,5.0,31.0,0.0,416.17781697383055,0.018706833132403768,0.9812931668675963,0.3634365514239921,0.6365634485760079,-0.9329153677935431,-0.13973734500377513,-2.1218891612478665,0.14559442695698283,-2798.8847329441123
928,-407.27064669033837,0.9417233178996546,0.17335359119587782,4.0,27.0,0.0,412.9562336294421,0.8594234603381808,0.14057653966181916,0.11297790002908484,0.8870220999709152,-0.40457562066740177,-0.503838641402535,0.09294314946615276,0.3597657930052954,-2782.355759330159
929,-408.2493928808299,0.8193245120240911,0.14668717873054135,4.0,15.0,0.0,411.7167992756382,0.6830610189172395,0.31693898108276053,0.3730487620094003,0.6269512379905997,-0.7023450274489037,-0.16803694374610226,0.10203012610500227,-0.4197941694558257,-2798.868553969794
930,-409.2422489706249,0.8296446067291103,0.14062088753976898,4.0,15.0,0.0,414.7330526049849,0.9671385513786264,0.032861448621373635,0.6903148547974949,0.3096851452025051,-0.6580413382306225,-0.31309408902333447,0.13514379064158147,-1.5227440548743285,-2789.987553052161
931,-411.57590509732375,0.8102598714707296,0.15054256174518124,3.0,7.0,0.0,415.0143525410452,0.004244841536855772,0.9957551584631442,0.4441055799899917,0.5558944200100083,-0.8514953489166548,-0.15324336125704185,-2.1789101587736623,0.015375631434922293,-2790.896700522696
932,-406.2021289470446,0.9054082144195985,0.17335359119587782,4.0,23.0,0.0,408.7917061218104,0.36947167848851237,0.6305283215114876,0.6331866686218013,0.3668133313781987,-0.30312207963001436,-0.7473800329359159,0.07915149512551871,0.17620372379335109,-2785.2026924771944
933,-407.16961727601034,1.0,0.14668717873054135,3.0,7.0,0.0,408.86978330563227,0.8446776416340648,0.15532235836593522,0.4889682161682596,0.5110317838317404,-0.6196827975844157,-0.28447490697633265,0.25781949226878115,-0.28380120805651843,-2788.490114432507
934,-411.5933920181836,0.7841937503800397,0.14062088753976898,4.0,15.0,0.0,413.44332970597964,0.9731762636154889,0.026823736384511077,0.27085959505461193,0.729140404945388,-0.26480065104404577,-0.7965545034175345,0.1211738752281805,-1.6510122369229945,-2803.823655922747
935,-410.64840916250955,0.9615614035303415,0.15054256174518124,3.0,7.0,0.0,413.1948519824178,0.019861017931754304,0.9801389820682457,0.32946119269615093,0.6705388073038491,-0.7765877553728072,-0.3591123900175115,-2.563927300672663,0.12665818232899131,-2792.696002598393
936,-407.95794868803773,0.9609919167059016,0.17335359119587782,4.0,15.0,0.0,409.1727610272679,0.2716262129361017,0.7283737870638983,0.05918857764722636,0.9408114223527736,-0.004026040445152739,-0.47535830416352604,-0.06797447114180839,-0.03149050835401068,-2786.731407175442
937,-408.15360658895963,0.9565393555749347,0.14668717873054135,4.0,31.0,0.0,409.27255259461646,0.26844296181876676,0.7315570381812333,0.6777753752853597,0.3222246247146403,-0.3019812051204531,-0.7673799611260352,-0.2956389206463361,0.40206490044989013,-2796.8694543669717
938,-413.2566100307074,0.9310280887480291,0.14062088753976898,3.0,15.0,0.0,417.9101361134385,0.9664124856280792,0.03358751437192076,0.8313650604049548,0.16863493959504516,-0.5730570963706495,-1.1634396312426067,0.12889884449753233,-2.0308805193949455,-2812.397612815366
939,-408.4378521332166,0.8941247662150912,0.15054256174518124,5.0,31.0,0.0,416.3020294046643,0.49332715804381644,0.5066728419561836,0.18694752140195076,0.8130524785980493,-0.11723885698055153,-0.6806297117407303,0.5441198128924192,-0.3393392158383125,-2798.030936375549
940,-408.29221984427534,0.9947829989240501,0.17335359119587782,5.0,31.0,0.0,412.27088963809945,0.16514697430708014,0.8348530256929199,0.05416626264282744,0.9458337373571726,-0.9020017476376666,-0.4557452067432518,-0.052179776794246305,-0.027543431551984826,-2785.285098570399
941,-407.28058121757516,0.890370250296733,0.14668717873054135,4.0,15.0,0.0,411.19801642465063,0.23370421426634322,0.7662957857336568,0.9213505394343021,0.07864946056569788,-0.44877761375500436,-0.7110928292506918,-0.13214220743279229,0.2104770323282199,-2782.7196108604476
942,-414.6807509766411,0.9344543984077058,0.14062088753976898,4.0,15.0,0.0,416.26631531727315,0.9521307449400505,0.047869255059949545,0.9621098884097179,0.037890111590282105,-0.2582518051171486,-1.3265782777070652,0.15930132355367227,-2.0690495482293754,-2815.0078043631793
943,-406.23605660153623,1.0,0.15054256174518124,3.0,15.0,0.0,409.8620691328148,0.40959687775917025,0.5904031222408297,0.1931506707081395,0.8068493292918605,-0.09854839190611776,-0.5165901247458244,0.3378283456524868,-0.11431342131885518,-2783.1839952497476
944,-406.59896496898523,0.9713728561900726,0.17335359119587782,3.0,7.0,0.0,409.1240144815997,0.2685036686771413,0.7314963313228586,0.18922112874876115,0.8107788712512388,-0.8086678386137869,-0.38964168249191505,-0.15498156979755676,0.22858672355507634,-2783.7325225469863
945,-407.3548869550067,0.9826500152261715,0.14668717873054135,4.0,15.0,0.0,408.58682992420614,0.266967780312863,0.733032219687137,0.7795085711615036,0.22049142883849637,-0.33382331320071645,-1.0866998557533405,-0.05048327393611175,0.21295759040773654,-2789.3182463540447
946,-409.0995698554599,0.9651512806894497,0.14062088753976898,4.0,15.0,0.0,416.1300700896697,0.9843256437501896,0.015674356249810395,0.28148855963046326,0.7185114403695367,-0.2209988334631431,-0.6545759506082511,0.07390823838998835,-1.0822167990083864,-2784.675440601579
947,-407.380601077462,0.9902640283163094,0.15054256174518124,4.0,15.0,0.0,407.5321657649067,0.3515220775141162,0.6484779224858839,0.05570916367764448,0.9442908363223556,-0.039941850711458705,-0.48239320738686625,0.4720826818809417,-0.09727512783218856,-2783.125838833695
948,-407.00568274219916,0.8743147878465136,0.17335359119587782,4.0,15.0,0.0,409.3636368300223,0.7464983000309856,0.2535016999690144,0.6731994396572889,0.3268005603427111,-0.3513620849773359,-0.39983994979782733,0.07477736097200205,0.3656064602067062,-2789.171937345598
949,-407.3548869550067,0.7941519705881729,0.14668717873054135,2.0,7.0,0.0,410.5539053065698,0.266967780312863,0.733032219687137,0.7795085711615036,0.22049142883849637,-0.33382331320071645,-1.0866998557533405,-0.05048327393611175,0.21295759040773654,-2789.3182463540447
950,-408.41875033799414,0.9966985151547482,0.14062088753976898,4.0,15.0,0.0,410.5995853691623,0.9030636728944974,0.0969363271055026,0.5795536351296059,0.4204463648703941,-0.5922876306483555,-0.18231754981917214,0.13906051283279536,-1.138180621708832,-2793.211615270633
951,-406.2388111160661,0.858823807803804,0.15054256174518124,4.0,15.0,0.0,409.388379177948,0.13099758218482827,0.8690024178151717,0.507343326787031,0.492656673212969,-0.3499122304706044,-0.5887394710889816,-0.2756451966565337,0.11735889680691919,-2781.127653664684
952,-407.7690221341534,0.9533257242724759,0.17335359119587782,4.0,15.0,0.0,410.08756955776397,0.8991206830026488,0.1008793169973512,0.8484954412701057,0.15150455872989432,-0.35197733188141755,-0.9804300105141406,0.1499146149303053,-0.05176765236008695,-2785.0593647906676
953,-409.09166237269153,0.9959721284782206,0.14668717873054135,4.0,15.0,0.0,410.67207316060114,0.8357949909363193,0.16420500906368074,0.6304824716688826,0.3695175283311174,-0.8543837555838304,-0.05595621976084285,0.16409169778705995,-0.7498484185754567,-2800.981037505245
954,-409.9338032141375,0.9094214310663987,0.14062088753976898,3.0,7.0,0.0,412.0199431271813,0.9012619336289978,0.09873806637100224,0.49480098486170554,0.5051990151382945,-0.9025478867597764,0.024310529927675857,0.1492858447262712,-0.9392378495784252,-2803.949063496289
955,-409.7766122059038,0.8742572986915975,0.15054256174518124,4.0,15.0,0.0,412.1336347232969,0.009453457724590324,0.9905465422754097,0.45421265972405267,0.5457873402759473,-0.4363379516657843,-0.4503256115433158,-2.001851369390836,0.1419025582643246,-2784.919788844151
956,-406.99792003316963,0.995589233330723,0.17335359119587782,4.0,15.0,0.0,409.02183308244037,0.7689018012525731,0.23109819874742688,0.3492739710628413,0.6507260289371587,-0.42191822941604507,-0.30492161987741956,0.0974520733219741,0.13422647033000312,-2789.015429653469
957,-407.80921129049875,0.975003330087917,0.14668717873054135,4.0,15.0,0.0,410.7389158569916,0.8281121328381801,0.17188786716181992,0.7629894224708029,0.23701057752919708,-0.6536632281652238,0.03293516229038339,0.23961466581535049,-0.6282310601625286,-2791.0058079898517
958,-405.9968247318372,0.9322495909464591,0.14062088753976898,5.0,31.0,0.0,411.6210351095013,0.5797145118666657,0.42028548813333433,0.7829042337210996,0.21709576627890037,-0.4458630636518669,-0.7392530503580316,0.1612991875316811,0.007191057635924675,-2781.8649757407907
959,-408.897791020408,0.9467115218663784,0.15054256174518124,4.0,31.0,0.0,411.647593804393,0.022276999058176736,0.9777230009418233,0.45356219931653036,0.5464378006834696,-0.7485219230788756,-0.3609729472820356,-0.846281454391213,0.1592260407295885,-2787.2591358736836
960,-407.58255378138773,0.9280662347171795,0.17335359119587782,2.0,7.0,0.0,409.16504004189295,0.8391355115993544,0.1608644884006456,0.3831184480572338,0.6168815519427662,-0.5315387357850014,-0.328190347608705,0.22488490658331647,0.05474280870129627,-2791.299650799917
961,-406.96038174479133,0.9051900282591149,0.14668717873054135,4.0,15.0,0.0,411.3338549365796,0.938672687708595,0.06132731229140498,0.47683235443946387,0.5231676455605361,-0.6026855053683978,-0.41655049708458614,0.11154958149273686,-0.21482939093437653,-2781.3572524087926
962,-406.2929662710829,0.9813357104675202,0.14062088753976898,3.0,15.0,0.0,409.82098076959727,0.7185334725192539,0.2814665274807461,0.8107959476790813,0.18920405232091875,-0.5096565707798559,-0.6388050624456516,0.07789322790022458,0.012147553984081245,-2782.0000645039827
963,-409.04347031338926,0.9344948651424922,0.15054256174518124,5.0,31.0,0.0,411.36991573190846,0.3704689458395773,0.6295310541604227,0.36791161737475775,0.6320883826252423,-0.20976542068728848,-0.5565074880915807,0.3017018214911039,0.266172120271275,-2804.9950173158236
964,-407.7826488695054,0.9763332461974419,0.17335359119587782,4.0,15.0,0.0,410.0716574394892,0.48356001222610934,0.5164399877738907,0.5406748846412294,0.45932511535877063,-0.8830449579485846,-0.20638396974376333,-0.08345567360197956,0.013098656768773507,-2796.9407959320265
965,-408.147186745643,0.7777268352945957,0.14668717873054135,3.0,15.0,0.0,410.9570684172411,0.9261318012425656,0.07386819875743444,0.5534359916754125,0.44656400832458754,-0.6375629051669846,-0.420490729800612,-0.05373677828825618,-0.12597737794858987,-2790.6774308995455
966,-405.86703874405737,0.9383538084474228,0.14062088753976898,4.0,31.0,0.0,407.5289441411497,0.3599710164159521,0.6400289835840479,0.3235302374199654,0.6764697625800347,-0.571288080720314,-0.40913953099048767,-0.17931300550817103,0.271431370299239,-2782.476885276374
967,-408.589269077697,0.9969956460019253,0.15054256174518124,2.0,7.0,0.0,410.3972359103375,0.36378232673143046,0.6362176732685696,0.4144252265107851,0.5855747734892149,-0.26501278794197675,-0.6379864210122803,0.26752947199536603,0.2677100473506007,-2802.0084437839237
968,-407.1009461934877,1.0,0.17335359119587782,4.0,15.0,0.0,408.72137431605995,0.2562041612021447,0.7437958387978554,0.1199428902850954,0.8800571097149046,-0.6861061353899092,-0.5217811636588368,-0.1267163759251682,0.20837414451123928,-2784.4771901740746
969,-407.0085792996526,1.0,0.14668717873054135,4.0,15.0,0.0,408.7857450299858,0.7741863968598394,0.22581360314016063,0.32831136938012223,0.6716886306198777,-0.516535166916426,-0.39013597888528817,0.20591111498037035,0.1340100720848194,-2788.6118749897673
970,-406.4388353608124,0.9676084616651227,0.14062088753976898,3.0,7.0,0.0,407.27939597026165,0.35356989489677354,0.6464301051032264,0.30985367538882613,0.6901463246111739,-0.5357633258812788,-0.48590791769551134,-0.38471834880666866,0.3487546224724898,-2786.0446041206624
971,-409.42660349181796,0.9735319764626436,0.15054256174518124,4.0,15.0,0.0,411.7737399582932,0.2837807427768093,0.7162192572231907,0.07227300771952065,0.9277269922804794,-0.3587651961149881,-0.45743816271945703,0.33319637500049987,-0.29521237303094416,-2798.08258583473
972,-406.3453095083372,0.9326490751301904,0.17335359119587782,3.0,7.0,0.0,408.1171434612896,0.34146628029821885,0.6585337197017811,0.1866446804003873,0.8133553195996127,-0.7644578743997139,-0.4037891851400805,-0.026244742745335045,0.018103958787023845,-2782.9575599915847
973,-407.25328289665424,0.9984103115246471,0.14668717873054135,4.0,15.0,0.0,409.10345290214735,0.33972460186138054,0.6602753981386195,0.803420395335575,0.19657960466442503,-0.6160860407845907,-0.2995332158013952,0.40474918371472685,-0.22802962439778954,-2789.540591427671
974,-406.57916002765245,0.9769800066498074,0.14062088753976898,5.0,31.0,0.0,408.39541846035996,0.686253609778094,0.313746390221906,0.28231871861494,0.7176812813850599,-0.4184128085508054,-0.44972980635332227,0.316733625897547,-0.4469779710381356,-2786.3284295223643
975,-410.63737361242767,0.9984180757049664,0.15054256174518124,4.0,15.0,0.0,411.9985001076602,0.007163405917821342,0.9928365940821786,0.9071337104833208,0.09286628951667919,-0.42349093419577977,-0.4280055367445983,0.9233369118395419,0.13917851080791907,-2784.2608964623464
976,-406.82863006968756,0.8742185629465623,0.17335359119587782,4.0,15.0,0.0,409.2871234318134,0.7133499923083844,0.28665000769161564,0.1973209920195765,0.8026790079804235,-0.7842106332504778,-0.37125924018631834,-0.018732220291907443,0.544277751492926,-2785.672882111126
977,-407.0048516081339,0.949883541583767,0.14668717873054135,2.0,7.0,0.0,410.4363539011411,0.3867937101177705,0.6132062898822295,0.7299542362282552,0.27004576377174483,-0.7081095677014521,-0.16425172558046683,0.44673159249260863,-0.16411454362253364,-2789.6806264959014
978,-407.09244707606763,0.9433845093683462,0.14062088753976898,4.0,15.0,0.0,407.66795885864815,0.8328202256155041,0.16717977438449594,0.7555841715945625,0.24441582840543752,-0.4866215055043239,-0.7111025213942623,0.02262906626822185,-0.20030002548350864,-2786.1311048682724
979,-410.2342592192828,0.962469729069403,0.15054256174518124,4.0,31.0,0.0,413.4812535557948,0.9745278603046956,0.025472139695304374,0.7683011949026618,0.2316988050973382,-0.25467787015214194,-1.04600398036014,0.1921257383245888,0.08490436381352688,-2795.306124329584
980,-408.4796576446274,0.9547895681581181,0.17335359119587782,4.0,15.0,0.0,411.2805163414833,0.8331994422733785,0.1668005577266215,0.06457997545830994,0.93542002454169,-0.11945989258071851,-0.43441616563518615,0.18909531362244236,-0.7155867069186413,-2788.009800338212
981,-407.43719118172396,0.8497980530516236,0.14668717873054135,4.0,15.0,0.0,409.36860512156767,0.25977396845747763,0.7402260315425224,0.6575588863837398,0.3424411136162602,-0.5433819088755697,-0.6427978428293065,-0.28099812297021415,0.3140916760345185,-2792.0235931001735
982,-407.78255220747695,0.9537466248974006,0.14062088753976898,3.0,7.0,0.0,408.51461212494723,0.886644833518656,0.11335516648134403,0.730811046177285,0.269188953822715,-0.5303985299073759,-0.7793633067133386,0.1357519909899326,-0.18317725617533068,-2788.947346757338
983,-408.90052762429605,0.9960362137838724,0.15054256174518124,4.0,15.0,0.0,411.4934588653586,0.022579424366194367,0.9774205756338057,0.872114891646549,0.12788510835345102,-0.49663729481886626,-0.31507555223687733,-0.7665720777449624,0.02665914793674328,-2782.283103410227
984,-409.1028830750613,0.992730063357488,0.17335359119587782,4.0,15.0,0.0,411.09962184250907,0.6189212365352812,0.3810787634647188,0.4538254729227413,0.5461745270772587,-0.39738064135847817,-0.5780445778506816,-0.4790483554112948,0.6439926959824388,-2805.387691923009
985,-406.87647913655184,0.8858830276923743,0.14668717873054135,3.0,7.0,0.0,411.0472364161378,0.20157596198158337,0.7984240380184167,0.637960583804583,0.362039416195417,-0.3855875172859387,-0.4996094858950497,-0.2979410724859336,0.27787564334504683,-2787.37430471681
986,-407.4079696791681,0.9376792413116855,0.14062088753976898,5.0,31.0,0.0,409.65227965334816,0.13155236884814064,0.8684476311518594,0.46272681342412814,0.5372731865758719,-0.6678016809843059,-0.22304299945420591,-0.766850893937634,0.1628197622077088,-2788.7155132747075
987,-408.18621801601137,0.9851235344604142,0.15054256174518124,4.0,31.0,0.0,410.10076158639447,0.10801572075755396,0.891984279242446,0.8642895011969918,0.13571049880300823,-0.5662733255605086,-0.027292826258403083,-0.8794756128277721,0.17203420407359066,-2787.7130169602083
988,-411.145718500726,0.9069193784308408,0.17335359119587782,4.0,23.0,0.0,414.991061890218,0.13498467503579356,0.8650153249642064,0.7763415474051011,0.22365845259489892,-0.24789608865359336,-0.9280273866469613,-0.18810327929230147,-0.15235444439301155,-2812.317507534997
989,-406.04011636687585,1.0,0.14668717873054135,3.0,15.0,0.0,407.5319111240981,0.41863032407723444,0.5813696759227656,0.2718047943618837,0.7281952056381162,-0.30854816492464976,-0.5481943430553364,-0.0910484759361975,0.04937958197255555,-2783.523630967518
990,-410.0934435277601,0.7295688218304357,0.14062088753976898,4.0,15.0,0.0,412.13777250690714,0.8399054562868777,0.16009454371312226,0.01104087480772861,0.9889591251922714,0.8188567401785198,-0.38679379879746206,0.057812580356025815,-0.20909422660615445,-2787.0121580862715
991,-406.0210674761207,0.9544969624266773,0.15054256174518124,4.0,31.0,0.0,409.5870847133124,0.7651538446258089,0.23484615537419107,0.5999083119620758,0.40009168803792416,-0.5591877711360144,-0.46205081137061915,0.10716822016402712,-0.23519639387594632,-2782.4673227920202
992,-410.88738548890467,1.0,0.17335359119587782,4.0,31.0,0.0,413.591949923994,0.9935539786968256,0.0064460213031743985,0.927120373278004,0.072879626721996,-0.4915420022283684,-0.5903598542846866,0.13195570439816828,1.2470186196338595,-2782.9389925018118
993,-406.2380573737544,0.9903023247691947,0.14668717873054135,4.0,15.0,0.0,407.7105017121372,0.3097172436110426,0.6902827563889574,0.3081536607721058,0.6918463392278942,-0.3158152202645141,-0.609618984599124,-0.12825126068917253,0.05341049466745805,-2784.436197824055
994,-411.2771445560367,0.7569656077006062,0.14062088753976898,2.0,7.0,0.0,414.7980670388243,0.9072096189148464,0.09279038108515358,0.004884020672015018,0.995115979327985,0.8602287671128522,-0.40035212436201584,0.17874878049424822,-0.28499623804036817,-2786.236093339671
995,-407.6173798628489,0.6995608671210091,0.15054256174518124,4.0,31.0,0.0,410.3842643061176,0.4876966992395268,0.5123033007604731,0.7527520718659575,0.2472479281340425,-0.3399999662230776,-0.9517769834381078,0.27420450182512307,0.13752350882696557,-2793.5628895310942
996,-408.7341991038047,0.9917553588540993,0.17335359119587782,4.0,15.0,0.0,411.6326224028612,0.9867061758058235,0.013293824194176462,0.5945495806298863,0.4054504193701137,-0.37515705372252867,-0.6759918763945385,0.10472543200079885,0.8698746300398758,-2782.492062794637
997,-406.36459082897346,0.9226245037788704,0.14668717873054135,4.0,23.0,0.0,408.5745589500981,0.8790684868540304,0.12093151314596962,0.3924970974386452,0.6075029025613548,-0.6058056797998985,-0.4525595751284164,0.08240952933675509,-0.1296827360904043,-2781.16668978019
998,-410.8197698898541,0.9939646507258376,0.14062088753976898,5.0,31.0,0.0,413.5870531251856,0.062283552737498186,0.9377164472625018,0.9923423410762054,0.0076576589237945525,-0.41682350567505294,-0.5935324506221884,-0.7490174426806264,0.08888815322993435,-2783.5684046543315
999,-407.5432713535016,0.9922510918721651,0.15054256174518124,3.0,15.0,0.0,408.9370866527444,0.2963080852411194,0.7036919147588806,0.5587550968990642,0.4412449031009358,-0.27867967451874665,-0.5781629332303228,-0.032304197701326635,-0.10607346412080648,-2794.340868221817
