draws,lp__,accept_stat__,stepsize__,treedepth__,n_leapfrog__,divergent__,energy__,rho.1,rho.2,gamma.1,gamma.2,nu.1,nu.2,mu.1,mu.2,log_prob_data
0,-417.59436704154314,0.9124008698010991,0.14315701925752378,5.0,31.0,0.0,418.66774981576515,0.22637013332849298,0.773629866671507,0.03497807439579244,0.9650219256042075,-1.5471807881783206,-1.4726268394685682,0.8124716997551314,-0.11911024599791148,-2844.6750764584576
1,-416.0102636239255,0.9560086695752354,0.12360106967730566,4.0,27.0,0.0,418.4899654633371,0.5052363552890006,0.49476364471099943,0.45677264940455253,0.5432273505954475,-1.5214717823641761,-1.870934866939234,0.04321379717761359,-0.10380421428701857,-2849.4599197103107
2,-417.80914816518344,0.9788768018707004,0.14153344395467612,4.0,31.0,0.0,421.68159319560715,0.898141471277591,0.10185852872240897,0.08736605989865795,0.912633940101342,-2.404858015795141,-1.4136924682038505,-0.08759462224172607,0.9511179250518064,-2844.6254391388466
3,-420.4881634524998,0.8939426913305841,0.13260380661761337,4.0,15.0,0.0,423.4904757942709,0.007308590076954207,0.9926914099230458,0.028318457259868444,0.9716815427401315,-0.3243380998381999,-1.6934179824301503,-0.3705915470305004,0.11664442098175681,-2843.084792701575
4,-418.2624424837969,0.9389688282906814,0.14315701925752378,3.0,11.0,0.0,420.5865637556604,0.1906127610775977,0.8093872389224023,0.03856260828627791,0.9614373917137221,-2.1556136196985114,-1.6567736425310031,0.9499963805470015,-0.16382237603679178,-2846.399574610609
5,-415.8014492489403,0.9975623887192782,0.12360106967730566,3.0,15.0,0.0,417.89462249975224,0.8152208322907105,0.18477916770928948,0.5781545045049921,0.42184549549500794,-1.5088620123871652,-1.3543305483082024,0.1937962355112382,-0.3372553055514188,-2845.751725727597
6,-418.64763151507947,0.9429092781378877,0.14153344395467612,4.0,15.0,0.0,419.048151488909,0.9514534295721202,0.0485465704278798,0.09393763881147237,0.9060623611885277,-2.368182694940224,-1.371787471785519,-0.011666888102406986,0.9174051775547474,-2846.46063094351
7,-420.3919912600565,0.723458308992497,0.13260380661761337,2.0,3.0,0.0,423.69526576272574,0.008967698681222989,0.9910323013187771,0.03993603101567576,0.9600639689843242,-0.3308276895411247,-1.6152557844092474,-0.3587786391644969,-0.05761512763104537,-2846.349596297004
8,-419.25152145307356,0.8985509979939854,0.14315701925752378,3.0,7.0,0.0,419.5329006469623,0.16786629439867745,0.8321337056013225,0.03796362119451508,0.9620363788054849,-2.171182234171569,-1.7064932232661114,0.914198033621479,-0.1786688996290881,-2852.2923736959483
9,-415.3946408076571,0.9901525833082506,0.12360106967730566,4.0,15.0,0.0,417.4648050346238,0.58161657908601,0.41838342091398995,0.8583149250955505,0.14168507490444948,-1.68818410042028,-1.3248012951615298,0.14463880429286965,0.11689525611129435,-2841.1214163989966
10,-417.38870985157587,0.989202079379501,0.14153344395467612,5.0,47.0,0.0,421.4017019473026,0.9442864628129195,0.0557135371870805,0.46664373725837016,0.5333562627416298,-1.5910227202691736,-1.6009037780047537,0.01789149813748657,1.9363243075444003,-2845.6332597020923
11,-420.04844808584295,0.9963050338087585,0.13260380661761337,4.0,15.0,0.0,421.1274092137168,0.009275371675803955,0.990724628324196,0.06356597129365069,0.9364340287063493,-0.07397098105608874,-1.6197108896132175,-0.28643525659121255,0.12044824753287149,-2847.353914047001
12,-417.3011365285551,0.7950316367122838,0.14315701925752378,5.0,31.0,0.0,422.50472992397806,0.32418663524712815,0.6758133647528719,0.5631999419709924,0.43680005802900757,-1.5675597099796554,-1.7873207629050993,0.6351196353550509,0.06673060775005611,-2857.2065543000544
13,-414.24629962738135,0.9896442442885843,0.12360106967730566,4.0,23.0,0.0,417.69947059106596,0.4616404956837234,0.5383595043162765,0.5717048116013528,0.4282951883986472,-1.4943475375914577,-1.622609234254794,0.32250232660223077,-0.2551429705752381,-2837.827768625296
14,-418.7468957205251,0.9477391986389077,0.14153344395467612,3.0,15.0,0.0,421.85655078686625,0.9571597143193707,0.04284028568062925,0.0827007317244369,0.9172992682755631,-2.073281968704192,-1.6064225808078518,-0.04643078879733112,1.7648784119127883,-2844.0919543818304
15,-420.2495825026322,0.9646335474769148,0.13260380661761337,3.0,7.0,0.0,421.2029123101567,0.014680287214234143,0.9853197127857659,0.061659081591773426,0.9383409184082265,-0.15068234688734466,-1.5320094507760564,-0.25836824473137526,-0.011818630071149958,-2851.9302182049078
16,-415.1424663364872,0.9899783513581984,0.14315701925752378,3.0,15.0,0.0,418.28970730159404,0.15158553670719987,0.8484144632928001,0.5090634083522693,0.49093659164773074,-1.410335562071038,-1.7994878238304102,0.6004105384190823,0.033732196251999885,-2839.130578825262
17,-415.47428969379945,0.9990458263511874,0.12360106967730566,5.0,31.0,0.0,417.1719813675145,0.3354840308384624,0.6645159691615377,0.10974403426862128,0.8902559657313787,-1.3431881976577935,-1.671584012509032,-0.4190772614119035,0.3312703802814782,-2839.3436792735956
18,-420.575700456977,0.8507629945862952,0.14153344395467612,3.0,15.0,0.0,425.9192291812297,0.9271742411117171,0.07282575888828291,0.03791250164465389,0.9620874983553461,-2.1277301965038804,-1.6738501483543076,-0.11701416033101403,1.7157262348827413,-2854.861102869557
19,-422.67561960070657,0.7118548502283069,0.13260380661761337,4.0,23.0,0.0,427.2642631655074,0.015608653794091078,0.984391346205909,0.003814799366514247,0.9961852006334857,0.5466173366902172,-1.646216889350309,0.31068479889301753,-0.09389214303715457,-2849.7115375632034
20,-417.26268705464867,0.9560203908929997,0.14315701925752378,5.0,31.0,0.0,418.44972086927925,0.028105674468714256,0.9718943255312857,0.45015293934261724,0.5498470606573828,-1.7602507136029575,-1.544770559934208,1.718379959287098,-0.001551701360377685,-2840.54777596152
21,-417.3654162339763,0.9291581717425949,0.12360106967730566,4.0,15.0,0.0,418.8297732424343,0.5840552362314565,0.4159447637685435,0.06034240505495741,0.9396575949450426,-1.6098213608811562,-1.41352238469878,-0.08878482100605842,0.40489026835602737,-2849.3476476864894
22,-419.6625167019733,0.9961779017212881,0.14153344395467612,5.0,31.0,0.0,422.2136010731331,0.9720632579052282,0.027936742094771816,0.9807825628654006,0.019217437134599447,-1.5011525465178415,-1.0802207873809588,0.005509006115267404,1.606761424481419,-2841.399942585811
23,-424.48006567765304,0.8458290604380871,0.13260380661761337,3.0,15.0,0.0,433.83467037664866,0.0032150678998989013,0.9967849321001011,0.04490646517922431,0.9550935348207756,1.2797126796813214,-1.5811961733847015,-1.0712759560383018,-0.017654435794764223,-2866.2148336882137
24,-414.5047242967213,0.912307407405379,0.14315701925752378,5.0,31.0,0.0,419.91761810359543,0.7068355067464122,0.29316449325358784,0.2399189295075811,0.7600810704924189,-1.353684028277149,-1.62270884058651,0.13415061293697617,-0.20059935130558654,-2836.762794742907
25,-414.6170351674972,1.0,0.12360106967730566,5.0,31.0,0.0,418.04878316120966,0.27451481199317096,0.725485188006829,0.3655918663497101,0.6344081336502899,-1.8000608811022452,-1.480347243117436,-0.4340107144684864,0.17957243580000348,-2837.9513541543
26,-418.9083969029836,0.976544417947871,0.14153344395467612,4.0,15.0,0.0,422.1067840673578,0.9885958878507569,0.011404112149243084,0.11468786730607569,0.8853121326939243,-1.752937219233385,-1.5360681506453042,0.11754409991127843,1.7204511199680768,-2839.6748004846518
27,-419.94424999079973,0.9884363058968315,0.13260380661761337,5.0,35.0,0.0,425.6984357243217,0.9559589785662845,0.044041021433715466,0.00634496950381975,0.9936550304961802,-0.4683793776146839,-1.5410632727258777,0.16956724961818864,-0.23216912101093612,-2841.681308856168
28,-415.71586709940806,0.9649479365898727,0.14315701925752378,4.0,15.0,0.0,416.2655658771233,0.4155295037887981,0.584470496211202,0.3065456846105488,0.6934543153894512,-0.9356615643062024,-1.7927130941003926,0.34983472340227667,-0.2646464253861504,-2847.493777610661
29,-415.8679292548343,0.7635416370263071,0.12360106967730566,4.0,15.0,0.0,417.09211036969873,0.3381406273398102,0.6618593726601898,0.2578727082446484,0.7421272917553516,-1.586980495297036,-1.611868775765016,-0.3411641942334425,0.4646098497855179,-2846.245923383779
30,-418.98596300690434,0.910434277484372,0.14153344395467612,4.0,15.0,0.0,421.42061686272245,0.9671674228130986,0.03283257718690136,0.39301410343911464,0.6069858965608854,-1.6171226854017806,-1.4598318974291538,-0.09742356136308053,2.305109976919699,-2851.8283149292697
31,-418.5352351278968,0.9119025406978333,0.13260380661761337,5.0,31.0,0.0,422.93064655864595,0.8843267205686938,0.11567327943130623,0.154743520366092,0.8452564796339079,-0.5613682366665623,-1.7384926061452952,0.14216431522606335,-1.3412925661900568,-2856.8861042242015
32,-416.74766808342247,0.8954263145332936,0.14315701925752378,4.0,15.0,0.0,421.5844916576361,0.2902896307482461,0.7097103692517539,0.08225789930507135,0.9177421006949287,-1.6823580781362175,-1.550682280470856,-0.3637667498079007,0.4165076333896931,-2845.246134420144
33,-414.52930414099274,0.9676751323347188,0.12360106967730566,4.0,31.0,0.0,417.1458011629762,0.6309490864157774,0.3690509135842226,0.3155837538044921,0.6844162461955079,-1.480280480822409,-1.6428917377319514,-0.12993713119614803,0.19353215244390534,-2838.544127883193
34,-418.65669000279786,0.9713303067105993,0.14153344395467612,3.0,7.0,0.0,420.3060403308698,0.958055967833607,0.041944032166392975,0.28465556835943484,0.7153444316405652,-1.696859387844679,-1.444016609088681,0.053671147929306315,2.293014883027502,-2849.9518757822852
35,-421.4067530872746,0.8800505753052529,0.13260380661761337,5.0,31.0,0.0,422.4426231208164,0.9818299789646754,0.018170021035324613,0.00471784350452188,0.9952821564954781,-0.07037818592275631,-1.6635179091966152,0.0032277515536916906,-1.163259994423353,-2842.5663213675703
36,-415.77794722463466,1.0,0.14315701925752378,4.0,15.0,0.0,418.5128130898754,0.7499562621088173,0.2500437378911827,0.0675407725996369,0.9324592274003631,-1.7629621573439274,-1.5854092371345851,0.06159490022403191,0.006972793283286982,-2836.572711173335
37,-416.517745817615,0.8992562033205792,0.12360106967730566,5.0,31.0,0.0,417.50677069104705,0.7374677645423448,0.26253223545765525,0.8697468230124031,0.13025317698759686,-1.569264570475033,-1.3368621848897233,-0.015523901832498127,-0.27589504369051665,-2847.0813112249475
38,-419.623345137783,0.6772462471066671,0.14153344395467612,3.0,15.0,0.0,421.7990284897492,0.983070522353605,0.016929477646394964,0.4270643018666377,0.5729356981333623,-1.5524292061136642,-1.8467199401429728,0.0808666345140496,2.3292558234033063,-2850.9219339748456
39,-421.3543605649945,0.8591750868296733,0.13260380661761337,5.0,63.0,0.0,426.3031458085756,0.9947867973474073,0.00521320265259273,0.37235359463726964,0.6276464053627304,-2.0593584497146447,-1.102204101985737,0.10109433470822755,-1.975641955347898,-2856.1339230250874
40,-414.71385481820676,0.9911126870877822,0.14315701925752378,5.0,31.0,0.0,416.4660927917457,0.31409021065175347,0.6859097893482465,0.1957544985000068,0.8042455014999932,-1.330283020908782,-1.6414949988159129,0.3203371855376831,-0.13021036210068124,-2837.4092480198888
41,-415.23511929115887,0.9623161234142346,0.12360106967730566,4.0,15.0,0.0,417.21581937418125,0.1969459903108304,0.8030540096891696,0.602347796903367,0.39765220309663296,-1.8330985357676703,-1.1922329340854725,0.5670720861166826,-0.12161310510071888,-2841.3124676608054
42,-420.4556824056175,0.7627661736325124,0.14153344395467612,4.0,27.0,0.0,424.28688796148475,0.927640405892729,0.072359594107271,0.9589603165556736,0.0410396834443264,-1.3936351323362282,-1.443548036683509,0.10291942580314538,1.0323152254927361,-2858.9924830768555
43,-420.62138899029014,1.0,0.13260380661761337,4.0,15.0,0.0,421.85696171734327,0.9964438661499471,0.003556133850052934,0.47528889873595787,0.5247111012640422,-2.063477764997937,-1.1558804776359395,0.08379458955772998,-2.041161093287719,-2848.544725562189
44,-417.504727235471,0.7136618396987531,0.14315701925752378,4.0,15.0,0.0,420.12781629421727,0.6270756348186728,0.3729243651813272,0.674924324896497,0.325075675103503,-1.897315406082392,-1.1480753480904604,-0.30546625375013137,0.19504865190342266,-2859.145143564894
45,-415.5602595748013,0.8964515500618874,0.12360106967730566,5.0,31.0,0.0,416.9582604427418,0.16435143684079517,0.8356485631592048,0.352525739071905,0.647474260928095,-1.3257611094123165,-1.6857640149340465,0.3890767411365369,-0.1344777228468937,-2842.5519549421037
46,-419.061372505255,0.9940904255122708,0.14153344395467612,3.0,15.0,0.0,421.75728697278277,0.9359397926068269,0.06406020739317309,0.8281577083509896,0.17184229164901044,-1.675679330178262,-2.12076229538741,-0.08214338609874246,0.8250139797209978,-2854.9641386467683
47,-419.2166828433516,0.8736580200663571,0.13260380661761337,6.0,63.0,0.0,424.9625352696415,0.8615324468724909,0.13846755312750914,0.9054176360229784,0.09458236397702158,-1.519434357715674,-2.1775632202599997,0.19243964494302848,-1.5033460726963541,-2856.1111315976027
48,-415.7840051969324,0.9011312988429321,0.14315701925752378,4.0,15.0,0.0,419.96307273874675,0.8324385888873292,0.16756141111267076,0.634962101876714,0.365037898123286,-1.6897294393634303,-1.7142808540232908,0.013462902980321045,0.34788609626024625,-2843.320948996302
49,-415.6897739559373,0.9993948724772693,0.12360106967730566,5.0,31.0,0.0,416.40402736996674,0.9384844777364486,0.06151552226355139,0.5935184775659205,0.40648152243407953,-1.7492240538793733,-1.2974504313274755,0.09407082504229781,-0.4324716709425659,-2837.6957492872507
50,-416.2326034108961,0.8156767709647165,0.14153344395467612,4.0,15.0,0.0,422.28104428386655,0.4523298072292463,0.5476701927707537,0.23490823623538673,0.7650917637646133,-2.0388126650731175,-1.337856222902223,-0.4897573775868393,0.38297548193755226,-2848.2693065066214
51,-421.0147766829266,0.9986381657177731,0.13260380661761337,4.0,15.0,0.0,422.3255084124477,0.997088272915123,0.0029117270848769694,0.14743256735430108,0.8525674326456989,-2.2497736010539873,-1.5864816265683255,0.025777503697119987,-1.8264721229681566,-2844.1617235111457
52,-417.29346033472063,0.9043959249557744,0.14315701925752378,3.0,7.0,0.0,422.3755401308522,0.809918580490777,0.19008141950922297,0.49524554393628945,0.5047544560637105,-2.06493135446583,-1.0464585018237103,0.13206952641117287,0.0798658878352484,-2855.4111119436993
53,-416.02354067175247,0.9415182446726593,0.12360106967730566,3.0,7.0,0.0,417.7078360839642,0.9570579739710215,0.04294202602897845,0.6704614612610424,0.32953853873895755,-1.6545804205112356,-1.3516955384348959,0.04521404050235822,-0.17313483606699664,-2837.3418429104977
54,-416.3305453868866,0.883047898666583,0.14153344395467612,4.0,15.0,0.0,418.3246522556184,0.4394921180561181,0.5605078819438819,0.12430339968197335,0.8756966003180267,-1.7696293593029417,-1.6906367678059737,-0.25489223319632426,0.17981475143502934,-2845.6555853645355
55,-418.19783537754705,0.9706845347313994,0.13260380661761337,4.0,31.0,0.0,423.8183643057678,0.985230968901599,0.014769031098400998,0.6092149628448976,0.3907850371551024,-1.4123264680164858,-1.5102156847074075,0.06002671660685548,-1.2361316641868838,-2844.6597082828607
56,-417.05601659722345,0.8225660403518734,0.14315701925752378,4.0,15.0,0.0,419.8411169853137,0.6644539673840998,0.3355460326159002,0.9208510723971232,0.07914892760287684,-1.4689563629819287,-2.1287445302343038,-0.2494176770090767,0.2828291869358507,-2846.5643832643455
57,-415.5303194673654,0.9440046707370902,0.12360106967730566,4.0,15.0,0.0,418.2281426024715,0.7528097545657623,0.24719024543423773,0.3389564471932899,0.6610435528067101,-1.9879456503347321,-1.438452084060133,0.049454992013403136,-0.27023902192976273,-2843.1691577513366
58,-415.6331274878591,1.0,0.14153344395467612,4.0,15.0,0.0,417.7117223068759,0.3478485784742419,0.6521514215257581,0.22810149183740155,0.7718985081625984,-1.7648587627734098,-1.3992367520213658,-0.4178704270008744,0.19153112455009014,-2844.28417875933
59,-416.1401623516437,0.9942905730324291,0.13260380661761337,4.0,31.0,0.0,420.8881869843986,0.33447555653837674,0.6655244434616232,0.14917841340975865,0.8508215865902413,-1.074346591154655,-1.7854337591708012,0.3287794762162186,0.03690321255024734,-2846.1139492516427
60,-416.50558448355207,0.9550101147193236,0.14315701925752378,4.0,31.0,0.0,418.53079906225906,0.21911201069558353,0.7808879893044165,0.1797527829363983,0.8202472170636017,-2.1629990971574937,-1.3997327550435401,-0.19616626678114124,0.26981910476245236,-2845.871725441916
61,-415.6000263353149,0.9995129641542067,0.12360106967730566,3.0,15.0,0.0,417.4144950423968,0.8504229947665687,0.14957700523343131,0.20855166365787267,0.7914483363421273,-2.018733579631068,-1.4468840734775335,0.18749888031988698,-0.666974664181824,-2838.43467551128
62,-417.41764744336535,1.0,0.14153344395467612,4.0,15.0,0.0,418.878678899901,0.015995439762519645,0.9840045602374804,0.7178715227898942,0.2821284772101058,-1.6401560769838812,-1.2490964680558772,-1.3257975183585273,0.09567007836456022,-2838.514476487357
63,-414.74500252102126,0.9780970883637153,0.13260380661761337,3.0,15.0,0.0,419.3696512072217,0.840768942377452,0.15923105762254797,0.5627943655487475,0.4372056344512525,-1.5791845737305357,-1.5598459595931773,0.20391340770685137,-0.6432766334634781,-2836.7331287185375
64,-416.3852939820489,0.9935986903973444,0.14315701925752378,4.0,31.0,0.0,417.8935926409828,0.8824146296279137,0.11758537037208627,0.7633738027296958,0.2366261972703042,-1.3469429311781647,-2.0101991139108533,0.03657932924039324,-0.302164944155667,-2843.680070821999
65,-415.3086757259102,0.9953605347605173,0.12360106967730566,5.0,31.0,0.0,416.42165875724555,0.18467773359718104,0.815322266402819,0.81360194801518,0.18639805198481996,-1.6256115577886807,-1.6477951766169827,0.3041198531556727,-0.04251697386631404,-2838.035290976617
66,-416.1039012388671,0.9658815343983777,0.14153344395467612,4.0,31.0,0.0,418.5358757421809,0.8128623977356636,0.1871376022643364,0.21157644808521425,0.7884235519147857,-1.257574606227598,-1.5905624594231442,0.11268164172447107,0.4636229032311227,-2845.21825776066
67,-414.35549661982003,0.9467625996668313,0.13260380661761337,5.0,31.0,0.0,415.8311074665578,0.37017853033747544,0.6298214696625246,0.3457991474085835,0.6542008525914165,-1.3915385822460282,-1.69532742895725,-0.17327509863239704,0.27485694344271927,-2837.6966064583326
68,-416.6169152545002,0.991438863101459,0.14315701925752378,4.0,15.0,0.0,417.39315501888046,0.573127944576469,0.426872055423531,0.8195482009684473,0.18045179903155273,-1.597402852313573,-2.06264514666401,0.45528610588594043,-0.520246714757381,-2848.6697645082627
69,-415.94856104386963,0.9198887397412784,0.12360106967730566,5.0,31.0,0.0,417.06649780104067,0.26069347911883867,0.7393065208811613,0.33956948795852343,0.6604305120414766,-1.8794280002017156,-1.4975189969872011,0.7577412757765689,-0.2781087223242503,-2846.0219579181917
70,-414.9066373832876,0.9349892841045184,0.14153344395467612,4.0,31.0,0.0,417.55687227608456,0.7081016528513069,0.2918983471486931,0.22162550892744837,0.7783744910725516,-1.4746257666092426,-1.554865131274868,-0.1608795398096008,0.6335856883105903,-2838.7100931411733
71,-415.61736101207737,0.9878816678251998,0.13260380661761337,4.0,31.0,0.0,416.49993387737084,0.5629856616411827,0.4370143383588173,0.47028304396527426,0.5297169560347257,-1.901312259065494,-1.2492514918962345,-0.14483582498154265,0.5643408947851402,-2846.933615307758
72,-417.4792641195382,0.941567990252322,0.14315701925752378,4.0,15.0,0.0,419.4492911596147,0.7460724558777544,0.2539275441222456,0.9777614146127731,0.022238585387226895,-1.5004087372676893,-2.4630062209059984,0.14971636034690414,-0.32894061318883105,-2838.6120201595263
73,-419.7960168400728,0.8685679604597256,0.12360106967730566,3.0,7.0,0.0,421.592771772817,0.22516385154363266,0.7748361484563673,0.2931857527180303,0.7068142472819696,-2.2646397366901216,-1.131775573970466,0.5674088948972718,0.10784418997025166,-2871.092178675412
74,-415.73203035621975,0.9188915704594403,0.14153344395467612,5.0,31.0,0.0,416.665734228904,0.6472418171528582,0.3527581828471418,0.20291217917282353,0.7970878208271764,-1.5223826368559938,-1.4833006534496957,-0.15933406852972312,0.6650186811806594,-2844.6831626854187
75,-415.18453498883645,0.988990998526069,0.13260380661761337,5.0,31.0,0.0,417.15205467560975,0.2788483858951528,0.7211516141048472,0.16386349134534656,0.8361365086546535,-1.0658677174311089,-1.73585876604239,-0.1308279220742421,0.10979645884459374,-2839.574766823767
76,-417.1146692006735,0.6710517322219081,0.14315701925752378,4.0,31.0,0.0,420.54935286154546,0.5977650974532082,0.40223490254679184,0.8500460060738969,0.1499539939261031,-1.5047057031446534,-2.662567476557955,-0.11774064339302233,0.365665957516156,-2849.0475655835353
77,-418.5237242456798,0.939303439328083,0.12360106967730566,5.0,31.0,0.0,422.5574486401795,0.035808168543202165,0.9641918314567979,0.48008128198402283,0.5199187180159772,-1.4732241174585292,-1.4309802010174741,0.5495246636093196,-0.10737985076396372,-2854.307602745911
78,-415.49709015902,0.9378621075623298,0.14153344395467612,4.0,23.0,0.0,417.7990405258364,0.5886075178813092,0.41139248211869084,0.3919040665448367,0.6080959334551632,-1.2290101299491392,-1.6204663352994606,-0.1774284277512259,0.1814635232139875,-2846.8215340124175
79,-415.0728655860016,0.9616917071925629,0.13260380661761337,4.0,15.0,0.0,416.9881768153428,0.17690513464631655,0.8230948653536835,0.22459884558511226,0.7754011544148878,-1.5086659416970436,-1.6057664192006913,0.021175433959728367,0.005315187665129804,-2837.64609271781
80,-417.8983228732203,0.5982595324036047,0.14315701925752378,4.0,23.0,0.0,423.0244106479042,0.5240584830572326,0.47594151694276743,0.8152118563640951,0.1847881436359049,-1.3120371725570088,-2.3078744958502453,-0.49042072651530794,0.5490587334861,-2857.5183125505932
81,-415.24032998324947,1.0,0.12360106967730566,4.0,27.0,0.0,419.62894587133206,0.2770420435852346,0.7229579564147655,0.6672151660630664,0.3327848339369336,-1.645565908929813,-1.7565840210162391,0.17881061631143752,0.03966538810845745,-2841.844030458268
82,-416.02134997919916,0.786778979936899,0.14153344395467612,4.0,15.0,0.0,418.554112426713,0.4444403346385764,0.5555596653614236,0.29809249070709365,0.7019075092929064,-1.1950495643211096,-1.5645841644581062,0.03673849589877054,0.2668289959404003,-2849.896325108385
83,-417.440234231624,0.7394064300957262,0.13260380661761337,3.0,11.0,0.0,419.5680622403423,0.7921445192281954,0.2078554807718046,0.24456302664606921,0.7554369733539308,-1.2193942339902462,-1.651372455494853,-0.2641081691297319,0.3501241441239575,-2855.6438082933178
84,-420.3260174911705,0.9163930405629442,0.14315701925752378,4.0,15.0,0.0,425.16603298736334,0.016087001567387325,0.9839129984326127,0.982901153616829,0.01709884638317105,-1.5509689324786013,-2.4574178658704042,-0.7785342088431828,0.005403942199261796,-2838.830078217473
85,-415.251862119311,0.9679458878979023,0.12360106967730566,5.0,31.0,0.0,417.72433273362566,0.37692616180890326,0.6230738381910967,0.6373377503862342,0.3626622496137658,-1.2942139924328413,-1.8101881262659008,-0.049664542740697606,0.20996994682785095,-2844.016354732069
86,-415.40446461198127,0.9471945442525761,0.14153344395467612,3.0,15.0,0.0,418.30027291235984,0.7318344790395637,0.26816552096043633,0.6042219994172185,0.39577800058278145,-1.5706135777718822,-1.3745661447598507,0.3349623419653097,-0.33913354695090964,-2844.4234091247445
87,-415.0837918306463,0.9999261022189776,0.13260380661761337,4.0,23.0,0.0,418.1748591194479,0.5798508112713907,0.4201491887286093,0.5921476826155156,0.40785231738448435,-1.666985284422973,-1.4261838568067442,0.25169282728251385,0.07455630707692035,-2843.5124869393835
88,-417.4914434695604,0.99462838631606,0.14315701925752378,4.0,15.0,0.0,420.92574374987765,0.4399422753405441,0.5600577246594559,0.8903430465051297,0.10965695349487026,-1.5125497518288353,-2.6602897009233235,-0.32364955855002936,0.5081982274223457,-2849.7811370085146
89,-415.1581516840035,0.7428358053787137,0.12360106967730566,2.0,7.0,0.0,419.88724734734154,0.15809677422776186,0.8419032257722381,0.580750673472475,0.419249326527525,-1.3815128330822533,-1.8927231364735848,-0.14610801968097467,0.04812732125869129,-2839.359999766176
90,-415.17174608598606,0.8282175442131773,0.14153344395467612,4.0,15.0,0.0,419.36298944629283,0.17814134495311199,0.821858655046888,0.6672631152738528,0.33273688472614715,-1.3568150280212767,-1.878993510412873,-0.24958329701611848,0.1616724125583352,-2839.521972822915
91,-417.60369019769024,0.9247933765482083,0.13260380661761337,5.0,63.0,0.0,418.8646590061112,0.01954272424290306,0.980457275757097,0.46463628508286947,0.5353637149171305,-1.7318480252605284,-1.3687929984369993,-1.833744736911758,0.04193968199741359,-2840.6612388495473
92,-416.31055772272214,0.9897315820621649,0.14315701925752378,4.0,15.0,0.0,419.42093123067315,0.19308491484957438,0.8069150851504256,0.8858817226454639,0.11411827735453606,-1.5066261146265119,-2.0631816018866385,-0.22738182364580495,0.011649840540114899,-2841.418055821009
93,-415.38608071160854,0.99709687745977,0.12360106967730566,5.0,31.0,0.0,416.6618050111987,0.8828605004014367,0.11713949959856329,0.4909297805442815,0.5090702194557185,-1.5189373391671839,-1.651805982848656,0.027498600968356317,0.9009025162780891,-2839.0838103652773
94,-414.88605656658706,0.9983387301340616,0.14153344395467612,4.0,15.0,0.0,417.2833144900282,0.4121464515435087,0.5878535484564913,0.29196610539710227,0.7080338946028977,-1.230165693301283,-1.728129397355516,-0.31048110943439344,0.16837422211295358,-2841.256184243626
95,-417.50903333185164,0.9969313759844015,0.13260380661761337,5.0,31.0,0.0,418.6851756705521,0.014459983168059447,0.9855400168319406,0.596772532189803,0.403227467810197,-1.635073433543938,-1.4695231240204363,-1.8661260636109704,0.07718292208539007,-2837.660660679949
96,-417.52663736539006,0.9490288562817866,0.14315701925752378,5.0,31.0,0.0,420.6398684194951,0.9036216298660453,0.09637837013395467,0.9717840417791463,0.028215958220853654,-1.6003624144068433,-0.32462849500896673,0.06551698355552478,0.629649994039199,-2839.819076637832
97,-415.20670645203364,0.9419726496781125,0.12360106967730566,4.0,31.0,0.0,418.23130397007867,0.6957570614313004,0.30424293856869955,0.13657734120334322,0.8634226587966568,-1.429396865936545,-1.6427114195468429,-0.1911088465572862,0.5532490718188587,-2838.263824399524
98,-414.94919291114434,0.980736562195547,0.14153344395467612,4.0,15.0,0.0,416.4579418209877,0.18089571827871037,0.8191042817212897,0.3847021781217757,0.6152978218782243,-1.4669518221757807,-1.64539647978771,0.3890211626393312,0.07516106378389423,-2838.8929444064775
99,-416.99636529404376,0.9689695575673863,0.13260380661761337,4.0,15.0,0.0,418.42470307015947,0.03674489639099171,0.9632551036090082,0.5864409323737776,0.4135590676262224,-1.513733327295072,-1.654328764643597,-1.8015772664186227,0.10156911256591082,-2840.48976622458
100,-418.9156806615784,0.8985865114286802,0.14315701925752378,5.0,31.0,0.0,420.06425869010354,0.20091935765854527,0.7990806423414547,0.9498065279741872,0.05019347202581281,-1.5992330429005417,-0.20884753303992645,1.2270310357126624,-0.13411872909352968,-2856.5472805664604
101,-414.51437832845534,0.9941283232715691,0.12360106967730566,4.0,15.0,0.0,416.0499839127429,0.3547422247443719,0.6452577752556281,0.23901274912076742,0.7609872508792326,-1.3828994933151268,-1.6555052259576246,0.07607057534193429,0.10616658799420381,-2837.3726465606196
102,-416.28831490224474,0.7687555324037045,0.14153344395467612,3.0,15.0,0.0,418.32722133957054,0.21618085287671987,0.7838191471232802,0.4711160441933123,0.5288839558066877,-1.5376004995191512,-1.3296296835751675,0.24201806792377162,-0.08301062387492585,-2850.131274142078
103,-415.91027647685934,0.8452745368811447,0.13260380661761337,5.0,31.0,0.0,422.3746633071638,0.4586273829144713,0.5413726170855286,0.8015432791678307,0.19845672083216925,-1.6661518335054843,-0.8189715407743805,0.025233298016200792,0.24518631674074481,-2847.6549018549917
104,-419.78803411742354,0.7255275723624376,0.14315701925752378,3.0,7.0,0.0,421.2337177250823,0.1269208425168219,0.8730791574831781,0.9332424486609706,0.06675755133902939,-1.7414403587281735,-0.3205030930902888,0.9806109924421038,0.1335077640094697,-2861.8691302728857
105,-416.5533734885977,0.9967153862619391,0.12360106967730566,5.0,31.0,0.0,417.1109890995999,0.42476870499930586,0.5752312950006941,0.02222972051215422,0.9777702794878458,-0.2736609952440151,-1.65260888059394,-0.11611672712240242,0.19482765849888448,-2838.798629701761
106,-417.48937768925566,0.9956004583756864,0.14153344395467612,4.0,31.0,0.0,418.396715855153,0.10803791818994256,0.8919620818100574,0.9404606784884851,0.059539321511514864,-1.5301308722264955,-2.129205843626517,1.040511747773512,-0.12097166230084441,-2840.9577265108887
107,-414.37564032662965,0.977654156049649,0.13260380661761337,3.0,15.0,0.0,420.01497999920315,0.6278202456614959,0.37217975433850414,0.6747340159402893,0.32526598405971074,-1.5947008033063643,-1.4523439334442063,0.15929533617379102,-0.25235462060128744,-2837.7924431416172
108,-419.313986923082,0.9897800832446566,0.14315701925752378,5.0,31.0,0.0,421.79314025122244,0.10147607898645146,0.8985239210135485,0.4153311043155582,0.5846688956844418,-1.3329525489767486,-2.0352402385256587,1.1354959774963722,0.09610210546932277,-2863.9654928284085
109,-416.6051827454338,0.9004399157315034,0.12360106967730566,5.0,31.0,0.0,419.96239744946723,0.7998724178448353,0.20012758215516468,0.02833582987465234,0.9716641701253477,-0.919120967850243,-1.5511428359738526,-0.005072239451710766,0.3767688964596438,-2837.4061083693755
110,-417.38657416147424,0.9009810044363085,0.14153344395467612,4.0,31.0,0.0,423.66615575706527,0.3064454306102586,0.6935545693897414,0.9785543327840124,0.02144566721598762,-1.6564583030195412,-0.2856152441555832,-0.48560884132024956,0.38108328046924367,-2843.047033314799
111,-416.4925340538595,0.8144997486237188,0.13260380661761337,2.0,7.0,0.0,417.09898297270263,0.5774856461594375,0.42251435384056246,0.5792579609617147,0.42074203903828533,-1.409736028196887,-1.3659143992729248,0.20369304693278098,-0.22635552169771442,-2854.1253409385804
112,-420.52555743758575,0.8460662862032119,0.14315701925752378,5.0,31.0,0.0,423.9728914106832,0.9355051619530577,0.06449483804694234,0.051569989880889046,0.948430010119111,-3.1220639037151234,-1.5328346126564578,0.08915909834850372,1.4962822932413387,-2852.2604862324015
113,-415.4701076006098,0.9296105336140703,0.12360106967730566,5.0,31.0,0.0,420.69249297112356,0.3030179469535196,0.6969820530464804,0.8045117563948063,0.19548824360519368,-1.4974718352955032,-2.084985404448955,-0.17577535970250285,0.2643274328602699,-2840.669848259716
114,-416.65312157373376,0.9519533711100814,0.14153344395467612,4.0,15.0,0.0,421.54879821358736,0.4130567948598016,0.5869432051401984,0.8317936249652016,0.1682063750347984,-1.5251181905739482,-0.8352183388517807,0.04363036066870739,0.051660918601947756,-2852.1490950223038
115,-416.21462780284014,0.9228975466526713,0.13260380661761337,3.0,7.0,0.0,419.64529904011425,0.8540674326008285,0.1459325673991715,0.292189795678028,0.7078102043219721,-1.5109550699993726,-1.4477236634081994,0.25433370414861206,-0.5193323561989646,-2845.7684689929893
116,-420.71096924703704,0.8446752616188542,0.14315701925752378,3.0,7.0,0.0,422.71110208937284,0.9154769360792481,0.08452306392075193,0.03324208400248092,0.966757915997519,-2.9403210147733683,-1.4181487904230259,-0.049559742504386356,1.5330124709471606,-2853.5110226402353
117,-415.6505161702894,0.9660781429465388,0.12360106967730566,4.0,31.0,0.0,418.13138451798983,0.9002467188695372,0.09975328113046278,0.7200985129297481,0.27990148707025186,-1.5647002682804434,-1.334857081002662,-0.014582252090252733,0.7005224114545059,-2839.4228275538294
118,-415.3237714464559,0.9850756742029897,0.14153344395467612,3.0,15.0,0.0,418.8353068021701,0.38299665108378356,0.6170033489162164,0.6813277373600117,0.31867226263998827,-1.7724745187998578,-1.3734566646455857,0.6283045533523098,-0.27647959739263717,-2843.691097125059
119,-417.3272255338135,0.9331711202682007,0.13260380661761337,2.0,7.0,0.0,418.864148297024,0.8510485051083092,0.1489514948916908,0.3136466733167594,0.6863533266832407,-1.5540226191536874,-1.438962142461141,0.35625701713518526,-0.6107310885546635,-2853.612806937864
120,-416.9251878116231,0.7470178233028903,0.14315701925752378,4.0,15.0,0.0,424.4065609902673,0.9750523613569984,0.024947638643001646,0.5948942955579136,0.4051057044420864,-1.4728097663233912,-1.701470314826838,-0.03323768428884909,1.2881584399590738,-2838.7101903683906
121,-416.0216589565477,0.9996133556869417,0.12360106967730566,3.0,7.0,0.0,416.3276171442822,0.874574567853056,0.12542543214694402,0.7890681497193862,0.2109318502806138,-1.6614049533567545,-1.4071072545124297,-0.06544173279401252,1.1339893908829768,-2840.9156996011484
122,-414.8185971010672,0.9959686862608081,0.14153344395467612,5.0,31.0,0.0,416.7093969843631,0.6199245163913933,0.38007548360860666,0.2584514968944546,0.7415485031055453,-1.2971655191063831,-1.613199546292071,-0.2675141746853096,0.5100381977630226,-2840.081431502562
123,-418.67942093116096,0.9229182551108442,0.13260380661761337,3.0,15.0,0.0,422.5034518164859,0.9407362686941813,0.059263731305818745,0.31458778090495265,0.6854122190950473,-1.3679898492222058,-1.4052229860453098,0.0027629015969503345,-0.7045566777069173,-2857.845683248701
124,-416.3672175489897,0.9945962476464008,0.14315701925752378,3.0,15.0,0.0,418.7557765154592,0.9214057091591581,0.07859429084084191,0.6890286756264421,0.3109713243735579,-1.377281040927771,-1.9979559444868091,0.0730955691825707,0.8074181145215065,-2841.7339864643236
125,-415.9186341793394,0.9266674430592724,0.12360106967730566,3.0,7.0,0.0,418.6932822120589,0.9074605929928525,0.09253940700714747,0.7850702709552382,0.21492972904476182,-1.6855666099853142,-1.4437141402734077,-0.04003675104962392,0.9386164940939941,-2838.645157516113
126,-415.54618603867937,0.9741082279605029,0.14153344395467612,4.0,15.0,0.0,416.6484697662697,0.6420286020164491,0.35797139798355093,0.42476927302255807,0.5752307269774419,-1.1106761948945574,-1.8586556897972208,-0.12362023579071388,0.5805658209186128,-2846.2473119666524
127,-416.8232260875891,0.9967060332608101,0.13260380661761337,5.0,31.0,0.0,420.78434237998135,0.5873719133184607,0.4126280866815393,0.4254756700324751,0.5745243299675249,-1.6409647589599712,-1.3143108188294599,-0.4319246812567979,0.6355792461574207,-2855.4644832737717
128,-420.8797128274563,0.8258606146526991,0.14315701925752378,4.0,23.0,0.0,422.72054599396057,0.048689125966344844,0.9513108740336551,0.9878582619137816,0.012141738086218434,-1.4046073739556446,-1.0587626720605163,-0.4313229167565273,0.12392061035371994,-2852.7113401661927
129,-414.94238833463925,0.9740165889112179,0.12360106967730566,5.0,31.0,0.0,416.94316110143575,0.2973716863239289,0.7026283136760711,0.549265786110858,0.45073421388914203,-1.8461973069194166,-1.1730634705838046,-0.05563885241987239,0.13416302938604288,-2841.711925593562
130,-416.74265640377615,0.9292410666220846,0.14153344395467612,4.0,31.0,0.0,418.18229255446005,0.5519126005352216,0.4480873994647784,0.6114184455653676,0.3885815544346324,-1.9189193469467984,-1.1914665803388826,0.3425847307949895,-0.5680915097035005,-2854.391937601811
131,-415.98178018269186,0.993770534522942,0.13260380661761337,4.0,23.0,0.0,418.00722339492813,0.16830717756284758,0.8316928224371525,0.10584408115008151,0.8941559188499185,-1.7436347589945327,-1.4818245694898984,0.17777214787493317,0.004436369553974195,-2839.0832689446547
132,-417.98694021464956,1.0,0.14315701925752378,4.0,31.0,0.0,421.16081193480517,0.9597608744189609,0.04023912558103915,0.03979563090322071,0.9602043690967793,-1.6313258159115442,-1.6037562239173537,-0.009457905176921955,0.9592824441717311,-2837.0092218958084
133,-415.73102776163614,0.9150823536192193,0.12360106967730566,5.0,31.0,0.0,416.6058733264238,0.2277495692539484,0.7722504307460516,0.5462756493933991,0.4537243506066009,-1.7298035175337345,-1.1356406990735588,0.01344662834163601,0.03956287864957269,-2846.428429229099
134,-419.57681901014485,0.8912828546924929,0.14153344395467612,4.0,31.0,0.0,421.0984798458223,0.9570120397720135,0.042987960227986455,0.06129299801237492,0.9387070019876251,-1.7431352515334555,-1.6345250230889665,-0.06652716929337853,-0.9366122917058597,-2850.877026048179
135,-416.2114037320065,0.9647145262025211,0.13260380661761337,4.0,31.0,0.0,417.8566124939973,0.7904821307281409,0.20951786927185911,0.1396323927845603,0.8603676072154397,-0.593846749483781,-1.653652409408102,0.07957154445042441,-0.10363093543272861,-2845.3470288477556
136,-416.2537531911944,0.9175251199240536,0.14315701925752378,4.0,31.0,0.0,423.2343259848951,0.7941862157567745,0.2058137842432255,0.3263647526583875,0.6736352473416125,-2.0993507252288626,-1.4723562311939042,0.01314735604724502,0.6021410312064799,-2846.4130570295274
137,-416.6543010707753,0.832003992452359,0.12360106967730566,3.0,7.0,0.0,417.4548652180949,0.2496010428584944,0.7503989571415056,0.5579029338782656,0.4420970661217344,-1.7225861623683654,-1.126521233282322,0.028553122405710063,0.22840564809861041,-2853.202008641024
138,-417.33624598099954,0.9882253001888609,0.14153344395467612,4.0,31.0,0.0,420.88023900211186,0.9216110532141469,0.07838894678585306,0.49224590290775616,0.5077540970922438,-1.587908296699884,-1.4360791747385724,0.05003090705833019,-1.4715644017116578,-2849.297317625235
139,-415.72447610135316,0.9495948725786592,0.13260380661761337,4.0,15.0,0.0,418.1192998776051,0.8630739535526629,0.13692604644733708,0.15460783323089933,0.8453921667691007,-1.131781147854292,-1.5903357608602937,0.0775760480036369,-0.39746288789365847,-2839.483423075674
140,-415.08055918939414,0.9850860982086833,0.14315701925752378,4.0,15.0,0.0,417.5191314713675,0.12550203884831548,0.8744979611516845,0.6474633107213945,0.3525366892786055,-1.4571485214438074,-1.7920676299368168,0.05900145335387433,0.03592309402244577,-2837.196641936181
141,-415.816955217165,0.8511100835028295,0.12360106967730566,3.0,11.0,0.0,422.08791088410055,0.35700965394968814,0.6429903460503119,0.949041318987443,0.05095868101255696,-1.6336012545367165,-1.2510192685777468,-0.20642556038807208,0.14199429066231672,-2837.562426166644
142,-423.28833567048076,0.43217255151451267,0.14153344395467612,3.0,7.0,0.0,427.4842703743965,0.9279546920611932,0.07204530793880681,0.9494423687972452,0.050557631202754805,-1.8385148703306267,-1.5194535878088025,0.2960014682449307,-1.225564848206853,-2878.0248378217952
143,-417.0675360247455,0.9610925629988454,0.13260380661761337,4.0,31.0,0.0,418.8210234596712,0.9561885636629578,0.04381143633704221,0.4499677570567475,0.5500322429432525,-1.342201931149581,-1.745939088562304,0.007622854049558345,-1.33181438963945,-2843.719540241098
144,-415.26684378356254,0.9764882395402578,0.14315701925752378,4.0,15.0,0.0,417.03458759039745,0.26565045647238206,0.7343495435276179,0.5408714682027514,0.45912853179724855,-1.8245013320045165,-1.3488966304837513,0.7933690248810602,-0.1629473949565076,-2842.6377423447493
145,-416.55580460139146,0.970567836358297,0.12360106967730566,4.0,31.0,0.0,417.42318026069864,0.8969331307903791,0.10306686920962094,0.5258052144458317,0.4741947855541683,-1.9873380084158803,-1.1202708925084173,0.0020382670584469346,0.2707139518773644,-2846.8653146047104
146,-416.89909119933446,0.9637295941506203,0.14153344395467612,4.0,31.0,0.0,427.7202534109705,0.842224375260983,0.15777562473901696,0.8321436867115243,0.16785631328847572,-1.3625745276750618,-1.9987158249659667,0.00015142859495845262,-0.1430637370079078,-2847.227596100605
147,-416.80664088714224,0.9689823288104814,0.13260380661761337,3.0,15.0,0.0,418.77770991816107,0.8255760798035774,0.1744239201964226,0.4930784726340036,0.5069215273659964,-1.5461355273664772,-1.6800483806291586,0.3812227916913279,-0.9837671749680498,-2850.771446394633
148,-417.217422764057,0.8762809751983353,0.14315701925752378,4.0,31.0,0.0,419.45645407277595,0.9313954680046022,0.06860453199539784,0.1503544120087706,0.8496455879912295,-1.0709502305500311,-1.672836112010847,-0.04242076493287851,-0.364896912457895,-2845.2990509392307
149,-416.87971533161743,0.9827089106325736,0.12360106967730566,3.0,7.0,0.0,417.1592355753733,0.9034326412107614,0.09656735878923861,0.5435138428460693,0.4564861571539307,-1.9873544344398872,-1.1251027549904322,-0.03389889254407753,0.2158466967609861,-2848.6812798016663
150,-416.54238452961766,0.9502397593934243,0.14153344395467612,4.0,31.0,0.0,418.5138547566008,0.16038755954261652,0.8396124404573835,0.8659459958952709,0.13405400410472912,-1.7939665383733447,-1.0244768344201391,0.4854119523708388,-0.011550177915814367,-2844.758748023743
151,-417.4375259845399,0.8736899732723564,0.13260380661761337,3.0,7.0,0.0,420.786762863169,0.8889759873184984,0.11102401268150164,0.48633952535608127,0.5136604746439187,-1.6191848326142588,-1.8465163518968455,0.2464875032166166,-0.7872004805474466,-2852.1832335048603
152,-418.45725052822235,0.9727604094487364,0.14315701925752378,4.0,31.0,0.0,420.92153693645247,0.13270272245068612,0.8672972775493138,0.427035970290332,0.572964029709668,-2.026950559775472,-1.2800031349424585,0.7377501838763978,0.17734485020694762,-2860.481297051767
153,-415.5226677511463,0.927978957207841,0.12360106967730566,5.0,31.0,0.0,419.51572523011,0.20011046164360713,0.7998895383563929,0.09346238335151663,0.9065376166484833,-1.648515013498286,-1.5733582698664648,0.4220211244691674,-0.030144301804229945,-2835.983577322607
154,-416.51524823669877,0.9750280233262142,0.14153344395467612,2.0,3.0,0.0,417.27802185643066,0.17647617345966582,0.8235238265403342,0.8687564993682982,0.13124350063170176,-1.7866346719503157,-1.072484039863663,0.504475171733203,-0.0734792872725951,-2844.88889966932
155,-416.5850260055622,0.9564267577998327,0.13260380661761337,5.0,31.0,0.0,422.0194942993796,0.6055737070293058,0.3944262929706942,0.9481840962643807,0.051815903735619284,-1.5556959899557394,-0.3156350677459725,0.24335276433783484,-0.06194435321719095,-2844.7310565190824
156,-420.12322207538716,0.9873412568150854,0.14315701925752378,4.0,15.0,0.0,421.00663084668696,0.0034880439727968922,0.9965119560272031,0.8048228356861186,0.19517716431388143,-1.44492923115458,-2.1857791251934837,0.8546146231594564,-0.03335590029341408,-2843.651490036316
157,-415.65809425210216,0.9873962248039898,0.12360106967730566,5.0,31.0,0.0,418.8888547708121,0.41249610554691757,0.5875038944530824,0.3954508590844206,0.6045491409155794,-1.242216120881825,-1.5692646255458103,-0.38174411455557644,0.2834936983813178,-2847.9343100787582
158,-415.56840773666573,0.8956413813245871,0.14153344395467612,4.0,15.0,0.0,419.8531523908343,0.4861612667015048,0.5138387332984953,0.7638591871472266,0.23614081285277344,-1.6273133733421785,-1.605699752910195,0.26094235144065125,-0.37356968326520723,-2844.5403327355234
159,-415.92126384830783,0.8891590576828137,0.13260380661761337,4.0,15.0,0.0,418.2672773238007,0.37060878860888347,0.6293912113911165,0.9080909948353737,0.0919090051646263,-1.6584097841400638,-0.4177353482585549,-0.26177925357048637,0.23453000646686512,-2843.2406492641526
160,-422.3896602238093,0.6682935301027345,0.14315701925752378,4.0,15.0,0.0,424.68243922100356,0.8957254725692267,0.10427452743077326,0.43644913210595626,0.5635508678940437,-1.6485559961702065,-1.2533408934547021,-0.20000614787869697,-0.4070541054515441,-2887.8177831294443
161,-415.90346987687957,0.9900597924870838,0.12360106967730566,4.0,31.0,0.0,417.66401090253373,0.12665532869749105,0.8733446713025089,0.704569435556855,0.29543056444314497,-1.5639708729233295,-1.934316282766296,-0.004395500194048621,0.08837479157664307,-2841.559308050537
162,-415.24514400911073,0.9290014239758456,0.14153344395467612,3.0,11.0,0.0,418.45041069805706,0.6102723527406445,0.3897276472593555,0.36335507838242287,0.6366449216175771,-1.794736917546849,-1.365886091780027,0.295926072327023,-0.04875375087888566,-2843.9089269696683
163,-416.24557548029225,0.8248099246765329,0.13260380661761337,5.0,31.0,0.0,419.6968435154414,0.939578966185546,0.06042103381445396,0.768380837834136,0.23161916216586398,-1.480021098410132,-1.6065000650454022,-0.010130926757565474,0.8592049443483581,-2838.824913944635
164,-419.1047046263764,1.0,0.14315701925752378,4.0,31.0,0.0,422.89391141728277,0.0417095693185508,0.9582904306814493,0.7522670555680881,0.24773294443191185,-1.5207646472463434,-1.8025031362606758,1.018366525301784,0.22256726133377844,-2855.4861823689375
165,-419.027660222472,0.49917917617760177,0.12360106967730566,3.0,11.0,0.0,422.2431566305244,0.29854041153619487,0.7014595884638051,0.9100325965325794,0.0899674034674206,-1.5598308741924192,-1.868692518976321,-0.6079249603398181,0.013759281090416131,-2861.0180213971526
166,-414.6022111108944,0.9007243386864673,0.14153344395467612,4.0,15.0,0.0,416.95287574624064,0.5824282765653456,0.41757172343465443,0.2689261363733827,0.7310738636266173,-1.6972558725933207,-1.4702956629915023,0.26928541660995875,-0.11109566655516956,-2838.540951668272
167,-414.30759717526416,0.9644521472153473,0.13260380661761337,4.0,31.0,0.0,417.32815713240404,0.46816866753120395,0.531831332468796,0.5489797710453123,0.45102022895468774,-1.5710022144417433,-1.4927667879949351,-0.31034620730495477,0.4068071771346416,-2838.4072056476634
168,-417.2833643809198,0.9730924297508992,0.14315701925752378,3.0,11.0,0.0,420.89615900573983,0.03849794291057635,0.9615020570894236,0.6082929873662756,0.3917070126337244,-1.4477988689137111,-1.5888855170042373,0.8708135846666644,-0.08904166968340109,-2845.1610644674597
169,-415.3513430805935,0.9820622511395175,0.12360106967730566,4.0,23.0,0.0,421.5026142575927,0.632779415420839,0.36722058457916096,0.4409761103691081,0.5590238896308919,-1.3063989460565828,-1.8462346884097323,-0.09062401477251238,0.024179584806471283,-2844.9664873307247
170,-417.38447413393754,0.653676017752935,0.14153344395467612,5.0,31.0,0.0,418.41205957207825,0.6127133669915374,0.38728663300846256,0.9920291380423829,0.007970861957617092,-1.6151531290943604,-0.12407286753003995,-0.12037979165936649,0.25781483814005934,-2837.484311040427
171,-415.7092389858006,0.9493767637532057,0.13260380661761337,3.0,15.0,0.0,417.1203042247579,0.7181615510530444,0.28183844894695564,0.09424862101154063,0.9057513789884594,-1.4190800785891404,-1.6805119424831043,-0.10107299862348312,0.3935589083391528,-2839.2640569402274
172,-415.77758556318156,0.9498155311420031,0.14315701925752378,4.0,15.0,0.0,419.560262126275,0.7710106206355296,0.2289893793644704,0.36296455782626696,0.637035442173733,-1.6971606181822112,-1.3207719520030194,-0.02227508283854715,0.0806883423576398,-2845.9958502999993
173,-415.7066383717467,0.9809015073028237,0.12360106967730566,5.0,31.0,0.0,416.64594726403897,0.834616410671781,0.16538358932821895,0.10277204044352645,0.8972279595564736,-1.2953097732158285,-1.5668424218882597,-0.08000402202110057,0.5533494546886687,-2837.6160884531832
174,-416.9299548886617,0.9950445975207303,0.14153344395467612,3.0,15.0,0.0,418.40819748687295,0.717010598300419,0.282989401699581,0.9826352409759994,0.017364759024000587,-1.5358074324774333,-0.7216181326126483,0.011626415950768753,0.2707747865162326,-2838.362127567251
175,-415.64676130817236,0.9878709894738145,0.13260380661761337,3.0,15.0,0.0,420.77006260317825,0.5362316398389942,0.46376836016100575,0.22586249525843885,0.7741375047415612,-2.1586642689935958,-1.5450243478838843,-0.1650108423677721,0.29366193813243546,-2843.3447924016173
176,-417.81324603640394,0.9990529331820159,0.14315701925752378,4.0,15.0,0.0,418.9412925181529,0.01433885948919889,0.9856611405108011,0.27481321228272154,0.7251867877172784,-1.4529770255966081,-1.737716995018512,0.21184584038820725,0.10621935529448784,-2841.1090520732578
177,-418.13507412662574,0.7920641870578365,0.12360106967730566,3.0,15.0,0.0,423.5597550618013,0.6425688897105708,0.3574311102894292,0.012564784587424752,0.9874352154125753,-1.181576428983941,-1.6560583243457883,0.04999653582854476,0.37473019602368624,-2844.194197449547
178,-416.53125509057173,0.9913693332230891,0.14153344395467612,4.0,23.0,0.0,419.2961452178499,0.771545796908791,0.228454203091209,0.9682949431539396,0.0317050568460604,-1.5637319280483988,-0.9334655520901197,0.00036314836218669447,0.4821757141272056,-2838.1779450655004
179,-416.0469651394935,0.9167025668137908,0.13260380661761337,3.0,7.0,0.0,418.5482617700901,0.6724457177656067,0.3275542822343933,0.1216958185145617,0.8783041814854383,-2.290512437794442,-1.40807103734456,0.07014583671562309,0.0789595323841864,-2841.8021919090716
180,-416.88217421531465,0.9770113424414539,0.14315701925752378,4.0,15.0,0.0,419.1654266205156,0.7719638260406408,0.22803617395935916,0.8484454526178957,0.15155454738210428,-1.4657227947167448,-1.351067381733954,0.23304601369465142,-0.782027979226034,-2849.5457328071425
181,-415.83087038189086,0.9538965670046377,0.12360106967730566,4.0,31.0,0.0,420.7775852409546,0.8279993518578606,0.17200064814213945,0.10142704049799263,0.8985729595020073,-1.4374543855188944,-1.558829773448836,-0.03995149424755224,0.1844381683304833,-2838.53499022215
182,-415.60741767642764,0.7881229354619467,0.14153344395467612,4.0,15.0,0.0,420.22327923745706,0.6076885285882265,0.39231147141177347,0.7160955479733365,0.2839044520266635,-1.721299068029148,-0.8841740596162175,-0.11470894939470012,0.30408626329943256,-2846.6810035548806
183,-414.25196304467175,0.9801190057628016,0.13260380661761337,3.0,15.0,0.0,417.3662973441326,0.7343076783260445,0.2656923216739555,0.46374871235198817,0.5362512876480119,-1.582586073513191,-1.5256193321923681,-0.05822063694072077,0.34768391951348265,-2836.3699699740914
184,-418.0113836720844,0.9846192711027508,0.14315701925752378,4.0,31.0,0.0,419.4801520095766,0.979489937565595,0.020510062434405008,0.8128872831331693,0.18711271686683073,-1.7051236322187435,-0.8105915867640482,0.1250127277836966,-1.0481986708873599,-2843.4790737662215
185,-417.17839044194153,0.9761310730647239,0.12360106967730566,5.0,31.0,0.0,418.7400743777344,0.16517161030931576,0.8348283896906843,0.8861546253129057,0.11384537468709433,-1.7727973711072664,-1.083680771204707,-0.162930227134599,-0.005911098251699776,-2848.484340753691
186,-419.48108554604613,0.5865464067709844,0.14153344395467612,3.0,7.0,0.0,421.5345564040303,0.5466246079490853,0.4533753920509147,0.6529957224280075,0.3470042775719925,-1.6289918010132463,-0.7534067875825676,-0.03106262152741937,0.3401756253584127,-2874.8987069416035
187,-414.8717793377941,0.9691787727415146,0.13260380661761337,5.0,31.0,0.0,415.18328862506354,0.6249253801559274,0.37507461984407264,0.5235139790322114,0.4764860209677886,-1.7979747621470878,-1.4954740225188454,-0.24736493974476612,0.47234579724567755,-2841.2518654000755
188,-418.5427800888917,0.9903030681193115,0.14315701925752378,4.0,31.0,0.0,422.66741367801995,0.25505472337205365,0.7449452766279463,0.9127003750756747,0.0872996249243253,-1.6366097721313866,-1.0861755282039842,0.5149336739925934,0.18639801019982075,-2858.653846889713
189,-414.6553826375503,0.9970050092661062,0.12360106967730566,5.0,31.0,0.0,418.0739746122526,0.582357607204791,0.417642392795209,0.21861803101126093,0.7813819689887391,-1.712597019261525,-1.6049907962383443,-0.07781850585139974,0.19437795259416918,-2837.5701942264277
190,-415.8186460654423,1.0,0.14153344395467612,4.0,15.0,0.0,421.5252163978415,0.5745225192791622,0.4254774807208378,0.7880216603985801,0.21197833960141987,-1.7146634161330514,-1.4630569472969595,0.06904837441556735,-0.21949869835813074,-2845.847982689581
191,-416.29894830008504,0.9352286135322191,0.13260380661761337,4.0,15.0,0.0,418.07425410142696,0.2928498037561732,0.7071501962438268,0.3643635661699745,0.6356364338300255,-1.3404611013913688,-1.9452199354063353,0.44270525928398535,-0.13972644606648854,-2849.705196051314
192,-416.9912530589388,0.959643240727313,0.14315701925752378,4.0,31.0,0.0,420.6759763790467,0.15114910913239937,0.8488508908676007,0.9394084142705365,0.06059158572946355,-1.6687637252917962,-0.38279218101797635,0.255240820672445,0.11089739648434528,-2843.8931114032084
193,-414.49577669227864,0.998075033933416,0.12360106967730566,4.0,31.0,0.0,416.590321686255,0.3253390065272286,0.6746609934727714,0.26718861451146336,0.7328113854885366,-1.4386618573959489,-1.559179787256892,-0.1839440526495085,0.2088600876847418,-2837.5428171765966
194,-414.27870279914436,0.8735723509236646,0.14153344395467612,2.0,3.0,0.0,418.66350986889853,0.5892292889133196,0.4107707110866804,0.7256848824041321,0.2743151175958679,-1.6252827918653217,-1.3399410990424105,0.21004618337274486,-0.19080435935361964,-2836.8854803645295
195,-414.4490477823023,0.9992190989888138,0.13260380661761337,4.0,15.0,0.0,418.7331952318143,0.6144957384358888,0.3855042615641112,0.4452211422850553,0.5547788577149446,-1.7563973559039396,-1.435183075021378,-0.25462898523617017,0.45335352489143277,-2838.629025592367
196,-417.1576035887009,0.7461491345010128,0.14315701925752378,4.0,15.0,0.0,418.4125085133909,0.842558242744265,0.15744175725573495,0.9522775655874435,0.047722434412556525,-1.7157132652625724,-0.37783644276217315,0.0046057810583507025,0.16005644067937994,-2843.6280948773287
197,-415.15953956857095,0.9898066626031526,0.12360106967730566,4.0,31.0,0.0,416.0570676279155,0.2208309683956944,0.7791690316043056,0.16661559518219657,0.8333844048178034,-1.3346286960946376,-1.5534012786802238,-0.01773981964295815,0.06629432674317388,-2838.399776761469
198,-414.4354490209292,0.9980594252492583,0.14153344395467612,4.0,31.0,0.0,415.0768845585062,0.6627987171478651,0.3372012828521349,0.7357580012591238,0.26424199874087617,-1.6564190309910392,-1.2719613345116818,0.26517646746040135,-0.305427555698894,-2837.2478438036514
199,-415.58200999865505,0.9386567179758677,0.13260380661761337,4.0,31.0,0.0,416.70858948908506,0.459912468592556,0.540087531407444,0.7810595883778486,0.2189404116221514,-1.5958314671332503,-1.767890067298819,-0.2946636582193725,0.14511262591109364,-2843.927736428706
200,-416.2833672077432,0.8804530329886651,0.14315701925752378,3.0,15.0,0.0,420.1625843042028,0.7102222809918984,0.28977771900810156,0.9205786641785186,0.07942133582148136,-1.5731645836238368,-0.6344726248488357,-0.11425245133035919,0.23089725934142352,-2844.052966580996
201,-416.5748338715362,0.659869983048902,0.12360106967730566,4.0,15.0,0.0,419.3952940148762,0.7676712006250787,0.23232879937492135,0.751478297990708,0.24852170200929202,-1.4363846427690496,-2.110715316752967,-0.13971652669379123,0.13903139579188448,-2848.435367682013
202,-415.044089399636,0.9850502859797202,0.14153344395467612,4.0,31.0,0.0,415.68265578574625,0.31393507844745344,0.6860649215525465,0.7630172784070284,0.23698272159297162,-1.563005996063542,-1.8799106492741378,0.4646366695902835,-0.05788843823218789,-2839.2529184298637
203,-414.73472445824564,0.9459335195894429,0.13260380661761337,4.0,15.0,0.0,418.1410693644379,0.4689832244547626,0.5310167755452374,0.7612209445497574,0.23877905545024258,-1.748144006658884,-1.2930940095024444,-0.2476139560971974,0.27954671408196374,-2839.3021226920573
204,-417.6630156255558,0.9842096870663349,0.14315701925752378,5.0,31.0,0.0,420.32245895450615,0.9834413179500326,0.016558682049967355,0.5214281582715912,0.47857184172840883,-1.7161075327702728,-1.4983234787435686,0.06079849838015164,2.0136512287223276,-2839.0962624718454
205,-414.581469134436,0.9842859281642735,0.12360106967730566,5.0,31.0,0.0,418.3512913161178,0.5892392776357218,0.4107607223642782,0.47968784311496454,0.5203121568850355,-1.549594180152675,-1.4368950918824308,-0.13335115171946943,0.24346201122915145,-2840.517221281223
206,-416.70033868252943,0.8754767104783515,0.14153344395467612,3.0,11.0,0.0,418.8926483253031,0.2730420398434233,0.7269579601565768,0.9719727077504274,0.028027292249572566,-1.5200228069833894,-1.6501241688448214,0.2768206481196648,0.014866346015644091,-2837.9928150501632
207,-414.7047317693212,0.9878560173505067,0.13260380661761337,3.0,7.0,0.0,415.61519720126626,0.6045907602159629,0.3954092397840371,0.8112633286471873,0.1887366713528127,-1.564435521628561,-1.3368870097573267,-0.07845524472767741,0.33633005016862283,-2838.07114646681
208,-418.83441063546644,0.8093525214456306,0.14315701925752378,3.0,15.0,0.0,420.38149706414777,0.9178622804315958,0.08213771956840421,0.2910449708791115,0.7089550291208885,-1.5885179171541355,-1.3518964824511244,-0.04761491505369156,1.6615467848161052,-2858.3037714079583
209,-416.5642764557028,0.8146736057811695,0.12360106967730566,4.0,27.0,0.0,419.7969153751108,0.8466871420961695,0.15331285790383054,0.8296026034852035,0.17039739651479646,-1.5861298830270771,-1.812167468090324,0.09049178333279267,-0.8644598467029221,-2844.2457345619005
210,-419.6249360860336,0.8697432526687866,0.14153344395467612,3.0,7.0,0.0,420.7046686385695,0.17652954278006971,0.8234704572199303,0.9647777167116084,0.03522228328839161,-1.5223066973091939,-1.9431377107217744,0.1927622057649904,-0.21340665260906824,-2856.6505246384127
211,-414.52420646030015,0.9989218161162883,0.13260380661761337,4.0,15.0,0.0,415.21975331992655,0.4065984576156131,0.5934015423843869,0.7863130772187231,0.21368692278127688,-1.6377244013756918,-1.5375202605142015,-0.14391993444582207,0.23403673886031975,-2836.866923571654
212,-422.70410166350484,0.9745491574684625,0.14315701925752378,3.0,7.0,0.0,423.9229097458229,0.8980536503309419,0.10194634966905813,0.40209972603438765,0.5979002739656123,-2.337122978465907,-1.3720758753927413,-0.1823667501292426,1.7293682273919555,-2884.6219100758312
213,-416.19808987442207,0.9949397310191547,0.12360106967730566,4.0,15.0,0.0,417.56441536382715,0.9504953073123045,0.04950469268769553,0.7685524642428634,0.2314475357571366,-1.5095374453475476,-1.770308432480587,0.09652814792424769,0.05619020316452725,-2837.269541737403
214,-419.029258501054,0.9579863462431818,0.14153344395467612,4.0,15.0,0.0,423.67773135580376,0.24287305343280968,0.7571269465671904,0.9831567200715687,0.016843279928431265,-1.6352333617803438,-1.3037574265026306,0.03796482787299278,0.2816761814625897,-2850.6800713209827
215,-414.93548991384444,0.9973495277909037,0.13260380661761337,4.0,15.0,0.0,415.86223201265096,0.5544211686252893,0.44557883137471066,0.4755698432520267,0.5244301567479732,-1.8330651678896017,-1.3002748759677338,-0.32996092488902773,0.5150508240673298,-2842.337306754403
216,-419.84100044143395,1.0,0.14315701925752378,3.0,7.0,0.0,426.0044566449064,0.9866760594663915,0.013323940533608525,0.23857762783588568,0.7614223721641143,-1.364447661985858,-1.546861314509519,0.21655719896138814,1.1745436073155004,-2853.549828698998
217,-419.46478583987965,0.9577140936657023,0.12360106967730566,5.0,31.0,0.0,423.7630413699989,0.07575302766124181,0.9242469723387582,0.03344006409823415,0.9665599359017658,-0.2636140963726326,-1.6781300915667114,0.514810892434221,0.18906297511928646,-2852.7331511778157
218,-421.7314113264863,0.9638926819406034,0.14153344395467612,4.0,15.0,0.0,424.7491735993377,0.07304636901799585,0.9269536309820041,0.9962609252602135,0.0037390747397865187,-1.5802542433268572,-1.7655283169555043,-0.39211357181193285,-0.09167455108734936,-2850.9976275898644
219,-415.706571336886,0.8155359588657803,0.13260380661761337,4.0,15.0,0.0,417.48909346434607,0.9135468243250066,0.08645317567499344,0.43445537190142963,0.5655446280985703,-1.6915970796650135,-1.5307379680926947,0.15597829518852283,-0.037126014261180035,-2839.85124031998
220,-414.4314360124822,0.9891206317662918,0.14315701925752378,4.0,23.0,0.0,420.496109379002,0.45608278656562856,0.5439172134343715,0.2542015998193414,0.7457984001806586,-1.669059330008444,-1.577509009059335,-0.1405845689779758,0.30351625487310485,-2837.0233601809564
221,-416.96366737574266,0.9675322360264659,0.12360106967730566,5.0,31.0,0.0,422.9366091725739,0.24068258866945536,0.7593174113305446,0.30284451155873443,0.6971554884412656,-1.2580654646921872,-1.7275906960875091,1.0438166732655452,-0.2774066668632599,-2852.847995448114
222,-420.27984540858915,0.9506607459859502,0.14153344395467612,4.0,23.0,0.0,424.8305599421015,0.9713542726086585,0.028645727391341524,0.9194204475641743,0.08057955243582571,-1.7897681458960277,-0.9079218635400922,-0.10152078004558579,1.1753235993191022,-2855.7910473495367
223,-415.8582318265577,0.9508485214959363,0.13260380661761337,4.0,15.0,0.0,419.2099810143757,0.8721112417252295,0.12788875827477053,0.5365348933273547,0.4634651066726453,-1.814037140987825,-1.158485494453463,0.20001651592284825,-0.5619802988302544,-2843.574491808124
224,-417.86554878448726,0.9275707427577868,0.14315701925752378,4.0,31.0,0.0,419.8086903061626,0.11317467415653468,0.8868253258434653,0.9413243904406905,0.058675609559309505,-1.6489141445078361,-1.851814735555507,-0.8714347320772206,0.06285027562024464,-2844.6584173541223
225,-416.4391056362467,0.9313174468278178,0.12360106967730566,4.0,15.0,0.0,418.0533552743332,0.08994067369436765,0.9100593263056324,0.29354266143934554,0.7064573385606545,-1.0292033101900702,-1.7744069553957675,0.8120805974849146,-0.09392123446191451,-2844.292557865585
226,-420.92847777115907,0.989964899024361,0.14153344395467612,3.0,15.0,0.0,422.84825893624566,0.9140466947293696,0.08595330527063039,0.9612179233019018,0.03878207669809819,-1.384561232000241,-1.32369692250783,-0.14533223004147985,1.1697168504336208,-2863.0088660884153
227,-416.26898325709953,0.9783044054561189,0.13260380661761337,5.0,31.0,0.0,417.79919621327565,0.7504720067456658,0.24952799325433417,0.08184814159709686,0.9181518584029031,-0.37365341962927184,-1.6642315687510882,0.23430831796944435,-0.3383491690693181,-2843.374586586153
228,-420.149254202091,0.9256054477251995,0.14315701925752378,3.0,7.0,0.0,421.9824986071327,0.25946196453937026,0.7405380354606297,0.9281818070245175,0.07181819297548253,-1.6104456175072621,-1.6861376956455667,-1.0466941861769645,0.5012564225500036,-2866.329243271293
229,-416.4977580993896,0.9252969861266324,0.12360106967730566,5.0,31.0,0.0,418.58814072757355,0.10390589832741276,0.8960941016725872,0.6730447316510856,0.3269552683489144,-1.6115266492339337,-1.658870974652576,0.8975523815899586,0.10185026700360215,-2844.8850823724056
230,-420.5675780009422,0.9629390616309991,0.14153344395467612,4.0,19.0,0.0,423.13067685868907,0.9822009640604398,0.017799035939560226,0.13519280685679977,0.8648071931432002,-1.821549829395482,-1.355780377114956,0.1494428257075735,1.497448655417928,-2855.9913663775087
231,-417.0049534019017,0.8914451234792229,0.13260380661761337,4.0,15.0,0.0,418.73478209807706,0.21291714624581898,0.787082853754181,0.07427923166742188,0.9257207683325781,-0.9318707336853911,-1.765825567579131,0.4037781009928499,-0.08589949299677839,-2846.146839116526
232,-417.6086468980273,0.6752013908238873,0.14315701925752378,2.0,7.0,0.0,423.36328189774827,0.21890640071902978,0.7810935992809702,0.8838093248024247,0.11619067519757531,-1.5444701957450517,-1.7453121171355173,-0.8850623396211468,0.10347287582253908,-2851.440184595526
233,-417.23087421288454,0.9475537167178141,0.12360106967730566,4.0,23.0,0.0,424.82718555709397,0.06781882745828363,0.9321811725417164,0.7941333522456638,0.20586664775433616,-1.7672939546547912,-1.223244487729316,1.2084321971059333,0.07336896207273998,-2845.2908039096906
234,-419.87637022433614,1.0,0.14153344395467612,4.0,15.0,0.0,421.7181235704184,0.9552106051916083,0.044789394808391725,0.6567480128285316,0.34325198717146843,-1.938058423540661,-1.1710818245227412,-0.11452558496190084,2.016748204710698,-2860.39115117366
235,-414.96902825951963,0.9914735109239194,0.13260380661761337,4.0,15.0,0.0,419.1270398360208,0.19900922146893596,0.800990778531064,0.5208213134066949,0.4791786865933051,-1.3439286065902687,-1.7231372069158284,0.3899474275304894,0.046482608983466844,-2839.9750152957176
236,-417.4234183857024,0.8218485891198033,0.14315701925752378,2.0,3.0,0.0,418.868812064275,0.11013022910991266,0.8898697708900873,0.7940554980151896,0.2059445019848104,-1.425030816626656,-1.7588922840604386,-0.8293720388869567,0.31316467664073105,-2849.8020590460856
237,-417.1898264242593,0.949433733195813,0.12360106967730566,4.0,15.0,0.0,419.1208889042743,0.06409715933223106,0.935902840667769,0.5425492100225301,0.4574507899774699,-1.7910358705935563,-1.5424509463360598,1.0306038402188893,-0.11390259602864623,-2847.0306807486854
238,-420.0509166592219,0.7539538606254921,0.14153344395467612,5.0,31.0,0.0,425.7565909795207,0.7749097673448914,0.22509023265510864,0.35623515248197457,0.6437648475180254,-2.257389747780561,-1.4633817097360151,-0.3380218262599086,0.6277735927352731,-2872.6857842290115
239,-416.1230579774617,0.99243259656878,0.13260380661761337,5.0,31.0,0.0,417.4684713196955,0.06041916395555897,0.939580836044441,0.47675170359997865,0.5232482964000214,-1.4208411029372445,-1.844592840422753,0.7507507959722344,-0.018623513154682227,-2839.900243190587
240,-419.1057507286036,0.9521383792353757,0.14315701925752378,3.0,11.0,0.0,420.756437993646,0.06477373318991186,0.9352262668100881,0.8419661189178831,0.1580338810821169,-1.3916375890316337,-2.2332276721646838,-1.0187601581290342,0.30139368717214954,-2854.8259358063465
241,-415.21724203669265,0.7057640886880072,0.12360106967730566,4.0,23.0,0.0,419.9998660827262,0.540093888721333,0.459906111278667,0.7262013834564711,0.2737986165435289,-1.6290104325958348,-1.3725573092964898,0.19218578608386871,0.15325421216552926,-2843.4700805850066
242,-419.4531866521424,0.9579117931283812,0.14153344395467612,4.0,15.0,0.0,422.0394078921765,0.6797167398470506,0.3202832601529494,0.11732837704318597,0.882671622956814,-2.109550805132721,-1.7309827153571142,0.2632716744607292,0.05224988893999691,-2864.792274669354
243,-414.9863561352894,0.9342264110292652,0.13260380661761337,5.0,31.0,0.0,418.4405242920741,0.8338742441313687,0.16612575586863132,0.4058170667687423,0.5941829332312577,-1.7748552426473803,-1.3882539978428725,0.22109031780153265,-0.5550820571763272,-2838.451614328171
244,-422.60302795688625,0.5170708082412437,0.14315701925752378,2.0,7.0,0.0,424.74742024109116,0.09313160174806762,0.9068683982519323,0.8107066917943557,0.18929330820564427,-1.6354573018750946,-2.1863675721857287,-0.8986410559893474,-0.12976994847392995,-2882.069592426157
245,-416.95709940948046,0.9708064883490444,0.12360106967730566,3.0,7.0,0.0,417.03556495559764,0.6258193378351598,0.37418066216484025,0.9037333510546246,0.0962666489453754,-1.617739231449124,-1.4401717681732868,0.3187500130595093,0.056285910290150565,-2849.200663296986
246,-424.54258563354625,0.9530228035176898,0.14153344395467612,3.0,7.0,0.0,426.6252601909195,0.21523779034905585,0.7847622096509441,0.6354861135625917,0.36451388643740834,-2.285108954647997,-0.8009979472814343,0.23934625250950597,-0.1626829008916692,-2905.1135368522955
247,-417.5794429501033,0.9625241308428956,0.13260380661761337,4.0,31.0,0.0,419.83228146955,0.03990834660417985,0.9600916533958201,0.9359892671106751,0.0640107328893249,-1.5939229395951724,-1.8179527671347486,0.49132939232439643,0.003755130585931979,-2837.303980222556
248,-418.60754589535134,1.0,0.14315701925752378,3.0,15.0,0.0,425.27735307273224,0.009302487946872074,0.990697512053128,0.3997374376824736,0.6002625623175264,-1.264805696614655,-1.907067579505891,-0.45542157759162494,-0.0006677383365627232,-2844.7026290959525
249,-415.8929763157691,0.9667787507922001,0.12360106967730566,3.0,15.0,0.0,420.6274211554526,0.8681645732329577,0.1318354267670423,0.8599302009641897,0.1400697990358103,-1.5581038221878194,-1.6835998858089214,0.06245804785065942,-0.5168705304779739,-2838.5156401025897
250,-422.7578123152921,1.0,0.14153344395467612,2.0,3.0,0.0,424.73326982300966,0.23031870921414346,0.7696812907858566,0.572961914475159,0.427038085524841,-2.2795473764455516,-0.8764358652149261,0.2586266095766474,-0.1794319458300778,-2893.3960484041236
251,-417.16454872556443,0.9667680714050736,0.13260380661761337,4.0,23.0,0.0,419.42906566327224,0.7283578616815204,0.2716421383184796,0.44089887292840985,0.5591011270715902,-1.1318193546164916,-1.9066983006321108,-0.202712235242042,0.15376182134398458,-2856.5039118664263
252,-415.56174286875927,0.9914803551929399,0.14315701925752378,4.0,15.0,0.0,420.4467600003829,0.5975241672355824,0.40247583276441756,0.26256254986062094,0.737437450139379,-1.5489282262356057,-1.5257945901682173,-0.3134131021829735,0.29063290127809277,-2845.173716880014
253,-416.9074183726177,0.9719057846237936,0.12360106967730566,4.0,31.0,0.0,417.5949329484914,0.7931703324413002,0.2068296675586998,0.9557764332275874,0.04422356677241257,-1.6362711845391669,-1.6691881588197885,0.27851313190333216,-0.4189385643506169,-2840.6177033638023
254,-425.6694585604639,0.9275919173357078,0.14153344395467612,2.0,3.0,0.0,427.1792680140083,0.21214315122739386,0.7878568487726061,0.5251511296178221,0.47484887038217793,-2.344682663183589,-0.7051689713476762,0.28911849771265463,-0.11986215572690753,-2913.208347039992
255,-415.1388247925939,0.9683266869188455,0.13260380661761337,4.0,15.0,0.0,419.63948882512386,0.21116956885795182,0.7888304311420482,0.41101742851012146,0.5889825714898785,-1.8707446378477643,-1.3035176067523628,0.6740903626114272,-0.09606642079757191,-2840.6087833156153
256,-418.8523525034714,0.6408762601326287,0.14315701925752378,2.0,3.0,0.0,420.47717003127826,0.5134412078861115,0.4865587921138885,0.22377094858291033,0.7762290514170896,-1.3871228042881867,-1.3099490317608578,-0.16974633079662216,0.3745033219627978,-2868.3676842447167
257,-420.25529425912765,0.9435488184088758,0.12360106967730566,5.0,31.0,0.0,423.2731991523778,0.012751377171515756,0.9872486228284842,0.885119670939507,0.11488032906049295,-1.7108123369524215,-1.5590207646900447,0.9431660052881916,0.18200023624683703,-2851.5865490340793
258,-420.5340552875195,1.0,0.14153344395467612,2.0,3.0,0.0,426.60821468084725,0.2583373313415903,0.7416626686584097,0.5491217356420703,0.45087826435792966,-2.2689285106740766,-0.9169003249077967,0.3325136033392655,-0.059744316853812235,-2878.619486001309
259,-415.0955602488727,0.9661188418661084,0.13260380661761337,4.0,31.0,0.0,416.62436469121985,0.6852280052217717,0.31477199477822826,0.28341620789884303,0.716583792101157,-1.24597614886794,-1.5731469558547506,0.06795187488318068,-0.08573099857577755,-2842.2832866174936
260,-415.8649462026426,0.9226138638374439,0.14315701925752378,3.0,11.0,0.0,421.2163041768137,0.8557900851711294,0.14420991482887058,0.5015719195962167,0.4984280804037833,-1.3337425264296552,-1.988560938893378,0.027089824160796805,0.299762224879811,-2843.6358112663484
261,-416.8708567118281,0.6189733149433954,0.12360106967730566,5.0,31.0,0.0,424.04889879058163,0.015922809926709948,0.9840771900732901,0.4340218288933688,0.5659781711066312,-1.5424537052090177,-1.5885859247959462,0.8628671050837715,0.05943137196204132,-2836.356009591527
262,-416.69492566673244,0.9629303215258399,0.14153344395467612,3.0,7.0,0.0,422.0183909091491,0.16725777420529891,0.832742225794701,0.052796880903600914,0.9472031190963991,-2.0944865757614637,-1.4953545066046372,0.1625588447325278,0.06607794565248433,-2838.371857010029
263,-414.2383981411789,0.9440028333693545,0.13260380661761337,5.0,47.0,0.0,417.30858431108743,0.45707035522178635,0.5429296447782137,0.47441716811271056,0.5255828318872895,-1.800807854513428,-1.3470333119735967,-0.19509660284160077,0.2424389304071246,-2837.7853634909934
264,-420.90729389584124,0.6272231010520753,0.14315701925752378,4.0,31.0,0.0,424.29622581374525,0.594991024584802,0.405008975415198,0.9722163332241057,0.027783666775894278,-1.3356734826082488,-1.1619161610759552,-0.005531953411485879,0.35614829444213825,-2869.9314924279047
265,-418.3032975571169,0.7046647021591297,0.12360106967730566,4.0,15.0,0.0,419.094403812808,0.02216197584835276,0.9778380241516472,0.4051316623009973,0.5948683376990027,-1.3515332865894112,-1.5764622097838146,0.8186720225708016,0.1724462374690665,-2848.9107387503673
266,-415.46912800108834,0.9711707592606573,0.14153344395467612,5.0,31.0,0.0,419.66512931919607,0.7551311805398191,0.2448688194601809,0.6667986032150955,0.33320139678490446,-1.4265893814121555,-1.567863713422983,-0.17427957811275252,0.6032785695413798,-2843.6879648302856
267,-416.60264508855033,0.7661988469989811,0.13260380661761337,4.0,15.0,0.0,418.03551382676795,0.27845899934761315,0.7215410006523868,0.0625004183205599,0.9374995816794401,-0.40357968237979,-1.555622497275317,-0.4933976021596046,0.2232779617102066,-2844.621616483134
268,-417.35397176941916,0.7904082517930878,0.14315701925752378,4.0,15.0,0.0,424.353710926616,0.9393400969468575,0.060659903053142505,0.8263115905684516,0.1736884094315484,-1.7688012132904334,-0.7636482551370127,0.0970361667664999,0.5932083761944396,-2846.26115780085
269,-420.8459886191852,0.9987299395464615,0.12360106967730566,4.0,15.0,0.0,422.5013116638862,0.0011619174734162263,0.9988380825265838,0.6050714191280439,0.39492858087195615,-1.457210535230935,-1.8011205562752013,0.757265342712215,0.18631322282047824,-2845.364673801631
270,-415.15270493071046,0.9906357946274184,0.14153344395467612,4.0,31.0,0.0,416.2375529981641,0.29013630692133885,0.7098636930786612,0.6479578808063475,0.35204211919365247,-1.6337417893074446,-1.7689360727867531,0.07945647949631608,0.0536250779223156,-2841.6346864475213
271,-416.2570880939098,0.8757731848054784,0.13260380661761337,5.0,31.0,0.0,419.94662447613064,0.36918937946967356,0.6308106205303264,0.2969082235073363,0.7030917764926636,-2.145066594662122,-1.39980580784984,-0.6026859450890302,0.3411380619301545,-2848.4353142979603
272,-421.25412031090315,0.461617759241911,0.14315701925752378,2.0,7.0,0.0,422.70466632806176,0.9143763739876657,0.08562362601233431,0.8097599471596646,0.1902400528403354,-1.466409232761824,-0.7843650875474382,0.17119133314755636,0.5845645718782012,-2876.694976129108
273,-420.3283059186611,0.9883994005362315,0.12360106967730566,4.0,23.0,0.0,423.772139651644,0.0035442155200930752,0.9964557844799069,0.8073696855323964,0.1926303144676036,-1.3967874655728156,-1.7025250651647297,0.038123536615217,0.14077566578738798,-2847.4630812774208
274,-415.29278923289695,0.9971753676537667,0.14153344395467612,3.0,7.0,0.0,415.8495182538733,0.2670609982724114,0.7329390017275885,0.5926948488179934,0.4073051511820066,-1.46948986953291,-1.4584997022668498,0.05201552037444993,0.12771141821585735,-2843.9390492392686
275,-415.63010556029525,0.9570751447511795,0.13260380661761337,5.0,31.0,0.0,417.31850542742734,0.6656555032982452,0.3343444967017548,0.7509042900964961,0.24909570990350394,-1.5242742553831048,-1.7272226932797452,0.1430779434904889,-0.4981351311827148,-2844.2974489451176
276,-416.7337783028673,0.9714216235625323,0.14315701925752378,4.0,31.0,0.0,422.8036682042709,0.3898623703364507,0.6101376296635492,0.8841624695784596,0.11583753042154044,-1.6460822076470651,-0.7068303148941965,-0.536412544127129,0.5060948632717923,-2849.793968517888
277,-417.4527086576989,0.9136728154881854,0.12360106967730566,5.0,31.0,0.0,423.30257015960524,0.0735128398034849,0.9264871601965151,0.060459095627685755,0.9395409043723142,-2.2888606988475484,-1.525285619156217,0.034900084736601174,0.11747172905821368,-2838.744494898255
278,-415.14375363860586,1.0,0.14153344395467612,3.0,7.0,0.0,415.70305255765,0.32276940644151764,0.6772305935584824,0.6019478372090834,0.3980521627909166,-1.643146472969546,-1.7259245680086726,-0.09047734555121473,0.05071665783987112,-2842.425580807138
279,-415.00037147164807,0.965402889269179,0.13260380661761337,4.0,31.0,0.0,418.3705654717989,0.6442621526895336,0.3557378473104664,0.588588369981231,0.411411630018769,-1.408082112233967,-1.5787167456996518,0.3445999854109831,-0.360100936027004,-2842.6693568123637
280,-415.55112599084447,0.9999078309196826,0.14315701925752378,5.0,31.0,0.0,417.68358300432965,0.7103544429105589,0.28964555708944106,0.935100319349001,0.06489968065099905,-1.629451701966007,-0.9846941231575426,0.2065416732903207,-0.3645791060519446,-2836.9666304789953
281,-416.8541137257561,0.9932403497191027,0.12360106967730566,5.0,31.0,0.0,419.1737499197456,0.824547857087678,0.17545214291232203,0.13340954351088982,0.8665904564891102,-2.558338648470148,-1.478349645838852,0.04465692737237356,0.06163753109349942,-2843.724135102657
282,-417.12998060909524,0.9258492254590761,0.14153344395467612,4.0,31.0,0.0,423.3385633494399,0.6681196841753043,0.3318803158246957,0.062149339499702694,0.9378506605002973,-0.6074725898023576,-1.748645399878498,0.13407418026877865,-0.3677911387413229,-2848.301179888141
283,-415.25884494559386,0.8573628870088635,0.13260380661761337,3.0,15.0,0.0,418.4359371803649,0.7591683829569384,0.24083161704306155,0.5460217761902627,0.4539782238097373,-1.8688117818058854,-1.3888754928724136,0.2876730090899897,-0.542050480753679,-2842.1275409875193
284,-416.12218281978426,0.9264484290288872,0.14315701925752378,5.0,31.0,0.0,416.96307831419904,0.41788120766485004,0.58211879233515,0.2463294619789844,0.7536705380210156,-0.9642811059850057,-1.753248779723631,-0.45304017874406277,0.20734392238998045,-2849.4018321852536
285,-416.68493617881245,0.9227782633807959,0.12360106967730566,5.0,31.0,0.0,419.9215960556935,0.3166924613113408,0.6833075386886591,0.06447127429484935,0.9355287257051507,-2.616634456216569,-1.4652692319794713,0.40933642985806673,-0.11466294158315678,-2840.464212312025
286,-417.7507694884164,0.9874252009847267,0.14153344395467612,4.0,15.0,0.0,419.07532934305993,0.8893974047493584,0.11060259525064164,0.03837786419123911,0.9616221358087609,-0.4491940109610584,-1.5621540832210699,0.034220052572165705,-0.6578547358017064,-2844.2532666478705
287,-417.30640036328185,0.8899712381278685,0.13260380661761337,4.0,15.0,0.0,418.44939750249785,0.6595511478286612,0.3404488521713388,0.012183094165202114,0.9878169058347979,-1.481270670280742,-1.6249612790961865,0.14154701468523587,-0.20764653583282142,-2837.5713295495734
288,-415.20851911884404,0.9988080168982568,0.14315701925752378,3.0,15.0,0.0,417.38577091158044,0.308872886267126,0.691127113732874,0.5203916089584033,0.4796083910415967,-1.4877946474218149,-1.8466060192077962,-0.162747360915803,0.2721652162882131,-2842.9612695784294
289,-417.54439751649454,0.9810774179614187,0.12360106967730566,5.0,31.0,0.0,420.40259241640626,0.013173711150723875,0.9868262888492761,0.6835045722539412,0.31649542774605877,-1.4206060093645376,-1.89341631130301,-1.1282380965229097,0.06576862716088236,-2837.7789985647523
290,-418.61419806200826,1.0,0.14153344395467612,4.0,15.0,0.0,419.24882643567594,0.858712918061558,0.14128708193844197,0.006879005349008199,0.9931209946509918,-0.45648631486405644,-1.5378422901942128,0.24857510618167053,-0.6462319324790597,-2840.034742654113
291,-416.7651850427193,0.9919975139375438,0.13260380661761337,5.0,31.0,0.0,418.38511140446224,0.5174465795654998,0.4825534204345002,0.21650174249651313,0.7834982575034869,-0.6239720701849618,-1.846339869141739,-0.04452312751881865,0.22053739247005982,-2853.7485285384623
292,-414.8375490633248,0.8877132838579426,0.14315701925752378,2.0,3.0,0.0,417.0283890927637,0.22638458352793242,0.7736154164720676,0.6093622000065456,0.3906377999934544,-1.3566484366077733,-1.7582002811305137,-0.13940309335388124,0.10304090173620895,-2839.3623825952036
293,-415.48337492195316,0.9635403387604148,0.12360106967730566,5.0,31.0,0.0,419.9189035022189,0.6410909309859052,0.3589090690140948,0.14293833500697523,0.8570616649930247,-1.7565607578986544,-1.4688837439622462,-0.2210754581222675,0.5579466398345713,-2840.5664002302988
294,-415.69030578000155,0.7339745828766111,0.14153344395467612,4.0,23.0,0.0,422.32722458897695,0.49754565253648764,0.5024543474635124,0.15542782409639533,0.8445721759036047,-0.9150834558473138,-1.7650021951807857,0.010925074324908773,-0.03547040440453483,-2844.4702184400494
295,-416.1093264037171,0.9404371316980945,0.13260380661761337,3.0,7.0,0.0,418.48537463725626,0.5047287833431383,0.4952712166568617,0.14559359023091328,0.8544064097690867,-0.8477302119642341,-1.7348139775377265,-0.017578006754639813,0.36903127679654807,-2847.069802183001
296,-418.8678038487502,0.6465079258626636,0.14315701925752378,4.0,23.0,0.0,423.1760946840136,0.16012439914310675,0.8398756008568933,0.7520969228653872,0.2479030771346128,-1.9114678183198521,-1.333652625118618,1.0102892872206473,0.0035012903404821947,-2862.4028978645238
297,-415.043085958712,0.901037495241596,0.12360106967730566,3.0,15.0,0.0,418.63657775264414,0.8258380706606369,0.17416192933936314,0.22871485929409616,0.7712851407059038,-1.431065715232474,-1.6380077095614278,-0.00353225916113252,0.6066887665911416,-2837.2333470706176
298,-418.8656039411762,0.910091246672443,0.14153344395467612,4.0,31.0,0.0,421.876781055562,0.2133988152482984,0.7866011847517016,0.38820538738906746,0.6117946126109326,-0.7515174255028283,-1.9723013098731685,0.3030552657992231,-0.08815504831487239,-2867.230323160819
299,-418.17509979822853,0.922704061968588,0.13260380661761337,3.0,7.0,0.0,419.13980102579086,0.6929648182215071,0.30703518177849287,0.03380282637488531,0.9661971736251147,-0.9034601805492565,-1.4941904422950225,-0.29256958568282876,0.3948399560085174,-2851.484353476626
300,-416.0398611593334,0.641508459936342,0.14315701925752378,2.0,3.0,0.0,421.9058367070115,0.2327756301633813,0.7672243698366187,0.6871412580448445,0.3128587419551555,-1.6329090809047986,-1.445696456728109,1.0218960717193784,-0.18524941351835403,-2846.3447669522607
301,-415.25714312085256,0.9892030870678072,0.12360106967730566,3.0,15.0,0.0,417.32647537130026,0.8562667644147848,0.14373323558521522,0.17272889302372857,0.8272711069762715,-1.5655705032887217,-1.5892883093419963,0.030247249105119826,0.2625887127820181,-2836.2253933187367
302,-418.03411463575986,0.9083844171370371,0.14153344395467612,2.0,3.0,0.0,420.08093473343484,0.23944607369177956,0.7605539263082204,0.36410986580600957,0.6358901341939904,-0.7932250529924978,-2.0008797672726777,0.2891344215600511,-0.018755925041588864,-2861.733567503698
303,-415.1760861724206,0.8857732508416515,0.13260380661761337,4.0,23.0,0.0,421.17890178262843,0.8789236306616628,0.12107636933833721,0.6218955722362629,0.3781044277637371,-1.5052311309173128,-1.710763960554076,-0.016745004629177246,0.16016531906569467,-2837.95338211069
304,-417.57259784636176,0.8672289402962283,0.14315701925752378,4.0,31.0,0.0,420.5978987358114,0.06343650310872385,0.9365634968912762,0.9611205525747599,0.03887944742524008,-1.5672514156313158,-0.4696267853335789,0.03539275697056775,0.09613611397125751,-2839.961140045773
305,-415.7929857489533,0.9894626528560599,0.12360106967730566,5.0,31.0,0.0,416.6775052045744,0.1752072143810963,0.8247927856189037,0.7469750398305391,0.25302496016946086,-1.5082615507832033,-1.9272257873927179,-0.6652074401836868,0.10081712965993825,-2841.7632867656166
306,-416.5935571270138,0.9870964414806438,0.14153344395467612,4.0,15.0,0.0,419.48564984442794,0.3658534939089656,0.6341465060910344,0.12271374957473065,0.8772862504252693,-0.79502190235997,-1.57058666569324,0.22700861160787864,0.13343715554651528,-2849.502374504821
307,-414.8672116820539,0.9101479029878992,0.13260380661761337,4.0,31.0,0.0,416.90404983297117,0.4159798917655284,0.5840201082344716,0.5263172858874902,0.47368271411250984,-1.6264528730457168,-1.439927711462165,0.319593464200779,-0.29977674096432483,-2842.191498945093
308,-418.2873567871947,0.8146672136535418,0.14315701925752378,4.0,15.0,0.0,420.3975810333425,0.07813374492422187,0.9218662550757781,0.9437994340599897,0.05620056594001033,-1.66903663928888,-0.6942013082850188,-0.02216564214724977,0.21355888316220162,-2848.107471068527
309,-418.21532406711475,0.9250111105594393,0.12360106967730566,5.0,31.0,0.0,420.851779568229,0.03000686709898557,0.9699931329010144,0.1275432973913056,0.8724567026086945,-2.099188170311885,-1.4205626686411956,-1.321002308337947,0.04353363572873452,-2842.2742827274883
310,-416.3254154594167,0.8894074188538464,0.14153344395467612,3.0,11.0,0.0,417.9529489821465,0.3020419950253358,0.6979580049746642,0.14028572583393656,0.8597142741660635,-0.8079082337092669,-1.773511650263592,0.23747657859941088,0.1051106735936222,-2847.170963630985
311,-416.78337003398536,0.8771049849560477,0.13260380661761337,5.0,31.0,0.0,418.6978251431809,0.8778692919749667,0.12213070802503334,0.13311764533089043,0.8668823546691096,-1.2167299854614542,-1.754028618012498,0.06277132533034802,0.5806663385753843,-2844.4672126774453
312,-419.44804435135234,0.1693252677323623,0.14315701925752378,4.0,15.0,0.0,429.60608029803984,0.7861492980362664,0.21385070196373357,0.9921429370615497,0.007857062938450343,-1.5432272321336888,-2.8095589352412835,0.30171531909439747,-0.3164230328763072,-2842.558132907712
313,-417.06928560592877,0.984304649332413,0.12360106967730566,4.0,19.0,0.0,420.3849181490657,0.05139044472704117,0.9486095552729589,0.7103247218289284,0.28967527817107164,-1.6894197301120484,-1.3400617939032602,-1.5985516503434594,0.1874751273133336,-2842.9705759496615
314,-417.2828252048112,0.9842685951179836,0.14153344395467612,5.0,31.0,0.0,420.1567966266329,0.11213891898079763,0.8878610810192024,0.9638429026617646,0.036157097338235356,-1.60968710961743,-1.6264453329288178,0.8827141607144343,0.009177960627127765,-2838.1700608834713
315,-415.7297363987234,1.0,0.13260380661761337,4.0,15.0,0.0,417.22820035071885,0.6323723523150239,0.36762764768497613,0.20151311741438196,0.7984868825856181,-1.1394082948226436,-1.5251781020491562,-0.1650337525363001,0.3351352964631385,-2845.8110202055514
316,-417.991976299814,0.7709781960629216,0.14315701925752378,4.0,31.0,0.0,423.8542429972279,0.6365471907641956,0.36345280923580436,0.6049429079916963,0.39505709200830375,-1.43179087302567,-2.25478760720444,0.22009813794685354,-0.44421518564799617,-2861.015016440629
317,-416.2135735139438,0.6155010244778089,0.12360106967730566,5.0,31.0,0.0,420.46191117469647,0.24296531075615965,0.7570346892438403,0.7909302148396165,0.20906978516038355,-1.5407319598886169,-1.246893535412138,-0.4477673321441946,0.3582720094601683,-2847.297814430935
318,-419.12426371214065,0.9527552806551872,0.14153344395467612,4.0,15.0,0.0,420.24044651773465,0.12059526287471713,0.8794047371252829,0.9678189540810943,0.03218104591890569,-1.541848950191216,-1.9769141010157456,1.3827013523248082,0.02048159198983518,-2848.6659152971515
319,-418.79523483212824,0.9674995367669519,0.13260380661761337,5.0,31.0,0.0,420.8774682278931,0.17287700915124013,0.8271229908487598,0.029963574647135775,0.9700364253528643,-2.2601053424012583,-1.6513741813908118,1.0907553172503457,-0.10518883154460018,-2847.256344768425
320,-418.26656861098945,0.9202783562691212,0.14315701925752378,4.0,15.0,0.0,420.2692609590767,0.43261018452403327,0.5673898154759667,0.9172759687374269,0.0827240312625731,-1.3691261061274222,-1.8369436134044048,0.08586097234700671,-0.16108940336146438,-2857.2069859667663
321,-416.18979333305595,1.0,0.12360106967730566,5.0,63.0,0.0,418.7753037983407,0.8894536614967387,0.11054633850326134,0.37344470270029406,0.6265552972997059,-1.4207802067742796,-1.4611013384023726,0.07899020067279572,-0.3387773475875987,-2845.1905320273436
322,-419.7547144106827,0.8952599081056286,0.14153344395467612,3.0,7.0,0.0,422.85424639207173,0.06140968019600378,0.9385903198039962,0.9767212459617824,0.023278754038217553,-1.5436102824688316,-1.5082836393160202,1.1927290122586236,-0.16383193246431957,-2848.440487884897
323,-419.8096848131614,0.6096175773479026,0.13260380661761337,4.0,31.0,0.0,425.5058369071923,0.0069536033005554694,0.9930463966994445,0.03659057247731242,0.9634094275226875,-1.439999886893957,-1.5857386172670365,0.9887161062621563,0.10539307535223291,-2837.649680507851
324,-416.2492040561559,0.9897584668781778,0.14315701925752378,4.0,31.0,0.0,422.261262761332,0.10045200282743397,0.8995479971725661,0.48202214093955803,0.517977859060442,-1.2377991277371476,-1.7206343594815967,0.22095437895644165,-0.04863209488414752,-2845.233170292311
325,-416.18866881433246,0.9567459623328087,0.12360106967730566,4.0,15.0,0.0,422.43628970476107,0.886743772851335,0.11325622714866501,0.7372197336590852,0.2627802663409148,-1.4588002299832332,-1.593551431847633,-0.08734332028400502,0.4180439824938339,-2843.5278903195053
326,-420.8772223729224,0.9454590952222796,0.14153344395467612,3.0,7.0,0.0,423.16011987670703,0.033281272466275554,0.9667187275337245,0.9833509977410634,0.016649002258936618,-1.4946032511005654,-1.7637590273879353,1.2866845235037818,0.16243611616056747,-2849.104298163321
327,-418.8944128139677,0.9669675826533292,0.13260380661761337,5.0,31.0,0.0,422.6021298855447,0.9974708886803385,0.0025291113196614923,0.4904534916319557,0.5095465083680444,-1.6294851694220183,-1.5245234127185672,-0.0018200095817865886,0.5959004327354885,-2838.1101274326297
328,-416.5256014276997,0.776770344665082,0.14315701925752378,3.0,7.0,0.0,418.9457087683682,0.4748807683796947,0.5251192316203053,0.3997398300975052,0.6002601699024948,-1.497200598503883,-1.4451281838576213,0.03039339951109776,-0.20702215644145228,-2854.02698174184
329,-418.0492666549451,0.9972624378050314,0.12360106967730566,4.0,31.0,0.0,423.6880378237435,0.014083782409388046,0.985916217590612,0.8463118355588407,0.1536881644411593,-1.4703070478431979,-2.1290269353264333,-0.18030496828991685,0.04780313891434257,-2838.337826073154
330,-419.5775836665306,0.8996135347495263,0.14153344395467612,4.0,15.0,0.0,424.663048418006,0.09230995395412829,0.9076900460458717,0.33895478411965985,0.6610452158803402,-1.4834098194925451,-1.9507250965302771,1.2268846911599218,0.027837078868065412,-2864.3927701747352
331,-416.32414547576997,0.9855247070389789,0.13260380661761337,5.0,31.0,0.0,419.767500826433,0.5616409344442616,0.43835906555573845,0.4759802982470516,0.5240197017529484,-1.583222773677271,-1.5333085070646777,0.6261757663052907,-0.5297701489879953,-2851.8158807726613
332,-416.52225377297384,0.9656751388996215,0.14315701925752378,4.0,31.0,0.0,420.3877334457188,0.5853396258382056,0.41466037416179435,0.7180929131338555,0.2819070868661445,-1.6407371224066698,-1.4396415756820318,-0.085461250632694,-0.16623380885742362,-2852.275158749874
333,-416.40653169127546,0.9907496071230436,0.12360106967730566,5.0,31.0,0.0,420.42297948225,0.9653199570658718,0.034680042934128186,0.24385230644424127,0.7561476935557587,-1.5800446819336478,-1.5642400114453598,0.10918401957592663,-0.27889688178942096,-2836.944616386967
334,-416.64411549879594,1.0,0.14153344395467612,3.0,15.0,0.0,421.5830142004207,0.07206877163095537,0.9279312283690446,0.48004110143762774,0.5199588985623722,-1.4860277362291687,-1.428042337321277,0.892904407834902,0.05783920000813537,-2845.4444089059652
335,-415.29682403384396,0.824898524796456,0.13260380661761337,3.0,7.0,0.0,418.5193645596041,0.5150299601341994,0.48497003986580056,0.6899308874098738,0.31006911259012615,-1.6355327312490433,-1.4463393766563326,0.4915993619796758,-0.4890804380077053,-2844.002528892426
336,-416.46799289548073,0.6870914972707993,0.14315701925752378,3.0,7.0,0.0,420.87829153662324,0.5487306892187448,0.4512693107812552,0.1247737790926482,0.8752262209073518,-1.005155448580629,-1.7700832179898545,0.39053721226316385,-0.10873376716473794,-2848.199745487634
337,-415.9634533747855,0.9477970326115199,0.12360106967730566,4.0,31.0,0.0,418.80141842249526,0.16727179598753145,0.8327282040124686,0.8860546981532219,0.11394530184677809,-1.56763649192134,-1.7208392037830973,0.18166425248990697,-0.058626438270155595,-2839.207306828897
338,-417.37469532649453,0.8814781531647652,0.14153344395467612,3.0,7.0,0.0,419.7451999759713,0.03455207704466671,0.9654479229553333,0.6862647796496503,0.31373522035034973,-1.5852148762092806,-1.645610020210333,0.8943480166931438,-0.09751320664881398,-2843.817565414403
339,-414.52726211490443,0.9985351880896054,0.13260380661761337,4.0,15.0,0.0,416.6863493516989,0.6190838466549502,0.3809161533450498,0.48502386919394475,0.5149761308060552,-1.3979938366833657,-1.7778630142781595,0.22793437297060226,-0.3827289764125398,-2839.3027844960807
340,-415.1651164847884,0.9661470377219247,0.14315701925752378,3.0,7.0,0.0,417.40908221324463,0.3603934019499182,0.6396065980500818,0.12544884689961264,0.8745511531003873,-1.2914311419312714,-1.5650816574635928,0.30174723053671565,-0.16608883753616888,-2838.7991228809506
341,-414.71065822650667,0.978750180463577,0.12360106967730566,4.0,15.0,0.0,418.17519514981467,0.5647760185690559,0.4352239814309441,0.28781823029438885,0.7121817697056112,-1.7766258780932094,-1.5010608999793016,-0.30866191609386767,0.48840335853065875,-2839.1196462345297
342,-417.0170305435253,0.9974758028433512,0.14153344395467612,4.0,23.0,0.0,418.362939909592,0.9727925519715115,0.027207448028488512,0.291366308688003,0.708633691311997,-1.2364283672462797,-1.7524738392536463,0.00455089047904929,-0.4502911936491306,-2840.519074269205
343,-414.8661485477272,0.9062424039843637,0.13260380661761337,3.0,15.0,0.0,416.32766141966385,0.7536138884093369,0.24638611159066315,0.41501764646212225,0.5849823535378778,-1.701923004156594,-1.5527766450001288,-0.029539000395681622,0.028746156949476673,-2839.799890082711
344,-414.48563279046516,0.9581656042815277,0.14315701925752378,4.0,15.0,0.0,417.2192990986757,0.42465675620053955,0.5753432437994604,0.5062886426029497,0.4937113573970503,-1.5122893411588743,-1.7277677560075886,-0.3091358260902517,0.4029351387414181,-2839.0781109085037
345,-415.84607781371346,0.9930022276191153,0.12360106967730566,4.0,15.0,0.0,416.1995773538973,0.11822874172502072,0.8817712582749793,0.8336876879966664,0.16631231200333363,-1.7177205970021252,-1.277178820014112,-0.4121765890222452,0.09147370908541161,-2839.186449537078
346,-414.27748642406164,0.9994509398897108,0.14153344395467612,4.0,15.0,0.0,417.5857110297579,0.4800949387162105,0.5199050612837894,0.5362078592402906,0.4637921407597094,-1.5351344529389648,-1.6423680341439546,0.060346979461742944,0.1733832041743983,-2838.1347677398753
347,-415.1965208985861,0.9714486155584503,0.13260380661761337,3.0,15.0,0.0,416.8355919222323,0.8593985830196544,0.14060141698034556,0.6085001032858471,0.39149989671415286,-1.6297990286410275,-1.30832529497436,0.030775411552125112,0.370804628197831,-2839.6769523837925
348,-414.83115415166964,0.8939876422600821,0.14315701925752378,5.0,31.0,0.0,416.49548172789173,0.6378823930294655,0.3621176069705345,0.18071900652774595,0.819280993472254,-1.5147914044178985,-1.6020084091221167,0.333458607711638,-0.261710009724311,-2837.8822765068257
349,-416.90358669582366,0.9145686891216636,0.12360106967730566,5.0,31.0,0.0,418.530179371613,0.8979174380628163,0.10208256193718368,0.4481823330563921,0.5518176669436079,-2.0005758424025353,-1.4248032113296503,0.19490851661231204,-1.0951730207696064,-2847.432839738061
350,-414.6505650151337,0.9965646592022603,0.14153344395467612,3.0,15.0,0.0,415.5585167040674,0.5333095268971485,0.4666904731028515,0.40072748861263363,0.5992725113873664,-1.2658428736373186,-1.8273026725194716,0.0999590857074347,-0.10183397936732796,-2840.5593985768774
351,-418.07776767112057,0.9320188196981871,0.13260380661761337,5.0,31.0,0.0,419.19802147099597,0.46122493302483236,0.5387750669751676,0.9812018727579231,0.018798127242076856,-1.5428799218765699,-2.6573465092281356,-0.22393157267581473,0.10036706198049787,-2842.5737123940507
352,-417.01550785421585,0.98868346733485,0.14315701925752378,4.0,15.0,0.0,418.4260320032853,0.9094572696557031,0.09054273034429694,0.10311907154953825,0.8968809284504617,-0.7584407117601284,-1.669374441788506,0.17343515169957413,-0.0355396749783846,-2844.018112136951
353,-416.4225138348196,0.995654613745404,0.12360106967730566,4.0,23.0,0.0,418.6567692028674,0.9116752159002337,0.0883247840997663,0.2565911851905466,0.7434088148094534,-1.091066704549889,-1.8222965147062906,0.12823914826788926,-0.0075259365096778386,-2843.788602028404
354,-415.4866165834492,0.8161138706003189,0.14153344395467612,2.0,7.0,0.0,417.0133888601929,0.4805531716450971,0.519446828354903,0.28766923539030653,0.7123307646096935,-1.164270388328852,-1.585941817760946,0.010879707225023297,-0.03457805119601206,-2846.1999561780767
355,-421.37121205332113,0.8743721432730402,0.13260380661761337,4.0,31.0,0.0,423.21152947305194,0.8238971914654657,0.1761028085345343,0.9840876593611813,0.015912340638818745,-1.5828673679309866,-3.082748053555901,0.3161060845948337,0.007612290190425076,-2858.2254687685354
356,-418.96587881147076,0.931582561411439,0.14315701925752378,5.0,31.0,0.0,419.6704953208762,0.02215496142236215,0.9778450385776378,0.9407554523441767,0.05924454765582332,-1.6576021294604562,-1.502220838716062,-1.5168241504409725,0.15407982197091313,-2841.370614469811
357,-418.86844344605686,0.9794233721387838,0.12360106967730566,5.0,31.0,0.0,421.18258095216555,0.9463991915430676,0.05360080845693238,0.9870270866519103,0.012972913348089699,-1.6712486834241267,-0.5673696634799201,0.09132581294863783,-0.15693559752643524,-2840.024928512957
358,-414.84505944729943,0.910130179905026,0.14153344395467612,4.0,23.0,0.0,417.8682147788155,0.5705496368470969,0.4294503631529031,0.7952715700912224,0.2047284299087776,-1.5474191624540696,-1.7336916338175903,-0.18603223461073745,0.5062744292216946,-2838.4803894367633
359,-420.7127018709608,0.899872863525637,0.13260380661761337,4.0,15.0,0.0,424.6587513804162,0.05354546719460935,0.9464545328053906,0.9954052635476323,0.0045947364523677425,-1.5297587850748355,-3.0408061971441693,-0.6423955123374357,0.13767426179738076,-2837.9870824898567
360,-417.125124816977,0.6808771420419595,0.14315701925752378,5.0,47.0,0.0,422.4793500718478,0.9095851834445177,0.09041481655548234,0.3948682202487183,0.6051317797512816,-1.6513478969770732,-1.5263106112534737,0.2918839368518975,-1.3210546714884135,-2848.306712912605
361,-415.939958931648,0.999638512592584,0.12360106967730566,4.0,15.0,0.0,419.47061010705806,0.41552877613563866,0.5844712238643613,0.5937995407886988,0.4062004592113012,-1.8279183300239406,-0.9763488266542252,0.09381714177017726,0.08606213716173484,-2849.889366375416
362,-415.91994027173365,0.9112538231878944,0.14153344395467612,4.0,23.0,0.0,417.6286021697478,0.2654572259874117,0.7345427740125883,0.8878297561915228,0.11217024380847718,-1.4622302537587144,-1.8609374001970809,-0.3083866349298321,0.10280150789737999,-2840.9183850744544
363,-417.47425478419296,0.8355826709453189,0.13260380661761337,4.0,31.0,0.0,423.0768468344746,0.4196827923003276,0.5803172076996723,0.7466934877283279,0.2533065122716721,-1.3112160653151903,-2.5087988911793717,0.08211960940588722,-0.03182634056361003,-2855.624055598662
364,-416.2307434789985,0.9802664987209823,0.14315701925752378,4.0,23.0,0.0,418.723337340353,0.8326146318447152,0.16738536815528482,0.18103669193923727,0.8189633080607628,-1.4996180087587065,-1.6463213070414082,0.1298023966065476,-0.8951529632368171,-2843.4334966950723
365,-415.84148329452734,0.9995574246223042,0.12360106967730566,5.0,31.0,0.0,416.9494289468257,0.26612623627234333,0.7338737637276567,0.717853299724623,0.282146700275377,-1.8894758393775641,-1.0299595615264094,-0.04898236517516124,0.07506468257966917,-2846.213398898949
366,-416.3688604370817,0.8679175809334231,0.14153344395467612,4.0,15.0,0.0,419.42278889523374,0.4968400399696184,0.5031599600303815,0.05439902527214617,0.9456009747278539,-1.2606977246444266,-1.5229217686130663,0.01410948714750615,0.2846675319199295,-2842.654908950005
367,-422.0699608120114,0.8263298664428339,0.13260380661761337,5.0,47.0,0.0,423.7359046255123,0.7066530153464521,0.2933469846535479,0.9968418643567354,0.0031581356432646146,-1.5551392739320915,0.2849985241804,-0.18766991027060353,-0.11778733353770637,-2862.689924970971
368,-415.2851891420147,0.9622100159764938,0.14315701925752378,4.0,15.0,0.0,417.3858836419672,0.8056114450466115,0.19438855495338847,0.2529888148971199,0.7470111851028801,-1.8972236556136708,-1.4341780366954915,0.16754731076876317,-0.6266363459118365,-2839.124862082752
369,-416.8011013378358,0.823234381929997,0.12360106967730566,5.0,31.0,0.0,420.0891800732876,0.2279686449264526,0.7720313550735474,0.7848857194430515,0.21511428055694848,-1.814110754997534,-1.088747363535061,-0.07281422581566326,0.2662928618632766,-2850.9407700947095
370,-417.00009404912305,0.9774481615503262,0.14153344395467612,4.0,15.0,0.0,419.2654014306824,0.8302038050569899,0.16979619494301013,0.8368213212531908,0.16317867874680925,-1.4346797694753897,-2.0076782699752576,0.16355407878570813,0.3382073254728848,-2847.8673344785775
371,-418.793665078591,0.913583340821341,0.13260380661761337,3.0,7.0,0.0,423.2117919134953,0.47973791554311557,0.5202620844568844,0.9819396144249638,0.018060385575036197,-1.6101448673449623,0.16417950824452776,0.41066292719514635,0.06388032408967008,-2853.0717318940838
372,-414.3902249987935,0.9813857306820076,0.14315701925752378,5.0,47.0,0.0,417.77156326585373,0.2195409469602814,0.7804590530397186,0.464121600310017,0.535878399689983,-1.6242410977706185,-1.4980011858088482,-0.12752156574067777,0.11489179097436751,-2836.467482201195
373,-415.9933706621829,0.8760812921842205,0.12360106967730566,3.0,11.0,0.0,419.08336041415913,0.7524337693576669,0.24756623064233307,0.6516802931782042,0.3483197068217958,-1.6265650153998739,-1.1833823673478265,0.006373546830751822,-0.19648716907798303,-2848.201657684811
374,-415.88069192672697,0.9876579465027883,0.14153344395467612,4.0,27.0,0.0,418.67958091672904,0.5373793994569501,0.4626206005430499,0.25936823159140915,0.7406317684085908,-1.7010479169244923,-1.4613451548087615,-0.3895689278568092,0.6408958229628725,-2846.9628421519114
375,-417.7815863323375,0.8226621769837038,0.13260380661761337,5.0,31.0,0.0,423.92327256825104,0.06828056463180722,0.9317194353681928,0.0926956234154812,0.9073043765845188,-1.432180771163206,-1.5802680580443078,-1.429913422154812,0.23062028703049697,-2844.062681915851
376,-414.43654206848925,0.9766387105573282,0.14315701925752378,4.0,15.0,0.0,415.3187603790933,0.27462201165030786,0.7253779883496921,0.7170645720239374,0.28293542797606264,-1.6148463500364663,-1.5180334408325846,-0.04135785145974432,0.11789342967939867,-2836.4073738550583
377,-415.36558426780636,0.9693483111508562,0.12360106967730566,4.0,23.0,0.0,417.61253224334683,0.12779572065762204,0.872204279342378,0.36665000257055047,0.6333499974294495,-1.7776884258457308,-1.3650546225634677,0.46904433825615516,0.031031163643261667,-2839.4734685902763
378,-416.94327903998663,0.6986078432301783,0.14153344395467612,3.0,15.0,0.0,419.75847187003706,0.5079690230911638,0.49203097690883624,0.36683065444874496,0.633169345551255,-1.4895827693541648,-1.4767705570704193,-0.29815318253926215,0.058903762312594976,-2856.600991184528
379,-419.12582267132717,0.9946995137855342,0.13260380661761337,4.0,15.0,0.0,420.45584232852224,0.014505076795015814,0.9854949232049842,0.9355462570107262,0.06445374298927375,-1.636416299725704,-1.3502670423366123,-1.7373318391056227,0.015211394137238085,-2839.982447494237
380,-415.9188827774553,0.7592861991483016,0.14315701925752378,4.0,31.0,0.0,417.3477300401418,0.30996289454305076,0.6900371054569492,0.6991289764636165,0.3008710235363835,-1.5086385900338912,-2.123366130395003,0.2100584523733305,0.04145724696278595,-2845.7448508593206
381,-417.0858641580108,0.587760310059836,0.12360106967730566,2.0,3.0,0.0,417.5083867518822,0.12224777897115181,0.8777522210288482,0.368623724944356,0.631376275055644,-1.7931833750022876,-1.347100327444597,0.4760930845417228,-0.1750835753687669,-2851.072358887215
382,-416.537750091595,1.0,0.14153344395467612,4.0,15.0,0.0,418.5019536101106,0.31582187334923334,0.6841781266507667,0.8552709134674148,0.1447290865325852,-1.5602252854818652,-1.9894579301885094,0.5468483075065675,0.035495850655534664,-2846.5466828058084
383,-417.3259038191801,0.6290422592201028,0.13260380661761337,4.0,15.0,0.0,422.94137662614577,0.08859858297242734,0.9114014170275726,0.15078354207092143,0.8492164579290786,-1.2205194978786815,-1.6341615895628867,-1.4751468166934112,0.11451666826940719,-2845.7221521658685
384,-415.1089491944564,0.9295248160622775,0.14315701925752378,4.0,15.0,0.0,416.6155080430964,0.4199952648849765,0.5800047351150235,0.6753984654675222,0.32460153453247775,-1.2996944443820724,-1.8925225140260247,0.22123391772525092,-0.10176602129983381,-2842.6299964437394
385,-414.8736188028323,0.9898314008201957,0.12360106967730566,4.0,15.0,0.0,417.9404014663002,0.5472625249148139,0.45273747508518614,0.8121054642767428,0.1878945357232572,-1.6089356172398643,-1.4759754003564143,0.2249438538364025,0.025820137771913457,-2839.060094854039
386,-418.59150991091144,0.9361860157501626,0.14153344395467612,5.0,31.0,0.0,420.1512526814804,0.04982162122168359,0.9501783787783165,0.7770303888145261,0.22296961118547387,-1.8692952305889141,-0.6380710337983566,-0.44787217805053015,0.07094071133155033,-2854.800662304464
387,-418.2926346702017,0.9650330818232659,0.13260380661761337,4.0,15.0,0.0,419.3943868561353,0.03287360334860885,0.9671263966513911,0.06878651286119483,0.9312134871388051,-0.7012865957871937,-1.5777588303013892,-1.5920128592733527,0.08322238460637496,-2841.890513660876
388,-415.8941268849537,0.9977232625683395,0.14315701925752378,4.0,15.0,0.0,417.1983904133083,0.8413580951732011,0.15864190482679885,0.2640465849560969,0.7359534150439031,-2.114895322374641,-1.444627355471639,0.23430020181706138,-0.5597317383771434,-2841.6852479690297
389,-414.71907795994827,0.9741129212003057,0.12360106967730566,3.0,15.0,0.0,416.7468122436749,0.6027643258511931,0.3972356741488069,0.8200376263351927,0.17996237366480727,-1.5338170152619366,-1.5262405355119144,0.19698460221954636,-0.07074333445452798,-2837.605598007443
390,-419.82999151221486,0.723528619294617,0.14153344395467612,3.0,7.0,0.0,422.9915274674994,0.021536068667920905,0.9784639313320791,0.752623213593931,0.24737678640606897,-1.524105154203074,-0.9988075607003786,-0.7994252962112273,-0.019042316448174557,-2858.3888363323085
391,-418.5538351426821,0.9822923114754059,0.13260380661761337,4.0,31.0,0.0,420.8104606794597,0.05876173847402625,0.9412382615259738,0.08751440775512966,0.9124855922448704,-0.31884250357253424,-1.7763670176250406,-0.9150383628023123,0.09967285830729958,-2850.267143090562
392,-415.27923508357514,0.9499655609352886,0.14315701925752378,4.0,31.0,0.0,418.1802158114636,0.3682169505182639,0.631783049481736,0.4704326625397875,0.5295673374602126,-1.6440948786745262,-1.5864406273174931,0.2790151997864805,0.12573563878409016,-2844.3853770984742
393,-415.4297719496457,0.9229161930419311,0.12360106967730566,3.0,15.0,0.0,418.6388008158862,0.612713595657531,0.38728640434246897,0.8061804594053723,0.1938195405946277,-1.5519555054503011,-1.6310270060894234,0.2656435283651736,0.02426357491190813,-2842.48984686746
394,-415.1606501852426,1.0,0.14153344395467612,4.0,15.0,0.0,421.5281406356281,0.2273614047573252,0.7726385952426749,0.7955089344093267,0.20449106559067332,-1.4576691198228398,-1.8631029583206677,-0.497530550202232,0.24668462857101642,-2838.171761810213
395,-418.172502388275,1.0,0.13260380661761337,3.0,7.0,0.0,419.38465166124615,0.09829405580132712,0.9017059441986729,0.1516008358157996,0.8483991641842004,-0.38664120987099143,-1.700947004172803,-1.0196909673550076,0.16173283056099275,-2854.1791766922947
396,-416.9842557471951,0.9629982468652297,0.14315701925752378,2.0,7.0,0.0,418.80971922197534,0.2369594118532845,0.7630405881467155,0.4172519269950128,0.5827480730049872,-1.5563860187717806,-1.4708218702796818,0.5550762758682681,-0.32317979313449297,-2854.5269691762223
397,-416.50510099863754,0.9905373418106072,0.12360106967730566,5.0,31.0,0.0,417.29489446051105,0.4340896743202858,0.5659103256797142,0.10437821421129134,0.8956217857887087,-2.063275922373999,-1.5741596216567402,0.012660663562174367,0.3135031957965874,-2845.1463120624744
398,-418.69929782670704,0.8365818419359773,0.14153344395467612,5.0,31.0,0.0,420.9468379522544,0.9198643282749231,0.08013567172507685,0.6317848349014428,0.36821516509855723,-1.8489936542564858,-0.8218006646617253,0.11493407698144761,-1.2148662035507931,-2859.365376264261
399,-417.962226299906,0.8994471583283958,0.13260380661761337,5.0,31.0,0.0,422.2599061306366,0.4055114314871349,0.5944885685128651,0.014730455752696988,0.9852695442473031,-0.20788142950258023,-1.4693828000387983,-0.3155868537489608,0.363636891922325,-2846.013288728938
400,-419.73474316034424,0.9847557294831177,0.14315701925752378,4.0,31.0,0.0,424.63621840635517,0.2499606653017086,0.7500393346982914,0.9961643098336533,0.0038356901663466614,-1.6291489410118463,-0.7980156865419986,0.32041499290599396,-0.21418972849452494,-2846.4336486482875
401,-416.4522422274419,0.9927413293356192,0.12360106967730566,5.0,47.0,0.0,419.2344848144287,0.37105083292406904,0.628949167075931,0.23227443916657844,0.7677255608334216,-2.2232482544091767,-1.4721441490014264,-0.2785576080427761,0.07367483607712161,-2848.5774983712613
402,-415.89782074179357,0.9903518801362045,0.14153344395467612,4.0,23.0,0.0,421.20524585963784,0.7152898409679342,0.28471015903206576,0.3279294230508428,0.6720705769491572,-1.4410946656729364,-1.419666625334002,0.20775397741909454,-0.380835333709412,-2847.78476954294
403,-420.6022274109169,0.8918054158835117,0.13260380661761337,5.0,47.0,0.0,421.9814310832284,0.11185338822959133,0.8881466117704087,0.013535425788844414,0.9864645742111556,-0.31945238148997634,-1.6938035995983105,-0.6471324391004681,-0.05104795930382638,-2856.722359773228
404,-419.3555987910722,0.8497519541565391,0.14315701925752378,5.0,31.0,0.0,422.622088329001,0.619724481851778,0.380275518148222,0.9783817896601326,0.02161821033986744,-1.4590812314182604,-0.36277642432708446,0.11621561293027766,0.3618721549227359,-2858.108351573344
405,-416.93392951291537,0.9679882696730958,0.12360106967730566,4.0,31.0,0.0,419.0945366970494,0.2979972125525145,0.7020027874474855,0.039663099644693375,0.9603369003553066,-1.644172757143812,-1.5672072845140235,-0.49406723648613926,0.13431380530121878,-2842.015873889337
406,-416.31316782346914,0.9435440057715991,0.14153344395467612,2.0,7.0,0.0,419.18679476543315,0.659538016259884,0.34046198374011605,0.07756358826749897,0.922436411732501,-1.4344619765954336,-1.6691308746274935,0.1701607357224413,-0.4306544668899433,-2842.8856088844923
407,-418.1136608510875,1.0,0.13260380661761337,5.0,63.0,0.0,422.66752123401795,0.30751730086676815,0.6924826991332318,0.3282687999614203,0.6717312000385798,-1.659782522549118,-1.798051116310155,-0.2855128929890013,0.42377724832897234,-2861.703576630759
408,-419.4032814940299,0.9953241506122208,0.14315701925752378,5.0,31.0,0.0,421.00455872574804,0.5913759863120073,0.4086240136879927,0.015214674083803588,0.9847853259161964,0.641660746013225,-1.4364588889823389,0.30536316789236534,-0.09192666682783533,-2856.081097856875
409,-423.12844192986813,0.8915512032465999,0.12360106967730566,5.0,63.0,0.0,426.93692790115693,0.003894803299302153,0.9961051967006979,0.0921734579879658,0.9078265420120342,-0.7258328094078483,-1.5016808261984886,2.7883285884548052,-0.08106969030302491,-2858.258091560077
410,-414.90868313942224,1.0,0.14153344395467612,4.0,15.0,0.0,416.79611172758973,0.7835247331509441,0.21647526684905594,0.6123917576674395,0.3876082423325605,-1.4164568192937848,-1.6124962145247852,0.1674721340709711,-0.3353859699489183,-2839.7984364556905
411,-416.0664009094972,1.0,0.13260380661761337,4.0,23.0,0.0,419.2287507316906,0.268315431101653,0.731684568898347,0.42431493213141813,0.5756850678685819,-1.4186998102377657,-1.6587118574017483,-0.5528302237322079,0.06323995249598524,-2848.7218208577283
412,-417.3500316473386,0.9855469123538747,0.14315701925752378,3.0,11.0,0.0,421.1046038288829,0.2919740312369071,0.708025968763093,0.015758263646697652,0.9842417363533024,0.44245620012892883,-1.5807471910505575,0.34049308334261413,-0.12668317334802684,-2840.842531333549
413,-421.8517246003641,0.9616547127452175,0.12360106967730566,3.0,7.0,0.0,426.3183229916852,0.002876263182613438,0.9971237368173865,0.12961931877673824,0.8703806812232617,-0.6558557464992575,-1.618338688235541,2.635026984168548,-0.04862112369881147,-2849.9066261450216
414,-415.93336127079004,0.8994050837810299,0.14153344395467612,4.0,31.0,0.0,417.7145958570872,0.08054731108283643,0.9194526889171636,0.31563115774967554,0.6843688422503245,-1.1757863499884775,-1.6582978010504685,0.644150306261178,-0.02692509788247184,-2840.67292103187
415,-415.4079087422931,0.9684864336760746,0.13260380661761337,4.0,15.0,0.0,420.86145926089233,0.3217196070899456,0.6782803929100544,0.8153290431671995,0.18467095683280055,-1.4494199640600347,-1.559649322912187,0.359598454996244,-0.086881783242306,-2841.9093979318213
416,-417.17547601664825,0.930865587791222,0.14315701925752378,3.0,11.0,0.0,419.6615344082657,0.4377412901455012,0.5622587098544988,0.01260354735286961,0.9873964526471304,0.30942974848479665,-1.6034221297815747,0.3384604994570528,-0.07386012417054165,-2839.3551296117216
417,-416.8288891855483,0.7905951490327277,0.12360106967730566,5.0,63.0,0.0,423.1527241336419,0.04386475515016815,0.9561352448498318,0.8902741726417305,0.10972582735826952,-1.540036539070215,-1.4754374878338656,0.32784216043804837,0.0560499267616352,-2837.3534801516507
418,-418.0645714664061,0.9843628812684265,0.14153344395467612,5.0,31.0,0.0,418.90728938438014,0.05000762802038826,0.9499923719796117,0.0743687440320023,0.9256312559679977,-0.3446706001471832,-1.5825949266926889,0.9721026126586121,-0.022846907992117985,-2845.273851940393
419,-414.84895206773473,1.0,0.13260380661761337,4.0,15.0,0.0,416.29108992591705,0.2890498775424981,0.7109501224575019,0.5908239040603066,0.4091760959396934,-1.294339200982414,-1.8892459143858795,0.4458911938636131,-0.11734806681313428,-2840.224794773763
420,-415.75412266833973,0.9339279323843073,0.14315701925752378,5.0,43.0,0.0,419.0922557303675,0.5589848550516733,0.4410151449483267,0.9041974351133574,0.09580256488664263,-1.508086699022149,-1.0933050420977348,0.24714314606515672,-0.17314877598190584,-2842.2826201064604
421,-417.7701592180799,0.8403665956582305,0.12360106967730566,5.0,31.0,0.0,420.10258098771527,0.462368492996306,0.537631507003694,0.08429144028877385,0.9157085597112261,-1.5052943384126145,-1.5890586655970294,-0.6138593715903836,0.603110140796031,-2853.7678100907865
422,-417.0184227387856,0.917337481921406,0.14153344395467612,6.0,63.0,0.0,419.8978882904599,0.8991261608897048,0.10087383911029524,0.05530166517085084,0.9446983348291491,-0.4641036929649147,-1.6676822528816428,0.03141898190312972,0.695926395324945,-2840.6840239562525
423,-414.1114850534828,0.9893740452787494,0.13260380661761337,4.0,15.0,0.0,415.2359636999185,0.4232045474084139,0.5767954525915862,0.5534328935763893,0.44656710642361075,-1.6800745781694446,-1.4384656474305282,0.3896002836717013,-0.13416389803937764,-2836.8136260533697
424,-415.8971833000718,0.9775399067987054,0.14315701925752378,3.0,7.0,0.0,416.16147816186475,0.6161271614574573,0.3838728385425427,0.87464923977601,0.12535076022399005,-1.5091660589755158,-1.0454778700521048,0.1513712785228345,-0.13009100578958446,-2844.74183419891
425,-414.9841643338052,0.9942603228219191,0.12360106967730566,5.0,31.0,0.0,418.9556466542925,0.16245754425852585,0.8375424557414741,0.2403235408796711,0.7596764591203289,-1.6770301404382308,-1.5539082773452204,-0.4511746007096745,0.123158307419653,-2836.3808725118165
426,-417.0294299008633,0.9534510977832306,0.14153344395467612,4.0,15.0,0.0,419.7670448365675,0.8145117306571632,0.1854882693428368,0.12421339010727557,0.8757866098927244,-0.3849015156269636,-1.7484091494542395,0.019314726831086315,0.32779683809536275,-2849.4974017028235
427,-418.1865896075942,0.7335021282116061,0.13260380661761337,4.0,23.0,0.0,422.7526187296611,0.9177647089189681,0.08223529108103189,0.018280397902963257,0.9817196020970368,-1.7939643736520237,-1.633068968261865,0.010703702615798338,0.417399203360145,-2837.8770722027207
428,-418.3237705267855,0.9484180975916396,0.14315701925752378,4.0,15.0,0.0,418.8145593744121,0.8294266029557644,0.17057339704423558,0.8812724685557668,0.1187275314442332,-1.5439551369197515,-0.6426874787888793,0.12468239745844696,-0.9540792575613917,-2857.361993914916
429,-415.9304612765292,0.9977513721376713,0.12360106967730566,5.0,31.0,0.0,417.99485073574516,0.4974310741437436,0.5025689258562565,0.0892414870348947,0.9107585129651052,-2.3894449115694005,-1.465641464171933,0.16012056221519802,-0.023449530839722357,-2839.4244230004397
430,-420.40398864726654,0.5044752463253399,0.14153344395467612,4.0,15.0,0.0,421.6664442636515,0.11592297450107733,0.8840770254989226,0.0015894257293923354,0.9984105742706076,-0.8492514784733085,-1.4922446871591024,-0.7411884848534187,0.1229095990607719,-2840.751593695138
431,-417.49604334975925,0.9992936711634653,0.13260380661761337,3.0,7.0,0.0,418.51757323061526,0.9084360846837396,0.0915639153162604,0.029531281619498074,0.970468718380502,-1.8624460966466478,-1.5869065910538613,-0.016240946507491034,0.4062866681761405,-2836.9320235975465
432,-416.50857725613173,0.4350517299731056,0.14315701925752378,4.0,15.0,0.0,425.2367774482515,0.5352793108276147,0.4647206891723853,0.6075940079773033,0.39240599202269666,-1.6749457090015534,-1.82066640222007,0.15639594325267958,-0.2632348917710663,-2852.2593525758657
433,-415.7124761751225,0.9696900685586091,0.12360106967730566,5.0,31.0,0.0,418.70266237958725,0.9252700267556312,0.07472997324436881,0.554853646157244,0.445146353842756,-1.4360539904255714,-1.776068784276458,0.13892093564074812,-1.0493541690915218,-2838.053951104266
434,-416.87067589970974,0.5428020560125227,0.14153344395467612,4.0,15.0,0.0,423.27964760467273,0.19490608858410471,0.8050939114158953,0.13539083689346246,0.8646091631065376,-0.4129770924718296,-1.6634674063314179,-0.22920482420033164,0.14731518553800912,-2849.4289233876643
435,-415.567386732777,0.9432543826295972,0.13260380661761337,5.0,31.0,0.0,419.2776806062084,0.07302335810629221,0.9269766418937078,0.41440702803755486,0.5855929719624451,-1.6182565512282538,-1.5562223032296119,-0.24267637578156231,0.1455643801567426,-2837.8334140434413
436,-417.6136771252091,0.9606323781831689,0.14315701925752378,4.0,23.0,0.0,420.98126498911495,0.7856575367055936,0.21434246329440643,0.8500996953768398,0.14990030462316017,-1.4309558867009804,-1.7046767803669791,0.3661435557785423,-0.3291666936420154,-2853.749682286439
437,-415.9184728335189,0.9765054863084318,0.12360106967730566,3.0,15.0,0.0,417.35994175095846,0.9557422866010504,0.04425771339894957,0.5927148777410516,0.4072851222589484,-1.5908301308035995,-1.643075991077991,0.08951917025596254,-0.48600549849928265,-2836.6687718405065
438,-416.98824222533284,0.8536587254932145,0.14153344395467612,4.0,15.0,0.0,418.2094039096378,0.20203616719578027,0.7979638328042198,0.0270046872526999,0.9729953127473001,-0.48377422664892367,-1.5416298393287762,-0.5685801635195598,0.1689990982584804,-2840.149886359235
439,-416.8901775332234,0.9918021126106717,0.13260380661761337,5.0,31.0,0.0,419.27827719127265,0.2013308277169486,0.7986691722830515,0.9490989134203751,0.05090108657962489,-1.539645964333388,-0.5970854160376764,-0.6525875034893241,0.1645218601425328,-2843.473534516057
440,-415.80745931098994,0.9784289463698126,0.14315701925752378,3.0,7.0,0.0,422.7288175602967,0.6188715810139945,0.38112841898600547,0.4845129728181992,0.5154870271818008,-1.561750648525773,-1.4657976160463195,0.5272271737369836,-0.43807114023810656,-2848.3682713028174
441,-418.83165061169115,0.8570799604118898,0.12360106967730566,2.0,3.0,0.0,419.16537176982627,0.9650345478963988,0.03496545210360125,0.5469243330404611,0.45307566695953894,-1.7100553000226495,-1.7286583175196704,-0.06510877360669448,-0.34171335549703996,-2854.9291752558293
442,-415.4814485787482,0.5873624008882565,0.14153344395467612,4.0,23.0,0.0,419.9317159856131,0.5563368360621395,0.44366316393786054,0.12127125414334347,0.8787287458566565,-0.8563451559219134,-1.6017635935897663,-0.0011264872603413273,0.2677832437635328,-2842.002753120724
443,-417.6222957004659,0.9645740220409601,0.13260380661761337,4.0,15.0,0.0,418.0854346786807,0.08892486074858558,0.9110751392514145,0.9411392418829114,0.058860758117088574,-1.576137298209394,-0.6074731938797424,-0.7840670516983617,0.2438029927890019,-2844.4411251175907
444,-416.454190773114,0.9917188650291805,0.14315701925752378,4.0,15.0,0.0,418.012856636067,0.9226504406657303,0.07734955933426968,0.6423386486135333,0.3576613513864667,-1.3293655497124885,-2.0761165620214013,0.041501845625488726,-0.3068657376990024,-2843.037184402666
445,-418.02234697161424,0.9881886484861285,0.12360106967730566,5.0,31.0,0.0,422.00930621224506,0.9655757279786635,0.034424272021336466,0.13500506820368913,0.8649949317963108,-2.1613327212218416,-1.5311009413998924,0.17895480652428933,-1.3064785638749008,-2841.688401717083
446,-415.94145694731435,0.6242512684681355,0.14153344395467612,5.0,31.0,0.0,418.5044542064545,0.5476415961859354,0.45235840381406456,0.7169949619297658,0.28300503807023425,-1.80587677629108,-1.4998228409522238,-0.27778118992881884,0.39092066646252976,-2847.60803277444
447,-416.64757391533306,0.6160286653415034,0.13260380661761337,3.0,15.0,0.0,422.41444978669006,0.11745353184623453,0.8825464681537655,0.9532770071103863,0.04672299288961368,-1.5977891696808384,-0.7850578212054943,-0.45672978005200787,0.07740725313866326,-2838.0275555278085
448,-418.4170061677425,0.9433729518159804,0.14315701925752378,4.0,15.0,0.0,420.01621368858866,0.12328511060601399,0.876714889393986,0.33595254003958847,0.6640474599604116,-2.107995771634147,-1.2442465395938873,-0.012006162512523025,-0.11914875987173285,-2859.4046686227402
449,-417.2926381086847,0.9644534993498923,0.12360106967730566,5.0,31.0,0.0,419.0810231532342,0.05248456662625968,0.9475154333737403,0.53478010920209,0.46521989079791004,-1.5113084624669468,-1.4673157213859642,0.08427993106401135,-0.07783956615848314,-2848.3719011159096
450,-416.3842116159968,0.9904744876408684,0.14153344395467612,5.0,31.0,0.0,416.95865843835895,0.5451711407480953,0.45482885925190475,0.3307806859361202,0.6692193140638798,-1.391690745109263,-1.4293840582012605,0.462135272477248,-0.367076146353451,-2852.4936243577126
451,-415.73192709899627,0.9394046523736129,0.13260380661761337,5.0,31.0,0.0,418.1682715740016,0.31067520646725527,0.6893247935327447,0.9176666283559042,0.08233337164409582,-1.6110560046956168,-0.7038036010685995,-0.15051266260032414,0.23129580051177878,-2840.552576299983
452,-417.90292770284503,0.9590488655626765,0.14315701925752378,4.0,15.0,0.0,420.69373187629554,0.8567494335351624,0.14325056646483758,0.209787818897783,0.790212181102217,-0.8365011098529249,-1.898775258680658,-0.08524560962609494,0.2676072618411719,-2856.0808448799153
453,-415.0175512693008,1.0,0.12360106967730566,4.0,15.0,0.0,418.7701418252409,0.15848728570114545,0.8415127142988545,0.5817313510851924,0.41826864891480764,-1.690141645969933,-1.3360003040156925,0.2905710796653815,-0.05024119363165344,-2839.076950308511
454,-416.91494946513916,0.9842069495194296,0.14153344395467612,5.0,31.0,0.0,419.10251211176944,0.7379294210462718,0.2620705789537282,0.2575065140597621,0.7424934859402379,-1.2525276548797375,-1.4385106935367578,0.1612858004026274,-0.14753389622861868,-2853.985442915696
455,-416.7029003069095,0.9953446915507048,0.13260380661761337,4.0,15.0,0.0,416.9675087895983,0.767886893784269,0.232113106215731,0.952206436243181,0.04779356375681898,-1.646474434652966,-0.43139165561986303,0.06699321685698478,0.39098565008714353,-2842.587077893299
456,-415.8663904444093,0.9500737300412633,0.14315701925752378,4.0,15.0,0.0,419.0920495821323,0.1894584157347263,0.8105415842652737,0.49050384082345444,0.5094961591765456,-1.6870367839965745,-1.2915501632696618,-0.5079682031448836,0.06736815960756516,-2846.0573538557146
457,-420.04538809261186,0.9340296053345701,0.12360106967730566,4.0,15.0,0.0,422.5741603892923,0.4773358259180797,0.5226641740819202,0.9635404592418862,0.03645954075811375,-1.4935151965450284,-0.6572615354359814,0.6031947000419687,-0.6301877443949234,-2865.89226600717
458,-417.4497718319879,0.8313876245376933,0.14153344395467612,2.0,3.0,0.0,418.61593360722145,0.707831623281581,0.292168376718419,0.2863862949067929,0.7136137050932071,-1.3057235157647002,-1.9571103571846744,0.13719978575917294,-0.23949539234190176,-2856.9408482980953
459,-417.59171008396424,0.8774052152478528,0.13260380661761337,3.0,7.0,0.0,419.6581458709831,0.819202492776779,0.18079750722322097,0.977836776602682,0.02216322339731802,-1.5995338980602898,-0.5382355568802394,-0.09215710846454776,0.1630858104612582,-2842.470582493823
460,-416.86033342766206,0.7977472201287515,0.14315701925752378,3.0,7.0,0.0,418.64664308832846,0.36728970342004097,0.632710296579959,0.6026063340953924,0.39739366590460756,-1.6758241154800182,-1.8186301664842084,-0.5016393105484511,0.21389052099420666,-2854.077374666029
461,-415.8431162186482,0.9164022022679024,0.12360106967730566,5.0,31.0,0.0,422.9443141161693,0.2149737093508721,0.7850262906491279,0.1478613630321637,0.8521386369678363,-1.2342580142400048,-1.5980336075854704,-0.7654257698724235,0.30683024265890235,-2841.8347145726575
462,-416.7660643656506,0.9910114989465902,0.14153344395467612,4.0,23.0,0.0,418.51073770861416,0.7207428524549975,0.2792571475450025,0.7273962201929761,0.2726037798070239,-1.3131187786422895,-1.6297319605984177,-0.04930139766870995,0.2268075166046758,-2852.8385291494237
463,-419.7191249145833,0.9828364578945975,0.13260380661761337,5.0,63.0,0.0,421.69533087850147,0.7786225228262507,0.22137747717374934,0.996024965374726,0.003975034625274043,-1.6085303515752347,1.2961664930958767,0.19289448017307087,0.11505524394838974,-2845.232367385715
464,-418.66991178073437,0.8887230249368407,0.14315701925752378,2.0,3.0,0.0,419.29078880811915,0.4543795847166586,0.5456204152833414,0.6086430180522208,0.39135698194777924,-1.6827999710058672,-1.8710168119795652,-0.5178174342474271,0.21952568674623413,-2866.7840190479974
465,-415.00243274543857,0.9620144631206808,0.12360106967730566,4.0,31.0,0.0,418.45671815389693,0.4308528938255253,0.5691471061744747,0.5603669716636995,0.43963302833630047,-1.238478480788668,-1.9262909202733283,-0.11674576418634847,0.11268982552096445,-2842.79692039257
466,-418.2667353524778,0.9307112525827236,0.14153344395467612,3.0,11.0,0.0,420.224227017588,0.6422825409530781,0.35771745904692187,0.8258297560184468,0.17417024398155323,-1.3085433434769422,-1.5605615421556949,-0.062224447190254814,0.19327187692059217,-2862.113039534239
467,-419.1971522219729,0.9720266104232496,0.13260380661761337,4.0,15.0,0.0,422.71089223439316,0.9305040644415942,0.06949593555840583,0.9851962225882236,0.014803777411776409,-1.5801394080581335,0.9157484741829351,-0.06906879684558279,0.8860074276222598,-2844.0278261768085
468,-416.642664683251,0.9695011265644208,0.14315701925752378,4.0,19.0,0.0,421.29643042602436,0.3281140311438269,0.6718859688561731,0.8932995935692986,0.10670040643070144,-1.7938935270647673,-0.6861561328367278,0.0229103946915519,0.14884041358934197,-2848.1786995899806
469,-416.10999514601826,0.8451777620043444,0.12360106967730566,3.0,15.0,0.0,418.3541040361673,0.41319040219384373,0.5868095978061563,0.7838641107943588,0.2161358892056412,-1.7413688850266673,-1.6708101178835686,-0.1489100032420396,0.15514123752868983,-2847.2658500700386
470,-418.6122755639649,0.9383253039509214,0.14153344395467612,5.0,47.0,0.0,421.70561739865434,0.3871818021094863,0.6128181978905137,0.0276299531596939,0.9723700468403061,-3.249332581546114,-1.4437364370213916,-0.309929244470482,0.23720601205080394,-2845.7015712056245
471,-418.50297299237286,0.9476819231470941,0.13260380661761337,3.0,7.0,0.0,420.0337250151882,0.8541216462979833,0.14587835370201674,0.9820652320040849,0.01793476799591509,-1.5723196375298287,0.7123893976800832,-0.08359595878936282,0.9914994475280112,-2845.200638716056
472,-416.3937912130498,0.9911285236205115,0.14315701925752378,5.0,31.0,0.0,417.53090805615994,0.5115153774829763,0.48848462251702374,0.03240928301552443,0.9675907169844755,-1.0273073945115525,-1.5109876538638114,0.049295991532488696,0.08090549597469672,-2839.959747031984
473,-414.8344008531958,0.9723740206267196,0.12360106967730566,3.0,15.0,0.0,417.7125167219027,0.43015475212554216,0.5698452478744578,0.4965323698720355,0.5034676301279646,-1.2210332383208706,-1.7536288315556774,-0.21314919680279062,0.2781886340025496,-2842.236927641048
474,-418.72883778699264,0.8807897815647902,0.14153344395467612,2.0,3.0,0.0,419.6102324639454,0.40154324475989944,0.5984567552401006,0.021160415454782172,0.9788395845452178,-3.197457685551608,-1.43763186969263,-0.22878577317321816,0.23079846183413424,-2845.1418578536645
475,-416.01770994550645,0.9895260908773292,0.13260380661761337,4.0,31.0,0.0,421.73629997526234,0.5470280610553561,0.45297193894464394,0.9497655350379299,0.05023446496207007,-1.6408581697157858,-0.3668657726386834,-0.10234905584347814,0.16103034262919608,-2840.621004098885
476,-417.71746441377894,0.8832094730925011,0.14315701925752378,4.0,15.0,0.0,419.9560443013532,0.46792158091690994,0.5320784190830901,0.010321798323775578,0.9896782016762244,-0.9538866818794504,-1.6610270717052666,-0.10485102720010742,0.3278255487290357,-2840.9507934522685
477,-416.0912403785733,0.9589948420474596,0.12360106967730566,5.0,47.0,0.0,418.00680925754165,0.08802458486625586,0.9119754151337441,0.6286520046546294,0.37134799534537055,-1.658847898198077,-1.364727534516489,-1.2697790082221083,0.16566592444345174,-2841.3836315795734
478,-418.5055162098781,0.8673609734817861,0.14153344395467612,4.0,15.0,0.0,419.83452958501306,0.20877549125049236,0.7912245087495077,0.050283231925776155,0.9497167680742239,-3.295844029069061,-1.5137728098071228,0.12228677965578119,0.07567917355149764,-2846.107941350255
479,-417.63216667946784,0.6017424614295741,0.13260380661761337,3.0,7.0,0.0,420.8757938780884,0.28910350761850145,0.7108964923814985,0.8896219238208383,0.11037807617916173,-1.5887780525450217,-0.2553329973613829,-0.18286140370628354,0.060285557493747116,-2855.671937568547
480,-418.1445372164578,0.996285110892853,0.14315701925752378,4.0,15.0,0.0,418.9271979171722,0.7311147682341692,0.2688852317658308,0.0053256415142080215,0.994674358485792,-0.7920762217559928,-1.5546459595352016,-0.10647791674433926,0.27871211872730706,-2838.297544948899
481,-417.37142950975834,0.8286808914611197,0.12360106967730566,3.0,7.0,0.0,419.3049869288355,0.10291030287535217,0.8970896971246478,0.6467642211674417,0.3532357788325583,-1.5280872983189324,-1.3622972342258954,-1.3196197186943408,0.09899216785146477,-2851.312606477921
482,-419.0653941506846,0.7969079536106038,0.14153344395467612,3.0,7.0,0.0,421.020582997689,0.160629390094433,0.839370609905567,0.026380521223600066,0.9736194787764,-3.0747561115034885,-1.5084290806435374,0.29047642866440193,-0.11493595829173817,-2845.452141300786
483,-419.381355433479,0.9099712313512072,0.13260380661761337,4.0,31.0,0.0,420.55200074270243,0.5076292264016687,0.49237077359833126,0.9962484320067362,0.0037515679932638157,-1.4725432640485574,-0.8447590172161227,0.4774202647364168,-0.20257487282833936,-2846.075423635808
484,-414.89260574593055,0.9679900522946314,0.14315701925752378,4.0,15.0,0.0,419.0096305673149,0.48115517289185816,0.5188448271081418,0.361122591776435,0.638877408223565,-1.2024338064538542,-1.7085368763934954,0.12324899201881315,0.14496102430641072,-2842.4595489729986
485,-417.45274619927136,0.799354832235586,0.12360106967730566,5.0,39.0,0.0,420.50262290513285,0.08764484118480373,0.9123551588151962,0.07191837381092968,0.9280816261890703,-1.7940120303293359,-1.4716688460004093,-0.6385452950953745,0.20866343857365477,-2842.47396420221
486,-418.6473801178487,0.8140791709584269,0.14153344395467612,4.0,23.0,0.0,420.96199149033725,0.7701387350890585,0.2298612649109415,0.12142275230885108,0.8785772476911489,-2.612098896764384,-1.552938996921651,-0.08785889019982819,-0.07272500594951437,-2856.508962797522
487,-418.48082090561155,0.8638438230256901,0.13260380661761337,3.0,15.0,0.0,421.2342640070925,0.4173314102130913,0.5826685897869087,0.9808527989228338,0.019147201077166165,-1.4343240399994084,-0.7207597113820292,0.2679025364870612,-0.21821929439635296,-2851.2095390904205
488,-415.0523499892064,0.8919720911489071,0.14315701925752378,4.0,31.0,0.0,416.84931245908734,0.21163738524033382,0.7883626147596662,0.4630460862393444,0.5369539137606556,-1.5744128707500504,-1.4634448094234882,-0.6948942045682047,0.26323563816995044,-2840.630080665394
489,-422.766195660792,0.38391917533316344,0.12360106967730566,5.0,31.0,0.0,428.61166179027913,0.06305261755262906,0.936947382447371,0.0031468764066468298,0.9968531235933532,-1.8995066901040865,-1.3918550777218512,0.15714194948522103,0.13057598630923994,-2856.179926454158
490,-417.16785709119745,0.9968844891641251,0.14153344395467612,4.0,15.0,0.0,420.5286642887958,0.24564879616692878,0.7543512038330712,0.05113115592537463,0.9488688440746254,-2.5577565094693298,-1.449120287933037,-0.03052321695251374,0.12094721893783926,-2841.67132077293
491,-416.8191771218058,0.9991292163165753,0.13260380661761337,4.0,31.0,0.0,420.3296016544956,0.42770283622165345,0.5722971637783465,0.14002788416346437,0.8599721158365357,-2.1035298081976017,-1.6765094295183296,-0.16260728965389135,0.24000653779123055,-2848.6203902637985
492,-417.42412893571105,0.9469168997750745,0.14315701925752378,4.0,15.0,0.0,418.22478434087884,0.10178160064059633,0.8982183993594037,0.10072417042645954,0.8992758295735405,-2.213507545883952,-1.423698011437551,-0.7151643549373733,0.056569486011203186,-2843.9240712540472
493,-419.92653330744747,0.9309593485360974,0.12360106967730566,3.0,7.0,0.0,423.19676522004363,0.07175878017385585,0.9282412198261442,0.004430192649351334,0.9955698073506487,-1.8716908835577564,-1.4986500228849164,0.11946435385837681,0.03254296706308496,-2839.5938180842627
494,-415.70598638587916,0.9757578784311746,0.14153344395467612,4.0,31.0,0.0,420.37957901767794,0.8229460204813083,0.17705397951869173,0.4720620617493937,0.5279379382506063,-1.7620089602875466,-1.2559533167325014,0.2496551437128774,-0.7644730412006887,-2844.0906695445406
495,-417.4727476648256,0.9909816045330266,0.13260380661761337,3.0,15.0,0.0,419.0736012495504,0.34081126077860846,0.6591887392213915,0.2386186186234271,0.7613813813765729,-1.0351570968918429,-1.4778198473143414,-0.1961693626459127,0.11435032836604486,-2858.8483225556965
496,-416.8179139134244,0.9983112123878765,0.14315701925752378,4.0,15.0,0.0,419.2602258376045,0.43733293271770046,0.5626670672822995,0.05780808823607912,0.9421919117639209,-1.184882791495611,-1.4933829857232255,-0.4591226575803999,0.3292297959112144,-2846.0742522480286
497,-417.5359926226831,0.9816710748029609,0.12360106967730566,4.0,31.0,0.0,421.6837606982667,0.7713484006013842,0.2286515993986158,0.017616608598056287,0.9823833914019438,-2.0008227229555198,-1.6199899334792311,0.24683570656706097,-0.3611623345754378,-2838.3397017929137
498,-415.69150850400337,0.9022586358461003,0.14153344395467612,2.0,3.0,0.0,416.87249892569884,0.8311373710757657,0.16886262892423431,0.5057026786857014,0.4942973213142986,-1.7953228828658854,-1.2475482070675383,0.2686498472842581,-0.7993817219868362,-2843.6127663984994
499,-415.35912646403267,0.983223489884702,0.13260380661761337,4.0,19.0,0.0,418.51662924952467,0.552473216840583,0.44752678315941696,0.5806290666164274,0.41937093338357256,-1.450664853371712,-2.006144982987217,-0.21016388648365522,0.3161801771145896,-2844.3716209930462
500,-416.38131497096066,0.7721108254762673,0.14315701925752378,3.0,7.0,0.0,419.65879825313266,0.47954926884080556,0.5204507311591944,0.10852853328032491,0.891471466719675,-1.2799365784178103,-1.6762543603307931,-0.1763031464141353,0.5227081043569005,-2846.4350308121634
501,-416.1111232113549,0.9768929957393524,0.12360106967730566,4.0,15.0,0.0,418.2421394780619,0.36502383521452403,0.6349761647854759,0.05030765021300231,0.9496923497869977,-1.9562389681269508,-1.551247183290978,0.1444772514348995,0.09224396177519523,-2837.87938996594
502,-419.19326411782237,0.9491631820321114,0.14153344395467612,6.0,63.0,0.0,422.25237847936745,0.8813280594047301,0.11867194059526986,0.01668799547788794,0.9833120045221121,0.24945925570539731,-1.562783600230461,0.2386086678419137,-1.2578606464832003,-2848.1206440011993
503,-416.06905177823717,0.9393852026465069,0.13260380661761337,4.0,15.0,0.0,419.1609492544335,0.7985350162416468,0.2014649837583532,0.24227078619432557,0.7577292138056744,-1.7243985473007064,-1.3730822877451339,0.18576547055055015,-0.1446857671454677,-2845.5289960495043
504,-419.51641961357393,0.9382832014663772,0.14315701925752378,3.0,11.0,0.0,421.3725650965911,0.9722314830188047,0.027768516981195313,0.7043391626620018,0.2956608373379982,-1.708308043642334,-1.612734879795853,0.21250748048271875,0.9969393450016395,-2856.4644555384457
505,-420.0670917028137,0.7755540239953689,0.12360106967730566,3.0,7.0,0.0,423.2584532942351,0.7880192446890558,0.21198075531094418,0.26521601496354674,0.7347839850364533,-2.412146681950694,-1.4933312674025798,-0.20161632810424,0.16236619345698286,-2871.0549365974343
506,-420.40143363773626,0.6518308901674766,0.14153344395467612,4.0,15.0,0.0,423.1949103522723,0.9784933053483402,0.021506694651659775,0.008174643027803791,0.9918253569721962,0.06513470577486952,-1.5116850036187455,0.030208513920457425,-0.9915713082200107,-2841.271512246326
507,-415.62222466045324,0.9220600317400729,0.13260380661761337,3.0,7.0,0.0,419.0872449042789,0.47583450747407596,0.524165492525924,0.47349950351560716,0.5265004964843929,-1.6417312756904152,-1.3022229488075623,0.20510566571881375,0.10587572594073166,-2847.9911103116533
508,-420.5948988253967,0.9673632771208961,0.14315701925752378,3.0,7.0,0.0,421.48148445163383,0.9867525296524983,0.013247470347501733,0.7664644481706944,0.23353555182930563,-1.7727339313479327,-1.4642667751995775,-0.12456047814006567,0.8476412088426266,-2858.3230453280207
509,-419.69409299964946,1.0,0.12360106967730566,4.0,31.0,0.0,422.2059038611867,0.9436816823377614,0.056318317662238604,0.017261258174215942,0.982738741825784,-1.2204411995068527,-1.6148583411885415,0.22743864307349979,-0.1840053877019232,-2847.099273977779
510,-418.13321440755254,1.0,0.14153344395467612,4.0,15.0,0.0,420.4859376259901,0.6513821075199869,0.34861789248001307,0.0636427743903183,0.9363572256096817,0.07444449085997122,-1.7003572163060432,0.44671815587327435,-0.5183921590468497,-2855.7345469297716
511,-415.7421820518367,0.9778178861005432,0.13260380661761337,4.0,31.0,0.0,418.9833951364289,0.8748017701106653,0.1251982298893347,0.35076149683557795,0.6492385031644221,-1.3266532299009086,-1.6965367024896272,-0.13585354675573702,0.6193440182785284,-2841.995081131106
512,-419.24969735044345,1.0,0.14315701925752378,3.0,7.0,0.0,421.23810725403916,0.8691116900316651,0.1308883099683349,0.8014414572779816,0.19855854272201845,-1.7842032418079083,-1.359620925979345,0.16419011366400918,0.8979043019738631,-2863.2980350302155
513,-414.50886756775935,0.9343798737817536,0.12360106967730566,5.0,31.0,0.0,423.66423023183654,0.5290810778748184,0.4709189221251816,0.5647543886151049,0.43524561138489515,-1.6224379063214922,-1.6656415334198675,-0.17703872946938196,0.2081871809404599,-2839.300224204924
514,-420.62662183876637,0.449997370243533,0.14153344395467612,4.0,15.0,0.0,425.4890813288291,0.804356641511767,0.195643358488233,0.00037601244945155985,0.9996239875505485,-0.014062585849449168,-1.5698715610047649,0.1148150778900636,-0.2213478117582362,-2836.15386227108
515,-416.04398505536165,0.9307715638643238,0.13260380661761337,4.0,15.0,0.0,419.74212516474023,0.6849106470270308,0.31508935297296925,0.6532244149547359,0.34677558504526407,-1.2106296399283871,-2.074957231464763,-0.027732235817908693,0.11359998823676622,-2848.0855580952207
516,-417.77200535659966,0.9484557009420714,0.14315701925752378,3.0,7.0,0.0,420.5981475575778,0.6920051704117813,0.30799482958821867,0.7820068433906765,0.2179931566093235,-1.7767928892633096,-1.488779852911038,-0.26772774292666046,0.905238838577915,-2857.558160349902
517,-414.85277592900593,0.9608052524325815,0.12360106967730566,4.0,15.0,0.0,416.70040175634426,0.4830155227572911,0.5169844772427089,0.5339448588341832,0.4660551411658168,-1.8876076549730243,-1.281443351697258,-0.2697846345363794,0.4372866829061067,-2841.786746567033
518,-421.6797293185003,0.8979735499434565,0.14153344395467612,4.0,15.0,0.0,424.06634070269524,0.6216359870423349,0.3783640129576651,0.0001011608993370809,0.9998988391006629,-0.15537961340333745,-1.5726584626350013,0.05546635016883282,0.1744877202962884,-2837.1336700613165
519,-415.56862399042603,0.9946944092317632,0.13260380661761337,3.0,7.0,0.0,416.6950796983734,0.5842024202823333,0.41579757971766673,0.6021058776050666,0.3978941223949334,-1.3497717593699596,-2.0673663639040685,0.11484116826235477,0.1527495085590628,-2845.7058585666173
520,-419.28695083952096,0.4986378736851292,0.14315701925752378,2.0,3.0,0.0,423.76678879259157,0.653666507470303,0.34633349252969703,0.7640836058986216,0.23591639410137843,-1.3713525117821361,-1.4357528196743061,-0.1405678573330851,0.8696548630112013,-2870.160763661994
521,-414.872082326183,0.9340262415277457,0.12360106967730566,4.0,31.0,0.0,416.64175700416314,0.5202609905696542,0.47973900943034575,0.47025874671062057,0.5297412532893795,-1.939578236184361,-1.3162734898515085,0.05576584395202292,-0.04653943688559589,-2841.897693851796
522,-421.66919788148704,0.8183609937458254,0.14153344395467612,4.0,15.0,0.0,424.2823925239981,0.7389759710404369,0.2610240289595631,0.00041271607259618084,0.9995872839274038,-0.2853676245574094,-1.6742418162655783,-0.04170318850494567,-0.009994949467213958,-2845.0944505823836
523,-415.340225726313,0.9806584672845433,0.13260380661761337,4.0,15.0,0.0,416.548763738427,0.4453555208982245,0.5546444791017755,0.7709799369115976,0.2290200630884024,-1.5003913316617954,-1.7962218858307843,-0.16572716018829348,0.4400171966036507,-2842.5105115788892
524,-415.6550101003919,1.0,0.14315701925752378,2.0,3.0,0.0,418.7992410051661,0.7156299101405494,0.28437008985945056,0.7211525071998278,0.2788474928001722,-1.5280203026942853,-1.4887581075080292,-0.11800993545093655,0.8074219856962712,-2844.6606407227496
525,-414.87595814325914,0.9814617927166026,0.12360106967730566,4.0,15.0,0.0,416.11339017661464,0.4896773671667026,0.5103226328332974,0.5736906172303896,0.4263093827696104,-1.4142537266235762,-1.595782799669787,-0.21431647889196742,0.17423567767589773,-2842.5628270462475
526,-417.6292464152129,0.9821407195526236,0.14153344395467612,5.0,47.0,0.0,426.4522109177327,0.4002268052684286,0.5997731947315714,0.4547137596647165,0.5452862403352835,-0.8685649810846355,-1.9335478340457448,-0.23367202658936598,0.275085960489054,-2861.398615115671
527,-415.0826274893582,0.9613262436231337,0.13260380661761337,4.0,23.0,0.0,417.67645428940784,0.31873343825812084,0.6812665617418792,0.7585181195682837,0.24148188043171626,-1.468105116487969,-2.06957430944046,0.039729912271693285,0.10483803050198195,-2839.444525072311
528,-414.7134653288602,0.9978560224848607,0.14315701925752378,4.0,15.0,0.0,416.3349720611534,0.7416724059590186,0.2583275940409814,0.28777576279114,0.7122242372088601,-1.6112006220298631,-1.6110849125671365,-0.14716372744083162,0.5857975748227693,-2837.578817772481
529,-415.22704619768206,0.9498922891063658,0.12360106967730566,4.0,15.0,0.0,417.1573430677995,0.36302472026426663,0.6369752797357333,0.32050005557557665,0.6794999444244234,-1.9722398537753125,-1.4549495994529469,-0.025224325408848693,-0.02282047188186212,-2842.454921246578
530,-416.73650202221023,0.9590799632699561,0.14153344395467612,4.0,15.0,0.0,419.44925288499047,0.43855029174590276,0.5614497082540972,0.3655162434883585,0.6344837565116415,-0.8721419839982268,-1.743603867868157,-0.28797395829389444,0.3054717075123355,-2855.5035032463034
531,-415.3671589265614,0.9738440537602441,0.13260380661761337,4.0,15.0,0.0,416.05765397268175,0.5266413088539602,0.4733586911460398,0.8631101658052723,0.13688983419472767,-1.515334742445363,-2.1527312423554377,-0.17364024504473138,0.4002993947227722,-2838.756673069796
532,-419.23654069097626,0.8588924175528109,0.14315701925752378,5.0,31.0,0.0,421.01237595667885,0.9797959008712365,0.02020409912876353,0.2721354823204905,0.7278645176795095,-1.7173453571225883,-1.2874531248553882,-0.0065859217841208115,0.8812711456441287,-2853.056473977407
533,-416.5106140562343,0.9583368177733081,0.12360106967730566,4.0,15.0,0.0,418.18659058311636,0.17261569269863433,0.8273843073013657,0.06533087145772676,0.9346691285422732,-2.342075709740471,-1.5470902656501047,-0.45328110331546373,0.15680839505609553,-2837.3948798013776
534,-417.45219474415404,0.7495788409971252,0.14153344395467612,4.0,23.0,0.0,422.6201484833636,0.6258251553896651,0.3741748446103349,0.3282947455717345,0.6717052544282656,-1.0137075657736958,-1.778535649156479,-0.45653458928680324,0.5069835386022358,-2859.1659727425736
535,-417.59915906257277,0.8646320144107171,0.13260380661761337,4.0,15.0,0.0,418.00625751882393,0.2530041314731349,0.7469958685268652,0.8921418457674393,0.10785815423256073,-1.4038636983253008,-2.5265791969453635,0.07723928687643238,-0.09379218313614769,-2849.7660889211907
536,-418.7853786825165,0.9887410795557358,0.14315701925752378,4.0,15.0,0.0,421.5498243680549,0.9473164580811732,0.05268354191882685,0.13022399189194095,0.869776008108059,-1.7286920426111776,-1.7369769575733471,0.0929244256745696,0.8842197259607909,-2851.2470895114093
537,-417.1432812724995,0.8656916712900127,0.12360106967730566,4.0,31.0,0.0,420.64403769992043,0.9540294653692155,0.04597053463078449,0.8717007651976697,0.1282992348023303,-1.5310604706897046,-1.2161336121455024,0.10576354632477386,0.08660972332649619,-2841.4743259685843
538,-417.4175852360519,0.9413475269702396,0.14153344395467612,5.0,31.0,0.0,419.6638653255594,0.8638600326642604,0.13613996733573963,0.033601814725106614,0.9663981852748934,-1.1130436043100307,-1.6483786732077497,0.17064707214948271,-0.015416941087175784,-2841.5164791450725
539,-417.2696171715447,0.99306243504148,0.13260380661761337,2.0,7.0,0.0,418.61416118633,0.2323147107273056,0.7676852892726944,0.8850340548683795,0.1149659451316205,-1.3791478965633428,-2.5767621799245197,0.11976050244514039,-0.019375470200731285,-2847.3129825365118
540,-417.72936891917993,0.9929743506211691,0.14315701925752378,5.0,63.0,0.0,422.2467557014629,0.556905532488272,0.443094467511728,0.9954182982671844,0.00458170173281558,-1.5899689501717056,0.022457061330349137,-0.11855555055051904,0.2762765493812357,-2836.4099650084686
541,-415.03916721417926,0.9872232446698455,0.12360106967730566,5.0,31.0,0.0,418.1743079628085,0.3287800718070021,0.6712199281929979,0.12223226131336426,0.8777677386866357,-1.7095816161252593,-1.5384690389223847,0.029146950815988754,0.07079752894302593,-2836.559248724938
542,-417.66352429966446,0.9705991737876948,0.14153344395467612,5.0,31.0,0.0,420.0003553504033,0.650011880602469,0.34998811939753105,0.6786655063529738,0.32133449364702615,-1.416681019320325,-1.8670667401618934,0.2875092438419712,-0.8532326027232446,-2858.926874024037
543,-417.00746610081546,0.9425940551053341,0.13260380661761337,4.0,15.0,0.0,418.7340800284235,0.45256987702507745,0.5474301229749226,0.8523202964211299,0.14767970357887006,-1.3634599442832627,-2.508163377988477,0.3109290652601957,-0.0029146919435796767,-2849.5098832960684
544,-417.9854946427852,0.7926199114762914,0.14315701925752378,5.0,31.0,0.0,419.88860311471336,0.5546058722241213,0.4453941277758787,0.043570214277707804,0.9564297857222922,-1.5536805793186084,-1.3966981282526265,-0.12371136179412037,0.20798413900854418,-2851.9107388808484
545,-414.70937000998504,0.9904558898632599,0.12360106967730566,4.0,31.0,0.0,418.21239510227787,0.39820679738585113,0.6017932026141488,0.1509938142039563,0.8490061857960437,-1.597190456833236,-1.5820733869067325,-0.012760268416220022,0.11952958140858863,-2836.2758707322528
546,-418.96721295974834,0.9047636947955863,0.14153344395467612,2.0,3.0,0.0,419.2875109604801,0.6058042057352154,0.39419579426478457,0.673960194332226,0.326039805667774,-1.408098622227918,-1.8176926863403162,0.2797987895162996,-0.8564053337029179,-2868.4970406384687
547,-420.1855156229698,0.9455123629595034,0.13260380661761337,4.0,15.0,0.0,421.6153289636569,0.04596207357870003,0.9540379264212999,0.9631722674680618,0.03682773253193816,-1.4381191395926343,-2.767729680136732,0.1539963777388253,-0.060951364504644404,-2849.44908658208
548,-417.97204039215603,0.9876873485876525,0.14315701925752378,3.0,15.0,0.0,420.23531676069643,0.7312702316326866,0.26872976836731344,0.031360873822837206,0.9686391261771627,-2.201960327588424,-1.450234939115045,-0.018599047821490286,0.588424150701945,-2845.5714661816746
549,-414.5637286109648,0.9927716853672565,0.12360106967730566,4.0,31.0,0.0,415.546880948084,0.24793955459860942,0.7520604454013906,0.3882173853429188,0.6117826146570813,-1.781172615357477,-1.510260023809697,0.028652101145339837,0.08425777173459369,-2837.457044053079
550,-421.3332582281618,0.8739395279078229,0.14153344395467612,3.0,7.0,0.0,425.226492820736,0.5924111964425163,0.4075888035574837,0.6186492803128222,0.3813507196871778,-1.4412515735444063,-2.096572177793552,0.3820262804082799,-0.9474215515976158,-2884.1840668338327
551,-415.71904867443243,0.9989631102156992,0.13260380661761337,4.0,15.0,0.0,422.3063935973978,0.6195819175520099,0.38041808244799014,0.58026455816835,0.41973544183165,-1.4006890589672067,-1.8532205378046984,-0.18427374216387565,0.08789013426953099,-2847.25029599719
552,-417.8267763054537,0.9997191747926081,0.14315701925752378,4.0,15.0,0.0,419.02201049082873,0.6165828045002877,0.3834171954997123,0.029422505135264572,0.9705774948647354,-2.210277692208061,-1.4646077226564773,-0.32200757205683567,0.5220359170573893,-2845.324403613397
553,-414.84920984946984,0.9925092841472187,0.12360106967730566,3.0,7.0,0.0,415.02238684535365,0.25073735254126195,0.749262647458738,0.36824951471290435,0.6317504852870957,-1.8012665394662357,-1.5608459545884983,0.06382415626299212,0.04313535957927572,-2839.143356114727
554,-421.63667850395296,1.0,0.14153344395467612,2.0,3.0,0.0,423.26183187371055,0.6464701876968959,0.3535298123031041,0.5777009821920139,0.42229901780798607,-1.4793769596414053,-2.144758526567461,0.47585481948677244,-0.9642924323157794,-2885.761857607009
555,-417.6372549018452,0.961434498298558,0.13260380661761337,4.0,19.0,0.0,418.85612306014264,0.9618070522174161,0.038192947782583864,0.49262247529365033,0.5073775247063497,-1.6125539532260222,-1.401651834262617,0.1435171512684665,1.2783252175125992,-2847.164230753671
556,-416.57389698909077,0.9333071540422853,0.14315701925752378,4.0,15.0,0.0,418.9793913432742,0.3870081551393346,0.6129918448606654,0.7790526035537185,0.22094739644628147,-1.3783955499834966,-1.500496538781557,0.39220027837555027,-0.08629533332917938,-2851.774099233873
557,-416.44583906330945,0.8304964313421471,0.12360106967730566,4.0,31.0,0.0,418.9103690088433,0.9587387870604352,0.04126121293956475,0.7691943868301736,0.2308056131698264,-1.632940356151721,-1.2120959754678073,0.0629769804576727,-0.8057444020917635,-2838.3183893182577
558,-419.0822883210984,0.9871863314405911,0.14153344395467612,5.0,31.0,0.0,425.01833237255835,0.5099521660437272,0.4900478339562728,0.9365026558507169,0.0634973441492831,-1.8221896132940998,-1.0311007834231958,-0.3919222625916879,0.556477327126522,-2861.657721470613
559,-417.24096333179057,0.8825195246241094,0.13260380661761337,5.0,31.0,0.0,423.41379045392415,0.9106521915058321,0.0893478084941679,0.1460695643419624,0.8539304356580376,-2.448720160530752,-1.5132679669795663,0.10874225498343516,-0.6241995296099905,-2842.9876428724656
560,-417.5876951338819,0.8753522928565337,0.14315701925752378,4.0,31.0,0.0,421.2282777431652,0.7713344599415832,0.22866554005841677,0.9786579629440426,0.021342037055957386,-1.5758308908013239,-2.4023278596726056,-0.09285490002869315,0.2789113539332496,-2838.682023890427
561,-418.15684333269235,0.9475759366908162,0.12360106967730566,4.0,15.0,0.0,418.8059229646314,0.9180129298218944,0.08198707017810558,0.46050634759580295,0.5394936524041971,-1.8555452748859602,-1.3529360950161757,0.29540225017536476,-1.5313918055687574,-2854.38336194331
562,-415.4965900479607,0.9296847019817552,0.14153344395467612,2.0,3.0,0.0,420.42418512813464,0.48046701552143667,0.5195329844785633,0.8905327848318011,0.1094672151681989,-1.7207765278073588,-1.0488043031828571,-0.22769446143457822,0.3895912871209272,-2840.797895732826
563,-417.80041740579503,0.9998867547792908,0.13260380661761337,5.0,31.0,0.0,419.96835080317027,0.08623652669949744,0.9137634733005026,0.08950216264290435,0.9104978373570957,-2.724318556231736,-1.4987351962540985,0.4303225584380005,0.0046236043569322744,-2842.683952682589
564,-416.8151393616439,0.8967464178133925,0.14315701925752378,4.0,15.0,0.0,418.55695399104485,0.36960829843673654,0.6303917015632634,0.9600231909155769,0.03997680908442314,-1.4672076060236259,-2.2096015521136656,-0.1011760246866499,0.20989006597951904,-2840.551825208685
565,-416.08759786538826,0.991674518310047,0.12360106967730566,4.0,15.0,0.0,419.75180014136026,0.8770971346214127,0.1229028653785873,0.34074280656500733,0.6592571934349927,-1.6897381456365232,-1.5841636974021962,0.10293796133437493,-1.0319429290259692,-2842.9681552297916
566,-417.767541866961,0.9862435868568661,0.14153344395467612,4.0,15.0,0.0,419.79403246098383,0.9218362561732159,0.07816374382678415,0.9728484600545274,0.02715153994547259,-1.662204927038243,-0.9240686096047179,-0.02844564594694999,0.7844280671657509,-2838.9094467902237
567,-420.458764938935,0.960691768821586,0.13260380661761337,4.0,15.0,0.0,421.9347754443,0.02881516567482824,0.9711848343251718,0.023630452502519796,0.9763695474974802,-3.3121488967393873,-1.4902831790259703,0.7444775233494884,0.02610150229710312,-2841.8178105117204
568,-416.2743733986643,0.8755846349903503,0.14315701925752378,3.0,11.0,0.0,420.64703883038675,0.1975091184474627,0.8024908815525373,0.8911296056067641,0.10887039439323587,-1.577807472861724,-2.2156607888528352,0.08460993178594912,0.09371930827490699,-2840.2802793393084
569,-415.1049106993667,0.9893177897549903,0.12360106967730566,4.0,15.0,0.0,417.5806497744284,0.7908566717352112,0.20914332826478876,0.7799254496856279,0.22007455031437206,-1.5973919805212051,-1.3745386580089958,0.26369278725747236,-0.6420203013819712,-2838.5890121591005
570,-417.3928715997455,0.9830313648336813,0.14153344395467612,3.0,15.0,0.0,421.7167639186919,0.8667830291623362,0.13321697083766382,0.8919241056508299,0.10807589434917009,-1.476285859706693,-2.221933516139997,-0.09223209376529316,1.2179475666370316,-2844.7434492333055
571,-417.8382956508775,0.9996553871479256,0.13260380661761337,4.0,15.0,0.0,420.87179084892557,0.1145547038944997,0.8854452961055003,0.05681137406756309,0.9431886259324369,-2.6052945672714682,-1.5086001306022163,1.0783868033147155,-0.04790189342714582,-2841.4694877494558
572,-418.479912838751,0.8037695257361593,0.14315701925752378,3.0,7.0,0.0,420.15341517508523,0.1203869040492029,0.8796130959507971,0.6804585915708009,0.3195414084291991,-1.2850570981797609,-2.2140877316984304,0.05648288675496817,-0.12073843895807972,-2859.032339849166
573,-418.6728533245644,0.7552630592802859,0.12360106967730566,2.0,3.0,0.0,419.55302281362464,0.7906959669566125,0.20930403304338752,0.852966822611981,0.14703317738801902,-1.8176459813395394,-1.4625983401830691,0.35046022667612436,-0.7053426075799094,-2860.08694301979
574,-419.96029620877795,0.9448677412983111,0.14153344395467612,5.0,31.0,0.0,421.48834041427256,0.6738377611783598,0.3261622388216402,0.731822340351245,0.26817765964875495,-1.8999206910609463,-1.4305684967507373,0.44999510321292774,-0.8468036137715378,-2873.590774717353
575,-417.0093421798536,0.8349846327909926,0.13260380661761337,4.0,15.0,0.0,420.1312249568775,0.14510030756336167,0.8548996924366383,0.14148796137981323,0.8585120386201868,-1.7166363453927618,-1.483170326221969,0.7321464330264931,0.10116373334475372,-2846.703443960267
576,-416.16707813659,0.977424657719055,0.14315701925752378,2.0,3.0,0.0,419.32778810929807,0.2101102662252152,0.7898897337747848,0.8058236308046159,0.19417636919538406,-1.4793983565766187,-2.2204743661254884,0.01835661640434327,0.16726896589492415,-2843.3894618218133
577,-418.9208167037952,0.9944560510500783,0.12360106967730566,4.0,31.0,0.0,422.21926839894167,0.9501110694384725,0.049888930561527545,0.9456246632679287,0.05437533673207129,-1.6980218517144567,-1.665949084186158,0.16655564252900684,-0.1509471874764528,-2847.3095911649784
578,-420.318906873129,0.9239891596402896,0.14153344395467612,5.0,31.0,0.0,425.91108042066975,0.9856953356572238,0.014304664342776219,0.9386018849938226,0.06139811500617742,-1.5444461665127347,-0.29475241003595415,0.10589819219315091,1.8997601324818647,-2849.0485912886475
579,-419.1270877469423,0.989936028199312,0.13260380661761337,5.0,31.0,0.0,420.3341123786857,0.9252201880902002,0.07477981190979976,0.8991495217504658,0.10085047824953419,-1.3856104388297374,-2.308882008098822,-0.13311218192104468,1.3450195429682443,-2852.3574149626893
580,-417.45455209170694,0.9694945818624414,0.14315701925752378,4.0,15.0,0.0,418.29144668785887,0.32938028574895367,0.6706197142510464,0.9562406615289248,0.04375933847107516,-1.5168180693475735,-2.4966342658431993,-0.3873717745694659,0.42035321711692625,-2843.667790928954
581,-416.8446756217582,0.9682257076748866,0.12360106967730566,5.0,31.0,0.0,421.59080581700124,0.8473015153082293,0.15269848469177072,0.3802309657377474,0.6197690342622526,-1.2621928111895302,-1.8127619833382163,-0.031034817442045053,-0.47443298229876935,-2850.942104115346
582,-424.04765230373226,0.6772986518991546,0.14153344395467612,4.0,19.0,0.0,427.1355529936534,0.9743365546036427,0.025663445396357343,0.9995690954331007,0.000430904566899315,-1.5246367365716555,-1.7151987254358203,-0.08299056009811043,1.4472910214838435,-2843.8393744533632
583,-417.28991939904137,0.9297373342295396,0.13260380661761337,5.0,47.0,0.0,423.3067773524192,0.7274386884744313,0.27256131152556873,0.8221061210729428,0.17789387892705721,-1.393297967251666,-1.9719218062884774,-0.1981954222583058,0.16571519247571911,-2852.9877991637472
584,-417.44001110100027,0.7944255527280477,0.14315701925752378,2.0,3.0,0.0,418.2915457857071,0.47423169919455144,0.5257683008054486,0.9594754622219707,0.040524537778029335,-1.5508124928624085,-2.4705910403770126,-0.4318777325789084,0.29138125008379717,-2843.9664253767883
585,-416.12352883970755,0.9873859153155039,0.12360106967730566,3.0,7.0,0.0,418.3471462982689,0.8621517138635677,0.1378482861364323,0.2552839167545128,0.7447160832454872,-1.4217242349894894,-1.7474479801310292,0.21801974857570544,-0.29686166262132246,-2843.7995818631216
586,-424.7537179022886,0.993519037411874,0.14153344395467612,4.0,15.0,0.0,425.9791798919926,0.9107764770035545,0.08922352299644554,0.9996254331347384,0.0003745668652616052,-1.675640376337226,-1.9485405993938247,0.08103698063546269,1.5137119372817236,-2854.565804510063
587,-417.28991939904137,0.8208256133020754,0.13260380661761337,2.0,7.0,0.0,421.50410272219733,0.7274386884744313,0.27256131152556873,0.8221061210729428,0.17789387892705721,-1.393297967251666,-1.9719218062884774,-0.1981954222583058,0.16571519247571911,-2852.9877991637472
588,-418.1165004953347,0.9948712513402136,0.14315701925752378,4.0,15.0,0.0,419.45160581936136,0.10389692748786866,0.8961030725121313,0.9835626804874859,0.016437319512514148,-1.5840460651670458,-2.255684281323205,-0.6503048633359653,0.12853598337635874,-2836.414660053647
589,-419.09702863965634,0.9861495261530703,0.12360106967730566,4.0,15.0,0.0,420.5141711015318,0.8216643542838321,0.1783356457161679,0.30686365884364125,0.6931363411563587,-2.425865908798791,-1.4066719285737286,0.23269537053846714,-0.045053053762484564,-2864.222469602644
590,-424.6807825244191,0.9988742798622845,0.14153344395467612,4.0,15.0,0.0,427.1263861665708,0.9140285458003629,0.08597145419963714,0.9998066414530243,0.0001933585469756638,-1.628912022511276,-1.9691471192408858,0.07497006121297076,1.4935515797334364,-2849.3805961777643
591,-415.9229200364986,0.9944759099671996,0.13260380661761337,2.0,7.0,0.0,418.97613515280887,0.7766365998041468,0.2233634001958532,0.8081603904104199,0.19183960958958013,-1.3891092694357021,-1.970007971582143,-0.06070419602822366,0.17245593487699765,-2843.070389584211
592,-419.3668353697296,0.81826470638395,0.14315701925752378,4.0,15.0,0.0,420.9874931717691,0.17522478339992473,0.8247752166000752,0.9901384458609036,0.009861554139096396,-1.5863376659203718,-2.6710081294198575,-0.9468585016740609,0.25901971105124283,-2842.380245319285
593,-417.28303964258714,0.9963546078842769,0.12360106967730566,4.0,15.0,0.0,420.192293382237,0.741702685230099,0.25829731476990103,0.08304834553980665,0.9169516544601933,-2.122995323548589,-1.4750983818382482,0.227838898412381,-0.8084654246176632,-2846.906909204809
594,-426.8119810117847,0.8616387238366181,0.14153344395467612,5.0,31.0,0.0,429.14789532301705,0.9831942048052484,0.01680579519475156,0.0015512494491075888,0.9984487505508924,-1.7675278149348936,-1.8237673105738268,-0.017861197278032467,1.4363515859939702,-2867.9241240540446
595,-416.2160326351176,0.7817217325061393,0.13260380661761337,3.0,15.0,0.0,420.66584540012377,0.6394569537703108,0.36054304622968925,0.8809430209447541,0.11905697905524593,-1.45386861582586,-1.421041621400935,0.20261279912779356,-0.3458706113948145,-2845.6989418393423
596,-415.8966040571743,0.9887375273544162,0.14315701925752378,5.0,31.0,0.0,423.0153605387888,0.6642602655629767,0.3357397344370233,0.32606814806635787,0.6739318519336421,-1.1582192743000466,-1.8110437149622716,0.12505517468974342,-0.45853847485276916,-2847.8942736336003
597,-415.03305748596,0.9920252966411061,0.12360106967730566,5.0,31.0,0.0,418.013005366113,0.34462437116019345,0.6553756288398065,0.6197469868023722,0.38025301319762783,-1.4638494386481726,-1.8731267938041931,-0.4203372569013027,0.39499199209526503,-2841.51776120201
598,-421.4427581687621,0.9594990992217314,0.14153344395467612,3.0,7.0,0.0,425.6021205630085,0.9820663195873249,0.017933680412675068,0.004791977326138347,0.9952080226738617,-1.7822289026440041,-1.6392086808280044,0.08649635520941329,1.4226053633680371,-2839.578853010083
599,-415.2104707893943,0.9951224725409995,0.13260380661761337,5.0,31.0,0.0,418.21235336016366,0.4270081534805699,0.5729918465194301,0.7464342665910622,0.25356573340893784,-1.7014430582921924,-1.6390112009208968,-0.021058738891510137,0.15544281759167444,-2842.108325429214
600,-415.14173438363883,0.9142682796541891,0.14315701925752378,4.0,31.0,0.0,418.3416701427918,0.5420090044194561,0.4579909955805439,0.5419960088865058,0.4580039911134942,-1.514214400234702,-1.564917469005413,0.4935738890570469,-0.2000197464904731,-2844.1079939152823
601,-418.54380981499,0.9531922456974916,0.12360106967730566,4.0,31.0,0.0,419.5244027880209,0.04196724779123449,0.9580327522087655,0.9370475115394403,0.06295248846055967,-1.544567859240099,-1.7922902247295796,-0.9723263037423843,0.2305621314404056,-2843.750866037336
602,-420.59673546835313,0.9997341632484961,0.14153344395467612,5.0,31.0,0.0,422.8073448475445,0.9534565525677111,0.04654344743228889,0.0033076444915798144,0.9966923555084202,-1.774986740443511,-1.6386605056333468,0.015547186294182933,1.0897232072685317,-2838.3201913331386
603,-417.8215872533791,0.6482442772054544,0.13260380661761337,3.0,7.0,0.0,421.2003821902716,0.7686780967086759,0.23132190329132407,0.9008230962696705,0.0991769037303295,-1.3547392035733221,-1.7605366050562747,0.016704274570061357,0.16198384774432828,-2853.311158409809
604,-414.0909836120117,0.8924858998229106,0.14315701925752378,3.0,15.0,0.0,416.5676281594333,0.3660347861999418,0.6339652138000582,0.41485634517156283,0.5851436548284372,-1.5454976571303312,-1.6316435246876986,0.30360499625546683,-0.07647929981175919,-2836.1230846550966
605,-415.02220233950584,0.9993598383424117,0.12360106967730566,5.0,31.0,0.0,419.4473630472224,0.3883023732026331,0.6116976267973668,0.5383196971457677,0.46168030285423234,-1.287005451856278,-1.9415223082978428,-0.1798618717732437,0.31965843717345854,-2842.523861966505
606,-415.638800448386,0.804490145104062,0.14153344395467612,4.0,15.0,0.0,422.69359369649953,0.7895102531734846,0.21048974682651544,0.2945823094799857,0.7054176905200142,-1.5968225992748664,-1.6113156312441421,-0.21719559536288963,0.8443950965304938,-2842.780878701551
607,-418.55888464722,0.8502154793635894,0.13260380661761337,4.0,15.0,0.0,421.86820902153715,0.6566195474635725,0.34338045253642746,0.20055121397058917,0.7994487860294108,-0.9728663979219503,-1.9634170617553621,0.2204599389342898,-0.4775273627811738,-2863.9832158044082
608,-415.1152025598429,0.9693944366477691,0.14315701925752378,4.0,23.0,0.0,417.3339090306911,0.29111047727206596,0.708889522727934,0.6909660292678302,0.30903397073216976,-1.806501489477933,-1.0454489337758417,0.10438191525616498,0.0678597307533404,-2842.1726780276254
609,-414.8458348655316,0.8893905392006335,0.12360106967730566,5.0,31.0,0.0,418.0737082731339,0.8018958415802718,0.19810415841972817,0.6177446913276945,0.3822553086723055,-1.6717280353809978,-1.3124531733448526,0.14101382930704867,-0.04204352735907088,-2839.055587622123
610,-420.55163074093707,0.7985980085632318,0.14153344395467612,5.0,31.0,0.0,423.034172570396,0.9696044115251751,0.03039558847482493,0.49940218365414907,0.5005978163458509,-1.8055482548220472,-1.3554860328538307,0.3395400898125364,-0.9653240321813399,-2865.8408065575427
611,-418.2130064733431,0.8194221422474395,0.13260380661761337,5.0,31.0,0.0,426.71491039279874,0.19816990044487914,0.8018300995551209,0.007480532672178985,0.992519467327821,-1.9116708377647584,-1.6089369865109606,-0.1357640071028831,0.08106297429661863,-2836.9255453289197
612,-417.8208042708076,0.7855562968464197,0.14315701925752378,5.0,31.0,0.0,420.75666927470945,0.9688288582701615,0.03117114172983848,0.1737475008653841,0.8262524991346158,-1.0470660707863988,-1.6445543850723365,0.11661128181486798,-1.8561080235403005,-2842.350727286216
613,-414.627072162099,0.9960588350861732,0.12360106967730566,5.0,31.0,0.0,415.7776740035631,0.304140205342299,0.695859794657701,0.31097465326796236,0.6890253467320376,-1.1788424494927987,-1.7663718632831436,-0.2789519634037481,0.22910395793366822,-2838.76739902008
614,-419.89039802850107,1.0,0.14153344395467612,2.0,7.0,0.0,421.1923109563686,0.9393846574876488,0.060615342512351233,0.6467437414715178,0.3532562585284822,-1.7176352446201852,-1.4233942834224091,-0.13814302444796636,-0.8779562535020392,-2865.5269723191664
615,-416.69357336163915,0.8674667751597124,0.13260380661761337,4.0,23.0,0.0,422.3761966369396,0.9266386251049863,0.07336137489501371,0.23658326575004535,0.7634167342499547,-1.8500315491702661,-1.6216769765816204,0.021676264993402968,0.9925230500599368,-2841.9462953967086
616,-415.661670395827,0.8881510235152219,0.14315701925752378,4.0,31.0,0.0,420.6826603529761,0.38216496159056,0.61783503840944,0.24727744468357926,0.7527225553164207,-1.3121020341712757,-1.762226243341054,0.15127389168955477,0.17197770110104188,-2845.490851105128
617,-414.67736001363653,0.9908334712100715,0.12360106967730566,4.0,15.0,0.0,415.15162882857993,0.5136864949689994,0.48631350503100057,0.30944878542077886,0.6905512145792212,-1.191310960557204,-1.6782666690791388,-0.2917478508038446,0.43120464331435926,-2840.356591161236
618,-416.1037125093956,0.9896665107243042,0.14153344395467612,3.0,11.0,0.0,422.1143345243249,0.9448266860088919,0.05517331399110814,0.7680654517572372,0.23193454824276283,-1.6190799807979008,-1.4655847481203457,0.11069703873167909,-1.0813503048592128,-2836.881331949751
619,-418.3806500701251,0.8626363712974825,0.13260380661761337,3.0,15.0,0.0,424.52086288283294,0.9900323644965235,0.009967635503476457,0.40987911966328033,0.5901208803367197,-1.662124687908112,-1.485645127034807,0.17327459889549263,0.6220451594925639,-2843.7125358296216
620,-418.76968906362663,0.9828291176158388,0.14315701925752378,5.0,47.0,0.0,419.91650614112956,0.020996224843472296,0.9790037751565277,0.6519743303114329,0.3480256696885671,-1.4352222520501834,-1.3940112216513678,-1.4488690619376596,0.03659477410206213,-2850.408306048432
621,-417.7615458042745,0.9508412444714323,0.12360106967730566,5.0,31.0,0.0,419.10269293500505,0.9847318196485383,0.015268180351461713,0.19261256291653148,0.8073874370834685,-1.4452243572522883,-1.5021241715809341,0.059736917433049194,-0.24903504147415162,-2840.1361527993263
622,-417.0921665600721,0.7291828372479825,0.14153344395467612,4.0,31.0,0.0,421.4519435179079,0.8098874134853885,0.1901125865146115,0.8082403967304814,0.19175960326951857,-1.5581286858150758,-1.8301012283901121,0.3897223307293218,-0.4987623859469322,-2850.0330952406007
623,-418.6701594719317,0.9408754246256147,0.13260380661761337,4.0,23.0,0.0,422.3073157791979,0.20571947484871606,0.7942805251512839,0.2303471120218332,0.7696528879781668,-1.8260360738531054,-1.4820032380311348,-0.41632608224699064,-0.1068473334608753,-2862.6717386411365
624,-417.9732449519241,0.9941585331074162,0.14315701925752378,4.0,31.0,0.0,420.1877564737733,0.012606892231199283,0.9873931077688007,0.7632837329727635,0.23671626702723647,-1.6553204604422673,-1.5058709547621403,-1.7566252355457808,0.05516646937996518,-2838.1477178149216
625,-418.3276334058135,0.9648040421724763,0.12360106967730566,5.0,31.0,0.0,421.2869678892472,0.010406849198211318,0.9895931508017887,0.824682810887905,0.17531718911209504,-1.503015298314099,-1.8392411569483402,0.4044859219071936,0.13183021253752486,-2839.709875095475
626,-417.0925022873749,0.8685491812877391,0.14153344395467612,2.0,7.0,0.0,420.7315539624245,0.8203108503121347,0.1796891496878653,0.9054232030118423,0.09457679698815769,-1.484666327987639,-1.6802340008700043,0.3392223883901144,-0.6218703806514284,-2846.1958845725126
627,-414.80307193419924,1.0,0.13260380661761337,4.0,31.0,0.0,418.9150576167247,0.6329894358940679,0.36701056410593214,0.404812720811827,0.5951872791881729,-1.6919947256113796,-1.3788558780513183,-0.23299787960903467,0.5232695499352473,-2841.0469581278535
628,-418.52180057678555,0.8152453320480146,0.14315701925752378,4.0,15.0,0.0,419.8529211032617,0.08188066512591756,0.9181193348740825,0.5347493707581364,0.46525062924186356,-1.5276098616461817,-1.515326391272268,-1.950618323833271,0.14232632612223864,-2856.2592172816876
629,-418.26922513702857,0.43867068918517627,0.12360106967730566,4.0,15.0,0.0,422.9839811636867,0.8429924297271516,0.1570075702728484,0.6745331694586905,0.32546683054130954,-1.3615800224208632,-1.9248227480374975,0.4304414839419214,-0.8934685847634461,-2859.209270983372
630,-418.7523467442309,0.9783300828849951,0.14153344395467612,3.0,15.0,0.0,425.09053625188307,0.7856107923430237,0.21438920765697633,0.8934360488552608,0.10656395114473916,-1.819118249195396,-0.6014653300585393,0.08488491980999535,-0.7137884717533842,-2860.473442200141
631,-415.5798853410573,0.7583771130411153,0.13260380661761337,3.0,7.0,0.0,418.6023575120975,0.5557982858090001,0.44420171419099985,0.5383243718993231,0.46167562810067686,-1.83891919626142,-1.2452022499703024,-0.21089807634861593,0.6201825710815733,-2846.8152302177177
632,-419.7851599244169,0.9860048096418852,0.14315701925752378,4.0,15.0,0.0,420.75557017183735,0.002634302059922849,0.9973656979400771,0.24507551667075955,0.7549244833292404,-1.1774962417974113,-1.6980222892097188,-2.3877981112094924,0.0701869567973834,-2838.458974949033
633,-417.9190262421072,0.9962609144406036,0.12360106967730566,5.0,31.0,0.0,419.9071069921355,0.9547449842177826,0.045255015782217356,0.8281353935560469,0.17186460644395307,-1.5101906356339208,-2.005635593815389,-0.10391974073453562,1.4647028314481714,-2844.407918635275
634,-415.8168888086364,0.9922194195135872,0.14153344395467612,3.0,15.0,0.0,421.2088452325351,0.8974765229823741,0.10252347701762587,0.7552881120570115,0.24471188794298848,-1.467304242965997,-1.6195876640204512,0.1502345523327356,-0.27322138382154115,-2840.0100817487805
635,-416.83313071539766,0.8874003060690185,0.13260380661761337,4.0,31.0,0.0,421.36823002694473,0.32626581674212846,0.6737341832578716,0.7856331088680537,0.2143668911319463,-1.7190633663236583,-1.6926585058898513,-0.20283742619465447,0.017294669431916668,-2851.549855354299
636,-419.07706134465303,0.9268761842247675,0.14315701925752378,4.0,15.0,0.0,421.6959889624947,0.042680966801143694,0.9573190331988564,0.06068132827618655,0.9393186717238134,-0.99922013007923,-1.6308193402682762,-2.093748514475603,0.10441675932736559,-2846.0513596108185
637,-417.3984946786027,0.9860400287678577,0.12360106967730566,5.0,31.0,0.0,419.853549004315,0.9579976790817484,0.04200232091825162,0.24849300257824966,0.7515069974217503,-1.1113576089498383,-1.7091925935770302,-0.09608790860990946,1.2421553763649917,-2844.5718959405167
638,-417.3402761260176,0.8481099711101918,0.14153344395467612,4.0,15.0,0.0,419.41127187654234,0.8927082316524824,0.10729176834751764,0.45595840930821685,0.5440415906917832,-1.5715125304400033,-1.8456348592232268,0.21693421655749778,-0.26331975032187743,-2851.8767269324157
639,-416.0377545421654,0.9554413379550889,0.13260380661761337,4.0,31.0,0.0,418.7137070370208,0.28976710901325914,0.7102328909867408,0.17207565175190986,0.8279243482480901,-1.4172366897001574,-1.454257208289489,0.3710458226892891,0.003971070833453931,-2845.826767706799
640,-420.5202416260902,0.8956910018761042,0.14315701925752378,3.0,15.0,0.0,422.04819535176085,0.05830633890720513,0.9416936610927948,0.030546672626447793,0.9694533273735522,-1.3207027510176135,-1.6620036573044366,-2.087389951328709,0.12640715473371483,-2852.8244478139673
641,-418.2403211398034,0.9974637103252341,0.12360106967730566,4.0,15.0,0.0,419.0986102547101,0.9516112952195696,0.04838870478043045,0.0820460014853146,0.9179539985146854,-1.4959641657516007,-1.6476153849571302,-0.08861931256760286,1.5014304239431577,-2843.745415449701
642,-416.9768139689209,0.7859830494770754,0.14153344395467612,3.0,15.0,0.0,423.1064265669989,0.9327304575531294,0.06726954244687056,0.7022893178238193,0.2977106821761807,-1.6970780707608404,-0.994877493451394,-0.018691754402304306,0.017803177783797128,-2847.0953668635166
643,-415.12249851986104,0.9338389565336059,0.13260380661761337,5.0,31.0,0.0,419.56972410979535,0.17067867634193434,0.8293213236580657,0.19885186084630407,0.8011481391536959,-1.7452952357282299,-1.563352560496459,-0.008886556801758469,0.07677972566534909,-2836.6245368505643
644,-421.59153350922116,0.9733204742285818,0.14315701925752378,6.0,63.0,0.0,423.41077284866503,0.013859854541731345,0.9861401454582687,0.8997700116388303,0.1002299883611697,-1.5787357852224364,-0.30117457021831734,-2.848783832886062,0.09720208448532783,-2856.732573805694
645,-417.0259919489797,0.9985370084976787,0.12360106967730566,5.0,31.0,0.0,419.0635626276108,0.9405355774660966,0.05946442253390338,0.21353430442178714,0.7864656955782129,-1.9153889086801932,-1.4642420381040253,0.06517606646023166,1.3565703386955141,-2841.8573521685153
646,-418.33308378703157,0.7386111259754832,0.14153344395467612,4.0,15.0,0.0,423.53227463916403,0.015448304240954266,0.9845516957590458,0.923413506846714,0.07658649315328603,-1.552887725206723,-1.9730075832186977,0.017610965041180145,0.029063929304925462,-2837.0846847556986
647,-414.34882831837757,0.9981716723448769,0.13260380661761337,4.0,31.0,0.0,416.0419051319015,0.5571371508894705,0.44286284911052953,0.639076475085235,0.360923524914765,-1.6452250069300665,-1.4913314971512284,0.39238456427508117,-0.24405069247333933,-2837.978889495238
648,-422.0207746354173,0.9949466798490173,0.14315701925752378,4.0,15.0,0.0,423.1810301962074,0.002428791231689093,0.997571208768311,0.9636058946125585,0.03639410538744148,-1.5328522979882422,-0.7730751628449003,-2.9327770223508907,0.061188750660109835,-2840.4933837471585
649,-417.4547954489012,0.9329742303789726,0.12360106967730566,4.0,31.0,0.0,419.78570322731207,0.8888546731232104,0.11114532687678957,0.7336847401358414,0.2663152598641586,-1.4456484109706835,-1.6710702790186869,0.15260324962391958,0.7716642304520356,-2851.657225836927
650,-417.0099803563864,0.9342120488928111,0.14153344395467612,4.0,31.0,0.0,421.6958563460281,0.5311565560141498,0.4688434439858502,0.8188025461046509,0.18119745389534914,-1.6893480908488656,-1.0936685528122572,-0.35720889768180863,0.13226246790320814,-2854.19694503789
651,-417.5519762822516,0.8921304391844358,0.13260380661761337,4.0,15.0,0.0,419.9964323975599,0.6145165681375101,0.3854834318624899,0.983431532550062,0.016568467449938007,-1.660912350134923,-2.0144633354748844,0.2538526899833814,-0.27567661431104706,-2839.9522515167137
652,-420.4193941584465,0.9780793364175913,0.14315701925752378,3.0,15.0,0.0,423.88765491205004,0.005594712307491243,0.9944052876925088,0.9455607526452143,0.05443924735478567,-1.5791528210561803,-1.356014611749997,-2.4025376061566623,0.12340844825062358,-2839.061265742099
653,-415.29196980488484,0.9539263002300871,0.12360106967730566,4.0,31.0,0.0,420.28169575393304,0.8787694806007716,0.12123051939922835,0.6611045744080195,0.3388954255919805,-1.5822112581482235,-1.3766682256809557,0.10574021404175388,-0.5548487108491676,-2838.8598990829964
654,-414.8285177920808,0.8512172919309059,0.14153344395467612,2.0,7.0,0.0,421.93293153015213,0.523447066217241,0.476552933782759,0.8422662146622409,0.15773378533775906,-1.7051366860313066,-1.006720290391886,-0.11149926655776868,0.272990479839909,-2838.538423330353
655,-415.74595642659,0.9983362240580946,0.13260380661761337,4.0,15.0,0.0,418.39091529530015,0.2624687642479642,0.7375312357520358,0.7583731130796008,0.24162688692039924,-1.4888963326239857,-2.1920338586685664,0.1739384456925469,0.036721518543333644,-2842.7158397373514
656,-416.75516103093565,0.928249092313735,0.14315701925752378,5.0,47.0,0.0,422.9762937711264,0.8564085659602434,0.1435914340397566,0.45274659845158916,0.5472534015484108,-1.1780219493342399,-2.0061216599536302,0.11947394659693898,-0.8181301357158877,-2849.463698172804
657,-417.1825923157412,0.9392426456621858,0.12360106967730566,4.0,31.0,0.0,418.5138214008945,0.8008962597896448,0.19910374021035515,0.2540512385165481,0.7459487614834519,-1.9138557267988692,-1.5311220903445528,0.4099094008623959,-0.5340350936667497,-2852.0447921022323
658,-415.3698007410319,0.9675644405575782,0.14153344395467612,4.0,15.0,0.0,417.32168225506757,0.38456234043963444,0.6154376595603656,0.5538319214642075,0.44616807853579254,-1.7055013782804422,-1.5479686282104694,-0.3604028128492724,0.4788613852047108,-2844.7708350672688
659,-416.7532750425259,0.8877077725188519,0.13260380661761337,3.0,7.0,0.0,417.97134649050025,0.16803478723271548,0.8319652127672845,0.7906552762893515,0.2093447237106485,-1.3606092128550402,-2.1657424597132926,0.24113860614104518,0.14199904143002365,-2847.097367811953
660,-416.99478788977245,0.8886432639331802,0.14315701925752378,3.0,7.0,0.0,418.90119691903953,0.7722083568861736,0.22779164311382638,0.7579735906047933,0.2420264093952067,-1.702149108042864,-1.7371648656671483,0.31801128111937116,-0.8072779545053665,-2851.0216905258276
661,-415.15981611406824,0.9947893069923676,0.12360106967730566,3.0,15.0,0.0,419.6492584773017,0.8445412652211159,0.15545873477888406,0.28755139635451615,0.7124486036454838,-1.5554845710647776,-1.545845703808919,0.18934967862237737,-0.7818936295144189,-2838.1343604164103
662,-415.86413250584445,0.8789038105616999,0.14153344395467612,3.0,15.0,0.0,421.84285980200707,0.63576714226574,0.36423285773425995,0.771847680206325,0.228152319793675,-1.3738570334631302,-2.1733083364668535,-0.26213924966290847,0.40898755241118084,-2844.673689099305
663,-417.27999397753933,0.9038236306439486,0.13260380661761337,3.0,7.0,0.0,419.8088578854126,0.08487659441781716,0.9151234055821829,0.8013343137687767,0.19866568623122327,-1.3523028342171355,-2.034276619709319,0.07858165191103142,0.15418916080688114,-2846.9450784707074
664,-417.5491248160986,0.8993626300112012,0.14315701925752378,4.0,15.0,0.0,422.48796001135446,0.834807455059408,0.165192544940592,0.4481026232801959,0.5518973767198041,-1.095671772423759,-2.011611836398206,-0.010908324269085723,-0.3645823533309613,-2856.344969136707
665,-420.5572898609946,0.9853958166688117,0.12360106967730566,5.0,31.0,0.0,421.82838130844124,0.9980338499616331,0.001966150038366865,0.3519990487539283,0.6480009512460717,-1.8991031942629426,-1.4142908677906718,0.01874700328220116,-2.9085501173434443,-2839.69047054473
666,-415.07267211872716,0.9772588317363614,0.14153344395467612,5.0,31.0,0.0,418.08091412129426,0.2988446668618046,0.7011553331381954,0.2743566729844693,0.7256433270155307,-1.9295857794079652,-1.3589874390234968,-0.32212517050235334,0.18658716426589728,-2840.3460198301555
667,-417.4837396319602,0.9470081016422196,0.13260380661761337,4.0,31.0,0.0,419.67211738825995,0.5820068708997812,0.4179931291002188,0.3815965602850663,0.6184034397149337,-1.616331454211408,-1.525780894487428,0.07781390524469889,-0.5039165129952051,-2859.6456285121844
668,-415.5984730152795,0.9740683799139175,0.14315701925752378,4.0,15.0,0.0,418.99418042240865,0.8368189330835119,0.16318106691648815,0.323542219024481,0.676457780975519,-1.1622959475083583,-1.8113232669995611,0.22397826421616235,-0.33494197638757217,-2842.4642596839412
669,-421.4815373781549,0.9973537287921361,0.12360106967730566,4.0,31.0,0.0,424.07370807372035,0.9938276497867344,0.006172350213265565,0.3374694571481054,0.6625305428518946,-1.1603187888002802,-1.743738547385658,0.042181993783667646,-4.416573541763079,-2845.324040119926
670,-415.1707322083236,0.8032131300760063,0.14153344395467612,3.0,15.0,0.0,416.7070274241522,0.6293178326028049,0.37068216739719506,0.37063724488204014,0.6293627551179599,-1.790579895792949,-1.2888232263389041,-0.029767523012065367,0.29160313764022155,-2843.5116926697074
671,-417.45378056560526,0.9999663410453069,0.13260380661761337,4.0,31.0,0.0,423.56533168160894,0.34658424499876367,0.6534157550012363,0.9706504530957059,0.029349546904294144,-1.546246406158284,-1.2926217753274933,0.1901214482975622,0.18428030067836354,-2845.2619906798845
672,-417.21270757061313,0.950771408689404,0.14315701925752378,4.0,15.0,0.0,417.9418525856643,0.30405914516112487,0.6959408548388751,0.03587542175904275,0.9641245782409572,-1.556599941991163,-1.608204889116938,0.026826206444985838,-0.09828272121928397,-2843.701683677645
673,-424.5636504917976,0.8599250517713792,0.12360106967730566,5.0,39.0,0.0,431.6706045810805,0.9999018967927309,9.810320726910682e-05,0.8393238857020887,0.1606761142979113,-1.6585318337832788,-2.1041254038394164,0.01959245531592871,-0.25870850014397184,-2848.9300413919177
674,-415.46534945127695,0.9955917658567695,0.14153344395467612,4.0,31.0,0.0,417.6679230160178,0.6620833543186514,0.3379166456813486,0.8661631142602702,0.13383688573972985,-1.5784321590226418,-1.6865615278555635,0.2922450008700328,-0.5510650554663836,-2839.7615258799083
675,-417.28568504279593,0.8850837916453567,0.13260380661761337,4.0,23.0,0.0,421.3624977576814,0.39422258470635013,0.6057774152936499,0.732151469300217,0.267848530699783,-1.5192427654341967,-1.8021037410894452,0.004896583251770548,-0.23776587126915727,-2856.51549386098
676,-416.62617070569024,0.9412548139653045,0.14315701925752378,4.0,15.0,0.0,419.53663834994023,0.6396396839469434,0.36036031605305663,0.9556522922681464,0.04434770773185359,-1.6232099368898536,-0.9566965719931956,-0.2772627337213399,0.34949062345107246,-2842.7414635767473
677,-419.6590521451843,0.8550696692087745,0.12360106967730566,5.0,31.0,0.0,427.9060116467437,0.16704343213468995,0.83295656786531,0.9768526432543728,0.02314735674562718,-1.4775419610740261,-0.8673101684991767,-0.5391504428288135,0.37453216428024383,-2856.195811927405
678,-417.09572022282714,0.9447854927903548,0.14153344395467612,5.0,31.0,0.0,417.7744388638377,0.9551561183147242,0.044843881685275755,0.10850251107574256,0.8914974889242574,-1.2902663864766035,-1.5771686520441908,0.17150123573535783,-0.9454246006542296,-2838.9147321741552
679,-416.82039753643903,0.9770743727483463,0.13260380661761337,4.0,15.0,0.0,419.0957450035283,0.169878085471111,0.830121914528889,0.7154457452404331,0.28455425475956686,-1.3526224573271373,-1.9017544660873151,0.40184368606993304,0.15397903059565457,-2849.9044743610766
680,-415.74207548229833,0.9663896870559405,0.14315701925752378,2.0,3.0,0.0,416.7823645623963,0.5705484867480765,0.42945151325192354,0.9539140452457308,0.04608595475426924,-1.589973198610412,-0.9202809348530332,-0.22593922141566947,0.37931459402118567,-2837.4641709830785
681,-417.0548151701044,1.0,0.12360106967730566,4.0,15.0,0.0,420.5184924516815,0.7876233612641348,0.2123766387358652,0.7907447496026206,0.20925525039737936,-1.7188533687335061,-1.2543366721016442,0.17911153286024667,0.40211953695586267,-2852.056768703925
682,-414.5075480794659,0.9796106497261494,0.14153344395467612,4.0,15.0,0.0,420.09801717213986,0.5805089550515109,0.4194910449484891,0.5849642455324384,0.4150357544675616,-1.3393490865456563,-1.7663473438821002,0.12052442783039563,-0.0703307149869754,-2839.520714382544
683,-415.94855607774997,1.0,0.13260380661761337,2.0,7.0,0.0,417.36544736530925,0.1469618795817177,0.8530381204182823,0.7184612521241007,0.2815387478758993,-1.3786097581111414,-1.9477126612670443,0.43725452753842164,0.09488224114242153,-2842.7975842453357
684,-416.18877366274063,0.7276033018492604,0.14315701925752378,3.0,15.0,0.0,419.6615782363247,0.21651768566775648,0.7834823143322436,0.7852235207093414,0.21477647929065857,-1.6002825627260409,-0.8946792211467999,-0.2955627185109158,0.1988989481983018,-2847.3677830732177
685,-418.596320267475,0.9856103532765668,0.12360106967730566,4.0,31.0,0.0,419.8947935498415,0.4071978562709272,0.5928021437290728,0.4010397114358871,0.5989602885641129,-1.8658258534696168,-1.2102433170739144,-0.012656832651970432,-0.24917768589137587,-2867.5659132492615
686,-415.93634678630417,0.9215251475592896,0.14153344395467612,4.0,15.0,0.0,416.78885011501524,0.5927196830986442,0.4072803169013558,0.8014490318140189,0.19855096818598106,-1.3802804736406324,-2.0102285449208726,0.42361808998762174,-0.24921428955370045,-2845.328901350334
687,-415.25292183809586,0.9728688437700593,0.13260380661761337,4.0,15.0,0.0,417.2138424541054,0.35748946803745674,0.6425105319625433,0.5494698771474422,0.4505301228525578,-1.5014334898850792,-1.8681504683920425,0.5749306792949177,-0.24623977826719184,-2843.3621819544087
688,-417.28587252665415,0.9056422706860975,0.14315701925752378,4.0,15.0,0.0,418.72928223089616,0.9432922402206045,0.05670775977939546,0.9302566844023088,0.0697433155976912,-1.6584616001219346,-0.6786944001992068,-0.03491267098071295,0.628717994485432,-2840.2718749902087
689,-418.2468765559577,0.9996855801312188,0.12360106967730566,4.0,31.0,0.0,419.64116393897575,0.9413515736729703,0.05864842632702971,0.09789583829195937,0.9021041617080406,-1.3276499653318437,-1.53853967556508,0.1977951765590542,0.2970210266072159,-2848.6976891492436
690,-415.18479578032077,0.9895795316565581,0.14153344395467612,4.0,15.0,0.0,417.25510866803165,0.7166553412761446,0.2833446587238554,0.6693800920013501,0.33061990799864993,-1.63875203426655,-1.5835655560737893,0.025475401781149334,-0.213127801477156,-2842.040123118177
691,-415.1253324371916,0.9599110843097158,0.13260380661761337,5.0,31.0,0.0,416.3942934565089,0.6327023029515763,0.36729769704842374,0.16825574669730478,0.8317442533026952,-2.118623060445282,-1.4809865815312546,-0.008704986800585686,0.1942820467704496,-2838.1170933034414
692,-418.15800580842625,0.9028589761467974,0.14315701925752378,4.0,15.0,0.0,418.90921350599683,0.8008136966739543,0.1991863033260457,0.9061187041838222,0.09388129581617777,-1.6876915526936234,-0.5172626114402169,-0.149972259512203,1.1827351997161946,-2854.912416246224
693,-420.5734834153489,0.9904046252100026,0.12360106967730566,3.0,7.0,0.0,422.0269686957735,0.9861988120485762,0.013801187951423821,0.06194235022694121,0.9380576497730588,-1.1377083957167247,-1.7093541156132965,-0.09763323265903892,0.6172439152616607,-2851.9029718010684
694,-416.96715609675164,0.9803308022005659,0.14153344395467612,4.0,15.0,0.0,418.0648842407529,0.15250991020149468,0.8474900897985054,0.035612853735441694,0.9643871462645583,-1.3160327532785303,-1.6236546134010847,-0.07684510876614739,0.16308603240178624,-2839.0857328851603
695,-414.80369291909,0.995870605680787,0.13260380661761337,4.0,15.0,0.0,416.9974979068895,0.7263487607340434,0.2736512392659566,0.5436059077971424,0.45639409220285765,-1.4535949527705188,-1.5311069414833214,-0.007971180022378746,0.3622680291058952,-2840.6110750354296
696,-416.8641681714456,0.6109081741202363,0.14315701925752378,5.0,31.0,0.0,422.66540025700306,0.8794064758135943,0.12059352418640568,0.06208834463930392,0.9379116553606961,-0.8917109086057425,-1.6553776607320816,0.07592588780153303,0.6360826127231156,-2841.047911313341
697,-421.5061953181728,0.9962609902829117,0.12360106967730566,4.0,23.0,0.0,423.08705170908064,0.9774395594820499,0.022560440517950142,0.01634143045899391,0.9836585695410061,-1.2254603417190881,-1.4668754785737688,0.2095272944632286,-0.01658939264312745,-2853.5873809745353
698,-417.6666253291753,0.9972660887122733,0.14153344395467612,4.0,31.0,0.0,420.8841354689412,0.9590823090596166,0.040917690940383444,0.8925053652916309,0.10749463470836906,-1.487867605686139,-2.4116721103880923,0.07752186871572515,-0.36326540413412395,-2839.52697127474
699,-415.4728875323288,0.8862678225172159,0.13260380661761337,5.0,47.0,0.0,422.0149309655865,0.908082379583165,0.09191762041683504,0.6540992704186983,0.3459007295813017,-1.5199189717770474,-1.769505266425957,0.01422106327055442,0.0528868131250089,-2837.864522405501
700,-417.29772074572435,0.9634054613308644,0.14315701925752378,4.0,31.0,0.0,419.17417893441353,0.7885098198739574,0.2114901801260426,0.04410156717057308,0.9558984328294269,0.09376901403120678,-1.6039878616987304,0.045690067547558964,0.4190138308142112,-2845.9624757634037
701,-420.04272158210426,0.8478347867024647,0.12360106967730566,5.0,51.0,0.0,425.91722924194914,0.037760456368107896,0.9622395436318921,0.11366707469257736,0.8863329253074226,-0.09637982198375,-1.7849676542738326,-0.6381856144138875,0.053182988342814486,-2859.6856844944937
702,-420.70644258756903,0.5789237057193867,0.14153344395467612,4.0,31.0,0.0,424.3822387220393,0.003136220566243721,0.9968637794337563,0.9585349699896155,0.041465030010384485,-1.6628957925227337,-0.8254324494524892,-0.1162068735434005,0.13120525915043282,-2841.0122691422775
703,-415.6545331042191,0.9335013970881003,0.13260380661761337,4.0,31.0,0.0,417.2637135503788,0.638290031776071,0.361709968223929,0.49960080444663174,0.5003991955533682,-1.705249845438222,-1.2101249117674016,-0.06950946572695903,0.4852134769797929,-2847.5549125335433
704,-419.0780711927068,0.8321219321252286,0.14315701925752378,5.0,31.0,0.0,420.504940799528,0.7403302996733507,0.25966970032664927,0.027959231165570454,0.9720407688344296,-0.045756630216382904,-1.5758046259053922,-0.20581500963199373,0.10851227319099836,-2856.4001784977577
705,-424.20732849773356,0.7522920576042843,0.12360106967730566,2.0,3.0,0.0,424.9383447068855,0.03459763562251033,0.9654023643774897,0.057965189176605064,0.9420348108233949,-0.05350324933926262,-1.9365154244277258,-0.5771122795966316,0.11936962071208576,-2883.2140898316584
706,-419.90292284630533,0.9864692864178364,0.14153344395467612,4.0,15.0,0.0,422.6089908147196,0.0040655123333163505,0.9959344876666837,0.29750557615877765,0.7024944238412223,-1.6236823666558113,-1.710628181077216,-0.0688902281306733,-0.04057724392030488,-2846.9074836670225
707,-416.08939017233047,0.9842113195768256,0.13260380661761337,5.0,31.0,0.0,417.862603694674,0.6249221145070402,0.37507788549295984,0.09855760883997611,0.9014423911600239,-0.6178048119805847,-1.7087153412038352,0.3899872770891102,-0.4363076441756592,-2844.3531081801634
708,-418.49747264055344,0.9790390902172686,0.14315701925752378,4.0,19.0,0.0,421.20939138161776,0.8810335102117917,0.11896648978820834,0.025757659242762042,0.9742423407572379,0.5675016200769957,-1.5291427633680161,-0.0593145710117087,0.7508830843106509,-2847.0542805464866
709,-423.2945399885753,0.9836865096216496,0.12360106967730566,5.0,63.0,0.0,427.6911358107116,0.09397012191298032,0.9060298780870197,0.9892234188806724,0.010776581119327555,-1.7959537249934479,-1.1935595888223371,-1.4344567517928624,0.07472071649439804,-2869.8317878869416
710,-419.10232434505957,0.9992704058094525,0.14153344395467612,4.0,15.0,0.0,421.2551954158822,0.2752926998743461,0.7247073001256539,0.8307743190001567,0.16922568099984325,-1.4720940917059167,-1.8170966286803933,-1.0213695215105527,0.48111748517448816,-2864.5463040719414
711,-415.7875998662857,0.9678554851444885,0.13260380661761337,4.0,31.0,0.0,419.52004571148836,0.6063930473977832,0.3936069526022168,0.05695633933587405,0.9430436606641259,-0.6276256214415851,-1.6325040650332054,0.3255669493516006,-0.37389725811106184,-2839.2101046581324
712,-418.39946091891096,0.9763889021445686,0.14315701925752378,4.0,23.0,0.0,421.08637543530455,0.0757773799227226,0.9242226200772774,0.01759112320003599,0.982408876799964,-0.6254242223926801,-1.5194231999611079,-0.10386706901988332,0.004098729103067793,-2841.4620895426674
713,-421.24723164773013,0.9964764509306335,0.12360106967730566,5.0,63.0,0.0,425.6822250458615,0.054797489020969994,0.94520251097903,0.029713602084374905,0.9702863979156251,-1.561890512133243,-1.3875446398462248,-1.3335280711162227,0.02851742983788838,-2859.6204718598137
714,-420.76431607679984,0.9122116448174904,0.14153344395467612,5.0,39.0,0.0,426.22691646081734,0.10850646936949601,0.891493530630504,0.9350312095748096,0.06496879042519044,-1.726550920333687,-1.9964540198459377,-0.6962939545538773,-0.04718019149368277,-2864.6168087774968
715,-415.2028462299686,0.9745272571979213,0.13260380661761337,4.0,15.0,0.0,416.7228065769374,0.630475078247468,0.36952492175253204,0.13972044159464064,0.8602795584053593,-0.9523271500017944,-1.5940823413178418,0.12833628860493462,-0.05452117648419867,-2840.427416270992
716,-418.2154265159835,0.9959636144423814,0.14315701925752378,4.0,31.0,0.0,420.6759835728135,0.7776730466437413,0.22232695335625874,0.039801645466506136,0.9601983545334939,0.4222522140483492,-1.698421065487955,-0.12465311134456374,0.7168745051372102,-2851.154311224259
717,-419.5520032248932,0.8701822270980467,0.12360106967730566,4.0,31.0,0.0,424.9091603394539,0.05256028467066857,0.9474397153293315,0.409824086326669,0.590175913673331,-1.2914166089281958,-2.103709828041426,-1.0741167435242402,0.15099566605192288,-2861.358852124719
718,-419.9535172254643,1.0,0.14153344395467612,4.0,15.0,0.0,424.555128944155,0.21766923915170316,0.7823307608482968,0.9544146533211715,0.04558534667882852,-1.4520470610908924,0.14835753347498054,-0.7550088665601908,0.16101055874460396,-2864.698842851167
719,-414.91309737822206,0.9656747799523432,0.13260380661761337,3.0,15.0,0.0,417.15142516412396,0.6343396520522245,0.36566034794777547,0.1489950573093417,0.8510049426906583,-1.1137688376545514,-1.6423359496994454,0.07292417379446617,-0.08565230625922628,-2838.347574425416
720,-418.22795265634977,0.9987305719620742,0.14315701925752378,5.0,31.0,0.0,419.2199770531355,0.09168300864490155,0.9083169913550985,0.013794242287523401,0.9862057577124766,0.40823629481826224,-1.6282788007947213,-0.10878644980725119,0.08088597912982859,-2839.7121405293115
721,-418.98328094442854,0.6611272470430762,0.12360106967730566,4.0,15.0,0.0,424.3458428144936,0.11757362488925255,0.8824263751107475,0.8903466334423311,0.10965336655766889,-1.5218502123338387,-1.9894379992390177,-1.1518069642496713,0.378292887045606,-2855.824758086623
722,-418.79165398067755,1.0,0.14153344395467612,5.0,31.0,0.0,421.2980745145933,0.23950477402270987,0.7604952259772901,0.9809368715688458,0.019063128431154208,-1.7352232858395067,0.1415403965762008,-0.12487412854594432,0.23013245532291504,-2850.9825167254435
723,-415.8832086273148,0.9659427311783166,0.13260380661761337,5.0,47.0,0.0,416.74656000311006,0.8370197907314018,0.16298020926859824,0.3260447914376079,0.6739552085623921,-1.1514320414918378,-1.7103324269049616,0.13189017478043713,0.2969174017265654,-2844.829760370989
724,-419.78502436477305,0.796742140392026,0.14315701925752378,3.0,11.0,0.0,422.56574838621,0.16895642344981557,0.8310435765501845,0.0038151041015359994,0.996184895898464,0.5986021462961416,-1.4565963384782143,-0.5007977950061014,0.20337067826216315,-2845.3231035969293
725,-418.77144346173026,0.9834839643282565,0.12360106967730566,5.0,31.0,0.0,420.79093685686456,0.0600186214611664,0.9399813785388336,0.06882931472557961,0.9311706852744204,-1.2868232883117945,-1.4922354599044847,-1.5110834801733564,0.05115833254444059,-2848.6057932313174
726,-419.0505462922329,0.9904269409448523,0.14153344395467612,5.0,31.0,0.0,422.83845129812283,0.08853043765694339,0.9114695623430566,0.9468455552251688,0.05315444477483122,-1.4262795245892295,-2.2280186496569274,0.14152442792228712,-0.08283690110526536,-2850.5965245405587
727,-418.81806893659154,0.9495091711172875,0.13260380661761337,4.0,31.0,0.0,421.62953529021917,0.817884528788145,0.182115471211855,0.9101408393567377,0.08985916064326227,-1.6008737238270532,-2.390750457314454,0.1075328473781816,0.755676637559872,-2854.993327361043
728,-418.9053119411557,0.9438714947823338,0.14315701925752378,5.0,31.0,0.0,421.1774479520035,0.8215428723959226,0.1784571276040774,0.009627043955972144,0.9903729560440279,-0.6684312800202572,-1.4489752370101814,0.07190480434958865,0.12402853390847005,-2846.075448433712
729,-415.5637557266082,0.9805455514683491,0.12360106967730566,5.0,31.0,0.0,420.61042804376524,0.4155089774489915,0.5844910225510085,0.6876095764171312,0.31239042358286884,-1.4352057163956944,-1.9716068453295417,-0.5375227479717435,0.36195191072978433,-2844.7143500450597
730,-416.57340670660653,0.9783795438533909,0.14153344395467612,4.0,15.0,0.0,421.3830865642239,0.35000952314827255,0.6499904768517275,0.7199376201060733,0.2800623798939267,-1.4585615141287451,-1.3552510515755365,0.01157074054798439,0.2479698831552282,-2852.8218631712534
731,-417.6478941907698,0.9883213819297558,0.13260380661761337,4.0,31.0,0.0,422.1772500652338,0.17257511100885872,0.8274248889911413,0.94111938221077,0.05888061778923004,-1.6762581339744276,-1.3231128068488733,-0.27701075146727894,-0.027753500864989136,-2847.5760781997237
732,-416.2766012316067,0.9980133556163574,0.14315701925752378,4.0,15.0,0.0,420.04345825481494,0.6343769864241189,0.3656230135758811,0.07184542981925664,0.9281545701807433,-0.376593283026037,-1.603367807513113,0.35103303255987933,-0.4010849475224878,-2844.150483485592
733,-415.7900829202453,0.8801504575400272,0.12360106967730566,4.0,15.0,0.0,421.3309673209176,0.12366760429926257,0.8763323957007374,0.24199762130626362,0.7580023786937364,-1.494893746596175,-1.487729506623132,-0.10955779578389577,0.13558328228925004,-2841.244124682508
734,-416.8942078283469,0.9401998421691508,0.14153344395467612,3.0,7.0,0.0,418.34029898787077,0.3610074339160902,0.6389925660839098,0.20449895460675113,0.7955010453932488,-1.5127754006652774,-1.3857700710203653,-0.2594195476503582,0.10531059640570099,-2853.4252151892174
735,-416.7779558765301,0.9366044848173793,0.13260380661761337,5.0,31.0,0.0,420.89302674545354,0.6390458236751554,0.3609541763248446,0.5554565737222751,0.4445434262777249,-1.3515171541789992,-2.179366611037238,0.02994897791660671,0.17004540984174105,-2853.50213577391
736,-415.8378962974237,0.9290337518433797,0.14315701925752378,4.0,15.0,0.0,417.37773196217347,0.7349525524043417,0.26504744759565835,0.11068888035519134,0.8893111196448087,-1.1497630514223225,-1.7341725821143017,0.10133596401245376,-0.0019552221615050797,-2841.4451243047197
737,-416.26167187690453,0.9046823203353462,0.12360106967730566,4.0,23.0,0.0,419.1816597751995,0.11792532335061881,0.8820746766493812,0.08048311533476471,0.9195168846652353,-1.4332700748146252,-1.5291497430937881,0.601801638164527,-0.017785415637377663,-2837.7092839841307
738,-416.14985302274545,0.9887665308564907,0.14153344395467612,3.0,15.0,0.0,418.61196133914024,0.41178782784005863,0.5882121721599414,0.1875430233163922,0.8124569766836078,-1.579462662715195,-1.4070144540687386,-0.22974100521420315,0.14492094087633556,-2847.943004618933
739,-417.83753128149533,0.9599971191466161,0.13260380661761337,4.0,15.0,0.0,419.0237282899278,0.7171987031513988,0.2828012968486012,0.988902227779269,0.01109777222073105,-1.509022890182087,-1.838308934793616,0.27427065864582845,-0.4490614003986596,-2839.006399832655
740,-415.06578281194044,0.9819445675154622,0.14315701925752378,4.0,15.0,0.0,418.9738971722133,0.8076977207458881,0.19230227925411192,0.37136271844204816,0.6286372815579518,-1.5998723968255923,-1.6148825591485085,-0.14563403505974748,0.7990802040110973,-2839.2280256357635
741,-416.166040839191,0.9360213349238286,0.12360106967730566,4.0,31.0,0.0,418.65717474275544,0.5506035553163515,0.4493964446836485,0.24547834286062067,0.7545216571393794,-2.2838107231506233,-1.4997576595497673,0.3144013109192617,-0.28268860824625053,-2846.8776734477237
742,-416.500588493105,0.9938008953703669,0.14153344395467612,4.0,31.0,0.0,419.21122859207037,0.8789458024318386,0.12105419756816138,0.8590633671051267,0.14093663289487335,-1.6476103495697312,-0.9861004176552952,-0.05298154893814282,0.010265327918685438,-2843.8360955780154
743,-419.0558956786411,0.7975597320280713,0.13260380661761337,4.0,19.0,0.0,422.5143220292329,0.24980699413788013,0.7501930058621199,0.9903358425761454,0.009664157423854625,-1.4670541276047124,-2.5511494635358187,0.47647087897930984,0.004750461599635478,-2843.379929302469
744,-415.02272645656757,0.9977258341602255,0.14315701925752378,4.0,15.0,0.0,415.67248250636715,0.8053908653780485,0.1946091346219515,0.3305769651162845,0.6694230348837156,-1.8882453581052074,-1.5067364972947732,-0.053645772212403825,0.5326349207202341,-2838.3689713813305
745,-414.92939435735036,0.9407070778432364,0.12360106967730566,5.0,31.0,0.0,419.62336545818704,0.3635225374694101,0.6364774625305899,0.6362876811925148,0.3637123188074852,-1.484266840176336,-1.6900286918446517,0.4053036762891165,-0.28684882156954766,-2841.428822415702
746,-415.40891260978657,1.0,0.14153344395467612,4.0,15.0,0.0,418.01247582723005,0.5100802074131264,0.48991979258687357,0.7195351439771527,0.2804648560228473,-1.7479936536718859,-1.183549494957809,-0.42587698947438124,0.5242655795111347,-2844.6667642721604
747,-419.7538229217996,0.9886908794593587,0.13260380661761337,4.0,23.0,0.0,422.240891415647,0.8924805956212424,0.10751940437875762,0.9974295141208639,0.0025704858791361085,-1.5615776506759638,-1.9482036848313502,0.04127040719785352,-0.033697065743017264,-2836.7674272603563
748,-417.96251793577443,0.8346752988486452,0.14315701925752378,4.0,23.0,0.0,421.9309608238498,0.9791898020997021,0.020810197900297922,0.563660128990066,0.436339871009934,-1.2051035139658337,-1.9248675049893376,0.03264589909527016,1.5197076424102565,-2844.151098422003
749,-415.6786608093041,0.8390003968602469,0.12360106967730566,4.0,23.0,0.0,418.67238537068283,0.12179825411349263,0.8782017458865073,0.38548290504241733,0.6145170949575827,-1.5975958858520123,-1.4253676278526937,0.5027436266341707,-0.07395805171994407,-2841.836290769005
750,-416.325128633231,0.8617937958776841,0.14153344395467612,4.0,15.0,0.0,418.0771672837904,0.41418580256700804,0.585814197432992,0.9078346051691909,0.0921653948308091,-1.6212973470554286,-1.2914536740850648,0.4859412884729839,-0.41010234184349803,-2844.893209979336
751,-415.7633098363326,0.9801085307894026,0.13260380661761337,4.0,31.0,0.0,421.4599488291579,0.6974191504781982,0.30258084952180175,0.7438706353740436,0.25612936462595637,-1.4379247375762572,-2.0903860237750895,0.2282961525904078,-0.5937546726898504,-2843.8836329538476
752,-417.77792063770244,0.7198432331037566,0.14315701925752378,4.0,15.0,0.0,419.896178650494,0.9763489049086356,0.023651095091364427,0.5864123616124783,0.41358763838752166,-1.2614116385055258,-1.848066644215456,0.061419501675203075,1.6151118230261352,-2843.5129634873365
753,-418.2739786741548,0.5575526402742543,0.12360106967730566,3.0,15.0,0.0,420.8447693724067,0.1649114634339436,0.8350885365660564,0.6076889668762679,0.39231103312373206,-1.713112578923073,-1.3427729228511933,0.21528632105094964,-0.24138820485925142,-2861.5536567166973
754,-417.2195651250452,0.895018280828243,0.14153344395467612,4.0,15.0,0.0,421.41825891803046,0.3867668290984991,0.6132331709015009,0.22308719815159125,0.7769128018484087,-1.9343795816028269,-1.697394911800109,-0.4777086602717323,0.3122835733990015,-2854.0041268104774
755,-416.0976707973711,0.9298296996813138,0.13260380661761337,4.0,31.0,0.0,418.06400915816636,0.772012434746969,0.227987565253031,0.7372175229166233,0.26278247708337665,-1.5187951615235495,-1.9056554581931409,0.3737250868650348,-0.49373471600028634,-2845.5042946156345
756,-417.21843363961597,0.931669646218236,0.14315701925752378,4.0,15.0,0.0,422.6211143125285,0.4347216641130856,0.5652783358869145,0.12312064869983222,0.8768793513001678,-2.2906860371632347,-1.4209760147178148,0.6557344757172656,-0.39672826993578525,-2850.1898841987418
757,-414.81627885902236,0.9996669942644332,0.12360106967730566,4.0,31.0,0.0,418.749950282305,0.24297008408447046,0.7570299159155296,0.5225693696867512,0.47743063031324884,-1.6212492286736002,-1.459839828993278,0.013741145411366756,-0.029060097544444274,-2840.0524235088787
758,-417.01624205185976,0.9668705216401228,0.14153344395467612,4.0,31.0,0.0,419.72228938974877,0.2766018120409904,0.7233981879590097,0.43729800947783365,0.5627019905221664,-2.030732144257142,-1.474052368762977,0.6671675707286702,-0.27225523043492633,-2853.960731558498
759,-416.3888200454407,0.9132193089353776,0.13260380661761337,4.0,23.0,0.0,419.63100037985737,0.55655334717935,0.44344665282065,0.9266557631945652,0.07334423680543478,-1.5281257926713192,-1.1986881092070765,0.1596059927900769,0.16922117445949544,-2844.769871159761
760,-415.0576369394745,0.9280842062737404,0.14315701925752378,5.0,31.0,0.0,421.98563282491716,0.7447125325521661,0.2552874674478339,0.40408379269370065,0.5959162073062994,-1.478023729762143,-1.633498858945667,-0.09660150747508445,0.10867531708155169,-2841.605122473212
761,-416.3110162162534,0.9934935877641436,0.12360106967730566,4.0,31.0,0.0,417.45198668293995,0.8017476125952536,0.19825238740474638,0.7080647536419815,0.2919352463580185,-1.5686455743253234,-1.2651108754361016,-0.17540805080392283,0.9716036640483237,-2847.8319844811435
762,-416.1280903962583,0.9698287558752117,0.14153344395467612,3.0,7.0,0.0,421.41104810555134,0.4362777428393668,0.5637222571606332,0.3180374944450007,0.6819625055549994,-2.077880237708203,-1.421326849265197,0.4167011305240734,-0.40317442373738593,-2848.50138294037
763,-419.1086154791413,0.9610084215504782,0.13260380661761337,5.0,39.0,0.0,422.44504260577435,0.49762964580114355,0.5023703541988565,0.9921085032121366,0.007891496787863383,-1.5707446114628631,-0.06578168011057409,0.18559693128124552,0.24980142936620842,-2849.8037988603196
764,-414.97264041442077,0.9741020202532551,0.14315701925752378,3.0,7.0,0.0,416.97049753093404,0.4981911385870105,0.5018088614129895,0.367267650670646,0.632732349329354,-1.994140726502819,-1.2860707389916033,-0.05728221883312565,0.12714739666759242,-2841.993567050399
765,-416.2544941332076,0.914235847231553,0.12360106967730566,4.0,31.0,0.0,420.986079336796,0.7948268412994641,0.20517315870053587,0.13540789544737042,0.8645921045526296,-2.2989150779600593,-1.5009754371775945,0.13578573457431964,0.07011779625346637,-2841.5109337611457
766,-417.9154492536867,0.9743692947016167,0.14153344395467612,4.0,31.0,0.0,420.30847562937794,0.32464715166748614,0.6753528483325139,0.3138988791107814,0.6861011208892186,-2.2215863581385364,-1.3604149994365984,0.14192679586502938,0.27170538725610827,-2859.8278202429956
767,-418.3754102083735,0.8838539599525278,0.13260380661761337,4.0,15.0,0.0,424.22815187223273,0.7972701395564702,0.2027298604435298,0.9814982486156661,0.018501751384333853,-1.5370230595631051,0.6141867766609079,-0.11951725367353505,0.30886341391642547,-2847.2954518253455
768,-418.30019727229563,0.770449183986099,0.14315701925752378,4.0,31.0,0.0,419.7868412053824,0.07253363147386009,0.92746636852614,0.9020591363657255,0.09794086363427446,-1.4092634133744797,-2.461466440303262,-1.2230685740187761,0.17878346149321953,-2845.844167172889
769,-417.6315272143604,0.9941884797768948,0.12360106967730566,5.0,31.0,0.0,418.1706426383678,0.10183336427285457,0.8981666357271454,0.06448532433046103,0.9355146756695389,-2.596683667997378,-1.5819685520912938,-0.2603728183853453,0.12461847294330775,-2840.922428345698
770,-417.5732501534461,0.5789946105250726,0.14153344395467612,3.0,15.0,0.0,424.8803075148261,0.7094649779409558,0.29053502205904425,0.013593441297657768,0.9864065587023423,-1.6007922835431987,-1.499917361663292,-0.03706890392623449,0.4098226968818043,-2839.497866193917
771,-420.62570647848247,0.9859889549757822,0.13260380661761337,3.0,7.0,0.0,421.7068395439778,0.6634721102192349,0.3365278897807651,0.9056176767985684,0.09438232320143158,-1.7115676407776663,0.5333522474955583,-0.024198379863801606,0.42979197102441247,-2875.2973191651163
772,-418.9907538969546,0.9857073260152267,0.14315701925752378,2.0,7.0,0.0,419.3447111757617,0.0770064479263592,0.9229935520736408,0.8629308658555294,0.13706913414447064,-1.552122624354961,-2.6015676708258355,-1.305687950611651,0.12947793458419168,-2851.864771450573
773,-420.3888604280859,0.9921737963455867,0.12360106967730566,4.0,15.0,0.0,420.9972816075316,0.0750909039774749,0.9249090960225251,0.003995172098306724,0.9960048279016933,-2.958756356853733,-1.5302073681425077,-0.35326697514737243,0.0655597506815716,-2837.6503598794175
774,-417.4481776890808,0.9878078573909477,0.14153344395467612,3.0,7.0,0.0,417.81155283780976,0.6757358168703637,0.32426418312963634,0.014228020233026242,0.9857719797669737,-1.603025411351967,-1.5435513440498891,-0.004592958779199623,0.4229202881305918,-2839.23776829047
775,-419.51311070565043,0.972381272815647,0.13260380661761337,3.0,7.0,0.0,422.5406894273155,0.820119612553912,0.17988038744608803,0.9976302157933041,0.0023697842066958685,-1.6100223090657708,0.6034233289129662,-0.14050874835043917,0.5309505167507068,-2840.0874598616506
776,-422.44042995005384,0.9045626380597775,0.14315701925752378,5.0,31.0,0.0,425.0613738973371,0.013965265631577592,0.9860347343684224,0.021976450177393195,0.9780235498226068,-2.7446375569892663,-1.430464750035719,-2.174742495654144,0.008171592045168399,-2849.6326211116625
777,-419.75768319494415,0.9880882222350167,0.12360106967730566,5.0,31.0,0.0,422.21551821602714,0.9450074487960171,0.05499255120398294,0.9899847410485252,0.010015258951474815,-1.6798063561229415,-1.0728283858554266,0.10408790136014763,0.6473949856426786,-2843.48433645334
778,-419.3635837760523,0.29002046313339286,0.14153344395467612,4.0,31.0,0.0,424.59225915814216,0.04646216002215966,0.9535378399778404,0.9380318215755051,0.06196817842449487,-1.4281659930206674,-1.445093614342571,-0.7769141228314485,0.19842786452005814,-2851.5588158112523
779,-420.141511891692,0.9917425462794243,0.13260380661761337,5.0,59.0,0.0,421.0251393791843,0.722651215888102,0.277348784111898,0.9627952538488933,0.037204746151106693,-1.6122810418853144,1.360450571366047,-0.015400742376376758,0.6358166887327762,-2863.942375924699
780,-422.3887105753894,0.907411437474105,0.14315701925752378,4.0,31.0,0.0,426.2282551371991,0.05534393663262175,0.9446560633673783,0.04965775909469313,0.9503422409053068,-3.212676165061854,-1.641672690374346,-1.92551771559424,0.1859083535105212,-2861.8086472101236
781,-415.7618562501596,0.9232772231838944,0.12360106967730566,4.0,15.0,0.0,423.01855088512997,0.18426314417602874,0.8157368558239713,0.2807098445062733,0.7192901554937268,-1.9961191890926786,-1.4735533390229016,-0.40317906853664964,0.05372548901370674,-2842.38046284204
782,-419.3091278136725,0.990552321445621,0.14153344395467612,4.0,15.0,0.0,422.65211333125916,0.09586554128043073,0.9041344587195692,0.9830759516148527,0.016924048385147272,-1.5501508137852413,-1.0506723773129427,-1.2163853668750373,0.04441367637840196,-2846.989184457666
783,-416.08330664422346,0.7891824058109613,0.13260380661761337,5.0,63.0,0.0,424.5236808360664,0.41870741178069987,0.5812925882193001,0.4999023669164118,0.5000976330835882,-1.8607792054128436,-1.176545670360289,-0.5624118327940655,0.40936307386557164,-2850.2613891678643
784,-425.1830648077133,0.8429449825802418,0.14315701925752378,5.0,31.0,0.0,431.27121321209415,0.06291681867137687,0.9370831813286231,0.007972785991677134,0.9920272140083228,4.908740938880656,-1.7183783800331582,-1.4261338067160367,0.19002118002327065,-2858.9306226128547
785,-414.8904230235951,0.892688742814088,0.12360106967730566,4.0,31.0,0.0,417.62301681707675,0.7579444811894777,0.24205551881052234,0.8042743140145089,0.19572568598549112,-1.6693331951257222,-1.4352204035069485,-0.03438749081264075,0.33436350783699387,-2837.193966853325
786,-417.8347826222428,0.9502489298911769,0.14153344395467612,3.0,15.0,0.0,421.1940723039651,0.11341579758444419,0.8865842024155558,0.6641845388773894,0.3358154611226106,-1.7403000305098122,-0.9832603675830023,-0.8996685189802238,0.015766182208010515,-2855.9194293253418
787,-416.0857800175013,0.9270953138227369,0.13260380661761337,4.0,15.0,0.0,418.4865826225319,0.22599326972963021,0.7740067302703698,0.5122283000785611,0.4877716999214389,-1.1713571955803959,-2.044325158477422,-0.11779708197287546,0.05329285804973454,-2847.7874277452047
788,-422.016088251329,0.9135090622730617,0.14315701925752378,5.0,35.0,0.0,427.023207729746,0.940564107412361,0.05943589258763904,0.010527373756109145,0.9894726262438909,1.7207995767873783,-1.7592941167530198,0.10177083563073791,0.07485855261480259,-2858.488318162101
789,-414.5055166802326,0.9782418188308334,0.12360106967730566,4.0,23.0,0.0,415.6499738694834,0.5790368056627593,0.4209631943372407,0.674721818324735,0.325278181675265,-1.541600841943069,-1.4681016981715864,-0.08212118915748526,0.37293004147843856,-2839.036845916672
790,-415.9384094362914,0.9349866781995558,0.14153344395467612,4.0,15.0,0.0,422.064923566813,0.2745253021356441,0.7254746978643559,0.39614737922212845,0.6038526207778716,-1.4318310169631703,-1.7613579841507572,0.7033554578148548,-0.30799241640476027,-2847.215175315192
791,-416.8340038997777,0.8815778785634311,0.13260380661761337,4.0,15.0,0.0,419.8578207160209,0.04679368170888609,0.9532063182911139,0.7905000965122289,0.20949990348777114,-1.5686309694499054,-1.8504250732309009,-0.6448769114937898,0.018511107075847882,-2840.0430439309994
792,-421.26215399686197,0.8268207500842456,0.14315701925752378,6.0,63.0,0.0,425.4791754187228,0.9888586516825494,0.011141348317450617,0.9936321215125807,0.006367878487419265,-1.5420284614150521,-1.9479987820101021,0.06741815098777092,1.2765358319987485,-2837.1197521510503
793,-414.3285530808779,0.9957029119157593,0.12360106967730566,4.0,31.0,0.0,414.9479555243876,0.550517055301964,0.44948294469803596,0.712216864190968,0.28778313580903203,-1.6343184624417453,-1.4086932147552553,-0.1082406150713814,0.15818024322946528,-2837.4334174405712
794,-415.1932043367983,1.0,0.14153344395467612,4.0,15.0,0.0,416.7129625997072,0.18606825044667727,0.8139317495533227,0.1752149993371957,0.8247850006628044,-1.3327214651082369,-1.6755781196874895,0.4287687611648744,0.011100875583500553,-2837.5355959899216
795,-416.7816455674383,0.7288634691457702,0.13260380661761337,4.0,15.0,0.0,422.8146027958428,0.8890246361679904,0.11097536383200957,0.886111773871376,0.11388822612862404,-1.5634055456521294,-2.0473000621782647,0.24323431830519704,-0.7902457175028128,-2840.864111672752
796,-423.94326556542774,0.6713625842375576,0.14315701925752378,5.0,31.0,0.0,428.2143512245927,0.7593201201871209,0.24067987981287908,0.9999224848160918,7.751518390819445e-05,-1.587364525752743,-2.2721373590599914,-0.10862506735680968,0.9330138509078287,-2843.9777712571045
797,-417.21215293987655,0.9352304073061665,0.12360106967730566,4.0,15.0,0.0,418.77639904260434,0.5520905457681968,0.4479094542318032,0.795889153117998,0.20411084688200198,-1.8037533102261354,-0.9761601329127467,0.44550278428339984,-0.6203325466972354,-2855.658058352904
798,-415.26739213990487,0.7789177667388757,0.14153344395467612,5.0,31.0,0.0,416.9117288487585,0.827061559680101,0.17293844031989902,0.15481871224433444,0.8451812877556656,-1.2442473754706382,-1.6055330265313814,0.12684226781292912,-0.09030291526587339,-2837.5001929727
799,-416.97985817862394,0.980130825489613,0.13260380661761337,5.0,31.0,0.0,418.3868924602889,0.09479843211223529,0.9052015678877647,0.12324583081953039,0.8767541691804697,-1.7994905541299453,-1.6051564897729398,-0.5540710545663112,0.2401525698447352,-2842.725976195178
800,-421.1788187858089,0.7419521410943282,0.14315701925752378,3.0,15.0,0.0,428.4399423154241,0.8567552199479851,0.1432447800520149,0.9996187943206845,0.00038120567931554383,-1.544171677164094,-1.3556575201402956,0.08860166785262374,-0.2337321465383276,-2836.827674100817
801,-414.81446988443423,0.9928568800334825,0.12360106967730566,4.0,31.0,0.0,418.4895685301951,0.20941847593829,0.79058152406171,0.5503704075356928,0.4496295924643072,-1.5762894020030007,-1.6300698169529975,-0.3495876866983445,0.07386972726850853,-2838.8172034089066
802,-415.7027190190375,0.8462859909846857,0.14153344395467612,5.0,31.0,0.0,416.6915332037553,0.17934167950797367,0.8206583204920264,0.9069769177249359,0.09302308227506406,-1.5910772730072602,-1.3399324914791892,-0.576558846594174,0.2325912163957662,-2837.186952003573
803,-415.9402230408424,0.9077562726348372,0.13260380661761337,5.0,31.0,0.0,419.76149121451334,0.6820428661610656,0.3179571338389344,0.842201339705935,0.15779866029406497,-1.572881363573606,-2.1746262593535555,-0.03105795648056416,0.11095532859572543,-2842.482727684726
804,-419.79320132296886,0.9981853613924415,0.14315701925752378,4.0,15.0,0.0,422.2807720971714,0.6008061989101404,0.3991938010898596,0.9988400560316614,0.0011599439683386281,-1.571371995514648,-1.1439873122370166,0.39992150634522394,-0.4713250774297124,-2839.6736519874244
805,-415.89442516348265,0.9770653095672965,0.12360106967730566,4.0,15.0,0.0,417.2921996400623,0.41789128949065873,0.5821087105093412,0.25098199952763683,0.7490180004723632,-1.576267197091397,-1.4758582601312733,-0.5083465443955957,0.5069018773440256,-2847.1153305160146
806,-416.31482420551725,0.9805145015684744,0.14153344395467612,4.0,15.0,0.0,417.99564252728914,0.10992995138862778,0.8900700486113722,0.8687512250097633,0.13124877499023668,-1.5385627317343449,-1.5085891763335526,-1.0005982535748053,0.20539314194295005,-2839.835515840332
807,-417.8329085644847,0.9218143878023218,0.13260380661761337,4.0,15.0,0.0,419.36072670628465,0.6446058043444205,0.3553941956555795,0.9616562778237958,0.03834372217620419,-1.4366278480311372,-2.2989339169970457,0.4065368222298371,-0.3789883457402205,-2846.698137644376
808,-421.6990029490682,0.9269802600482481,0.14315701925752378,4.0,23.0,0.0,424.10719621004614,0.2634004360789262,0.7365995639210738,0.9998431243339774,0.0001568756660226267,-1.6303879109794854,-0.2701279535623157,-0.45434422282846226,0.1755457263344446,-2838.5897228304584
809,-414.4737419980035,0.9713201422011796,0.12360106967730566,5.0,31.0,0.0,417.7363408351178,0.2847533954369679,0.7152466045630321,0.6918886461658317,0.3081113538341683,-1.577965892756876,-1.6329330611735926,-0.40191383427313465,0.271234696893032,-2836.7589145497627
810,-419.73434135118464,0.8969438982455751,0.14153344395467612,2.0,3.0,0.0,420.3903504674827,0.2563029749853018,0.7436970250146981,0.8015681089559026,0.19843189104409742,-1.488952049838955,-1.4224591615308582,-1.1694902473132285,0.2196051189472623,-2870.388478014973
811,-417.9748404399332,1.0,0.13260380661761337,5.0,31.0,0.0,420.10616239384655,0.9634389680291735,0.036561031970826496,0.9002157781389524,0.09978422186104763,-1.5832667732248997,-2.275306925989362,0.07842451769907478,-0.9171586961125131,-2840.14133781812
812,-418.6897376100165,0.9963465012817851,0.14315701925752378,5.0,31.0,0.0,423.9463615494373,0.7387879897601992,0.2612120102398008,0.007377276567630092,0.9926227234323699,-0.787350837488789,-1.683575483392293,0.05874306824191775,0.34504525991214313,-2843.789585458709
813,-415.2338356952181,0.988261338682903,0.12360106967730566,5.0,31.0,0.0,415.85186722496303,0.6906028586979408,0.3093971413020592,0.612672595967591,0.38732740403240895,-1.408935958248664,-2.010512511028224,0.08624058812624771,0.15353513797741888,-2842.5055309394775
814,-416.3000281613727,1.0,0.14153344395467612,3.0,7.0,0.0,420.90010365137215,0.05266102307054389,0.9473389769294561,0.613215820860509,0.38678417913949104,-1.6677839739346634,-1.581815617256053,-1.1494498938466928,0.16081682391222352,-2839.3242228314157
815,-416.1744159702911,0.9813336952697346,0.13260380661761337,4.0,23.0,0.0,419.2354648668207,0.458826459424112,0.541173540575888,0.2391807768499817,0.7608192231500183,-1.6009260464988646,-1.3566011429105649,0.3235587766947872,-0.1449523098132775,-2849.5270639740356
816,-420.1216154650488,0.7977850419246747,0.14315701925752378,2.0,7.0,0.0,421.6700329234209,0.7317561162733016,0.2682438837266984,0.01701742343028802,0.982982576569712,-0.7578114116114512,-1.3715118302810916,0.020575557802300914,0.29473398912063786,-2860.3974340072264
817,-415.33378484660074,0.9874535673298153,0.12360106967730566,4.0,31.0,0.0,416.6188883044013,0.7064564326403481,0.2935435673596519,0.8832682410021591,0.11673175899784094,-1.562462462071341,-1.785722619492093,0.11150855222072945,-0.25252961936822416,-2837.535049958123
818,-417.31434273268616,0.9773987853806163,0.14153344395467612,4.0,31.0,0.0,418.7664145488832,0.1812184793166136,0.8187815206833864,0.6467125074360531,0.35328749256394687,-1.8126832457607234,-1.0561942438236405,-1.1134302318777887,0.19628400006152272,-2854.42314502355
819,-419.7667325038596,0.9791200550375743,0.13260380661761337,4.0,31.0,0.0,420.5909266260228,0.8681974873079044,0.13180251269209564,0.505459465743206,0.494540534256794,-1.9333918573474054,-1.5749179389170196,0.0674157294974644,1.2900628770089084,-2868.2839801556115
820,-419.284416026171,0.9983624876892637,0.14315701925752378,4.0,15.0,0.0,420.7777633880391,0.5532324065707505,0.44676759342924954,0.026410675545573154,0.9735893244544268,-0.7124325577497983,-1.8111729003573644,0.06395066560257402,0.10761096278159499,-2858.0873549485455
821,-416.18648721002825,0.9200267540780284,0.12360106967730566,5.0,31.0,0.0,417.72905662927843,0.9352569215793816,0.06474307842061844,0.4905843457002647,0.5094156542997352,-1.7778698630276892,-1.3643583043768674,-0.049842091664862115,0.2431135513699377,-2841.574835149635
822,-417.2752587961425,0.9779353778383204,0.14153344395467612,4.0,15.0,0.0,418.79247379020643,0.04592863070452719,0.9540713692954728,0.8636498475972365,0.1363501524027635,-1.4779481282529303,-1.7391441036413038,-0.8653459127988344,0.02701284999847485,-2840.9086163470406
823,-417.1520221830648,1.0,0.13260380661761337,4.0,15.0,0.0,420.69963634364785,0.8689191796331968,0.13108082036680324,0.07554892651413633,0.9244510734858636,-1.0966226143716034,-1.6400312555427243,0.14862435387575923,0.4146582551993322,-2844.663750566494
824,-414.76603238958614,0.9319277512243794,0.14315701925752378,4.0,31.0,0.0,420.930753715271,0.2161136078118915,0.7838863921881085,0.24227397426630012,0.7577260257336998,-1.4862521031807465,-1.5520784024472578,-0.22703458932155102,0.11517812336025433,-2837.0850877825887
825,-415.2051698594107,0.9286135498859859,0.12360106967730566,4.0,15.0,0.0,418.3257625560695,0.36965269066494444,0.6303473093350556,0.5476762196557905,0.4523237803442095,-1.7599626717814247,-1.6167193177104413,0.2586673768189425,-0.11635884207321903,-2843.433115044817
826,-415.7971926005892,0.9727894840690825,0.14153344395467612,4.0,15.0,0.0,418.60365040432634,0.3373553507547355,0.6626446492452644,0.09717304982896378,0.9028269501710362,-1.9191928825157736,-1.5710862997773396,-0.227537403170303,0.32544609523843604,-2839.61868648792
827,-417.1275058417768,0.9778659334525625,0.13260380661761337,4.0,31.0,0.0,421.8569052508182,0.049700066187329583,0.9502999338126704,0.05993829753371355,0.9400617024662865,-1.0320200494655736,-1.5827962125380743,-0.4885897148877415,0.10995708502898208,-2837.1593950845363
828,-414.8645827026987,0.8902155728824943,0.14315701925752378,4.0,15.0,0.0,417.3460695049352,0.41121204396478506,0.5887879560352149,0.4861293433059205,0.5138706566940795,-1.7885873617221368,-1.3998331638657113,-0.32596242466903663,0.4542596505158728,-2841.679799373506
829,-416.3555137874473,0.9540277874935462,0.12360106967730566,4.0,15.0,0.0,417.1568816736339,0.16391424667171756,0.8360857533282824,0.3284229188481464,0.6715770811518535,-1.4084357444938316,-1.7958234238138802,0.202326466101989,0.16390078511410452,-2847.355582484884
830,-416.4844880046648,0.7504935366969357,0.14153344395467612,3.0,7.0,0.0,421.8845765374496,0.3021514869978871,0.6978485130021129,0.3038703201982994,0.6961296798017006,-2.188650680070426,-1.3059342788302681,-0.30898765863045424,0.3629572477941512,-2849.6851320526425
831,-415.49334845800314,0.8782190496931287,0.13260380661761337,4.0,31.0,0.0,420.61392753729723,0.5085571857466443,0.4914428142533557,0.20560588186714523,0.7943941181328548,-1.6495489113181676,-1.6935756452369526,-0.08305420402442037,0.3237987500250601,-2843.108922962114
832,-417.41336937687356,0.7299185411463132,0.14315701925752378,2.0,3.0,0.0,418.03275199643485,0.34167411064177394,0.658325889358226,0.5033771522519356,0.4966228477480644,-1.7227458548561159,-1.4560938161780468,-0.3027742487278881,0.5659881682165286,-2858.7577131552084
833,-415.79260198665287,0.9405937374106783,0.12360106967730566,3.0,15.0,0.0,419.7189671516132,0.23081235340835166,0.7691876465916483,0.2549525049852829,0.7450474950147171,-1.2256352821228576,-1.5529971535672304,-0.06014890419416037,-0.0014071139718403597,-2845.3965895433203
834,-416.96178839374454,0.9022116811958268,0.14153344395467612,4.0,31.0,0.0,419.939511253328,0.059949741678013195,0.9400502583219869,0.3083762595095494,0.6916237404904506,-1.463996324020149,-1.6404586603996516,-0.4636457452754359,0.2383106785623093,-2845.3202960817266
835,-415.4558793469062,0.8458001553182847,0.13260380661761337,3.0,11.0,0.0,421.4111097231882,0.8077847398541159,0.19221526014588408,0.7882619116840918,0.21173808831590823,-1.5644099666257811,-1.5581081562400798,0.28476204933166915,-0.4150339848056961,-2840.205767601621
836,-415.6191589679067,1.0,0.14315701925752378,4.0,15.0,0.0,418.0653976749651,0.3369266216027285,0.6630733783972715,0.4610193089729917,0.5389806910270083,-1.6489440921015441,-1.5980301705633944,-0.28133336188015984,0.022059310089145114,-2846.4024861562766
837,-417.7371466150554,0.8981042938789581,0.12360106967730566,2.0,3.0,0.0,418.5268744025558,0.2044860326981924,0.7955139673018076,0.22690053330800675,0.7730994666919933,-1.2002288567011583,-1.420185862791268,-0.02836591514199659,0.07065258946433062,-2858.0673327184627
838,-418.15101406330587,0.9161641834081897,0.14153344395467612,4.0,31.0,0.0,421.1223530110926,0.9626103252041558,0.03738967479584421,0.9260274099275421,0.07397259007245793,-1.509026592041989,-1.8094245523914143,0.013555932585488872,-1.111709038772495,-2841.14059293649
839,-415.83279407718163,0.9969120508025998,0.13260380661761337,4.0,15.0,0.0,416.57235592231285,0.8628998468665936,0.1371001531334064,0.7461678235667009,0.25383217643329914,-1.6398180977111667,-1.4711164055179038,0.012425273395039516,-0.43007271952131254,-2841.882429985064
840,-414.3977635344369,0.8133659986617143,0.14315701925752378,2.0,3.0,0.0,418.56982571729804,0.4792574792981094,0.5207425207018905,0.5201008247950443,0.47989917520495573,-1.5713987917866084,-1.5599390990952922,-0.2814276492562402,0.21952049662101114,-2839.03956946894
841,-416.49258234114143,0.9976420268264315,0.12360106967730566,3.0,7.0,0.0,417.94865229332873,0.2909606541950364,0.7090393458049635,0.16018932574375294,0.839810674256247,-1.2785992418590761,-1.8113225399217363,0.1013925790216265,0.05263312749508031,-2848.0129210430555
842,-417.29460677439386,0.9464080918249749,0.14153344395467612,4.0,31.0,0.0,419.81726464078184,0.8036530192177086,0.1963469807822914,0.7658961433699736,0.23410385663002642,-1.6056753325983104,-1.9598581774111115,0.3103042282083128,-0.9673016080388583,-2851.507897219401
843,-414.78740873324125,0.8170016513647451,0.13260380661761337,4.0,15.0,0.0,418.2269997015321,0.7257779526259869,0.2742220473740131,0.7437460084125536,0.25625399158744644,-1.5023344155479166,-1.5431280049987255,0.14244217085891103,-0.07341656016479225,-2838.6207803449424
844,-414.0808373286953,0.965872064829388,0.14315701925752378,2.0,7.0,0.0,415.41618578315183,0.39116697979647963,0.6088330202035204,0.4966873369737971,0.5033126630262029,-1.548358485290869,-1.5310496883625104,-0.2056704778884499,0.21143485532448514,-2836.7118464912364
845,-416.96884072093405,0.852988175691607,0.12360106967730566,3.0,15.0,0.0,420.7928731505712,0.670813170196777,0.329186829803223,0.8526173251027699,0.14738267489723011,-1.3951831092745282,-1.8618802382682564,0.2822724039225056,-0.017770168786423693,-2850.8142879432316
846,-421.03908556422124,0.6384916580456894,0.14153344395467612,5.0,47.0,0.0,427.8381840778534,0.8146336359873544,0.1853663640126456,0.006349815852589095,0.9936501841474109,0.2783436995758224,-1.623118752878891,-0.31858143965378666,1.0029655279561867,-2857.0857156911834
847,-415.50312306429987,0.9877548048942312,0.13260380661761337,4.0,31.0,0.0,416.7798886113083,0.7911784330215258,0.2088215669784742,0.3664505059712791,0.633549494028721,-1.5579051320719162,-1.7561349828052806,0.22861784949722005,-0.5877139154742858,-2842.5669469813583
848,-415.0414950911548,0.9170384140318382,0.14315701925752378,4.0,15.0,0.0,415.7631875404604,0.2709006332670803,0.7290993667329198,0.30158331483018913,0.6984166851698108,-1.733050875211136,-1.6070342417621246,-0.062220436488113984,0.18735804989083688,-2840.1841877711117
849,-414.90178489112094,0.9677075620130605,0.12360106967730566,4.0,23.0,0.0,419.15953308934553,0.7495600685575657,0.25043993144243426,0.6108268249372724,0.38917317506272764,-1.5150039469352423,-1.7611182876237825,0.31707202656017597,-0.5426848011979354,-2839.559428241418
850,-416.5990572094548,1.0,0.14153344395467612,4.0,23.0,0.0,422.6349429083015,0.6896090562129578,0.31039094378704224,0.045831353997956924,0.9541686460020431,-0.02066751208143572,-1.6292173194812705,0.20879078010393076,-0.36919256615859875,-2843.048798426624
851,-415.6345376261094,0.9325584974903981,0.13260380661761337,4.0,31.0,0.0,418.11749931798875,0.5818378531739509,0.41816214682604913,0.8375945225943564,0.1624054774056436,-1.6727188665346135,-1.6717003490172022,0.3553133497310838,-0.19300674995547157,-2842.58757341865
852,-414.5465096221319,0.9605698047170552,0.14315701925752378,3.0,15.0,0.0,416.051034212792,0.4068849538875648,0.5931150461124353,0.31949773510048235,0.6805022648995176,-1.3844084241035384,-1.618380971068857,-0.1174056315863949,0.29986359191222806,-2839.2190674335325
853,-414.9542514097219,0.9898568489415063,0.12360106967730566,4.0,15.0,0.0,416.1903023983208,0.6451582645100528,0.35484173548994724,0.6185935334397681,0.3814064665602319,-1.521132165860013,-1.5626688464113396,0.37928864024783576,-0.563885695507471,-2841.7366224792736
854,-416.5990572094548,0.49763240298941375,0.14153344395467612,2.0,3.0,0.0,419.97930505442,0.6896090562129578,0.31039094378704224,0.045831353997956924,0.9541686460020431,-0.02066751208143572,-1.6292173194812705,0.20879078010393076,-0.36919256615859875,-2843.048798426624
855,-416.36126989143156,0.939431694670007,0.13260380661761337,5.0,31.0,0.0,418.22713268736885,0.28570856876637135,0.7142914312336286,0.09056690519379029,0.9094330948062097,-1.7767724496099684,-1.5063956019729987,-0.38920557329454725,0.37792947008023153,-2842.958283623235
856,-416.52086009918384,0.8718816154371718,0.14315701925752378,5.0,31.0,0.0,418.68578995217575,0.9154808943278792,0.08451910567212084,0.7584710653672412,0.24152893463275882,-1.6457976780589372,-1.554290335264992,0.09033148484235368,-1.2198827485266617,-2842.105882495325
857,-418.00335871016654,0.9392237781493578,0.12360106967730566,4.0,15.0,0.0,424.60185448653544,0.7335999187196385,0.2664000812803615,0.24757606803362342,0.7524239319663766,-1.0139397319747345,-1.908497039780281,0.4377295941568656,-0.6867935043108644,-2859.9737259804638
858,-418.8842625396282,0.7530596140469971,0.14153344395467612,4.0,31.0,0.0,421.0984572600055,0.83727291311698,0.16272708688301996,0.00414820794018124,0.9958517920598188,-0.6728488217273206,-1.5613995739866202,0.1215492748904266,-0.6893842064717899,-2838.9433997107203
859,-415.37802914980756,0.9985282177642987,0.13260380661761337,3.0,15.0,0.0,418.6575882892544,0.370845931128812,0.6291540688711881,0.11558745774020715,0.8844125422597928,-1.891817656188544,-1.494419924245579,-0.3080297946856032,0.33646168625808315,-2838.3246498606763
860,-416.4917393563334,0.9564934785081369,0.14315701925752378,4.0,15.0,0.0,418.3289609311688,0.9040303572350922,0.09596964276490783,0.8533526902438081,0.1466473097561919,-1.6813225888027588,-0.9414729869710509,0.09823587239882578,-0.9999576353571488,-2841.701788549425
861,-415.99988518744726,0.9866091300437301,0.12360106967730566,3.0,7.0,0.0,419.01223574772337,0.6349169309766332,0.36508306902336685,0.3384338383427393,0.6615661616572607,-0.9799503011047666,-1.9172756718476924,0.33001238853103637,-0.4172426658660894,-2848.9414413359364
862,-419.1015496390892,0.723947077398757,0.14153344395467612,5.0,47.0,0.0,422.8008066144932,0.9000368556148708,0.09996314438512921,0.008131908312829348,0.9918680916871706,0.4467959616497877,-1.6823742783028492,0.11817568493271641,-0.6651594468288315,-2842.108526379035
863,-415.62007793693516,0.9976580320616897,0.13260380661761337,4.0,15.0,0.0,417.8639468774544,0.6848640435014495,0.31513595649855053,0.17445586139638566,0.8255441386036143,-0.8273149391940084,-1.7764827314427085,-0.029240876671460424,0.15681033641388542,-2843.6864141096244
864,-417.1341842513325,0.8358821133602896,0.14315701925752378,4.0,31.0,0.0,420.1154675806787,0.8439025926237006,0.1560974073762994,0.5237694732855921,0.4762305267144079,-1.816746211936275,-1.1054779937313035,0.21019444742231164,-1.060716413005166,-2852.9522546475723
865,-416.7512001402397,0.9748452937287738,0.12360106967730566,4.0,23.0,0.0,420.14088683764396,0.894955156901739,0.10504484309826101,0.042129155499563205,0.9578708445004368,-1.4585910637538182,-1.5807811224734174,0.06774006306222125,-0.02977072689844741,-2836.309217007366
866,-418.9524512418151,0.9988609646024066,0.14153344395467612,4.0,15.0,0.0,420.4280964923891,0.7870408605648205,0.21295913943517952,0.009598984873574369,0.9904010151264256,0.47665902001172483,-1.4919820988335488,0.18755858242662188,-0.7386057167475478,-2846.9024153733167
867,-416.56334743962094,0.9520718557632598,0.13260380661761337,4.0,31.0,0.0,419.6798391568914,0.9190466034507908,0.08095339654920919,0.10297062829052359,0.8970293717094764,-1.150681849189111,-1.6313917444549746,-0.05696130650898809,1.1039204468364685,-2838.618694612675
868,-417.55841367547083,0.7032127100035427,0.14315701925752378,5.0,31.0,0.0,421.3831626191893,0.8397268949318484,0.16027310506815162,0.2601797843548932,0.7398202156451068,-1.2370391939956633,-1.4434767649879723,0.11228807184302729,-0.5998547067844731,-2855.7132671339996
869,-417.6411612188077,0.9958472816067693,0.12360106967730566,5.0,31.0,0.0,419.54709898119404,0.6745434381590736,0.3254565618409264,0.011469344144479887,0.9885306558555201,-1.8809827570932742,-1.5553040148519057,0.3046063579129247,-0.49537961889545057,-2838.1092538439
870,-421.27875198732534,0.8378991003291915,0.14153344395467612,5.0,63.0,0.0,426.2501857639523,0.7214098552931528,0.2785901447068472,0.0031383030208059193,0.9968616969791941,2.3606089541768025,-1.704641814683051,-0.007862973524726688,0.6078284478502782,-2851.5282854915326
871,-419.66668713766205,0.8792293662202211,0.13260380661761337,4.0,31.0,0.0,421.5280713720762,0.8704263000313814,0.12957369996861856,0.003049863391859135,0.9969501366081409,-0.9974180351378515,-1.51643494791175,0.007237685704659963,0.8629874929593665,-2840.357025805033
872,-419.74486612132534,0.90229255890079,0.14315701925752378,4.0,15.0,0.0,425.09436856636654,0.8512778987769909,0.1487221012230091,0.022717919767662565,0.9772820802323374,-3.656399068100384,-1.4689458277728271,0.10994176276924088,-0.20820806651425067,-2845.461763238321
873,-417.91706254321446,0.6239804620404537,0.12360106967730566,4.0,31.0,0.0,429.9777435876443,0.4031994348721969,0.5968005651278031,0.4545470391959558,0.5454529608040442,-0.985874941201201,-1.9109199637600671,0.15533901752541046,-0.27036231984052944,-2863.3189610240743
874,-420.2369235531711,0.7713267542424568,0.14153344395467612,5.0,41.0,0.0,426.3132201179494,0.0831935069665119,0.916806493033488,0.022451794351936078,0.9775482056480639,0.8229276594533034,-1.6192955125795623,-1.5067430940167292,0.21583602330658574,-2853.886337835503
875,-420.6521780117438,0.9907836610836837,0.13260380661761337,3.0,15.0,0.0,424.7542254482265,0.9166236219306795,0.08337637806932052,0.008219169958533752,0.9917808300414662,-1.9054880506107779,-1.6394354192616405,-0.04004767182220155,1.6244612685698114,-2847.040327386489
876,-420.79278626026405,0.9430899602769789,0.14315701925752378,3.0,15.0,0.0,424.8881360431256,0.7306243600403652,0.26937563995963476,0.02794521086059711,0.9720547891394029,-2.4251516345921798,-1.42838695811545,0.4246518931225998,-0.9519070269354505,-2862.818434048474
877,-415.293148478008,0.9967368103697349,0.12360106967730566,4.0,15.0,0.0,418.71130788394913,0.586527363470189,0.41347263652981103,0.5695977261314602,0.4304022738685398,-1.5375520887020766,-1.5660816448024908,0.25445427735376486,-0.5145596277395786,-2844.8023029341243
878,-422.1523146415438,0.7527834896967696,0.14153344395467612,5.0,63.0,0.0,423.6761028784712,0.034486019254389606,0.9655139807456103,0.012942955923454028,0.9870570440765459,1.5558090763826613,-1.454156014250744,-1.730033116977349,0.10225471818356763,-2855.9939079936753
879,-417.80099142267306,0.9293437146791971,0.13260380661761337,4.0,31.0,0.0,423.7379876819873,0.852233504829345,0.147766495170655,0.01699779922813597,0.9830022007718641,-1.668980801287414,-1.6469423498543072,0.06976506019485314,0.08027775023370426,-2838.7317112295245
880,-420.2986989108872,0.772855306047063,0.14315701925752378,3.0,7.0,0.0,424.9665282121089,0.5853440773069579,0.4146559226930421,0.037002972098345584,0.9629970279016544,-2.258008944236285,-1.6167582342390272,0.3414660028973373,-0.7907472464910598,-2863.206374242092
881,-416.19931336578685,0.9731314447947249,0.12360106967730566,4.0,31.0,0.0,420.2779229267437,0.9046968262091395,0.09530317379086051,0.8743974438986784,0.12560255610132165,-1.5705088267522183,-1.7835221433102062,-0.02221659288960122,0.26959110408156517,-2837.8753510841943
882,-421.15975669441485,0.967250244515614,0.14153344395467612,5.0,63.0,0.0,424.68342277563147,0.28851698041457485,0.7114830195854251,0.008257129223074935,0.991742870776925,2.3025844721882103,-1.4776980284331716,0.15690748291685835,0.22068737084668377,-2858.6124021610226
883,-416.9152840153134,0.9636882682234577,0.13260380661761337,5.0,31.0,0.0,419.55969932330885,0.750535270000724,0.24946472999927605,0.40999169882305947,0.5900083011769406,-1.337204430962945,-1.9428406054879401,0.35255945603201755,-0.7799450253049829,-2853.135865884809
884,-417.48168182084703,0.5562130466754353,0.14315701925752378,3.0,7.0,0.0,425.1102123595931,0.9133289242463625,0.08667107575363753,0.17950025995566435,0.8204997400443357,-2.4835821025288425,-1.3982140562538503,0.11594230161542862,-0.6950048209592818,-2845.667126591876
885,-418.6168797232948,0.9424036702085582,0.12360106967730566,4.0,23.0,0.0,422.3635505331443,0.03819158527760277,0.9618084147223972,0.9205459076604188,0.07945409233958123,-1.6548444217084288,-2.018814442329691,0.04720810317898179,0.13897436143020228,-2844.91050077264
886,-422.2517077194771,0.6288664053975153,0.14153344395467612,4.0,31.0,0.0,426.02614901308027,0.41911554967591746,0.5808844503240825,0.002427793694448923,0.9975722063055511,2.1548497220163365,-1.377303420668166,0.19656223198762274,-0.13461861686590787,-2859.7488951812597
887,-416.2808399262337,0.9737569272354325,0.13260380661761337,4.0,31.0,0.0,419.60983822676326,0.1589435086571167,0.8410564913428833,0.8846773414893935,0.11532265851060652,-1.6568314821403607,-1.5609186770275265,-0.4770669634412872,0.06539790158808863,-2841.2240227324664
888,-419.1603045558226,0.9448835122181475,0.14315701925752378,4.0,31.0,0.0,420.87028670888117,0.8074752372370293,0.1925247627629707,0.008075570312231935,0.9919244296877681,-2.495888390326887,-1.5761958297779564,0.04338142347404638,-0.427715249268225,-2841.571287687164
889,-417.23284211519194,0.9856668189277344,0.12360106967730566,5.0,31.0,0.0,419.95503288911794,0.1451225330624362,0.8548774669375638,0.023686745503695313,0.9763132544963047,-0.9664948422633759,-1.6219347496366845,0.44146461200035403,-0.07739625495087667,-2838.454313416087
890,-420.792438698991,0.9135321184666824,0.14153344395467612,5.0,63.0,0.0,425.30443897958133,0.5815747706723201,0.4184252293276799,0.006956207053821858,0.9930437929461782,0.5321456564894687,-1.7793515721974633,0.30495204621896216,-0.06105195701319675,-2859.5400065102376
891,-416.9383322802798,0.9966103994081146,0.13260380661761337,4.0,31.0,0.0,418.303035406448,0.15666950307809052,0.8433304969219095,0.9524407119893944,0.047559288010605605,-1.638420000821895,-1.2476240923988067,-0.739959330629654,0.2736950560047298,-2840.5510640028483
892,-418.68056033762144,0.9020117209148062,0.14315701925752378,4.0,23.0,0.0,424.27551812918506,0.08731650017849357,0.9126834998215064,0.014555532219795216,0.9854444677802048,-0.7078096971494797,-1.6596218785638575,1.0043674032674559,0.04664651959824419,-2841.665726269016
893,-415.4811373600625,0.6691804541507568,0.12360106967730566,3.0,15.0,0.0,420.19560721556604,0.5090869345318955,0.49091306546810454,0.0939454465333211,0.9060545534666788,-1.0791670434602156,-1.5415052740100894,0.3522768949660927,-0.17834728341910208,-2840.2529135725226
894,-419.71645286019736,0.9969161473173418,0.14153344395467612,5.0,47.0,0.0,422.5445577442861,0.7021846229056892,0.29781537709431083,0.005061648250952,0.994938351749048,1.490543152026062,-1.4928750023585702,0.25822281892666443,-0.06295566568624274,-2848.0353471325184
895,-416.60843245701204,0.9176226080906731,0.13260380661761337,5.0,31.0,0.0,419.54228477080704,0.14563197814454593,0.8543680218554541,0.3816007086432773,0.6183992913567227,-2.0895108322249234,-1.2600608748178768,-0.6484453600066638,0.2684990529756915,-2847.8918201357346
896,-418.40092748136396,0.7086081279981137,0.14315701925752378,5.0,63.0,0.0,423.71375385810086,0.9447981638080399,0.05520183619196006,0.693798839560787,0.30620116043921297,-1.570587072510607,-1.1439519886114844,-0.02769624176684022,1.7733751275311742,-2853.1320860052274
897,-414.9119388801368,0.9880687619146118,0.12360106967730566,5.0,31.0,0.0,417.34246824700995,0.5909025562014059,0.40909744379859414,0.5455260598493747,0.45447394015062526,-1.4025852489544606,-1.960130492837571,0.16937998608733262,-0.12990172363221525,-2841.612537828193
898,-418.5019935381789,0.9502025998333636,0.14153344395467612,5.0,63.0,0.0,421.6380608236806,0.390924896736755,0.609075103263245,0.030411719226492797,0.9695882807735072,0.7220337979186272,-1.6380843755434553,0.10557735932229234,-0.1613452546745775,-2853.8555097948115
899,-417.744749447598,0.8500785243398391,0.13260380661761337,3.0,11.0,0.0,422.6121847942734,0.05577482538369564,0.9442251746163044,0.7839812299410924,0.21601877005890757,-1.4993716606341636,-1.3750738227237376,-0.6352404576669558,-0.030296098977965397,-2849.153690997273
900,-415.63168291439706,0.8952043311270936,0.14315701925752378,5.0,31.0,0.0,421.18241744050897,0.8420284167067117,0.1579715832932883,0.7473793272052739,0.2526206727947261,-1.640063180815559,-1.241274708789224,0.11943590905260862,0.30824932806571415,-2841.8841697158314
901,-417.38486937084315,0.9439249882319952,0.12360106967730566,5.0,31.0,0.0,418.80470869451005,0.08551585421686733,0.9144841457831326,0.705230717660392,0.294769282339608,-1.471054590259572,-1.6145830663573166,-0.6080014044909673,0.294090030212265,-2850.224439798913
902,-421.28096716261314,0.8991395026230632,0.14153344395467612,5.0,31.0,0.0,426.26606768655245,0.9230246087920937,0.07697539120790631,0.995489330466667,0.004510669533333012,-1.4165709178383734,-1.7944589781850255,0.040538098911732656,0.7228269295076342,-2849.5313096807863
903,-416.65831364772225,0.999295978006923,0.13260380661761337,4.0,31.0,0.0,419.7336383113712,0.045649697932713784,0.9543503020672862,0.5760480303517601,0.4239519696482399,-1.6103848064354775,-1.2727513832354396,0.2538382803673366,0.04399107205313354,-2843.0951679048576
904,-415.6864167266398,0.9855839049932531,0.14315701925752378,3.0,15.0,0.0,417.9284651885533,0.8701542741164267,0.12984572588357335,0.8432209075128538,0.15677909248714617,-1.6789146786187967,-1.201208235012637,0.009367884557874559,0.007983225147060236,-2838.740332498765
905,-417.4557412582621,0.9656936098826762,0.12360106967730566,4.0,15.0,0.0,421.9310200774916,0.43310068692341547,0.5668993130765845,0.13201578632973746,0.8679842136702626,-1.242882733544415,-1.4036715022426205,-0.30582965369437703,0.31485896852957707,-2855.8145644892784
906,-420.62424006300455,0.9766434322921663,0.14153344395467612,4.0,23.0,0.0,425.6530701264088,0.5608055863702751,0.4391944136297249,0.9984380551375073,0.0015619448624927257,-1.6675664961117205,-0.41419370935668287,-0.34780979150222535,0.6586385560095394,-2848.2144324051187
907,-416.3701885963831,0.9972471725872599,0.13260380661761337,3.0,15.0,0.0,418.6104538753873,0.0492103251383162,0.9507896748616838,0.574073635482042,0.42592636451795796,-1.6032708459362117,-1.3157456667565153,0.12751943600587765,0.04531066808036945,-2841.5713840688986
908,-415.1969990850217,0.97406198395769,0.14315701925752378,4.0,31.0,0.0,418.467488615763,0.8457324268626366,0.1542675731373634,0.7262798607314652,0.2737201392685348,-1.7542314988740855,-1.2203874088719917,0.04450221334544738,-0.014725415599743507,-2838.906452647863
909,-417.67890032897174,0.907801364015677,0.12360106967730566,4.0,23.0,0.0,420.1880883623018,0.20114473762830418,0.7988552623716958,0.31269103905670037,0.6873089609432996,-1.6708386679213354,-1.7709710863321817,-0.48046757116607197,0.3454671656880338,-2856.552322321049
910,-416.07301235032025,0.8116341677746447,0.14153344395467612,4.0,15.0,0.0,424.4746547767516,0.5647372934318063,0.43526270656819366,0.8638253150780564,0.13617468492194362,-1.5408877712950044,-1.400540255328117,0.12046217251997451,-0.3228398678746973,-2845.807198565266
911,-415.41468906417344,0.9672637459097524,0.13260380661761337,4.0,31.0,0.0,418.0442779955946,0.7869982106308248,0.21300178936917524,0.5218872741423081,0.47811272585769193,-1.6898988885287753,-1.2963675848504548,0.2947547866789932,-0.4253177692929934,-2843.50824345001
912,-418.7064300387261,0.9748857502845786,0.14315701925752378,4.0,15.0,0.0,420.6158659185096,0.8492433662173761,0.15075663378262394,0.7206163828372782,0.27938361716272175,-1.2534171304862964,-2.525402836722054,0.12570269562714162,-0.31067831917424116,-2860.0903444418173
913,-415.5664208426638,1.0,0.12360106967730566,2.0,3.0,0.0,417.7695116442301,0.23596688868994942,0.7640331113100506,0.3223090070610481,0.6776909929389519,-1.6172046577468406,-1.731735174166149,-0.48262755525180107,0.20231713061520212,-2843.2036792182503
914,-417.0369676140439,0.9795038428772397,0.14153344395467612,3.0,11.0,0.0,419.39151695627015,0.9362562705029662,0.06374372949703377,0.8679234385597057,0.13207656144029434,-1.7578857374126988,-0.7455811734401269,0.07805313538761774,-0.3061438311284157,-2843.121259201214
915,-415.0522775074553,0.942941791964727,0.13260380661761337,4.0,31.0,0.0,418.11186037868566,0.5066592017820802,0.49334079821791976,0.5953877734224803,0.4046122265775197,-1.5737993350827522,-1.3958345783131674,-0.4028836205785861,0.4549232757884744,-2843.5299948838315
916,-415.9399749331536,0.9787319345873056,0.14315701925752378,4.0,15.0,0.0,419.71901860220106,0.6559056372779557,0.3440943627220443,0.9477024185698698,0.05229758143013019,-1.5222584287392757,-1.5743910384015614,0.2656762847421022,-0.3662839005145934,-2837.856365440948
917,-416.22721582010126,0.9904969435481062,0.12360106967730566,3.0,7.0,0.0,416.26253647203197,0.274678662849808,0.725321337150192,0.41129621463773175,0.5887037853622683,-1.298791613111857,-1.5089692890404176,-0.5760140780383086,0.25449127554412315,-2850.489343037548
918,-418.3086453613455,0.9496074021885926,0.14153344395467612,3.0,7.0,0.0,419.88503363248833,0.9111878537796104,0.08881214622038958,0.8552199441973394,0.14478005580266062,-1.8462607187783473,-0.5322127471111848,0.12147858918486353,-0.17236937445527709,-2854.549887611651
919,-418.5541666446536,0.9380971094583102,0.13260380661761337,3.0,7.0,0.0,419.4089286010164,0.4727217057576782,0.5272782942423218,0.6571124185912033,0.3428875814087967,-1.8239945966597249,-1.284420467829701,-0.5695802245368886,0.7500615930373921,-2866.315548296743
920,-416.10051251185763,0.6259816095206382,0.14315701925752378,3.0,15.0,0.0,419.03033232125046,0.5190796581496719,0.48092034185032806,0.9555978350285512,0.044402164971448776,-1.6147949875165963,-1.3473470483941685,0.3777301398393173,-0.36918039444987666,-2838.8466196926674
921,-419.1825493803428,0.7541358173053248,0.12360106967730566,3.0,15.0,0.0,424.61736166917086,0.39528656938475343,0.6047134306152466,0.6665087580619695,0.3334912419380305,-1.4149837525101099,-1.488834955672511,-0.8050021438664303,0.2907922365528278,-2871.0609263881192
922,-416.2914355030296,1.0,0.14153344395467612,4.0,15.0,0.0,418.9340706802068,0.6573748221531578,0.3426251778468422,0.9638786291460212,0.03612137085397882,-1.6208570666291753,-1.6334360583057774,0.03150193720030164,0.03284172054010774,-2837.5745220868566
923,-418.17105536092225,0.9667436395635541,0.13260380661761337,4.0,31.0,0.0,421.5565038729819,0.010155704441485851,0.9898442955585142,0.8394543981345938,0.16054560186540623,-1.6372484035361132,-1.0551087486513282,0.020760220266154164,0.006578357267343682,-2839.7274836820297
924,-415.22546364822693,0.9839620364927226,0.14315701925752378,5.0,31.0,0.0,418.77091512000356,0.7878429688479938,0.21215703115200624,0.5338500246396355,0.4661499753603645,-1.4566084695824668,-1.6992228354250518,-0.17693674852751842,0.8731495273141854,-2841.3002845527217
925,-416.7722630691286,0.9831654135774445,0.12360106967730566,4.0,15.0,0.0,420.6837129229216,0.07282870694113548,0.9271712930588645,0.5052988403379945,0.49470115966200545,-1.98075445793542,-1.1711011566678178,-0.8418899016364941,0.07798386305388254,-2845.5764170636066
926,-415.5111166754624,0.9611539485789662,0.14153344395467612,4.0,15.0,0.0,418.2464203601852,0.48207780289183194,0.517922197108168,0.3033858703280997,0.6966141296719003,-1.8390841670627696,-1.5973927282342,-0.3550876986327134,0.49879465370705234,-2844.480069763291
927,-418.5922883112059,0.8537565880160051,0.13260380661761337,3.0,15.0,0.0,420.6236651831773,0.021697259193610097,0.9783027408063899,0.8615227885613186,0.1384772114386814,-1.5349242497344484,-0.8861879875208454,0.4578495734326136,0.09474376009566046,-2847.3331316454783
928,-415.59220120238456,0.9601205977565702,0.14315701925752378,4.0,15.0,0.0,416.2548494859803,0.8332540169155284,0.16674598308447164,0.5444592950476428,0.4555407049523572,-1.37080765528574,-1.8645428099808423,-0.058859570041838574,0.96193002186653,-2842.11797321426
929,-417.97184008157154,0.8431541322415508,0.12360106967730566,4.0,31.0,0.0,420.4529913268439,0.019975310905009563,0.9800246890949904,0.5712538994702308,0.42874610052976925,-1.395570905364372,-1.5042565008986781,-1.0213767770953914,0.10531834331921533,-2845.812146553953
930,-417.51665762870937,0.9469882742229707,0.14153344395467612,4.0,31.0,0.0,420.8111286760798,0.9251303049392733,0.07486969506072672,0.19909964440690148,0.8009003555930985,-2.176143683523988,-1.4240748193610608,0.1180777504620032,0.9013029293704573,-2846.4243351926452
931,-417.9034630269316,0.9418176439774958,0.13260380661761337,4.0,15.0,0.0,422.00920139197507,0.10850348986720737,0.8914965101327926,0.9268849274728203,0.07311507252717975,-1.7233186429370069,-0.3823634379886488,1.0609895807607628,0.025569367710771982,-2848.383130865248
932,-415.286921290985,0.7789644943702311,0.14315701925752378,5.0,47.0,0.0,419.47132798024904,0.17740372648518166,0.8225962735148183,0.21632833449915195,0.783671665500848,-1.8082363170078883,-1.494518066742097,0.7749147969131905,-0.07911591011017441,-2837.870441373805
933,-418.38033358361736,0.924624170825328,0.12360106967730566,4.0,15.0,0.0,420.22331298392976,0.09595083854601211,0.9040491614539878,0.8185113417085037,0.1814886582914963,-1.3319677671827963,-2.1570127612116505,-1.3952315103579251,0.19581543151388953,-2852.7456439651464
934,-417.9689978727898,0.732179334891426,0.14153344395467612,3.0,11.0,0.0,420.985888122373,0.9260945629383605,0.07390543706163955,0.16932850556102289,0.8306714944389771,-2.2786625756213925,-1.517886796687514,0.0004898574706098113,1.4942083152988344,-2846.7529334651686
935,-418.1676895714595,0.9988758228291501,0.13260380661761337,4.0,31.0,0.0,421.03180086623286,0.017761435380443908,0.982238564619556,0.8003379183330888,0.19966208166691124,-1.6847613066886962,-1.5624017457190793,1.7810351584440123,0.03711561994136275,-2840.6663228639654
936,-416.4001252477549,0.9436848078476882,0.14315701925752378,4.0,31.0,0.0,417.31463574194555,0.09053901897897439,0.9094609810210256,0.29031892265579573,0.7096810773442043,-1.752733418274636,-1.397258194351941,1.1941268885432286,-0.015691661204933555,-2842.660173548305
937,-417.44128668316125,0.6909640046255912,0.12360106967730566,5.0,63.0,0.0,420.8433869312605,0.06054336612206014,0.9394566338779399,0.6328676898548256,0.36713231014517445,-1.475500834282705,-2.012178001100828,-1.0186763933932117,0.22397360909127478,-2847.3814385477012
938,-419.14598285384164,0.926065278093577,0.14153344395467612,5.0,31.0,0.0,420.6703756957325,0.9594516988902412,0.04054830110975882,0.06569354047046796,0.9343064595295321,-2.1328877800705266,-1.61857363788777,0.04997382493197614,1.8329148108352042,-2844.5600167579164
939,-415.3238055361522,0.7662948927264318,0.13260380661761337,4.0,27.0,0.0,422.10860693402424,0.19023694608839536,0.8097630539116046,0.5796953302827839,0.42030466971721614,-1.8677867791473188,-1.1892651591456025,-0.00530881126202451,0.021029531392953577,-2842.04634155756
940,-417.87793037458613,0.9597968445927422,0.14315701925752378,4.0,31.0,0.0,420.4493360860437,0.017184997377789852,0.9828150026222101,0.6235494158375782,0.37645058416242183,-1.7027370035743843,-1.567545727584255,1.7421694795608913,0.08624149100512121,-2841.1438142156308
941,-416.27619470126984,0.9981998806610161,0.12360106967730566,5.0,31.0,0.0,418.77023947134535,0.04988606338519246,0.9501139366148076,0.21421303809913522,0.7857869619008648,-1.3400571365048806,-1.656870984048088,-0.7819572417249774,0.15413732035547006,-2837.6929521754455
942,-421.68998733533033,0.3136427813515944,0.14153344395467612,3.0,7.0,0.0,427.10843205767566,0.8985384679408173,0.10146153205918274,0.44226878830024885,0.5577312116997512,-2.121307857815863,-1.2144525677674285,0.17655975103514898,1.5293950922068151,-2879.5121377843193
943,-416.5238979465497,0.8674245747479787,0.13260380661761337,4.0,19.0,0.0,418.6160821227967,0.45789619216346766,0.5421038078365323,0.28958510209426574,0.7104148979057343,-1.3939440541188322,-1.6216056057728117,0.2483129121380465,-0.43804035127523383,-2852.529892758142
944,-416.28184829893644,0.9762840823908283,0.14315701925752378,4.0,27.0,0.0,420.24565555540903,0.0845422081727602,0.9154577918272397,0.3268814428857436,0.6731185571142564,-1.3130954767132925,-1.7627431832905591,1.060003205402041,-0.1081237026512903,-2842.2869107801966
945,-418.5995607788034,0.6928253535900734,0.12360106967730566,4.0,15.0,0.0,422.02332802922587,0.0973722555376993,0.9026277444623007,0.17512486919866188,0.8248751308013381,-2.257057326062299,-1.408293795018051,-1.56274662131304,0.13267828162114204,-2853.185802930593
946,-420.99707938263924,0.8784479473057264,0.14153344395467612,4.0,15.0,0.0,424.5171824697316,0.9934593253447034,0.006540674655296619,0.20122585786093167,0.7987741421390684,-2.059362463728973,-1.50734455407373,0.22247047223624325,1.4792085942200572,-2853.172134537593
947,-415.48117046194284,0.9386881118313883,0.13260380661761337,3.0,15.0,0.0,419.3081040536911,0.8639942997487847,0.13600570025121528,0.6359481246902798,0.36405187530972016,-1.361099748128997,-1.7031784992081602,0.13432284317911455,-0.38572248936221376,-2840.8958453619775
948,-416.8161607534048,0.9937712807553456,0.14315701925752378,5.0,31.0,0.0,417.31368415450675,0.8085014860733528,0.19149851392664718,0.8902083431890275,0.10979165681097247,-1.5396187886124608,-1.1277545271910825,0.08350403444648466,0.5829353984209517,-2846.8697790395695
949,-417.7031400141753,0.911575132774868,0.12360106967730566,5.0,31.0,0.0,421.562276013369,0.30622958905948444,0.6937704109405156,0.05827732139576323,0.9417226786042368,-2.6885023827916372,-1.564115849047944,-0.5062774786701106,0.14707306205799958,-2846.0467247349543
950,-420.39429018222535,0.6980283753564728,0.14153344395467612,5.0,31.0,0.0,427.0539358660723,0.9968735392266972,0.0031264607733028082,0.6045838193402508,0.39541618065974915,-1.7133080255141848,-1.3476257185588674,-0.08638182105344583,1.890475222327783,-2847.0359251774153
951,-419.30253986523127,0.9130943869549372,0.13260380661761337,4.0,15.0,0.0,420.9845407437684,0.8311385595712641,0.16886144042873585,0.05579496069439523,0.9442050393056047,-1.8232576821084643,-1.5024516764164275,-0.16336974865946582,1.3956916841392817,-2856.0175427675226
952,-416.1213549055482,0.9860423797734291,0.14315701925752378,4.0,15.0,0.0,421.51749374609113,0.7141037614002423,0.28589623859975766,0.8840401780746624,0.1159598219253376,-1.4972409543249958,-1.3159775336485315,0.11808354211020347,0.16680588528790713,-2844.287753153557
953,-417.95638260312376,0.9776971437913298,0.12360106967730566,5.0,31.0,0.0,419.66575461884173,0.2495957839633153,0.7504042160366847,0.7853952528331313,0.21460474716686873,-1.3001140390105,-1.7591108969022453,-0.5265017298391944,0.10161869727140357,-2858.8903240621726
954,-417.1399037130296,0.9849723032953582,0.14153344395467612,5.0,31.0,0.0,424.83880275357956,0.9299772163628338,0.07002278363716619,0.5182905769756244,0.4817094230243756,-1.8083549325769628,-1.5928150487042636,0.1288269253399878,0.3392178431140631,-2847.9181656364176
955,-419.004127398386,0.9073981600865381,0.13260380661761337,4.0,15.0,0.0,424.38177408822736,0.982026214796795,0.017973785203205028,0.16139921291170892,0.8386007870882911,-0.5444025119109887,-1.7359957395894223,-0.001414516267844895,0.31450441733551004,-2849.733189039644
956,-417.27652100780074,0.971314509454889,0.14315701925752378,4.0,15.0,0.0,419.65068128207554,0.804840818276032,0.19515918172396796,0.5226252651906047,0.4773747348093953,-1.4876408413353002,-1.9824390035966173,-0.18384924550631498,0.932464463248848,-2853.982768921364
957,-415.9943583467757,0.9829415580708016,0.12360106967730566,2.0,7.0,0.0,419.5574528042114,0.26900057740429556,0.7309994225957044,0.7814184792969314,0.21858152070306858,-1.448716861450024,-1.7833453718422945,-0.5506316875040959,0.11493465895290522,-2845.3133448462418
958,-416.8222424863842,0.9715480375139667,0.14153344395467612,4.0,15.0,0.0,419.21650362128656,0.21128687679276476,0.7887131232072353,0.15354205617756295,0.8464579438224371,-1.7460719373133975,-1.3687220269924807,0.14007491695487717,0.07369452646656754,-2848.561222913248
959,-420.54641220395285,0.7540566212843077,0.13260380661761337,3.0,15.0,0.0,424.68529864129977,0.987285727241371,0.01271427275862902,0.0481203563272358,0.9518796436727642,-0.4848745161119127,-1.6658631902581573,-0.10037055553979585,0.9386639892525229,-2850.1228951360777
960,-415.940983088548,0.9722654364980282,0.14315701925752378,3.0,15.0,0.0,419.1869165365929,0.805373657200799,0.194626342799201,0.5254265603467798,0.4745734396532202,-1.3249777590940264,-1.5672392665453827,-0.11359742938412723,0.6103854752580113,-2846.8539241195385
961,-415.43732713460565,0.9240755232583443,0.12360106967730566,5.0,31.0,0.0,417.7008745926944,0.32342473248957015,0.6765752675104298,0.6413865261669333,0.35861347383306674,-1.2533865746379147,-1.9691680633423405,-0.15287881484236474,0.09539863236876092,-2844.3584469507623
962,-415.717175258247,0.3882916367435985,0.14153344395467612,3.0,7.0,0.0,423.0878898885018,0.18845133293166283,0.8115486670683372,0.7809953714887602,0.2190046285112398,-1.7230559306281683,-0.8934575934119342,-0.24239049802584692,0.06895822839336463,-2843.1958990184316
963,-420.2954615775399,0.8763530232900714,0.13260380661761337,3.0,7.0,0.0,426.5047509477476,0.9209404182878224,0.07905958171217764,0.05951338990131699,0.9404866100986831,-0.9430344226178519,-1.8251896279127715,-0.11039404427128507,0.733742161580083,-2861.1662417842194
964,-419.33639498774073,0.8282961447562177,0.14315701925752378,4.0,15.0,0.0,420.98981058338063,0.07345563053815544,0.9265443694618446,0.13425600970468274,0.8657439902953172,-1.9076468547144463,-1.7617208905994184,-0.6124770948270227,0.15006359707550285,-2857.077301005253
965,-414.6790659452971,0.9822406621767528,0.12360106967730566,4.0,15.0,0.0,416.5062484147753,0.5462562223302996,0.4537437776697004,0.37599018371868487,0.6240098162813151,-1.2213741778494127,-1.657644639796981,-0.07278812656214433,0.2769251825612939,-2841.1197088036597
966,-416.85154760004286,0.8811531121952763,0.14153344395467612,4.0,31.0,0.0,419.4827964865878,0.6025368410166385,0.3974631589833615,0.9839813450268754,0.016018654973124602,-1.6246728370659878,-1.1836699408499343,0.19570011450103125,-0.24309720764548426,-2837.394222235588
967,-414.07280357496177,0.99003566267297,0.13260380661761337,3.0,15.0,0.0,422.1583509228062,0.47564858092992834,0.5243514190700717,0.4668104071915059,0.5331895928084941,-1.6674210865551797,-1.446755241204263,-0.16418075759907308,0.29799508129830315,-2836.806343212994
968,-419.83824727362213,0.9932597592785612,0.14315701925752378,5.0,31.0,0.0,422.83635117913906,0.02439481998418673,0.9756051800158133,0.05806045744660896,0.9419395425533911,-0.5548242123838658,-1.7719226121903215,-0.2405458665306238,0.15291959568631674,-2851.1965943452155
969,-416.34417474006887,0.9447109034888348,0.12360106967730566,4.0,15.0,0.0,417.0662387317545,0.47174395501890465,0.5282560449810954,0.06743843579890015,0.9325615642010998,-1.4033806370500599,-1.7122036282043689,0.07605996877076435,0.08995362076227717,-2843.0521049245294
970,-416.6919846149042,0.9923206959823317,0.14153344395467612,3.0,15.0,0.0,418.8368271958303,0.7689691381246011,0.2310308618753989,0.9774534287535511,0.022546571246448877,-1.635071526453235,-0.8595596977687157,0.16533237475666168,-0.26156389649273604,-2837.0882652657965
971,-416.0235999222985,0.8786577344781105,0.13260380661761337,3.0,15.0,0.0,417.1665501818052,0.5973917846075824,0.40260821539241765,0.37255280358376835,0.6274471964162316,-1.8094094448582783,-1.5565313569849506,-0.3742149160348057,0.3629953454362554,-2848.7519552548765
972,-414.43957242326456,0.9977125327700624,0.14315701925752378,4.0,15.0,0.0,420.301871171812,0.7064703364578535,0.2935296635421465,0.648253317998547,0.351746682001453,-1.7417176841008106,-1.365318223672168,0.13211577499633664,-0.09390793952660786,-2837.5159784029474
973,-415.8223537138324,0.9718342230547331,0.12360106967730566,4.0,15.0,0.0,417.97101767422896,0.7006067893063408,0.2993932106936592,0.17564716133049818,0.8243528386695018,-1.4634884178240717,-1.447457399559531,0.23982479762912945,-0.2812113958313058,-2844.4852927879647
974,-417.0850739577792,0.9876641578154852,0.14153344395467612,3.0,11.0,0.0,418.4031676708698,0.7450426398579232,0.2549573601420768,0.9681396583113351,0.03186034168866492,-1.526915405016049,-0.11532251265470744,0.2209194919519855,-0.4614074816217983,-2843.3669119544084
975,-416.3218092880664,0.992915314821152,0.13260380661761337,4.0,31.0,0.0,418.6191538712219,0.5689467613691811,0.4310532386308189,0.12917609714122774,0.8708239028587723,-0.6947253189473521,-1.5909106987371955,0.10385919328723373,-0.20623863477382542,-2848.3994387500743
976,-414.9117091480923,0.9719882820447479,0.14315701925752378,4.0,15.0,0.0,416.1438969639596,0.20457158104769105,0.795428418952309,0.763947408370247,0.236052591629753,-1.6341791015616327,-1.2322772495973755,-0.11653058866931734,0.07170858974673551,-2838.100088369076
977,-416.4365603084992,0.9923952083203168,0.12360106967730566,4.0,23.0,0.0,417.4562586676993,0.6543752183599535,0.3456247816400465,0.9406661224716893,0.05933387752831065,-1.4740119183436624,-2.068530026537969,0.1835186059200074,-0.0051795190230472556,-2840.839836755726
978,-419.43815081129793,0.8922026626752902,0.14153344395467612,3.0,7.0,0.0,420.2734945341268,0.7139602192453431,0.28603978075465686,0.9806108327740162,0.019389167225983828,-1.7620908942233124,0.009105042904881289,0.3459081794868027,-0.6689552474766576,-2855.8591243297196
979,-416.4176416402981,0.9674341407068625,0.13260380661761337,4.0,31.0,0.0,419.66292312570437,0.5041675824302163,0.4958324175697837,0.1816729669306172,0.8183270330693828,-0.7719336410895583,-1.6877655946320609,0.07130829448824555,-0.20186404093089888,-2850.7543002646726
980,-418.61096914286577,0.9646877905515313,0.14315701925752378,4.0,31.0,0.0,420.55095911039814,0.005397986123184487,0.9946020138768155,0.17470876749070424,0.8252912325092958,-1.6454436196617,-1.6060701039923984,-0.7520938494847227,0.08716733455209248,-2837.116289817401
981,-415.94399827491327,0.9591792997311701,0.12360106967730566,4.0,31.0,0.0,418.2243957845585,0.5265202419767728,0.47347975802322717,0.7092376130878042,0.2907623869121958,-1.4460616668745798,-2.2010967758124393,-0.15042313103897256,0.14474855897438726,-2846.7110637690057
982,-418.7301946027608,0.9868968104793008,0.14153344395467612,5.0,31.0,0.0,423.6811578945221,0.934550351603329,0.065449648396671,0.9371295852409938,0.06287041475900623,-1.4202548261342653,-2.784568986146706,0.12906434863643113,-0.6589937146313194,-2844.7979405279298
983,-417.1369570393148,0.9891636749645262,0.13260380661761337,5.0,31.0,0.0,419.17937877592163,0.645279040985865,0.35472095901413503,0.030640964944855527,0.9693590350551444,-0.24318861338548053,-1.6216169623972427,-0.21022005519675205,0.23142894012849768,-2844.597089185085
984,-419.6736797771441,0.9088222718368824,0.14315701925752378,4.0,15.0,0.0,422.0710694554855,0.13921181116153128,0.8607881888384687,0.19178396195323247,0.8082160380467676,-2.386732425762048,-1.5123971453010865,-1.3422628385768967,0.10140618201332405,-2863.01055785172
985,-417.16256070457354,0.8892809652318213,0.12360106967730566,3.0,11.0,0.0,419.1879188186211,0.33149384267203835,0.6685061573279616,0.9364253063612066,0.06357469363879342,-1.5404888017402634,-2.1349396334198922,-0.29581600799395014,0.432788637988197,-2845.5374941620953
986,-416.3656191763645,0.9974876106061935,0.14153344395467612,4.0,15.0,0.0,420.0621424609949,0.9556496831756178,0.044350316824382174,0.8242176292171725,0.17578237078282755,-1.5643766248686515,-1.6642998904845452,0.08912229169363463,-0.2004783759476398,-2836.425362730018
987,-416.87925601333086,0.9869003900035959,0.13260380661761337,3.0,7.0,0.0,418.67479831312403,0.421720797287483,0.578279202712517,0.08679813822602975,0.9132018617739702,-0.12275377901919907,-1.6670929694231829,-0.3283708177011659,0.3654824575057357,-2849.820125224312
988,-419.045973676217,0.9325236087140981,0.14315701925752378,4.0,15.0,0.0,422.412281206697,0.06579411201813651,0.9342058879818635,0.9312071568615667,0.06879284313843326,-1.5536026233808378,-2.4799714091485328,-1.663489432522057,0.15640463617710057,-2846.6121161651868
989,-415.64104781857884,0.9863044469045638,0.12360106967730566,4.0,31.0,0.0,419.1447615978622,0.20473134436080617,0.7952686556391938,0.8348817747399123,0.16511822526008768,-1.5401406504934587,-1.5869705091878876,-0.5996284159437224,0.11674802536933282,-2840.374994423667
990,-416.5417764918024,0.9464106265248343,0.14153344395467612,5.0,31.0,0.0,418.6922590136912,0.10895108646279154,0.8910489135372085,0.16706139582133253,0.8329386041786675,-1.789653832263833,-1.544240648677701,1.0227233298219762,0.05505869073068972,-2841.9044591911816
991,-418.0032163120359,0.9906886682213376,0.13260380661761337,4.0,15.0,0.0,418.59580625402634,0.9195780171073404,0.08042198289265956,0.013534419009849743,0.9864655809901502,-0.22868935694623016,-1.575316839259302,0.021355352493979428,0.4123649166621638,-2837.323933418053
992,-417.87969461016814,0.9619846098925806,0.14315701925752378,4.0,15.0,0.0,419.71947416378475,0.03512013010412844,0.9648798698958716,0.821341071238,0.17865892876199996,-1.4583758320069484,-2.1414855728768765,-1.6667083746583824,0.1341476108158008,-2841.7626342588
993,-415.9576339508827,0.6300111958883591,0.12360106967730566,4.0,31.0,0.0,419.0388390611752,0.1300669820428874,0.8699330179571125,0.8332860216943728,0.16671397830562718,-1.6187948635862612,-1.3845617444437517,-0.8372037836199651,0.0960174929245905,-2840.115158993217
994,-417.21609514520725,0.9446122922557513,0.14153344395467612,4.0,31.0,0.0,419.8317927829591,0.8979395208285628,0.10206047917143724,0.8561078887912423,0.14389211120875767,-1.6422011246878256,-1.1445873351795681,-0.07922509243218559,-0.13515616474838232,-2847.5720182648265
995,-420.3918582673461,0.9946012232057798,0.13260380661761337,4.0,15.0,0.0,421.7595289659424,0.9510833145480656,0.048916685451934394,0.0026654275073110505,0.997334572492689,0.20307132408199424,-1.5728898854288458,-0.010823274227831817,1.342361943452257,-2838.0812979491443
996,-421.29060988128776,0.8408666230954244,0.14315701925752378,4.0,15.0,0.0,421.63269689603,0.024558119769175973,0.975441880230824,0.9696333606075586,0.03036663939244144,-1.6479915455560834,-2.915944678149453,-1.7301078003338148,0.02059513258868509,-2847.772168695657
997,-415.9378864935213,0.9040321073469615,0.12360106967730566,4.0,23.0,0.0,420.3949144995994,0.24363945798811457,0.7563605420118854,0.8416387720074751,0.15836122799252494,-1.47974677543744,-2.1952276673089,-0.39923588566867657,0.10248499781800663,-2841.3944835029806
998,-417.60405894963293,0.9023265438999222,0.14153344395467612,3.0,7.0,0.0,419.4475000133302,0.8718812911329543,0.12811870886704568,0.8503279368664137,0.14967206313358628,-1.6666962153088374,-1.0519910068273632,-0.16273071137225853,0.2385376282399437,-2851.899400856144
999,-418.3305657026283,0.9865309385624891,0.13260380661761337,5.0,31.0,0.0,423.4560170595116,0.9835162117847913,0.016483788215208683,0.67507065831224,0.32492934168776,-1.7428656530785402,-1.1065459402561546,0.07907789265222558,2.069732736554713,-2843.3873056117077
