draws,lp__,accept_stat__,stepsize__,treedepth__,n_leapfrog__,divergent__,energy__,rho.1,rho.2,mu.1,mu.2,log_prob_data
0,-205.12300761912735,0.9788889258521073,0.20896415730530823,2.0,3.0,0.0,205.28372014235302,0.7668349901348847,0.23316500986511535,-0.09100522608944758,0.7059935794262361,-1404.6103620795002
1,-205.23269967575783,1.0,0.25876163502854627,1.0,1.0,0.0,205.28164396882337,0.09047583670552359,0.9095241632944764,-0.5257547055128498,0.10656960539337465,-1400.1966181496684
2,-207.8060536063625,0.9645833007072621,0.2656976855392141,2.0,7.0,0.0,208.63631843137784,0.3074444743067684,0.6925555256932316,0.3360040192697379,-0.3750752439111106,-1424.5692983004296
3,-206.19246751300062,0.9528973794172285,0.23297427099948412,3.0,15.0,0.0,207.65590447788267,0.8312784124407827,0.1687215875592173,0.15717901425542155,0.4562513000608712,-1410.5571544408874
4,-205.75419944582976,0.5269594908480549,0.20896415730530823,3.0,7.0,0.0,207.66944050361198,0.9516518738840081,0.04834812611599193,0.06834032381865751,0.4764656476143849,-1399.8314243898974
5,-206.1555327069427,0.9859054207435711,0.25876163502854627,2.0,7.0,0.0,206.93235883870742,0.21102691331007392,0.788973086689926,-0.8485576865583426,0.22214153131571462,-1411.0234455252214
6,-205.2012503553064,0.9783955630383838,0.2656976855392141,2.0,3.0,0.0,207.06747956044114,0.4511302497015172,0.5488697502984827,0.4180598003100596,-0.3500431829354,-1407.5808180214221
7,-205.14459248907463,0.9783639502965765,0.23297427099948412,2.0,3.0,0.0,206.61214248519215,0.9079454018332787,0.09205459816672135,-0.0011538711488546238,0.43877346736804296,-1399.7777386891335
8,-206.2199669963383,0.9853846727454816,0.20896415730530823,4.0,15.0,0.0,206.87865953251773,0.7140154724508398,0.28598452754916015,-0.09687218951675838,0.8270742160279374,-1412.9441736392969
9,-205.89834082224513,1.0,0.25876163502854627,2.0,3.0,0.0,206.28635882469305,0.12078277374943042,0.8792172262505695,-0.8484425597673597,0.22775080026879024,-1406.138452818366
10,-205.72132258002762,0.5514177465230073,0.2656976855392141,3.0,15.0,0.0,210.43858426774747,0.055562653182337995,0.944437346817662,0.7685319156486431,0.03270854196527764,-1400.2016410133367
11,-205.228815027608,0.9872911728076833,0.23297427099948412,3.0,7.0,0.0,205.47801989902004,0.9162221197959838,0.08377788020401622,0.027665236712051074,0.5103781905770585,-1399.7120687180088
12,-204.59686247868473,0.8708753847982735,0.20896415730530823,3.0,15.0,0.0,207.19787976647243,0.7432109744693274,0.2567890255306726,0.14110854564940287,0.09946097358531616,-1401.838174231464
13,-206.4173731503125,0.6977687585696232,0.25876163502854627,3.0,7.0,0.0,208.16101118327413,0.025408567292619675,0.9745914327073804,-0.4634906071635213,0.11075600206420724,-1400.13693117846
14,-204.21145463975273,0.6552850060791632,0.2656976855392141,4.0,15.0,0.0,207.70507108842946,0.645392690873287,0.354607309126713,0.0158252376634212,0.2551301253204531,-1400.3998767816427
15,-204.9490826541997,0.8201634477779699,0.23297427099948412,3.0,11.0,0.0,206.74445546999974,0.4247180447599124,0.5752819552400876,-0.40230883674486984,0.3567674748823604,-1405.7538682811146
16,-204.69804698143648,0.8885612820087309,0.20896415730530823,2.0,3.0,0.0,205.7374881613252,0.6492030749662604,0.3507969250337396,0.18262529415653772,0.09803143793209906,-1403.7464970532458
17,-206.33056367014834,0.9474632852598389,0.25876163502854627,2.0,7.0,0.0,207.5895651648148,0.02802417955795955,0.9719758204420405,-0.30979528479164287,0.02140862740263126,-1400.3083593007511
18,-204.47400590269143,0.9726006981645389,0.2656976855392141,2.0,7.0,0.0,206.53278656909418,0.7046498804441761,0.2953501195558239,-0.12549178377020992,0.41856316620730083,-1401.448775698144
19,-204.72101947465148,0.9869010612123157,0.23297427099948412,2.0,3.0,0.0,205.04316460987275,0.42998385436489395,0.570016145635106,-0.3335260279050001,0.3667761101879963,-1404.2375106710422
20,-208.02137675697114,0.7918724528760597,0.20896415730530823,3.0,7.0,0.0,208.43880676582035,0.8110143167888679,0.18898568321113207,-0.17249487223824536,-0.131090233744444,-1423.9643677271238
21,-205.3521989580791,0.9527919662514811,0.25876163502854627,4.0,15.0,0.0,206.80049511039752,0.43939181599366794,0.560608184006332,-0.446402019351271,0.40431998221048465,-1408.5310796614335
22,-204.71114378723917,0.9177606309241503,0.2656976855392141,2.0,3.0,0.0,204.96047368608444,0.6460523933788526,0.35394760662114744,-0.04017955007985785,0.4546209159100523,-1403.7223661244632
23,-205.2406406723554,0.8855617015824803,0.23297427099948412,3.0,11.0,0.0,207.10192859431308,0.9046006221506155,0.09539937784938446,0.005367911875109432,0.6692605864676177,-1400.4417176286922
24,-205.81909687314322,1.0,0.20896415730530823,3.0,7.0,0.0,208.6477053006255,0.42327484225849776,0.5767251577415022,0.16365071832031772,0.2566949693548757,-1411.9271471487557
25,-204.26198997985236,0.9332147769779123,0.25876163502854627,3.0,7.0,0.0,206.36497641553402,0.674797732781621,0.32520226721837897,0.1610702029576562,-0.007715021392305038,-1400.492738121995
26,-204.47961334873926,0.9934319723049,0.2656976855392141,2.0,3.0,0.0,204.88958108859896,0.7193983668103479,0.28060163318965214,-0.0896229058541047,0.22622442331132447,-1401.3904938284272
27,-204.6883197371036,0.8411524659892784,0.23297427099948412,3.0,15.0,0.0,206.12802721667595,0.5937733376128272,0.40622666238717275,-0.22527358717250526,0.46283413738168033,-1403.8845033025075
28,-208.25943609682926,0.9811314644868843,0.20896415730530823,3.0,9.0,0.0,209.90134901215214,0.9966136238297418,0.003386376170258165,0.069498547748815,0.12930002004607116,-1399.27190379621
29,-205.41124133879404,0.9312035194965299,0.25876163502854627,3.0,15.0,0.0,206.25040328739172,0.933536874734965,0.06646312526503495,0.06762315441745344,0.3198416809296076,-1399.6355562308174
30,-205.54007648629545,0.9946404102621429,0.2656976855392141,3.0,11.0,0.0,206.02788998106806,0.9346241186367843,0.0653758813632157,0.06225068194621296,0.5568628760611706,-1400.2407982757484
31,-204.27589105605182,0.9917534200399193,0.23297427099948412,4.0,15.0,0.0,204.81796594132527,0.735720590765897,0.264279409234103,-0.03144068694913647,0.29163045214091066,-1399.701066877961
32,-208.42993653471171,0.595638678018684,0.20896415730530823,2.0,3.0,0.0,209.87984556119616,0.9953922777573457,0.004607722242654266,0.13955918318779514,0.16440339328455328,-1402.5470631214598
33,-204.42112865602707,0.9269070764576067,0.25876163502854627,3.0,11.0,0.0,206.01932524766426,0.1980379419304919,0.8019620580695082,0.05149266876804352,0.03612714808268515,-1399.377509216152
34,-205.1062955046971,0.957591165409449,0.2656976855392141,4.0,15.0,0.0,206.38158002270075,0.7491746935132975,0.25082530648670254,-0.16338239583662356,0.6483943384896159,-1404.889771976682
35,-204.1941336167332,0.959835211631356,0.23297427099948412,2.0,3.0,0.0,204.52986229576123,0.6644029649615962,0.33559703503840377,-0.0030145172745315862,0.27303069130233726,-1400.0921871830135
36,-208.69450783812152,0.9607592259382175,0.20896415730530823,3.0,15.0,0.0,209.74306547324514,0.9962912463660654,0.003708753633934636,0.1442958853499311,0.03830641971691534,-1402.902559166152
37,-204.80689444450644,0.8493937228022657,0.25876163502854627,4.0,15.0,0.0,206.34923625582155,0.4623701450643509,0.5376298549356491,-0.042037660850975586,-0.058810045044228924,-1405.1359748572802
38,-205.8351570255139,0.8656265817985734,0.2656976855392141,3.0,11.0,0.0,206.84258696078507,0.43132689917643546,0.5686731008235646,-0.1497433146951388,-0.0672538969401229,-1412.1278906869554
39,-204.11655538021316,0.9969143642128866,0.23297427099948412,3.0,15.0,0.0,205.09644439422848,0.6917534640739015,0.3082465359260985,0.07074008084746426,0.07513316581720242,-1399.3029037878507
40,-208.35977434134247,0.953171761810195,0.20896415730530823,4.0,23.0,0.0,210.3885763324108,0.014424477383992796,0.9855755226160072,1.4501376800657584,-0.08354499571356518,-1408.0953574210578
41,-205.53817002014213,0.9697222104202426,0.25876163502854627,3.0,13.0,0.0,206.13380748983704,0.11522785424214257,0.8847721457578575,0.48731695104043293,0.10720692407910697,-1403.8201372379087
42,-206.5472131121335,0.9148258649284069,0.2656976855392141,4.0,15.0,0.0,208.83609157837162,0.9747214365604411,0.02527856343955892,-0.005537517056076913,0.8085305303505215,-1400.630911284255
43,-205.45512556191812,0.9494997004237269,0.23297427099948412,4.0,15.0,0.0,207.0834560054184,0.87165512301416,0.12834487698583996,-0.06663313408414431,0.8622827416380014,-1403.4571600767376
44,-207.52741983845365,0.9669190793821043,0.20896415730530823,3.0,7.0,0.0,208.9771592876623,0.011301831896378975,0.988698168103621,1.1970242558881579,0.10232055332413262,-1401.2578187335648
45,-204.9213646884311,0.9937673068642097,0.25876163502854627,3.0,7.0,0.0,206.44761569007147,0.16812430292325345,0.8318756970767466,0.2732003121107352,0.10118504425644961,-1401.8849394728372
46,-205.29218210248948,0.7099590555997296,0.2656976855392141,3.0,15.0,0.0,210.81092227430673,0.416884772717328,0.5831152272826721,-0.22472791697724162,0.031534732150806655,-1408.2939404711292
47,-206.68792666955397,0.9408619131365235,0.23297427099948412,3.0,15.0,0.0,207.47921310733952,0.9673942667110356,0.032605733288964434,-0.001099029312322218,1.3654790087873336,-1402.2635705393122
48,-207.8112136937799,0.5536467314177268,0.20896415730530823,2.0,3.0,0.0,210.80812857178762,0.0348414221489699,0.9651585778510301,1.008294211922191,-0.12514308130981536,-1411.1836872340275
49,-205.79548529381879,0.8317262402775404,0.25876163502854627,2.0,3.0,0.0,206.6837308260366,0.25849246811751525,0.7415075318824847,0.39074083446456337,0.1389664951669443,-1410.025015443227
50,-207.6196749349254,0.8964270539197888,0.2656976855392141,3.0,7.0,0.0,207.73823900918683,0.779730789313759,0.22026921068624095,0.32048190088833556,0.096097785563679,-1421.9197748987467
51,-204.8792105571802,0.7416278065184208,0.23297427099948412,4.0,19.0,0.0,208.9968416209942,0.8318917445701591,0.16810825542984087,-0.0032464975569477805,-0.05647551847958118,-1401.6637483447703
52,-207.4505136333563,1.0,0.20896415730530823,2.0,3.0,0.0,207.95975173572074,0.06434326909366944,0.9356567309063306,1.1175463071655933,0.1505151150889133,-1412.5084270673813
53,-204.98097873628598,0.9764156665598622,0.25876163502854627,3.0,11.0,0.0,206.51288557820655,0.3334116379460978,0.6665883620539022,-0.17231809569881143,0.00545457579047938,-1405.5437853626056
54,-204.37184673344134,0.868217074246369,0.2656976855392141,2.0,3.0,0.0,208.86881564174342,0.7175569952864342,0.28244300471356576,0.18514745165872523,-0.09730472340496829,-1400.6868977757276
55,-204.55590536878196,0.9832695357822958,0.23297427099948412,2.0,3.0,0.0,205.0981415148573,0.7534925453558204,0.24650745464417956,0.15567991830993727,0.02244811744578028,-1401.3722630924028
56,-206.5722590212843,0.9199647474989413,0.20896415730530823,4.0,15.0,0.0,208.67554555032663,0.8476839455033025,0.1523160544966975,-0.0680360265804667,1.1520173712340631,-1411.660181455893
57,-205.29067767015644,0.9280503570175465,0.25876163502854627,3.0,15.0,0.0,206.64819601621184,0.224256728848121,0.775743271151879,0.021127144484421503,-0.0816523848519648,-1406.0106647393166
58,-204.51861367842585,0.8933642552623262,0.2656976855392141,3.0,11.0,0.0,205.90765373003697,0.2392573789608585,0.7607426210391415,-0.11318766763516298,0.18145146591824377,-1400.9564674807682
59,-205.79313959780467,0.8985305792220015,0.23297427099948412,4.0,15.0,0.0,206.37893856338937,0.059744516151111496,0.9402554838488885,-0.5269836076457072,0.030752198295519798,-1401.4386621461726
60,-208.5047661483149,0.26332881951629034,0.20896415730530823,4.0,23.0,0.0,212.96824300617965,0.9393352817035658,0.06066471829643416,0.10120956752053613,-1.9196110804886448,-1417.3186983043972
61,-205.6086409487421,0.9538743928604746,0.25876163502854627,2.0,7.0,0.0,206.9720967645557,0.2733000718058978,0.7266999281941022,0.14220326973123007,-0.16459260101133782,-1409.0874428995617
62,-204.4612148396275,0.9705566323484911,0.2656976855392141,2.0,3.0,0.0,204.80268224644723,0.3013915648826511,0.6986084351173489,-0.0623631050457795,0.010983015015337896,-1401.6022230502833
63,-204.9417496389177,0.9841732565234965,0.23297427099948412,3.0,15.0,0.0,207.12646893986505,0.5587888693154051,0.44121113068459494,-0.2642482877184593,0.49626625630500426,-1405.7421590530032
64,-208.38746185081408,0.983799631857425,0.20896415730530823,3.0,7.0,0.0,209.2545614738777,0.9564158167163209,0.04358418328367908,0.14592104266787626,-2.0249822440253284,-1413.9802564143217
65,-204.57763073023204,0.9938405278180595,0.25876163502854627,3.0,11.0,0.0,207.65179426032412,0.8255290921838003,0.17447090781619967,0.1329860722080587,-0.1712246444653988,-1399.7462717171895
66,-204.486680478086,0.9738053123712553,0.2656976855392141,3.0,15.0,0.0,205.9489949155264,0.5815954727454961,0.41840452725450394,-0.20501695833452652,0.40768493509279724,-1402.6015000385712
67,-207.37942255686482,0.5234433702171416,0.23297427099948412,3.0,11.0,0.0,210.45897892879466,0.2565805188901863,0.7434194811098137,-0.30663740213045704,0.4440292281667891,-1420.8300473893623
68,-208.1460797025445,0.8790830023918204,0.20896415730530823,3.0,15.0,0.0,210.4714152695957,0.9930780186346725,0.006921981365327512,-0.01996338541021229,-0.8461077518587262,-1402.8030641506896
69,-204.43928515270417,0.9646037136473965,0.25876163502854627,2.0,7.0,0.0,204.9036931451864,0.6595823480690824,0.34041765193091755,0.07130901552533554,-0.17176801845123338,-1401.868359914021
70,-204.97142648155764,0.9491422484413015,0.2656976855392141,3.0,15.0,0.0,205.98456428578348,0.11000514258306231,0.8899948574169377,0.44462139405979006,0.009584688864032048,-1399.6696572978124
71,-204.55312955752711,0.9737465907766055,0.23297427099948412,2.0,3.0,0.0,207.4433481721251,0.36924079415085514,0.6307592058491449,-0.35812752847056356,0.26805576945431386,-1402.7646238739278
72,-207.0676107046767,0.9222255914775916,0.20896415730530823,3.0,15.0,0.0,208.91520795781764,0.8189996163591562,0.1810003836408438,0.3803844996475266,-0.48664070243705715,-1416.8565513760332
73,-205.62249137614478,0.7709864299921988,0.25876163502854627,3.0,7.0,0.0,206.4217455832374,0.3326979984028469,0.6673020015971531,0.40581450257600804,-0.28995599222614543,-1409.7786563442132
74,-204.41028682680775,0.7585506988919525,0.2656976855392141,2.0,7.0,0.0,206.4256418566664,0.33837294608020463,0.6616270539197954,0.3934660661544388,-0.14477549929159372,-1401.5259011987755
75,-204.77152650119967,0.9962867991729819,0.23297427099948412,4.0,15.0,0.0,204.96859937473715,0.8734588515286266,0.12654114847137343,0.035508609983276915,0.19665050140031254,-1399.2629062259825
76,-203.96234562216733,0.9909937869696893,0.20896415730530823,3.0,11.0,0.0,207.06454736119284,0.5037477569406892,0.4962522430593108,0.0421609474996256,0.10421169249957107,-1399.3344871861054
77,-206.2562807543892,0.9825162871129065,0.25876163502854627,2.0,7.0,0.0,210.38371262469846,0.7020048984006863,0.29799510159931375,0.4383626373568595,-0.4312877760411598,-1413.6342374996761
78,-206.5691883857218,0.8763830623766098,0.2656976855392141,4.0,15.0,0.0,207.62858750182787,0.41861804326405644,0.5813819567359435,-0.6113538544487666,0.3939132695736114,-1416.7110434752835
79,-204.55826343006765,0.9495081381177265,0.23297427099948412,3.0,15.0,0.0,207.07015075211382,0.6358280267545577,0.36417197324544226,-0.01573441108399744,-0.05057710672030184,-1402.930257958337
80,-204.10042732008563,0.957212701833124,0.20896415730530823,3.0,11.0,0.0,205.16999415929212,0.5347388364559317,0.4652611635440683,0.06302977896876576,-0.04435136891736796,-1400.2610677482605
81,-206.49106260000784,0.9937039327241589,0.25876163502854627,4.0,15.0,0.0,207.44675992685683,0.9778761159180599,0.022123884081940104,0.03955815645381795,0.7083630994800576,-1399.4744349982648
82,-208.6087989705369,0.3725395186984838,0.2656976855392141,4.0,15.0,0.0,209.90688646394898,0.450386436380986,0.549613563619014,-0.6610588789031526,0.2348320597888127,-1430.9490470773617
83,-206.33791530895633,0.9691199458850862,0.23297427099948412,3.0,7.0,0.0,206.92102012897874,0.3694494207860025,0.6305505792139975,0.6586773795054955,-0.3605122695782893,-1414.7810463664769
84,-204.455273992321,0.9816936762424843,0.20896415730530823,3.0,15.0,0.0,204.86890118264967,0.7513371670796439,0.24866283292035607,-0.044850382125678136,0.4345371081784111,-1400.574057664483
85,-205.52372633141292,0.5151816805396265,0.25876163502854627,3.0,15.0,0.0,208.7989044891854,0.9345489495876231,0.06545105041237687,-0.009694712107080866,0.40693002029119985,-1400.2632776647322
86,-205.67106486228002,1.0,0.2656976855392141,2.0,7.0,0.0,208.053680382319,0.08780416010328107,0.9121958398967189,-0.7401728176467826,0.06578540144583328,-1402.8096377784448
87,-204.75367868123107,0.5233483837886391,0.23297427099948412,3.0,7.0,0.0,208.3593822370643,0.548153096079816,0.451846903920184,0.4030154744430472,-0.28154813497505543,-1404.5390623919982
88,-204.04167369393735,0.9862404708255271,0.20896415730530823,4.0,15.0,0.0,204.59363065350175,0.4467480202486006,0.5532519797513994,-0.11469046432461444,0.19209181496934466,-1399.7717439225141
89,-206.77691891392655,0.9307423943561525,0.25876163502854627,3.0,15.0,0.0,208.74393827180975,0.017636971322633355,0.9823630286773667,0.3421040429070178,0.09871155174251736,-1400.24012052433
90,-205.0778995210252,0.980062295146214,0.2656976855392141,4.0,15.0,0.0,205.88693335781534,0.818698535222668,0.181301464777332,0.1983100952311173,-0.08376800220049184,-1403.4104614946866
91,-205.285906593454,0.6737077530079514,0.23297427099948412,4.0,15.0,0.0,206.71220824058284,0.9230746225484863,0.07692537745151373,0.03130303153002695,-0.06421099405359094,-1399.789630215925
92,-204.30234496772124,0.978921261739341,0.20896415730530823,3.0,11.0,0.0,205.0406851208121,0.3413351997394453,0.6586648002605546,0.31989097965965096,-0.12163584649526844,-1400.8601208023704
93,-209.1718041385247,0.7076896320501079,0.25876163502854627,4.0,31.0,0.0,210.56397928219846,0.9719221040239253,0.028077895976074685,-0.16705448030139344,1.1567287632727237,-1418.8516274229353
94,-205.1135770391115,0.9617139823670531,0.2656976855392141,3.0,11.0,0.0,205.95237876992095,0.19450237411152244,0.8054976258884776,-0.2597714711804676,0.2420510674637009,-1403.9612808767704
95,-205.1899739085753,1.0,0.23297427099948412,3.0,7.0,0.0,205.4643653578708,0.9168870724709997,0.08311292752900035,0.09347794818098203,0.004716824156323934,-1399.6117472221922
96,-205.0713796736905,0.9677671733762625,0.20896415730530823,3.0,11.0,0.0,205.6856222841282,0.4939739937315815,0.5060260062684185,-0.34761382612454594,0.2653397310065781,-1406.8405895260516
97,-204.51322709545633,0.9979536583174026,0.25876163502854627,4.0,15.0,0.0,209.0463907046147,0.7891898132587531,0.21081018674124685,0.1673971836097943,-0.1939872303846878,-1400.2812610976587
98,-205.3522347595147,0.980197782524039,0.2656976855392141,2.0,3.0,0.0,205.43597919304713,0.3429384490380784,0.6570615509619215,-0.33847260407745744,0.06960710648279439,-1408.1260660928904
99,-204.75829429474206,0.9201157720935023,0.23297427099948412,4.0,15.0,0.0,206.19316135565904,0.3959746420213272,0.6040253579786727,0.49935801704289406,-0.20737933637388475,-1404.2858911511955
100,-205.29498989556598,0.6065423086180218,0.20896415730530823,2.0,3.0,0.0,208.15255812404013,0.16247055984459563,0.8375294401554043,-0.20335854556229294,0.22222892887701207,-1404.271284737645
101,-204.8005362926754,0.8604701099811696,0.25876163502854627,3.0,9.0,0.0,205.72015474032588,0.4831519928679729,0.5168480071320272,0.05694328127205827,-0.148439242063098,-1405.1061301569516
102,-204.89608797003822,0.7777172616669751,0.2656976855392141,2.0,3.0,0.0,206.97855383073858,0.226622785484925,0.773377214515075,-0.3370450253297053,0.0668314203244886,-1403.2405301095812
103,-205.29440213016724,0.9296532049632539,0.23297427099948412,4.0,15.0,0.0,206.0799172680562,0.07769417460058498,0.922305825399415,0.5085992820449764,0.011514325258680817,-1399.6921888532356
104,-204.80541804400715,1.0,0.20896415730530823,2.0,7.0,0.0,205.3714076779779,0.18182914381171647,0.8181708561882836,-0.15135414531949568,0.18118759770396556,-1401.5357376659833
105,-204.87349974643172,0.9799970851015404,0.25876163502854627,2.0,3.0,0.0,205.15725749059314,0.566852890195537,0.433147109804463,0.3381109754735717,-0.07193985232408301,-1405.412028720998
106,-206.25020814139822,0.9285840230247316,0.2656976855392141,4.0,15.0,0.0,207.54209356710942,0.21689380106627998,0.78310619893372,-0.6249791551275006,0.36529044298092805,-1412.0271687758845
107,-205.00510401858605,0.9883957610010395,0.23297427099948412,3.0,7.0,0.0,205.79389915034474,0.1187568719521956,0.8812431280478044,0.4637033166511515,0.04583122595339883,-1400.346126528747
108,-204.52791094346344,0.9515491688522639,0.20896415730530823,3.0,7.0,0.0,205.20672742282306,0.38397395953450253,0.6160260404654975,-0.19445428401640258,0.08404880086531895,-1402.8314650777756
109,-204.56561939478078,1.0,0.25876163502854627,3.0,15.0,0.0,205.01058035085498,0.2737461984839172,0.7262538015160829,-0.21173889435570759,0.23669933869738324,-1401.8432934646455
110,-205.86445182837923,1.0,0.2656976855392141,3.0,7.0,0.0,206.71449082550387,0.37305284907064973,0.6269471509293503,-0.5811124114818912,0.2907357405090147,-1411.6602082258803
111,-203.96396180216013,0.9847107568701884,0.23297427099948412,4.0,15.0,0.0,205.46262086198044,0.564543254762504,0.435456745237496,0.09101424827342217,0.011808315878877568,-1399.2336026419473
112,-204.81233568699528,0.8141741758491686,0.20896415730530823,3.0,7.0,0.0,206.93678960643084,0.836682127845401,0.16331787215459903,0.13340768672430695,0.03869797843699623,-1401.0278579244523
113,-204.55942456552808,0.9824830659513941,0.25876163502854627,2.0,7.0,0.0,206.10532143151903,0.7763874829653125,0.22361251703468754,-0.06801962371019779,0.4681160384862271,-1400.7581421870766
114,-206.501818590774,0.9725198211407768,0.2656976855392141,3.0,15.0,0.0,207.28764481318373,0.22701006016823866,0.7729899398317613,-0.6620766152296984,0.3855425866663575,-1413.9359584165545
115,-204.70053547635456,0.788851595507866,0.23297427099948412,2.0,3.0,0.0,206.18651687607212,0.5467580464125247,0.4532419535874753,0.15472553422518387,0.16470804000168482,-1404.3402502558208
116,-204.55744973069122,0.9386455020201655,0.20896415730530823,3.0,7.0,0.0,205.25203454058817,0.8191344720436444,0.18086552795635558,0.1151820999845602,-0.01320711582468985,-1399.8307797503812
117,-204.44766509246273,0.8221005909855157,0.25876163502854627,3.0,7.0,0.0,206.20370153402033,0.18734168495120018,0.8126583150487998,-0.0543455770782495,0.07895428536008633,-1399.264274304163
118,-206.2351003006982,0.9997114372469225,0.2656976855392141,4.0,15.0,0.0,207.017347346789,0.028106134513998467,0.9718938654860015,-0.5483265785431709,0.069375801495341,-1399.48800830454
119,-204.04096389218705,0.9891937925494343,0.23297427099948412,4.0,15.0,0.0,205.1643822913473,0.4084896067265163,0.5915103932734838,-0.1040418997410761,0.149956495915836,-1399.6247491811512
120,-204.18853516018203,0.9699958517416816,0.20896415730530823,2.0,7.0,0.0,206.06555611159035,0.43129992601113504,0.568700073988865,0.020524191432179574,-0.012309782577114209,-1400.7760980527291
121,-204.8653689065329,0.9880820301222689,0.25876163502854627,2.0,7.0,0.0,205.32660174653392,0.11227425563890506,0.887725744361095,-0.03775775507510028,0.07089455318289284,-1399.2256482616801
122,-204.63953761960124,0.961519532517294,0.2656976855392141,4.0,15.0,0.0,206.49350870160336,0.4107617138010084,0.5892382861989915,-0.33709643476672363,0.3370399167219092,-1403.603838362602
123,-205.5452425417186,0.8862253178436041,0.23297427099948412,2.0,7.0,0.0,205.59767079302537,0.24434919401561397,0.755650805984386,-0.08942252490592181,0.2778500446070684,-1408.1131712210881
124,-204.02583925979255,0.9059569197789112,0.20896415730530823,2.0,7.0,0.0,205.17796405892366,0.49793975265981666,0.5020602473401834,0.21117197385793385,-0.07008429330230638,-1399.7415223124176
125,-205.3717932850419,0.8627561130679164,0.25876163502854627,4.0,15.0,0.0,207.26547518017927,0.8949935307711544,0.1050064692288456,0.05210482652066259,0.6694611024200894,-1401.9341805998604
126,-204.56972449715713,0.9294525090318982,0.2656976855392141,5.0,31.0,0.0,206.37039870983662,0.6166963860228687,0.3833036139771313,0.2543617402923942,-0.04086075836960752,-1403.0971870840046
127,-205.96507591502998,0.9804458278273139,0.23297427099948412,4.0,15.0,0.0,209.3737739726944,0.43378773089953365,0.5662122691004663,0.5257015023574264,-0.4054366771079623,-1412.677381001014
128,-205.5945417374722,0.8762076072567588,0.20896415730530823,3.0,11.0,0.0,206.59869097252144,0.8727467064158629,0.12725329358413706,0.2331834991280053,-0.6279597372988956,-1404.6282607698736
129,-204.38268905846695,0.9708818870935119,0.25876163502854627,3.0,15.0,0.0,205.79505273804915,0.5619255503787106,0.4380744496212894,-0.1653051398488948,0.3903202994810994,-1401.9874928142951
130,-204.37870589345965,0.9936086909003836,0.2656976855392141,3.0,15.0,0.0,205.19361099721095,0.5415429922357655,0.4584570077642345,-0.11243142415225334,0.09751461578433668,-1402.154925041331
131,-204.78865351676933,0.9771916095616949,0.23297427099948412,3.0,15.0,0.0,207.03496812533848,0.8156482343919957,0.18435176560800426,0.1644619697890157,-0.4774278670799161,-1401.3217331945293
132,-207.10064667643903,0.7001826286135551,0.20896415730530823,2.0,7.0,0.0,208.55124355664904,0.8401019108541691,0.15989808914583092,0.0012594912279703663,-0.7496428039337436,-1416.2483669356666
133,-204.25011123598838,0.987525732886492,0.25876163502854627,3.0,15.0,0.0,204.9735768790164,0.7439326682965643,0.25606733170343565,0.07234612781457012,-0.0584290149314,-1399.4484324785167
134,-204.99720632409486,0.9833493344452745,0.2656976855392141,3.0,11.0,0.0,206.04235701961773,0.13294344758753532,0.8670565524124647,-0.5026478219528427,0.1096144928760287,-1400.917915006581
135,-205.005866300497,0.8269576233890685,0.23297427099948412,2.0,3.0,0.0,205.75000500189122,0.8354427275171898,0.16455727248281016,0.06804909030440556,-0.408042324408354,-1402.275599968177
136,-205.6512723724753,0.9306637371323658,0.20896415730530823,1.0,3.0,0.0,207.41245403856396,0.8864270573299106,0.11357294267008944,0.19829892870873553,-0.8021731517678934,-1404.1397984098603
137,-205.05192033130842,0.9848923890014575,0.25876163502854627,4.0,15.0,0.0,206.3781811460703,0.7968871194464162,0.20311288055358379,-0.08016312652561666,0.7029836596429735,-1403.4369533353859
138,-205.3274645022667,0.9769028868814613,0.2656976855392141,3.0,15.0,0.0,207.09545246462184,0.16888761625819382,0.8311123837418062,-0.6832800543771775,0.14120362375954162,-1404.3680706052608
139,-207.55848978410404,0.8799705340629784,0.23297427099948412,5.0,47.0,0.0,210.571334344399,0.008638293662529661,0.9913617063374703,-0.5035588114054292,0.11554475686683098,-1400.6502979867355
140,-206.41011256218573,0.9323504148117033,0.20896415730530823,3.0,7.0,0.0,207.37068230117768,0.9749136943201667,0.025086305679833276,0.049034689129106954,-0.636932967873031,-1399.844602012346
141,-207.46448041481563,0.8075451247851069,0.25876163502854627,4.0,23.0,0.0,208.82770368949085,0.9850985557884141,0.014901444211585901,0.08161299629041582,1.5881511578497582,-1401.77046365789
142,-205.05614408854652,0.806423939036026,0.2656976855392141,3.0,15.0,0.0,209.20115812027947,0.1281977443071541,0.8718022556928459,-0.2047908313110165,0.024128382076919114,-1401.3034706432384
143,-209.6526727157716,0.9134890196952838,0.23297427099948412,3.0,7.0,0.0,210.02844133830473,0.002355438140416292,0.9976445618595837,-0.7106258661035798,-0.0568285085422085,-1405.9752112911676
144,-205.1284573406963,0.6537194386929779,0.20896415730530823,3.0,13.0,0.0,209.35365619944298,0.20397385441317453,0.7960261455868255,0.7266098871160347,-0.09197594028038727,-1403.956484020983
145,-206.8183365839619,0.929577364700469,0.25876163502854627,3.0,15.0,0.0,210.93365981107178,0.9073123660366494,0.09268763396335056,-0.14602345321830976,1.0977684546716175,-1410.4893390194452
146,-207.08837342257254,0.9133958961870128,0.2656976855392141,4.0,15.0,0.0,208.31991979120323,0.9823245413952076,0.01767545860479236,0.01235097158063049,1.362530943260904,-1400.9126744235218
147,-208.6385943530436,1.0,0.23297427099948412,3.0,7.0,0.0,209.89627872639923,0.003208039754263979,0.996791960245736,-0.6324998326755693,-0.002746377459775247,-1401.1917244938106
148,-205.60736517637073,0.9525147740413467,0.20896415730530823,3.0,15.0,0.0,206.06846774875663,0.20489246337847403,0.795107536621526,0.8410003146865866,-0.06090571218953228,-1407.1369902557235
149,-206.96104753506074,0.9702088157154732,0.25876163502854627,2.0,7.0,0.0,207.84315315806387,0.8721969561780255,0.1278030438219745,0.033199798218585125,1.196809072231826,-1413.242875654865
150,-207.11303746662605,0.9771209292825883,0.2656976855392141,2.0,7.0,0.0,207.6179150564699,0.9813383577175684,0.018661642282431612,0.09933950214904508,1.1858779652501827,-1401.8314831369078
151,-205.51842516557556,0.9646676488159394,0.23297427099948412,4.0,15.0,0.0,210.9834934993573,0.057743306797426834,0.9422566932025732,-0.22257775406998517,0.09571126595924262,-1399.5102669309474
152,-205.01180855104576,0.8985821757555446,0.20896415730530823,2.0,7.0,0.0,206.1897224975371,0.16994266914056402,0.830057330859436,0.6652653487150944,-0.01676554695826874,-1402.2597913163336
153,-206.75473990386732,0.46987590213443475,0.25876163502854627,2.0,3.0,0.0,209.14346281128573,0.9313988671980632,0.0686011328019368,-0.12288700243940127,1.000992068729374,-1408.3330462019148
154,-207.0954852526,0.9914076449897435,0.2656976855392141,3.0,11.0,0.0,207.9204819190744,0.9861196654931841,0.013880334506815917,0.0062509990787114125,0.8484636402514774,-1400.300321821885
155,-204.6532027227061,1.0,0.23297427099948412,4.0,15.0,0.0,205.61403828083715,0.8434650701498111,0.1565349298501889,0.07039964643787656,0.1804230925355362,-1399.6756327939331
156,-205.3499164664826,0.9840184222358278,0.20896415730530823,2.0,5.0,0.0,205.51474852006538,0.11654953702147965,0.8834504629785204,0.8228856412875161,-0.03347121483284165,-1402.2175045528154
157,-207.63866822748304,0.7898205447872181,0.25876163502854627,2.0,3.0,0.0,208.6230103517456,0.8340957893019005,0.16590421069809946,0.09557042501113756,1.0056995136986333,-1419.774054775441
158,-206.42198662262848,0.9953488736157584,0.2656976855392141,3.0,11.0,0.0,207.5858997006355,0.9478173225545035,0.05218267744549654,0.0781123803800897,1.1355440427893841,-1404.0250453300341
159,-204.60951042251497,0.9873324693576809,0.23297427099948412,4.0,15.0,0.0,204.99668167120805,0.40755071139371724,0.5924492886062828,-0.35180586734872404,0.2749944093968198,-1403.4037869633414
160,-204.3908244051048,0.9588902152473264,0.20896415730530823,3.0,9.0,0.0,205.5733688616309,0.300228343679626,0.699771656320374,0.40334764798948175,-0.03986760089021587,-1400.962375956088
161,-208.27067651078664,0.8752599589600437,0.25876163502854627,2.0,7.0,0.0,210.48795765644215,0.9876414309380689,0.012358569061931113,-0.08179088575964348,0.6092293008823795,-1407.9221304842627
162,-206.1630460133897,1.0,0.2656976855392141,3.0,7.0,0.0,206.49443674048973,0.951142047058834,0.048857952941166016,0.04993958948294207,1.0752905201969418,-1401.923912505846
163,-204.71107901548285,0.9972505086623158,0.23297427099948412,4.0,31.0,0.0,205.464891984341,0.471363516852982,0.528636483147018,0.3268052754850269,-0.29192339348456864,-1404.3293543104871
164,-204.6761143191813,0.8835840736437192,0.20896415730530823,2.0,7.0,0.0,205.5694267825761,0.2549613091329947,0.7450386908670052,0.264989901110233,-0.1076622668919385,-1402.3083448537964
165,-205.55440804432556,0.9998587728272682,0.25876163502854627,3.0,15.0,0.0,209.38808903296302,0.8787684235343267,0.12123157646567329,0.1907253858926325,-0.0730397420854762,-1404.4150874544882
166,-205.83406913744068,0.9881937700066661,0.2656976855392141,4.0,15.0,0.0,206.92034995800168,0.9481386422849983,0.051861357715001666,0.06170629512177496,0.7347470528692335,-1400.5727734149261
167,-206.56405789566975,0.7951422186596498,0.23297427099948412,2.0,3.0,0.0,207.3938733717524,0.6071449705214956,0.39285502947850437,0.5412734539326925,-0.39526579035673953,-1416.6051790146937
168,-204.20748576163416,0.9730443579466286,0.20896415730530823,2.0,7.0,0.0,206.40629530484878,0.26871924044625856,0.7312807595537414,0.13255592341764408,0.05263790927889525,-1399.3585377980053
169,-205.98801498682948,1.0,0.25876163502854627,2.0,3.0,0.0,206.42919445077962,0.9531330812483975,0.04686691875160254,-0.009863647835280515,0.007308686482494418,-1401.442297694775
170,-205.17972535261657,0.9556148614456504,0.2656976855392141,3.0,11.0,0.0,208.26440111116386,0.47511897342662757,0.5248810265733724,-0.3637273709745679,0.23916280634115772,-1407.5743977417706
171,-210.67811072527718,0.43726880051167055,0.23297427099948412,2.0,3.0,0.0,211.17403990909492,0.7245830846730896,0.27541691532691037,0.6043830137901801,-0.35501397629989306,-1443.755864488766
172,-205.7213139027398,0.9696388932187527,0.20896415730530823,2.0,5.0,0.0,207.44266161367605,0.5133485317032611,0.4866514682967389,-0.41534754262333096,0.311428446561332,-1411.2586786850652
173,-204.815680008967,0.8258092792427654,0.25876163502854627,3.0,7.0,0.0,206.89558702480954,0.7452624034981055,0.25473759650189454,0.01849006267932951,-0.17735573340305757,-1403.311626027809
174,-204.11860335372643,0.9967091573531834,0.2656976855392141,4.0,15.0,0.0,205.51456353529548,0.6909041440506569,0.3090958559493431,0.00867794416232644,0.1362341062794631,-1399.320675666534
175,-204.27170158484,0.9947073376032832,0.23297427099948412,3.0,15.0,0.0,210.04967443697782,0.2672930118632711,0.732706988136729,-0.17669235458130172,0.15393039437334932,-1399.7489709232984
176,-204.66240709047855,0.7467703324744566,0.20896415730530823,2.0,3.0,0.0,206.83081344917196,0.5015346826182914,0.49846531738170863,-0.21873215213793515,0.4216148085953827,-1403.9867746012837
177,-204.9218610620703,0.9902612824393637,0.25876163502854627,4.0,19.0,0.0,205.41721227908053,0.4565488504461749,0.5434511495538251,0.0468180384555294,0.27605289125414206,-1405.8538264017002
178,-205.25492374023725,0.9803571543922975,0.2656976855392141,2.0,7.0,0.0,205.92453907840982,0.9086555899208796,0.09134441007912042,0.1147634024063329,0.07901495396425895,-1400.6412568184628
179,-204.66700832279545,0.939991328160915,0.23297427099948412,2.0,3.0,0.0,204.81815511879824,0.26736956140443974,0.7326304385955602,-0.1573675523460023,0.23378711070723682,-1402.459749061238
180,-204.64949843084253,0.9029492724453854,0.20896415730530823,3.0,11.0,0.0,206.6201107924141,0.3680055234557384,0.6319944765442616,0.08993541102486081,-0.10612262543636866,-1403.5767628380538
181,-204.4536935474419,0.9839602827357219,0.25876163502854627,3.0,15.0,0.0,205.81774367376616,0.7735621160229498,0.22643788397705022,0.12162218736298841,-0.2721416654893437,-1400.205815007042
182,-204.14207358381168,0.9910294628286445,0.2656976855392141,3.0,11.0,0.0,205.40225781752588,0.31940411092707816,0.6805958890729218,-0.07148649435067735,0.14600770750103592,-1399.5988463526105
183,-205.97579782616123,0.881266834482261,0.23297427099948412,3.0,15.0,0.0,208.8413766712451,0.044763118505293985,0.955236881494706,-0.7917666310869346,0.0733650491094924,-1400.5100572451124
184,-205.86622700128817,0.8866718544505054,0.20896415730530823,2.0,7.0,0.0,206.17826700625776,0.4144265203969697,0.5855734796030303,0.36927855728491926,0.11067213664498271,-1412.1636501272471
185,-204.5201358399701,0.9797152445813969,0.25876163502854627,3.0,7.0,0.0,204.66358259030994,0.7119189666837901,0.28808103331620993,0.23504640049495204,-0.3575307554205548,-1401.6729794378264
186,-205.7464203599183,0.9039334962599833,0.2656976855392141,2.0,7.0,0.0,206.62334642652337,0.5480988233746074,0.45190117662539264,-0.3642660550333363,0.2691181614122484,-1411.428407326443
187,-207.37344604865567,0.9816121808426221,0.23297427099948412,4.0,23.0,0.0,207.9009254860094,0.969015884464477,0.03098411553552305,-0.08910712285823277,0.36129792705184416,-1408.1485498426096
188,-206.14737550692277,0.9672836638778719,0.20896415730530823,3.0,15.0,0.0,207.5516333819316,0.7004303143315452,0.29956968566845477,-0.002579946950557327,-0.3520339798236427,-1413.1223646326596
189,-206.18749278348997,0.8877451519441523,0.25876163502854627,3.0,15.0,0.0,209.004878241304,0.1900773286474167,0.8099226713525833,0.16018374753171322,0.22589410767232818,-1411.3011421336796
190,-205.721188538738,0.8604725098448359,0.2656976855392141,1.0,3.0,0.0,207.52298600531452,0.46130903837441023,0.5386909616255897,-0.46818699181546425,0.4473524577813481,-1411.0918833956896
191,-206.4595364537036,1.0,0.23297427099948412,2.0,3.0,0.0,207.16656476098552,0.9677645949610988,0.03223540503890121,-0.02991509871615928,0.3787346580332777,-1402.0949845182504
192,-205.2189879122229,0.8094150587428574,0.20896415730530823,2.0,3.0,0.0,208.92325679833243,0.7696036673291898,0.23039633267081017,0.26875635263079584,-0.5918263768687017,-1405.2884721267123
193,-204.8275226825515,1.0,0.25876163502854627,2.0,3.0,0.0,206.37181545440708,0.4267074971050132,0.5732925028949868,-0.06548165552246514,-0.04079635866771783,-1405.167033429204
194,-206.74385902752613,0.8873017091623486,0.2656976855392141,4.0,23.0,0.0,208.9924775961928,0.9577495402052879,0.04225045979471209,0.1506217076006448,0.6107771316892847,-1405.6389722061676
195,-206.0923043615264,1.0,0.23297427099948412,2.0,3.0,0.0,206.3941231742499,0.9691094831772468,0.030890516822753233,0.04521064366784896,0.3736169746790276,-1399.275778539825
196,-204.85698245812665,0.8027100131378627,0.20896415730530823,3.0,7.0,0.0,206.00583208788507,0.8710327423635013,0.12896725763649874,0.11874040664155322,-0.3596219198064552,-1399.8758220511759
197,-205.08977951889545,0.963104439626655,0.25876163502854627,3.0,15.0,0.0,205.68062927116569,0.8014383211787055,0.1985616788212945,0.1363441445918095,0.23090029098698334,-1403.9514463393093
198,-204.583819774895,0.8785069822767776,0.2656976855392141,4.0,15.0,0.0,208.8706824195832,0.7850742143782407,0.21492578562175935,0.15691193556105087,-0.0436321247283534,-1400.900124687883
199,-205.57250412599566,0.7977184026184886,0.23297427099948412,2.0,3.0,0.0,207.09015227803218,0.9130498521746704,0.08695014782532962,0.11976337906904234,0.32526989499250253,-1402.440805576054
200,-204.67986723104912,0.977695341784,0.20896415730530823,2.0,3.0,0.0,205.001571065718,0.7971426363004056,0.2028573636995944,0.11609553066896108,-0.3782583946757594,-1401.1575012798003
201,-205.01519315908334,0.765788281315583,0.25876163502854627,3.0,7.0,0.0,206.61904740344363,0.8985494279373001,0.10145057206269992,0.008425352888834614,0.32457374637628017,-1399.5585972914134
202,-204.2374010115936,0.9962212259261914,0.2656976855392141,2.0,3.0,0.0,204.63529978991193,0.7473162000396552,0.25268379996034485,0.09844348707154335,-0.02962576647683794,-1399.2984374919308
203,-204.90422179189355,0.9935261287776257,0.23297427099948412,4.0,15.0,0.0,206.38011484873215,0.15614273934145892,0.843857260658541,-0.4724785905130864,0.11100782889547299,-1401.2244832786412
204,-204.31647332136185,0.950194753146124,0.20896415730530823,3.0,11.0,0.0,205.23267454021033,0.48107387564225396,0.5189261243577461,0.2099611872002002,0.0510306741929874,-1401.7417969857293
205,-204.86538753579484,0.9994999881251639,0.25876163502854627,4.0,15.0,0.0,205.38319165807897,0.5044756979378323,0.4955243020621677,-0.29744849271955603,0.4430351157727591,-1405.3373486634173
206,-204.3042085189269,0.9221747212523318,0.2656976855392141,2.0,3.0,0.0,204.99062244035673,0.7664298680783393,0.23357013192166065,0.10021327289991144,-0.10624299809243042,-1399.3817492419187
207,-205.02777885467884,0.947526942043865,0.23297427099948412,4.0,15.0,0.0,206.44113757788676,0.7974074717851364,0.20259252821486362,0.24683890426749233,-0.5028771601949588,-1403.4182732144916
208,-204.79398741094943,0.9939472001887368,0.20896415730530823,4.0,15.0,0.0,205.0538764446811,0.8421478626042898,0.15785213739571025,0.16805440850959233,-0.30053733517007225,-1400.6252373218394
209,-205.701761055604,0.8419689152863032,0.25876163502854627,3.0,15.0,0.0,207.17789611846771,0.06979098724425943,0.9302090127557405,-0.5976224544573372,0.041603071481154,-1401.7376184447505
210,-204.86749968580745,0.9915063984894423,0.2656976855392141,3.0,7.0,0.0,205.08119179007207,0.8865485325657083,0.11345146743429169,0.039591838664902713,0.07760952459819367,-1399.3022689040026
211,-205.85651569935115,0.9482705270539237,0.23297427099948412,3.0,7.0,0.0,206.96692442538608,0.6069651287548874,0.3930348712451126,0.2788877833730531,-0.5509846991633828,-1411.7773516854118
212,-204.5970993280605,0.9793298170935738,0.20896415730530823,3.0,7.0,0.0,205.1499555418366,0.8135104507544081,0.1864895492455919,0.15113292539855683,-0.1401190292049082,-1400.2435343641814
213,-204.99856386800658,0.9922643577354329,0.25876163502854627,4.0,15.0,0.0,205.83147812611082,0.8972165320401946,0.10278346795980542,0.0850854715160984,-0.28098692993913066,-1399.5402383960563
214,-205.51807445354927,0.5906191041026313,0.2656976855392141,2.0,3.0,0.0,209.5553435807453,0.9158900417343233,0.08410995826567669,0.11598294107652182,0.28823898072061027,-1401.8772532357195
215,-204.99904108249993,1.0,0.23297427099948412,2.0,3.0,0.0,205.84952325357662,0.7240169475413109,0.27598305245868915,0.26006595628703144,-0.5280956567258042,-1404.6600521692715
216,-206.3050654816881,0.5643347792368061,0.20896415730530823,3.0,7.0,0.0,209.53647249033077,0.9416823322370238,0.0583176677629762,0.16842928542341676,0.12249089300392406,-1405.021580502039
217,-205.63782570899488,0.6784809599928272,0.25876163502854627,3.0,11.0,0.0,206.8130863159847,0.942521969781285,0.057478030218715004,0.04225490347260631,-0.38447985969608706,-1400.2266964358937
218,-205.45421568868036,0.9992239983046112,0.2656976855392141,4.0,15.0,0.0,206.2340930125817,0.06760845751060451,0.9323915424893955,-0.47019666572781843,0.07137590243214978,-1399.938938233847
219,-204.99335696594673,0.44774578291365785,0.23297427099948412,4.0,31.0,0.0,208.53902293431258,0.8887783905631991,0.11122160943680093,0.125495382399253,-0.3735152385417053,-1399.9243805494345
220,-205.98354021592294,1.0,0.20896415730530823,4.0,15.0,0.0,207.1978898838693,0.05201701021040849,0.9479829897895915,0.35633686114868124,0.11931309158891576,-1401.972352943491
221,-204.9941656044623,0.9992882252751168,0.25876163502854627,3.0,7.0,0.0,205.82226305616834,0.8054534465400885,0.19454655345991145,0.14728100203341724,-0.5544052042742441,-1402.9623329109108
222,-205.44424044554347,0.7646571006223374,0.2656976855392141,3.0,7.0,0.0,206.81277085315682,0.12789503805434016,0.8721049619456598,-0.27229666610451775,0.21013588901541885,-1403.904978536674
223,-204.57868415834557,1.0,0.23297427099948412,3.0,7.0,0.0,205.07345105272202,0.8215827455393488,0.17841725446065115,0.11219149277601867,-0.27336638466122565,-1399.8401438744659
224,-208.61869980822456,0.7789126814062638,0.20896415730530823,2.0,7.0,0.0,209.36558558262362,0.015226209051278139,0.9847737909487219,0.46571625352310686,-0.1096344592194588,-1411.8761395739648
225,-205.19010659359836,0.7968610271864502,0.25876163502854627,4.0,15.0,0.0,206.08869622215747,0.08785984252833438,0.9121401574716657,-0.3450494936030347,0.06800845639734623,-1399.8612493227365
226,-204.45673981500465,0.9900726972295354,0.2656976855392141,3.0,15.0,0.0,205.73735208141127,0.6496235384171481,0.35037646158285185,-0.03300821468361994,0.3925897489151589,-1401.9788660934532
227,-205.98633247086065,0.7655341760548706,0.23297427099948412,2.0,7.0,0.0,206.74572928167018,0.8342754250309988,0.16572457496900117,0.29037194789192167,-0.32357930376197186,-1409.0721420648133
228,-205.38379329582042,0.9586042786752416,0.20896415730530823,4.0,15.0,0.0,210.74518943363185,0.21061844305184044,0.7893815569481596,0.5944805665626532,0.04916866099964627,-1406.0397571307276
229,-204.1034513197248,0.9958532995119181,0.25876163502854627,3.0,11.0,0.0,205.33514646335595,0.6468957776726262,0.3531042223273738,-0.045217728787089725,0.24069436908469638,-1399.6451741300136
230,-205.42063863473447,0.7733915441861634,0.2656976855392141,2.0,3.0,0.0,207.21112587494662,0.6398518298520057,0.3601481701479943,-0.13965615933001663,0.6400298985837951,-1408.4860340603884
231,-204.5584175950138,1.0,0.23297427099948412,2.0,3.0,0.0,205.71596942371963,0.8017019396724921,0.19829806032750785,0.16253046418349135,-0.30713545573820217,-1400.2318478882669
232,-206.31257957139493,0.9585685158337276,0.20896415730530823,3.0,15.0,0.0,207.16085482473446,0.14610361802437993,0.85389638197562,1.0241459003867208,0.016763499839754323,-1409.873201072787
233,-204.6532902931823,0.9653966089956355,0.25876163502854627,4.0,23.0,0.0,205.46468408535532,0.18501490403608548,0.8149850959639146,0.4486567608180124,-0.05267380342549685,-1400.4498281640201
234,-204.25422392288013,0.7846221003356332,0.2656976855392141,4.0,19.0,0.0,206.8026061866467,0.39544423089814656,0.6045557691018535,0.3102516907981362,-0.1465756869800628,-1400.95148295719
235,-204.18259247333222,0.9984101065349409,0.23297427099948412,4.0,15.0,0.0,204.79563482260966,0.44320016373652776,0.5567998362634723,0.3158129552169707,-0.1280061070220725,-1400.6772058672045
236,-206.7682214856936,0.9645497731943719,0.20896415730530823,2.0,3.0,0.0,207.00618447026207,0.1628585519825948,0.8371414480174052,1.0807829333508459,0.008086094625460118,-1413.5309674046237
237,-204.21915745692883,0.8883291626922983,0.25876163502854627,4.0,15.0,0.0,207.47791938572843,0.6584069343300513,0.34159306566994874,-0.07029445678993967,0.3377345586177024,-1400.2863698242522
238,-205.9652787759999,0.6052819977380924,0.2656976855392141,2.0,3.0,0.0,206.6829603328277,0.5198984156591838,0.4801015843408162,0.47679744364399806,-0.07242336942012743,-1412.9697839366647
239,-205.2245593709228,0.9920368735255807,0.23297427099948412,3.0,7.0,0.0,205.3840284214632,0.08932146010783666,0.9106785398921633,0.22651366415744836,-0.007072159252179605,-1400.264584491101
240,-204.6344313204775,0.9883018042012083,0.20896415730530823,3.0,11.0,0.0,207.1416082336025,0.20408355665720085,0.7959164433427992,0.4800875678124319,-0.009810863919113164,-1400.8107197967756
241,-205.38539905968065,0.9221817171345376,0.25876163502854627,3.0,15.0,0.0,205.73329947921079,0.8933767343710556,0.10662326562894442,-0.0697078548832074,0.6436823024917117,-1402.1486028827314
242,-204.50486412592147,1.0,0.2656976855392141,3.0,7.0,0.0,205.93122945840514,0.3905562383061427,0.6094437616938573,0.21986316748141163,0.09007530459907187,-1402.7054729541383
243,-205.76366779539154,0.978702665825949,0.23297427099948412,3.0,13.0,0.0,206.54315795210618,0.3290166733082468,0.6709833266917532,0.644688515127053,-0.039243258376956115,-1410.5695999955442
244,-207.2965842203091,0.5685046014235904,0.20896415730530823,2.0,3.0,0.0,207.9297294346935,0.18355516733207547,0.8164448326679246,0.5121619257650716,0.19655174142383663,-1418.58305151915
245,-204.78738990921755,0.9684075074585632,0.25876163502854627,2.0,7.0,0.0,206.60111273833732,0.5753470204599741,0.4246529795400259,-0.25235410601442543,0.4674986854474146,-1404.6426133306202
246,-204.53285583230738,0.926313913871497,0.2656976855392141,3.0,15.0,0.0,206.1050204137989,0.24100429527255754,0.7589957047274425,-0.11484057659905232,0.03278895504608936,-1401.1163968205256
247,-206.3234700566128,0.9006464896947374,0.23297427099948412,3.0,7.0,0.0,206.81334251845124,0.40300026179609766,0.5969997382039023,0.6330273443818671,-0.06687957439797232,-1415.0409850385442
248,-205.43843810303798,1.0,0.20896415730530823,1.0,3.0,0.0,207.56997900334883,0.10395655781443053,0.8960434421855694,0.5272043839204256,0.088196379610112,-1402.4758495706244
249,-205.91186716906148,0.9189619572459456,0.25876163502854627,3.0,15.0,0.0,206.36194816654566,0.9574703742525302,0.04252962574746977,0.026730898652472874,0.7351092878955323,-1399.809736609702
250,-207.52463276482376,0.5977351468492457,0.2656976855392141,3.0,11.0,0.0,211.14083370253167,0.25066894519153726,0.7493310548084627,-0.40076522417947996,-0.0724810746279023,-1421.8350324943694
251,-204.26371280451295,0.6233400443090588,0.23297427099948412,2.0,3.0,0.0,209.01030350790552,0.43695799174322,0.56304200825678,0.33487187437411287,-0.0850000241875902,-1401.2137948725556
252,-206.49999358656487,0.8158104706525766,0.20896415730530823,3.0,13.0,0.0,208.98789638787372,0.07256390563737655,0.9274360943626234,0.6971359215389265,-0.11752790094071054,-1407.378449145736
253,-206.2212108813618,0.9647727387693337,0.25876163502854627,3.0,7.0,0.0,206.62863455712042,0.9703186127117897,0.029681387288210348,0.02473492938171762,0.6715127663268006,-1399.631430454324
254,-204.75867100320698,0.9105272582052959,0.2656976855392141,3.0,11.0,0.0,209.209631518958,0.5496717555435572,0.4503282444564428,0.3135853195097842,-0.3561965333540286,-1404.5836327212166
255,-206.60964789631748,0.7030195362039923,0.23297427099948412,4.0,19.0,0.0,208.54137894465794,0.8768715957035532,0.12312840429644678,-0.18217616522299535,0.6117653103774363,-1411.4809435814907
256,-204.25244981805963,0.9926004163910064,0.20896415730530823,3.0,11.0,0.0,206.84452415201204,0.2660372997433109,0.7339627002566891,0.21476657087855758,-0.023088652298750026,-1399.6024141399553
257,-205.07616606894433,0.8056878386197789,0.25876163502854627,3.0,11.0,0.0,207.44862200258464,0.8223560562254967,0.17764394377450332,-0.11764900048696149,0.5237958152703326,-1403.0796607895566
258,-204.30970786895585,0.9173197521770137,0.2656976855392141,3.0,7.0,0.0,206.19930155092356,0.5973706084975141,0.4026293915024859,0.274153350245045,-0.15248080973408595,-1401.3932389962683
259,-204.8200620872132,1.0,0.23297427099948412,4.0,15.0,0.0,206.70027616610398,0.8593226895005266,0.1406773104994734,-0.02863458166473007,0.3829627614301528,-1400.1241424056104
260,-204.67714742449704,0.8988220037898189,0.20896415730530823,2.0,7.0,0.0,205.79544256849294,0.15726038012624743,0.8427396198737526,-0.07900104985463918,0.1234045796737038,-1399.8808816581059
261,-206.031505653923,0.8312095354015154,0.25876163502854627,2.0,3.0,0.0,206.2276491134378,0.8608180573803382,0.13918194261966177,-0.15765478489540496,0.5012767664195253,-1408.3195994633438
262,-209.18215461078375,0.6491762030131086,0.2656976855392141,3.0,11.0,0.0,209.9164870624446,0.895129876400444,0.10487012359955605,-0.11845699997870965,-0.733592563457221,-1428.1598343398696
263,-204.55174472003148,0.9609493966629542,0.23297427099948412,2.0,7.0,0.0,206.324649709578,0.3807532440480023,0.6192467559519976,-0.0849420967519033,0.2718899961826349,-1402.942626837179
264,-206.12548529810348,0.9952273306784741,0.20896415730530823,4.0,15.0,0.0,206.60599274952506,0.031351740992469256,0.9686482590075307,-0.46463873518767485,0.0893200319595865,-1399.533066604282
265,-205.28383132838982,0.9420518791712412,0.25876163502854627,2.0,3.0,0.0,206.70518157007794,0.8461813380275437,0.1538186619724563,0.09339817322529048,0.4604370726393483,-1403.7749496382455
266,-208.0010063620065,1.0,0.2656976855392141,3.0,15.0,0.0,209.6710952391833,0.023025494683393218,0.9769745053166068,0.3094460833977526,0.20572914368941975,-1410.4897029500705
267,-204.87247755963037,0.9892815797155029,0.23297427099948412,4.0,19.0,0.0,205.9891768299179,0.8600375015876723,0.13996249841232766,0.14601090976318082,-0.4293384889781299,-1400.4065417946922
268,-204.4628513192209,0.9983818679294918,0.20896415730530823,4.0,15.0,0.0,206.69008627139777,0.18948978130004424,0.8105102186999558,-0.016283909750931913,0.09902957950058013,-1399.42888464556
269,-204.71638852136266,0.9968892329960598,0.25876163502854627,2.0,7.0,0.0,205.6101265599459,0.7237495315836406,0.27625046841635936,-0.15362549491013555,0.397617852654106,-1402.854011475296
270,-209.31419962428362,0.9937071307000243,0.2656976855392141,4.0,15.0,0.0,210.54404762713912,0.995966883492799,0.004033116507200951,-0.05217658514927949,-1.4000111392277208,-1406.0846275607466
271,-205.05015135629523,0.8688121207237997,0.23297427099948412,3.0,7.0,0.0,206.273706162987,0.69071715579736,0.30928284420263996,0.32966369923667055,-0.2532605559894443,-1405.6247559210617
272,-205.53695407944778,0.8870482158485181,0.20896415730530823,4.0,15.0,0.0,206.1850445759136,0.4924493192802458,0.5075506807197542,-0.4322947064732,0.4226988871744902,-1409.9055779888783
273,-204.16321866120197,0.6151851380584165,0.25876163502854627,2.0,7.0,0.0,207.2101869581353,0.5009881886663033,0.49901181133369665,-0.15650963420231578,0.1995606757291824,-1400.6778041890886
274,-207.55328816057352,0.9654715300816308,0.2656976855392141,4.0,15.0,0.0,209.44413800770897,0.9852995370248768,0.014700462975123174,0.1380507666851498,-1.4184402585738831,-1402.7214152941144
275,-204.15755968348415,0.9879547843669996,0.23297427099948412,3.0,15.0,0.0,205.82812202934332,0.33650702321614007,0.66349297678386,0.06573094896869112,-0.0020071783653824588,-1399.9094228847307
276,-205.24271487673613,0.3626767215250763,0.20896415730530823,2.0,3.0,0.0,207.93126087272287,0.23951568402746662,0.7604843159725334,-0.26607379412640075,0.2925688527356927,-1405.8679413213151
277,-204.78958455055457,0.9269025806221818,0.25876163502854627,4.0,31.0,0.0,205.3761541459265,0.17247994688544338,0.8275200531145566,0.4381286234639671,0.03980699950845855,-1401.0212247888073
278,-206.9072994352157,1.0,0.2656976855392141,3.0,7.0,0.0,207.53692170775193,0.9034416622257233,0.09655833777427669,0.20121846297330315,-1.2579822137138135,-1411.0145093389322
279,-204.09571854741768,0.9958205413373187,0.23297427099948412,3.0,11.0,0.0,204.38850396528736,0.5126946950433897,0.4873053049566103,0.22827297570708266,-0.05292138893328342,-1400.2152282655225
280,-204.43894918706494,0.9427244510743814,0.20896415730530823,2.0,7.0,0.0,205.69663739468612,0.3840609833098275,0.6159390166901725,-0.29061164278657764,0.18998439427902475,-1402.1521876149222
281,-206.3293610474503,0.9570782069910229,0.25876163502854627,3.0,9.0,0.0,207.00671746936584,0.9731564683180042,0.026843531681995825,0.10604664848303856,-0.20044950914222007,-1400.0499692958333
282,-209.128274832383,0.9488526470545834,0.2656976855392141,3.0,15.0,0.0,209.32836131063473,0.995264225812377,0.004735774187623054,-0.029285822252605176,-1.8928368509900309,-1404.505226936208
283,-204.52173254746975,0.9706459226949687,0.23297427099948412,3.0,15.0,0.0,205.15688198689034,0.22911632500549342,0.7708836749945066,0.222744010866677,0.07971355068108994,-1400.7614760967865
284,-206.36451828640386,0.6975686027583242,0.20896415730530823,3.0,15.0,0.0,208.24875473690503,0.31983657707665986,0.6801634229233402,0.5805908050327422,0.06246916973745611,-1414.6842938466452
285,-206.16527244026832,0.9293167999014436,0.25876163502854627,3.0,7.0,0.0,206.7466981366709,0.9666152987700406,0.0333847012299594,0.013233801934062366,-0.11530548129141704,-1400.4090647271205
286,-208.34185403975385,0.9642509294393867,0.2656976855392141,5.0,31.0,0.0,209.2173568603702,0.993815214066074,0.006184785933926018,0.0837197620937242,-1.9202375831442908,-1400.8112382920142
287,-204.16940895952354,0.9534586456214111,0.23297427099948412,3.0,7.0,0.0,207.84311496384788,0.3350056763993761,0.6649943236006239,-0.03199138437878918,0.04491108686710036,-1399.9771084179622
288,-204.66436125973448,0.9865959493587653,0.20896415730530823,3.0,15.0,0.0,206.5212127270613,0.29858056049945925,0.7014194395005408,0.5361489785205826,-0.11290703986821152,-1402.7127642478383
289,-206.31880617237036,0.968520151134865,0.25876163502854627,3.0,15.0,0.0,208.00062322793318,0.3560705432020167,0.6439294567979833,0.4214925350137777,-0.36403778016934146,-1414.7583017723787
290,-208.1982813906741,0.9907334234248691,0.2656976855392141,2.0,7.0,0.0,208.59296188334,0.9901539141541988,0.009846085845801156,0.031364230785770865,-2.0335977967598193,-1402.6241460309477
291,-204.3971255249498,0.9838425866563909,0.23297427099948412,4.0,15.0,0.0,204.852638263155,0.6477165185927254,0.3522834814072746,0.10300750557039388,-0.2045185657365144,-1401.6729980407326
292,-206.1559650482353,0.6852388329446014,0.20896415730530823,2.0,7.0,0.0,207.48542858620007,0.1884372845520657,0.8115627154479343,0.6721216022193712,0.09369252630156316,-1410.7060360679695
293,-205.33566967040142,1.0,0.25876163502854627,4.0,15.0,0.0,207.11086582157475,0.9233733410660723,0.07662665893392773,-0.0027005721442798745,0.49009328076453607,-1399.9057418459538
294,-208.4212814576009,0.9566208667796824,0.2656976855392141,4.0,15.0,0.0,208.8234229074303,0.9924838342329582,0.007516165767041838,0.044163216958830076,-2.1624830249314573,-1401.8477840320843
295,-204.28448373774296,0.9821043414249719,0.23297427099948412,3.0,15.0,0.0,204.95633506323432,0.2726138827610403,0.7273861172389597,-0.21472141014817095,0.15945192268835454,-1399.9087318043003
296,-206.17833822798173,0.9992690159276408,0.20896415730530823,4.0,31.0,0.0,207.534461049588,0.940917424101443,0.05908257589855703,0.11034083434032371,0.7460375017860291,-1403.7769361263345
297,-205.31144038705253,0.9405798027540558,0.25876163502854627,3.0,11.0,0.0,206.42669183028173,0.9184734255652138,0.08152657443478617,0.08838042215346185,0.2680995061427058,-1400.2683839601148
298,-208.15706954140904,0.9645133289101481,0.2656976855392141,3.0,7.0,0.0,209.07582687398212,0.9885972448914125,0.011402755108587459,0.1207093481386221,-1.998726002966562,-1403.4522075556615
299,-204.55216071255498,0.9297688905366268,0.23297427099948412,2.0,3.0,0.0,204.97123849511684,0.2895227152569264,0.7104772847430736,-0.2807202314279804,0.10535411392387836,-1401.99513068997
300,-205.7756576483711,0.9599975210975505,0.20896415730530823,2.0,7.0,0.0,206.93827458082552,0.9378786611103863,0.062121338889613686,-0.023659872407718524,0.8463445419472854,-1401.1915300543444
301,-206.64944039442767,0.6304985624305375,0.25876163502854627,4.0,15.0,0.0,207.5639843363069,0.3796719164284958,0.6203280835715042,0.7477816258001235,-0.13469404766980703,-1416.9969645744045
302,-209.7014061191492,0.5591321144538682,0.2656976855392141,2.0,3.0,0.0,210.4322737042527,0.9893587873152785,0.010641212684721513,-0.0858676085359809,-1.9656438995970917,-1413.7674166011252
303,-204.80479519876442,0.9465753527783767,0.23297427099948412,2.0,7.0,0.0,208.0967811028934,0.2803967068614849,0.7196032931385151,-0.4520223076983635,0.2688559872255144,-1403.4459747860699
304,-205.63130350221434,0.990878619566079,0.20896415730530823,4.0,15.0,0.0,206.35948868676243,0.06503792333077986,0.9349620766692202,0.5553500750184853,-0.02642609355566307,-1400.8418634819634
305,-207.12661276328575,1.0,0.25876163502854627,4.0,15.0,0.0,207.97359349415402,0.012993919156028832,0.9870060808439711,0.598112266323035,0.0982211729944831,-1400.370106922449
306,-205.50333597064,0.9617386248349226,0.2656976855392141,4.0,19.0,0.0,211.45157911257039,0.1696804894663175,0.8303195105336825,0.4195104599479395,0.1208800345476746,-1405.8644758879109
307,-205.29520159915467,0.9866749726496776,0.23297427099948412,3.0,7.0,0.0,205.70086742096137,0.08795703084708278,0.9120429691529173,-0.5051692344693715,0.07580829518537505,-1400.4756022438999
308,-206.6094172192905,0.7197039791290334,0.20896415730530823,4.0,15.0,0.0,209.2310650781608,0.2943305950156245,0.7056694049843755,0.42519886122324285,-0.3243112666437029,-1416.1037212628003
309,-207.27117207056432,0.9193876789310629,0.25876163502854627,3.0,15.0,0.0,209.04887691099478,0.011643091331709715,0.9883569086682903,-0.2223695090114612,0.11936242713631412,-1400.8821079435895
310,-207.69614643076895,0.9401318655399057,0.2656976855392141,3.0,7.0,0.0,208.24386243523753,0.5385232667014369,0.4614767332985631,0.08880514657896417,0.5111229317294028,-1424.864453832942
311,-205.0245533474736,0.9760245582253513,0.23297427099948412,3.0,15.0,0.0,206.26281122241866,0.26081160301351364,0.7391883969864863,-0.42574660381455615,0.10612194788867532,-1404.7219374247013
312,-205.3098029224967,0.9664442082221983,0.20896415730530823,2.0,7.0,0.0,207.81008618072943,0.820249038286373,0.17975096171362703,0.25065419412079737,-0.2916892276859426,-1404.8784344657934
313,-207.24898498747478,0.9769931932282767,0.25876163502854627,2.0,3.0,0.0,207.78217265520132,0.011439194513472327,0.9885608054865277,-0.2233082880051751,0.007469865793641096,-1400.6201204966903
314,-208.19168261881748,0.9454063697648492,0.2656976855392141,2.0,3.0,0.0,208.42613340627014,0.8314941211148199,0.1685058788851801,-0.2650595704714147,0.3337461664908114,-1424.4044315691795
315,-204.2932772814473,0.9865546608225151,0.23297427099948412,4.0,15.0,0.0,205.53579798688406,0.2752680163903323,0.7247319836096677,0.34014213428504647,-0.04067898652993723,-1399.9715863810754
316,-204.93394030047008,0.9879901046094266,0.20896415730530823,2.0,7.0,0.0,205.85528843519364,0.7967856026028742,0.20321439739712577,0.22144327163670904,-0.1943936028460967,-1402.9818394649076
317,-206.59470277905916,0.8031265822225037,0.25876163502854627,4.0,31.0,0.0,210.5571071472029,0.9774751657902103,0.02252483420978968,0.025921534136468416,0.9685622397922096,-1399.935600629
318,-207.62996687482348,1.0,0.2656976855392141,2.0,3.0,0.0,208.5210704911966,0.5345774104714598,0.4654225895285402,0.04968977833121063,0.5448981186961046,-1424.3891946497467
319,-204.56319531166898,0.95037114413071,0.23297427099948412,3.0,15.0,0.0,205.15193168577528,0.4228117801900693,0.5771882198099307,-0.16437249474006788,0.06854345657503129,-1403.3023042213617
320,-206.4820325558341,0.9773764310890005,0.20896415730530823,3.0,15.0,0.0,207.2357585697409,0.9422316717525087,0.05776832824749134,0.16669600865104145,0.31543842434572134,-1406.1102169958633
321,-206.86293734221104,0.9709531565464474,0.25876163502854627,3.0,11.0,0.0,207.26059043623692,0.8997224147739805,0.10027758522601948,0.015020348784250147,1.3266784572141996,-1410.822099572664
322,-207.56899009844233,1.0,0.2656976855392141,3.0,7.0,0.0,208.02277278173358,0.9694603517252414,0.030539648274758635,0.20551968208741767,0.06497277021662523,-1409.4821320246551
323,-204.3938664964466,0.9883333789850985,0.23297427099948412,2.0,7.0,0.0,204.93778020094535,0.31136034221786263,0.6886396577821374,-0.20053744360550269,0.0919605763595011,-1401.22393510759
324,-205.48708709316801,1.0,0.20896415730530823,2.0,3.0,0.0,206.26974308546423,0.93673687686889,0.06326312313111004,0.08099800926613819,0.2721430368064751,-1399.8649224010778
325,-207.73496548498213,0.8021986360560681,0.25876163502854627,3.0,15.0,0.0,209.51733702065545,0.9701145441596207,0.02988545584037927,-0.06933623892311289,1.6918663441635622,-1408.048090193946
326,-207.1300230742826,0.976078787078077,0.2656976855392141,3.0,7.0,0.0,208.08558837548833,0.9769201755034129,0.023079824496587076,-0.04847544795059333,0.05774381662135439,-1404.60338027233
327,-208.5896509785737,0.9208582556343746,0.23297427099948412,3.0,15.0,0.0,208.9838856716977,0.006917123580728349,0.9930828764192716,-0.022778369710923264,0.17966943139940045,-1406.4525089316649
328,-204.6513861013593,0.9875576507309046,0.20896415730530823,3.0,15.0,0.0,205.96265952138282,0.22224061172396786,0.7777593882760321,0.22667221024055134,-0.07114849820210752,-1401.507547546605
329,-208.80055493513433,0.9400374014953671,0.25876163502854627,2.0,7.0,0.0,211.47923260933993,0.9897002458269437,0.010299754173056286,0.16683102216525322,1.764099297001062,-1407.9530605307054
330,-206.53438562351604,0.9909465180584474,0.2656976855392141,3.0,15.0,0.0,208.13973196807007,0.9713086867814562,0.02869131321854379,0.14242436332788969,-0.3435093840069755,-1401.837947448555
331,-206.89478128860407,0.9432132217892027,0.23297427099948412,2.0,7.0,0.0,209.5997294743035,0.013486264473926014,0.986513735526074,0.28135230239529946,0.04448645404282632,-1399.2692921809487
332,-204.73566942537025,0.9923339444686888,0.20896415730530823,3.0,11.0,0.0,206.56881588204095,0.8431670286401487,0.1568329713598513,0.14253811029000196,-0.1375875711325645,-1400.2544896554332
333,-208.24250122717274,0.9724143635099616,0.25876163502854627,3.0,11.0,0.0,209.4299843019259,0.9747641757680049,0.025235824231995108,-0.04358154041685364,2.1117946504756175,-1409.0422212687176
334,-205.68040281479736,0.9221628673898618,0.2656976855392141,2.0,7.0,0.0,208.8340384344565,0.9182464785030278,0.08175352149697224,0.009349225736146327,-0.3948753321844515,-1402.7686768653537
335,-206.01510397624608,0.9817597670241742,0.23297427099948412,3.0,15.0,0.0,207.61512135363864,0.03812579205194055,0.9618742079480594,0.736755800791102,0.04506445389274636,-1399.7962550560806
336,-206.66282967654422,0.9521373912394633,0.20896415730530823,4.0,23.0,0.0,208.12585243405942,0.9674638663132961,0.03253613368670394,0.03126190446310513,-1.098930607154279,-1402.6422994808302
337,-208.6435737712626,0.7939888108250681,0.25876163502854627,2.0,3.0,0.0,209.27407215863414,0.9667761686617278,0.033223831338272225,0.10460525703500975,2.2087687200682127,-1413.2859567233934
338,-205.3666628387909,0.9949134040890014,0.2656976855392141,2.0,3.0,0.0,205.72524920194778,0.9283639569930751,0.07163604300692494,0.11271176582146758,-0.3481888744246819,-1399.7836064299115
339,-205.68904656083456,0.9891826253316464,0.23297427099948412,3.0,11.0,0.0,207.2095410002276,0.053603964842041024,0.946396035157959,0.42886801877557146,-0.0019071817747466236,-1400.0971956675696
340,-206.14078809636575,0.9091516240850087,0.20896415730530823,2.0,3.0,0.0,207.09723458363112,0.9462610083948881,0.05373899160511186,0.0851720708504998,-1.045479329180529,-1402.442868456917
341,-207.54472688831265,1.0,0.25876163502854627,3.0,15.0,0.0,209.58919581975653,0.9739729547921967,0.0260270452078033,0.11227156357991973,1.6228858545860625,-1405.9971916775821
342,-205.28024775045736,0.851351530232207,0.2656976855392141,2.0,7.0,0.0,207.91045554437207,0.8515534112614378,0.1484465887385622,-0.04904269465064271,0.030603919350026043,-1403.7360504192113
343,-206.816854253688,0.9567233928966083,0.23297427099948412,4.0,19.0,0.0,207.62933111671148,0.9655161332098149,0.034483866790185114,-0.06805614603057121,0.6613316858337425,-1404.7559271070722
344,-206.86741360942074,0.9964114334585595,0.20896415730530823,3.0,15.0,0.0,207.0967248980844,0.9772438047726508,0.022756195227349174,0.10246695238854144,-1.274111180718186,-1401.2882001621829
345,-209.14685635769337,0.7203663206745742,0.25876163502854627,4.0,17.0,0.0,210.72028264542283,0.9556585414964618,0.04434145850353821,0.17731008160138292,1.7552529279196565,-1420.2111551670937
346,-204.22154995342032,1.0,0.2656976855392141,3.0,7.0,0.0,205.20496906512477,0.6833233128969324,0.3166766871030676,0.14882696519930944,-0.011578873568419433,-1400.1198163289343
347,-204.69848106943616,1.0,0.23297427099948412,3.0,15.0,0.0,207.08347822021355,0.42035660859494445,0.5796433914050556,-0.3627415365483697,0.3172971527392364,-1404.0527552780395
348,-205.292869711821,0.8324229472572513,0.20896415730530823,4.0,27.0,0.0,208.03414662571222,0.6204937924391305,0.3795062075608695,0.17711632697646523,0.21352353194411264,-1408.056979011865
349,-207.05707457316493,0.9944344957115836,0.25876163502854627,2.0,7.0,0.0,208.40924413044968,0.9686876675071429,0.03131233249285714,0.0505881621637109,1.6162900764261856,-1403.8952207674567
350,-204.95245381370088,0.9917115414279646,0.2656976855392141,3.0,15.0,0.0,205.12739111496745,0.10136770887806903,0.898632291121931,0.06946775165180885,0.0541689438619775,-1399.204527406086
351,-204.48142215692062,0.6978291966234034,0.23297427099948412,2.0,7.0,0.0,209.65659459751842,0.2911550535108927,0.7088449464891073,0.44732819047975136,-0.04728003949538584,-1401.4323500180262
352,-204.69961195509788,0.9986881179783709,0.20896415730530823,3.0,11.0,0.0,205.7203400230928,0.15800213793200552,0.8419978620679944,-0.28815379783069445,0.09161991258870385,-1400.0020782841486
353,-207.9019065321197,0.9983167705758667,0.25876163502854627,3.0,15.0,0.0,208.27180526864242,0.9784716035041546,0.02152839649584537,0.05937974364974941,2.1180270370236447,-1405.5939471224603
354,-204.34880995605502,0.9690819058044926,0.2656976855392141,3.0,15.0,0.0,205.83959983007657,0.6369395864653747,0.36306041353462526,0.2559210911927373,-0.2782739616982898,-1401.3533586793094
355,-204.9475229542319,0.9853592463455241,0.23297427099948412,4.0,15.0,0.0,205.58961587083567,0.23907962988953627,0.7609203701104638,-0.5218675139049828,0.24791673207177967,-1403.6670061604405
356,-204.2963702638465,0.9885687512892829,0.20896415730530823,3.0,15.0,0.0,205.63415219848576,0.5905499139861891,0.40945008601381094,0.2801691319426523,-0.23313902636511522,-1401.3080841912852
357,-207.8547717882276,0.25691015132963485,0.25876163502854627,4.0,19.0,0.0,212.98335552271402,0.9902379574705872,0.009762042529412818,0.13979435717510724,0.79995834036462,-1403.194943624802
358,-204.25028298726423,0.9951728493669562,0.2656976855392141,4.0,15.0,0.0,204.85220419283235,0.7430696994182678,0.25693030058173216,0.05204964110215176,0.1541082121560812,-1399.4494628674056
359,-205.65912098847576,0.9841455400257749,0.23297427099948412,3.0,7.0,0.0,206.11892228656856,0.18596359445032043,0.8140364055496796,-0.7753826534715167,0.23371861166073907,-1407.0350506538616
360,-204.75863144179294,0.987003019044582,0.20896415730530823,3.0,15.0,0.0,205.5087598213727,0.17353989047973786,0.8264601095202622,-0.22865836368937914,0.051154615995731054,-1400.9605863915558
361,-205.21598702689255,0.9749523493613285,0.25876163502854627,3.0,11.0,0.0,209.2316696541568,0.9070213809082641,0.09297861909173588,0.07272689729600917,0.38951667612621044,-1400.363536368655
362,-204.40764533517068,0.9801913175606755,0.2656976855392141,3.0,7.0,0.0,204.91349366847314,0.588449280961302,0.411550719038698,-0.14127217317561447,0.4097833594846466,-1402.039960524838
363,-205.30090298005982,0.9463995101816585,0.23297427099948412,4.0,15.0,0.0,206.06114974974696,0.09138908855194555,0.9086109114480545,-0.2959112046089083,0.03284707802454642,-1400.9021318158846
364,-204.6504834787203,0.9675660906695311,0.20896415730530823,4.0,23.0,0.0,205.79637736229864,0.1537401400958735,0.8462598599041264,0.32302514380001834,0.016015061983849877,-1399.4973208118697
365,-205.55147689549435,0.9157550281428606,0.25876163502854627,2.0,7.0,0.0,206.60807046036,0.8901121789295072,0.10988782107049277,0.10340645957328849,0.5112246030463872,-1403.6059188196675
366,-204.75658522234477,0.9912040685207043,0.2656976855392141,3.0,7.0,0.0,204.87603342299002,0.8399523672525244,0.16004763274747558,0.0202958207432481,0.4559246616339869,-1400.3667893773163
367,-205.05275357886427,0.9784980164692725,0.23297427099948412,4.0,23.0,0.0,205.88307292201233,0.8827396542794687,0.11726034572053134,0.1297672563875729,-0.5162804106166263,-1400.5421802392432
368,-205.23244712757182,0.9318337241869715,0.20896415730530823,2.0,3.0,0.0,205.36951168240606,0.13017835806149616,0.8698216419385039,0.32109235698168,0.11129577870720442,-1402.548520590649
369,-206.6347248306758,0.8157859377956364,0.25876163502854627,3.0,15.0,0.0,209.78544992615048,0.02137461517297993,0.9786253848270201,-0.8556234801078999,0.09735235921202444,-1400.0284105821397
370,-205.54677462900477,0.9336133403482829,0.2656976855392141,2.0,7.0,0.0,207.72566972034352,0.9427839342334687,0.057216065766531266,0.05290108337233384,0.4375628904712626,-1399.5295489361151
371,-206.22057354110967,0.9819641985658485,0.23297427099948412,3.0,15.0,0.0,207.82227417083033,0.9633699950416641,0.036630004958335904,0.07704088158768314,-0.9330771246424747,-1400.6634138773668
372,-203.97491415525582,0.988439450616281,0.20896415730530823,4.0,15.0,0.0,206.81011891309035,0.4660536838964597,0.5339463161035403,0.05986413007082664,0.09202028519518125,-1399.3902875063604
373,-205.80465652376967,0.9964979771475398,0.25876163502854627,2.0,7.0,0.0,207.0594181234304,0.08884675373540628,0.9111532462645937,-0.8757171283979915,0.08651337866127039,-1403.6142496803536
374,-205.43151823417844,0.8424980077858064,0.2656976855392141,2.0,7.0,0.0,206.93564763997364,0.8595552523585516,0.14044474764144843,0.008117529408649224,0.8082637433801857,-1403.9015637075042
375,-205.40985572244517,0.8275648351692212,0.23297427099948412,3.0,15.0,0.0,207.84818655350915,0.9313866085071214,0.0686133914928786,0.08105385107741164,-0.44790709198940676,-1399.7433790418845
376,-205.53982681443546,0.8503015819290921,0.20896415730530823,2.0,7.0,0.0,208.2267153829026,0.6366870043330881,0.3633129956669119,-0.20319587422996543,0.12469468631475203,-1409.6570160073127
377,-206.0397760975446,1.0,0.25876163502854627,2.0,3.0,0.0,206.06867685074855,0.0769521401388432,0.9230478598611568,-1.0008801359075443,0.16710731807309032,-1404.1146827514924
378,-207.1778270041577,0.869385611803086,0.2656976855392141,3.0,15.0,0.0,207.86384881323772,0.8815945522217279,0.11840544777827211,-0.19108621032790768,1.086248783492729,-1414.4741575754508
379,-204.99077218475458,0.92494537584246,0.23297427099948412,4.0,15.0,0.0,208.14727933245663,0.8425373398960404,0.1574626601039596,0.19044102611602953,-0.5240094400550541,-1401.8046719875306
380,-205.13487292390363,0.9699162519485421,0.20896415730530823,3.0,7.0,0.0,206.0201291610897,0.4560267029374228,0.5439732970625772,0.07078848606067561,0.27910793387109295,-1407.3200905175465
381,-206.39983603957387,0.989827552797923,0.25876163502854627,3.0,7.0,0.0,206.8055476111014,0.03374843472240339,0.9662515652775966,-1.0048203795743362,0.05585969872871413,-1401.2387503462717
382,-205.14424829606196,0.9931152480467965,0.2656976855392141,3.0,11.0,0.0,209.5789331456162,0.6678342295046233,0.33216577049537666,-0.09954261949955345,0.00711190637676834,-1406.6757150676635
383,-204.9702285760134,0.8530014351839602,0.23297427099948412,4.0,15.0,0.0,206.00753486424705,0.26133542062186926,0.7386645793781308,-0.5333951223663752,0.21202210452423018,-1404.2373931151892
384,-204.09282723233608,1.0,0.20896415730530823,2.0,3.0,0.0,205.30936161702374,0.4387374958427481,0.5612625041572519,-0.038551334614661883,0.19557421264433109,-1400.108324039691
385,-205.13912444572523,0.9849580671736105,0.25876163502854627,4.0,23.0,0.0,206.45992069613263,0.8734770231394816,0.1265229768605184,0.051448362276585696,-0.396335761697178,-1401.697893758993
386,-207.55484782562039,0.9415127217090601,0.2656976855392141,3.0,11.0,0.0,210.25894894438784,0.8806610293878754,0.11933897061212462,-0.21148943472752138,1.1030407273742193,-1417.0866190045979
387,-204.14607917024162,0.9883013133802011,0.23297427099948412,4.0,19.0,0.0,206.9306032301762,0.6421624833360191,0.3578375166639809,0.1314461023044403,-0.1507645265679699,-1399.998133306981
388,-205.21179849532672,0.9533688825043354,0.20896415730530823,2.0,7.0,0.0,206.73599563018618,0.9199911144991159,0.08000888550088414,0.02579672355066677,0.3700829540049016,-1399.411653130073
389,-204.2522135673804,1.0,0.25876163502854627,4.0,15.0,0.0,205.09112263405692,0.4570057779334261,0.5429942220665739,0.3348183462898404,-0.11509806763544628,-1401.1886218699933
390,-205.857261080759,0.7656119391919566,0.2656976855392141,2.0,3.0,0.0,208.89479127966268,0.8229891821459137,0.17701081785408634,-0.11694195462915921,0.9398020161367906,-1407.930333086398
391,-204.26971170433455,0.8818835909807898,0.23297427099948412,3.0,11.0,0.0,205.81976056053284,0.26709693126522965,0.7329030687347704,0.11575531569860134,0.08228566894695308,-1399.762005254708
392,-205.14370172116418,0.9099838761506747,0.20896415730530823,4.0,15.0,0.0,206.84257811198796,0.10795966020274092,0.892040339797259,0.059868769913006034,-0.007800028179033941,-1400.9135250712818
393,-204.17274571243198,0.8134887050795,0.25876163502854627,2.0,3.0,0.0,205.3249237281337,0.3253693585971328,0.6746306414028672,0.2687176803775885,-0.05895441034507945,-1399.8351996055592
394,-206.3703822859981,0.9655820335069226,0.2656976855392141,4.0,15.0,0.0,206.9641077676671,0.9740366004488858,0.025963399551114152,0.02117296094773166,0.709482901615094,-1399.7186708788768
395,-205.41679110306217,0.9592407700130701,0.23297427099948412,3.0,15.0,0.0,207.17144830000976,0.5581855320128519,0.4418144679871481,0.4832441646924366,-0.3066600357021946,-1409.015712762702
396,-206.00342375833304,0.9529062450425362,0.20896415730530823,3.0,13.0,0.0,207.67412237569218,0.03332543092882015,0.9666745690711799,-0.19880880877973434,0.06330625560367295,-1399.2532447144306
397,-205.59908838610755,0.979313035087649,0.25876163502854627,3.0,7.0,0.0,206.14900813861476,0.06780444055114102,0.932195559448859,0.7965702366798701,0.024022841287603597,-1400.6051349728143
398,-204.4983944102972,0.8244723043855547,0.2656976855392141,4.0,15.0,0.0,207.7426624564323,0.701830558358158,0.298169441641842,-0.09649512623408348,0.20002283954154504,-1401.777465603747
399,-211.70166586120956,0.1290517108032605,0.23297427099948412,4.0,19.0,0.0,214.55226629952426,0.04907503281665663,0.9509249671833434,-0.44948696210636496,0.38796706389015234,-1440.9085075436085
400,-205.11215595979075,0.927049185409073,0.20896415730530823,3.0,7.0,0.0,206.58390039608557,0.47079126753494865,0.5292087324650514,-0.2971941283741969,0.46855166988687863,-1406.9989501764396
401,-206.45137571412093,0.9990574496663615,0.25876163502854627,3.0,15.0,0.0,206.72189113898963,0.06993458566511158,0.9300654143348884,1.326502061311063,-0.0026334795947937912,-1405.7194164815533
402,-205.03326137649978,0.9968782357063317,0.2656976855392141,3.0,7.0,0.0,205.29594598777163,0.8671334358342488,0.13286656416575116,-0.059303108548554695,0.4721301515279621,-1401.1966155780783
403,-211.0432007841436,1.0,0.23297427099948412,2.0,3.0,0.0,213.28227975438986,0.37265253066196585,0.6273474693380341,-0.8045224157293475,0.08444587494027417,-1447.2302609772755
404,-204.57096908013037,1.0,0.20896415730530823,4.0,15.0,0.0,205.69706968673017,0.1963641729551428,0.8036358270448571,0.38854273314425625,0.01685807442057363,-1400.2411585098203
405,-204.328274537143,0.8042857443499352,0.25876163502854627,3.0,15.0,0.0,208.25730334933485,0.22594357584852442,0.7740564241514756,0.1632219871666455,0.009320627409912838,-1399.3824107254684
406,-205.02813058035144,0.9082406855425574,0.2656976855392141,2.0,5.0,0.0,205.96185983910465,0.751327846740507,0.248672153259493,-0.12126356411878195,0.6671485622126364,-1404.2991469974816
407,-204.05664096586455,1.0,0.23297427099948412,4.0,15.0,0.0,210.96670824928842,0.42263715012486724,0.5773628498751328,0.013769297518556822,0.14620595216339266,-1399.8111516362167
408,-205.36643059028,0.8855791196865187,0.20896415730530823,3.0,15.0,0.0,208.46630189644745,0.7397249259528189,0.2602750740471811,0.32824952665910434,-0.5275374020579648,-1406.907229061879
409,-205.05695900331165,0.9654642931814611,0.25876163502854627,3.0,7.0,0.0,205.5985524610837,0.8920304266743729,0.10796957332562707,0.13734545247277197,-0.24878438723406499,-1400.2483009547534
410,-205.73458497690248,0.899048057870665,0.2656976855392141,3.0,7.0,0.0,207.05524789612113,0.9561096177683498,0.043890382231650205,0.06431235546707131,0.12043409139095071,-1399.2439732850437
411,-204.32402211544706,0.9642741469124422,0.23297427099948412,2.0,7.0,0.0,206.2768684508554,0.7089301792271294,0.2910698207728706,-0.06722309563103701,0.3805637940914987,-1400.3896325161024
412,-206.5955669359714,0.4755031484781799,0.20896415730530823,4.0,19.0,0.0,208.60436540370586,0.9108002490674,0.08919975093260002,0.038625653022402395,1.2504118944370526,-1408.41967143095
413,-206.6959356790511,0.9911077738167342,0.25876163502854627,4.0,15.0,0.0,207.21146296822906,0.9793848827556392,0.020615117244360825,0.0025032091120909816,-0.08605768692703412,-1400.8406028958213
414,-204.5683166122403,0.9977973090402631,0.2656976855392141,4.0,15.0,0.0,206.0694762506574,0.3135282414090317,0.6864717585909683,-0.38321392879785743,0.24618689394512983,-1402.3180336870053
415,-204.08005342342798,0.9387868224500682,0.23297427099948412,3.0,11.0,0.0,204.7721913315538,0.35339111451546285,0.6466088854845371,-0.07743803655402394,0.10387414848648839,-1399.5233880729209
416,-204.24315179140405,0.98467617027604,0.20896415730530823,3.0,15.0,0.0,207.11198349969533,0.7397492822821203,0.26025071771787966,-0.004181913909234308,0.1734752140708215,-1399.4548116729657
417,-205.7971514124279,0.9674726969582491,0.25876163502854627,3.0,7.0,0.0,207.31238644256473,0.9377475505958108,0.06225244940418917,0.005821541693051532,-0.31121025083598286,-1401.8889296772472
418,-204.5620706034448,0.8664137590407434,0.2656976855392141,3.0,7.0,0.0,205.30276804335102,0.45962440764857343,0.5403755923514266,-0.2874701481036965,0.23215221943906933,-1403.3254569192034
419,-204.02948661745717,0.9491188219063578,0.23297427099948412,4.0,15.0,0.0,205.0044041719175,0.6129633641784229,0.3870366358215771,-0.01919633026566215,0.14448480908411637,-1399.4293283503168
420,-204.70442673168725,0.9844802343738499,0.20896415730530823,3.0,15.0,0.0,205.50815815595953,0.14662993605063684,0.8533700639493631,0.28505101760139284,0.045782199249945546,-1399.6189989796417
421,-208.32104687611326,0.91163425362003,0.25876163502854627,3.0,7.0,0.0,208.89869639807495,0.9954250300381688,0.0045749699618311546,0.13046413178484245,-0.11954773388574927,-1401.7589491687077
422,-205.876685522219,0.940535937544281,0.2656976855392141,4.0,15.0,0.0,206.9580933391605,0.04690845493250525,0.9530915450674947,0.33910373385200365,-0.008667969880351137,-1400.5798530532177
423,-204.62714262289046,0.9782935217113928,0.23297427099948412,4.0,15.0,0.0,205.0057903052063,0.8007822226046973,0.19921777739530266,-0.06768399224059846,0.39544387523079066,-1400.6958999361896
424,-205.30603425923752,0.9819331087924348,0.20896415730530823,3.0,13.0,0.0,206.81915277674716,0.08939414972404261,0.9106058502759574,0.42922894088326147,0.07729112228741228,-1400.7125656469727
425,-210.9008886568679,0.5754969316775324,0.25876163502854627,1.0,3.0,0.0,211.54960958984105,0.9973709750782491,0.0026290249217508777,0.2406902696317504,-0.16619867736477234,-1415.7197125254384
426,-204.27350052607844,0.9984062876263368,0.2656976855392141,4.0,15.0,0.0,206.90923811885722,0.28659761506481957,0.7134023849351805,0.33633356055351443,-0.03715780399064808,-1400.0072112520625
427,-207.60924501720052,0.9590775490638016,0.23297427099948412,4.0,19.0,0.0,208.41420699898015,0.960062150734472,0.039937849265528014,0.05756567782883902,1.852330195160017,-1408.6208345024622
428,-207.57481753994276,0.9305052732494763,0.20896415730530823,3.0,15.0,0.0,209.12314517948045,0.012873360501466785,0.9871266394985332,1.26270542990231,0.11490288177909505,-1402.331738619347
429,-209.24416080188806,0.9767881347413824,0.25876163502854627,3.0,13.0,0.0,211.6104343131492,0.9964793290582461,0.0035206709417539006,-0.06174655407678986,-0.05610913721313973,-1406.354457131072
430,-205.45374860137272,0.710894052048414,0.2656976855392141,2.0,7.0,0.0,206.66028577029041,0.0857461188768993,0.9142538811231007,0.2900133119389378,-0.03623796339366965,-1401.5632342365154
431,-208.286368703619,0.9596410404751408,0.23297427099948412,4.0,15.0,0.0,208.43998194491212,0.9723200895922954,0.027679910407704567,-0.03550046227598497,2.1686452255121833,-1409.756904390441
432,-205.97452623897382,0.94078389640705,0.20896415730530823,4.0,19.0,0.0,209.9478171852673,0.15517098059992607,0.8448290194000739,0.07126843391364035,0.2186365093250054,-1408.7404462571767
433,-209.24416080188806,0.4350832219347365,0.25876163502854627,1.0,3.0,0.0,212.19358846775702,0.9964793290582461,0.0035206709417539006,-0.06174655407678986,-0.05610913721313973,-1406.354457131072
434,-204.93306783078083,0.9266227363045955,0.2656976855392141,3.0,7.0,0.0,206.1485442460629,0.3117880325635154,0.6882119674364846,0.24972841445497226,0.12580546048085098,-1404.9283075837093
435,-210.20072800766354,0.9211219460860643,0.23297427099948412,2.0,3.0,0.0,210.4767657782465,0.916691028858266,0.08330897114173397,0.03467706978974717,2.1326997121544204,-1430.3187225002396
436,-205.06093601943888,1.0,0.20896415730530823,1.0,1.0,0.0,205.82114651023093,0.18018395444819202,0.819816045551808,0.047219628624993584,0.16980088750689437,-1403.2731898558568
437,-204.62848766116966,0.6224315239077558,0.25876163502854627,3.0,11.0,0.0,211.58737371557837,0.6924301650410082,0.3075698349589918,-0.13683615146138883,0.25377009937654343,-1402.7682001214514
438,-206.7178421232608,0.8882717150238697,0.2656976855392141,3.0,13.0,0.0,207.58710240316967,0.9801942805638957,0.01980571943610432,0.10889664886734046,-0.7524294604969821,-1400.2282586636384
439,-207.7562517718613,1.0,0.23297427099948412,2.0,3.0,0.0,210.32846715990073,0.9733908544942799,0.026609145505720133,0.013243274290092977,2.038127058455016,-1406.3050985704792
440,-206.74001097441308,0.9846254251751192,0.20896415730530823,4.0,15.0,0.0,207.56218543870023,0.9844143284726239,0.01558567152737611,0.06427254339071518,-0.1788257190815141,-1399.2237573686207
441,-204.95127025742235,0.9983948927685165,0.25876163502854627,3.0,9.0,0.0,205.4219484523538,0.4326395152086889,0.5673604847913112,0.20481896187919854,-0.2405156906671839,-1405.9643381523583
442,-204.79786726122893,0.9686740888051901,0.2656976855392141,4.0,15.0,0.0,207.48325133282384,0.8456752232672491,0.1543247767327509,0.1633423630448284,-0.2836300976682554,-1400.534676473581
443,-208.1534036784611,0.9964952565340021,0.23297427099948412,4.0,31.0,0.0,208.8152886702215,0.9726410710303,0.027358928969700047,0.04857580806186339,2.233289600089814,-1408.5134644746447
444,-205.8199666549172,0.8523522572886517,0.20896415730530823,3.0,7.0,0.0,207.7881616634713,0.9593264996714348,0.040673500328565204,0.0717272712965461,0.12193807142904811,-1399.3299782827908
445,-204.25201518340322,0.9605064011688533,0.25876163502854627,3.0,11.0,0.0,205.64397128437378,0.30713567681630893,0.6928643231836911,-0.14698320401908566,0.09303277030881037,-1400.2078391679918
446,-205.16035882816504,1.0,0.2656976855392141,3.0,7.0,0.0,205.20519029796205,0.8864077705273316,0.11359222947266845,0.04965124223612831,-0.37623908124409644,-1401.2149332072581
447,-209.27428603216313,0.6592615256644745,0.23297427099948412,2.0,7.0,0.0,210.6823137655539,0.9890411041157581,0.010958895884241926,0.15748943473441349,2.412123278519838,-1409.3151907250121
448,-205.31352532082397,0.758355127741176,0.20896415730530823,3.0,7.0,0.0,207.4655605932267,0.8022050396561772,0.19779496034382282,0.23228284043899086,-0.09704433642045901,-1405.484274854078
449,-204.56967333119528,0.8809901574072365,0.25876163502854627,2.0,5.0,0.0,205.33872582565476,0.5170862469465776,0.48291375305342243,-0.09631007797793047,0.03194571928246397,-1403.5240969533531
450,-205.06612674030845,0.7908115917493125,0.2656976855392141,2.0,7.0,0.0,207.21707297894588,0.8203348461143993,0.17966515388560067,0.2343384355612652,-0.3679931722693497,-1403.1559720188427
451,-205.61626693588585,0.9706450618642316,0.23297427099948412,4.0,21.0,0.0,209.697001747986,0.8742860452606559,0.1257139547393441,0.09775421968246378,0.580563812975129,-1404.794594249651
452,-205.93486772890776,0.9619273193796681,0.20896415730530823,2.0,3.0,0.0,206.26329147240506,0.6856155235632048,0.31438447643679523,-0.00484533089378876,-0.3071523914287305,-1411.8657060303753
453,-204.72059743786556,0.9922758687268147,0.25876163502854627,3.0,11.0,0.0,204.95163686291878,0.6208327457290747,0.37916725427092535,0.08700323997886057,0.2678028626517027,-1404.0994542964027
454,-204.86136378747432,0.8698943558988189,0.2656976855392141,2.0,3.0,0.0,206.02661984924762,0.7635033282111116,0.23649667178888845,0.24717909335561936,-0.4773808565712172,-1403.0589120769484
455,-204.96440971570527,0.9313019441483502,0.23297427099948412,3.0,11.0,0.0,206.10807572534617,0.8843691390862717,0.11563086091372832,0.02031892388241524,0.4826233564640852,-1399.8912104737783
456,-204.68882446231706,0.9468862637548839,0.20896415730530823,2.0,7.0,0.0,207.81345748722555,0.737427939749988,0.262572060250012,0.198351009143708,-0.44415061958797997,-1402.3947322810288
457,-206.3987011705924,0.9286617017169071,0.25876163502854627,4.0,15.0,0.0,206.89387579231416,0.03177824786169978,0.9682217521383002,-0.8537272647639993,0.03880861221607727,-1401.0733340424447
458,-204.7319465346359,0.960539596300748,0.2656976855392141,2.0,3.0,0.0,205.0716563021682,0.7320452894465799,0.26795471055342013,0.13545719188103467,-0.39432189478252677,-1402.836381740657
459,-204.50487225392436,0.8959339967921989,0.23297427099948412,3.0,9.0,0.0,205.55863954103893,0.30414175523784104,0.695858244762159,-0.2684406904701566,0.2582134755624342,-1401.8229670498913
460,-205.09542117350517,0.8500836585535452,0.20896415730530823,3.0,11.0,0.0,206.588021814017,0.7586020562727579,0.2413979437272421,0.2820963862136888,-0.2721237526802163,-1404.889812146458
461,-206.05612343620845,0.9945403398232765,0.25876163502854627,2.0,7.0,0.0,207.00742752271012,0.07685299925294421,0.9231470007470558,-1.0561726077620328,0.13395074439209081,-1404.12985134545
462,-204.8149146478254,0.9815091847773462,0.2656976855392141,3.0,11.0,0.0,206.2645079831775,0.7320446450329459,0.26795535496705414,-0.05094400614569713,0.5667634976150084,-1403.2800144981404
463,-204.4852902878051,0.9750868933222495,0.23297427099948412,3.0,15.0,0.0,205.606268791812,0.5499620943215975,0.4500379056784025,-0.12812634715696075,0.4005737789604063,-1402.7361149945623
464,-204.8444351513719,1.0,0.20896415730530823,1.0,1.0,0.0,205.13141790808422,0.7491663117101605,0.25083368828983954,0.2633978760346718,-0.26756735461120534,-1403.3453993388016
465,-206.28021730979654,0.9970327731113185,0.25876163502854627,2.0,3.0,0.0,206.31281266059815,0.06910093150166999,0.93089906849833,-1.1627788635359788,0.1294578735817063,-1404.7978909006747
466,-205.00669849420822,0.8280296929638952,0.2656976855392141,3.0,11.0,0.0,206.38545029221476,0.8367119020408536,0.16328809795914645,0.1643961712319285,-0.0064803063630699265,-1402.3627432861697
467,-204.32159509062797,0.9991830912455942,0.23297427099948412,2.0,7.0,0.0,204.62253830768637,0.5545175535724185,0.4454824464275815,-0.10432582057033431,0.35561338320398816,-1401.626185919498
468,-205.34164422283826,0.8528708259654117,0.20896415730530823,2.0,3.0,0.0,206.7115738187459,0.5686323558639871,0.4313676441360129,0.22353314812275496,-0.4165653140347468,-1408.5492697463944
469,-207.61226173729966,0.8798626821237946,0.25876163502854627,3.0,7.0,0.0,207.96380390643404,0.016200520721510528,0.9837994792784894,-1.5962673265060314,0.1360843183575409,-1403.3270160091054
470,-205.3488303432832,0.9965653894481751,0.2656976855392141,2.0,3.0,0.0,205.42411535230832,0.8785629644576911,0.12143703554230889,-0.01725250342103199,-0.11740213510885777,-1403.0289465916223
471,-206.13201908896897,0.9657405513893055,0.23297427099948412,3.0,15.0,0.0,206.49617415758837,0.03639936899161075,0.9636006310083892,-0.8166203049976721,0.08109036785484798,-1400.1851149093532
472,-205.1631235091544,0.9725520980512001,0.20896415730530823,3.0,15.0,0.0,207.10798652001503,0.08220531688050985,0.9177946831194902,0.16603807906079915,0.03195917875046876,-1399.3401343743426
473,-207.37311770662117,0.9456926138009755,0.25876163502854627,3.0,7.0,0.0,208.33193975689295,0.01618395251532281,0.9838160474846772,-1.3904529450601997,0.12890013338045853,-1402.2005428062182
474,-204.21201167996975,0.9801077942100489,0.2656976855392141,3.0,7.0,0.0,205.8960994451215,0.4136089391669811,0.586391060833019,0.3162880203998849,-0.061992575226650894,-1400.771358595937
475,-204.37349943440137,0.809094327738124,0.23297427099948412,4.0,15.0,0.0,209.20335555445087,0.20469364877207782,0.7953063512279221,0.08377822867535871,0.056755951468926175,-1399.2138456706589
476,-205.26005660285398,0.9202581621801966,0.20896415730530823,2.0,7.0,0.0,207.9510945500858,0.31150856680432054,0.6884914331956795,0.5650688621283051,-0.015858225779064247,-1406.9752665024112
477,-208.23037342995417,0.7759960429271295,0.25876163502854627,2.0,3.0,0.0,209.45113273045226,0.015772005277869164,0.9842279947221309,-1.3691785426834475,0.19835059337981684,-1407.978109668401
478,-205.5198683997408,0.8877855309440015,0.2656976855392141,3.0,7.0,0.0,206.336877047016,0.27908500791017177,0.7209149920898282,0.712697948333962,-0.2091633223768592,-1408.128192015852
479,-204.15211866964947,0.9748376135055803,0.23297427099948412,3.0,15.0,0.0,205.3268443928758,0.5667561322083122,0.4332438677916878,-0.05154408850586953,0.28067854749580573,-1400.4621296499286
480,-204.7816184606574,0.9904482324026197,0.20896415730530823,1.0,3.0,0.0,205.3944212865478,0.2673393561507513,0.7326606438492487,0.5816767213887445,-0.12022175470793037,-1403.0148968402148
481,-208.17150674747907,1.0,0.25876163502854627,3.0,7.0,0.0,208.43840036615015,0.05772088539953939,0.9422791146004607,-1.514956726230772,0.24897207495039253,-1415.850006474342
482,-205.7260243538278,0.9260213328301237,0.2656976855392141,3.0,7.0,0.0,206.35672281451653,0.054831150753472786,0.9451688492465272,0.6421337173015524,0.06198049027131435,-1400.2994890298085
483,-204.48783360573128,0.880477061490439,0.23297427099948412,2.0,7.0,0.0,205.41709450008574,0.5841076794179394,0.4158923205820606,-0.1607816761520683,0.18279796960554065,-1402.7262722124567
484,-205.4180926500495,0.9097546270092722,0.20896415730530823,2.0,7.0,0.0,206.32986130894326,0.13202311522689833,0.8679768847731016,0.7735757508389376,-0.0937156549588341,-1403.4888703849595
485,-210.16381133175292,0.7754983295718568,0.25876163502854627,3.0,7.0,0.0,210.6385422262219,0.034341165606865634,0.9656588343931344,-1.2554280286597168,-0.1377721061158805,-1426.8526059474598
486,-209.02615820562136,0.9611725723147636,0.2656976855392141,4.0,15.0,0.0,210.26692264714526,0.006267318445065476,0.9937326815549345,-0.8828781339258985,0.19644033371340913,-1408.1128022871771
487,-204.20566975115014,0.9895993644723318,0.23297427099948412,4.0,15.0,0.0,205.6963211741511,0.6612663495651974,0.33873365043480264,-0.0679543044507337,0.19427858340932536,-1400.2312477595326
488,-205.93771217037803,0.9129975928844353,0.20896415730530823,4.0,15.0,0.0,206.6933955353082,0.04179004291786354,0.9582099570821364,0.6638675816412487,0.007407977501200244,-1399.9590475778057
489,-209.94256591663677,0.9951211463447908,0.25876163502854627,2.0,7.0,0.0,210.68522749406986,0.023285887195366343,0.9767141128046336,-0.9311123454307588,0.30104231801071857,-1423.2697339847366
490,-212.74483994797242,0.8263666707752724,0.2656976855392141,4.0,23.0,0.0,218.60455338147852,0.022403582892459924,0.9775964171075401,-4.386033349143823,0.1661172819769474,-1426.558789340079
491,-204.42182479754774,0.8662557602118561,0.23297427099948412,3.0,11.0,0.0,205.54561036342463,0.6106836049713075,0.38931639502869253,-0.039532324294787036,0.36679203778443525,-1402.0551606670708
492,-205.58123328244275,0.9346564170573127,0.20896415730530823,3.0,15.0,0.0,208.30672314649212,0.10545579851384534,0.8945442014861547,-0.13568221494608262,-0.026068426116207064,-1403.779817031772
493,-207.36913120897006,1.0,0.25876163502854627,2.0,3.0,0.0,210.6098549408822,0.12975609175827132,0.8702439082417287,-1.2031908002629164,0.10041288775340448,-1416.1301167856718
494,-212.0137384129198,0.9303454928525426,0.2656976855392141,2.0,3.0,0.0,213.97049589255687,0.0037572991354588537,0.9962427008645411,-4.243943003123908,-0.06520869000548213,-1410.3840684288177
495,-204.06818461424035,0.9993767224496902,0.23297427099948412,3.0,15.0,0.0,205.16854924773162,0.628208872728604,0.37179112727139596,-0.029997804975474596,0.14899657143463285,-1399.5871460949863
496,-205.1091027568865,0.9891862844698225,0.20896415730530823,3.0,11.0,0.0,206.82685828653695,0.14040716277260368,0.8595928372273963,0.580195294376479,-0.07961403567254859,-1401.9408629851437
497,-204.31294934503362,0.9466599865336182,0.25876163502854627,4.0,19.0,0.0,207.41603542151893,0.535400359136801,0.46459964086319905,0.2591516425675824,-0.03852849070997491,-1401.6736863295175
498,-209.95272513599042,0.9508143304507997,0.2656976855392141,4.0,31.0,0.0,212.48519505259813,0.015457604656846476,0.9845423953431536,-3.1057042951612375,-0.012146065679511653,-1413.0628489515916
499,-204.37861847791322,0.9209292902039758,0.23297427099948412,3.0,7.0,0.0,204.97389970845825,0.7802240444031286,0.21977595559687135,0.04545488397111146,0.20972056017446056,-1399.5771303600523
500,-204.8107783219149,0.9522758790556816,0.20896415730530823,2.0,7.0,0.0,205.67302398914586,0.19687604575134687,0.8031239542486531,0.5193747615819195,0.013109675219893493,-1401.8088142250751
501,-204.09590410698476,0.8837971798126518,0.25876163502854627,4.0,15.0,0.0,205.97285957394726,0.37584078652724967,0.6241592134727503,-0.05181609991792818,0.16678971797011685,-1399.8023930359159
502,-209.7432381638029,0.978892600088558,0.2656976855392141,2.0,3.0,0.0,210.08985587217526,0.01935457820419465,0.9806454217958054,-3.103591610758383,0.09546702725046188,-1413.1450090784272
503,-204.9272604198511,0.9929709319775701,0.23297427099948412,3.0,15.0,0.0,205.36868683986825,0.17870322197356517,0.8212967780264349,0.07890386038432769,-0.04235134367275632,-1402.3251517271372
504,-204.4758434975848,0.8513152140754574,0.20896415730530823,2.0,3.0,0.0,205.8529651525164,0.25140321413698474,0.7485967858630153,0.32663463862709224,-0.08555887922009955,-1400.8329508602862
505,-204.71220317417567,0.8959453155805766,0.25876163502854627,3.0,15.0,0.0,207.2364016229839,0.3793547840314059,0.6206452159685941,-0.3473331822108463,0.1848233843497878,-1403.9775951329937
506,-209.42018820693016,0.8893790680807527,0.2656976855392141,4.0,31.0,0.0,211.80281358984047,0.009856755992331632,0.9901432440076684,-2.94708543764724,0.12337184069155128,-1407.1312868561204
507,-204.53204994732997,0.9813933857609423,0.23297427099948412,3.0,15.0,0.0,206.1530605261119,0.2811463438766279,0.718853656123372,-0.2825639317157217,0.24533307116361286,-1401.6910907532322
508,-204.21364190721343,0.9788379966598791,0.20896415730530823,2.0,7.0,0.0,204.9055624240514,0.3675925299531554,0.6324074700468446,0.3244351813807701,-0.05003902190873554,-1400.4863878494914
509,-204.36226736266772,0.98713658537444,0.25876163502854627,2.0,3.0,0.0,204.77318173802263,0.2946707632291344,0.7053292367708657,-0.2789944145005298,0.21109176570606478,-1400.726849577932
510,-209.09138169812186,0.9133246100321094,0.2656976855392141,3.0,11.0,0.0,210.09645020223007,0.00707537926925609,0.992924620730744,-2.772880741227228,0.03956782767984933,-1403.46136955571
511,-205.74169241264693,0.7571724233671396,0.23297427099948412,1.0,3.0,0.0,207.2711343766329,0.159471240062263,0.840528759937737,-0.1532554550032286,0.24531431964032246,-1407.2590844185847
512,-204.14750567166774,0.9995920558525762,0.20896415730530823,4.0,15.0,0.0,204.40405437911184,0.6902956644855774,0.30970433551442256,0.11499051152317441,-0.11078360607732325,-1399.521900476665
513,-204.04007882048157,0.9998829391653717,0.25876163502854627,4.0,15.0,0.0,204.39922975858818,0.4337840694466898,0.5662159305533102,0.07143010255582283,0.10549582699286636,-1399.7465093512546
514,-209.45294108945828,0.9583562307623714,0.2656976855392141,3.0,7.0,0.0,210.09300175200045,0.014426469018042622,0.9855735309819573,-3.0796415711136715,0.08379814194749267,-1409.274068330973
515,-207.5085292047213,0.9804419182746212,0.23297427099948412,3.0,7.0,0.0,208.55385312197038,0.14546961288116875,0.8545303871188312,-0.41903700150924167,0.35902903997836294,-1418.7526074196405
516,-204.31704022808037,0.9822603223506443,0.20896415730530823,3.0,7.0,0.0,204.71726648097612,0.7776052064049754,0.22239479359502456,0.07268020993293664,-0.018363070528527068,-1399.2452731458561
517,-204.6413485362488,0.9060300556011475,0.25876163502854627,3.0,7.0,0.0,207.01850318250797,0.8430346761127018,0.15696532388729822,0.007118788400248086,0.3379444652903275,-1399.5429181142651
518,-208.53473326434397,0.8542337728338285,0.2656976855392141,4.0,31.0,0.0,210.4282057237709,0.010074315994667358,0.9899256840053327,-2.3906811267986563,0.040326148872710035,-1403.7402784692058
519,-206.83543821298022,1.0,0.23297427099948412,2.0,3.0,0.0,207.86916872482948,0.33635448381410893,0.6636455161858911,-0.6372052964476956,0.15204124757424667,-1418.0391870855187
520,-204.5705036559818,0.9671901302779978,0.20896415730530823,4.0,15.0,0.0,205.01166351871802,0.1595370148541796,0.8404629851458204,0.13594082407902428,0.042060413783996484,-1399.225866029034
521,-204.48093270368682,0.9408360385328179,0.25876163502854627,3.0,15.0,0.0,205.01911443327435,0.17737532026034228,0.8226246797396577,0.04654100652304678,0.05811991734020908,-1399.2038046933842
522,-209.1240159469467,0.4364722590572582,0.2656976855392141,2.0,7.0,0.0,212.17567030344105,0.023211358238546878,0.9767886417614531,-2.201376913871035,0.20004677041350707,-1414.2016493938465
523,-207.00012832815491,0.9187513060979996,0.23297427099948412,3.0,7.0,0.0,209.6663543434377,0.018116754369459004,0.981883245630541,-0.2289385545756983,0.13887865845869818,-1402.011583952142
524,-205.88166497327518,0.7787214889393447,0.20896415730530823,4.0,19.0,0.0,208.483227380873,0.05960187262085482,0.9403981273791452,-0.7671689800184003,0.15239356090500064,-1401.747074977377
525,-205.47334680201038,0.9417547425878665,0.25876163502854627,3.0,7.0,0.0,205.79294085933427,0.07836022167307015,0.9216397783269299,-0.11052003702968578,0.13889247164300864,-1401.1785367639854
526,-209.2864246524609,0.9772427199803114,0.2656976855392141,2.0,3.0,0.0,209.71638873532228,0.01994457263972478,0.9800554273602752,-2.2181646270722903,0.20655765368878506,-1414.2324420305727
527,-204.91823311463472,0.9970434893105851,0.23297427099948412,4.0,15.0,0.0,207.63953960863356,0.7143565605737314,0.2856434394262686,0.12007053357862069,-0.3998881149128112,-1404.3954043071592
528,-205.8258830629812,1.0,0.20896415730530823,2.0,3.0,0.0,205.91387864439346,0.0563326912336593,0.9436673087663408,-0.7624595997293777,0.1320053731257675,-1401.0072662924686
529,-205.0753829516079,0.9762737287201905,0.25876163502854627,4.0,15.0,0.0,206.02467956785728,0.12278467279721829,0.8772153272027817,0.14605451554766793,-0.025418637200584564,-1401.1988519905983
530,-209.31884742160696,0.5720577167761446,0.2656976855392141,4.0,27.0,0.0,213.14286839040608,0.005008958046136924,0.9949910419538631,-2.7060730773170842,0.01475742858446999,-1402.9783417883978
531,-205.12547076508312,0.9995128738651269,0.23297427099948412,3.0,15.0,0.0,205.7047294277037,0.0959862702218848,0.9040137297781152,0.25173058242555146,0.08037680628925677,-1400.0105212487886
532,-206.80353924935287,0.6789208703681349,0.20896415730530823,3.0,9.0,0.0,210.2948727343472,0.02816891323835526,0.9718310867616448,0.1043635843669092,0.15372259140840555,-1403.6635707265073
533,-205.98754828917797,0.9567621268423699,0.25876163502854627,3.0,15.0,0.0,208.4327732730444,0.6662389261844178,0.3337610738155822,0.04281518190713923,-0.3871238282786914,-1412.3952139254964
534,-209.38342970857454,0.9897366890298154,0.2656976855392141,2.0,7.0,0.0,210.4069064094916,0.026486538957285102,0.9735134610427149,-2.684179271303768,0.12206749361871247,-1414.867177388855
535,-207.403575683478,0.9143945790673719,0.23297427099948412,3.0,15.0,0.0,209.55376718696482,0.011316441916230765,0.9886835580837693,0.8081362615820207,-0.009159153814408324,-1401.0934418081279
536,-206.0064733297918,0.9469069338469499,0.20896415730530823,3.0,7.0,0.0,208.3981721407118,0.040396837847911926,0.9596031621520881,-0.05407002632886301,0.007776788900261511,-1400.5878698795589
537,-205.21273715178458,1.0,0.25876163502854627,2.0,3.0,0.0,206.1058574910386,0.6281529940851898,0.37184700591481024,0.13175898780134404,-0.37781476192727453,-1407.37555932795
538,-208.81786211864528,1.0,0.2656976855392141,2.0,3.0,0.0,209.3804311494353,0.01330129838469291,0.986698701615307,-2.644902290631286,0.042357491769271866,-1406.4874662617244
539,-209.04088845948897,0.9535738545117878,0.23297427099948412,3.0,15.0,0.0,211.82466861493575,0.001732367729194144,0.9982676322708058,-0.3167047587885633,0.09776232235696265,-1399.975116672339
540,-206.40024453129595,0.8519743691331829,0.20896415730530823,3.0,11.0,0.0,208.10926933542387,0.06355733389599214,0.9364426661040078,-0.33453157326194105,0.2069566225822863,-1406.1386709694907
541,-204.7629369000939,0.9736179747415736,0.25876163502854627,1.0,3.0,0.0,205.54343804506965,0.6667918294707615,0.33320817052923846,0.25239319194556975,-0.43472413674486016,-1403.8429743952997
542,-209.25290614112083,0.6570407892354276,0.2656976855392141,2.0,3.0,0.0,210.35259474877347,0.027378503688655274,0.9726214963113448,-2.6336544257923613,0.04754940741098934,-1414.4309290882961
543,-207.10233319612692,0.9305495227489105,0.23297427099948412,4.0,15.0,0.0,210.32100047611155,0.16743054625025702,0.832569453749743,-0.7812830229827068,0.36617643159988383,-1416.358176778755
544,-205.2767902809269,0.9928243336960226,0.20896415730530823,3.0,15.0,0.0,209.08884513378308,0.14753394971663897,0.852466050283361,-0.49101747441400967,0.22701662613842044,-1403.4271713206876
545,-205.8440646164663,0.9967829882735559,0.25876163502854627,3.0,7.0,0.0,205.9546535123405,0.9491387704244931,0.05086122957550687,0.1216078133482987,-0.7086386049126747,-1400.5376454227203
546,-211.3230278725399,0.730599851544763,0.2656976855392141,3.0,7.0,0.0,213.34479276779908,0.058655490412585574,0.9413445095874144,-2.4655038599661663,0.21176179402413384,-1434.4718085880188
547,-208.14633644219484,0.7679255418358573,0.23297427099948412,1.0,1.0,0.0,208.28746940858554,0.14277325984915795,0.857226740150842,-0.7940446836315613,0.39599448729305636,-1422.634041250856
548,-204.20842808026367,1.0,0.20896415730530823,4.0,15.0,0.0,205.30941360905825,0.7336015396672207,0.26639846033277925,0.10000943074057186,-0.07274957960885681,-1399.331375440929
549,-205.99777194557592,0.939560263967395,0.25876163502854627,3.0,7.0,0.0,206.272831785213,0.9562464087500459,0.04375359124995415,0.06720142579344872,-0.7786299221323112,-1400.5301351083845
550,-208.96677311205104,0.43431451972508145,0.2656976855392141,2.0,3.0,0.0,213.91853715163123,0.025819709393404153,0.9741802906065958,-2.4643369226919245,0.024461898396350212,-1412.807285654753
551,-207.78694991402097,0.9822217317070562,0.23297427099948412,3.0,7.0,0.0,208.83344418166052,0.13098191493684783,0.8690180850631521,-0.8786926268196472,-0.025438428612348324,-1419.663000350299
552,-204.89167284966948,0.9586157671203391,0.20896415730530823,2.0,7.0,0.0,205.05315403202025,0.8391678573886767,0.16083214261132328,0.011449324386430591,-0.11727955207713493,-1401.4951170126428
553,-205.46255480240043,1.0,0.25876163502854627,4.0,15.0,0.0,206.29226913811584,0.08042784488531174,0.9195721551146883,0.24310194926847573,0.11060469706844886,-1401.2339909519953
554,-205.37080389493656,0.930455099001723,0.2656976855392141,4.0,19.0,0.0,209.98077945500842,0.07563458268838434,0.9243654173116157,-0.5332658642595185,0.10330746742358185,-1400.0184823168408
555,-207.04263241822184,0.9810063816972961,0.23297427099948412,2.0,3.0,0.0,208.25810968075848,0.04517253213070937,0.9548274678692906,-0.7726358401310988,0.22304495729577928,-1407.9269538669425
556,-204.60867594929883,0.99627376214092,0.20896415730530823,3.0,7.0,0.0,205.17603747102817,0.6041278677117027,0.3958721322882973,0.275020901861772,-0.35902346029097965,-1403.3275867073407
557,-205.84749031729936,0.9824765773071139,0.25876163502854627,3.0,11.0,0.0,207.8693752426167,0.05487148298447529,0.9451285170155247,-0.46592456868241294,0.024115646128480613,-1401.3147380194898
558,-205.41574325824539,0.9409642486464139,0.2656976855392141,2.0,7.0,0.0,206.15033844432077,0.07502774005074604,0.9249722599492539,-0.3487311662986295,0.042686037220188565,-1400.4259784625317
559,-206.8176897700079,0.998264127278376,0.23297427099948412,3.0,7.0,0.0,207.2998413352579,0.17839154662272627,0.8216084533772737,-0.805306719522899,0.051383758148358896,-1414.8190061925673
560,-204.03193714965826,0.9983009882321904,0.20896415730530823,3.0,15.0,0.0,204.71196897555276,0.6257802421486792,0.3742197578513208,0.04111706340212784,0.03657016232227947,-1399.3723084608996
561,-204.2713960530546,0.9961299307514874,0.25876163502854627,3.0,11.0,0.0,206.05977963169994,0.35116381701814364,0.6488361829818563,-0.23273424861998215,0.2344253522801546,-1400.7454871194968
562,-204.33394222312842,0.562469892730281,0.2656976855392141,2.0,7.0,0.0,210.04887526838627,0.7111866612588025,0.2888133387411975,0.05901212808466244,0.22443590788803514,-1400.5088060961418
563,-206.62980913705988,1.0,0.23297427099948412,3.0,7.0,0.0,207.26429194890716,0.02254737282052789,0.9774526271794721,-0.5699730886538517,0.019468456633904133,-1400.7146259119195
564,-204.48679748035028,0.9896606558285265,0.20896415730530823,3.0,11.0,0.0,204.5263837704434,0.1822452502312547,0.8177547497687453,0.2325497910103477,0.01867827956079722,-1399.3481907666287
565,-204.06533723536842,0.9975888118678315,0.25876163502854627,3.0,15.0,0.0,204.5747940829917,0.6408498981277044,0.35915010187229557,0.07791341748763508,0.08708786628788512,-1399.4743010316386
566,-204.2904578824421,0.9862892896211792,0.2656976855392141,4.0,15.0,0.0,204.597300776248,0.2551008995839913,0.7448991004160087,-0.1805585778935348,0.14123338962069076,-1399.6720784553747
567,-205.98960409243898,0.9909372424992862,0.23297427099948412,3.0,7.0,0.0,206.84974137325366,0.21344608469900048,0.7865539153009995,-0.6309667881198827,0.07620325976010608,-1410.2503496790212
568,-205.87327868123543,0.839156526284545,0.20896415730530823,2.0,3.0,0.0,206.20051860401168,0.156408506653662,0.843591493346338,0.342520861821341,0.16195881447666713,-1408.0075084906425
569,-205.30787504111115,0.9204558445247242,0.25876163502854627,4.0,15.0,0.0,205.6137194539767,0.17418995132260434,0.8258100486773956,0.3616959306334735,0.11914555302176995,-1404.6972043072144
570,-205.17874458156257,0.7517004052951454,0.2656976855392141,3.0,11.0,0.0,207.51806151565998,0.7338604568182661,0.26613954318173394,-0.10036156512634223,0.057305646334848095,-1406.0314783474846
571,-205.4715478873374,1.0,0.23297427099948412,3.0,11.0,0.0,206.68328174317523,0.21590687670466643,0.7840931232953335,-0.20626071387579387,0.2800208374845655,-1406.9736186206485
572,-205.87327868123543,0.6951716276592821,0.20896415730530823,1.0,1.0,0.0,207.06784703880712,0.156408506653662,0.843591493346338,0.342520861821341,0.16195881447666713,-1408.0075084906425
573,-204.6136242014772,0.9989327242911609,0.25876163502854627,3.0,7.0,0.0,205.32252528619455,0.41528077702857824,0.5847192229714218,0.4098358661953337,-0.06436173108709806,-1403.4948307652849
574,-204.97978013141258,1.0,0.2656976855392141,2.0,3.0,0.0,205.35358161534475,0.7508085272383611,0.2491914727616389,-0.06832112138914717,0.03135692950118911,-1404.3669254106464
575,-205.34789682496844,0.8949683856806118,0.23297427099948412,3.0,7.0,0.0,207.68340448890467,0.07590363121431778,0.9240963687856822,-0.15962641546411063,0.11871482222448337,-1400.1033552648355
576,-206.86789818408636,0.9931827455922628,0.20896415730530823,4.0,15.0,0.0,207.3521461517832,0.9859089384122476,0.014091061587752418,0.07898867337295375,-0.29986224699903263,-1399.3694220681605
577,-204.2044911566634,0.9864827006392753,0.25876163502854627,3.0,15.0,0.0,205.05914969618587,0.3246561351980534,0.6753438648019465,0.057910700645561364,-0.004642049055841842,-1400.1090668562015
578,-204.34233253767886,0.9010341989295207,0.2656976855392141,3.0,7.0,0.0,206.11829987794445,0.2407720516275523,0.7592279483724477,-0.08847135959702436,0.0620917797159703,-1399.797990560981
579,-204.36044282877685,0.9979477283014113,0.23297427099948412,4.0,15.0,0.0,205.91366638424984,0.7910152796644624,0.2089847203355376,0.07217828040703561,-0.014429979821347506,-1399.2337588590638
580,-207.82568247930027,0.765875488397409,0.20896415730530823,2.0,3.0,0.0,208.43796333019404,0.9901601141601464,0.009839885839853624,-0.03313967645627492,-0.26072079461453523,-1403.5581175617124
581,-204.06163599241862,0.9993972168216516,0.25876163502854627,2.0,7.0,0.0,204.2402772175224,0.5215638567332834,0.4784361432667166,0.1255495129468691,0.06682473711197513,-1400.0013342326126
582,-204.1908103505503,0.9919761307387726,0.2656976855392141,4.0,15.0,0.0,204.94880189586908,0.4534513209228906,0.5465486790771095,-0.18134864163109676,0.18525982367724064,-1400.805802124527
583,-204.27396133871326,0.9988765290173431,0.23297427099948412,3.0,7.0,0.0,204.43405987505415,0.7609704647667032,0.23902953523329684,0.047176523971969954,0.0339399488919553,-1399.29853150779
584,-208.0602359193116,0.9941968258190332,0.20896415730530823,4.0,15.0,0.0,209.0039992719386,0.004363355914916526,0.9956366440850835,-0.4534889658420093,0.03744584836744304,-1399.4799094269474
585,-205.4667147971375,0.875587383438136,0.25876163502854627,3.0,7.0,0.0,206.20612846602742,0.2355643060555741,0.7644356939444259,-0.6334042960012418,0.2936999569461526,-1407.050298735962
586,-205.77788872471382,0.9863795751831087,0.2656976855392141,4.0,15.0,0.0,206.0304978290782,0.4028917771041674,0.5971082228958327,-0.5447285935870355,0.36111845334181303,-1411.2526941862423
587,-204.84091259413944,0.990429285178079,0.23297427099948412,2.0,7.0,0.0,206.07309867528255,0.5178789915723429,0.48212100842765715,-0.09911103679540709,0.4158502168427948,-1405.2480721602105
588,-209.69026322348273,0.5277807689303259,0.20896415730530823,2.0,3.0,0.0,211.76600552101297,0.006339312821140028,0.99366068717886,-0.5891930666598797,0.22956524180355153,-1413.1397906372924
589,-205.4667147971375,0.11935949517311067,0.25876163502854627,2.0,3.0,0.0,211.35369329199102,0.2355643060555741,0.7644356939444259,-0.6334042960012418,0.2936999569461526,-1407.050298735962
590,-205.7906791590485,0.43614782852949746,0.2656976855392141,3.0,7.0,0.0,209.9625677357702,0.06992286907607985,0.9300771309239202,-0.2346042177017037,-0.008370162943865944,-1402.626204308177
591,-204.4864216886919,1.0,0.23297427099948412,2.0,7.0,0.0,204.92204031086766,0.6015420247248704,0.3984579752751296,-0.12494066690477859,0.4344511687336259,-1402.4985806451004
592,-209.6412911388025,0.9696813376083661,0.20896415730530823,3.0,11.0,0.0,213.68052485874057,0.3136207929929347,0.6863792070070653,-0.3847911878588366,0.615516089561724,-1437.0861608128575
593,-205.59842443166522,0.9572087046301959,0.25876163502854627,4.0,15.0,0.0,206.56198568119592,0.9491633682409087,0.050836631759091255,0.06793894082422906,0.10039662720763859,-1399.2713484091596
594,-205.70592816850956,0.6477784156180241,0.2656976855392141,2.0,7.0,0.0,208.84253381664575,0.046373283436400285,0.9536267165635998,0.07327692188025964,0.03535757359584352,-1399.4185586868055
595,-205.9707889744227,0.7989613211087886,0.23297427099948412,3.0,11.0,0.0,206.48730727248505,0.8985608032324974,0.10143919676750257,-0.11080102025554409,0.4601728162743294,-1406.0565102286555
596,-207.41765405487234,1.0,0.20896415730530823,2.0,3.0,0.0,209.87100853746892,0.5750633309881928,0.42493666901180716,-0.39412719722855016,0.16916310085234026,-1422.897906944778
597,-204.87608217723053,0.5816883977296401,0.25876163502854627,3.0,7.0,0.0,208.5515622424024,0.7791644328975567,0.22083556710244334,-0.00446662331331775,-0.11831342156378544,-1403.0649823158606
598,-205.09437528069606,0.9473521983232375,0.2656976855392141,3.0,7.0,0.0,206.3389977274291,0.3074528491484442,0.6925471508515558,0.4374211468020083,0.04802724476292439,-1405.8895457938488
599,-205.92657261357064,1.0,0.23297427099948412,2.0,3.0,0.0,206.8045088050038,0.6537852400457438,0.3462147599542562,0.007138596298498862,0.5820808105477391,-1411.9351049009315
600,-206.67594647703265,1.0,0.20896415730530823,2.0,3.0,0.0,207.67724513341406,0.25854953885613513,0.7414504611438648,-0.30608145247303065,0.4103677367821048,-1416.0302227038205
601,-204.36491640323453,1.0,0.25876163502854627,2.0,3.0,0.0,204.8071138509232,0.7012730340129365,0.2987269659870635,0.19876884748354146,-0.10813166018387292,-1400.86122257453
602,-205.712482063922,0.9847377767609162,0.2656976855392141,2.0,7.0,0.0,206.92428442270898,0.24637659860461805,0.753623401395382,0.6969546561245205,-0.22779551670868445,-1408.9162731326364
603,-205.27509330432227,1.0,0.23297427099948412,4.0,15.0,0.0,206.37001388959217,0.10197782652627758,0.8980221734737224,0.4118941968652037,-0.04636409818234955,-1401.3283536047095
604,-206.4536513175545,0.8944405910637011,0.20896415730530823,3.0,7.0,0.0,208.7265698884578,0.07296501376590257,0.9270349862340974,-0.027764472813151392,0.20309505956528925,-1407.4887085394182
605,-206.42241053035667,0.7447022531173364,0.25876163502854627,3.0,11.0,0.0,208.0019888223744,0.85380967660984,0.14619032339016003,-0.16506613118093738,0.31143948234958974,-1411.4339185481929
606,-205.82630770966588,0.9819480190972465,0.2656976855392141,2.0,3.0,0.0,207.03146014738104,0.3091963846631409,0.6908036153368591,0.653546695793208,-0.2847927266900065,-1410.6955701212746
607,-205.4446699601741,0.9949303955490867,0.23297427099948412,4.0,15.0,0.0,206.102247287557,0.06240802531713023,0.9375919746828698,0.3045165412315476,0.0626300194586969,-1399.4703707466676
608,-206.93283005894008,0.9788289362189104,0.20896415730530823,3.0,7.0,0.0,207.11379179563366,0.06656651784169033,0.9334334821583097,0.0038208378412540045,-0.0974042467621663,-1410.24036676525
609,-205.74954841641548,0.9744405881367532,0.25876163502854627,3.0,11.0,0.0,207.92822995174586,0.927014284500717,0.07298571549928301,-0.0365700393012533,0.906164502368359,-1401.9528460524928
610,-205.15262732690525,0.9857097234224325,0.2656976855392141,2.0,3.0,0.0,206.35527178214878,0.31445497196813754,0.6855450280318625,0.62892524449162,-0.19793025875484255,-1406.1691311419481
611,-204.41234286046284,0.9935090640437946,0.23297427099948412,3.0,7.0,0.0,205.6873393923666,0.43255220327780775,0.5674477967221923,0.3257374652520346,-0.026256980695280416,-1402.2351877429633
612,-205.25221646493685,1.0,0.20896415730530823,2.0,3.0,0.0,206.72138976395294,0.07368614282628068,0.9263138571737193,0.06461270310316886,0.04362632711087158,-1399.2830841738885
613,-205.52467800488293,0.9315372109894217,0.25876163502854627,2.0,7.0,0.0,206.17886078479518,0.85714391687411,0.14285608312589004,0.020222437945108966,0.8105360220852162,-1404.6398050303335
614,-205.7363132417074,0.9754401706839554,0.2656976855392141,3.0,7.0,0.0,206.06648351206502,0.3740816527373505,0.6259183472626495,0.6387540216724078,-0.3000678492702417,-1410.717261835472
615,-204.53406472426954,0.993554583848429,0.23297427099948412,3.0,7.0,0.0,204.63825530147463,0.4042262636958366,0.5957737363041634,0.3592978337091209,-0.018569767372389318,-1402.9251007944258
616,-205.10441168769802,0.9901973301183001,0.20896415730530823,4.0,15.0,0.0,206.00273093966496,0.6547219294285702,0.3452780705714298,-0.09280552516833764,0.5817176494948472,-1406.2399658343581
617,-204.39806666105056,0.9754689147432187,0.25876163502854627,3.0,11.0,0.0,206.53825912590682,0.4167834620330753,0.5832165379669247,0.13911860290642328,-0.12343043462125564,-1402.131730503131
618,-203.9683006984459,0.9828472325426559,0.2656976855392141,3.0,7.0,0.0,206.01204735037652,0.4886731706683293,0.5113268293316706,0.1431383660005647,-0.00364922082168348,-1399.365675043724
619,-206.76886119257745,0.7989023744044029,0.23297427099948412,4.0,23.0,0.0,209.03203626130784,0.015928764476909867,0.9840712355230902,-0.2559618423290401,0.08776266688202064,-1399.5390103915618
620,-205.19012340811975,0.9989440444122154,0.20896415730530823,3.0,7.0,0.0,205.65442871334,0.7833012901477809,0.21669870985221906,-0.03844760245341797,0.7047786920856489,-1404.7221835915861
621,-204.25191043827522,0.9028534541238985,0.25876163502854627,2.0,7.0,0.0,206.09963517523713,0.6794493204636552,0.32055067953634475,0.1881130935564026,-0.09732510363166497,-1400.3547640566946
622,-203.9606115386132,0.9960240713076498,0.2656976855392141,3.0,11.0,0.0,204.20564549942682,0.5286547278304816,0.4713452721695184,0.05220654956500487,0.09291659403415697,-1399.3012757161398
623,-205.18683504509286,1.0,0.23297427099948412,3.0,7.0,0.0,207.08774160483762,0.0791214551214704,0.9208785448785296,-0.07258243494620303,0.07905613719277738,-1399.277716391867
624,-204.98988070223047,0.9797758650438197,0.20896415730530823,2.0,3.0,0.0,205.3475920323235,0.7878345980205618,0.21216540197943823,-0.09818102961552755,0.6722722004663442,-1403.2643811941432
625,-204.26132067965116,0.8418153421971185,0.25876163502854627,2.0,3.0,0.0,205.15392577227175,0.643980630740012,0.356019369259988,0.1772079975099607,-0.007894945894436338,-1400.7859130100105
626,-204.46005217510466,0.9858807863083645,0.2656976855392141,3.0,11.0,0.0,204.70623191793905,0.18703308330695775,0.8129669166930422,0.011480617227911289,0.04788280415790131,-1399.346914965836
627,-207.93326246221235,0.6853350104256125,0.23297427099948412,3.0,11.0,0.0,210.36302474826905,0.9608218241963179,0.0391781758036821,0.24040876607533954,-0.08590114834649751,-1413.6411284008645
628,-204.29159132141572,0.8217916784088285,0.20896415730530823,3.0,11.0,0.0,206.55687360430525,0.7637147195969811,0.23628528040301888,0.10801638232227731,-0.06992231937092483,-1399.3540362152844
629,-204.9651397359978,0.966973852709867,0.25876163502854627,3.0,9.0,0.0,205.74613940638724,0.12889692116077958,0.8711030788392204,0.295475222859931,-0.03339629615053602,-1400.6672316939523
630,-205.90224640880157,0.2945005536257778,0.2656976855392141,3.0,7.0,0.0,211.79468911861852,0.4405121812033305,0.5594878187966694,-0.16670445608275702,0.48741645383472976,-1412.4185333550531
631,-207.00423648783237,0.9537762296510887,0.23297427099948412,4.0,15.0,0.0,209.10967877018058,0.8434525828579597,0.15654741714204035,-0.15741780055846885,0.050642200406122474,-1415.9252234224323
632,-204.29248650109002,0.9836745334152057,0.20896415730530823,4.0,15.0,0.0,205.04452850108325,0.242300486842313,0.757699513157687,0.018637208966838834,0.10043659247783387,-1399.484535621458
633,-205.2941647608427,0.8808066836822057,0.25876163502854627,2.0,7.0,0.0,207.33420753443983,0.2181298947881056,0.7818701052118944,0.7618383664675067,-0.11470971016035791,-1405.3913705974626
634,-206.3064425498036,0.6380114967385669,0.2656976855392141,3.0,7.0,0.0,207.9690312442026,0.3616036992231723,0.6383963007768276,0.6547618611761049,-0.3560850889150782,-1414.5079658437583
635,-204.58160178752937,0.9733711429195568,0.23297427099948412,2.0,3.0,0.0,207.06839865791792,0.8400285126874232,0.15997148731257682,0.06916722086210339,0.09530862256546262,-1399.3232538349828
636,-204.17443546661266,1.0,0.20896415730530823,2.0,3.0,0.0,204.29617790299076,0.28728870359152037,0.7127112964084796,-0.017555755161133113,0.060071852865348614,-1399.4283221423898
637,-205.31161743624668,0.785641238615419,0.25876163502854627,3.0,7.0,0.0,206.2936370861297,0.08249022789588181,0.9175097721041182,0.4740375006861511,0.061688666635756645,-1400.215018344812
638,-204.39573894872362,0.9601456343333328,0.2656976855392141,2.0,3.0,0.0,206.4712603793988,0.2993884473389491,0.7006115526610509,0.3829563290179825,-0.11187339084856367,-1400.9896689459497
639,-204.04960215956496,0.9610636276347022,0.23297427099948412,3.0,11.0,0.0,205.5571421527458,0.5959817186459722,0.40401828135402784,-0.0560632929131609,0.18395964428572947,-1399.6572404341027
640,-204.32583592224555,0.9333452134931906,0.20896415730530823,3.0,15.0,0.0,205.2537318734798,0.32161946252008866,0.6783805374799113,0.35231268173995006,-0.11239963313680158,-1400.7981901093126
641,-204.5706421888613,0.9593895897759858,0.25876163502854627,4.0,15.0,0.0,206.08609630350216,0.5880844690627598,0.4119155309372402,0.1421823928569313,-0.2548133066957743,-1403.2564477862988
642,-204.2114224926747,0.725020472350613,0.2656976855392141,3.0,15.0,0.0,206.7889066913932,0.33650056090357744,0.6634994390964226,0.0007448178134910471,0.15291205986004958,-1400.2649725535366
643,-205.20034897401698,0.9807862428923102,0.23297427099948412,4.0,31.0,0.0,206.55265590876073,0.13355487521117224,0.8664451247888277,-0.37058483036979434,0.19998225449406562,-1402.4234178275383
644,-204.3669759010296,0.9958484945364233,0.20896415730530823,3.0,15.0,0.0,204.81330726122565,0.5613803976616144,0.4386196023383856,-0.19170845715439067,0.26039380312379945,-1401.9456988830561
645,-204.37807712240766,0.9971020605671724,0.25876163502854627,3.0,7.0,0.0,204.6180138665197,0.6534597875795531,0.34654021242044686,0.11611195006924518,-0.21973617228501352,-1401.4807979460936
646,-204.30276994896766,0.8985269024031401,0.2656976855392141,1.0,3.0,0.0,204.96881256243628,0.38896414483222636,0.6110358551677737,-0.033915769315499444,0.009311536850972857,-1401.3469387351902
647,-204.69711266397525,0.7704514776600939,0.23297427099948412,2.0,7.0,0.0,208.04954848897958,0.5119769267465046,0.48802307325349537,-0.028594008555033357,-0.06053306377507508,-1404.4135437304199
648,-204.21995209784689,0.8015922871984579,0.20896415730530823,2.0,3.0,0.0,205.8519822582767,0.32731184098133376,0.6726881590186662,-0.10371762227359002,0.18705410579613663,-1400.208339396302
649,-204.1137101738505,0.999002447439037,0.25876163502854627,2.0,7.0,0.0,204.67113299087345,0.6103669109688129,0.3896330890311871,0.1806198516494602,-0.05018318261172344,-1400.0159875002614
650,-204.4296415134091,0.9971905171148793,0.2656976855392141,3.0,15.0,0.0,204.6412400094641,0.37508118909486754,0.6249188109051325,-0.21955945860199585,0.11646127425596318,-1402.0751987000697
651,-204.76554437302332,0.920737954738649,0.23297427099948412,3.0,7.0,0.0,206.54221312094015,0.2578393438929153,0.7421606561070847,0.567722206531581,-0.058030653266577754,-1402.7663385071833
652,-204.95916731281915,0.9582267512487219,0.20896415730530823,4.0,15.0,0.0,205.75051029810427,0.6676303061417058,0.3323696938582942,0.3375343195897615,-0.24624420098105787,-1405.2572183183493
653,-204.086873378406,0.9142392367794328,0.25876163502854627,2.0,7.0,0.0,205.38944427230746,0.5168967199998863,0.4831032800001137,-0.12906913115532564,0.22244136908188963,-1400.1409926124675
654,-206.3982483359221,0.9124969826784842,0.2656976855392141,3.0,9.0,0.0,207.32109588982792,0.32948178696251423,0.6705182130374858,0.6096062305374688,-0.3552309583151073,-1414.8884604169973
655,-204.47562791760345,0.922651457413854,0.23297427099948412,4.0,15.0,0.0,205.60241161803597,0.17884880446433282,0.8211511955356672,0.04900961375362638,0.064832431806854,-1399.2110067169458
656,-205.27527377256968,0.9981972523335471,0.20896415730530823,2.0,7.0,0.0,206.44724125013894,0.8169888588873243,0.1830111411126757,0.04406237879873512,-0.41744376678972517,-1404.7121417293695
657,-206.1421740863456,0.9807113729371542,0.25876163502854627,4.0,15.0,0.0,206.41774766145562,0.9679384725473115,0.03206152745268853,0.06940287408533183,0.5471202544819899,-1399.7286008839726
658,-205.41028029648956,0.9908028629154357,0.2656976855392141,3.0,15.0,0.0,207.64883628201446,0.08720832039871208,0.9127916796012879,0.7539495218219234,0.021303196924051443,-1400.9512478490499
659,-204.91566418160477,0.963171673989275,0.23297427099948412,4.0,15.0,0.0,205.82303434633735,0.33829865417470906,0.6617013458252909,0.3996543692855245,0.03769060443609877,-1405.028816761714
660,-204.5296291049973,0.9984781203697428,0.20896415730530823,3.0,7.0,0.0,205.48909102168378,0.6466517541796577,0.3533482458203423,0.2996027041149447,-0.26982946694231535,-1402.5026874438565
661,-205.41093634181132,0.7149990616288306,0.25876163502854627,2.0,3.0,0.0,206.85020711767496,0.93266835015012,0.06733164984988005,0.028007460476151935,0.5134182358308202,-1399.5806978886073
662,-204.67984006954507,0.9864727049449684,0.2656976855392141,3.0,15.0,0.0,205.70602413166984,0.22066505095550928,0.7793349490444907,0.5346926981560403,-0.03564656862017999,-1401.4697098456982
663,-205.4801594205148,0.7767305209263344,0.23297427099948412,2.0,7.0,0.0,208.1612489212537,0.41766648652752153,0.5823335134724785,0.6019498883548879,-0.18822557626899855,-1409.2971177108693
664,-204.35853564894484,0.9992375953700839,0.20896415730530823,4.0,15.0,0.0,204.8827989626269,0.38840030647061813,0.6115996935293819,0.34975907460216205,-0.1700840330813606,-1401.598964842779
665,-204.48189730548916,0.8854458699841548,0.25876163502854627,3.0,15.0,0.0,206.09402306255566,0.7668550176230572,0.2331449823769428,0.07172826460741785,0.2294068417676154,-1400.5689588584416
666,-204.97861785763817,0.9282530116257472,0.2656976855392141,3.0,11.0,0.0,205.70422145529957,0.10826697010426378,0.8917330298957362,0.2277560398736096,0.07257694599935224,-1399.7442297646726
667,-205.06549324636546,0.7603153684150651,0.23297427099948412,3.0,7.0,0.0,206.6994474533308,0.21363444157436107,0.7863655584256389,0.20089742604637437,-0.10393102028757739,-1404.1758582373654
668,-204.67857168094068,0.997631457795812,0.20896415730530823,2.0,7.0,0.0,205.2405919948462,0.2473806964858904,0.7526193035141095,0.4830507091897588,-0.00586054900266704,-1402.0558814155472
669,-204.88040638959663,0.9458562783283397,0.25876163502854627,4.0,15.0,0.0,205.3454394103564,0.11925106653627952,0.8807489334637205,-0.23301032770471383,0.11636929656926262,-1399.6384607752962
670,-204.088764114566,0.9480103506731175,0.2656976855392141,2.0,7.0,0.0,206.15035138279603,0.40898168125779716,0.5910183187422029,0.2547233972891938,-0.08596506260862495,-1399.9238659264345
671,-207.2142760574372,0.9639915248241506,0.23297427099948412,3.0,7.0,0.0,207.66068573011455,0.2557520022794004,0.7442479977205996,0.3032426895521735,-0.29102040112573224,-1419.7735095561795
672,-207.96217695523103,0.9011175858893387,0.20896415730530823,3.0,15.0,0.0,208.8062060562609,0.007886896351669332,0.9921131036483307,1.2293646200357404,-0.0157356680742526,-1401.7407533800763
673,-205.99859428004214,0.8887324757280483,0.25876163502854627,3.0,7.0,0.0,206.31804449270712,0.06980027614635884,0.9301997238536411,-0.1155957823869062,-0.035290942559675964,-1404.0861915016326
674,-205.4034282360127,0.8780901751225445,0.2656976855392141,3.0,7.0,0.0,206.00763832300234,0.07183382517943906,0.928166174820561,0.5414290918786689,-0.0004807874410796831,-1399.9176768077598
675,-204.2579346435173,0.9758768744700747,0.23297427099948412,4.0,31.0,0.0,208.8058935859541,0.4693685275039346,0.5306314724960655,0.1984914390969521,-0.16240862928485572,-1401.3048744536634
676,-207.14971544817976,0.9364602855802627,0.20896415730530823,2.0,7.0,0.0,210.4628724165912,0.06731545112172548,0.9326845488782746,1.5027722260095935,0.052327748896691305,-1409.866144362527
677,-204.59860577136448,0.9098022333581283,0.25876163502854627,2.0,3.0,0.0,207.02193381583535,0.198705628679896,0.801294371320104,-0.15669774244829882,0.16689153249919125,-1400.5791391713822
678,-206.51148076900805,0.9141534426202323,0.2656976855392141,3.0,15.0,0.0,207.18876109461976,0.9179586525210615,0.08204134747893854,-0.08786341757427985,0.012913662754314303,-1408.6595748190355
679,-204.09413924137934,0.9993303158718151,0.23297427099948412,3.0,7.0,0.0,204.3191340960593,0.542786902473825,0.457213097526175,0.19294268319806174,-0.01859102838305534,-1400.1729720960052
680,-207.57984152984017,0.9879113041805615,0.20896415730530823,2.0,3.0,0.0,207.90903786200107,0.0902580568927093,0.9097419431072907,1.562837572350963,0.007821015357285882,-1414.5345477242386
681,-204.14841647499415,0.998853231053493,0.25876163502854627,2.0,7.0,0.0,205.12007037833374,0.33133226377224456,0.6686677362277554,-0.15921133262085405,0.15750973516533703,-1399.7533031229718
682,-205.26004628456604,1.0,0.2656976855392141,2.0,3.0,0.0,206.4458062214541,0.8562059016492656,0.14379409835073442,0.15005898250617658,0.14468565335665132,-1403.3795456391965
683,-204.16406989393266,0.9326721916214603,0.23297427099948412,1.0,3.0,0.0,204.84151876328866,0.5432085665104537,0.4567914334895463,0.06911927803754903,-0.07065042125150162,-1400.6790340453504
684,-207.68079939026836,0.9513507485648264,0.20896415730530823,2.0,3.0,0.0,208.10354373835244,0.05627617259891902,0.943723827401081,1.5227215696942245,-0.11418252879638927,-1412.3177059413208
685,-204.17657856578873,0.9967794729900644,0.25876163502854627,3.0,15.0,0.0,204.38587146601867,0.2836950896388537,0.7163049103611463,0.015584872554548455,0.0992516205319407,-1399.3855829847892
686,-205.29793352209836,0.9714776277878236,0.2656976855392141,3.0,15.0,0.0,206.50310107835554,0.11764016507280023,0.8823598349271997,-0.6889210075538654,0.1257822957171813,-1402.07640934924
687,-205.34803389911087,0.9408214045356676,0.23297427099948412,3.0,15.0,0.0,205.58293733659525,0.08561287416640809,0.9143871258335919,0.6645728837391667,-0.0183640277016405,-1400.5153567382793
688,-207.50422028072296,1.0,0.20896415730530823,2.0,3.0,0.0,207.87747041752343,0.0723958995016304,0.9276041004983696,1.5613379585508278,-0.09052841999138427,-1412.6201907627305
689,-204.33078179265127,0.9732434979877059,0.25876163502854627,3.0,7.0,0.0,204.54605533648495,0.7340865383761424,0.26591346162385765,-0.01194580545507103,0.08796628877393915,-1400.174944165175
690,-205.28185998106002,0.7954292682648757,0.2656976855392141,4.0,19.0,0.0,206.801163058336,0.8856125208320516,0.11438747916794845,0.17058701494285367,-0.16885743170512607,-1402.1708363617288
691,-204.61445265364665,0.9900504032908356,0.23297427099948412,3.0,7.0,0.0,205.62477209080103,0.18091260508532678,0.8190873949146732,0.3755839199128318,-0.03967199225605027,-1400.1143861273079
692,-207.7984281807031,0.9994923763209246,0.20896415730530823,3.0,15.0,0.0,208.9722741846801,0.02149559890634479,0.9785044010936552,1.9253173118666387,0.09266635319724803,-1405.537281999977
693,-205.83314509402936,0.7467865806835631,0.25876163502854627,3.0,7.0,0.0,206.94839673136718,0.7112813044470465,0.2887186955529535,-0.24218902428485672,0.3047429579788049,-1410.7792528713176
694,-204.36875347433403,0.9795359300150708,0.2656976855392141,3.0,15.0,0.0,205.7726393190538,0.6365569637453486,0.36344303625465135,0.2607548302205617,-0.2852212513607785,-1401.488712094687
695,-205.491123775113,0.9889490693857473,0.23297427099948412,3.0,7.0,0.0,205.77040710241576,0.06315400674218476,0.9368459932578153,0.4224060012933831,0.06437004242925126,-1399.793657793465
696,-207.43762650947264,0.9661718619811028,0.20896415730530823,3.0,15.0,0.0,208.9356579835443,0.013671035338589146,0.9863289646614108,1.370389593067655,-0.008772870869634953,-1401.5602648764254
697,-204.53651882074243,1.0,0.25876163502854627,3.0,7.0,0.0,205.8743138082641,0.179315987552553,0.820684012447447,0.11393616818119773,0.010849636513936334,-1399.6401083181
698,-207.5440746006714,0.8439475960561759,0.2656976855392141,4.0,15.0,0.0,208.11351356810832,0.99051462916753,0.00948537083247003,0.053475513663267034,-1.2712896611908482,-1400.0234969153737
699,-205.23956438251685,0.8957889644667866,0.23297427099948412,3.0,7.0,0.0,206.55695548053822,0.4328638507324382,0.5671361492675617,0.5589029815005894,-0.25410254243031616,-1407.7173487952925
700,-207.25144301576148,0.9903189876213199,0.20896415730530823,3.0,7.0,0.0,207.83048251558878,0.05769111688027588,0.9423088831197242,1.5781858150441601,-0.06310749992236117,-1409.372296876242
701,-204.67256882912633,0.7702543360292274,0.25876163502854627,2.0,5.0,0.0,207.57273343013267,0.681663622766872,0.318336377233128,0.14323481939908628,0.15720653090723583,-1403.2348411088165
702,-207.02297308136622,0.9729302979020356,0.2656976855392141,3.0,7.0,0.0,208.04071684364192,0.9782078141034556,0.021792185896544414,0.07961181617300488,-1.433583512233592,-1401.7013140363197
703,-205.04821665016505,0.2058916543422459,0.23297427099948412,2.0,3.0,0.0,210.37567146213124,0.5412584864233395,0.4587415135766605,0.3999984281042366,-0.11345090747027481,-1406.6502548716455
704,-207.60776777620794,0.8807507061269862,0.20896415730530823,2.0,7.0,0.0,209.13775603020298,0.02588985839786848,0.9741101416021315,1.618602007819537,-0.059713886504380365,-1406.4169242032
705,-207.3356525445185,0.9221354762176154,0.25876163502854627,4.0,15.0,0.0,207.36509654624345,0.9478848726500728,0.05211512734992718,0.21922612093619498,0.11897382848042247,-1411.3929277514364
706,-207.39303041124825,0.9262405290723666,0.2656976855392141,3.0,7.0,0.0,207.5189812255324,0.9742472645836265,0.025752735416373462,0.007106957447379839,-1.4613913210798393,-1405.3189938887783
707,-206.90970596807531,0.81967410915109,0.23297427099948412,2.0,3.0,0.0,207.19944441815025,0.5785751706181084,0.42142482938189163,0.5126271677846973,-0.11654726720649158,-1419.2940571643096
708,-207.2464133667767,0.8144287812638501,0.20896415730530823,2.0,7.0,0.0,209.1630778974426,0.014666335059705259,0.9853336649402947,1.412983284749445,0.022936833514021676,-1400.6151264202952
709,-206.324244573797,0.9954439176739277,0.25876163502854627,4.0,15.0,0.0,207.45148071981222,0.02618725327054234,0.9738127467294576,0.6333620378758316,0.028144213684580477,-1399.545643485685
710,-207.24967977196965,0.925857856443818,0.2656976855392141,3.0,7.0,0.0,209.04786392696616,0.9619184146254319,0.03808158537456807,0.08400239566134679,-1.657941853714239,-1406.4075856094628
711,-208.50617308244506,0.9056828963589804,0.23297427099948412,4.0,31.0,0.0,214.8152835410564,0.9929353975712837,0.007064602428716316,-0.03898430574429304,-1.1475104602446737,-1404.9105791610243
712,-206.53710648232953,0.996070960444669,0.20896415730530823,3.0,15.0,0.0,207.50320419990885,0.028453707202876516,0.9715462927971235,1.135866974867039,0.054977792804222325,-1400.803738302615
713,-205.28018312678526,0.933593612104519,0.25876163502854627,4.0,15.0,0.0,207.08357534593736,0.3029160012154465,0.6970839987845535,0.4505023184563557,-0.24264214566033926,-1407.056599204687
714,-208.0483528371687,0.6822487372320923,0.2656976855392141,2.0,3.0,0.0,209.52927417644133,0.9318569056716559,0.06814309432834409,0.09052360704280565,-1.7190851286184368,-1415.5455034557185
715,-206.81377734773767,0.9983617859438435,0.23297427099948412,3.0,15.0,0.0,208.64356039383512,0.9786665630711485,0.02133343692885148,0.12403535628244183,-0.9664526628866598,-1401.0727624740236
716,-206.69818930347788,0.9931960210551626,0.20896415730530823,3.0,15.0,0.0,207.17367619642658,0.03302755296392139,0.9669724470360787,1.4123414078314631,0.021416633355169627,-1402.307444549019
717,-204.49343124293196,0.8081555828041865,0.25876163502854627,3.0,7.0,0.0,206.90403092231895,0.5306957132853138,0.46930428671468616,0.06195514642162506,0.2342121542488736,-1402.9376328426529
718,-208.41166178116856,0.9452478119780411,0.2656976855392141,4.0,15.0,0.0,209.17324608195796,0.9345401464238642,0.06545985357613582,0.2523831603308741,-1.5778912694360065,-1418.1515420871024
719,-204.61720715233682,0.9711328293100416,0.23297427099948412,4.0,21.0,0.0,209.00529442045342,0.8501238919447445,0.14987610805525553,0.05438055365581913,0.053457738850527514,-1399.2083892166324
720,-204.95298955303295,0.9863645317816235,0.20896415730530823,4.0,23.0,0.0,207.4497168318643,0.10642974700281078,0.8935702529971892,0.24942507838582084,0.015922530655295766,-1399.458587736278
721,-204.23456932150364,0.9245310948585951,0.25876163502854627,2.0,3.0,0.0,205.37246806881896,0.6392039094278269,0.3607960905721731,-0.05326231310565721,0.1118652318965671,-1400.6556714709275
722,-205.90405782709297,0.9935818878903367,0.2656976855392141,3.0,15.0,0.0,209.92750563720926,0.9370376343721115,0.06296236562788848,0.021947611087718144,-0.5882900476627351,-1402.4849185930268
723,-204.42410505536714,0.5678461406418395,0.23297427099948412,3.0,9.0,0.0,207.88031207763558,0.2925562318702375,0.7074437681297625,0.24441337750562503,-0.0942760069332888,-1401.1713693620345
724,-206.22282472990324,0.5521332254127295,0.20896415730530823,3.0,7.0,0.0,209.4724976710138,0.03734173723823978,0.9626582627617603,0.498752503279701,0.10688156905610569,-1401.339026069023
725,-204.21310098073678,0.896445182460668,0.25876163502854627,3.0,7.0,0.0,205.1931535241129,0.6449575223403107,0.3550424776596893,0.11295512463514779,0.09862327936350343,-1400.4520671321561
726,-206.3376700941418,0.8183617058223002,0.2656976855392141,3.0,7.0,0.0,207.62556719403702,0.9609495521055887,0.039050447894411255,0.018060044375115325,-0.7413576549329268,-1402.178950589702
727,-204.33057869379823,0.9944172015013074,0.23297427099948412,2.0,7.0,0.0,204.97387171862462,0.562790511148039,0.437209488851961,0.29513441497187526,-0.13307280013320152,-1401.6891413267947
728,-207.34859506131446,0.9833785335601902,0.20896415730530823,4.0,31.0,0.0,208.4956579453788,0.9415862036750446,0.05841379632495536,0.14827980415833944,1.112130674019788,-1411.1911962608335
729,-205.4293132911954,0.9470820261259679,0.25876163502854627,3.0,15.0,0.0,206.6561862412278,0.5252003945043388,0.47479960549566125,0.2626908016145666,-0.4044576970571774,-1409.260834978992
730,-206.18109301497665,0.9788236664140657,0.2656976855392141,2.0,7.0,0.0,206.94533545947127,0.9618970066255251,0.03810299337447487,0.08869156649514673,-0.9317887774796105,-1400.652868523394
731,-204.9653686519721,0.9455095204132533,0.23297427099948412,2.0,3.0,0.0,204.99439153202636,0.5872997378323066,0.4127002621676934,0.35441795993948183,-0.11183903604230287,-1405.941303347839
732,-206.851429730758,1.0,0.20896415730530823,3.0,7.0,0.0,207.43000451190784,0.8366026561280031,0.1633973438719969,-0.01094265958499989,1.1239091975008262,-1414.0419720504772
733,-205.32125984335065,0.8627341268980835,0.25876163502854627,3.0,15.0,0.0,209.60283374458064,0.9171998242726507,0.08280017572734932,0.04349656243372754,0.5773106658204252,-1400.213098465006
734,-205.22917662967848,0.7976333670015672,0.2656976855392141,3.0,9.0,0.0,208.23941806664615,0.6709217565525148,0.32907824344748515,0.3690716770977265,-0.4479445978214524,-1406.9474568043984
735,-205.4417674170208,0.99325721973762,0.23297427099948412,4.0,15.0,0.0,206.0990884701482,0.08616948451939747,0.9138305154806026,-0.11786507668596427,-0.0006078450462808291,-1401.5730568210508
736,-207.19422524439287,0.9675556447187958,0.20896415730530823,3.0,7.0,0.0,207.72001442544837,0.9873212682615993,0.012678731738400728,0.08842206767775641,0.9047872100793092,-1400.27334388163
737,-205.36744589125973,0.6502660484393376,0.25876163502854627,2.0,3.0,0.0,206.43100016958255,0.9255709165064724,0.07442908349352761,0.04268179642144554,0.5448693790610358,-1399.890143146381
738,-206.50811696497422,0.933766422780614,0.2656976855392141,2.0,3.0,0.0,207.495119426923,0.7392397676526752,0.2607602323473248,0.38515409880259965,-0.720273030688883,-1414.5593357321181
739,-205.9721788229162,0.997732565905847,0.23297427099948412,3.0,15.0,0.0,207.54437083194475,0.05382368650074294,0.946176313499257,-0.7921354886597185,0.14843702077569898,-1401.6776422468834
740,-207.19148010034124,0.9713737469926266,0.20896415730530823,4.0,15.0,0.0,208.5681192648612,0.011373563160613906,0.9886264368393861,0.020764429620631505,0.10385186056783248,-1400.217024111817
741,-204.16009066900745,0.9931749132659162,0.25876163502854627,4.0,15.0,0.0,206.2291541914198,0.3751294472951678,0.6248705527048322,-0.1924755299126203,0.2039118297863304,-1400.1990069264398
742,-209.2844310118291,0.8221354761825299,0.2656976855392141,3.0,15.0,0.0,210.60681673996612,0.6525352188876063,0.34746478111239365,0.5814588287827422,-0.765701947510766,-1434.636461902925
743,-205.74787580415227,0.9944465776153173,0.23297427099948412,3.0,7.0,0.0,206.0606663759064,0.07396680668214094,0.926033193317859,-0.7807058523444738,0.06766586252608345,-1402.2061539923866
744,-207.98784355946157,0.873249349046841,0.20896415730530823,2.0,3.0,0.0,208.09060331245252,0.012279027888635647,0.9877209721113643,0.042468136731633785,0.1780075683643882,-1406.2216873776197
745,-205.262207972806,0.806482801416191,0.25876163502854627,3.0,7.0,0.0,206.91849249711117,0.21477458077184905,0.7852254192281509,-0.5862326109455123,0.13247822340189583,-1405.2937351204673
746,-205.4577546326551,0.8876085108012567,0.2656976855392141,3.0,7.0,0.0,210.12486686435247,0.8942493845063008,0.10575061549369924,0.08640386738680506,-0.6948578362087952,-1402.5369943649694
747,-205.2728135862844,0.9799725240301127,0.23297427099948412,2.0,7.0,0.0,206.00672654350214,0.13161617736297446,0.8683838226370255,-0.6946056777253887,0.16180934898440558,-1402.5523198424612
748,-205.8805969376991,1.0,0.20896415730530823,4.0,15.0,0.0,208.44775729362365,0.933018896973255,0.06698110302674498,0.006352030145319945,-0.4517046919437331,-1402.8436082930534
749,-205.22408064777002,0.6476318551081083,0.25876163502854627,2.0,3.0,0.0,207.23742369584005,0.1764438994981729,0.823556100501827,-0.6642952550996389,0.16599323005992578,-1403.9086930457368
750,-205.58399932569833,0.9682961867856043,0.2656976855392141,2.0,7.0,0.0,206.94689918686032,0.9459396682269147,0.054060331773085335,0.08850176281127389,-0.3607229838187128,-1399.4664851259643
751,-205.89230033015392,0.8976990849260108,0.23297427099948412,3.0,7.0,0.0,206.46720338813617,0.25176080739684736,0.7482391926031526,-0.737833996711385,0.27213837499682614,-1410.1884308036956
752,-205.14617312901802,0.9958581024191814,0.20896415730530823,4.0,15.0,0.0,206.83387671815424,0.5343246645502745,0.4656753354497255,0.4672390021206447,-0.24760820688032925,-1407.249301725985
753,-204.24503858469117,0.9591798458782554,0.25876163502854627,4.0,15.0,0.0,205.58310101185094,0.43516301547361713,0.5648369845263829,0.07797919563792423,0.1523787684424052,-1401.156117673635
754,-207.6614270427657,0.9770909166661713,0.2656976855392141,3.0,15.0,0.0,208.56871070358966,0.9723511321505818,0.027648867849418224,-0.025642563989243417,-1.3465745630366828,-1407.9281685888209
755,-206.4462719985976,0.89295428029808,0.23297427099948412,3.0,15.0,0.0,212.1182083057041,0.8815495054459362,0.11845049455406376,0.10784960428370524,0.8402552012423115,-1409.8537190952825
756,-205.5657123995384,0.965748700034171,0.20896415730530823,2.0,3.0,0.0,205.79145135450995,0.5220627720816821,0.47793722791831794,0.5233058571911137,-0.24986012073194516,-1410.1176231482098
757,-204.0400716519911,0.9928576908270564,0.25876163502854627,3.0,15.0,0.0,204.51866139022798,0.4594280434308702,0.5405719565691298,-0.08304988987991785,0.2045809548500491,-1399.7949718201162
758,-207.68722991540875,0.9941957155277926,0.2656976855392141,2.0,7.0,0.0,208.7912226731533,0.9870837715858176,0.012916228414182385,0.15757223625301697,-1.0726198345423397,-1403.504185399321
759,-205.45096022063532,0.6302390042680405,0.23297427099948412,2.0,3.0,0.0,208.59230959199064,0.8703309647941659,0.12966903520583406,0.04255532531677941,0.7395235020596117,-1403.6608483225596
760,-207.2227882266578,0.4836437560348732,0.20896415730530823,1.0,1.0,0.0,207.51749814371277,0.6070708188614288,0.3929291811385712,0.543185588136879,-0.20790690805083106,-1421.2517769049218
761,-204.18424435650908,0.9857663666718999,0.25876163502854627,4.0,15.0,0.0,205.06726038004808,0.6439275540549612,0.35607244594503884,0.004820776780447782,0.023464829779686752,-1400.2806226076195
762,-209.03235306336347,0.9144461053552164,0.2656976855392141,4.0,15.0,0.0,209.9528901226465,0.9758225465830371,0.02417745341696287,-0.04835827373942517,-2.017374557180834,-1414.5461316092383
763,-204.83083160422865,0.8214929535407173,0.23297427099948412,4.0,15.0,0.0,208.6901885915726,0.24474653049638967,0.7552534695036104,0.5177007813588621,-0.14533117503927567,-1403.0096912792842
764,-205.02772069868266,1.0,0.20896415730530823,1.0,1.0,0.0,206.47936231449336,0.5349059765896167,0.4650940234103833,0.45225445854451224,-0.24670635040344394,-1406.4422259505388
765,-204.42429577436303,0.9842334413913002,0.25876163502854627,2.0,7.0,0.0,205.0783121855482,0.7355517993126155,0.2644482006873845,0.20534461406034907,-0.23019228393396965,-1400.7211626814317
766,-207.83624198616118,1.0,0.2656976855392141,2.0,3.0,0.0,208.8058928961178,0.9750221971230275,0.024977802876972488,0.047620995791618756,-1.9634014834655669,-1406.688567687533
767,-205.65178209156278,0.9749022434834154,0.23297427099948412,3.0,15.0,0.0,208.3765828014511,0.6625485806481346,0.3374514193518654,0.42335323412798326,-0.3697846122965369,-1409.971570464965
768,-205.02772069868266,0.4518533851033778,0.20896415730530823,1.0,1.0,0.0,206.50642923366712,0.5349059765896167,0.4650940234103833,0.45225445854451224,-0.24670635040344394,-1406.4422259505388
769,-204.31218486045887,0.8559423937773436,0.25876163502854627,3.0,15.0,0.0,205.2616159968638,0.594690925344145,0.405309074655855,0.284056068992889,-0.23116150812633535,-1401.39427780097
770,-206.04131210637834,0.9937128217827681,0.2656976855392141,4.0,23.0,0.0,209.03817252915232,0.9384092499845654,0.06159075001543457,0.08796060014559356,-1.005848561591266,-1402.709965095538
771,-205.65178209156278,0.564982542769475,0.23297427099948412,2.0,7.0,0.0,209.2530184958394,0.6625485806481346,0.3374514193518654,0.42335323412798326,-0.3697846122965369,-1409.971570464965
772,-205.0281041821786,0.9730510989825177,0.20896415730530823,3.0,7.0,0.0,205.88089712536018,0.11304288364095601,0.886957116359044,0.05948611536033897,0.002771679659268278,-1400.393438109363
773,-205.40197115310656,0.9691738046526657,0.25876163502854627,4.0,15.0,0.0,206.07654174919568,0.22898977782349472,0.7710102221765053,-0.6696347423038078,0.20812220934470071,-1406.4630041312214
774,-206.00375697171992,0.993426191563959,0.2656976855392141,3.0,7.0,0.0,206.31888627428376,0.9237558486120431,0.07624415138795693,0.16388123554894463,-0.9865417622879599,-1403.8328473989745
775,-204.16877305751345,1.0,0.23297427099948412,4.0,15.0,0.0,206.58965086072436,0.4095030774320397,0.5904969225679604,-0.1607820717592088,0.242717262103041,-1400.4684687829288
776,-204.5642661206818,0.8264678688146195,0.20896415730530823,3.0,15.0,0.0,206.61383695229262,0.8164565351078603,0.18354346489213968,0.015159662450385861,0.3626118092074315,-1399.8546461977082
777,-205.49763746572867,0.6094123331587092,0.25876163502854627,2.0,7.0,0.0,209.9544201973254,0.13407016587498607,0.8659298341250139,0.010472897045305463,0.18485950417552055,-1404.6230187964923
778,-205.3433031239407,0.8036300493679434,0.2656976855392141,3.0,11.0,0.0,207.43884571024194,0.8281512803128528,0.1718487196871472,0.2217487060902923,-0.12666645133601465,-1404.936921795473
779,-204.34255378791863,0.9940375817854585,0.23297427099948412,3.0,7.0,0.0,204.47560170027833,0.5262937993170803,0.4737062006829197,-0.21787155990838805,0.3209653107601337,-1401.8231022018208
780,-204.3916543939051,0.7638443928539308,0.20896415730530823,2.0,7.0,0.0,206.20669854760968,0.4420600627450642,0.5579399372549358,-0.13701929619002579,0.31142329997249796,-1402.1180065206227
781,-206.51311270910503,0.9883543794034073,0.25876163502854627,4.0,15.0,0.0,207.59954477778209,0.030912743237779837,0.9690872567622202,-0.6468256736218759,0.1482729587795709,-1401.929481435763
782,-204.18713262826245,0.9946333729761314,0.2656976855392141,3.0,15.0,0.0,205.8411415563514,0.33594988330137804,0.6640501166986219,0.01272081759423234,0.016494426009616252,-1400.1114167646997
783,-204.531827300996,0.969779114706967,0.23297427099948412,4.0,15.0,0.0,205.35546739069008,0.3074613414839679,0.692538658516032,0.3594620833511978,0.022249104085801965,-1402.0589147739681
784,-204.57551574504112,0.9362054528704367,0.20896415730530823,2.0,5.0,0.0,205.11730957788637,0.4666789829589517,0.5333210170410483,-0.2769476258898268,0.3724828832010949,-1403.3646410098806
785,-206.57501155697048,0.8253309988795116,0.25876163502854627,2.0,3.0,0.0,209.27725374068805,0.13111573342047683,0.8688842665795231,-0.9717795585951294,0.0738773513277218,-1411.1443260540057
786,-204.5027067331953,0.998858847251052,0.2656976855392141,4.0,15.0,0.0,204.65421450389465,0.7992567046152743,0.20074329538472568,-0.019764968610081333,0.38457622199202357,-1399.8867880673592
787,-204.65873208664794,0.9066817040322507,0.23297427099948412,4.0,15.0,0.0,206.20092161501282,0.5639632052287078,0.4360367947712922,-0.11097946851709299,0.4344141140371654,-1403.8686879359673
788,-206.11886743631288,0.9521458216142126,0.20896415730530823,4.0,15.0,0.0,206.1448519674353,0.039098829178365484,0.9609011708216345,-0.5658636451458641,0.13294688368300023,-1400.8588286105353
789,-206.49641236080154,1.0,0.25876163502854627,2.0,7.0,0.0,206.9598050892743,0.0452180670200025,0.9547819329799975,-1.0539401898411416,0.16783206803672818,-1403.7353934124196
790,-204.36938213347065,0.9917542161956769,0.2656976855392141,3.0,7.0,0.0,204.9238033455293,0.725560005415416,0.274439994584584,-0.07506825194675684,0.38818701770047076,-1400.450725641396
791,-205.33502817664944,0.9619214240076791,0.23297427099948412,4.0,15.0,0.0,206.14813764624768,0.9318762230166923,0.06812377698330774,0.03399668653073486,0.24680535538298665,-1399.3059578853124
792,-206.69146695462155,0.9854074486722934,0.20896415730530823,3.0,15.0,0.0,207.66444836152007,0.04906031557382331,0.9509396844261767,-1.0139730789524506,0.007699445679982153,-1405.7139169313896
793,-206.54765567267773,0.8746322068009937,0.25876163502854627,2.0,3.0,0.0,207.58361897644815,0.0704618108928728,0.9295381891071272,-1.1171376300695688,0.20202324030011787,-1406.8389845996269
794,-209.06004848376318,0.7705374221028882,0.2656976855392141,4.0,15.0,0.0,209.74229625378914,0.6971912912268059,0.3028087087731941,0.4280815861287933,-0.9600459606076327,-1432.437596444721
795,-206.27308018820347,0.966538876640665,0.23297427099948412,3.0,9.0,0.0,207.94429879727883,0.6595054361690363,0.34049456383096366,-0.2721007256007189,0.7639479378190956,-1413.9985237756075
796,-205.6874256969214,0.8462835082690451,0.20896415730530823,2.0,7.0,0.0,208.7715018409786,0.14532300866605374,0.8546769913339463,-0.7938800692728831,0.11627997840156996,-1405.8741382771307
797,-207.01832925125294,0.9120956152411779,0.25876163502854627,4.0,15.0,0.0,209.63400246230913,0.06613646325790017,0.9338635367420999,-0.8966046295484833,0.2534218200264308,-1410.0479912327412
798,-209.46677021582906,0.17215425416982083,0.2656976855392141,3.0,7.0,0.0,213.25763408358898,0.995321196109365,0.004678803890635019,0.20394805646594893,-0.7466613587442199,-1409.3373660288698
799,-206.20549659283142,0.5955393977970561,0.23297427099948412,4.0,15.0,0.0,208.2986118400867,0.9487747208984894,0.051225279101510646,0.10721567201064083,-1.0999497325902239,-1402.472694994419
800,-206.09996831643312,0.9903257614108366,0.20896415730530823,4.0,31.0,0.0,207.55357367556405,0.8535865296907793,0.1464134703092207,0.02742471637046069,-0.6509702147776959,-1408.9560205752514
801,-204.215073787483,0.9702655704425237,0.25876163502854627,3.0,11.0,0.0,207.5415712772011,0.34772221222509475,0.6522777877749053,0.1104589143973771,0.10486681576898879,-1400.3991278670048
802,-209.66315553737562,0.9415335484241025,0.2656976855392141,4.0,15.0,0.0,212.43643753693166,0.008733821492985553,0.9912661785070145,1.4760222412303965,-0.11897359506061173,-1413.6011858598588
803,-205.78028910684287,0.8437303705066512,0.23297427099948412,4.0,23.0,0.0,208.18106937204195,0.8866057577744845,0.11339424222551553,-0.00592289107365053,-0.4080126393362244,-1405.467334160464
804,-206.22926324017047,0.98631814825719,0.20896415730530823,4.0,15.0,0.0,206.75803630707028,0.947409295060501,0.05259070493949902,0.1813474143359869,-0.5460172384269093,-1403.5774390105248
805,-205.72058453726945,0.8979718635166727,0.25876163502854627,4.0,31.0,0.0,207.32742879282503,0.04793612260058929,0.9520638773994107,-0.4416861261491273,0.07001024518073642,-1399.570466971851
806,-205.96976828147575,0.7526607628583216,0.2656976855392141,3.0,15.0,0.0,211.10358279743136,0.10476167088116524,0.8952383291188347,1.0406619828418635,0.01804148636059083,-1405.5045455522372
807,-205.93255167138764,0.8796782568689349,0.23297427099948412,3.0,11.0,0.0,208.45876142491434,0.34297316101471015,0.6570268389852898,0.5139351840771702,-0.33520858916503665,-1411.9131022182435
808,-210.47268044457147,0.9675591681184479,0.20896415730530823,3.0,11.0,0.0,210.91288008491034,0.9991691185722467,0.0008308814277533383,0.15960602909080343,-0.7993636764383364,-1404.3174195136455
809,-207.33884938574468,0.9846251629282153,0.25876163502854627,3.0,7.0,0.0,207.46061720931098,0.008520043898475806,0.9914799561015242,-0.23610320274512733,0.059015997950280445,-1399.2180240056355
810,-204.52463211157507,0.9765967615813402,0.2656976855392141,4.0,15.0,0.0,206.28872571095008,0.5800621286958159,0.41993787130418414,-0.1975823279142633,0.24224891507480278,-1402.9661204110644
811,-207.88542431504138,0.9944116919564182,0.23297427099948412,3.0,15.0,0.0,209.31416010596516,0.9852241580360565,0.014775841963943548,0.18686048717148657,-0.8319703833053497,-1406.1764438327996
812,-208.853943561453,0.9268187304697216,0.20896415730530823,4.0,23.0,0.0,211.64977201890034,0.0072790820834122485,0.9927209179165878,0.41654296509592476,-0.08191467022684135,-1408.5006965433029
813,-207.64147964414573,0.9993132053466613,0.25876163502854627,2.0,3.0,0.0,207.6922123656819,0.006318382203095452,0.9936816177969046,-0.2898986793692515,0.06557877398025869,-1399.2335720029284
814,-205.26204125457411,0.9431192605412156,0.2656976855392141,2.0,7.0,0.0,206.10442708474255,0.6373354869680423,0.3626645130319577,-0.06944162593850023,0.565947092494923,-1407.5011803519103
815,-205.32268630930633,0.9180381565473615,0.23297427099948412,4.0,15.0,0.0,209.0712773748838,0.9242231454317861,0.07577685456821392,0.10251106412586267,-0.448422128674967,-1399.770076080778
816,-206.89936520027135,1.0,0.20896415730530823,4.0,15.0,0.0,210.45167409454984,0.9797408296750884,0.020259170324911646,0.028761732828949504,-1.0299224789851404,-1401.217810321031
817,-208.40805019295803,0.9417919792692104,0.25876163502854627,2.0,3.0,0.0,208.52122947778986,0.004173897905165276,0.9958261020948347,-0.24614237692303503,-0.01182283450527244,-1401.7035469293735
818,-205.57104717660826,0.9407332879407604,0.2656976855392141,3.0,15.0,0.0,206.3796319272722,0.060281937544462406,0.9397180624555376,0.15417625283932967,0.005165100327315014,-1400.1824765420413
819,-205.33970504730695,0.9616613904661087,0.23297427099948412,2.0,3.0,0.0,205.55195443582954,0.9213908440140781,0.07860915598592189,0.12526122292866823,-0.4561079965571931,-1400.1094406337884
820,-205.473295870299,0.9130321122010959,0.20896415730530823,4.0,19.0,0.0,207.94631877959435,0.29947386030441114,0.7005261396955889,-0.2261506535736737,0.3514969724043139,-1408.4208930469733
821,-209.38095712016096,0.9194735184393753,0.25876163502854627,4.0,15.0,0.0,210.57369555076212,0.4997440509972711,0.500255949002729,-0.6302520903628721,0.23353813390462555,-1436.3861488595871
822,-205.57407474087867,0.7915247320911732,0.2656976855392141,3.0,7.0,0.0,207.0320542121962,0.11464738939737512,0.8853526106026248,-0.004255830538934399,0.17852914066227846,-1404.2252449134019
823,-205.04078239630235,0.973068373321912,0.23297427099948412,3.0,7.0,0.0,205.53986495849526,0.7558340191023495,0.24416598089765051,0.11669833873794835,-0.467258826096649,-1404.498261139039
824,-204.7939275358299,1.0,0.20896415730530823,4.0,15.0,0.0,207.61765290709877,0.8730034136046453,0.12699658639535472,0.029736089502376967,0.07080500757302549,-1399.4682495068105
825,-206.9508071152232,1.0,0.25876163502854627,3.0,11.0,0.0,210.88846594314649,0.03605769131501394,0.9639423086849861,-0.60956524927367,0.19814358523114492,-1406.0051613165444
826,-204.718424346259,0.9992713938237623,0.2656976855392141,3.0,7.0,0.0,206.21276010180023,0.23375158788379913,0.7662484121162009,0.29262453373726527,0.08461441955144507,-1402.185077405594
827,-204.2731595441976,0.9585143500987905,0.23297427099948412,3.0,15.0,0.0,205.91988317617475,0.280313259520867,0.719686740479133,-0.0275253064826904,0.1421326621121478,-1399.993055247923
828,-204.7939275358299,0.6551211503727077,0.20896415730530823,2.0,7.0,0.0,208.44594929486465,0.8730034136046453,0.12699658639535472,0.029736089502376967,0.07080500757302549,-1399.4682495068105
829,-207.53196873649685,0.9113846627769375,0.25876163502854627,3.0,7.0,0.0,208.37261055704997,0.17350590066442592,0.826494099335574,-0.9041530885569239,0.037067596783277985,-1419.457391992529
830,-205.8994751699725,0.8715996677926424,0.2656976855392141,2.0,7.0,0.0,206.30787260581414,0.19401370305963497,0.805986296940365,0.36846016089167155,-0.18345929269934103,-1409.339453666757
831,-204.56252958211283,0.9459105018601442,0.23297427099948412,2.0,7.0,0.0,205.77676265271324,0.7411794134313036,0.25882058656869644,-0.02953730260303994,0.038134262805817276,-1401.6602637389192
832,-205.36613597846306,0.889387490405689,0.20896415730530823,2.0,3.0,0.0,206.05273762003534,0.932023207215844,0.06797679278415603,0.026268971217794257,0.10767018547708923,-1399.550000583481
833,-207.46199654971107,1.0,0.25876163502854627,2.0,7.0,0.0,208.22506821147977,0.04883286838382545,0.9511671316161745,-1.0515258966891214,0.2461320483266604,-1410.886865589221
834,-205.07050417942983,0.9994496388740745,0.2656976855392141,4.0,15.0,0.0,206.07293750027318,0.7293250672633838,0.27067493273661625,-0.1980492089823006,0.519497342238489,-1405.1023161030746
835,-204.81532689789887,0.9965362436635911,0.23297427099948412,3.0,15.0,0.0,205.39603419004737,0.820438340655513,0.17956165934448698,0.039214353120994735,-0.22143416034586927,-1401.5410799723666
836,-204.5637471528666,0.8089339603861869,0.20896415730530823,2.0,7.0,0.0,206.88221331299806,0.766604714998521,0.233395285001479,-0.04505096540195929,0.13477126744643925,-1401.1719634374622
837,-205.97896447645294,0.9922200186020107,0.25876163502854627,3.0,11.0,0.0,207.75423777759414,0.16977645904471175,0.8302235409552883,-0.7808701199597375,0.10045705226852307,-1408.7824654383185
838,-204.70802505066078,0.9827725157259853,0.2656976855392141,3.0,11.0,0.0,205.8409451594735,0.4960549421736136,0.5039450578263864,0.197095669387254,-0.2541571308632853,-1404.4070089765448
839,-204.3766536660369,0.9840224067512977,0.23297427099948412,3.0,11.0,0.0,205.5741365873731,0.6800131246804799,0.3199868753195201,0.1467696667786033,0.06658919959573918,-1401.2263340281052
840,-206.88833232294,0.8124573308752564,0.20896415730530823,2.0,7.0,0.0,209.31165698514894,0.9363148834346131,0.06368511656538689,0.24020001751182837,-0.44855128964950564,-1409.43326152248
841,-205.93646959708477,0.7815744134306994,0.25876163502854627,2.0,7.0,0.0,208.4802319158618,0.03903303126952625,0.9609669687304737,-0.3318933186828093,0.10352485949948993,-1399.7750853951256
842,-206.13730874349784,0.7692991420429303,0.2656976855392141,3.0,7.0,0.0,206.7719829153142,0.7309912881465885,0.26900871185341146,-0.122345516492975,-0.06296264227914039,-1412.6952016965838
843,-204.9221938521737,0.9212079314414882,0.23297427099948412,3.0,7.0,0.0,205.679868663102,0.7636472968523283,0.23635270314767165,0.14189305236873154,0.18652010796945578,-1403.6783166357523
844,-207.2031517412046,0.8383062403455297,0.20896415730530823,4.0,15.0,0.0,209.20857873909407,0.888230004968958,0.11176999503104201,0.31800552095515655,-0.854476923222144,-1414.6351125391516
845,-204.82083073611835,1.0,0.25876163502854627,3.0,7.0,0.0,206.2590589241826,0.3736299472130968,0.6263700527869032,-0.36813698762285113,0.1806181560415921,-1404.6748281055475
846,-204.06810163511247,1.0,0.2656976855392141,2.0,3.0,0.0,205.994517422593,0.5207028283039653,0.4792971716960347,0.06983648018411828,0.1297318965403101,-1400.0457273739578
847,-204.40708932982253,0.9682047059311533,0.23297427099948412,3.0,7.0,0.0,205.24502441512064,0.7794497723905303,0.22055022760946974,0.05099152122778848,0.2227761126365527,-1399.78589822278
848,-206.5774384244416,0.8281418058944799,0.20896415730530823,2.0,7.0,0.0,208.65221488031946,0.8702066421260638,0.1297933578739362,0.04789374233504301,-0.8996707958302805,-1411.2208285700558
849,-204.54882586269565,0.8270135521251123,0.25876163502854627,3.0,11.0,0.0,207.12356257144535,0.28379049990920235,0.7162095000907976,0.47885242280600493,-0.11979166239332611,-1401.756710444979
850,-204.44459593499172,0.9551627359382773,0.2656976855392141,3.0,7.0,0.0,204.62077068897185,0.699950802900878,0.30004919709912203,0.16145074317347544,0.036742748730539274,-1401.4496381162503
851,-204.50866211689566,0.9395139076190838,0.23297427099948412,2.0,7.0,0.0,205.73150681551363,0.6288784306372364,0.37112156936276364,0.09205378541625717,0.21981341470905424,-1402.5956720149595
852,-206.93486553448832,0.9987721730428815,0.20896415730530823,3.0,15.0,0.0,207.6830146875424,0.9671944335147725,0.03280556648522748,0.05355492336923799,-1.4255423569075172,-1403.8629177247062
853,-205.37744543073902,0.597772403268782,0.25876163502854627,3.0,15.0,0.0,209.71723502878027,0.4653832187978418,0.5346167812021583,-0.21439639761635654,0.035174800063327766,-1409.047001792384
854,-204.69704589438024,0.9183917714527509,0.2656976855392141,2.0,7.0,0.0,205.31739219247964,0.4382662762767334,0.5617337237232666,-0.029612470553173457,-0.05378780472308777,-1404.3115477151068
855,-205.3225140971834,0.9488792404948823,0.23297427099948412,3.0,15.0,0.0,205.6129845226999,0.23128347541234548,0.7687165245876545,-0.3724148194432406,0.3065033874338103,-1406.1861164154504
856,-207.46597189057567,0.9566921270773515,0.20896415730530823,2.0,7.0,0.0,207.84629819821092,0.9704018460574225,0.029598153942577476,0.15992845784625226,-1.612494041648414,-1406.3337974597594
857,-206.20936405864188,0.9686544722269621,0.25876163502854627,3.0,7.0,0.0,206.35513390370807,0.5377252313283245,0.4622747686716755,-0.1890931741489032,-0.03648398660110724,-1414.7961805661719
858,-204.04041541708935,0.9904464138853173,0.2656976855392141,3.0,9.0,0.0,205.2370490498605,0.46823911889540437,0.5317608811045956,0.10285834873112162,-0.04333630604348965,-1399.846388260963
859,-204.43250167606524,0.9895204678728807,0.23297427099948412,2.0,3.0,0.0,205.57109577039853,0.2617140167059101,0.7382859832940899,-0.28997999404056074,0.20273386764021623,-1400.7057504942175
860,-208.16436088304312,0.7863771605392952,0.20896415730530823,3.0,11.0,0.0,209.46470121785828,0.9864327940499424,0.01356720595005756,0.13166505651658758,-2.0184719246006564,-1404.61712483922
861,-204.02024468228188,0.8932174568090132,0.25876163502854627,2.0,3.0,0.0,207.2869472488882,0.37848427495191583,0.6215157250480842,-0.006445042955893321,0.11230707094665773,-1399.3142660241738
862,-205.0812575296351,0.9774614878425498,0.2656976855392141,3.0,11.0,0.0,205.4789808194478,0.09030616062991045,0.9096938393700895,-0.041434843459057215,0.08681269211249405,-1399.3793096847742
863,-204.48294617611953,0.9963243121194221,0.23297427099948412,4.0,15.0,0.0,204.78445961888497,0.8197108592907857,0.1802891407092143,0.04880659063159298,0.15561308817600422,-1399.2875774591935
864,-210.13949098234787,0.960557916803045,0.20896415730530823,4.0,23.0,0.0,210.7066103660982,0.9885711462571423,0.011428853742857736,-0.02623178275594272,-3.23022453687694,-1411.613623301109
865,-205.47033850544054,0.958992606964832,0.25876163502854627,3.0,15.0,0.0,206.2378974845773,0.6257564638505901,0.37424353614940986,-0.31944731059397935,0.4893549879424897,-1409.0163363638196
866,-205.62578282502713,0.8678867737358706,0.2656976855392141,3.0,7.0,0.0,205.85451114651707,0.09685874045142438,0.9031412595485756,-0.020994363318030434,-0.03728328000519501,-1403.5811033129003
867,-204.75110564882772,0.7139274627897346,0.23297427099948412,2.0,3.0,0.0,206.99886922279967,0.8475847736041241,0.1524152263958759,-0.016700784648462585,0.19819311419897412,-1400.1995743900188
868,-210.43569585326975,0.9477204932631613,0.20896415730530823,2.0,7.0,0.0,210.7116031491539,0.9886040240251174,0.011395975974882622,0.18458911569003367,-3.119176830973891,-1414.2200570146913
869,-205.62462523581945,0.6506336039557287,0.25876163502854627,3.0,7.0,0.0,207.46208241087845,0.36637576089025314,0.6336242391097469,-0.3342794167037342,0.4424081377349159,-1410.051050342439
870,-205.28118620070404,0.9725087321125501,0.2656976855392141,2.0,3.0,0.0,206.03658667566677,0.16042434248260368,0.8395756575173963,-0.1270935837604384,0.2079602274359082,-1404.1322981733647
871,-206.90601572045125,0.9894082957575022,0.23297427099948412,4.0,31.0,0.0,207.5329698689641,0.8665599318268303,0.13344006817316967,-0.027354280040427448,1.2550382253082888,-1412.9931216529378
872,-209.42747800277866,0.9909482478344207,0.20896415730530823,2.0,7.0,0.0,210.36830421842362,0.9872781507604418,0.012721849239558214,0.00896652237586737,-2.946215894848715,-1408.941732789133
873,-205.38458924180176,0.9996289239231053,0.25876163502854627,4.0,15.0,0.0,206.18121268708245,0.22514252244263636,0.7748574775573637,0.7482096427849928,-0.04712449529862005,-1406.199561232273
874,-204.72251226100036,0.8752416290594333,0.2656976855392141,2.0,3.0,0.0,205.80014750736203,0.13799855783930617,0.8620014421606939,-0.1093411315018702,0.06268179022437703,-1399.4526163376388
875,-205.1516946398624,0.9624944585767745,0.23297427099948412,4.0,19.0,0.0,207.5799222807923,0.9056429254295592,0.09435707457044085,-0.00863618017256211,0.3068768584643832,-1400.0647686274206
876,-209.3267865545779,1.0,0.20896415730530823,2.0,3.0,0.0,209.41725219633014,0.9886032500328827,0.011396749967117259,0.10820215602317906,-2.96275012467247,-1407.4012424607758
877,-205.15943522365353,0.9924638667960337,0.25876163502854627,4.0,15.0,0.0,205.7192695319478,0.8051080291862968,0.19489197081370324,-0.14210465792334104,0.6015842467318872,-1404.0674669605214
878,-204.1886856895493,0.9090241187549758,0.2656976855392141,3.0,7.0,0.0,205.22741744091894,0.6500626306728685,0.3499373693271315,0.14494938931429108,0.02198950734303277,-1400.2386842477224
879,-205.87887199932985,0.9946129956902355,0.23297427099948412,3.0,15.0,0.0,207.2923586598495,0.7768633185532726,0.22313668144672738,-0.09714316478182639,0.8837672994836644,-1409.3727322897694
880,-208.9779880355802,0.9954964964758779,0.20896415730530823,3.0,11.0,0.0,209.6310253759303,0.9832820737620994,0.016717926237900582,0.10775320121388238,-2.688894914744303,-1408.937778985526
881,-205.0910352717254,0.9325780497518722,0.25876163502854627,4.0,23.0,0.0,207.33224230122707,0.21139540072593233,0.7886045992740677,0.4817364197641736,-0.14956711548537466,-1404.1236316612026
882,-206.68101904237778,0.7339684329550819,0.2656976855392141,3.0,15.0,0.0,208.07523478434535,0.9307649330032423,0.06923506699675774,0.24148568908909634,-0.7428733111768919,-1408.233992419037
883,-205.34265468437206,0.9769940810216281,0.23297427099948412,3.0,7.0,0.0,205.9592292277464,0.8671717955980205,0.1328282044019795,-0.018368732368153062,0.8207714231772391,-1402.945668668823
884,-207.5246610456824,0.9726332248631262,0.20896415730530823,4.0,23.0,0.0,210.27733482562397,0.985120724556966,0.014879275443034023,0.018624166075969763,-1.4752133095467603,-1402.4802340347803
885,-205.21550149328348,0.9127652979329656,0.25876163502854627,3.0,7.0,0.0,206.20169502987076,0.2423467321454464,0.7576532678545536,0.18992688728274768,-0.1321977340050997,-1405.8241666880415
886,-205.83617064117476,0.9954031454285299,0.2656976855392141,4.0,15.0,0.0,207.0206139985627,0.5578831952027719,0.44211680479722815,0.25106713523425767,0.17746035691637488,-1412.1148883889473
887,-205.87752266675702,0.5748479059108932,0.23297427099948412,4.0,15.0,0.0,208.62912707203353,0.7616974635155656,0.23830253648443445,-0.1316792990910612,0.8654244540622434,-1409.702336012792
888,-207.62125232011428,0.6510048947419733,0.20896415730530823,2.0,7.0,0.0,210.24832710671376,0.9307196902918621,0.06928030970813792,0.26797683802611777,-1.2081895898345443,-1413.9375064471014
889,-204.33375651560885,1.0,0.25876163502854627,2.0,7.0,0.0,205.59902781149466,0.2687597886689145,0.7312402113310855,0.0866809623479482,0.10931699945177702,-1400.232202643965
890,-205.67812985600125,0.9922870116760156,0.2656976855392141,3.0,7.0,0.0,206.7178080109078,0.7734295449663237,0.22657045503367634,-0.1611475770264473,0.21127275462423542,-1408.6825373697682
891,-205.9824017208183,0.9697635226955501,0.23297427099948412,3.0,7.0,0.0,207.18809066386152,0.9559443281715051,0.0440556718284949,0.03944975053472527,0.8752641596246025,-1400.3338605684826
892,-209.21375815446635,0.9743741622674743,0.20896415730530823,2.0,7.0,0.0,210.1425749192232,0.990958530889097,0.009041469110902978,-0.09138530509990624,-1.0125168406487615,-1411.7348327251389
893,-207.72640876070773,0.8705543375526379,0.25876163502854627,2.0,5.0,0.0,208.4550861748184,0.137176993503036,0.862823006496964,0.2806883736294874,-0.2128396824175834,-1420.0747017987394
894,-205.5997844780707,0.9933165694507043,0.2656976855392141,3.0,15.0,0.0,206.44881215739304,0.25131423940367825,0.7486857605963217,0.4894893833788876,-0.22985484595304528,-1408.4411734477908
895,-205.58300614122993,0.9563713520742197,0.23297427099948412,3.0,11.0,0.0,207.14096364638993,0.7447718708758405,0.2552281291241595,-0.139181876312298,0.7893256680758891,-1408.0936252617742
896,-209.40338236727328,0.9950432552301278,0.20896415730530823,4.0,31.0,0.0,209.73541364407578,0.001599675352061847,0.9984003246479382,1.009748578360867,0.11802994167631126,-1401.1320305491101
897,-204.0698434158043,0.9829076005792409,0.25876163502854627,2.0,3.0,0.0,207.96951231859896,0.37354710994044515,0.6264528900595548,0.21160411444776014,-0.046507183395192164,-1399.591233150506
898,-205.12499250508858,0.9894732324865032,0.2656976855392141,3.0,15.0,0.0,207.96697846829372,0.14032840185490902,0.859671598145091,-0.23952609395928182,0.017142644076603014,-1402.2937288098437
899,-206.09534730868015,0.8004941258862538,0.23297427099948412,3.0,7.0,0.0,206.70935176239183,0.8496539524592018,0.15034604754079817,-0.1772336506713013,0.7966118895591258,-1408.8667740774915
900,-206.63803547827487,0.8621666295277982,0.20896415730530823,3.0,15.0,0.0,212.5232926374837,0.02449162201877195,0.975508377981228,-0.10853910844599987,0.13244055213553024,-1401.584579606841
901,-205.16058213969174,0.887860157439758,0.25876163502854627,2.0,7.0,0.0,205.8898009502792,0.8574789558941046,0.1425210441058954,-0.031160019521148524,0.008808242847697371,-1402.6779198040813
902,-204.7166039980486,0.9976682180369739,0.2656976855392141,3.0,7.0,0.0,205.2078143997316,0.18003816367567987,0.8199618363243202,-0.33977913728756204,0.18131366173468116,-1400.7890128036113
903,-206.2027109151985,0.9050767691877155,0.23297427099948412,3.0,11.0,0.0,207.3269949700047,0.8957962710737497,0.1042037289262503,-0.12339142184094837,0.3899521972324741,-1407.87202294287
904,-205.14696741869065,0.8778281960653719,0.20896415730530823,3.0,7.0,0.0,207.46279726044435,0.1737810018598362,0.8262189981401638,0.00489658258644983,0.1824642811144272,-1403.6693288425845
905,-207.1420350390614,0.9158374184654793,0.25876163502854627,2.0,7.0,0.0,207.48938628714356,0.9767212384336615,0.023278761566338457,0.1686255174229357,-0.08611610951096058,-1404.718187871118
906,-207.0893805207793,0.8997885860125991,0.2656976855392141,3.0,13.0,0.0,207.99987916891249,0.023792699152271068,0.9762073008477289,-0.6602308841737897,-0.02464763984494335,-1404.155715509571
907,-204.47394362433386,0.868345907150478,0.23297427099948412,4.0,19.0,0.0,208.73099236224766,0.188761310804772,0.811238689195228,0.25829875395652835,0.02362239919897649,-1399.4357120229565
908,-204.41459824292718,0.87137927928755,0.20896415730530823,3.0,7.0,0.0,206.70550460627257,0.3346731557745766,0.6653268442254234,-0.2931423717684084,0.2575491045432684,-1401.5385593643402
909,-205.49239232961455,1.0,0.25876163502854627,3.0,15.0,0.0,207.99999999629506,0.3048645736953781,0.6951354263046219,0.7083121190326231,-0.1979407651866688,-1408.30648638136
910,-206.5893741923947,0.9950612865179462,0.2656976855392141,3.0,11.0,0.0,207.73841643464456,0.046158331937635855,0.9538416680623641,-1.043908769631755,0.020976447102907556,-1404.5550249336975
911,-204.36690866344364,0.9833661676557308,0.23297427099948412,3.0,15.0,0.0,205.23105951766192,0.7445278700144249,0.2554721299855751,0.15140374083062902,-0.2667282465185529,-1400.170933178382
912,-204.4915898856455,0.9785728298907598,0.20896415730530823,2.0,3.0,0.0,204.61783069102646,0.33116760009004825,0.6688323999099517,-0.3350317401705387,0.26335391960887544,-1402.0086302363445
913,-206.5472396791038,0.9994836380630666,0.25876163502854627,3.0,7.0,0.0,206.6918519359422,0.02554579260540376,0.9744542073945962,0.6155351243949752,-0.012563202017054707,-1400.9390464093538
914,-205.83114203964215,1.0,0.2656976855392141,3.0,7.0,0.0,207.18462994462635,0.06128573625779338,0.9387142637422066,-0.879987815251158,0.10628694690518853,-1401.4279856031503
915,-204.95627904220817,0.7873144496634769,0.23297427099948412,2.0,3.0,0.0,205.53270944393068,0.7151387283046914,0.2848612716953086,0.2904300378685782,-0.2060178374124688,-1404.6878789627483
916,-204.7643805739258,0.9310813111104085,0.20896415730530823,4.0,15.0,0.0,207.4520850960256,0.7290809565072162,0.27091904349278384,-0.15550919641891808,0.5080952350895137,-1403.0147076390265
917,-205.83183751566247,0.9422428389810915,0.25876163502854627,4.0,15.0,0.0,207.49947293627883,0.13955567702483207,0.8604443229751679,0.6003269563166317,-0.15042848639406986,-1406.8635707806068
918,-206.63217266987843,0.9648657293444498,0.2656976855392141,3.0,11.0,0.0,206.98843636466876,0.03595710066356254,0.9640428993364375,-1.2382690364129973,0.056839169861563774,-1402.813519419183
919,-204.41799494388349,1.0,0.23297427099948412,2.0,3.0,0.0,204.8899002917236,0.568223095455742,0.431776904544258,0.19391560652386497,-0.25621985004947284,-1402.274328866813
920,-206.71575823675923,0.5529124270654576,0.20896415730530823,4.0,23.0,0.0,209.4967688368632,0.057641285030854604,0.9423587149691454,1.329637672396338,0.06822641795956291,-1406.289791828343
921,-205.80018321630683,1.0,0.25876163502854627,3.0,7.0,0.0,206.81011193397305,0.07977972521511606,0.920220274784884,0.453800870779046,-0.07002431890368964,-1403.394761622901
922,-206.33718444286873,0.8518102772302072,0.2656976855392141,4.0,31.0,0.0,210.9324780660501,0.8332533803982202,0.16674661960177983,0.009523279052768105,-0.5986393192543438,-1411.3834376387215
923,-204.9797177173911,0.9913311265348538,0.23297427099948412,3.0,7.0,0.0,205.25108234961436,0.9001822383180332,0.09981776168196677,0.06117283737488898,-0.08012252829053931,-1399.2962523366846
924,-206.91832515105258,0.9942728632017929,0.20896415730530823,3.0,7.0,0.0,207.194639768528,0.01789356467098469,0.9821064353290153,1.1818091893963847,0.05627358561082193,-1400.2156410086736
925,-204.34772137817032,0.9068612980316778,0.25876163502854627,2.0,7.0,0.0,207.26774869325527,0.40807043426813494,0.5919295657318651,0.2371731236574044,0.050257532405544494,-1401.7195677505235
926,-206.26724108953994,0.9026175097838128,0.2656976855392141,2.0,3.0,0.0,207.465153182154,0.7898940825285478,0.21010591747145224,0.31284104360059384,-0.8082527420210034,-1411.7887074255757
927,-204.50757726583208,0.9093847083757056,0.23297427099948412,2.0,7.0,0.0,206.24282926127668,0.6679031254876654,0.3320968745123346,0.014720375457659824,-0.08992693608273755,-1402.2784567766712
928,-206.65960312710934,0.9846535749074932,0.20896415730530823,2.0,7.0,0.0,208.17296091982507,0.05134248707493051,0.9486575129250695,1.4393359094666152,-0.007991832913032411,-1404.8902199034235
929,-204.69671160609062,0.8752397383245375,0.25876163502854627,2.0,7.0,0.0,206.02190085556393,0.2568515700022993,0.7431484299977007,-0.3424571075800704,0.10526723610257392,-1402.4439101741455
930,-206.72828045543503,0.9698229674791963,0.2656976855392141,4.0,15.0,0.0,207.1901835132831,0.9780985426960874,0.021901457303912575,0.1317135784843449,-0.557714801725422,-1401.1959120067797
931,-204.12473159478515,0.9980118642821907,0.23297427099948412,2.0,7.0,0.0,204.6826376921012,0.5979512005997035,0.4020487994002965,0.06800557546416107,-0.06310910150381129,-1400.1897525473494
932,-206.63550628079298,0.8520182842514848,0.20896415730530823,4.0,27.0,0.0,210.8619137603028,0.02356810451860172,0.9764318954813983,0.8992921241619463,-0.0034109986424199212,-1400.635130486879
933,-204.6634081887393,0.9142321330024741,0.25876163502854627,3.0,7.0,0.0,205.57436296263504,0.3934589985030589,0.6065410014969411,-0.33991938476893835,0.20194103354657428,-1403.7325912877268
934,-207.0222372804831,0.9866474885303784,0.2656976855392141,4.0,15.0,0.0,207.72179713062079,0.020355228236295233,0.9796447717637048,0.9627229386142137,-0.030341427264838905,-1402.2141208087307
935,-204.40432109787733,0.9523871457086969,0.23297427099948412,3.0,11.0,0.0,205.51495485189187,0.5178270213486678,0.48217297865133224,-0.041928752304369876,-0.0003194623560490023,-1402.3885410355613
936,-206.84875365388777,0.9846615555774507,0.20896415730530823,2.0,3.0,0.0,206.91777658236632,0.022027160233510458,0.9779728397664895,0.9293673350035814,-0.021816843297771345,-1401.604105589191
937,-204.8438985627074,0.9493144431696364,0.25876163502854627,3.0,7.0,0.0,205.29217651775008,0.37963913484331274,0.6203608651566872,-0.3353082422786797,0.14966231651156786,-1404.9065681135733
938,-206.89569699337295,0.9747936719696132,0.2656976855392141,3.0,7.0,0.0,207.77883917663266,0.014794009853571875,0.9852059901464282,0.7434639683997474,0.03395649567830562,-1399.497563418023
939,-206.47884614998082,0.9627450672368222,0.23297427099948412,2.0,3.0,0.0,207.24659581611718,0.7698897229922722,0.2301102770077278,0.3265990743001129,-0.09806439252749814,-1414.2496482631248
940,-207.86957028095577,0.9579705504756272,0.20896415730530823,2.0,3.0,0.0,207.98883447704145,0.012066487008414785,0.9879335129915852,0.8627649422661688,0.15251993849926365,-1404.651652245653
941,-204.3988145429951,0.8720704621309971,0.25876163502854627,2.0,7.0,0.0,205.80596061778473,0.23794319126347557,0.7620568087365245,-0.18423397682311174,0.16774910924314834,-1400.0886857780629
942,-204.94205822327498,0.9489802297381906,0.2656976855392141,3.0,7.0,0.0,207.11425968608896,0.3125550507028028,0.6874449492971972,0.5415871773015429,-0.04264151163548905,-1404.812356386118
943,-205.03299076746285,1.0,0.23297427099948412,3.0,7.0,0.0,206.23979924938587,0.4562720165374193,0.5437279834625808,0.25618640917941543,0.11448213770775874,-1406.6205172340076
944,-209.469458052852,0.6360600450722456,0.20896415730530823,1.0,3.0,0.0,210.50311122760127,0.02149057793612041,0.9785094220638796,0.8687472671958767,0.24623676480210907,-1419.5828990427315
945,-204.5073689550056,0.9158663034315276,0.25876163502854627,2.0,7.0,0.0,205.1898747340931,0.35944806453582934,0.6405519354641707,-0.2116852716182722,0.09126790584177763,-1402.4961693141715
946,-204.4719398640151,0.9878609073938694,0.2656976855392141,3.0,15.0,0.0,205.4858188576919,0.1946690776815938,0.8053309223184062,-0.02150144553835827,0.11104849434705201,-1399.6313067166418
947,-207.00533979767224,0.9605150290262284,0.23297427099948412,4.0,31.0,0.0,208.61872019300668,0.375072624853007,0.624927375146993,-0.6835494824440294,0.43607625505667963,-1419.3531183488415
948,-206.8761906761714,0.6672984371173852,0.20896415730530823,3.0,7.0,0.0,210.05622572082723,0.19511973404273064,0.8048802659572694,1.0815206639884372,-0.16702887257211885,-1415.2283580079677
949,-205.08559854056531,0.9531959632321466,0.25876163502854627,3.0,11.0,0.0,206.18126225533422,0.8880649191222973,0.11193508087770265,0.06895920507769927,0.39954658791918857,-1400.5923025113043
950,-204.60858390910332,0.928371035240609,0.2656976855392141,3.0,15.0,0.0,205.10731137250713,0.28705884105782725,0.7129411589421728,0.03950873914570381,-0.04687472259254238,-1402.4241486726232
951,-205.85321700599593,0.9950778858940058,0.23297427099948412,3.0,11.0,0.0,208.03417860325445,0.25535184407585126,0.7446481559241487,0.7348514603891729,-0.010500796883916107,-1410.0506997757338
952,-207.40854891531572,0.6843712404334857,0.20896415730530823,3.0,15.0,0.0,213.7655925512814,0.9174314766612336,0.08256852333876641,-0.12190718132117911,-0.08933829435065371,-1414.883665226995
953,-206.3398622625675,0.9781223106260932,0.25876163502854627,4.0,15.0,0.0,206.90201613882817,0.08626380481438665,0.9137361951856133,-0.8614181043283246,0.02287028922671641,-1407.1545345601257
954,-206.4044713902249,0.9547512419449511,0.2656976855392141,2.0,5.0,0.0,206.80923650199998,0.09343817945096246,0.9065618205490376,0.03240480919192898,0.21228410832808303,-1408.699610033348
955,-208.91580471209423,0.7800306098457428,0.23297427099948412,4.0,19.0,0.0,210.01416341168016,0.0031963559943321298,0.9968036440056679,1.6831994377958088,0.1063607831020808,-1400.9708299155209
956,-206.5161563502904,1.0,0.20896415730530823,2.0,3.0,0.0,207.28278643546656,0.9155827739076305,0.08441722609236946,0.21587638903183626,-0.015478006599518278,-1408.8375372454814
957,-204.69315858969318,0.9098615079208519,0.25876163502854627,4.0,15.0,0.0,207.18166267847073,0.260425632084524,0.739574367915476,-0.32268263912907424,0.09661234280025591,-1402.4943886188903
958,-205.13466972112124,0.9797557875508022,0.2656976855392141,2.0,3.0,0.0,206.22142056255205,0.08458616493060492,0.9154138350693951,0.004402820360384512,0.044434841100969985,-1399.3458263986838
959,-208.55550072835695,0.9050670827039958,0.23297427099948412,1.0,3.0,0.0,210.0448041181171,0.005135118453152593,0.9948648815468474,1.6791136288587616,-0.010134438673653531,-1401.7649392768014
960,-206.59752668514017,0.8841350918561842,0.20896415730530823,4.0,15.0,0.0,208.5736147721708,0.8148350944271389,0.18516490557286114,0.2697592649356794,0.052850779646012855,-1413.995423469499
961,-205.12022252984372,0.9855634485161145,0.25876163502854627,3.0,7.0,0.0,205.40182982839198,0.31949109941898024,0.6805089005810198,-0.47426813961768477,0.3390710817396976,-1406.0859854600808
962,-204.2155279995854,0.6427690197519785,0.2656976855392141,2.0,5.0,0.0,207.20970449767523,0.46432805536936755,0.5356719446306324,-0.061028785134714034,0.04904828641731743,-1401.0541661980933
963,-208.58854882166878,0.9898980215395136,0.23297427099948412,3.0,15.0,0.0,210.27544418616912,0.006336375090148895,0.993663624909851,2.2876106358572286,0.06787202353205159,-1401.3488394465292
964,-204.50269801442036,1.0,0.20896415730530823,3.0,7.0,0.0,206.2809015598871,0.17744360054375455,0.8225563994562455,0.09895279788742561,0.06965958749681919,-1399.3483816818818
965,-205.88475641716568,0.3233915345199926,0.25876163502854627,3.0,7.0,0.0,209.3957360455224,0.33818416358870323,0.6618158364112967,-0.07821977955627205,0.3594521345724311,-1411.7442204871147
966,-204.17518451429632,0.9709040836434996,0.2656976855392141,2.0,7.0,0.0,205.4783767709012,0.6813289114441687,0.31867108855583126,0.16611673088656742,-0.1037584489032003,-1399.808830186095
967,-209.5467069070001,0.99640605387619,0.23297427099948412,3.0,13.0,0.0,209.9826515629008,0.023809452629632556,0.9761905473703675,2.9572658755318026,0.06482701152623853,-1413.9569509848775
968,-204.35820320430264,0.9920781170921077,0.20896415730530823,3.0,11.0,0.0,204.8993965900708,0.7696128102289648,0.23038718977103523,0.016136597583947882,0.06074918579917342,-1399.703584352613
969,-204.40561575539556,1.0,0.25876163502854627,3.0,13.0,0.0,205.98499223421612,0.42012032123220705,0.5798796787677929,-0.010468451222234443,-0.026752866843451455,-1402.2284804940366
970,-205.451927217882,0.6610234316676472,0.2656976855392141,2.0,3.0,0.0,206.82471062199815,0.4885380633678121,0.511461936632188,0.029759970723414048,-0.19510352522533458,-1409.5981885854599
971,-209.41118065850375,0.9875157011353982,0.23297427099948412,2.0,3.0,0.0,209.82972509459418,0.024642707508658917,0.9753572924913411,2.8852411129832336,0.02946115212602479,-1413.618717051847
972,-207.34728410745987,0.9076014523533199,0.20896415730530823,2.0,7.0,0.0,208.8127724218449,0.44302758090132555,0.5569724190986745,0.4843364257276793,-0.5252283851539948,-1422.1970854969038
973,-206.54749846721512,0.9299865168752369,0.25876163502854627,3.0,7.0,0.0,209.47550835975835,0.1014717568361517,0.8985282431638483,1.146092268252235,0.05343516106603605,-1409.099036715053
974,-205.73322075816253,0.8906293100396462,0.2656976855392141,4.0,27.0,0.0,209.1194054715961,0.3724280734451728,0.6275719265548272,0.24730263736770589,-0.2825671923749461,-1410.991819442236
975,-211.7416677654413,0.7634636019918922,0.23297427099948412,2.0,3.0,0.0,212.6605685016251,0.03604198205731629,0.9639580179426837,2.9776443709474414,-0.10826257101839931,-1431.7851400427116
976,-207.12018830064292,0.8843840791661344,0.20896415730530823,2.0,3.0,0.0,208.08207841373323,0.4102782166327726,0.5897217833672275,0.4936510517538122,-0.47820553984856184,-1420.5254236677752
977,-205.7976118436114,0.987645341576907,0.25876163502854627,2.0,3.0,0.0,206.60004697090977,0.08319745983475689,0.9168025401652431,1.021933584830616,-0.022739912119814965,-1402.9209016841914
978,-204.05028569094645,0.9278816392540146,0.2656976855392141,2.0,7.0,0.0,207.55249233560025,0.4588118188387656,0.5411881811612345,0.19773211426009077,-0.005093290262502326,-1399.8724387884442
979,-210.72005819733843,0.9998053673383666,0.23297427099948412,3.0,7.0,0.0,212.44061029619584,0.0012387489482660232,0.998761251051734,2.418601076273972,-0.04038160185394567,-1404.3035274469976
980,-207.7802954455667,0.8491156837117144,0.20896415730530823,4.0,15.0,0.0,209.40420308378302,0.9943346417629765,0.005665358237023521,0.0446827265953538,0.5177883587404404,-1399.2864837333505
981,-205.98895076462895,0.9180255983789781,0.25876163502854627,3.0,11.0,0.0,208.43353390868697,0.2788692494116382,0.7211307505883617,-0.37740665299296833,0.010409893377614315,-1411.718505780795
982,-204.13435946343063,0.9854772832636849,0.2656976855392141,2.0,3.0,0.0,204.26137280983045,0.3925198660701403,0.6074801339298597,0.20447899608188508,0.029822847163335872,-1400.1703429977777
983,-207.0657859809898,0.9286442947016639,0.23297427099948412,4.0,15.0,0.0,212.7863491538398,0.0569366644699607,0.9430633355300393,1.488596307449494,-0.06778974126035457,-1408.2411305733076
984,-209.25682840544383,0.9677928258581168,0.20896415730530823,4.0,15.0,0.0,209.92795315718223,0.00590605454891614,0.9940939454510839,-1.1135283006021954,-0.0745551235180335,-1408.92952671176
985,-206.9831927672025,0.9814789066267632,0.25876163502854627,3.0,11.0,0.0,207.3333006157553,0.04302050308743186,0.9569794969125681,-0.5693663125111371,0.2146037941974038,-1407.433460837302
986,-205.06073397838995,0.9798404843124959,0.2656976855392141,3.0,7.0,0.0,206.52653135527152,0.9102269010522986,0.08977309894770136,0.05969922808756788,0.05593675552652523,-1399.2028993253502
987,-206.17497516792278,0.844602588751436,0.23297427099948412,3.0,11.0,0.0,208.5578910895437,0.042096454175910264,0.9579035458240898,0.9987017389412434,-0.010871484023442013,-1401.1655218733554
988,-208.23352913573513,0.9492941719967298,0.20896415730530823,2.0,3.0,0.0,209.87826423062182,0.025129158378508328,0.9748708416214916,-1.0550813538041781,0.2376068040238018,-1411.7942150272568
989,-205.9581941197603,0.9446742179605508,0.25876163502854627,2.0,3.0,0.0,207.8032477995187,0.045126577121282443,0.9548734228787176,-0.7432023155554286,0.11778948626106342,-1400.4987225993784
990,-205.13516533193862,0.996703932133966,0.2656976855392141,3.0,7.0,0.0,205.33005211940684,0.9172958655160206,0.0827041344839794,0.06183524261443453,0.04126835690152747,-1399.2049545169984
991,-206.1543235172672,0.9162118684033834,0.23297427099948412,2.0,7.0,0.0,206.94473168499186,0.05835264513579649,0.9416473548642035,0.958003912492714,0.08011638088980752,-1403.2236180338987
992,-207.90124074439123,0.9508990740336923,0.20896415730530823,3.0,15.0,0.0,212.14937321889172,0.010684851619360124,0.9893151483806398,0.5119225777600616,-0.050132292515407295,-1404.4744270188405
993,-204.62074838779415,0.9517748516850556,0.25876163502854627,4.0,15.0,0.0,206.93950737696892,0.1615754444303716,0.8384245555696284,-0.13396502582575623,0.12103390521442572,-1399.633211405928
994,-207.37090599445102,0.9165772846793044,0.2656976855392141,3.0,11.0,0.0,208.44598097224545,0.08306156339037771,0.9169384366096223,0.42504597325954674,0.2151765493115231,-1414.4847959308843
995,-205.9034128245446,0.9111260618831944,0.23297427099948412,2.0,3.0,0.0,207.1230151679295,0.07554648267725184,0.9244535173227482,1.0697289083065296,-0.016796649725858814,-1402.956655267764
996,-206.81964657966228,0.9546566901023714,0.20896415730530823,3.0,15.0,0.0,208.93625503865388,0.048370119373878875,0.9516298806261211,0.21883065687749775,0.18362261128193152,-1407.3238488801603
997,-204.18993204508365,0.8804601471787369,0.25876163502854627,2.0,3.0,0.0,205.56151956748303,0.2922672116002168,0.7077327883997833,-0.1360235221585671,0.12098589534608002,-1399.5803943765811
998,-207.27662402577934,0.9812240679571052,0.2656976855392141,2.0,7.0,0.0,207.85727673604796,0.06633528183846862,0.9336647181615314,0.5595844842499178,-0.14661321581425624,-1412.3121466069801
999,-204.06422427089421,0.9840533215512058,0.23297427099948412,3.0,15.0,0.0,206.27699215701892,0.3884682151216686,0.6115317848783314,0.17934171084561584,-0.05082835645991998,-1399.6669799118338
