draws,lp__,accept_stat__,stepsize__,treedepth__,n_leapfrog__,divergent__,energy__,rho.1,rho.2,mu.1,mu.2,log_prob_data
0,-209.82053607670352,0.9848563205658127,0.13396100016667895,3.0,15.0,0.0,209.9288545582249,0.4796962139220302,0.5203037860779698,-2.0813958957333782,-2.160349028972882,-1432.0306986463643
1,-210.38861451649558,0.9494603968746089,0.12493595444521503,4.0,27.0,0.0,211.78122036843212,0.8588806140301363,0.14111938596986373,-2.1645235329356343,-1.67054427104062,-1432.2806095881167
2,-210.96063288192352,0.9625128453277654,0.12515707966716727,2.0,7.0,0.0,214.2582895909337,0.9245198681292093,0.07548013187079072,-2.1350273287437482,-1.7979850107653932,-1432.146079430272
3,-210.55055381891222,0.9527910993310359,0.11273919760376422,4.0,31.0,0.0,211.2579994919037,0.9003507312291357,0.09964926877086433,-2.2226215734066357,-1.575430080933797,-1431.3679289141817
4,-210.3168628986427,0.9415108916782171,0.13396100016667895,3.0,15.0,0.0,210.4388965406665,0.38419983843525984,0.6158001615647402,-2.325768156799107,-1.8888471453349212,-1435.109093205737
5,-210.49415829231052,0.9852040952457777,0.12493595444521503,4.0,15.0,0.0,211.1386663500808,0.7717469674290084,0.2282530325709916,-2.2725577226099825,-1.3184398160329531,-1436.0871551523135
6,-210.1423362325238,0.9929562325589618,0.12515707966716727,3.0,15.0,0.0,212.05448760712625,0.8503784106145862,0.1496215893854138,-2.261887291336215,-1.3799429355101438,-1431.3080965046586
7,-210.24320968942817,0.5840589601182143,0.11273919760376422,2.0,7.0,0.0,214.16959809012025,0.796983369444585,0.20301663055541497,-2.2166048920697468,-1.488786799128429,-1433.570548797543
8,-210.06132782298786,0.9960191350385327,0.13396100016667895,3.0,15.0,0.0,210.66922030325816,0.42557779414157076,0.5744222058584292,-2.160344595642526,-2.203598518392016,-1433.098541061541
9,-210.9031614715737,0.9993358266208304,0.12493595444521503,5.0,31.0,0.0,210.9885877610464,0.9293942278456765,0.07060577215432351,-2.1438846731636647,-1.5677541895268803,-1431.9606346911025
10,-210.3193312187264,0.9732084113634814,0.12515707966716727,3.0,7.0,0.0,210.4334567817592,0.8576592346325826,0.14234076536741735,-2.298488563184519,-1.4480905570169502,-1431.9344921721693
11,-210.17380173356887,0.9995019616531352,0.11273919760376422,5.0,47.0,0.0,211.04246032646986,0.2915626801844007,0.7084373198155993,-2.0810577974376154,-2.224487308535699,-1432.9220603552358
12,-210.12118473669904,0.9972577887321373,0.13396100016667895,4.0,15.0,0.0,210.35291280589024,0.6115242585071164,0.38847574149288355,-2.0250519331048378,-2.145588726400068,-1434.0210609921032
13,-211.8690069662216,0.9081881240640602,0.12493595444521503,3.0,7.0,0.0,212.5289054040903,0.8957961510327255,0.10420384896727453,-2.044856244665807,-1.5611741236753214,-1441.4428181855558
14,-211.74210923099372,0.8735852305924428,0.12515707966716727,5.0,31.0,0.0,213.7596059027045,0.8189204323801512,0.18107956761984878,-2.0868141167961216,-2.891305896162452,-1438.5000876888855
15,-210.00983957606928,0.9991779530329868,0.11273919760376422,4.0,31.0,0.0,210.94853556977247,0.7570129733085609,0.24298702669143912,-2.276303618621146,-1.548183347873488,-1432.4571624111743
16,-212.121414124468,0.9835076877542742,0.13396100016667895,3.0,7.0,0.0,214.4290735564937,0.5353882176802369,0.4646117823197631,-2.683623788199681,-1.5444650382332248,-1447.3936844049415
17,-213.48251323555388,0.8952850893041943,0.12493595444521503,3.0,15.0,0.0,214.96213645173395,0.89748565078865,0.10251434921135005,-2.4700570695283663,-1.2596785884680168,-1451.5653422137327
18,-211.04963349904386,0.7718799416860562,0.12515707966716727,3.0,7.0,0.0,215.03898463157117,0.4955492074345228,0.5044507925654772,-2.0329439416125616,-2.487206801508141,-1439.3922987956742
19,-210.81640134686478,0.9031469661708772,0.11273919760376422,4.0,27.0,0.0,211.5234113099445,0.42068003794892,0.57931996205108,-2.296775813853898,-2.2076011492203156,-1437.7527808302536
20,-211.12274961283072,0.8328345194743352,0.13396100016667895,3.0,15.0,0.0,215.07041006869122,0.9134066153128451,0.08659338468715494,-2.286861413539141,-1.528063331353468,-1434.3266828615715
21,-211.53199090792378,0.9567342150847297,0.12493595444521503,2.0,3.0,0.0,214.34821898764093,0.8326967326647211,0.1673032673352789,-2.153221456127391,-1.127312392281043,-1442.4951309414614
22,-211.29956415474092,0.7857002808811231,0.12515707966716727,3.0,7.0,0.0,214.460734571865,0.5652330797806323,0.4347669202193677,-2.0227708866995555,-1.9410066416744616,-1443.1248054850512
23,-210.90500403291279,0.9649728943400634,0.11273919760376422,2.0,7.0,0.0,211.96956969730311,0.5518557512965873,0.44814424870341274,-2.2602205308780796,-2.240522567142003,-1438.48358704148
24,-212.91445389156067,0.5278917841002783,0.13396100016667895,4.0,27.0,0.0,214.11113567396825,0.11997474760697731,0.8800252523930227,-1.9469160321161,-2.365270710899969,-1447.1267343025638
25,-213.06423023405094,0.9727858708915026,0.12493595444521503,4.0,31.0,0.0,214.1897576682895,0.017364993898751492,0.9826350061012485,-2.0539873812027527,-2.2273900086953335,-1435.74859535542
26,-211.55312836858525,0.914639101736361,0.12515707966716727,2.0,7.0,0.0,213.11838477888796,0.5989969904479776,0.4010030095520224,-2.272427238151168,-2.2969709613596585,-1442.4901895455753
27,-210.8707769397905,1.0,0.11273919760376422,3.0,13.0,0.0,211.22136053674592,0.32894575644170254,0.6710542435582975,-1.907893133375251,-2.066218770397327,-1439.3782562820318
28,-211.73748165859334,1.0,0.13396100016667895,2.0,3.0,0.0,212.81121724388962,0.13624864091228164,0.8637513590877184,-1.9614621068342788,-2.3144110874893182,-1439.90265010564
29,-210.04342190801378,0.6296427389883377,0.12493595444521503,4.0,15.0,0.0,215.36141832396135,0.743176909934809,0.256823090065191,-2.2846610584842626,-1.5362447570557733,-1432.9431485890577
30,-210.01452668770716,0.9556699523150378,0.12515707966716727,2.0,7.0,0.0,212.96681129855762,0.3612285230314834,0.6387714769685167,-2.245723089152921,-2.1224569712858927,-1432.354568248814
31,-210.3775962072896,0.9924744904328203,0.11273919760376422,3.0,9.0,0.0,211.26170948800532,0.26613618824783175,0.7338638117521683,-1.8000625250233497,-2.363395174257699,-1434.3344887186686
32,-209.96932193710367,0.9313957265796612,0.13396100016667895,2.0,7.0,0.0,213.52817418501976,0.35448057858773574,0.6455194214122643,-1.8844111247944109,-2.337575893519182,-1432.4447160844832
33,-211.09907486397537,0.9201775825169451,0.12493595444521503,4.0,23.0,0.0,211.9877174351564,0.9611771914733351,0.038822808526664865,-2.1522356649346763,-0.5277446662864687,-1431.2654929170305
34,-210.42257715247203,0.9584414182718098,0.12515707966716727,4.0,23.0,0.0,210.7242194122095,0.8080285242161658,0.19197147578383422,-2.1822686473467425,-1.5082694029476935,-1434.5982238486126
35,-211.5148179127888,0.9723704489703324,0.11273919760376422,3.0,7.0,0.0,212.71484424473192,0.4171361682739636,0.5828638317260364,-1.684190928654848,-2.63459655796801,-1442.8813807263064
36,-210.76246936250251,0.8947088353302982,0.13396100016667895,2.0,7.0,0.0,210.9204272010754,0.4626878942263997,0.5373121057736003,-1.7774489396997688,-2.213330668989528,-1439.3228305292212
37,-211.81503758110085,0.9342180084159027,0.12493595444521503,3.0,7.0,0.0,212.46809451982182,0.9806242796301858,0.019375720369814164,-2.1178025406147705,-0.7131697462518108,-1431.4770286013725
38,-211.267286025147,0.9227893162058345,0.12515707966716727,3.0,15.0,0.0,212.07792920431626,0.9343896242659268,0.06561037573407325,-2.0993653384120408,-1.3408989757412308,-1434.738938915478
39,-210.21130131951438,0.9464436909154291,0.11273919760376422,4.0,27.0,0.0,212.38289518693472,0.36714089803516475,0.6328591019648353,-2.3900417433170142,-1.8951370476502298,-1433.9726550886926
40,-210.9464131629365,0.9937375674407207,0.13396100016667895,3.0,15.0,0.0,212.44112020470672,0.5841760871900884,0.4158239128099116,-2.076330996389811,-2.4981470141768964,-1438.2801728401184
41,-211.9848574469028,0.9858657429940737,0.12493595444521503,3.0,15.0,0.0,213.9264812185711,0.8436757620832731,0.1563242379167269,-2.4696559870760804,-1.221264221772955,-1443.791392304749
42,-210.80837964032906,0.9738301593023121,0.12515707966716727,4.0,31.0,0.0,213.9842997744135,0.3716202598699134,0.6283797401300866,-2.6713384920093324,-1.926876756642696,-1436.7977168898012
43,-210.05474852168186,0.9991327279539879,0.11273919760376422,3.0,15.0,0.0,211.38775889745716,0.454509234140827,0.545490765859173,-2.3153610651120213,-1.877474506282286,-1433.70057505019
44,-210.98333405391688,0.9788582732524099,0.13396100016667895,3.0,15.0,0.0,212.00337860251636,0.17614753153531076,0.8238524684646893,-2.772555208035223,-2.0057448495051506,-1433.9766183560494
45,-210.01276584855725,1.0,0.12493595444521503,3.0,15.0,0.0,212.33860874058325,0.7522535019753646,0.24774649802463544,-2.1994831927796152,-1.9179948165017056,-1431.7578707458365
46,-211.60744484068982,0.9629453979583974,0.12515707966716727,4.0,31.0,0.0,212.17760559267637,0.43330365593522996,0.5666963440647701,-2.675877902996899,-1.6539395993566117,-1443.4874873464435
47,-210.58695547920667,0.9743547378397853,0.11273919760376422,3.0,15.0,0.0,211.38463493307106,0.7109462855230487,0.2890537144769513,-2.395831567680506,-1.828733818960314,-1435.9090096311618
48,-209.85610686844575,0.8486754760790345,0.13396100016667895,3.0,15.0,0.0,212.828621018442,0.6455759271711379,0.3544240728288621,-2.3460663199624245,-1.7835076350928551,-1431.9473957394903
49,-209.7983877070254,0.9977968714650994,0.12493595444521503,2.0,7.0,0.0,210.23472223817404,0.6093954540423021,0.3906045459576979,-2.2738908028186384,-1.8983173190889462,-1431.7446480156887
50,-210.27420428213122,0.8465819750798961,0.12515707966716727,4.0,15.0,0.0,212.87037919768525,0.38322152814301896,0.6167784718569811,-1.6028149519449462,-2.448720781283717,-1435.16325468217
51,-210.5236943337341,0.7652406836179901,0.11273919760376422,1.0,3.0,0.0,213.2946972587616,0.6885050248715333,0.3114949751284667,-2.142460073898128,-1.7927438157061428,-1436.8723762702714
52,-210.22241185209285,0.9086792390004218,0.13396100016667895,2.0,7.0,0.0,210.38124293811924,0.6572557287230221,0.34274427127697793,-2.1470658429997105,-1.8882446468311715,-1434.810119302318
53,-210.11270311883163,0.8665126535459935,0.12493595444521503,4.0,23.0,0.0,212.8400238183149,0.7733165923240098,0.22668340767599016,-2.3479516404135885,-1.4620406864385862,-1432.7729624353922
54,-209.84086232549032,0.9875726799927126,0.12515707966716727,3.0,7.0,0.0,210.4790946633722,0.36550858328726255,0.6344914167127375,-1.7615433908449025,-2.3363399664087683,-1432.0417411463236
55,-210.66114442942006,0.7732568749219192,0.11273919760376422,2.0,3.0,0.0,213.49004122893234,0.7437737122294549,0.2562262877705451,-2.3604383451791735,-1.863782150385783,-1435.9341729632672
56,-210.43872233910602,0.9441371459198421,0.13396100016667895,4.0,15.0,0.0,211.66882123327233,0.5149071006562486,0.48509289934375144,-1.8731382701509176,-2.5490353479746135,-1435.4367980618954
57,-210.08857763349914,0.9868040273556293,0.12493595444521503,3.0,11.0,0.0,210.60103744191304,0.7758052237747305,0.2241947762252695,-2.1834140930988384,-1.9291506509204335,-1431.8282466954622
58,-211.3670367487529,0.7078348241900093,0.12515707966716727,1.0,3.0,0.0,211.9818869495339,0.3307174141864009,0.6692825858135991,-1.8024348977488203,-2.5094713979671908,-1441.4117258123601
59,-210.72848378430754,0.8472759695204374,0.11273919760376422,2.0,7.0,0.0,213.87464127064794,0.6429112672492615,0.3570887327507385,-2.5138157750921923,-1.6966279267094369,-1437.553866610821
60,-211.9551123536137,0.9179030940137015,0.13396100016667895,3.0,7.0,0.0,214.8284929546025,0.5537750133964443,0.4462249866035557,-1.7955925565457052,-2.7772296677261905,-1445.0335955837722
61,-210.6872052538139,0.9867059007895055,0.12493595444521503,3.0,15.0,0.0,210.96533303149073,0.9055381168989194,0.09446188310108061,-2.236999700668084,-1.5896630500601858,-1431.8880131120932
62,-210.58892757154263,1.0,0.12515707966716727,1.0,1.0,0.0,211.23820244733733,0.34932828259465193,0.650671717405348,-1.803866427320074,-2.4597519620478474,-1436.4289933103614
63,-210.39640731398637,0.9948088802904806,0.11273919760376422,2.0,5.0,0.0,211.27263722262694,0.672926259093593,0.32707374090640695,-2.444202706264656,-1.731419828159212,-1435.1637020477363
64,-211.07917963434429,0.9999851391478115,0.13396100016667895,3.0,7.0,0.0,212.35813895256356,0.6923363378118091,0.30766366218819086,-1.9961032678239508,-2.725517716463823,-1437.54627851691
65,-211.1099197770374,0.7984359062848795,0.12493595444521503,2.0,3.0,0.0,214.3675699885524,0.8532486012311995,0.1467513987688005,-2.116347103181303,-1.4105740956577029,-1438.3578076061012
66,-209.96113941800544,0.928199852397035,0.12515707966716727,2.0,7.0,0.0,211.2267978038688,0.40520104960073333,0.5947989503992667,-1.7264722824196004,-2.347315162721498,-1433.19972927053
67,-210.51819378327235,0.9212530691435052,0.11273919760376422,2.0,3.0,0.0,211.33944478666342,0.6684202367222701,0.33157976327772987,-2.4564648189192897,-1.7489859213626728,-1435.9484010886122
68,-210.95036910205948,0.989332400962581,0.13396100016667895,4.0,15.0,0.0,211.8057416778989,0.11064789766271024,0.8893521023372898,-2.4684738306635783,-2.071630809819078,-1432.2096156957027
69,-210.33526611295602,0.9434912197177253,0.12493595444521503,2.0,3.0,0.0,211.96112548335108,0.8880726664815465,0.11192733351845352,-2.21263006486748,-1.433418024113853,-1430.99577750879
70,-210.2392996174608,0.9920184895081474,0.12515707966716727,5.0,31.0,0.0,210.6642364457824,0.49177298476991477,0.5082270152300852,-1.724427528492853,-2.4569224040692044,-1434.923617892728
71,-213.81456584144135,0.570668031801283,0.11273919760376422,2.0,3.0,0.0,216.34097054097097,0.6251496943285271,0.3748503056714729,-2.104835788912548,-1.5210377073671844,-1461.13245147073
72,-210.36591209242837,0.8784287750986575,0.13396100016667895,3.0,11.0,0.0,212.68966586789932,0.2204538351844093,0.7795461648155907,-1.983355775477524,-2.101920983905243,-1433.7794209330373
73,-212.64649249190026,0.9745886454271415,0.12493595444521503,4.0,31.0,0.0,213.20932740473492,0.9900065026914945,0.009993497308505517,-2.1219141145545217,-1.209655537567833,-1431.8733954138772
74,-210.85395799437396,0.9982927485090837,0.12515707966716727,4.0,15.0,0.0,210.9963686007885,0.0674660287333802,0.9325339712666199,-1.3760438345241812,-2.1481618592302265,-1431.8012812508225
75,-212.1133020679665,0.9926343823773687,0.11273919760376422,3.0,7.0,0.0,213.7534064288493,0.6757346041983318,0.32426539580166824,-2.6010506170100287,-1.633775319523208,-1446.5932254113463
76,-210.38599234191855,0.9936343294459647,0.13396100016667895,2.0,7.0,0.0,210.6387354382498,0.2561951590363725,0.7438048409636275,-2.000250970038061,-2.0850978987580175,-1434.6345323723815
77,-211.93656676694442,0.9330526455121232,0.12493595444521503,3.0,7.0,0.0,213.47992803156941,0.9807686150494411,0.019231384950558872,-2.176210243635955,-1.165793642116039,-1431.3149781239356
78,-210.3529590345529,0.9443135993392117,0.12515707966716727,2.0,7.0,0.0,211.61815424078108,0.14003126350116,0.85996873649884,-1.2523563369140702,-2.317211270099198,-1432.4541466917879
79,-210.1833318596452,0.6662160429217645,0.11273919760376422,3.0,15.0,0.0,217.38363892640703,0.8443123534450934,0.15568764655490663,-2.2968508107449948,-1.3359983380043938,-1431.781790595869
80,-210.342670304301,0.5973653097524868,0.13396100016667895,2.0,3.0,0.0,215.5400540540204,0.15866734369158875,0.8413326563084113,-1.6772468901988884,-2.1648146286944687,-1432.6097929809653
81,-211.18319030804759,0.9046990005952863,0.12493595444521503,3.0,15.0,0.0,214.17183437395082,0.9396623040094666,0.0603376959905334,-2.1385168448442937,-1.8833051326194628,-1431.9648609330022
82,-210.3055812888467,0.9533621056763765,0.12515707966716727,2.0,3.0,0.0,210.69949030674968,0.13340193518941826,0.8665980648105818,-1.221125276103024,-2.29816969785841,-1431.9874872194432
83,-211.02113799591052,0.941607219218465,0.11273919760376422,4.0,29.0,0.0,211.6571549372673,0.9488997005145179,0.051100299485482115,-2.2447337073065565,-1.079215327880656,-1431.4200684653779
84,-210.96922944147525,0.9398079438827962,0.13396100016667895,4.0,23.0,0.0,211.69610083211649,0.8201132722621896,0.17988672773781045,-2.117160566214808,-1.5652669183057166,-1438.1182150482862
85,-211.5085943557189,0.9892035672552373,0.12493595444521503,4.0,23.0,0.0,211.90703210836497,0.9626466103075146,0.03735338969248536,-2.1663156161833856,-1.640393237938908,-1431.7028592893735
86,-212.03333008502906,0.9787633617778562,0.12515707966716727,4.0,31.0,0.0,212.63599536802553,0.388991122187062,0.611008877812938,-2.8041999374885838,-1.7241339525958583,-1445.3922927365993
87,-211.4184603371119,0.8408625937300044,0.11273919760376422,2.0,3.0,0.0,212.3288737370675,0.9559383325220489,0.04406166747795115,-2.2690947050159664,-1.0493584503245956,-1433.151921267216
88,-211.3453240976848,0.9601854505100547,0.13396100016667895,2.0,3.0,0.0,211.76046238373277,0.8600828067892856,0.13991719321071439,-2.3667790362270846,-1.6059788483181536,-1438.2312021508787
89,-210.39813832308408,0.9972201499579495,0.12493595444521503,3.0,11.0,0.0,212.03869045007443,0.7954091567585315,0.20459084324146848,-2.2155869905693915,-1.418193111254342,-1434.861548926751
90,-211.84778800783997,0.924347889133219,0.12515707966716727,2.0,3.0,0.0,212.5021391383915,0.4357824363265293,0.5642175636734708,-2.7754612616853813,-1.807676510996226,-1444.2285771181612
91,-212.66888697035094,0.6985820355840804,0.11273919760376422,5.0,47.0,0.0,215.88018136009762,0.008511262784947992,0.991488737215052,-0.5734036794080873,-2.195547609099268,-1431.6345036934651
92,-210.72398934233772,0.9222008953711155,0.13396100016667895,3.0,7.0,0.0,213.86343603340814,0.723055990344851,0.276944009655149,-2.3042328416291022,-1.3515047769407194,-1438.3588742719332
93,-210.06500999877895,0.990710049452264,0.12493595444521503,4.0,15.0,0.0,211.75123847563475,0.3553642461189561,0.6446357538810439,-1.7254085886025254,-2.2593957025535167,-1433.919371763301
94,-211.61827722532468,0.7000550333745037,0.12515707966716727,3.0,7.0,0.0,215.20875783205747,0.47081154948838,0.52918845051162,-2.6058360177853688,-1.5898164991513868,-1444.1617887973423
95,-211.37773816428935,0.9894440061696491,0.11273919760376422,3.0,15.0,0.0,213.63092393302657,0.03136998093119366,0.9686300190688063,-1.1349484818186133,-2.156918240302672,-1430.8821767016057
96,-210.87826674434612,0.6603738815440298,0.13396100016667895,2.0,7.0,0.0,212.1129453712465,0.7835782886558387,0.21642171134416133,-2.437202891335513,-1.2899212550252204,-1437.8725693941142
97,-209.9206447920209,0.9871201544503316,0.12493595444521503,2.0,7.0,0.0,211.23417283904493,0.2791328324079567,0.7208671675920433,-1.7975853709187513,-2.23073700898982,-1431.9178433023646
98,-210.8562993722076,0.815427553660218,0.12515707966716727,4.0,31.0,0.0,214.47097542870745,0.8790718520615042,0.12092814793849582,-2.0970163941219417,-2.4732522320398775,-1431.9814354896034
99,-210.8863990890956,0.9603873511844182,0.11273919760376422,5.0,31.0,0.0,213.1162079936723,0.6328776647653177,0.3671223352346823,-2.134327274460972,-2.43700404861082,-1437.607960283302
100,-211.176619838351,0.8900874284952559,0.13396100016667895,2.0,3.0,0.0,213.34313393340733,0.6594092352011095,0.3405907647988905,-2.4297686781379477,-1.3543676421981763,-1441.7581826918095
101,-211.20296245296709,0.8803940831045217,0.12493595444521503,4.0,31.0,0.0,211.49837878422616,0.16001909843649284,0.8399809015635071,-1.2110479302109054,-2.1503064056099297,-1439.8167100995558
102,-210.33414035456002,0.98130484951547,0.12515707966716727,3.0,11.0,0.0,214.0730003025997,0.7505568237635392,0.24944317623646084,-2.2402692041334524,-1.4897352767766796,-1435.1131798279957
103,-210.85013461316424,0.9410661409809158,0.11273919760376422,2.0,7.0,0.0,212.14238580365793,0.7464817714290277,0.2535182285709723,-2.1414850198847253,-2.473397155319445,-1435.7594894346398
104,-210.23403853710346,0.9715302772946169,0.13396100016667895,2.0,3.0,0.0,211.20137768434313,0.7385903817504409,0.2614096182495591,-2.3829879312211273,-1.443999697088885,-1434.1804780891553
105,-210.819426732664,0.8888543553659602,0.12493595444521503,2.0,7.0,0.0,212.13533677366658,0.05684460752261964,0.9431553924773803,-1.1821172803460924,-2.172163532284946,-1430.7964889840453
106,-210.4631277666156,0.9756137799639166,0.12515707966716727,2.0,7.0,0.0,210.99912707273432,0.8075031123573515,0.1924968876426485,-2.1845970233461607,-1.4765571090849063,-1434.9656774028747
107,-210.5659457246341,0.9340641588555338,0.11273919760376422,3.0,15.0,0.0,212.55832844748755,0.5416511228590315,0.4583488771409685,-1.787763142214214,-2.3196989169493576,-1437.5076755568402
108,-210.90652423154265,0.46641591976965424,0.13396100016667895,2.0,3.0,0.0,212.29492724399174,0.658097299578582,0.341902700421418,-2.3872643636631494,-1.4043087279187965,-1439.963057869363
109,-212.47899994119103,0.8126075289598671,0.12493595444521503,3.0,7.0,0.0,213.1403478209489,0.1929984409156308,0.8070015590843692,-0.7598591086961477,-2.3125202642166958,-1449.7917693637469
110,-211.03330470146145,0.9918123298114295,0.12515707966716727,4.0,31.0,0.0,211.67045118925623,0.9050401413640913,0.09495985863590872,-2.194429056320054,-2.069469719068085,-1432.9582233143656
111,-210.33998146871266,0.9401125408170682,0.11273919760376422,3.0,15.0,0.0,212.7894924977471,0.14763624637501171,0.8523637536249883,-1.694217607593595,-2.2516623117480665,-1431.8028422153113
112,-210.12480945206022,0.8426383264163605,0.13396100016667895,2.0,7.0,0.0,212.06788972804125,0.8370170835987996,0.16298291640120044,-2.24244906219988,-1.5895399209741716,-1431.2066733055215
113,-212.06267421170818,0.8973592298076324,0.12493595444521503,2.0,3.0,0.0,213.6107419143763,0.1758152314987056,0.8241847685012944,-0.8199860823871808,-2.4086902818148324,-1445.9432250294979
114,-216.07939680372348,0.7423497133267704,0.12515707966716727,4.0,15.0,0.0,217.26189035605162,0.005968309599457433,0.9940316904005426,-0.9580112454818969,-1.935107292963159,-1453.1797520919326
115,-209.9640325187071,0.9983939843212597,0.11273919760376422,3.0,11.0,0.0,210.95339335229082,0.3247457063501293,0.6752542936498707,-1.6412991516785744,-2.318933224313279,-1432.9291398878152
116,-210.2909319711631,0.9867363293024252,0.13396100016667895,4.0,23.0,0.0,211.24771381495853,0.3232560148617437,0.6767439851382563,-2.5185394860201984,-2.0166752001344266,-1433.1513423944225
117,-211.26179537949517,0.94021553172167,0.12493595444521503,2.0,3.0,0.0,212.5432674456294,0.14546093038363203,0.8545390696163679,-0.7867033139373953,-2.32008673905469,-1439.7595423506457
118,-215.17644177226174,0.9838713359711906,0.12515707966716727,3.0,11.0,0.0,218.3236083614826,0.0007306117023984038,0.9992693882976016,-0.8341213635975222,-2.121074269542265,-1432.0104338804479
119,-210.2792540912826,0.993528295662385,0.11273919760376422,4.0,31.0,0.0,210.86181524975132,0.7658885432980949,0.23411145670190514,-2.0775684650849118,-2.393697906246654,-1432.0109471062879
120,-213.37998415288305,0.6622321180639964,0.13396100016667895,2.0,7.0,0.0,214.42941321527792,0.1292179860718886,0.8707820139281114,-2.2799147207112975,-1.888004567910268,-1451.3196916086229
121,-211.07756092200006,0.9352256008934139,0.12493595444521503,3.0,7.0,0.0,212.4283791106044,0.047345905861075045,0.952654094138925,-1.3287253742016014,-2.190332897954595,-1430.9995237357105
122,-212.7190961294681,0.7716694783080614,0.12515707966716727,4.0,27.0,0.0,217.6071783351159,0.009965205553761292,0.9900347944462387,-1.2621839200163598,-2.109545333697145,-1432.2886151713276
123,-210.7895569209582,0.9901050775496104,0.11273919760376422,4.0,31.0,0.0,210.99207575895332,0.8580824244220842,0.14191757557791584,-2.0493510337347716,-2.5463704052848004,-1432.3127833408755
124,-211.83554031558916,0.9640581219155763,0.13396100016667895,2.0,7.0,0.0,214.48873611102582,0.09420282371990381,0.9057971762800962,-2.172384791883339,-2.0040963353872425,-1438.7634205470001
125,-210.89670725308792,0.93055150055134,0.12493595444521503,3.0,7.0,0.0,211.46688609311866,0.07834436920344214,0.9216556307965579,-1.2454137753740602,-2.131208668504125,-1433.4064985369132
126,-210.99728147520403,0.9979008818150149,0.12515707966716727,4.0,15.0,0.0,212.8729210335599,0.5494834718671199,0.4505165281328801,-1.8546587745439809,-2.660267044657152,-1438.7924938001222
127,-210.62061291630485,0.9200465359260319,0.11273919760376422,3.0,15.0,0.0,211.57205411582518,0.7249276078906164,0.2750723921093836,-1.931574604593658,-2.3607439877724516,-1435.7437559966695
128,-212.0152317098545,0.9227052026986339,0.13396100016667895,3.0,11.0,0.0,213.90943977682247,0.16494432181427915,0.8350556781857208,-0.7331279170488096,-2.2609421112751735,-1445.977344492398
129,-210.58389760740448,0.8619074155984672,0.12493595444521503,5.0,51.0,0.0,214.63801473996537,0.8370947402607009,0.16290525973929915,-2.253865838145935,-1.9018103482131878,-1433.3895722359928
130,-211.18008510383717,0.9894255811087824,0.12515707966716727,4.0,31.0,0.0,212.00792848381133,0.8793467619310062,0.12065323806899375,-2.213377045142005,-2.2105347489418397,-1434.8339347126953
131,-210.18340520896163,0.9984772729552466,0.11273919760376422,2.0,3.0,0.0,210.7289247849851,0.6642055004409902,0.33579449955900975,-2.1110315159453434,-2.3306071834251116,-1432.9928511299374
132,-210.44857028715606,0.8361586636926143,0.13396100016667895,3.0,7.0,0.0,214.51388127059394,0.10196431279676893,0.8980356872032311,-1.0780405835246492,-2.2808459939823265,-1431.7175140921572
133,-210.6346215716003,0.9905549660403881,0.12493595444521503,2.0,3.0,0.0,210.92614782820985,0.8607954302487189,0.13920456975128115,-2.247636825114809,-1.8460860834813795,-1433.0513025668504
134,-216.4627885484483,0.804963836200374,0.12515707966716727,3.0,7.0,0.0,217.08234527789222,0.9887331996480018,0.01126680035199823,-1.9112962325411122,-2.3580951179456964,-1456.2505174309254
135,-210.78653692099337,0.906834968198165,0.11273919760376422,3.0,11.0,0.0,212.82734454505982,0.8821842076625603,0.11781579233743966,-2.111425103250961,-2.3216722845204703,-1431.9190556607364
136,-210.9630595704656,0.7203528903470622,0.13396100016667895,2.0,7.0,0.0,213.3069726654077,0.045767602533299354,0.9542323974667006,-1.0738827158439495,-2.170220222790568,-1430.5902310888591
137,-214.50620582836183,0.8598050669692695,0.12493595444521503,3.0,7.0,0.0,216.16884399876116,0.5476919211069073,0.45230807889309266,-2.6963251812915656,-2.0203630248531,-1462.3149225323332
138,-211.9087115011934,0.9553847202862673,0.12515707966716727,3.0,11.0,0.0,219.9469172462829,0.9704676451575543,0.02953235484244565,-2.1147514657374025,-1.889077726998587,-1432.3324992457963
139,-209.85207039904577,0.9185908354376568,0.11273919760376422,3.0,15.0,0.0,212.78447506497778,0.6975459754452696,0.30245402455473036,-2.2858938355749476,-1.7747204174590607,-1431.6266838677645
140,-210.81620014416004,0.9796048486681406,0.13396100016667895,3.0,7.0,0.0,211.2730965401039,0.06471266923476768,0.9352873307652323,-1.143145276895497,-2.253508445699903,-1431.3792172768578
141,-210.55909097734755,0.9801791571210224,0.12493595444521503,3.0,7.0,0.0,214.4204744224778,0.48706783176017815,0.5129321682398218,-2.5782350661475273,-1.7407749349300488,-1436.5535615716092
142,-211.9510420433914,0.9881517249394854,0.12515707966716727,3.0,15.0,0.0,213.2630802321317,0.9658165761825659,0.03418342381743411,-2.127994079348838,-2.331896196074802,-1431.9395656773881
143,-209.9143243458853,0.9984692984026233,0.11273919760376422,4.0,15.0,0.0,210.01307663450154,0.7459577493444589,0.2540422506555411,-2.2707358969220093,-1.6810271561063008,-1431.6545357175194
144,-209.79744166788677,0.8086078752417086,0.13396100016667895,3.0,15.0,0.0,213.35906369911297,0.4385195332317098,0.5614804667682902,-1.900196730234773,-2.290600478868177,-1431.8996992981538
145,-210.33500646707603,0.988669046785228,0.12493595444521503,4.0,19.0,0.0,211.0776127756533,0.19099087875980575,0.8090091212401942,-2.09298819798668,-2.1748633989249426,-1432.1759424422976
146,-212.79486883077232,0.9925163439880301,0.12515707966716727,4.0,15.0,0.0,213.7775008793671,0.9820683205010919,0.01793167949890806,-2.1588251699646106,-2.5558793007798846,-1432.3676636864216
147,-210.17900952760962,0.8369650334165837,0.11273919760376422,3.0,11.0,0.0,211.8941918967307,0.6064877262409795,0.39351227375902054,-2.216329085903239,-1.8072252007263652,-1434.9067200867678
148,-210.54997698792366,0.9358435322567822,0.13396100016667895,3.0,15.0,0.0,211.27853359584526,0.3202620257870039,0.6797379742129961,-1.907075660250756,-2.095879877535975,-1436.962354302615
149,-210.44584148872406,0.9992369317347694,0.12493595444521503,4.0,23.0,0.0,210.8722966812844,0.1788617470825088,0.8211382529174912,-2.3313851923871094,-2.073602110292008,-1432.0518430004188
150,-212.10909845224677,0.9248791062523821,0.12515707966716727,4.0,15.0,0.0,213.53419131115214,0.9572344679908643,0.04276553200913569,-2.056147785572939,-2.580988881681949,-1433.719893596776
151,-209.8230107863273,0.9929047676692987,0.11273919760376422,2.0,3.0,0.0,210.29575295534102,0.634540034539949,0.365459965460051,-2.2772161559875554,-1.8307694905928895,-1431.9388377714376
152,-209.88518042571908,0.987845852025495,0.13396100016667895,2.0,3.0,0.0,210.78114039848467,0.3402991900680775,0.6597008099319225,-1.9924809102931613,-2.187744775673915,-1431.9552575388498
153,-210.1206226033649,0.9293464117309063,0.12493595444521503,4.0,27.0,0.0,211.84488938818888,0.19072613880733155,0.8092738611926684,-1.6786812832504654,-2.2771472174369762,-1431.6437947707518
154,-212.30067032149196,0.9487415179637109,0.12515707966716727,4.0,15.0,0.0,213.24894290646245,0.735384960942457,0.264615039057543,-2.049495471338399,-2.899053787991371,-1444.3301995247625
155,-210.39378963361213,0.8662155373150453,0.11273919760376422,1.0,3.0,0.0,211.07159537089433,0.6501128654225794,0.3498871345774206,-2.4146036089203378,-1.858052214011977,-1435.1048247586764
156,-210.45732472505387,0.9315887516721141,0.13396100016667895,2.0,7.0,0.0,211.09212862105798,0.28769054266651617,0.7123094573334838,-1.9533029324864506,-2.0871763068908895,-1435.7821145354644
157,-210.10945040663586,0.6769252005925297,0.12493595444521503,4.0,31.0,0.0,213.35351546173553,0.8093579003316267,0.1906420996683733,-2.25148051927259,-1.438619099501886,-1432.3108319767491
158,-213.10277196149013,0.8613467844191458,0.12515707966716727,2.0,3.0,0.0,214.81675165430383,0.7624644893772491,0.2375355106227509,-2.0514538583696535,-3.0501290076966368,-1448.5919656236613
159,-210.37986159513753,0.9427873883197401,0.11273919760376422,3.0,15.0,0.0,212.14011022555877,0.4367735481506033,0.5632264518493967,-2.059241765286358,-2.03075828332865,-1436.342615587135
160,-211.31574264444876,0.6404284483931072,0.13396100016667895,1.0,3.0,0.0,214.00084698347823,0.23794427920090125,0.7620557207990988,-2.2250342009541164,-2.2677644489771827,-1439.2073031448947
161,-212.88505192221643,0.7732190268691679,0.12493595444521503,3.0,15.0,0.0,215.1695397870877,0.9682475543883663,0.031752445611633706,-2.019670340790204,-2.706513975976137,-1436.6574188655711
162,-209.81523814574925,0.9979470873636868,0.12515707966716727,4.0,31.0,0.0,213.71933163244017,0.47145123854431764,0.5285487614556823,-2.075480501684574,-2.180598051475237,-1431.9282784326595
163,-210.05038951860644,0.9986567321529116,0.11273919760376422,3.0,11.0,0.0,210.6568126677606,0.6071484327604718,0.3928515672395282,-2.268031935604108,-2.057723679382732,-1432.9779789962975
164,-210.64187206310407,0.9451064301091308,0.13396100016667895,4.0,15.0,0.0,215.33288639826623,0.802390247274773,0.19760975272522696,-2.2529351733615797,-1.2103347012366066,-1436.6934028916376
165,-212.395260641265,0.8187745379347394,0.12493595444521503,2.0,3.0,0.0,215.4521637757951,0.9624207611324952,0.037579238867504805,-2.1851133889882726,-2.6421406795126225,-1434.0928245069026
166,-209.99170097948206,0.9971960064967904,0.12515707966716727,4.0,31.0,0.0,210.26701146099873,0.23190325728327776,0.7680967427167222,-1.8004137212385858,-2.2261483775152233,-1431.5754523868281
167,-209.87943905584245,0.9992025718013199,0.11273919760376422,2.0,3.0,0.0,210.0760472277247,0.5867006248698671,0.41329937513013293,-2.243408306689143,-2.0396506320817966,-1432.0708096855096
168,-213.07671094758865,0.5921066743995085,0.13396100016667895,4.0,19.0,0.0,213.93261009639141,0.9747838959191031,0.025216104080896917,-2.329406932840442,-0.7732855241891681,-1441.0813007990698
169,-212.20292053403966,0.993272500885225,0.12493595444521503,4.0,31.0,0.0,214.78397030504783,0.021638803321324257,0.9783611966786757,-1.6170521119693206,-2.196269828948712,-1432.7925752611316
170,-212.50861357671087,0.902643573296142,0.12515707966716727,5.0,31.0,0.0,213.5088749264815,0.016688232711348856,0.9833117672886511,0.4074096160603006,-2.253334205585545,-1435.039848829173
171,-210.01399564094245,0.998495510793794,0.11273919760376422,3.0,15.0,0.0,210.27836353943698,0.3778291971832985,0.6221708028167015,-2.315917366346394,-1.9591379693108373,-1432.7784862383266
172,-211.2395128394445,0.9647224186527026,0.13396100016667895,2.0,5.0,0.0,212.10974911540936,0.9697072996346764,0.03029270036532361,-2.1918128027049435,-0.763311160640476,-1430.1717570116932
173,-211.38128108647896,0.9869915008403901,0.12493595444521503,4.0,31.0,0.0,213.5046185587453,0.029651643755134145,0.9703483562448658,-1.0521236922010442,-2.171860592717195,-1430.6303143666416
174,-212.91956965389227,0.9809184934617522,0.12515707966716727,4.0,31.0,0.0,214.28236402108695,0.02215657103343256,0.9778434289665674,1.1637293274714342,-2.1220097341619004,-1439.2680718807158
175,-211.59468691875415,0.9923136995647883,0.11273919760376422,5.0,39.0,0.0,211.7299210456714,0.9678786491153497,0.03212135088465029,-2.2593918646596953,-0.786557807179889,-1432.726217358111
176,-211.83656622866158,0.8479458708816379,0.13396100016667895,3.0,7.0,0.0,212.26235079215,0.9777081506047713,0.022291849395228658,-2.2354592770664654,-0.7298011819904515,-1432.1106574534099
177,-211.09092695022483,0.986945604853192,0.12493595444521503,3.0,7.0,0.0,211.44560642175105,0.04160875358899532,0.9583912464110047,-1.0303475515179323,-2.149787450262725,-1431.0007938140209
178,-212.45646889486477,0.9557643281448439,0.12515707966716727,3.0,7.0,0.0,214.21637441853184,0.01139382114218422,0.9886061788578158,0.8423178151617879,-2.1457140681163356,-1432.0199936384706
179,-215.78182604240337,0.5821134309002957,0.11273919760376422,3.0,15.0,0.0,216.63989560519977,0.9613433326503784,0.03865666734962159,-1.920429401258675,-0.5548668247174073,-1464.374182106401
180,-211.83656622866158,0.2282290214717805,0.13396100016667895,2.0,7.0,0.0,214.47468009517573,0.9777081506047713,0.022291849395228658,-2.2354592770664654,-0.7298011819904515,-1432.1106574534099
181,-211.6598527390207,0.8246541275750978,0.12493595444521503,2.0,3.0,0.0,211.96313848669078,0.03767058564548651,0.9623294143545135,-1.0359098180895219,-2.0876453237435184,-1434.48972323551
182,-210.60587349424415,0.7976405528600078,0.12515707966716727,5.0,31.0,0.0,213.71786766798067,0.26214916902402985,0.7378508309759702,-1.510556409877173,-2.211178872148755,-1437.2733736408125
183,-211.16765950243115,1.0,0.11273919760376422,2.0,3.0,0.0,215.65131091354613,0.967684169422546,0.03231583057745402,-2.1595555437575924,-0.6142039355700448,-1430.4061280704987
184,-210.19239017483883,0.8457806572206253,0.13396100016667895,4.0,31.0,0.0,214.5367288578406,0.27288556922716334,0.7271144307728367,-1.9321576298426189,-2.287760384105996,-1433.0423681828559
185,-210.43121754211714,0.9973242630159587,0.12493595444521503,3.0,15.0,0.0,211.89957317535482,0.0879644202040667,0.9120355797959333,-1.1645980007469519,-2.2339272302407993,-1430.699585962466
186,-212.57218133080255,0.8721091503121926,0.12515707966716727,2.0,3.0,0.0,212.59893167588984,0.18424872937315917,0.8157512706268408,-1.512685725571158,-2.5024859188454096,-1447.9223929858397
187,-210.8477846709112,1.0,0.11273919760376422,3.0,7.0,0.0,211.192928951952,0.9406212792420486,0.059378720757951364,-2.198770445734648,-0.5451517886607558,-1432.124651774963
188,-210.20730280604485,0.9497295086038161,0.13396100016667895,2.0,3.0,0.0,210.91176397369884,0.2898193450611575,0.7101806549388425,-1.8190774083462886,-2.355403234849006,-1433.4935660959343
189,-210.30006702362815,0.8639874224433223,0.12493595444521503,4.0,31.0,0.0,211.94277820223022,0.41838568974550233,0.5816143102544977,-1.8515741947947826,-2.1839058470036257,-1435.8601472003531
190,-211.286417609323,1.0,0.12515707966716727,2.0,3.0,0.0,212.36806489096492,0.19685332396275285,0.8031466760372472,-1.5130619829742733,-2.44485972101983,-1439.6353744531011
191,-211.0492869994363,0.9718755185880781,0.11273919760376422,3.0,11.0,0.0,211.20049277541102,0.9552608570955794,0.044739142904420603,-2.246694772959877,-0.5774201641914646,-1431.4525297638381
192,-210.67982071479616,0.9843519981201644,0.13396100016667895,3.0,15.0,0.0,211.01247929746881,0.2933470408244852,0.7066529591755148,-1.3613935492653435,-2.3506222913632837,-1438.0831164118429
193,-210.7901130259288,0.9978848591263653,0.12493595444521503,4.0,15.0,0.0,211.07001990734946,0.49018067675441723,0.5098193232455828,-1.627054705581706,-2.4953625519116027,-1438.845119613985
194,-211.03181962364266,1.0,0.12515707966716727,2.0,3.0,0.0,211.5905480504438,0.19833236155008818,0.8016676384499118,-1.4216876071200977,-2.1500799586689543,-1439.3167618015548
195,-211.24040773201452,0.9901054847303805,0.11273919760376422,3.0,15.0,0.0,211.70303879404239,0.9700010419272581,0.029998958072741888,-2.2029298182310115,-0.37177760032242024,-1430.4542825388337
196,-210.20970982470416,1.0,0.13396100016667895,3.0,7.0,0.0,210.75189858258526,0.2014129879267694,0.7985870120732306,-1.9556960987491736,-2.1516029630276927,-1432.154734764708
197,-211.7652634909476,0.9269112554310764,0.12493595444521503,4.0,15.0,0.0,213.3680077854024,0.03647509690382242,0.9635249030961776,-2.0905987185177226,-2.143319529635378,-1431.9529970217502
198,-210.6835872146766,0.8799306951453952,0.12515707966716727,3.0,11.0,0.0,212.6213795958061,0.3147904085039152,0.6852095914960847,-1.602710731293167,-2.4898724824447362,-1437.1839763439823
199,-211.53480181505003,0.9448042778812126,0.11273919760376422,4.0,27.0,0.0,211.91182479803433,0.9143352424393784,0.08566475756062164,-2.338193149989033,-0.5501889866862328,-1438.6553836996716
200,-210.2433662563408,0.9998033104625123,0.13396100016667895,3.0,7.0,0.0,210.28984486696027,0.19125201258354857,0.8087479874164514,-1.999147218239713,-2.1549403150701414,-1431.9561888488845
201,-210.80794407710812,0.8012001872071159,0.12493595444521503,3.0,11.0,0.0,213.64617484410118,0.10450034899650272,0.8954996510034973,-2.0322357184657402,-2.175694561354413,-1432.1921700346902
202,-210.0957529584624,0.9407913827404698,0.12515707966716727,2.0,3.0,0.0,211.23152076791618,0.27604946742757813,0.7239505325724218,-1.598182326429634,-2.3829320016178794,-1433.0585712941445
203,-211.36657592840848,0.8625000706755596,0.11273919760376422,3.0,7.0,0.0,214.00933151361875,0.9308076934570501,0.06919230654294994,-2.12616534629575,-0.6097450613484376,-1436.899180620715
204,-210.87883855115592,0.9732521609415856,0.13396100016667895,3.0,15.0,0.0,211.0683032581228,0.09721504147846434,0.9027849585215356,-1.966548719145073,-2.1919805067844527,-1432.4040593241336
205,-210.42467226851002,0.87817264262607,0.12493595444521503,4.0,15.0,0.0,211.9329026650717,0.2237064312786991,0.7762935687213008,-2.3993884925972635,-2.001910310281457,-1433.0375837908541
206,-210.38120399575115,0.9343057992618213,0.12515707966716727,4.0,31.0,0.0,211.0962226784172,0.39678837742119893,0.6032116225788011,-2.100383518991545,-2.294230937909211,-1435.0307333923447
207,-216.79093744093154,0.9067147241873983,0.11273919760376422,5.0,59.0,0.0,219.21437647556854,0.9995775956734823,0.0004224043265177446,-2.0216773580884277,1.4565924445465281,-1438.5045465506637
208,-211.82892113597885,0.9188246316187091,0.13396100016667895,4.0,31.0,0.0,212.69755517296687,0.04553786613360709,0.9544621338663929,-2.441174101250149,-2.081397531057595,-1432.7144464867783
209,-210.42467226851002,0.665441361843184,0.12493595444521503,2.0,7.0,0.0,213.2862145683676,0.2237064312786991,0.7762935687213008,-2.3993884925972635,-2.001910310281457,-1433.0375837908541
210,-210.35021442027684,0.9950041512216484,0.12515707966716727,3.0,15.0,0.0,210.76890305073005,0.4517037590260099,0.5482962409739901,-2.1486608889631045,-1.9584609871015455,-1436.108555494527
211,-216.5175830684309,0.8101290790289987,0.11273919760376422,2.0,3.0,0.0,218.81566069383908,0.999763522275669,0.00023647772433099679,-2.162220447952399,1.480983511129091,-1432.0407118644296
212,-210.74286927946767,0.9794753510039753,0.13396100016667895,4.0,15.0,0.0,212.42040646805856,0.6836556474123112,0.3163443525876888,-2.0690364748242374,-1.925453491410409,-1438.285203064476
213,-210.3205827957647,1.0,0.12493595444521503,4.0,31.0,0.0,210.66050753628807,0.6670127970438264,0.33298720295617357,-1.9057402675014627,-2.4037626052747947,-1434.32454776202
214,-210.67078836486365,0.9913554954857019,0.12515707966716727,3.0,15.0,0.0,210.73444615154258,0.7306488415212015,0.26935115847879854,-1.9894180170455973,-2.1789887662600465,-1436.5160970809684
215,-214.7208729103874,0.9642963338798031,0.11273919760376422,4.0,15.0,0.0,216.977280581368,0.9986706700927278,0.001329329907272192,-2.1844234965102056,1.2245254937042258,-1432.0644743700702
216,-210.06356409769992,1.0,0.13396100016667895,4.0,15.0,0.0,210.62255111351513,0.6386804523697233,0.36131954763027674,-2.260120245742405,-2.049066196545878,-1432.902400580911
217,-211.32328312949264,0.9859217454365662,0.12493595444521503,3.0,7.0,0.0,212.45670393982496,0.5834423581489057,0.41655764185109434,-1.7523787221860867,-2.7214467389651134,-1440.95156970421
218,-211.38771570436128,0.9692853841411823,0.12515707966716727,3.0,11.0,0.0,211.90821967472974,0.7983975160697943,0.20160248393020574,-2.35153371005627,-1.927570136415278,-1439.6138815298832
219,-214.86178496545276,0.9889959641647874,0.11273919760376422,3.0,15.0,0.0,215.5111667615922,0.9989178686639604,0.0010821313360396267,-2.095097090925808,1.0327388123449852,-1432.3222410531494
220,-211.0780428491655,0.9340157999604313,0.13396100016667895,4.0,31.0,0.0,214.20560917010187,0.9195869586516205,0.08041304134837945,-2.10586608994674,-1.5925002998835456,-1434.065829334965
221,-212.54236098920055,0.9739531826613684,0.12493595444521503,4.0,15.0,0.0,213.50847333137702,0.7286606240510529,0.2713393759489471,-1.794891067005399,-2.948202436002264,-1446.7066436441646
222,-211.07335773288722,0.9879543309443147,0.12515707966716727,3.0,11.0,0.0,212.03810456542658,0.43663194378855186,0.5633680562114481,-2.1164906347554147,-1.9069025519975875,-1441.347311934738
223,-214.24153982529884,0.8914907288283039,0.11273919760376422,4.0,31.0,0.0,216.55916458861861,0.9983720930882466,0.0016279069117534073,-2.133524667034134,0.7998798002235493,-1431.0830010422746
224,-213.73784816933247,0.8686196631315409,0.13396100016667895,4.0,15.0,0.0,214.570164504526,0.9966339704923846,0.0033660295076154423,-2.1786054987423724,-0.9024990531509609,-1432.2909480379128
225,-212.09083589674745,0.9735989714180229,0.12493595444521503,4.0,15.0,0.0,214.41987163896525,0.8825612714790922,0.11743872852090775,-2.257884739625367,-2.3313391411280406,-1440.3182455921672
226,-210.4324761427202,0.9601999988436981,0.12515707966716727,2.0,3.0,0.0,211.65372032005757,0.43924463666124847,0.5607553633387515,-2.168807916115496,-1.9360801884827625,-1436.6389538997662
227,-214.3800832125336,0.9811714810393485,0.11273919760376422,2.0,3.0,0.0,214.40612251640533,0.9984423984594789,0.001557601540521092,-2.1036456377529547,0.8110448047605642,-1431.829335313112
228,-214.35015170781767,0.6770218344515235,0.13396100016667895,3.0,15.0,0.0,215.4289894020566,0.9955737195602015,0.004426280439798536,-2.2472041620795222,-1.3176423800052677,-1437.3467665161731
229,-211.19105615699794,0.9613396529058665,0.12493595444521503,3.0,15.0,0.0,214.6837860686772,0.09933878439801516,0.9006612156019849,-1.6492412862234307,-2.2937007750152265,-1435.2904791514347
230,-211.5202357594483,0.9976265211864492,0.12515707966716727,3.0,7.0,0.0,212.7538268756979,0.6215897766385851,0.37841022336141494,-2.5831570177640732,-1.4711088295302694,-1443.502407544389
231,-213.05011623528483,0.8905256540682608,0.11273919760376422,5.0,43.0,0.0,215.40195244912553,0.9941095677495929,0.005890432250407085,-2.1300912460725434,-0.9071808713019589,-1431.5614719514158
232,-213.83521490446373,1.0,0.13396100016667895,4.0,15.0,0.0,214.6485580906765,0.9934861038950585,0.006513896104941463,-2.246367399049326,-1.1829210622927657,-1436.7383463569329
233,-211.36776161624041,0.9358810368614333,0.12493595444521503,3.0,11.0,0.0,212.26034490981746,0.05679212676612134,0.9432078732338787,-1.6626199655997556,-2.098635253781739,-1433.6691269711334
234,-211.39662164144505,0.9689008109144737,0.12515707966716727,4.0,15.0,0.0,212.3695417218719,0.6984246251724798,0.30157537482752017,-2.546135309477965,-1.4845482830865784,-1442.015482252497
235,-211.883316919028,0.9991883045478128,0.11273919760376422,2.0,7.0,0.0,213.47395307097915,0.9828107594139144,0.01718924058608562,-2.1684069142056543,-0.8790308158195759,-1430.721639962093
236,-214.16857293776602,0.3506048807727433,0.13396100016667895,4.0,15.0,0.0,215.902531154281,0.9947952369352416,0.0052047630647583665,-2.2586134139190253,-0.9505640641804237,-1437.880761788635
237,-211.337636181986,0.9956252804455296,0.12493595444521503,3.0,7.0,0.0,211.714128847293,0.0447648859987513,0.9552351140012487,-1.6541987245765841,-2.1690252903232157,-1431.6694221375826
238,-210.81307804051005,0.7689283185015825,0.12515707966716727,4.0,19.0,0.0,215.0339301610236,0.06679466403542227,0.9332053359645778,-1.2031205555063453,-2.149982702993554,-1431.8331269815783
239,-210.42701930490514,0.9542902588343638,0.11273919760376422,4.0,23.0,0.0,212.67573840041626,0.7784634312436152,0.22153656875638483,-2.3389049255160312,-1.2689445767368648,-1435.3233118549506
240,-219.41816393372946,0.41352591908779546,0.13396100016667895,3.0,15.0,0.0,219.68279983827918,0.9965414031045955,0.0034585968954045088,-1.8545155816650194,-1.140620839980363,-1472.4244868687297
241,-210.91098578327032,0.9606610491254339,0.12493595444521503,3.0,13.0,0.0,211.75135407887353,0.06707309505982992,0.93292690494017,-1.4533588936540822,-2.2269781502725827,-1431.671134965874
242,-211.8492793495638,0.6763536514456193,0.12515707966716727,2.0,7.0,0.0,213.55943334056101,0.04072662148823359,0.9592733785117664,-1.1977914340015252,-2.070743784791231,-1436.0635467844193
243,-210.28010385493155,0.9954001687449154,0.11273919760376422,4.0,15.0,0.0,210.58537788212965,0.8177880074561324,0.18221199254386755,-2.3369537516327292,-1.2882439303009074,-1433.264249710561
244,-213.7201937711287,0.7969292838887954,0.13396100016667895,4.0,27.0,0.0,218.2046084232438,0.9971815407367106,0.0028184592632893857,-2.1089774524180074,-0.28440135608241834,-1431.8375985368389
245,-211.65224001845087,0.9988398764885206,0.12493595444521503,4.0,31.0,0.0,212.54137550742567,0.10813211305982996,0.89186788694017,-0.4634621875524914,-2.2688798975458546,-1441.2552998067847
246,-212.54327982245485,0.9758038926868668,0.12515707966716727,3.0,11.0,0.0,212.8593016126673,0.02999064930293654,0.9700093506970635,-1.3917808250713082,-2.279355940927943,-1437.603317239904
247,-210.4695111557764,0.9838278416650551,0.11273919760376422,3.0,7.0,0.0,210.83907362596742,0.8639237180560759,0.13607628194392407,-2.1822357390809968,-1.312748980590524,-1433.483683357706
248,-214.41936538041895,0.7719779415480222,0.13396100016667895,3.0,13.0,0.0,214.66197670993034,0.9970441662718695,0.0029558337281304636,-2.2496582692609297,-0.20104846105133778,-1436.5005759247176
249,-211.9087700861227,0.9322477794586912,0.12493595444521503,3.0,9.0,0.0,212.51705521336314,0.01689755992180743,0.9831024400781926,-0.6958770296796555,-2.123099081336923,-1431.1982518593431
250,-213.85946703260774,0.9620729125019112,0.12515707966716727,5.0,31.0,0.0,215.5565506973231,0.9922280165837145,0.007771983416285488,-2.125381522705384,-2.9895959583844727,-1432.0644893325928
251,-212.09391660993663,0.6942063733010932,0.11273919760376422,4.0,27.0,0.0,214.998751577905,0.8846275863609048,0.11537241363909523,-2.350863550932437,-1.7778404928641283,-1441.8269439983717
252,-211.6350738468044,1.0,0.13396100016667895,4.0,27.0,0.0,214.94635676302724,0.8306629146325202,0.16933708536747982,-2.2703309855606584,-0.8220610464200546,-1443.3402725059018
253,-212.23826019900264,0.9987320914035765,0.12493595444521503,3.0,15.0,0.0,212.4893032763214,0.01259536430005131,0.9874046356999487,-0.785338814953039,-2.1841504888362793,-1431.1331934438933
254,-213.78454683979155,0.8787676952209559,0.12515707966716727,2.0,3.0,0.0,214.88239800453954,0.9893614151280625,0.010638584871937473,-2.177260914632598,-3.0308891402321096,-1433.2883412731999
255,-210.78447004102725,0.9164601628544388,0.11273919760376422,1.0,3.0,0.0,213.18749208298524,0.8956696853279992,0.10433031467200082,-2.1209503702449433,-1.7696832630798371,-1433.085099772439
256,-211.71894169529975,0.9877999351070428,0.13396100016667895,2.0,3.0,0.0,211.91596311662815,0.8182820969596075,0.18171790304039248,-2.3165795166656253,-0.8368024095964856,-1444.0990281195777
257,-211.36493202916455,0.6887500688190558,0.12493595444521503,3.0,9.0,0.0,214.4072783493359,0.11169291177177293,0.8883070882282271,-0.815720028510654,-2.3723593763587805,-1438.663037712358
258,-212.80990315511832,0.9854658669170033,0.12515707966716727,4.0,31.0,0.0,213.90711975766936,0.9704862679407243,0.029513732059275655,-2.1305625569978406,-3.1502617246351643,-1433.0077177478865
259,-210.50966984998428,0.9482676396795223,0.11273919760376422,3.0,15.0,0.0,212.13019437286385,0.5870902975923102,0.41290970240768976,-2.3392360241864063,-1.6190586990234916,-1437.3718997090832
260,-211.8875018666842,0.37503153402956013,0.13396100016667895,4.0,21.0,0.0,215.6217600767404,0.8575269275763259,0.14247307242367413,-2.2916462795624875,-2.137257250692673,-1440.6659538165834
261,-210.96845096165455,0.9526666979283109,0.12493595444521503,3.0,9.0,0.0,212.22878633332004,0.040085979034723204,0.9599140209652768,-0.7838867427766709,-2.1860319087531512,-1430.1585741802069
262,-212.96359349385637,0.981957742539337,0.12515707966716727,4.0,15.0,0.0,213.96387204293887,0.9781004870640544,0.02189951293594561,-2.0933317599388137,-3.0592586257056684,-1432.6858668749087
263,-211.005653304647,0.9085857043799962,0.11273919760376422,4.0,19.0,0.0,213.57569347480913,0.9042758533764305,0.09572414662356954,-2.1733157890969035,-2.161104188291223,-1432.5616418912384
264,-211.5715930533042,1.0,0.13396100016667895,2.0,3.0,0.0,211.8929602426303,0.8735462352449467,0.12645376475505332,-1.998833292830648,-2.1646766477317145,-1438.7705856649197
265,-211.4000194638598,0.9734388789664571,0.12493595444521503,4.0,23.0,0.0,211.80475206644127,0.02528363431334099,0.974716365686659,-0.2308287381736114,-2.197077892107184,-1430.5046499446169
266,-213.31604108469256,0.9981792099208932,0.12515707966716727,4.0,15.0,0.0,214.30509264301864,0.9911706420857497,0.008829357914250324,-2.1049873131860153,-2.301715315910407,-1432.4017461736873
267,-210.00365773452887,1.0,0.11273919760376422,4.0,15.0,0.0,211.24926013123718,0.5076763315969552,0.49232366840304476,-1.9629439869314171,-2.4021374384551835,-1432.7665416879454
268,-211.91164465704992,0.9349774583605872,0.13396100016667895,2.0,3.0,0.0,212.0209300376935,0.8685364879088341,0.1314635120911659,-2.272317365568307,-2.2174543504904105,-1440.1399198340346
269,-211.36198690951485,0.9326986197408587,0.12493595444521503,2.0,7.0,0.0,211.91828030965883,0.0363323550233853,0.9636676449766147,-0.14434310018710172,-2.1493437563358113,-1432.8747608473366
270,-212.6097085840384,0.9896654121326961,0.12515707966716727,4.0,31.0,0.0,214.76919285167781,0.5545882144286602,0.44541178557133976,-2.728613856448377,-1.7431179396927179,-1449.944387878515
271,-210.98592824150447,0.9502641713467447,0.11273919760376422,3.0,9.0,0.0,211.48069127443807,0.5909050289806324,0.40909497101936765,-1.7256362901638247,-2.4725476842573584,-1439.7807128180152
272,-211.5166742368152,0.7728528064611211,0.13396100016667895,3.0,11.0,0.0,214.07295708735322,0.8077076458431408,0.1922923541568592,-1.9672363481104018,-2.933541186729605,-1437.4687848971164
273,-212.65738198354154,0.9850151096537941,0.12493595444521503,3.0,15.0,0.0,212.76399679451515,0.0068802197743758915,0.9931197802256241,-0.08708922909446516,-2.132927315655894,-1430.6082266663798
274,-210.27767790597017,1.0,0.12515707966716727,3.0,7.0,0.0,213.37906174251438,0.28309803955765356,0.7169019604423464,-2.373677730945264,-1.970922720776263,-1433.3111383913722
275,-211.50816915055466,0.9722537481765857,0.11273919760376422,5.0,31.0,0.0,212.16201641686345,0.24839773244443988,0.7516022675555601,-2.6783703674042334,-2.1177743836056844,-1439.386703681044
276,-211.40002305558508,0.8326475777772929,0.13396100016667895,2.0,7.0,0.0,212.88873668976754,0.8905122355585833,0.10948776444141672,-2.1612238916645397,-2.5818013871556977,-1434.4302592379438
277,-211.81308555200968,0.9618894351970617,0.12493595444521503,4.0,15.0,0.0,215.04167176020187,0.019391222269581343,0.9806087777304187,-1.0121524691809674,-2.1590237043746603,-1430.8713203520736
278,-210.0972407524864,0.9990972513913615,0.12515707966716727,4.0,15.0,0.0,210.50470167592516,0.458387494720533,0.541612505279467,-2.4961543339571874,-1.8707697627570083,-1433.2740833037928
279,-211.9048447576445,0.9939292092232116,0.11273919760376422,4.0,31.0,0.0,212.90319786087522,0.9577128338165833,0.04228716618341666,-2.0664166327922717,-1.5354996460175279,-1435.9143038014988
280,-210.3779921700206,0.9121874336635509,0.13396100016667895,4.0,15.0,0.0,211.83040859900285,0.5547779981065811,0.4452220018934189,-1.7638585135289366,-2.5013891625900015,-1435.4909854849088
281,-212.87013575387923,0.9953254911612925,0.12493595444521503,2.0,7.0,0.0,213.06935525516278,0.007241760123007097,0.9927582398769929,-0.9863139588323997,-2.158890281609347,-1431.4994719921144
282,-211.67328980915462,0.922159154859363,0.12515707966716727,3.0,7.0,0.0,212.21825995870353,0.6224755778696173,0.37752442213038273,-2.6196897277832325,-1.5623535843367968,-1444.15019470544
283,-211.70808311194222,0.9911223915736503,0.11273919760376422,4.0,31.0,0.0,213.79723482197267,0.49395051007074897,0.506049489929251,-2.703068352884458,-1.8182716030011565,-1443.6867019658841
284,-210.17451147035135,0.8409049186942822,0.13396100016667895,3.0,15.0,0.0,212.97528570872305,0.21542322881673706,0.784576771183263,-1.911890547365697,-2.1544836410110078,-1432.3894356931144
285,-212.3160459251689,0.5468508335537569,0.12493595444521503,4.0,23.0,0.0,215.16998739039903,0.4191429579720092,0.5808570420279908,-1.3612408941192422,-2.4965185657661917,-1449.8864004948628
286,-210.09886305970534,1.0,0.12515707966716727,4.0,15.0,0.0,212.1708391440573,0.23695007708184598,0.763049922918154,-1.8226276937198225,-2.1782798019827267,-1432.5314371934085
287,-213.00941555088397,1.0,0.11273919760376422,5.0,39.0,0.0,213.54611120986675,0.007308522962203153,0.9926914770377968,0.2835096393287213,-2.0721489175920906,-1433.6120010619788
288,-210.0877245075342,1.0,0.13396100016667895,2.0,3.0,0.0,210.18061580876136,0.23087851421354266,0.7691214857864573,-1.9588472248098254,-2.1985188483255644,-1431.8086614162983
289,-211.1500958735529,0.892975469649134,0.12493595444521503,2.0,3.0,0.0,213.02859547668052,0.35576305949217085,0.6442369405078292,-1.4019685530128965,-2.487754284738834,-1441.3557221018484
290,-212.33435242117255,0.8490901057087992,0.12515707966716727,4.0,19.0,0.0,214.0670685221222,0.02190129914977956,0.9780987008502204,-1.13566445676495,-2.2513686663517114,-1434.7145156018678
291,-212.71035103432098,0.9993351497309882,0.11273919760376422,3.0,7.0,0.0,213.20863742256526,0.006451028280541991,0.993548971719458,0.3518568705752123,-2.1513147411779503,-1430.3638006171946
292,-210.24454620546547,0.941398577819583,0.13396100016667895,4.0,23.0,0.0,211.12587509334352,0.7882044593756489,0.21179554062435113,-2.2027193933855096,-1.562974129583111,-1433.6531933243018
293,-210.3370017413028,1.0,0.12493595444521503,3.0,7.0,0.0,211.29435417533008,0.15251903237649592,0.8474809676235041,-1.405378548106365,-2.1942589163215347,-1432.9607556718952
294,-211.92799366069127,0.9778221268098196,0.12515707966716727,3.0,15.0,0.0,212.7199390654139,0.019162012994611635,0.9808379870053884,-1.0061138200610138,-2.11865313279714,-1431.7441921274644
295,-211.0093089440805,0.9982452361675838,0.11273919760376422,4.0,31.0,0.0,213.21201980017207,0.06408062052300281,0.9359193794769972,-0.7977562248718673,-2.2930952501888235,-1433.0734611250339
296,-210.29026358912336,0.9850153482233184,0.13396100016667895,2.0,7.0,0.0,211.78213935837556,0.8601703657092354,0.13982963429076456,-2.2315676829175692,-1.6518419506186885,-1431.3473281324084
297,-212.63873380787476,0.9823024368153926,0.12493595444521503,4.0,31.0,0.0,215.1769032195532,0.007196002027766725,0.9928039979722333,-0.32934747817107013,-2.157721736712569,-1430.6082275848496
298,-211.82517215768786,0.8927126929515313,0.12515707966716727,4.0,27.0,0.0,213.22375548886768,0.32894517219177927,0.6710548278082207,-1.339113001553489,-2.555280269719207,-1445.6140508822355
299,-212.06276377439028,0.9487567314131106,0.11273919760376422,2.0,7.0,0.0,212.22670761418775,0.04436009029052958,0.9556399097094704,-0.8291663642397433,-2.329351680452017,-1437.7649872519266
300,-210.91393156476758,0.8384264639567898,0.13396100016667895,2.0,7.0,0.0,211.80005825589475,0.9210218668860397,0.07897813311396029,-2.1896509676119447,-1.7949961493099962,-1431.9155201651538
301,-211.44951045517342,0.9785201222485647,0.12493595444521503,2.0,7.0,0.0,214.2133169664774,0.02376213223320211,0.9762378677667979,-0.24384520910417756,-2.1516968184399,-1430.5936448950793
302,-212.1290073874937,0.8453660188647206,0.12515707966716727,5.0,43.0,0.0,216.43394285818889,0.018922191133089773,0.9810778088669102,0.507869293841421,-2.1198720017443398,-1433.6943183862284
303,-211.79784283351017,0.9988042343008711,0.11273919760376422,3.0,11.0,0.0,212.37933610522097,0.10508309986775334,0.8949169001322467,-1.1558279062255599,-2.0793970158030217,-1441.8304482799003
304,-210.75289889178072,0.8197687646927077,0.13396100016667895,4.0,15.0,0.0,212.4943148720639,0.11733349780096097,0.882666502199039,-2.154544443581873,-2.1570647982329554,-1432.139879153302
305,-211.10560621242055,0.9114135272304268,0.12493595444521503,4.0,27.0,0.0,212.8566345990096,0.04406266060113493,0.955937339398865,-0.40353914810480596,-2.239988110943578,-1431.9144766596664
306,-212.32742530595,0.9238626182583081,0.12515707966716727,4.0,15.0,0.0,212.66184609952353,0.031104188026398097,0.9688958119736019,0.49750652507444726,-2.2401907522698643,-1437.9678563404075
307,-210.57684842153992,0.9523741275366965,0.11273919760376422,3.0,7.0,0.0,213.89230224664425,0.07134669785441866,0.9286533021455814,-1.084989691634493,-2.194715700798419,-1430.6885229408676
308,-210.32809743697896,0.9835540788660746,0.13396100016667895,3.0,15.0,0.0,211.05536700539062,0.19944461441337077,0.8005553855866292,-2.2858145555908966,-2.099315728674549,-1431.9045841402572
309,-211.13118572396527,0.9920898952317715,0.12493595444521503,2.0,7.0,0.0,211.85620451945042,0.0604605771191366,0.9395394228808635,-0.36436132991868664,-2.250164851650673,-1434.1436398685078
310,-212.6586758256123,0.9221561214194061,0.12515707966716727,3.0,11.0,0.0,213.32700107739484,0.014587401879359405,0.9854125981206406,-0.00736443098395094,-2.055009077921022,-1436.0428446695623
311,-210.55753101309804,0.986341691587106,0.11273919760376422,5.0,31.0,0.0,211.7005786246253,0.5397731767822442,0.46022682321775576,-2.081332102921822,-2.4066421809338268,-1436.1182136752925
312,-213.35099024365465,0.6517049835652557,0.13396100016667895,2.0,7.0,0.0,215.40942408260506,0.1357343924014309,0.8642656075985691,-2.0926401969174506,-1.9114337815787827,-1452.037580257543
313,-210.62681774508277,0.9684406257264179,0.12493595444521503,4.0,31.0,0.0,212.15290996832763,0.1957117846635396,0.8042882153364603,-1.21387186246041,-2.2500640560694394,-1436.542823917857
314,-212.3830075926644,0.4967219467184439,0.12515707966716727,2.0,3.0,0.0,216.9566195310655,0.014182520030126867,0.9858174799698731,-0.03940577921299492,-2.0769117043294485,-1433.8675559016413
315,-209.91757066275733,0.9758178032181818,0.11273919760376422,3.0,15.0,0.0,212.13024443608717,0.27741160212909793,0.722588397870902,-1.674535847565099,-2.2723089387819684,-1432.0776240102193
316,-212.24078999003305,1.0,0.13396100016667895,2.0,7.0,0.0,213.80303243379078,0.15039126838684386,0.8496087316131562,-2.2534660329295715,-1.9300699294387846,-1444.293408315981
317,-211.45532696041866,0.6549864703528927,0.12493595444521503,4.0,31.0,0.0,216.36821300340458,0.572548908881689,0.42745109111831103,-2.5572331939425306,-1.4834713158056072,-1443.4116507525043
318,-211.6791396669934,0.9727562732299704,0.12515707966716727,3.0,7.0,0.0,212.72426861991278,0.019433122108890387,0.9805668778911096,-0.1806723938732594,-2.2050977028746055,-1430.6434474297246
319,-209.98316737484782,0.9982350260803877,0.11273919760376422,5.0,47.0,0.0,210.7725141282128,0.7672797955372839,0.23272020446271613,-2.2334957257865486,-1.6984655761093923,-1431.8131554614606
320,-210.20008686860737,0.9329283554174909,0.13396100016667895,2.0,7.0,0.0,215.44513390270515,0.30055286296972367,0.6994471370302764,-2.4975366394897582,-1.9682812039053081,-1432.5062000929483
321,-210.09667163499313,1.0,0.12493595444521503,3.0,11.0,0.0,212.2127308048762,0.8008854699927566,0.19911453000724344,-2.2779705085937287,-1.4097714888713684,-1432.4175797519965
322,-210.5687740208281,0.9031439837287139,0.12515707966716727,5.0,39.0,0.0,212.37877755810663,0.19930877404944314,0.8006912259505569,-1.7516678872567457,-2.123871714965763,-1435.3362038502949
323,-210.15802998335093,0.925172002993474,0.11273919760376422,5.0,39.0,0.0,211.05115537319242,0.24337116035779438,0.7566288396422056,-2.0607745706736047,-2.1174173322787384,-1432.4936713468937
324,-210.16662717183158,0.9919900426833826,0.13396100016667895,3.0,13.0,0.0,210.7776650227177,0.250032598683936,0.749967401316064,-2.29005482694713,-2.0931074510122913,-1431.9055276357044
325,-210.8607287301614,0.9730450309124485,0.12493595444521503,4.0,15.0,0.0,211.8888180906586,0.9161654661074478,0.08383453389255224,-2.243222853752607,-0.6073690663874806,-1434.182223737666
326,-209.9414411638882,0.9922879649605247,0.12515707966716727,4.0,27.0,0.0,211.1247374398913,0.5661683953458307,0.43383160465416926,-2.279718920228999,-2.035586646576396,-1432.4604329412887
327,-210.90148678352804,0.9902972774154378,0.11273919760376422,3.0,7.0,0.0,211.0896691563057,0.09431711474714227,0.9056828852528578,-2.140460259519941,-2.140282355631129,-1431.9502509617867
328,-210.0972385864776,0.9756366270092328,0.13396100016667895,3.0,15.0,0.0,211.79324738714612,0.8087301538681114,0.19126984613188858,-2.300943041487798,-1.5738044394925346,-1431.6977578393717
329,-211.04396044781518,0.9568022318562798,0.12493595444521503,3.0,15.0,0.0,211.99512920294174,0.9307027639945037,0.06929723600549631,-2.3060444813262855,-0.9134123323931107,-1433.5925261408656
330,-211.1729685636396,0.9876463573430165,0.12515707966716727,4.0,15.0,0.0,211.82264494683653,0.15935926468840608,0.8406407353115939,-2.581375629167839,-2.1470352396842447,-1435.1112067922795
331,-211.63465488338284,0.9961851357939623,0.11273919760376422,4.0,31.0,0.0,212.51325201944852,0.13333908427048086,0.8666609157295191,-0.6609727127227062,-2.3387479859148588,-1441.9135022132798
332,-209.84617771470192,0.9491880411768346,0.13396100016667895,4.0,27.0,0.0,210.65485250954208,0.4264644434809494,0.5735355565190505,-2.2390947978308957,-2.0460737432240528,-1431.894919096454
333,-211.42101844840445,0.9783397717739796,0.12493595444521503,2.0,7.0,0.0,212.63732595081294,0.9686708676264867,0.03132913237351331,-2.2256322157142954,-0.9167281022397009,-1431.298999974585
334,-210.56268916692372,0.9271012173814831,0.12515707966716727,3.0,9.0,0.0,212.48039405488436,0.4238469441743675,0.5761530558256325,-2.445236067685003,-1.7650838685987673,-1436.924221736175
335,-210.03538144343486,0.9620470346287135,0.11273919760376422,4.0,23.0,0.0,214.35158626358992,0.2820889638216003,0.7179110361783997,-1.7256113375295117,-2.2214057578602926,-1433.0096312166654
336,-210.7015335447541,0.9314840360781993,0.13396100016667895,4.0,15.0,0.0,211.74617576125632,0.4475806068538009,0.5524193931461991,-2.3632906227909247,-1.7562751284384097,-1438.3361306296038
337,-211.18309909024688,0.9996763699132328,0.12493595444521503,3.0,15.0,0.0,212.3482011568492,0.9606658436022604,0.03933415639773963,-2.2183391876588887,-1.05316215687331,-1430.9659319628252
338,-210.54222706706423,0.9919484829912334,0.12515707966716727,4.0,15.0,0.0,211.8018359446248,0.1638873541053596,0.8361126458946404,-2.394824863928842,-2.08954902933857,-1431.9222969341995
339,-212.88317858202498,0.9658954045792525,0.11273919760376422,4.0,27.0,0.0,215.49288509478947,0.00855239261133538,0.9914476073886647,1.1970132118721721,-2.1673765955231024,-1432.3006066727296
340,-212.70394539831776,0.6807473422573554,0.13396100016667895,1.0,3.0,0.0,213.27436858714003,0.4266898456918431,0.5733101543081569,-2.1399691461668313,-1.7707980741923828,-1452.9186666768107
341,-212.01603638539981,0.8541388299876685,0.12493595444521503,4.0,15.0,0.0,216.83784042452677,0.874156055518122,0.12584394448187797,-1.9960306538159647,-3.095015556741094,-1437.596574840541
342,-210.4185324775876,0.998532147972371,0.12515707966716727,3.0,15.0,0.0,210.92968538413592,0.17537803542155375,0.8246219645784463,-2.2588908073243044,-2.103224932358038,-1431.9370722700887
343,-214.17686056490436,0.9901356006702019,0.11273919760376422,4.0,15.0,0.0,214.6626065667332,0.0024926773145082987,0.9975073226854917,1.4968202804761,-2.098103607645084,-1432.3206610985274
344,-214.40325400589256,0.9271899731571068,0.13396100016667895,4.0,23.0,0.0,215.09026248729538,0.8788325836543137,0.12116741634568629,-2.3543382702041353,-2.3688770073412604,-1455.9420552582276
345,-210.54761602227794,0.9977796950164076,0.12493595444521503,3.0,7.0,0.0,212.17726052701377,0.8162902879679094,0.18370971203209063,-2.0310750591934323,-2.503514675585272,-1432.330834590507
346,-210.4906575864508,0.7738734171080004,0.12515707966716727,3.0,15.0,0.0,212.42778782633715,0.14690147287881625,0.8530985271211837,-2.0707616460583713,-2.1311200057638824,-1432.0472193846242
347,-213.264108258911,0.9978974324680061,0.11273919760376422,2.0,7.0,0.0,214.5027782142203,0.006063473076628189,0.9939365269233719,1.4261182585665986,-2.1255103652694594,-1432.209789598738
348,-211.49557152730375,0.8295171211015389,0.13396100016667895,3.0,15.0,0.0,215.64840996013146,0.16826867404258825,0.8317313259574117,-1.623757837564595,-2.0692882419516647,-1441.4020197930781
349,-210.05437079387667,0.9743676515489312,0.12493595444521503,3.0,15.0,0.0,211.7875857874806,0.28409692272677023,0.7159030772732298,-1.9506322208078475,-2.2602905426914432,-1432.3056879548278
350,-212.74894136475126,0.9530375483159104,0.12515707966716727,5.0,47.0,0.0,213.24451349344633,0.9877151013937834,0.012284898606216621,-2.2547450044464896,-0.48005222837877604,-1434.553607261681
351,-214.46119396699126,0.9931541560179254,0.11273919760376422,4.0,15.0,0.0,214.76151296540598,0.0019439069015165609,0.9980560930984834,1.767514293510525,-2.1558413496683544,-1431.5958284198766
352,-210.53154060616842,0.9094850588112285,0.13396100016667895,5.0,31.0,0.0,212.8734871919032,0.801649005671182,0.19835099432881798,-2.383919565566592,-1.519216019579762,-1434.6983084041178
353,-210.02811216503002,0.6533100487219018,0.12493595444521503,3.0,9.0,0.0,212.47323853109506,0.5321471503991365,0.4678528496008635,-2.0730568833692975,-2.309690291504254,-1432.9008647054466
354,-211.80624310683623,0.9604605584278648,0.12515707966716727,2.0,3.0,0.0,213.5486302787034,0.9836062731526538,0.01639372684734619,-2.144041629790276,-0.5146724606877161,-1430.3967031792197
355,-214.11499763736944,0.9955697962055681,0.11273919760376422,4.0,31.0,0.0,215.24359116723542,0.044699400247922086,0.9553005997520779,1.1139084886971702,-2.2063288887019605,-1451.9955725902385
356,-212.42308626830098,0.9514390771921764,0.13396100016667895,4.0,31.0,0.0,215.13760127597564,0.9885645037172136,0.011435496282786395,-2.1546708396456147,-1.0963797285707284,-1431.3557638818509
357,-211.46564324873827,0.9133803737825077,0.12493595444521503,4.0,19.0,0.0,211.72443814842802,0.9008749782716882,0.09912502172831184,-2.2770540245060893,-1.8733400115875531,-1436.5580903007558
358,-211.26467681349556,0.9634423656122523,0.12515707966716727,4.0,23.0,0.0,213.52438679572663,0.8260781029562524,0.1739218970437476,-2.3286549415494906,-0.9002166857088534,-1440.5801313022564
359,-216.63025380126894,0.9993483819482076,0.11273919760376422,5.0,47.0,0.0,217.3512458484264,0.000808907333704774,0.9991910926662952,3.381969095360753,-2.09230456161988,-1433.5850121637764
360,-212.36158078737196,0.6620783235753314,0.13396100016667895,3.0,15.0,0.0,212.9249423685103,0.988330037328665,0.011669962671335021,-2.1488613113410064,-1.0194072688652964,-1431.2316707948755
361,-210.0440471206974,0.9942508781124738,0.12493595444521503,4.0,15.0,0.0,211.502960147515,0.5235637171134805,0.4764362828865195,-2.4423506980164977,-1.7657075837837883,-1433.498613840834
362,-210.95940482625372,1.0,0.12515707966716727,3.0,15.0,0.0,211.99251209112037,0.9568548438698811,0.04314515613011893,-2.1631263309287365,-0.7500077738103355,-1430.7129472535394
363,-212.62353474155896,0.9985087543258151,0.11273919760376422,5.0,39.0,0.0,217.3098640390837,0.011834764093750668,0.9881652359062494,-1.1982762462435448,-2.0936308534480195,-1432.9967076495695
364,-209.83525968390484,0.815544833363777,0.13396100016667895,4.0,15.0,0.0,216.04976733477113,0.649839212792758,0.350160787207242,-2.304049752744115,-1.7701105770451981,-1431.9750750878638
365,-210.94561650370517,0.9344513204334345,0.12493595444521503,5.0,31.0,0.0,211.13511608022122,0.09368492894886106,0.906315071051139,-2.228295401870863,-2.1246225019950287,-1431.9397812469654
366,-210.91568143141666,0.9963510094679657,0.12515707966716727,3.0,7.0,0.0,211.0756469685552,0.9541014719431695,0.04589852805683048,-2.2275340226271845,-0.7502956333488363,-1430.5737891801039
367,-211.17024654208026,0.988215805077931,0.11273919760376422,4.0,23.0,0.0,215.31032570144805,0.19907561816225738,0.8009243818377426,-1.0623763683297849,-2.2638637658992313,-1440.629438905593
368,-211.2408980121928,0.43026342922800437,0.13396100016667895,2.0,7.0,0.0,215.29364886522717,0.38514098098865607,0.6148590190113439,-2.739431124566385,-1.799022555251798,-1439.9752561884284
369,-210.00889286608415,0.9063924834772731,0.12493595444521503,4.0,15.0,0.0,211.57374252583085,0.4729234695725512,0.5270765304274487,-2.444219840558526,-1.8298957628274746,-1433.043677589323
370,-210.75252719943308,0.9227482494330145,0.12515707966716727,2.0,7.0,0.0,211.90563929061284,0.9123536492015392,0.08764635079846084,-2.2700427682135307,-0.7176359791406274,-1433.482471047545
371,-211.51443249956847,1.0,0.11273919760376422,4.0,15.0,0.0,212.28019654389138,0.02107252285555194,0.978927477144448,-0.3268183484501157,-2.181654851896119,-1430.0783540058808
372,-210.8890249653316,0.9771642599976123,0.13396100016667895,4.0,15.0,0.0,211.6103099880704,0.37758951426867865,0.6224104857313213,-2.4921400185939966,-1.7659818484035692,-1438.7109358994749
373,-209.8671879209047,0.9782805213391192,0.12493595444521503,3.0,15.0,0.0,210.8674899252183,0.5889665600477068,0.41103343995229324,-2.310547587467075,-1.9492064991095757,-1432.022340599655
374,-212.09635767819665,0.8972942281282952,0.12515707966716727,2.0,7.0,0.0,212.46980950053603,0.9324846296751791,0.06751537032482091,-2.0730799069332386,-0.6513008494388248,-1441.9305250017446
375,-212.46307995564555,0.9492699106544721,0.11273919760376422,3.0,7.0,0.0,213.14805104539948,0.01648245649337476,0.9835175435066252,-0.15164142605531217,-2.0618306627691028,-1435.4780627266282
376,-210.1020512257812,0.9467090218329214,0.13396100016667895,3.0,11.0,0.0,211.33568784855473,0.5711713483406732,0.4288286516593268,-1.8483924704821355,-2.4084826405800266,-1433.6570788141887
377,-210.73078360967668,0.9673927504425447,0.12493595444521503,4.0,15.0,0.0,211.90733020692562,0.9242204100533956,0.07577958994660439,-2.163535734200437,-1.4519207422843956,-1431.4487600502137
378,-211.01506964843486,0.9694206768754478,0.12515707966716727,3.0,7.0,0.0,212.50552402556266,0.9221893105983165,0.07781068940168345,-2.3151288329394717,-0.8065130757280237,-1434.25241269414
379,-216.44440286951027,0.971456723845581,0.11273919760376422,4.0,31.0,0.0,218.67576821575284,0.0025679904325461777,0.9974320095674538,2.457122538185496,-1.9818922853812488,-1445.320215782472
380,-209.9552903650494,0.9979390530506204,0.13396100016667895,3.0,15.0,0.0,210.51148087285122,0.2937369688215335,0.7062630311784666,-1.6473735830062228,-2.2823176748851184,-1432.613877270723
381,-210.50360135590208,0.9918876318805425,0.12493595444521503,5.0,39.0,0.0,212.23099680661895,0.07697455537765419,0.9230254446223458,-1.0327723721938842,-2.2242243813873097,-1430.6479154448339
382,-211.21613410707576,0.9619298785968237,0.12515707966716727,3.0,11.0,0.0,212.07640168368033,0.8850950351447083,0.11490496485529167,-2.125909152742112,-1.111235251529195,-1438.2715481369219
383,-217.09263827166842,0.9788436831939027,0.11273919760376422,2.0,3.0,0.0,217.26908063796813,0.0025811966386776867,0.9974188033613223,2.4075485417422424,-1.9536935650233418,-1450.1374706260078
384,-210.49927942206122,0.990289306055553,0.13396100016667895,4.0,23.0,0.0,210.77365135481992,0.08239721260389378,0.9176027873961062,-1.0426811027778626,-2.250012203095609,-1430.9302306974034
385,-210.180171505677,0.9995386365683754,0.12493595444521503,4.0,31.0,0.0,210.90387350875133,0.18086404065008035,0.8191359593499197,-1.3071460080978576,-2.301885389553276,-1432.6321324323776
386,-212.86942494234762,0.9427132422413251,0.12515707966716727,3.0,15.0,0.0,213.8825285512805,0.7788482304609914,0.2211517695390086,-2.5701270929886246,-1.2586249158794691,-1451.2286752493726
387,-214.48175799247878,0.980830264966982,0.11273919760376422,3.0,15.0,0.0,219.1633557026736,0.005974720256737,0.994025279743263,2.535038247019188,-2.202573440204363,-1436.4388964060572
388,-211.15975928995957,0.8996457823565993,0.13396100016667895,5.0,31.0,0.0,212.2411668966761,0.9147161212830589,0.0852838787169411,-2.2995744357442276,-1.4504006488178385,-1434.6363597719421
389,-210.7964109717746,0.9533244837305727,0.12493595444521503,3.0,15.0,0.0,211.3796498576947,0.062099126853913236,0.9379008731460867,-1.109289401587639,-2.1576317540605747,-1431.4080515946043
390,-211.58529578643805,1.0,0.12515707966716727,3.0,7.0,0.0,213.06418674490843,0.7847280736236366,0.2152719263763634,-2.483981475482544,-1.199383657738001,-1442.7257141027153
391,-214.33938298959052,0.9238435493793081,0.11273919760376422,4.0,15.0,0.0,217.6380909453091,0.003564623971283461,0.9964353760287166,2.177891377811227,-2.1851728687396577,-1433.4237483119434
392,-210.18804166089836,1.0,0.13396100016667895,4.0,23.0,0.0,211.07661637826857,0.4344723278791842,0.5655276721208158,-2.2049876716360077,-2.1946659669577824,-1433.8745832753718
393,-210.46045032292264,0.999154289271698,0.12493595444521503,3.0,7.0,0.0,210.95528462282792,0.08568209588580036,0.9143179041141997,-0.9919450868058465,-2.223702812662134,-1431.098041461524
394,-213.2769339268358,0.816110784431247,0.12515707966716727,4.0,23.0,0.0,214.72950113151458,0.7096310674556655,0.2903689325443345,-1.6851914278126787,-2.8383457587329097,-1452.9448568291755
395,-214.38453695461922,0.9766945118858016,0.11273919760376422,2.0,7.0,0.0,215.28711351108365,0.002880275693061399,0.9971197243069386,2.174311497613828,-2.122433641438336,-1432.5146704842457
396,-210.86032135027725,0.990820739632105,0.13396100016667895,3.0,9.0,0.0,211.1468850084968,0.22447454070983414,0.7755254592901659,-2.1041569239059537,-2.0144541984848496,-1437.1683372216048
397,-210.74774353542577,0.7192111344286151,0.12493595444521503,2.0,5.0,0.0,211.6262899854909,0.10614526842508658,0.8938547315749135,-1.0014402261649877,-2.3283966826280897,-1433.977779858018
398,-211.9563872319725,0.994121467332435,0.12515707966716727,3.0,7.0,0.0,214.01182734845605,0.7016763108522596,0.29832368914774043,-2.0427174421137875,-2.8087764119814893,-1442.9249973041153
399,-215.291329829979,0.9093514229189918,0.11273919760376422,3.0,15.0,0.0,216.93975950826916,0.0034230848444474185,0.9965769151555526,1.4528474016896766,-1.9940137481222542,-1442.6835204617992
400,-210.95728507921777,0.9879368285620809,0.13396100016667895,3.0,15.0,0.0,212.67526977314,0.17390888961737894,0.8260911103826211,-1.5236216918529881,-2.394510909836323,-1436.8830247953292
401,-210.8751441625099,0.964347085963531,0.12493595444521503,2.0,3.0,0.0,211.38195963345186,0.17860676893763508,0.821393231062365,-1.016510145880336,-2.3320113260143422,-1437.8276809424067
402,-212.58476766337193,0.9933576857474377,0.12515707966716727,4.0,31.0,0.0,213.30268861308318,0.039355199391573045,0.9606448006084269,-2.5549586221228013,-2.2137421135473256,-1435.9906017375322
403,-216.95968574141256,0.9908155682008691,0.11273919760376422,5.0,63.0,0.0,218.10180966810597,0.10463481482287687,0.8953651851771232,-4.061738424145693,-2.0342451606900926,-1464.5297693039602
404,-212.61322913039783,0.877674002853733,0.13396100016667895,5.0,31.0,0.0,213.68524715621066,0.34733127817760373,0.6526687218223963,-1.9396263618208498,-2.539976400737708,-1449.6087714625396
405,-211.07388848640232,0.941508856816125,0.12493595444521503,4.0,15.0,0.0,211.68572082672236,0.07690927751887973,0.9230907224811202,-1.5207912786737956,-2.264188653566026,-1433.3510168466241
406,-213.66172556724973,0.8985463352044625,0.12515707966716727,4.0,15.0,0.0,214.79186913455592,0.015665824544491676,0.9843341754555083,-3.0018017514440403,-2.038494909031375,-1435.7346427705681
407,-217.3102110359031,0.9788015940758623,0.11273919760376422,4.0,15.0,0.0,218.7512835489774,0.005675964962447392,0.9943240350375526,-3.4760011226539205,-2.3217395677369224,-1450.2754282227265
408,-211.120836446902,0.9868577945616452,0.13396100016667895,3.0,15.0,0.0,213.08799300384084,0.751136162901774,0.24886383709822602,-2.1621320238945896,-2.4867978710356113,-1437.4102487663693
409,-211.66630910459548,0.8858534071482331,0.12493595444521503,5.0,35.0,0.0,212.04542564091358,0.9516992742568302,0.04830072574316979,-2.1530164443169175,-2.317871444088342,-1432.2228480133215
410,-212.77965229197926,0.9737163240461449,0.12515707966716727,4.0,15.0,0.0,214.1472310896354,0.022665178056088895,0.9773348219439111,-2.868362533393762,-2.1460693373355033,-1432.4312402736275
411,-213.31113327664804,0.9998105003920364,0.11273919760376422,3.0,11.0,0.0,218.20402787780543,0.02203925362142032,0.9779607463785797,-3.2716624836505175,-2.064511296020524,-1434.0718906202558
412,-210.15313519844682,0.9474990447001957,0.13396100016667895,3.0,15.0,0.0,211.83655113835863,0.3393350637837098,0.6606649362162902,-2.019200890792631,-2.2832510550310277,-1433.335447371319
413,-212.60570065967525,0.9676107689839809,0.12493595444521503,4.0,31.0,0.0,215.4805844674483,0.014412337119077988,0.985587662880922,-1.7878603794452916,-2.174610627309268,-1432.397942321566
414,-211.95669340823974,1.0,0.12515707966716727,3.0,9.0,0.0,212.98248560912552,0.050566769009807055,0.949433230990193,-2.806106371735883,-2.076699885409973,-1432.647571396561
415,-213.07212470886248,0.9951155674024006,0.11273919760376422,3.0,7.0,0.0,213.6042504377639,0.04141266246885021,0.9585873375311498,-3.3219321938077333,-2.1588566781138394,-1436.0095503691123
416,-210.15344578934477,0.9930671409419386,0.13396100016667895,4.0,31.0,0.0,211.73923867703093,0.8547647314404434,0.1452352685595566,-2.2478039321749037,-1.4154497923748368,-1431.1839778174956
417,-211.73862543819538,0.9793312281789601,0.12493595444521503,5.0,31.0,0.0,213.35745020040915,0.9768289068916018,0.023171093108398155,-2.1491952096122517,-1.2121924608107988,-1431.2128121690043
418,-212.12420291855486,0.7440033184875798,0.12515707966716727,4.0,19.0,0.0,214.9075018772874,0.16971795895198272,0.8302820410480173,-1.7425789397453855,-2.016035519300971,-1445.6341166293264
419,-211.52412422569017,0.9840514578038732,0.11273919760376422,4.0,31.0,0.0,214.50088634738242,0.08745478531749983,0.9125452146825002,-2.2126864732958587,-2.0319570208482323,-1435.900372022581
420,-211.12000394453116,0.9736919320750088,0.13396100016667895,4.0,31.0,0.0,212.87570717662123,0.07319038722273155,0.9268096127772685,-2.059713016786987,-2.1616474880754177,-1432.0806877583273
421,-212.18582527444983,0.9260583811514236,0.12493595444521503,2.0,3.0,0.0,212.54784604534194,0.9760689826288804,0.02393101737111958,-2.0736729953817337,-1.2171805805664633,-1434.7844102395682
422,-211.3304978784678,0.9921819663123976,0.12515707966716727,3.0,11.0,0.0,213.87543886909694,0.08212952150908481,0.9178704784909152,-1.955768964316623,-2.2310190482429473,-1434.3610615486652
423,-212.28084090548504,0.9820482017038429,0.11273919760376422,4.0,19.0,0.0,213.1739765805453,0.8818989993473229,0.11810100065267715,-1.9192421279546878,-2.882341375472991,-1440.4053056158489
424,-210.87619959067828,0.8501782868562056,0.13396100016667895,4.0,15.0,0.0,213.6025118655598,0.3579648807827416,0.6420351192172584,-1.5949827188116272,-2.538562013249065,-1438.7626983225327
425,-212.54418850195088,0.9914092012036507,0.12493595444521503,3.0,7.0,0.0,212.63144909051837,0.9791001998436416,0.020899800156358395,-2.05350353065479,-1.1939459159298293,-1436.466008037408
426,-213.71621834051348,0.42592731135875195,0.12515707966716727,2.0,7.0,0.0,218.36334289490424,0.14412229325472176,0.8558777067452783,-1.8746264661328742,-1.9269861680939742,-1455.6026066483935
427,-211.34546091992223,0.9252068185094375,0.11273919760376422,4.0,19.0,0.0,214.88898467081586,0.1129794889959711,0.8870205110040289,-1.9629449481076613,-2.0446231783105575,-1437.0950736737714
428,-210.04828631660962,0.99824357447957,0.13396100016667895,4.0,23.0,0.0,211.61037406715775,0.6483634797949763,0.3516365202050237,-1.9652986767766594,-2.4502718868136233,-1432.23012258445
429,-212.50127341200533,0.946247417544262,0.12493595444521503,3.0,15.0,0.0,213.94218766056034,0.9523066711580548,0.047693328841945215,-2.316119023934822,-1.4557445220072807,-1440.087315806988
430,-215.1219039259382,0.8821284964935328,0.12515707966716727,2.0,3.0,0.0,215.95630910293553,0.15581378892656084,0.8441862110734392,-2.0230998628184156,-2.4602952411548222,-1463.2365045715176
431,-214.7004855427271,0.8958113358828619,0.11273919760376422,4.0,23.0,0.0,218.06423993237243,0.03899116964006958,0.9610088303599305,-3.6837257807680914,-1.9573859772983793,-1445.3866194426712
432,-210.36583734421586,0.7349340893144347,0.13396100016667895,2.0,5.0,0.0,211.22802015168455,0.5911079798339275,0.4088920201660725,-1.8623413959360604,-2.3202388972376977,-1435.7030121108057
433,-211.06971225799253,0.9732560439979236,0.12493595444521503,2.0,7.0,0.0,213.06659598087643,0.9143234867369969,0.08567651326300307,-2.2963408325720693,-1.4225070134707751,-1434.1251276726907
434,-216.36463737667907,0.9730422449677888,0.12515707966716727,2.0,7.0,0.0,216.5747515410181,0.08831381576668401,0.9116861842333159,-1.8908780056208396,-1.853750161210824,-1471.136649845076
435,-213.6050063105027,1.0,0.11273919760376422,2.0,3.0,0.0,214.7555934694243,0.03956804708636681,0.9604319529136331,-3.709873640507744,-2.0947941809590946,-1437.2689073062338
436,-210.60955014879545,0.9525634657670004,0.13396100016667895,3.0,13.0,0.0,211.45663248206364,0.15819580464286387,0.8418041953571361,-2.3693147066034657,-2.055855090432421,-1432.415597014154
437,-210.59485494372458,0.9992223269148703,0.12493595444521503,3.0,15.0,0.0,211.26879282099952,0.833610038382952,0.166389961617048,-2.146810563402447,-1.553409378609611,-1435.0288922736008
438,-210.94558223463935,0.7198183499860429,0.12515707966716727,2.0,3.0,0.0,220.14902016745987,0.10139617892238485,0.8986038210776152,-1.9906910832187281,-2.0930006737554954,-1433.4076539881817
439,-214.29022644280641,0.9214057657083633,0.11273919760376422,2.0,7.0,0.0,215.53644223852123,0.025703941275180945,0.9742960587248191,-3.47312998414077,-1.9853200129090356,-1440.9754316722067
440,-210.42866888770914,0.9990267564396339,0.13396100016667895,2.0,3.0,0.0,210.65292434731307,0.2049696428953021,0.7950303571046979,-2.411334103567624,-2.0984288902451813,-1432.234351279366
441,-210.2935026463868,0.9997525822144596,0.12493595444521503,2.0,7.0,0.0,210.85695553678548,0.8052127607869275,0.1947872392130725,-2.1865744449875932,-1.5754266276778166,-1433.588018396992
442,-210.3793939724087,0.9945575720531579,0.12515707966716727,3.0,15.0,0.0,211.38432756323635,0.21399006832453668,0.7860099316754633,-1.6434501141519073,-2.168233114986538,-1434.5439837054662
443,-212.4850643046292,0.9720716667272441,0.11273919760376422,3.0,7.0,0.0,215.29695400916896,0.06583883054044115,0.9341611694595588,-3.2582274374227715,-2.0923395363102024,-1435.5847000321626
444,-213.15522711197536,0.9533297992177789,0.13396100016667895,3.0,11.0,0.0,213.33635848337155,0.11554206254098716,0.8844579374590128,-3.2383065759635565,-1.9163820709627486,-1444.4422470293798
445,-212.36606222283143,0.9650281072872336,0.12493595444521503,4.0,27.0,0.0,212.7404726859833,0.02712190283087646,0.9728780971691235,-2.507125651357374,-2.087782042881499,-1432.6725063886965
446,-210.40367289524244,0.8616404709059051,0.12515707966716727,3.0,11.0,0.0,212.28416651596382,0.20580425672103272,0.7941957432789672,-1.9362080245217133,-2.2604446518257584,-1433.256321505217
447,-215.22777734523137,0.9094060873728012,0.11273919760376422,4.0,17.0,0.0,215.69513779898506,0.03426977952523505,0.965730220474765,-3.5581906667821146,-1.925199087296592,-1449.0641827683369
448,-212.6388654423525,0.9534195507548022,0.13396100016667895,3.0,7.0,0.0,215.30285053008856,0.05800366496542787,0.9419963350345721,-3.068418466978752,-2.171823004262675,-1436.5738243318083
449,-210.67019862321308,0.9653232470190314,0.12493595444521503,4.0,15.0,0.0,212.98055826183997,0.6349269125784368,0.3650730874215632,-2.36740434678398,-1.49434745722451,-1438.3921129624678
450,-210.3698540046314,0.8947690570172978,0.12515707966716727,3.0,15.0,0.0,211.9010583978451,0.37470044295534505,0.6252995570446549,-2.245340070026876,-1.932283634256583,-1435.5820818230918
451,-215.24895302930906,0.9998901221785564,0.11273919760376422,3.0,7.0,0.0,216.5886744736329,0.13766420146339375,0.8623357985366062,-3.5867348517958515,-2.0942540231261497,-1457.2709939454783
452,-210.51777823554522,0.9245777748325543,0.13396100016667895,4.0,15.0,0.0,213.98448817998516,0.1588948806182726,0.8411051193817274,-1.898226315681912,-2.1171307330873455,-1433.321496913668
453,-210.47831887707397,0.9603277840091107,0.12493595444521503,3.0,15.0,0.0,211.54259363762944,0.8361038002847749,0.16389619971522507,-2.1406608622728216,-2.206556528764721,-1432.0424592845259
454,-211.41860904388432,0.9615059299247687,0.12515707966716727,3.0,15.0,0.0,214.15551109946756,0.33949906462889223,0.6605009353711078,-2.798595616110243,-1.9085975057703322,-1440.1924270705483
455,-211.41086297025018,0.9792542562590876,0.11273919760376422,4.0,15.0,0.0,217.0683603606399,0.06591571907889379,0.9340842809211062,-1.1211645416457152,-2.3184895072486627,-1435.3917968800124
456,-211.48697101375643,0.9616299059399512,0.13396100016667895,4.0,31.0,0.0,212.5348177556545,0.8735926756934825,0.12640732430651747,-2.160981915367896,-2.6425986067002842,-1435.6176268605413
457,-210.3469218949509,0.9967903402897659,0.12493595444521503,3.0,15.0,0.0,211.88496816220353,0.7567362489608761,0.2432637510391239,-2.1853836647642813,-1.6357858308909392,-1434.9004112761615
458,-211.41021743596002,0.7186861238636174,0.12515707966716727,4.0,15.0,0.0,214.22073035008253,0.6572103463718479,0.34278965362815206,-1.8584999106761155,-2.8011582236278083,-1440.317156002513
459,-209.88010493139237,0.9895392955608557,0.11273919760376422,4.0,23.0,0.0,211.91473002587455,0.5836780592202206,0.41632194077977935,-2.018857224655795,-2.3214340426612856,-1431.8553863795373
460,-214.60608257905704,0.78859159837471,0.13396100016667895,5.0,47.0,0.0,215.6255411951312,0.9976840965993168,0.002315903400683217,-2.2442998137140497,0.7591363822410763,-1435.6675321089726
461,-210.43301966220662,0.9841595394004673,0.12493595444521503,3.0,7.0,0.0,210.9422832239276,0.8667133246881327,0.13328667531186733,-2.1732841182042715,-1.432874157861413,-1432.8596730102179
462,-211.15411904584028,0.9143554032288206,0.12515707966716727,2.0,7.0,0.0,212.45379249985314,0.6239919643931141,0.3760080356068859,-1.9802063884350674,-2.6761083129698635,-1439.0167400907096
463,-210.22236235709485,0.9991786044954244,0.11273919760376422,3.0,15.0,0.0,210.32811020615256,0.6898553091177502,0.31014469088224983,-1.9981065030484488,-2.5144565673975405,-1432.6063264074457
464,-214.60608257905704,0.001902761327050262,0.13396100016667895,1.0,1.0,0.0,216.83596284628103,0.9976840965993168,0.002315903400683217,-2.2442998137140497,0.7591363822410763,-1435.6675321089726
465,-210.51698041555608,0.9666051854562633,0.12493595444521503,4.0,23.0,0.0,212.0225019205701,0.733742307472445,0.26625769252755505,-2.1855241939299943,-1.6154178113532414,-1436.5425282661936
466,-211.26564194515888,0.7961530104412446,0.12515707966716727,3.0,7.0,0.0,213.81247674688277,0.5099625732943494,0.49003742670565065,-2.0128471362944484,-2.5403792368224773,-1440.7216127667778
467,-210.68456358526154,0.875989747976167,0.11273919760376422,4.0,15.0,0.0,212.2419985165921,0.8104025144400941,0.18959748555990585,-2.132347829516984,-2.441236009327202,-1433.3465781324928
468,-213.08137210452503,1.0,0.13396100016667895,3.0,11.0,0.0,214.93674074330585,0.9838380379344355,0.016161962065564528,-2.0798329722338407,1.1683007878386107,-1438.3925860088773
469,-210.715850860952,0.9998728699651941,0.12493595444521503,4.0,19.0,0.0,211.1581065266856,0.9005356956860996,0.09946430431390041,-2.3059568903302043,-1.2714690641956972,-1432.919680546891
470,-210.21875231532084,0.9557622918607843,0.12515707966716727,4.0,19.0,0.0,212.16452798237032,0.766320450722618,0.233679549277382,-2.375805361264919,-1.5404325379897472,-1433.3358719827543
471,-210.30361244008324,0.9990440483030345,0.11273919760376422,4.0,23.0,0.0,211.31081531570905,0.14598436387734404,0.854015636122656,-1.4018167468593965,-2.198495250086369,-1432.4732452338828
472,-213.65521632619752,0.8148601487477733,0.13396100016667895,3.0,15.0,0.0,214.09914528854534,0.9662864650734396,0.03371353492656037,-2.0843865243922797,1.0460614341477967,-1447.5284185816868
473,-210.08800856633803,0.9779782297140851,0.12493595444521503,4.0,15.0,0.0,212.10600541229923,0.6171878454300737,0.38281215456992634,-2.3160017042668852,-1.992956624374176,-1433.2089652881991
474,-210.6829582532496,0.9677686625782916,0.12515707966716727,2.0,3.0,0.0,210.71846508569462,0.7838167892836979,0.2161832107163021,-2.415334341490795,-1.5278434142268382,-1436.0306639250405
475,-212.48822229568182,0.9541560017463656,0.11273919760376422,3.0,11.0,0.0,212.59858754051325,0.013789795627629003,0.986210204372371,-1.641253864859206,-2.138937348520353,-1431.8527372339333
476,-213.8269593302337,0.7425455215739705,0.13396100016667895,2.0,3.0,0.0,214.13569336343465,0.9589903547784655,0.041009645221534496,-2.1235608170976423,1.0669200910429488,-1449.8353112615387
477,-210.08699871281613,0.9678940653153137,0.12493595444521503,4.0,15.0,0.0,210.97774894883014,0.7955337922680928,0.20446620773190716,-2.262379647335602,-1.4545951539990842,-1432.4379199986818
478,-209.84614716917275,0.9845351757166727,0.12515707966716727,4.0,15.0,0.0,211.55910533794952,0.6037768615592146,0.3962231384407854,-2.189202298283357,-2.0576684007035055,-1431.8912747015127
479,-210.561482889915,0.9991877674957124,0.11273919760376422,4.0,15.0,0.0,212.84988024267545,0.1215194307986246,0.8784805692013754,-1.8769457787228587,-2.1486368603613557,-1432.0246045507718
480,-213.54828531604264,0.7373033706267176,0.13396100016667895,3.0,15.0,0.0,214.81952801477544,0.9907856179673433,0.009214382032656676,-2.0506049479949886,1.2496434637581162,-1437.7194976724547
481,-210.90122060252853,0.9995214894145349,0.12493595444521503,4.0,19.0,0.0,211.25506807890483,0.9451717028541641,0.054828297145835925,-2.2037210171724007,-0.47842334602795256,-1432.0165163465306
482,-211.85295484779107,0.9859466978027069,0.12515707966716727,3.0,15.0,0.0,212.048817219819,0.9611011381569831,0.03889886184301694,-2.1659994421447357,-2.218624915187633,-1432.4249994375518
483,-210.95028284670062,0.9990115890528819,0.11273919760376422,4.0,27.0,0.0,211.2387714828424,0.0705540809508652,0.9294459190491348,-1.7246840562576404,-2.1497201185866786,-1431.8136893944982
484,-212.87122615101902,1.0,0.13396100016667895,1.0,1.0,0.0,213.07453086222253,0.9905510647031466,0.009448935296853422,-2.1683734090449427,1.2451610731384344,-1432.7951704851132
485,-212.84557384917912,0.7153950135803099,0.12493595444521503,4.0,31.0,0.0,216.38301952571553,0.9615117610069921,0.038488238993007906,-2.359883423937118,-0.6821048990506327,-1442.3022296658446
486,-212.9299753621971,0.9961766525149699,0.12515707966716727,4.0,23.0,0.0,214.14323929902173,0.881144370208796,0.11885562979120401,-2.2946766605498605,-0.2580657830124187,-1450.6775050182955
487,-210.89107586285525,0.9988201320007324,0.11273919760376422,5.0,35.0,0.0,211.32346428617217,0.9228875817623534,0.07711241823764658,-2.160910669857337,-1.788151826803032,-1431.7356169928942
488,-214.97832513155728,0.8763491491321603,0.13396100016667895,3.0,7.0,0.0,215.3418517127097,0.9561305644808594,0.043869435519140576,-2.2252247007319275,1.4250675685459209,-1457.081291868982
489,-211.8289540655355,0.9978188524371168,0.12493595444521503,3.0,7.0,0.0,213.06358452899076,0.9394767489535651,0.060523251046434856,-2.1117338810539246,-0.3168493582189367,-1439.5196774067367
490,-214.1677707238862,0.9815270712593394,0.12515707966716727,4.0,31.0,0.0,216.00624792324308,0.9976727927643428,0.0023272072356571583,-2.2113160307536677,0.5883601921411569,-1432.9989372589584
491,-210.68353751450968,0.7850460316979956,0.11273919760376422,5.0,31.0,0.0,213.86722735802005,0.1173098512623968,0.8826901487376032,-1.0221356214600004,-2.189231662721364,-1434.6449806422006
492,-214.18331491492262,0.49972290360936517,0.13396100016667895,2.0,7.0,0.0,218.21209931427128,0.9973018088999088,0.002698191100091174,-2.2007957314145004,1.4221528676449804,-1432.7180895505317
493,-213.12444052773606,0.8950626226856163,0.12493595444521503,4.0,19.0,0.0,216.14637755550822,0.9922640207324677,0.0077359792675323336,-2.1810089498922824,1.3708736763515676,-1432.8431380905597
494,-210.54251137934136,0.9603702040675605,0.12515707966716727,4.0,25.0,0.0,215.69296509736506,0.8927798690387022,0.10722013096129779,-2.2475566726688476,-0.8959209941286699,-1433.1136614758998
495,-211.02557290222467,0.984992621171768,0.11273919760376422,4.0,15.0,0.0,211.83979153297702,0.8140124197107103,0.18598758028928974,-2.0228353795968297,-2.0734450097657104,-1437.4267707041267
496,-210.1387556725431,0.8025609779338857,0.13396100016667895,5.0,63.0,0.0,214.65512904355515,0.835476826458946,0.16452317354105395,-2.2209026810896004,-1.616292218405156,-1431.364246863906
497,-214.70263628237893,0.8015738025927058,0.12493595444521503,2.0,3.0,0.0,215.63161349488325,0.9850342141484588,0.01496578585154118,-1.9932222356276443,1.3943675411195795,-1448.873481204407
498,-211.4023049737425,0.9545671381247961,0.12515707966716727,4.0,19.0,0.0,212.0101999857141,0.9563413161294421,0.043658683870557935,-2.131105038070932,-1.6702130790568368,-1432.046117896361
499,-211.47833086953003,0.9755309145951461,0.11273919760376422,2.0,7.0,0.0,211.8591448078429,0.8621256247660762,0.13787437523392376,-2.263819540453084,-2.130962963285701,-1437.78245639353
500,-211.87974989702926,0.8339592068579077,0.13396100016667895,4.0,19.0,0.0,213.605640213164,0.9018394284996,0.09816057150040003,-2.091845291540706,-3.0248955655825784,-1435.1866961316393
501,-212.836038587678,0.8792915838598993,0.12493595444521503,2.0,3.0,0.0,216.8676295518833,0.9881192390268373,0.011880760973162707,-2.163237221501032,1.3049123706204213,-1434.0047696539207
502,-211.31687591158718,0.9999130302641065,0.12515707966716727,4.0,15.0,0.0,212.39893379184343,0.9369641582414149,0.06303584175858512,-2.148056391496772,-2.1942186589233934,-1432.04067594921
503,-209.99071059496563,1.0,0.11273919760376422,4.0,31.0,0.0,212.4175318396424,0.42936572923334443,0.5706342707666556,-1.893622508808743,-2.3947658108003553,-1432.8008590660381
504,-210.30620275649275,0.992149147036258,0.13396100016667895,4.0,15.0,0.0,213.00775867821116,0.4599014109643867,0.5400985890356134,-2.4317096140531844,-1.7675898068524436,-1435.319350276539
505,-212.74340106324445,0.9850972488856,0.12493595444521503,3.0,15.0,0.0,213.17872967070087,0.9912167944765888,0.008783205523411164,-2.174435469516837,0.9928875361762389,-1431.876925283047
506,-209.99378482827865,0.9961994117610701,0.12515707966716727,4.0,15.0,0.0,211.67930305068614,0.2099816079709829,0.7900183920290171,-1.6088382507223862,-2.2536403018980042,-1431.5559063280712
507,-212.67865515203266,0.7477306874069591,0.11273919760376422,4.0,15.0,0.0,214.91301314713726,0.3223575897787068,0.6776424102212932,-2.559577729449538,-2.2103920533880657,-1448.7480888358912
508,-210.1600736643261,0.9610884824956473,0.13396100016667895,4.0,31.0,0.0,211.02001821715976,0.5281995092439403,0.4718004907560597,-2.398460545415349,-1.9796696587610532,-1433.784947184436
509,-212.57054168619564,0.9944135199470414,0.12493595444521503,4.0,15.0,0.0,213.1118732773497,0.9725100930944993,0.027489906905500683,-2.1625744301002956,0.8731042237667523,-1438.670252206966
510,-210.52362217511342,0.995528440872192,0.12515707966716727,4.0,31.0,0.0,210.75243487685995,0.08465166467757625,0.9153483353224238,-1.3530408414010482,-2.2116073522551534,-1430.773787492316
511,-212.45430312677266,1.0,0.11273919760376422,4.0,15.0,0.0,214.00623741938026,0.048730574266050576,0.9512694257339495,-2.1743048456306955,-2.2500087583320525,-1437.9123216564435
512,-210.0894669882881,0.8769531464455699,0.13396100016667895,3.0,7.0,0.0,213.036254608117,0.8015096964496384,0.19849030355036157,-2.21283754850697,-1.6480383656845627,-1431.9749662706322
513,-214.24404465157278,0.7582456668515523,0.12493595444521503,3.0,7.0,0.0,216.27591850632933,0.9874149623917545,0.012585037608245475,-2.328037112770101,0.589581094890679,-1444.6548699385748
514,-210.67078074344775,0.7460174216414363,0.12515707966716727,4.0,23.0,0.0,212.2413092376058,0.09954522116780903,0.9004547788321909,-1.1127319481048932,-2.1642419301892915,-1433.4871362387025
515,-210.05766479899233,0.9964018570796911,0.11273919760376422,3.0,15.0,0.0,212.88134219497246,0.36885622408976354,0.6311437759102365,-2.236423508580085,-1.9960035941833425,-1433.1995980932757
516,-211.84921153400882,0.42419568506483546,0.13396100016667895,4.0,15.0,0.0,212.94427628609682,0.3804719312691864,0.6195280687308136,-2.5483865480812646,-2.1381498017292717,-1443.8647181540664
517,-212.77359327164538,0.9771846127654313,0.12493595444521503,3.0,7.0,0.0,216.81265941154962,0.9835282065522034,0.01647179344779659,-2.231082459216613,0.9119845690798576,-1436.2929292846577
518,-211.13478431500215,0.993692052830261,0.12515707966716727,5.0,31.0,0.0,213.0235930793836,0.9474516611561534,0.052548338843846576,-2.2199785666039347,-0.28091849988631584,-1433.42056578946
519,-210.52119188432442,0.9958286292968634,0.11273919760376422,4.0,23.0,0.0,211.18295559820666,0.2431309397469877,0.7568690602530123,-1.9863897013791,-2.2869949233104765,-1434.6127051825842
520,-210.1137748777888,0.9820668204230046,0.13396100016667895,2.0,3.0,0.0,211.9649972271134,0.3045475141666612,0.6954524858333389,-2.418419996468501,-2.0354034248235937,-1432.065407009527
521,-212.37097975009962,0.9850152292297475,0.12493595444521503,3.0,15.0,0.0,213.80345055001345,0.97829565161094,0.02170434838905999,-2.0663210802081697,0.10417559124414652,-1436.7006869230968
522,-212.81560230684468,0.7413509681755421,0.12515707966716727,3.0,15.0,0.0,214.40503435357107,0.9488058375559565,0.05119416244404351,-2.0183652532347662,-0.9250028320800786,-1444.9279343148398
523,-211.25357426379776,0.9878652760935183,0.11273919760376422,3.0,7.0,0.0,211.56496391710357,0.49909976782079735,0.5009002321792027,-1.705731324834144,-2.2677753545133075,-1442.7588524333128
524,-210.4325361897404,0.9895115141584705,0.13396100016667895,3.0,7.0,0.0,210.53687623570735,0.22000163844959858,0.7799983615504014,-2.496715566823975,-2.00131598229149,-1432.600028099689
525,-212.24695751411798,0.9933147977535884,0.12493595444521503,3.0,11.0,0.0,213.2928744468335,0.920908769194759,0.07909123080524105,-2.3124245110529213,-0.16927051907007187,-1443.4128709293927
526,-212.79364068950338,1.0,0.12515707966716727,3.0,15.0,0.0,213.40108301226363,0.9421935665634914,0.0578064334365086,-2.392708125680739,-0.5573774223941135,-1444.6117860427114
527,-212.69784139144383,1.0,0.11273919760376422,4.0,15.0,0.0,213.03016875247792,0.14681706720141618,0.8531829327985838,-3.2184847194799207,-1.9608282211454027,-1442.6505366008732
528,-211.83935360261282,0.9650795899137065,0.13396100016667895,4.0,15.0,0.0,212.23527193694395,0.033189073662395686,0.9668109263376043,-1.06090189771754,-2.0794836607665084,-1434.8709554749087
529,-212.7563739574921,0.979030747279985,0.12493595444521503,2.0,3.0,0.0,212.79129005619146,0.9221283051460815,0.07787169485391854,-2.3502038798353726,-0.1467825643100513,-1446.6876297734896
530,-213.62238755973075,0.9620161396431843,0.12515707966716727,2.0,3.0,0.0,213.6975351309742,0.9104913655006821,0.0895086344993179,-2.05233728739126,-0.4186560964740752,-1454.5437609415828
531,-211.46148072096372,0.9822370886645093,0.11273919760376422,4.0,15.0,0.0,214.3904616994148,0.380993580244343,0.6190064197556571,-1.6100678680630442,-2.1978324730193997,-1444.3357821459276
532,-211.34696366782546,0.9971075906507857,0.13396100016667895,3.0,11.0,0.0,211.93999186330925,0.03181440223152132,0.9681855977684787,-0.9773411937282319,-2.1387692188518654,-1431.1183777477015
533,-211.35267890792363,0.9730862708846687,0.12493595444521503,3.0,7.0,0.0,213.70096416174283,0.9731975249579072,0.026802475042092766,-2.1512895434571577,-0.6594367602749867,-1430.4122801872807
534,-210.8226688682575,1.0,0.12515707966716727,2.0,3.0,0.0,213.34712468999462,0.9414442954421518,0.0585557045578482,-2.2273001064488214,-0.5686119776645482,-1431.7291893526133
535,-215.66276768735975,0.7848809818068803,0.11273919760376422,3.0,7.0,0.0,217.5652563456569,0.07278419152201583,0.9272158084779841,-1.81560984272415,-2.438353977132872,-1463.1433273518335
536,-210.80516020169037,0.7876584699202684,0.13396100016667895,2.0,3.0,0.0,213.11086599661067,0.053916395999746194,0.9460836040002538,-1.0997008463949167,-2.1873542646733264,-1430.4592247415578
537,-212.88339614732442,0.9306957832077009,0.12493595444521503,4.0,15.0,0.0,213.59082136065467,0.9837822409098853,0.016217759090114692,-2.043404154170874,0.2765122936685582,-1438.290681359326
538,-211.5795329736711,0.9828469306805523,0.12515707966716727,4.0,15.0,0.0,211.68973975669965,0.8820204772089297,0.11797952279107027,-2.284260911114161,-0.5488521080938353,-1441.1433138364566
539,-217.17541768908094,0.9528953636641597,0.11273919760376422,2.0,7.0,0.0,218.4602910709844,0.09439494996868092,0.9056050500313191,-1.8990838370656304,-2.4925359936830005,-1474.7269421950573
540,-212.4530926066136,0.9828553511612234,0.13396100016667895,3.0,7.0,0.0,212.65157319874643,0.012691110791374315,0.9873088892086257,-1.3854837943016398,-2.151912262312446,-1431.6646122218308
541,-211.6846211490352,0.9984318494729009,0.12493595444521503,4.0,23.0,0.0,213.4558774205007,0.9663448935298714,0.03365510647012859,-2.238659455629257,-1.230167829981079,-1432.9667394191472
542,-213.57366363706598,0.987884901513717,0.12515707966716727,4.0,31.0,0.0,214.3262984241531,0.9962993279447467,0.0037006720552532624,-2.19049396340431,0.9572098789536003,-1431.6764977085768
543,-212.88716081439085,0.9778524914796788,0.11273919760376422,2.0,3.0,0.0,217.84116294283135,0.1099520770975273,0.8900479229024727,-1.8575966692497792,-2.370563415758087,-1446.6855971822754
544,-213.6982487817,0.9507878512574072,0.13396100016667895,4.0,31.0,0.0,217.41240309109838,0.035081957707986035,0.9649180422920139,1.2656153345342136,-2.164607078415345,-1447.3581671945744
545,-210.22690206378783,0.9677251282799607,0.12493595444521503,4.0,15.0,0.0,212.49382792861843,0.8260100082704737,0.17398999172952634,-2.3017442228189275,-1.5877210783214997,-1432.0442296193366
546,-215.8648671410762,0.7825335762040817,0.12515707966716727,2.0,3.0,0.0,216.0468562615021,0.9957018205497027,0.0042981794502973125,-1.9548993408984783,1.0311652914717444,-1449.2496776896173
547,-210.7030087347905,0.9842925214170876,0.11273919760376422,2.0,3.0,0.0,213.40653702914943,0.11425649509830554,0.8857435049016944,-1.8066258949105767,-2.229969091529866,-1432.5495558752948
548,-215.6739110796531,0.8582554562848758,0.13396100016667895,2.0,3.0,0.0,216.25882337816057,0.05285657687232865,0.9471434231276713,1.4281415792883574,-2.125434859055293,-1463.475655226926
549,-210.36991078672597,0.9837419894327076,0.12493595444521503,3.0,7.0,0.0,210.53472138358003,0.8370568439322034,0.16294315606779664,-2.3032464172965548,-1.6151971635072315,-1432.5887837502378
550,-213.22994230898715,0.9871755280655562,0.12515707966716727,4.0,23.0,0.0,217.66600385948547,0.9956018007893757,0.004398199210624343,-2.184763003822948,0.002608434220446737,-1431.3029529113958
551,-211.2959831838467,0.9724387152093461,0.11273919760376422,5.0,43.0,0.0,212.58312541885167,0.7496679960314643,0.2503320039685357,-2.2680142580258553,-1.21579051344379,-1442.3057078291286
552,-214.5206959830731,1.0,0.13396100016667895,2.0,3.0,0.0,215.67713031080785,0.04341930081001001,0.95658069918999,1.345285467254571,-2.182085813601101,-1454.2071242721584
553,-210.98902359326692,0.9591572407925123,0.12493595444521503,3.0,11.0,0.0,211.57833107784938,0.26415512202159835,0.7358448779784017,-2.2886766053904033,-2.22407910815408,-1437.3518878934372
554,-215.20841332451798,0.7131121343535279,0.12515707966716727,2.0,3.0,0.0,215.91505991469737,0.9950510920030137,0.004948907996986329,-2.3243038536716782,0.03452600741043978,-1445.2365270011662
555,-210.92302613518663,0.9984036688153555,0.11273919760376422,3.0,11.0,0.0,212.0728046018383,0.9487749508196518,0.0512250491803482,-2.1843275917679237,-1.2302907182719236,-1430.6880126531669
556,-213.05803227743564,1.0,0.13396100016667895,2.0,3.0,0.0,214.53430286614346,0.02023338524985385,0.9797666147501461,1.3796617056019413,-2.1446346966839496,-1439.0533144218323
557,-210.46394207399922,0.9968104183340258,0.12493595444521503,3.0,11.0,0.0,211.42185242385563,0.47381381391235644,0.5261861860876436,-2.1641290808466818,-1.9171960272444013,-1437.020428557687
558,-213.14571266027383,1.0,0.12515707966716727,2.0,3.0,0.0,215.180747356042,0.995633970226299,0.004366029773701041,-2.161987195422151,0.01628625483693867,-1430.7558886865604
559,-211.3970439496066,0.9947806640013253,0.11273919760376422,4.0,15.0,0.0,211.7727380389183,0.966245918207883,0.03375408179211703,-2.170762162233431,-1.3025672263482109,-1431.0999830799117
560,-211.14074842505931,0.6878041912322689,0.13396100016667895,4.0,19.0,0.0,217.3878441461053,0.07122838804480923,0.9287716119551908,-1.7063383932474618,-2.106946184222808,-1433.4016378974043
561,-211.20367076319513,0.9945265929227365,0.12493595444521503,3.0,11.0,0.0,211.64644112555723,0.7250115006386875,0.27498849936131253,-2.462955688459684,-1.7505501837985102,-1439.9198949203062
562,-212.86429428148486,0.9958692373624904,0.12515707966716727,4.0,23.0,0.0,214.43104605274218,0.9939836400070455,0.0060163599929544676,-2.140574471017404,-0.44709738925981,-1430.9224579248003
563,-210.50037302310804,0.983533718836908,0.11273919760376422,4.0,27.0,0.0,212.03590887318802,0.8953992408659793,0.10460075913402067,-2.215624499293342,-1.5950530309150242,-1431.291278230406
564,-209.94304276028802,0.9958930055354398,0.13396100016667895,4.0,15.0,0.0,211.5433180669208,0.44238978976112053,0.5576102102388795,-2.140511808533326,-2.1923305940632214,-1432.4603191255856
565,-211.02543871899937,0.9966814789893842,0.12493595444521503,4.0,15.0,0.0,211.76716741492683,0.40780262915382404,0.592197370846176,-2.0708786408226976,-1.9558748506001455,-1440.8907690780543
566,-210.28475513249214,0.9758207810573082,0.12515707966716727,4.0,23.0,0.0,214.34683546343297,0.8858880917942252,0.11411190820577477,-2.23187189471522,-1.2354662572075124,-1431.1457075720418
567,-210.14949108774786,0.9277676301584072,0.11273919760376422,4.0,23.0,0.0,211.99306101469904,0.6994395191655295,0.3005604808344705,-2.0687687076608103,-2.121802473484695,-1433.305185478028
568,-210.23595132267107,0.9710702543725538,0.13396100016667895,4.0,19.0,0.0,210.43538975256826,0.6976630902437336,0.30233690975626637,-2.417849633325263,-1.6689249850308407,-1434.0555610192466
569,-211.01785675446874,0.9790301178507755,0.12493595444521503,3.0,15.0,0.0,212.40578606844997,0.22286176496187543,0.7771382350381246,-2.592941380012924,-1.9023287829146167,-1436.6178928501272
570,-213.85806106950784,0.6959510963809329,0.12515707966716727,2.0,3.0,0.0,214.05339784295515,0.9331144046232172,0.06688559537678285,-2.4341412365488972,-1.19578813815062,-1451.7662664861339
571,-210.06929796354504,0.984297415127815,0.11273919760376422,4.0,27.0,0.0,210.6824574141502,0.4129521646348695,0.5870478353651305,-1.8313688041544152,-2.4297904508761063,-1433.3246906544116
572,-210.47721900764986,0.5962092506634978,0.13396100016667895,3.0,11.0,0.0,212.35713150245832,0.5941125762199627,0.4058874237800373,-2.326096571582926,-2.079639342317943,-1435.6933507688245
573,-210.32700427753764,0.9929961294775647,0.12493595444521503,3.0,9.0,0.0,211.26932984043466,0.45268273130244135,0.5473172686975587,-2.4748587518460314,-1.9880534902405689,-1434.5477242917118
574,-211.8766372325613,1.0,0.12515707966716727,2.0,5.0,0.0,214.24329257612746,0.906130464531637,0.09386953546836296,-2.3949613015525237,-1.1199958311030422,-1440.5324896191983
575,-210.24638302201703,0.869127248795528,0.11273919760376422,3.0,15.0,0.0,212.25252224342793,0.2848820135636364,0.7151179864363636,-1.681254090906446,-2.2045619404453705,-1434.7031693049796
576,-210.3528406966527,0.9458611559329315,0.13396100016667895,3.0,7.0,0.0,212.00173443551955,0.7696130884375515,0.2303869115624485,-2.1573207533882437,-2.2447477596925194,-1432.7469342112463
577,-210.50131467376656,0.9511990003583175,0.12493595444521503,5.0,47.0,0.0,211.4577958738466,0.0933383976850433,0.9066616023149567,-1.463156438571343,-2.198791857133679,-1431.0096574388983
578,-212.04462101821656,1.0,0.12515707966716727,3.0,7.0,0.0,212.3941035514504,0.8757495685860608,0.12425043141393921,-2.123956418366508,-0.8352380376429586,-1444.9323912841455
579,-210.52053079276035,0.9750764129604551,0.11273919760376422,3.0,7.0,0.0,211.00886421080227,0.3342339548355061,0.6657660451644939,-1.883594777604693,-2.403411266209844,-1435.792549001161
580,-211.5637641919823,0.5828737951506988,0.13396100016667895,4.0,23.0,0.0,213.36818942661344,0.7707234013529902,0.22927659864700978,-2.4187467254319945,-1.826643914703827,-1441.525167028385
581,-212.8407803850449,0.6437748916391203,0.12493595444521503,5.0,55.0,0.0,215.46290784771745,0.0068512924403366674,0.9931487075596633,0.311068412327572,-2.0971169756293295,-1431.8999892198424
582,-209.9098853907719,0.9988936039785234,0.12515707966716727,5.0,35.0,0.0,212.3416920984736,0.3588100906722886,0.6411899093277114,-1.7049790713341237,-2.327705573284706,-1432.667394265448
583,-211.29607551380525,0.9557675179511536,0.11273919760376422,3.0,15.0,0.0,211.860133703325,0.23732141300249573,0.7626785869975042,-1.8783415552662612,-2.390536627953506,-1439.793538835556
584,-209.93438276353692,1.0,0.13396100016667895,2.0,3.0,0.0,210.88145473501334,0.7434090746448232,0.2565909253551768,-2.2358026440225958,-1.7946413879984597,-1431.6333720280095
585,-213.73915986397807,0.9453212709934865,0.12493595444521503,2.0,7.0,0.0,215.1203893358392,0.003984664263158753,0.9960153357368412,0.3150972089027561,-2.0588510443202384,-1434.516931058269
586,-209.92719205891976,0.9964471219084939,0.12515707966716727,5.0,31.0,0.0,210.19590190211386,0.3540147820641399,0.6459852179358601,-2.174089078750452,-2.089130414875507,-1432.0840877236315
587,-210.6952603340256,0.9974105226367885,0.11273919760376422,5.0,39.0,0.0,212.47024499876136,0.8882740118738779,0.11172598812612211,-2.3272466991296477,-1.2291590297025181,-1433.491958035985
588,-210.10394835521626,0.9945063280073199,0.13396100016667895,4.0,31.0,0.0,210.53918591832513,0.8236199769946528,0.17638002300534716,-2.2563283083347523,-1.412265835185017,-1431.9023671236907
589,-213.77981365987225,0.8695229409020157,0.12493595444521503,3.0,15.0,0.0,214.70086029651895,0.0026811534209596677,0.9973188465790404,0.4618246072161953,-2.1000329439780936,-1431.8235791959894
590,-211.00796158365173,0.9934427649059158,0.12515707966716727,4.0,15.0,0.0,211.34817070587187,0.07149788824181122,0.9285021117581888,-1.8603465599764129,-2.163476896131974,-1431.825708350582
591,-211.49323783090995,0.9736921465566305,0.11273919760376422,5.0,61.0,0.0,213.30558675400005,0.9457193256344361,0.05428067436556394,-2.2756231282604884,-0.22808610393951,-1435.9153031131796
592,-210.0539696699373,0.9034016106347686,0.13396100016667895,4.0,27.0,0.0,210.9242558422719,0.7696666453808335,0.23033335461916649,-2.198779311053374,-1.774591321490392,-1432.1570542766501
593,-213.26271007089142,0.9953689976942972,0.12493595444521503,3.0,15.0,0.0,214.18770723886175,0.003944288754918001,0.996055711245082,0.2786139928816611,-2.1675456806426783,-1430.7776979320558
594,-211.93669148040723,0.6430887508371287,0.12515707966716727,2.0,3.0,0.0,212.67284852094,0.08309552033446296,0.916904479665537,-1.8842358323214996,-2.024497671548024,-1439.6180478732547
595,-213.4725294045572,0.9322314361093386,0.11273919760376422,4.0,19.0,0.0,214.00232806760337,0.9925379221691865,0.0074620778308135405,-2.266643650860123,0.19549957614775948,-1436.2613844675436
596,-211.5208583958786,0.5949643643951689,0.13396100016667895,3.0,15.0,0.0,214.88901225958358,0.3759342271138634,0.6240657728861366,-2.643782285219866,-1.701190145458168,-1442.5849677320077
597,-212.98121531014903,0.8785899028845932,0.12493595444521503,4.0,15.0,0.0,214.34618104610118,0.0052499574188946884,0.9947500425811053,-0.1712646617659963,-2.1677481838630026,-1430.8403643362344
598,-211.27773702877258,0.9947704699230301,0.12515707966716727,3.0,11.0,0.0,212.64085678175567,0.1159933030584043,0.8840066969415957,-1.7463429149273255,-2.3054516860296475,-1436.4996305503078
599,-212.1353572560558,0.8706271352824068,0.11273919760376422,2.0,7.0,0.0,214.38279310786342,0.9881437975922354,0.011856202407764638,-2.1767889690989786,0.2445259990332353,-1430.5184106753234
600,-210.9092409088289,0.6145832705503987,0.13396100016667895,3.0,7.0,0.0,214.16330646979196,0.5035834717752504,0.4964165282247496,-2.5702711793575195,-1.9125639702570567,-1438.4700669641209
601,-211.02544985492045,0.9440558910625669,0.12493595444521503,5.0,55.0,0.0,214.3129095904572,0.2528581284054681,0.7471418715945319,-1.4547282552168515,-2.482701531986867,-1439.0513337716031
602,-210.82608836828038,0.9566569016124405,0.12515707966716727,2.0,7.0,0.0,212.51977801042113,0.2248352238077526,0.7751647761922474,-1.4947835357205816,-2.1666654357228605,-1438.28389113898
603,-212.63642295271865,0.9104313621850497,0.11273919760376422,5.0,63.0,0.0,213.93986005222652,0.9770613004513887,0.022938699548611274,-2.2907504008755657,-0.9120778736087602,-1437.3543847472906
604,-210.2348584532039,0.9906493196790267,0.13396100016667895,3.0,7.0,0.0,211.0995857864449,0.7005298598162591,0.29947014018374085,-2.351693250968126,-1.8569005580203606,-1433.7107007694995
605,-211.42885709169613,0.9371146029481601,0.12493595444521503,3.0,11.0,0.0,211.8962552145591,0.2792069952231925,0.7207930047768075,-1.4860537555750755,-2.532791844828358,-1441.9782212664516
606,-211.9481709379627,0.9885890035598116,0.12515707966716727,4.0,31.0,0.0,214.22006527094936,0.9552695051166731,0.04473049488332692,-2.129618435479224,-2.6779657766582066,-1432.1984580704016
607,-210.91142814845225,0.7916202552924029,0.11273919760376422,2.0,7.0,0.0,215.3172242049792,0.9398595897653013,0.06014041023469874,-2.2708418976474833,-0.9303764990851443,-1431.8777808540806
608,-210.711376520073,0.808627656306383,0.13396100016667895,3.0,15.0,0.0,211.38903610166685,0.5338732900343219,0.46612670996567807,-2.1284162772341304,-1.888670645999609,-1438.9429517970593
609,-212.34256605901922,0.9987109151652139,0.12493595444521503,4.0,27.0,0.0,212.69956786160563,0.6693057011370185,0.3306942988629815,-2.628874749827966,-1.5742165021909085,-1448.285831527345
610,-210.33227112244097,0.9940734119231031,0.12515707966716727,4.0,31.0,0.0,213.70330202097213,0.29735584104578566,0.7026441589542143,-1.8422616445158617,-2.141421377967616,-1435.2180213983127
611,-209.82333413722301,0.9970582892306,0.11273919760376422,5.0,41.0,0.0,211.6216958030197,0.5344731866481278,0.4655268133518722,-2.0476018573441075,-2.2380819440307524,-1431.8537740455668
612,-210.71848813579663,0.9852797804603252,0.13396100016667895,3.0,15.0,0.0,212.16968446468545,0.1763261169373594,0.8236738830626407,-2.1667463277025485,-2.208539272947148,-1433.9984160737001
613,-211.37219306641865,0.9158941839310976,0.12493595444521503,3.0,7.0,0.0,213.84106651648577,0.5076689249159788,0.4923310750840212,-2.438108003608256,-1.5739989941237909,-1443.2575708434968
614,-210.2467271161025,0.9629867145172227,0.12515707966716727,2.0,3.0,0.0,210.9076989386813,0.2783546916708169,0.7216453083291832,-1.905904630451099,-2.1299056717370153,-1434.1917786613283
615,-210.59969731776383,0.9928949762130483,0.11273919760376422,3.0,11.0,0.0,212.16598755846624,0.32061106335267847,0.6793889366473216,-2.3680864663465617,-1.8913006715580125,-1436.3123051913776
616,-211.91858707320847,0.9115342812324638,0.13396100016667895,3.0,11.0,0.0,213.5944776182969,0.4346209734759193,0.5653790265240807,-1.865412592156745,-2.0307706525485467,-1447.6207853801986
617,-210.5030517914938,0.9999868149426352,0.12493595444521503,3.0,11.0,0.0,212.0848675068422,0.8828873733321013,0.11711262666789868,-2.195004599461997,-1.7632951834404036,-1431.583706799643
618,-209.9733779675703,0.9974881945369259,0.12515707966716727,4.0,31.0,0.0,210.87898445141568,0.5467734252923399,0.45322657470766015,-2.3211010617495536,-1.7986063287619791,-1433.3625514474327
619,-210.1533548007514,0.9975371786921972,0.11273919760376422,3.0,15.0,0.0,210.98047238647126,0.7595417768991063,0.2404582231008937,-2.1141623972094674,-2.1054864071174233,-1432.2557857736283
620,-211.42293778798896,0.9874794874495701,0.13396100016667895,3.0,15.0,0.0,214.22663675659805,0.0414794047682497,0.9585205952317503,-1.519648943516565,-2.122361615862804,-1432.2974731554411
621,-213.15601229670744,0.9311366329442343,0.12493595444521503,4.0,31.0,0.0,214.75677969012395,0.9647489811149912,0.03525101888500881,-2.0600656072058565,0.5068783602781033,-1445.1871253508325
622,-210.68355200474304,0.9742882397144157,0.12515707966716727,4.0,15.0,0.0,211.12876083571348,0.9227688220141173,0.07723117798588275,-2.229004876786898,-1.3880570170477575,-1431.151003018374
623,-210.61487532287794,0.9925379796401259,0.11273919760376422,4.0,23.0,0.0,211.3232199549031,0.24884937211943836,0.7511506278805616,-2.4235875635488457,-1.9414517348630353,-1434.9648749749035
624,-211.44149293633734,0.9945230803346268,0.13396100016667895,3.0,7.0,0.0,211.6279905680482,0.03888596750947633,0.9611140324905236,-1.463157829715742,-2.199814949485084,-1431.8547583505629
625,-212.09401422259285,0.9734571149294273,0.12493595444521503,3.0,7.0,0.0,214.26742669354743,0.9741335785912828,0.0258664214087172,-2.282241451650037,-0.2013892253988169,-1435.1334759651484
626,-210.00804221690146,0.9696668813306987,0.12515707966716727,4.0,31.0,0.0,211.17896744339697,0.5645987318915605,0.4354012681084395,-2.4257672847233342,-1.8478663858886923,-1432.9623377446921
627,-211.74360855084535,0.9803827551119703,0.11273919760376422,5.0,31.0,0.0,212.66431124064314,0.9345840737419112,0.06541592625808879,-2.322008832410349,-1.3148633770920786,-1437.2199060436392
628,-210.6299569773576,0.998807395333337,0.13396100016667895,3.0,7.0,0.0,211.74816965834484,0.11095736678146174,0.8890426332185383,-1.5419157123902962,-2.144106360410912,-1432.9578842004757
629,-212.59356191554136,0.9951398867691049,0.12493595444521503,4.0,15.0,0.0,213.3200398335866,0.9918101409855861,0.008189859014413936,-2.1258471908684693,0.5934458593831472,-1431.0903972241967
630,-210.0727334900928,0.9959217422051282,0.12515707966716727,4.0,23.0,0.0,210.17843715195156,0.5954308719020854,0.40456912809791457,-2.4182281596515205,-1.8452400345647848,-1433.3090602242316
631,-210.66327188480923,0.9998815124521393,0.11273919760376422,2.0,3.0,0.0,211.78042793619815,0.9304193097101635,0.06958069028983649,-2.1944190810040975,-1.2875022425791955,-1430.7117653709483
632,-211.23759001416883,0.8921618979495255,0.13396100016667895,4.0,31.0,0.0,215.17882313914242,0.9561040302897189,0.04389596971028109,-2.229612525696288,-1.2142902503408304,-1431.708678496444
633,-213.31954177004582,0.9144857302830419,0.12493595444521503,3.0,7.0,0.0,214.03918457959793,0.9898824051702887,0.010117594829711307,-2.2570723060824025,0.894819721116829,-1436.6680947125515
634,-210.15463342373704,0.8310805323352053,0.12515707966716727,4.0,15.0,0.0,212.60813271100406,0.3006139418259786,0.6993860581740214,-2.315486883497131,-2.1090664267626544,-1432.4539419623864
635,-211.45021147039031,0.7288044612907585,0.11273919760376422,4.0,15.0,0.0,213.227937293086,0.9619257642806608,0.03807423571933921,-2.1223517879298415,-1.4017084768412016,-1432.2161979001692
636,-210.52208151729337,0.9965202123310045,0.13396100016667895,4.0,23.0,0.0,212.76973175555705,0.9057706171120488,0.09422938288795124,-2.208232411258291,-0.949191167548655,-1432.2466042905453
637,-213.50595425440855,0.937714709972437,0.12493595444521503,3.0,7.0,0.0,214.76862569063573,0.9672042170675212,0.032795782932478756,-2.0588442282071924,0.7849689683409377,-1446.8174363827493
638,-210.47997392319002,0.9996641207191734,0.12515707966716727,4.0,31.0,0.0,210.7510621635579,0.9104967083239931,0.0895032916760069,-2.225400463586493,-1.3427932934089062,-1430.7915484881341
639,-210.81962252693305,0.9749039864451322,0.11273919760376422,3.0,15.0,0.0,212.04485149313297,0.9268198990188388,0.07318010098116123,-2.143207730771468,-1.2099800458892727,-1432.4724088820228
640,-212.73249725214274,0.4312023030277004,0.13396100016667895,5.0,35.0,0.0,213.82235397762057,0.027026862724322455,0.9729731372756776,-1.671114716161718,-2.0322820567130253,-1438.393765895947
641,-212.96837235632242,0.996974967357705,0.12493595444521503,3.0,7.0,0.0,214.128200046155,0.9725592563677934,0.02744074363220661,-2.2991174252755657,0.4452127305285878,-1441.3673969228757
642,-210.7344483769969,0.9868684483345677,0.12515707966716727,3.0,9.0,0.0,210.9570988459638,0.8409266814760885,0.1590733185239115,-2.355496548235633,-1.051433729126993,-1436.060656308109
643,-210.83925807150027,0.9991931968213859,0.11273919760376422,5.0,55.0,0.0,212.82670755814047,0.10337565460648247,0.8966243453935175,-1.618270336009056,-2.1186391866218415,-1433.858824639958
644,-211.76825697079585,0.8409223960810166,0.13396100016667895,3.0,7.0,0.0,214.62298463718352,0.09335084608108854,0.9066491539189114,-1.794453239143106,-2.3040469025383064,-1438.4210858661318
645,-211.23452659870486,0.9997782400741424,0.12493595444521503,4.0,23.0,0.0,214.13562729486998,0.9212459305021059,0.0787540694978941,-2.276778186719692,-1.565937228759886,-1434.4408935605861
646,-210.21722785842448,0.9971161131358727,0.12515707966716727,5.0,39.0,0.0,211.19217305906142,0.26823415347188856,0.7317658465281114,-1.5819276118620313,-2.236011528060636,-1434.404072753576
647,-210.67815919671457,1.0,0.11273919760376422,2.0,3.0,0.0,210.85857235535988,0.10916408162551068,0.8908359183744893,-1.610575590999979,-2.1363804657786845,-1433.0338760124869
648,-212.9858026045193,0.9302369255249476,0.13396100016667895,3.0,11.0,0.0,214.85427702280379,0.07786640462021771,0.9221335953797822,-2.2291534131456934,-1.950174161104358,-1445.4853615373588
649,-211.4381662921792,0.9860456830684973,0.12493595444521503,2.0,7.0,0.0,212.53391020292568,0.9530268739165276,0.04697312608347237,-2.1927065202777456,-1.748666383181226,-1432.3137315513866
650,-210.57952988860316,0.9965464760728688,0.12515707966716727,4.0,15.0,0.0,211.19063620045242,0.2319333830224469,0.7680666169775531,-1.3066835644117647,-2.2715753249292714,-1436.7848552555188
651,-210.72019802616805,0.9974759943467295,0.11273919760376422,2.0,3.0,0.0,210.7936346973597,0.1042783185668517,0.8957216814331483,-1.5945930219060735,-2.1337427404981137,-1433.0997136427643
652,-211.2926297974843,0.9255093941775698,0.13396100016667895,3.0,11.0,0.0,214.38353881282825,0.323053784294356,0.6769462157056441,-2.1305881045840387,-2.3347937807656947,-1440.4306648049544
653,-213.14042956016988,0.749862194782589,0.12493595444521503,3.0,11.0,0.0,217.5827149445881,0.11679309256564456,0.8832069074343555,-2.122043125065312,-2.3430124812065256,-1448.0021806562968
654,-210.50374721792147,0.9572452518993267,0.12515707966716727,3.0,15.0,0.0,211.4070458161288,0.3243510851796269,0.675648914820373,-1.5624453418503281,-2.2607537078447315,-1437.101195791563
655,-211.04887553481316,0.884469641097313,0.11273919760376422,4.0,15.0,0.0,214.6158425327644,0.04815751392668648,0.9518424860733136,-1.3282315019673356,-2.1823399097492935,-1430.9442064217187
656,-211.61482979643472,1.0,0.13396100016667895,2.0,7.0,0.0,212.42956488944353,0.5847751923668045,0.41522480763319547,-1.766678577674434,-2.2635862346450426,-1444.886501257318
657,-213.17323276030976,1.0,0.12493595444521503,2.0,3.0,0.0,213.68171108076098,0.08354556702141845,0.9164544329785815,-2.1892386096738097,-1.9397688751980666,-1447.4109286747623
658,-210.30468732730637,1.0,0.12515707966716727,2.0,3.0,0.0,210.5031557321085,0.3230903442256922,0.6769096557743077,-1.5727959422192364,-2.282202747174696,-1435.5999547039908
659,-210.3933784022385,0.9965917315728005,0.11273919760376422,4.0,23.0,0.0,211.3483728789902,0.10811653596423199,0.891883464035768,-1.4985257221742911,-2.212284790536622,-1431.0239852463787
660,-210.51462877050184,0.9576714938442009,0.13396100016667895,2.0,5.0,0.0,212.52405064942872,0.6007059310969619,0.3992940689030381,-1.8128162330639077,-2.401313502574023,-1436.5046372876088
661,-210.60884039571906,0.984159779864337,0.12493595444521503,4.0,27.0,0.0,214.76966246817352,0.9285919507909758,0.07140804920902422,-2.2486894091083234,-0.9293833728322034,-1430.9785672062187
662,-211.3744490518783,0.9608259486220455,0.12515707966716727,3.0,15.0,0.0,211.9389638479455,0.2647707263729994,0.7352292736270005,-1.4132554921303404,-2.51773878363056,-1441.6205343633974
663,-211.60353936931782,0.9470459455599294,0.11273919760376422,3.0,7.0,0.0,212.21712435390177,0.05019809814202437,0.9498019018579756,-1.620963536211657,-2.082566173156563,-1434.6695097203274
664,-212.9579088884805,0.8460340709827304,0.13396100016667895,3.0,11.0,0.0,213.9538472715814,0.7599287456298606,0.24007125437013943,-1.7527495750315432,-2.864231314653824,-1449.5721694028484
665,-211.6683306293924,0.9928578182679728,0.12493595444521503,4.0,31.0,0.0,211.88929621603367,0.9663466737147249,0.033653326285275065,-2.2304736781625842,0.10859473957419202,-1434.1819610631
666,-212.12783145190096,0.8453038877032051,0.12515707966716727,1.0,1.0,0.0,212.248807724714,0.2649770294403005,0.7350229705596996,-1.404828761524287,-2.5678044378861853,-1446.6288134712725
667,-211.34852128698347,0.9872574565973333,0.11273919760376422,5.0,35.0,0.0,212.8351311542617,0.9569951643178871,0.043004835682112885,-2.111034110710561,-1.1129334150178831,-1432.9878312070125
668,-211.8175135725447,0.9986292875169689,0.13396100016667895,3.0,15.0,0.0,214.2689154389308,0.6036187654755338,0.39638123452446616,-1.7054424783111202,-2.379755111219987,-1445.9026763591721
669,-212.27498365206395,0.9689843970779733,0.12493595444521503,4.0,15.0,0.0,212.80151600029163,0.988457653536004,0.01154234646399599,-2.1275078913704757,0.46203712581387735,-1431.350241053726
670,-211.27502688381907,0.9540138189687063,0.12515707966716727,3.0,11.0,0.0,213.21992344883466,0.04094009510801538,0.9590599048919847,-1.0258341966766962,-2.2440697984519984,-1431.8157283094868
671,-211.28658725903782,0.8415551519461715,0.11273919760376422,2.0,7.0,0.0,213.16986231475153,0.9425391412711241,0.05746085872887585,-2.2883699419378862,-1.1314844051192616,-1433.747066001968
672,-209.90735513083865,0.3476999318933654,0.13396100016667895,3.0,7.0,0.0,217.0587580126174,0.28139524109213093,0.718604758907869,-1.6428635612226272,-2.3183044232598853,-1431.9757648167617
673,-212.8380237336775,0.9705199182576345,0.12493595444521503,2.0,7.0,0.0,215.01483195090995,0.9611434195391232,0.03885658046087681,-2.2088184409755782,0.7326978744791395,-1442.847358133966
674,-210.34264478984065,0.9851635260083558,0.12515707966716727,4.0,31.0,0.0,212.32785543750612,0.14283457087283338,0.8571654291271666,-1.6781574771498171,-2.247780005625795,-1431.6934935665197
675,-210.61940422643764,0.9758273965759678,0.11273919760376422,3.0,15.0,0.0,211.69114373371065,0.9268496796860536,0.07315032031394642,-2.217915091860778,-1.2667449200716001,-1430.684038897898
676,-210.28740344352983,0.995188692303561,0.13396100016667895,3.0,15.0,0.0,210.45518226351115,0.11971134337734969,0.8802886566226503,-1.2014082916221251,-2.2317038160740355,-1431.5234198741591
677,-212.25534124677432,0.983755380765779,0.12493595444521503,4.0,19.0,0.0,213.487154244754,0.9857373330718662,0.014262666928133827,-2.0902904457944484,-0.5066449060442805,-1432.7555905420127
678,-209.8821346196244,0.9837014950287363,0.12515707966716727,4.0,31.0,0.0,211.15132760024434,0.4614224318939491,0.538577568106051,-2.1178939017154863,-2.1941634929163105,-1432.1668800215832
679,-212.81388866005597,0.9700165626360142,0.11273919760376422,3.0,11.0,0.0,213.7895228970425,0.9903290383677947,0.009670961632205266,-2.0984731033430166,-1.2740010186439554,-1432.7527858332046
680,-209.9524309736368,0.9180504341768904,0.13396100016667895,4.0,19.0,0.0,211.12407601583664,0.6621013854640931,0.33789861453590686,-2.3413742463747482,-1.8413828235075276,-1432.295388052691
681,-211.33606198687076,0.9911908843529823,0.12493595444521503,4.0,15.0,0.0,212.57843397810436,0.9613851084122681,0.0386148915877319,-2.2604101102622285,-0.7603194971207137,-1432.196106637964
682,-210.3374119676553,0.9828075492257977,0.12515707966716727,4.0,31.0,0.0,212.77000278607628,0.8819719101161947,0.11802808988380531,-2.236228801678446,-1.4990483874339162,-1431.072760976742
683,-213.73740464683826,0.9792651532405937,0.11273919760376422,4.0,15.0,0.0,214.3846621891473,0.9957877763223709,0.004212223677629079,-2.1991399866010983,-1.1393998252702793,-1433.3358228903157
684,-210.22014804246993,0.9507312224413932,0.13396100016667895,2.0,3.0,0.0,210.2839135547973,0.6595235089700252,0.3404764910299748,-2.394388301953263,-1.8358634089872896,-1433.971005450272
685,-211.56908682444734,0.95748378979121,0.12493595444521503,2.0,7.0,0.0,212.16889399373107,0.9509350154717907,0.04906498452820929,-2.3112729237437444,-0.6797808816400988,-1435.2841151404625
686,-211.21420467855197,0.9265522107395389,0.12515707966716727,3.0,7.0,0.0,212.20464546130572,0.6005254287565681,0.3994745712434319,-2.4257962674379177,-1.4524667188526252,-1442.2521321225925
687,-212.0132451347541,0.9944814510021452,0.11273919760376422,5.0,31.0,0.0,215.92180401945117,0.9764019104700025,0.023598089529997535,-2.1465112282483862,-1.755337026932914,-1431.851152497788
688,-210.02115849312824,0.9681345049316493,0.13396100016667895,3.0,11.0,0.0,210.58672658723162,0.425639386520918,0.574360613479082,-2.3414516877449127,-1.898367134221774,-1433.1984329567551
689,-210.80550067327226,0.9597697076960535,0.12493595444521503,3.0,7.0,0.0,212.42560745253834,0.8924734220159877,0.10752657798401233,-2.2715232838581283,-0.7527960689349709,-1435.057905864438
690,-210.86271721937715,0.7647096172888944,0.12515707966716727,3.0,15.0,0.0,214.81138811490672,0.9269541586159012,0.07304584138409875,-2.2178835544806845,-1.5478693738914764,-1431.6725855591624
691,-212.38130853939177,0.8393303325029005,0.11273919760376422,3.0,15.0,0.0,213.18494330708162,0.9588976793561512,0.04110232064384878,-2.2774326637556532,-1.6491444772858053,-1437.9138475065495
692,-210.12968154937386,0.9197349623430436,0.13396100016667895,3.0,15.0,0.0,212.30980960895005,0.45444784851879233,0.5455521514812076,-1.969384515034079,-2.140859574142398,-1434.5841945435648
693,-211.3565237089979,0.9950852053082929,0.12493595444521503,4.0,15.0,0.0,211.65390477820392,0.9717971630363444,0.028202836963655553,-2.20741117774637,-0.21124191978491322,-1430.9064279148645
694,-212.00898774247932,0.9201732391936988,0.12515707966716727,4.0,31.0,0.0,214.9346286823576,0.031028558247041663,0.9689714417529584,-2.2396959524363806,-2.115040507006723,-1432.1048829001297
695,-211.2467795259803,0.9023749381237106,0.11273919760376422,4.0,19.0,0.0,214.31728771430159,0.07668061715065122,0.9233193828493488,-2.383355101384836,-2.0878752534515312,-1432.2812137801143
696,-210.35560486053447,0.9880080398595317,0.13396100016667895,3.0,15.0,0.0,210.8590752991279,0.29448550087206826,0.7055144991279317,-2.03009109532085,-2.2807183297144284,-1434.1804360938077
697,-212.32200960968277,0.9156530929103671,0.12493595444521503,2.0,3.0,0.0,212.39853344792374,0.9727852220849923,0.027214777915007704,-2.300365537713933,-0.16229322390543613,-1436.9904195257832
698,-212.33664990753667,0.9093482174623865,0.12515707966716727,3.0,15.0,0.0,213.72921997782709,0.05106264943783414,0.9489373505621659,-2.6663264601860126,-2.197809137685024,-1435.5495155736312
699,-210.85492048295225,0.9820308260967842,0.11273919760376422,4.0,15.0,0.0,212.1280255253876,0.25422348161147335,0.7457765183885267,-2.6983607655160586,-1.9039577241977768,-1435.6303100776795
700,-211.15350361068897,0.9377851717308522,0.13396100016667895,5.0,39.0,0.0,211.65639808966793,0.9241225153786711,0.07587748462132893,-2.189742071435627,-0.465511673166541,-1435.9116274741068
701,-211.18493565959204,0.9754677655584475,0.12493595444521503,2.0,3.0,0.0,212.77993078031005,0.9481747941337771,0.051825205866222857,-2.1947643495738904,-0.24294231347969097,-1433.7898440490032
702,-212.15772525612027,0.9927012091446665,0.12515707966716727,5.0,31.0,0.0,212.59275422818064,0.04244151472895406,0.9575584852710459,-2.7209508191786673,-2.0603544607015727,-1433.349889874646
703,-211.22726822148383,0.955291884815573,0.11273919760376422,4.0,15.0,0.0,212.11951308389044,0.4252369246185268,0.5747630753814732,-2.2062682036526318,-1.8303198945782617,-1442.278173950098
704,-211.15350361068897,0.18738948503119343,0.13396100016667895,1.0,1.0,0.0,212.06408342741506,0.9241225153786711,0.07587748462132893,-2.189742071435627,-0.465511673166541,-1435.9116274741068
705,-212.3622265933281,0.8306245745072068,0.12493595444521503,3.0,15.0,0.0,214.91727119982792,0.9013374629169576,0.0986625370830424,-2.4203517564289476,-0.7251896617580371,-1444.7176475236024
706,-212.5801876954363,0.9733915512979265,0.12515707966716727,2.0,5.0,0.0,212.91281992564535,0.033169168106615535,0.9668308318933845,-2.7241060326710107,-2.042902806623115,-1434.6789177120509
707,-211.12072792108555,1.0,0.11273919760376422,4.0,15.0,0.0,212.11588115345526,0.22131932926318004,0.7786806707368199,-1.6138812476244875,-2.112843735974918,-1440.1207718085168
708,-211.053124367238,0.9972522943594251,0.13396100016667895,3.0,7.0,0.0,211.16242570623712,0.9638618427209389,0.03613815727906111,-2.1795422737652,-0.5238052446887402,-1430.3737853708365
709,-210.16481330010737,0.8880814137875526,0.12493595444521503,3.0,15.0,0.0,216.05829643989475,0.82354609503528,0.17645390496472002,-2.1993704378892733,-1.7507890322963278,-1431.6196429707109
710,-210.57318455039865,1.0,0.12515707966716727,4.0,31.0,0.0,212.9683153871565,0.15137292522421905,0.8486270747757809,-2.1538867515765023,-2.1675532375182294,-1432.349658368552
711,-210.6640200530285,0.9572338023893542,0.11273919760376422,3.0,7.0,0.0,212.62604408010702,0.12734608557415555,0.8726539144258445,-1.5766148633356825,-2.298311607709394,-1433.331334948392
712,-211.0579228486132,0.9315516586135872,0.13396100016667895,5.0,31.0,0.0,215.80305854483737,0.9020115199740222,0.09798848002597782,-2.105113341680294,-1.4671458085873703,-1435.4929370751079
713,-210.5039654182822,0.9993406103202656,0.12493595444521503,3.0,15.0,0.0,210.87045663657466,0.8558677512685515,0.14413224873144848,-2.282327790244925,-1.0308914592330691,-1434.2388009812569
714,-211.80624412104652,0.9704728608645427,0.12515707966716727,4.0,15.0,0.0,213.58437251894614,0.03301549477704261,0.9669845052229574,-1.9905957521811126,-2.1350862112935607,-1431.9552878780282
715,-210.84010618627542,0.9993092710314925,0.11273919760376422,2.0,7.0,0.0,212.19209830787636,0.0729940645369815,0.9270059354630185,-1.6269623893291283,-2.1695708263874955,-1431.4780880613287
716,-210.51850659940044,0.5543835383134379,0.13396100016667895,3.0,7.0,0.0,212.90260285095286,0.7943643747727049,0.20563562522729506,-2.2364546579746203,-1.3142919534098205,-1435.8840567772277
717,-211.34626871073004,0.8309168363110295,0.12493595444521503,5.0,31.0,0.0,212.56775103112136,0.054500515945041926,0.9454994840549581,-1.7141958833984174,-2.1068792435116124,-1433.0725879500762
718,-211.80624412104652,0.5346425478411126,0.12515707966716727,2.0,3.0,0.0,213.9850317246497,0.03301549477704261,0.9669845052229574,-1.9905957521811126,-2.1350862112935607,-1431.9552878780282
719,-209.95274351732866,0.9605667645994209,0.11273919760376422,3.0,15.0,0.0,212.2525038095156,0.31900712626147804,0.680992873738522,-1.62782207199768,-2.3430450343372424,-1432.727438138112
720,-210.51850659940044,0.1533736162211311,0.13396100016667895,1.0,1.0,0.0,212.366458037423,0.7943643747727049,0.20563562522729506,-2.2364546579746203,-1.3142919534098205,-1435.8840567772277
721,-210.93006026473248,0.9391848625343955,0.12493595444521503,3.0,11.0,0.0,211.82509177086422,0.11037067079788605,0.8896293292021139,-1.5365079251963634,-2.1114600565482835,-1435.133194199615
722,-212.0093482873158,0.8586054244536665,0.12515707966716727,3.0,15.0,0.0,213.66536923555017,0.03057169845810267,0.9694283015418973,-1.663695075519153,-2.215981957666085,-1433.5720605806248
723,-210.81653049842686,0.9946055912460534,0.11273919760376422,4.0,31.0,0.0,212.30381615190663,0.7747642233478768,0.22523577665212324,-2.0962113112628136,-2.589794731067276,-1434.6239206786636
724,-210.70508673740255,0.9903069682474164,0.13396100016667895,2.0,3.0,0.0,210.87111092744232,0.775521445279119,0.22447855472088096,-2.4154638297159607,-1.2762420212940144,-1436.9787777199585
725,-210.9790287985928,0.9954792296695184,0.12493595444521503,4.0,15.0,0.0,211.6359477965742,0.21715645120138885,0.7828435487986112,-1.1104577177207535,-2.3597955977734815,-1439.2781320398074
726,-211.00066713092335,0.8964426354096056,0.12515707966716727,3.0,11.0,0.0,213.28094373947727,0.13246872396169435,0.8675312760383056,-1.6966461154033607,-2.313372728546713,-1435.4893443780159
727,-211.22992372627309,0.9025828800291006,0.11273919760376422,2.0,3.0,0.0,212.01256285275645,0.7092099587680777,0.2907900412319223,-2.0988556090681794,-2.619720119440552,-1438.4892664848485
728,-210.39845061727965,0.5624283670398335,0.13396100016667895,3.0,15.0,0.0,214.5583077208066,0.6513231858945401,0.3486768141054599,-2.4504541090472243,-1.770766114439828,-1435.2488315688972
729,-211.09615928254297,0.992295489821697,0.12493595444521503,3.0,7.0,0.0,211.40671708127863,0.1995264878670948,0.8004735121329052,-1.0688988083857758,-2.3928868835597497,-1439.5985994246034
730,-210.46310162439613,1.0,0.12515707966716727,3.0,13.0,0.0,210.98228491108657,0.14547699163279873,0.8545230083672013,-1.7238633005113406,-2.263401255919984,-1432.4357653806226
731,-211.16517935186022,0.9914290860807251,0.11273919760376422,2.0,7.0,0.0,211.42553879792874,0.7263936367436867,0.27360636325631327,-1.8403831230132908,-2.5387557608284625,-1439.0264460738442
732,-210.52535425572825,0.9875727382087451,0.13396100016667895,4.0,15.0,0.0,211.2629850697703,0.8565128767216865,0.14348712327831348,-2.1509684521439927,-1.5537578521847448,-1433.6966970756096
733,-210.69182732498513,0.9553659750557637,0.12493595444521503,3.0,7.0,0.0,212.49603732296148,0.07864353900208353,0.9213564609979165,-1.0822526914687864,-2.1610200176805696,-1432.2327688814808
734,-211.47669438215138,0.9986013049460695,0.12515707966716727,5.0,31.0,0.0,212.02047821070263,0.5500401375083793,0.4499598624916207,-2.5799489503682236,-1.5175260081841184,-1443.4476912355294
735,-210.46120045580452,1.0,0.11273919760376422,2.0,3.0,0.0,211.20214006008501,0.6077267732632777,0.39227322673672227,-1.9848110485013732,-2.5492572795429487,-1434.8968898206783
736,-210.87735684815067,0.8470986772806356,0.13396100016667895,2.0,7.0,0.0,211.55137130597544,0.8766166597654245,0.12338334023457553,-2.1088965038803344,-1.6274591430000562,-1435.1980904949594
737,-211.73683410503824,0.5121195579153999,0.12493595444521503,2.0,3.0,0.0,213.3216330984858,0.13258796061492065,0.8674120393850794,-1.075380440453559,-2.112947975265276,-1442.8329298038188
738,-211.3691748420676,0.9906827871589559,0.12515707966716727,2.0,3.0,0.0,211.66334528594234,0.588658252479208,0.411341747520792,-2.6074748914453374,-1.5620347479620245,-1442.3121873875953
739,-210.2692478539374,1.0,0.11273919760376422,2.0,3.0,0.0,210.44542761849382,0.6182021358292831,0.3817978641707169,-1.9457327859712081,-2.5465616418734163,-1433.646497103344
740,-211.65367925474882,0.9443003757801295,0.13396100016667895,4.0,15.0,0.0,211.83014722302642,0.9283406412869903,0.07165935871300966,-2.064052314741387,-1.5071267851844161,-1437.6905439498894
741,-210.14434534344954,0.9997486188985337,0.12493595444521503,4.0,31.0,0.0,212.4387037675066,0.6150369335554468,0.38496306644455325,-2.0470382023800946,-2.104704609921575,-1434.2306070691554
742,-211.92714401999783,0.8659873817634295,0.12515707966716727,2.0,3.0,0.0,212.32803116946621,0.5039640124157374,0.4960359875842626,-2.588909606189393,-1.5180365491152097,-1446.5870592902875
743,-210.03363266770643,0.9573789961640888,0.11273919760376422,4.0,31.0,0.0,211.00969141346286,0.6911638523522297,0.30883614764777034,-2.128993095815043,-2.2087349407800554,-1432.066915414552
744,-212.75291404447617,0.9641088050639738,0.13396100016667895,4.0,31.0,0.0,214.47987702901136,0.02517896341216744,0.9748210365878326,-2.5025114244560944,-2.0473667903311465,-1435.0093586032763
745,-211.54859382652862,0.9643155477364481,0.12493595444521503,4.0,31.0,0.0,214.77240178929628,0.908491214233733,0.09150878576626698,-2.1894250983890746,-0.4418508970152185,-1439.8366340023156
746,-210.920704976989,0.9129670092527915,0.12515707966716727,2.0,3.0,0.0,212.67762343575373,0.5096041807768581,0.4903958192231419,-2.54970142694476,-1.6197012488912175,-1439.531233408199
747,-210.0762235340498,0.9450299746401383,0.11273919760376422,4.0,27.0,0.0,211.05366754682242,0.18025308446080704,0.819746915539193,-1.6343299400302314,-2.23758074325384,-1431.316909903708
748,-211.8771756602199,0.9891911464142079,0.13396100016667895,4.0,15.0,0.0,213.2142739497856,0.1174437448181135,0.8825562551818865,-2.992523348557357,-1.9754037034833336,-1436.8356871671597
749,-211.56804051912334,0.9759220756917724,0.12493595444521503,3.0,15.0,0.0,212.35498717840355,0.939179800929528,0.06082019907047198,-2.122614051863919,-0.4003141779796458,-1437.6575098179035
750,-212.07847671378352,0.9826434566144455,0.12515707966716727,3.0,7.0,0.0,212.6243342154957,0.6239417110714929,0.3760582889285071,-2.64278970880267,-1.509413726185253,-1446.9739491508003
751,-209.94669462146987,0.9927573827513301,0.11273919760376422,3.0,15.0,0.0,211.01856613448558,0.45089571897667846,0.5491042810233215,-1.7811805053784948,-2.354936481220076,-1433.0892466426765
752,-212.09068238845765,0.9834487845283189,0.13396100016667895,3.0,7.0,0.0,212.1461788561457,0.10600013144015344,0.8939998685598466,-2.986266634560839,-1.9621407518117522,-1437.7687493595317
753,-212.66919938435623,0.9346666793265458,0.12493595444521503,2.0,3.0,0.0,212.70883666828777,0.9665178553776593,0.03348214462234067,-2.3401315521781556,-0.36454320356569675,-1440.5243756980485
754,-211.12057617310978,0.9832762078135219,0.12515707966716727,4.0,15.0,0.0,213.79866317101522,0.9013445657950669,0.09865543420493306,-2.05653456642366,-2.3702596206786475,-1433.1495935420369
755,-210.0738518972926,0.9839564579504859,0.11273919760376422,4.0,27.0,0.0,211.46624398813842,0.7337120800041876,0.26628791999581236,-2.3619092441172995,-1.661704979632484,-1432.6584377285703
756,-211.1688119106255,0.9926297177256536,0.13396100016667895,4.0,15.0,0.0,212.605793565866,0.08826348627661958,0.9117365137233804,-2.413693040722571,-2.071572122940089,-1432.5600846260502
757,-211.35906900909185,0.9885129702635738,0.12493595444521503,3.0,15.0,0.0,213.1289794478421,0.9133650884845801,0.08663491151541991,-2.345702866664691,-1.2093548755726369,-1436.4800706910935
758,-211.1920975066692,0.9945191609650604,0.12515707966716727,4.0,15.0,0.0,211.37204330856494,0.19213321720198684,0.8078667827980132,-2.5948106618347584,-1.917836078127041,-1437.0050016366067
759,-209.8487781561185,0.9971415337494032,0.11273919760376422,4.0,19.0,0.0,210.15563158363062,0.6002240287574798,0.3997759712425202,-2.275874414877561,-1.840267178447695,-1432.3279023913876
760,-211.56572174152166,0.9885211923529204,0.13396100016667895,3.0,7.0,0.0,211.76903295349476,0.0535024391828957,0.9464975608171043,-2.3165375727874515,-2.1515429833580324,-1432.2074998858545
761,-209.8487624310152,0.9926007682609914,0.12493595444521503,3.0,15.0,0.0,212.15429280984486,0.622676389371594,0.377323610628406,-2.230795693136964,-1.9013103109920184,-1432.160401773206
762,-211.24695358056684,0.9952098991577848,0.12515707966716727,3.0,11.0,0.0,212.14264746923325,0.17087462953915483,0.8291253704608452,-2.453226823235277,-2.1869571726794006,-1436.4166383566558
763,-212.50823994924895,0.9939502015631135,0.11273919760376422,5.0,47.0,0.0,213.48011156916252,0.013441984668677137,0.9865580153313228,-0.38168697746710134,-2.0698493850512363,-1434.268207340431
764,-214.32320139011932,0.5620866299658761,0.13396100016667895,2.0,7.0,0.0,216.0582680290892,0.11170098217152823,0.8882990178284718,-2.273377126962595,-1.865687777227428,-1457.0645327065333
765,-211.6281553900414,0.9388197337505296,0.12493595444521503,5.0,31.0,0.0,213.26304526234603,0.06034971947591925,0.9396502805240807,-0.8125521095799602,-2.3367201313029806,-1436.7664441372017
766,-211.6810623165678,0.7844432618767145,0.12515707966716727,4.0,31.0,0.0,214.5105926736299,0.1233481629146626,0.8766518370853373,-1.6587488738217602,-2.047935780807918,-1440.8782189631438
767,-210.18416917697286,0.9989606099194437,0.11273919760376422,4.0,31.0,0.0,214.24089506883342,0.309674948894739,0.690325051105261,-1.60708879158168,-2.266260413183674,-1434.5785121351694
768,-215.0966528313287,0.9754211125177182,0.13396100016667895,3.0,7.0,0.0,215.62417397326692,0.0792466290324077,0.9207533709675924,-2.503282757955616,-1.8494231036140387,-1459.387991591162
769,-212.39807232603823,0.9948934963693322,0.12493595444521503,4.0,29.0,0.0,213.39284785576936,0.013737045301659527,0.9862629546983405,0.4870832913483275,-2.2236904736585563,-1433.0057147251964
770,-209.90029473597045,0.9975740057930446,0.12515707966716727,5.0,35.0,0.0,212.4607276794901,0.388384628075143,0.6116153719248569,-1.9320028904576079,-2.317222074163312,-1432.1511560874892
771,-212.1685513223854,0.8699879337007467,0.11273919760376422,3.0,15.0,0.0,216.30670710561543,0.01872659014027568,0.9812734098597243,-1.1985339750780342,-2.2098554319426422,-1432.5430224543984
772,-212.8761982930202,0.9938893939124627,0.13396100016667895,3.0,15.0,0.0,215.5488201155217,0.10602016137650781,0.8939798386234922,-1.9374741983687565,-2.3534545192694885,-1446.1968064584707
773,-210.37640375312347,0.9991171332037941,0.12493595444521503,5.0,37.0,0.0,213.0341193596293,0.3049039842442122,0.6950960157557877,-1.612929516340274,-2.4466893743481566,-1435.0962534404139
774,-211.03663822950077,0.9784495421467313,0.12515707966716727,3.0,15.0,0.0,212.51031226962021,0.7664809629426635,0.23351903705733645,-1.9039831988468987,-2.4643289187651245,-1437.531107422588
775,-210.5450959013032,0.9724334882801605,0.11273919760376422,4.0,19.0,0.0,213.38463867245565,0.6818642404968823,0.3181357595031177,-2.2538474853498403,-2.1514528519268517,-1435.4544938185372
776,-210.71308633961405,1.0,0.13396100016667895,2.0,3.0,0.0,212.7073489790726,0.12053654554026873,0.8794634544597313,-2.010610028739428,-2.1090866695518518,-1432.7201899808565
777,-211.72062009937838,0.9362634162528761,0.12493595444521503,3.0,11.0,0.0,212.87303782518234,0.08876876727527173,0.9112312327247283,-1.8137648821667058,-2.2923596009588105,-1437.76539529397
778,-212.61146256118388,0.9831917062033826,0.12515707966716727,3.0,7.0,0.0,212.9310565697984,0.7168285856224828,0.28317141437751725,-2.0054102266197056,-2.9556033235183574,-1446.6371937082197
779,-214.3329532480576,0.9625089254360208,0.11273919760376422,3.0,11.0,0.0,216.31638991815575,0.314402199347276,0.685597800652724,-2.470257888630443,-1.6293865846340954,-1462.3978525546527
780,-212.8328714128961,0.715833258704642,0.13396100016667895,2.0,3.0,0.0,213.61013898941164,0.09923091836088263,0.9007690816391174,-2.076161540152908,-1.954123892565169,-1446.49727747544
781,-209.91000178065252,1.0,0.12493595444521503,3.0,15.0,0.0,211.97537099950316,0.32149191841459823,0.6785080815854018,-1.852785813000822,-2.308548098319423,-1431.9229863001908
782,-218.01580675328486,0.929914348147762,0.12515707966716727,4.0,31.0,0.0,218.60082465490274,0.9997663253168467,0.00023367468315327322,-2.1286054953237663,-3.7779512721346635,-1432.0019000274776
783,-212.54887624624848,0.9419851723102562,0.11273919760376422,3.0,7.0,0.0,215.5474695618795,0.7605072346612276,0.2394927653387724,-2.495482216224836,-1.7890814308852125,-1448.3307026209725
784,-211.22250638131132,0.9623845147034222,0.13396100016667895,2.0,3.0,0.0,213.77446453281954,0.09207960395480551,0.9079203960451945,-2.392310552883078,-2.0524009548723394,-1433.3514046728583
785,-211.7696090440059,0.8844225693967037,0.12493595444521503,4.0,31.0,0.0,213.2939481688137,0.029304700604873467,0.9706952993951266,-0.8193426232726297,-2.2613792905000403,-1433.2674453950995
786,-217.99892554954835,0.9948284949340488,0.12515707966716727,3.0,7.0,0.0,218.32709149182244,0.9997268783930108,0.00027312160698922394,-2.1592318993599027,-3.8713033512081094,-1432.2325653058283
787,-210.82340601263672,1.0,0.11273919760376422,3.0,7.0,0.0,212.3120565576465,0.6672216499802293,0.33277835001977074,-2.472372023968126,-1.7911614121047867,-1437.8726377053297
788,-209.87106319047982,0.9938902174719255,0.13396100016667895,4.0,15.0,0.0,211.8035986596202,0.4583765579708876,0.5416234420291124,-2.3662377605078553,-1.9647975998482128,-1431.945726614887
789,-212.4495927505465,1.0,0.12493595444521503,5.0,51.0,0.0,213.41035949482918,0.9715589957216292,0.02844100427837082,-2.251664743641458,-1.6095787719549715,-1436.1445921353586
790,-210.34935156053476,0.9574642485624588,0.12515707966716727,4.0,31.0,0.0,218.5073733101866,0.7863803375236509,0.21361966247634911,-2.1762250431775203,-1.6222853347963113,-1434.3574468435293
791,-211.1391434282759,0.9613317678781831,0.11273919760376422,4.0,31.0,0.0,213.62102873220374,0.9563938227937773,0.04360617720622273,-2.2173260736663347,-1.1706299570785061,-1431.1220594963058
792,-210.8120267573991,0.9657084867976649,0.13396100016667895,4.0,23.0,0.0,211.80073717783344,0.937498793809143,0.06250120619085697,-2.174935297485241,-1.3490703409237415,-1430.9838211170788
793,-210.4736030317334,0.9550993130783758,0.12493595444521503,3.0,15.0,0.0,213.34359807519454,0.4065472455001234,0.5934527544998767,-2.3311732226044377,-2.1463981247146418,-1435.407895088816
794,-211.45365877640143,0.9687909841772753,0.12515707966716727,3.0,7.0,0.0,212.2161466300937,0.7614978524712277,0.2385021475287723,-2.496770492658114,-1.28616527543719,-1442.075449376667
795,-210.53133857108133,0.9988473498410935,0.11273919760376422,2.0,7.0,0.0,211.49985661078372,0.9216718988976735,0.07832810110232646,-2.1955636207541223,-1.1826901883439755,-1430.772381964988
796,-210.10782093872163,0.8197529180146519,0.13396100016667895,4.0,15.0,0.0,211.18600343853007,0.7854991046853542,0.21450089531464578,-2.339644738317313,-1.4677979900548352,-1432.4846816867282
797,-210.8794150273453,0.9933191589971553,0.12493595444521503,2.0,7.0,0.0,211.0018936990861,0.25119663944166476,0.7488033605583353,-2.38836843762286,-1.9181207038324424,-1437.0595707804894
798,-210.88153269767338,0.9998904452147342,0.12515707966716727,4.0,19.0,0.0,212.07333087622857,0.6454958051255653,0.35450419487443474,-2.4602916412799805,-1.431955602227265,-1439.5335071354332
799,-212.2369518075536,0.9230399615617983,0.11273919760376422,3.0,13.0,0.0,214.19798049464615,0.9854630427806851,0.014536957219314917,-2.1684227881326206,-1.1879649497782285,-1431.4739716458146
800,-211.82186751969522,0.9393121725036869,0.13396100016667895,5.0,31.0,0.0,212.11664362464364,0.042647096002849216,0.9573529039971508,0.20805189735674187,-2.1799365129686645,-1436.9793133299052
801,-211.955727458443,0.9727295128606162,0.12493595444521503,3.0,7.0,0.0,212.09422107640435,0.1357028820213232,0.8642971179786768,-2.3878878627651487,-2.24536124709362,-1440.0572862982085
802,-210.75280346845693,0.9989772395801965,0.12515707966716727,5.0,31.0,0.0,211.2674815575593,0.06598063592699294,0.934019364073007,-0.8031371026428572,-2.2623084069104324,-1431.6030466925204
803,-212.68930371071937,0.9939027582465081,0.11273919760376422,3.0,15.0,0.0,213.15933621559546,0.9897363662422564,0.01026363375774364,-2.1604331806295947,-1.386290769543342,-1431.8131231825405
804,-211.32766647512284,0.9386898636907414,0.13396100016667895,4.0,15.0,0.0,212.5224667965852,0.057593443000705506,0.9424065569992945,-0.333052584523014,-2.1516700935206794,-1435.5795482909068
805,-211.21113006225804,0.9966923335427346,0.12493595444521503,4.0,15.0,0.0,212.17639430758885,0.1107700785994852,0.8892299214005148,-2.5113824304961048,-2.02023090254274,-1434.0146641178612
806,-211.2650707301411,0.8953526425188562,0.12515707966716727,4.0,31.0,0.0,211.92416680847975,0.13021566985580266,0.8697843301441973,-1.0132113053680392,-2.1512592991377377,-1439.4393113381223
807,-212.03641971556846,0.9240109298065048,0.11273919760376422,5.0,39.0,0.0,215.0230610759558,0.9452111051574904,0.054788894842509595,-2.22182615725086,-2.2427904203814015,-1435.6386237474082
808,-210.65384964644994,0.9660207748651195,0.13396100016667895,4.0,27.0,0.0,212.3660823942418,0.32692202736915676,0.6730779726308432,-2.6749050172772546,-1.9222509065575206,-1435.3186140768144
809,-209.88268894209463,0.8686307038170239,0.12493595444521503,4.0,19.0,0.0,213.05179199751277,0.610943069745959,0.389056930254041,-2.096925174952645,-2.1554245804088663,-1432.0850093408706
810,-210.64208904226766,0.9916798711799918,0.12515707966716727,2.0,7.0,0.0,211.6506869654939,0.07190332499601478,0.9280966750039852,-1.040049451496556,-2.2547150169784307,-1431.0406776583181
811,-212.6790080538058,0.7652936478081229,0.11273919760376422,4.0,15.0,0.0,214.19505774782832,0.94835046840521,0.05164953159479002,-1.9953351178291563,-2.1480652288316473,-1440.876650290093
812,-211.04576580838764,0.8973172410949731,0.13396100016667895,2.0,3.0,0.0,211.5950807785879,0.2822656564847694,0.7177343435152306,-2.7749043583515896,-1.9543113499922276,-1436.8771677785276
813,-211.86949888268174,0.8318023846693634,0.12493595444521503,2.0,7.0,0.0,213.51280817762057,0.7369672462371454,0.2630327537628546,-2.1678742414316745,-2.6038186776598358,-1442.2969337641748
814,-210.35217143861007,0.909401817017552,0.12515707966716727,4.0,15.0,0.0,211.86709534601445,0.6739632327950476,0.32603676720495245,-2.162511401692435,-2.285151623904787,-1434.0468867970337
815,-211.56379658609217,0.9998522814261054,0.11273919760376422,5.0,63.0,0.0,212.82408197053337,0.020936524095115008,0.979063475904885,-0.07687895976284984,-2.1612483666339126,-1430.53923011189
816,-209.82187042890104,0.9801892876198929,0.13396100016667895,3.0,7.0,0.0,211.28505299975012,0.5220013118890284,0.47799868811097157,-2.101961770645017,-2.1545667876674703,-1431.9851835476857
817,-211.03861783003174,0.9897673845546212,0.12493595444521503,3.0,11.0,0.0,213.37732133660236,0.7211387300259287,0.27886126997407135,-2.2052016894036357,-1.4663999032832296,-1440.667610457893
818,-209.9827909948979,0.9933443989571978,0.12515707966716727,3.0,15.0,0.0,210.60520527828348,0.607776773145098,0.39222322685490196,-2.059880527087316,-2.138859028465479,-1432.9909749996423
819,-210.11698311118408,0.9975394879142093,0.11273919760376422,5.0,31.0,0.0,212.05709337002256,0.27898291062887975,0.7210170893711203,-1.717551672897401,-2.367382390003432,-1432.9722170539349
820,-211.972581023239,0.9120185685827411,0.13396100016667895,4.0,23.0,0.0,215.9716834441018,0.11278393482899077,0.8872160651710093,-1.571825312371856,-2.376538238568195,-1441.3432855523479
821,-210.6863572497031,0.9671427507061389,0.12493595444521503,2.0,7.0,0.0,211.88242546199626,0.8378791797493416,0.16212082025065844,-2.380103166574504,-1.3395318851496703,-1435.1390579131166
822,-209.84200851578055,0.9794105953109149,0.12515707966716727,4.0,15.0,0.0,211.55544830013892,0.3675316777339429,0.6324683222660571,-1.8994765147751884,-2.298410692636587,-1431.7814874519268
823,-211.0712439378164,0.9877096817867275,0.11273919760376422,3.0,7.0,0.0,211.31022589403014,0.4635909683090886,0.5364090316909114,-1.5631028073065505,-2.44518232311589,-1441.1432736489992
824,-210.68350727188843,0.941063399192004,0.13396100016667895,2.0,3.0,0.0,213.1073760883487,0.13281392592131938,0.8671860740786806,-1.7946026628959317,-2.2587343150897725,-1433.2341171650648
825,-211.37286867669067,0.8344954179766187,0.12493595444521503,2.0,3.0,0.0,213.46151781431612,0.7538852014312665,0.24611479856873353,-2.202980957925342,-1.3168907191632078,-1442.788171829384
826,-210.01082413056847,0.9571111893117679,0.12515707966716727,3.0,15.0,0.0,210.7861215168401,0.5689003772086818,0.4310996227913182,-1.8718214496386412,-2.4423865872401196,-1432.8185997152857
827,-212.80110901763695,0.5728233304838692,0.11273919760376422,3.0,9.0,0.0,215.46204792694624,0.11844108036598258,0.8815589196340174,-2.1742202245381805,-1.9340165314172544,-1447.0590207491325
828,-212.1627794509182,0.8134000625458796,0.13396100016667895,2.0,5.0,0.0,212.60991154101458,0.24149914078106502,0.758500859218935,-1.7042756485718693,-2.03591475531911,-1447.756990423656
829,-210.36316364972907,0.9876151322130249,0.12493595444521503,5.0,31.0,0.0,212.3741923686955,0.16276603754592078,0.8372339624540792,-1.154151153878819,-2.2941600668880304,-1433.6746703084377
830,-210.09438037394142,0.8640974766576786,0.12515707966716727,2.0,7.0,0.0,212.06283959901342,0.36299833733370596,0.637001662666294,-1.8449891427972147,-2.389374592289275,-1433.296382961494
831,-211.19634728483308,0.9649270022243677,0.11273919760376422,3.0,11.0,0.0,215.15170038939962,0.1824229485065248,0.8175770514934753,-2.8152950739576057,-2.051134925168315,-1435.2718373035636
832,-214.04530787331265,0.8931375993655459,0.13396100016667895,2.0,7.0,0.0,214.66904106953385,0.26580444708500706,0.7341955529149929,-1.5159549864902075,-2.0185249088443546,-1461.7829984021025
833,-211.1351659943815,0.9872841974528123,0.12493595444521503,4.0,23.0,0.0,211.47919735264432,0.03384816314427042,0.9661518368557296,-0.814289078431268,-2.175161965505326,-1430.1855326160714
834,-209.8384224261478,0.977976926734849,0.12515707966716727,3.0,7.0,0.0,210.55725248424852,0.3606373563502157,0.6393626436497843,-1.8408749456213154,-2.260448393498442,-1432.0394981725663
835,-210.61976305780186,0.9935930687902911,0.11273919760376422,3.0,7.0,0.0,211.42689761490004,0.23455111582663515,0.7654488841733649,-2.600048923015208,-1.9458743516206045,-1433.9398400573782
836,-210.20868250742365,0.911455451432459,0.13396100016667895,2.0,3.0,0.0,214.94102173279185,0.1799362798908725,0.8200637201091275,-1.7678370162486896,-2.1786125574772925,-1432.0550827007107
837,-210.98135377020589,0.9232126743713602,0.12493595444521503,3.0,15.0,0.0,211.82590001956373,0.04048150613241799,0.959518493867582,-0.6885572796979058,-2.169113709432308,-1430.4975056262788
838,-210.70406844109536,0.9604626284755181,0.12515707966716727,3.0,15.0,0.0,210.98332675534775,0.18298731422291947,0.8170126857770805,-2.096519131514294,-2.230478661189228,-1434.2732952784145
839,-210.52862280468625,1.0,0.11273919760376422,2.0,3.0,0.0,210.62312195387847,0.2468563960454528,0.7531436039545472,-2.604892315264141,-1.9548639904452194,-1433.4994843703016
840,-211.22761851030373,0.8258739285343017,0.13396100016667895,3.0,7.0,0.0,213.05841815707592,0.5343590743497874,0.46564092565021264,-1.626080735061722,-2.5395449806474844,-1441.6479214127185
841,-211.8600446929968,0.8913735155507561,0.12493595444521503,4.0,19.0,0.0,212.25525200338708,0.060563047169706875,0.9394369528302932,-0.22585887151662942,-2.122075406646842,-1439.7435248738625
842,-211.07552266422064,0.9966438527807853,0.12515707966716727,5.0,47.0,0.0,211.64050263441138,0.04585869591442679,0.9541413040855732,-1.1559298961959055,-2.1459216748948404,-1431.3127599296784
843,-212.33103147949245,0.9105696180266216,0.11273919760376422,4.0,19.0,0.0,212.81078043154767,0.9540023274692466,0.045997672530753375,-2.02536634644418,-2.1078601932317906,-1437.7569039535751
844,-211.06747866724663,1.0,0.13396100016667895,2.0,3.0,0.0,211.942040151174,0.397052501093918,0.602947498906082,-1.71689809441659,-2.5746635223651895,-1439.8579525378864
845,-211.50008988786078,0.9943853303366151,0.12493595444521503,2.0,7.0,0.0,212.0354305828284,0.033401690071777075,0.9665983099282229,-0.34152857957683236,-2.259499821677525,-1432.7666813517608
846,-211.51004058958978,0.9398245813217706,0.12515707966716727,2.0,3.0,0.0,211.59609474874378,0.04104060122501535,0.9589593987749847,-1.156845504665756,-2.2575175527151514,-1433.1561737696538
847,-210.35094694240195,0.9962497387774879,0.11273919760376422,4.0,15.0,0.0,213.06113499603055,0.7110609702935444,0.2889390297064556,-1.9479610763965627,-2.3890485793257263,-1433.9163106518893
848,-209.92753693032628,0.9488729482170708,0.13396100016667895,3.0,7.0,0.0,211.61987357001217,0.36448610821180366,0.6355138917881964,-2.0375225268235924,-2.140843824674141,-1432.4826951147138
849,-211.6913259792461,0.9883291544789924,0.12493595444521503,3.0,11.0,0.0,211.85124369886526,0.031418035679608276,0.9685819643203917,-0.22707348178259928,-2.2671680568818084,-1433.705153678235
850,-212.45468500973868,0.9714727461306627,0.12515707966716727,4.0,31.0,0.0,213.68546596095945,0.1225017917892479,0.8774982082107521,-0.38792724696516384,-2.309532787216084,-1447.4428994454122
851,-210.33349934724941,0.9997875645284353,0.11273919760376422,5.0,31.0,0.0,210.54277384659795,0.16905269702030265,0.8309473029796973,-1.9563950838809436,-2.1481737446881994,-1432.0847335366561
852,-210.1377052609858,0.8826838694601707,0.13396100016667895,2.0,7.0,0.0,212.0499514652202,0.17381712851475006,0.8261828714852499,-1.5261811685550155,-2.294966538519512,-1431.6150264147022
853,-213.2693630095416,0.9033241020485004,0.12493595444521503,2.0,7.0,0.0,213.78454951297243,0.00914471203738106,0.9908552879626189,-0.24547209017239377,-2.0380137050436558,-1437.0816521473103
854,-214.09551881495557,0.8128610118046762,0.12515707966716727,2.0,3.0,0.0,215.35108020001604,0.12475683046600597,0.8752431695339941,-0.2238618463910964,-2.3879666238361894,-1458.6541364748457
855,-210.51140962227356,0.9772370544604297,0.11273919760376422,6.0,63.0,0.0,211.19944803860898,0.7457686828650085,0.2542313171349915,-2.432929451818886,-1.4699520759114202,-1435.6979859110877
856,-211.2285618682535,0.9735436567502107,0.13396100016667895,4.0,31.0,0.0,211.82434227512726,0.8477488551629916,0.1522511448370084,-1.971646862516234,-2.4332759852503023,-1436.5032109146423
857,-213.10535232552456,1.0,0.12493595444521503,2.0,3.0,0.0,213.5308563383917,0.008275247125812204,0.9917247528741878,-0.2863461678740201,-2.246877769947548,-1434.4730919509393
858,-213.3527201959842,0.9247643619955812,0.12515707966716727,2.0,3.0,0.0,215.42026318625315,0.09437158375913328,0.9056284162408668,-0.18003427158444,-2.1152390489555857,-1452.9064247255044
859,-211.92991297806196,0.9522516320947297,0.11273919760376422,5.0,55.0,0.0,214.2131153625564,0.9703409263578879,0.029659073642112066,-2.077486740014985,-0.39318907278655746,-1435.590421225056
860,-210.3697707462464,0.7593778861427711,0.13396100016667895,3.0,15.0,0.0,214.28557380014175,0.17048517867922267,0.8295148213207774,-2.0332607367264783,-2.1764521231702507,-1432.0112610313527
861,-211.67618715414756,0.9880860629204296,0.12493595444521503,2.0,7.0,0.0,215.5883175921079,0.017739380685476234,0.9822606193145238,-0.254654243681027,-2.177926735126351,-1430.0800649243527
862,-211.6396212803823,0.9649621894132309,0.12515707966716727,5.0,43.0,0.0,215.3186073205593,0.9195690255453035,0.08043097445469649,-2.2835808848674732,-1.7594358101808434,-1436.7897545481526
863,-211.10082491144007,0.998130530721694,0.11273919760376422,4.0,27.0,0.0,212.86862603103316,0.9139230327821938,0.08607696721780622,-2.3373364425487964,-0.9239762459346181,-1435.2152883457104
864,-210.64184224683584,0.9966779678473282,0.13396100016667895,4.0,17.0,0.0,211.2696479900446,0.07941918835339272,0.9205808116466073,-0.7469540614083924,-2.2290081599168583,-1432.2213353187542
865,-213.7409207927691,0.9711069055499294,0.12493595444521503,4.0,27.0,0.0,214.64928652116456,0.0030086440578498412,0.9969913559421502,-0.9016711742815764,-2.1321304342521414,-1431.7135716595046
866,-210.57192832452782,0.9953646085837493,0.12515707966716727,4.0,15.0,0.0,212.09688896124823,0.8410509806870987,0.15894901931290129,-2.2467879000101787,-1.905366119032572,-1433.1854493942367
867,-210.54246071663977,0.9943239346863811,0.11273919760376422,4.0,25.0,0.0,211.45235543248282,0.8975035974509261,0.10249640254907388,-2.2939136645342297,-1.2236763380018578,-1432.056880757214
868,-210.9192371054426,0.9597221523406734,0.13396100016667895,3.0,15.0,0.0,211.96263288409665,0.18482052199662943,0.8151794780033705,-1.0488217838975005,-2.365397739468686,-1438.12300431694
869,-212.36444658780132,0.5781611322489552,0.12493595444521503,4.0,27.0,0.0,216.48112415854467,0.46708461076449437,0.5329153892355056,-2.0159836140899046,-2.5877734254108136,-1448.0638555071569
870,-211.40788451512455,0.932718654815145,0.12515707966716727,3.0,15.0,0.0,213.30668338823878,0.9049365874561712,0.09506341254382877,-2.2136565068628533,-2.219457795683828,-1434.9238234643594
871,-210.71601648205822,0.9465725830948033,0.11273919760376422,4.0,27.0,0.0,211.6433574406204,0.860183671040626,0.13981632895937401,-2.2580926216381387,-0.9399350479149811,-1435.7781364372113
872,-210.28013109428787,0.9290246948390485,0.13396100016667895,4.0,23.0,0.0,211.85720296327585,0.22489691815475463,0.7751030818452453,-2.355421253056071,-2.087009257107048,-1431.9452485194854
873,-214.19425607356303,0.9466158611583718,0.12493595444521503,5.0,35.0,0.0,215.18035681859016,0.005660961369957775,0.9943390386300422,0.45031284092649015,-2.285998261905177,-1439.1330418511411
874,-210.71293792766474,0.9764122979133705,0.12515707966716727,4.0,15.0,0.0,212.26230512777605,0.6708133852699724,0.32918661473002764,-2.1928180592121285,-1.6549424311271357,-1438.6031217519965
875,-212.01988146159175,0.8501008582269084,0.11273919760376422,3.0,11.0,0.0,212.82920825300283,0.9785690912174182,0.021430908782581803,-2.091256222606619,-0.9787627969407516,-1433.2824086558346
876,-210.72760039914587,0.967521373014719,0.13396100016667895,3.0,15.0,0.0,211.4399367683479,0.18945721869776144,0.8105427813022386,-2.1193014848556953,-2.230583525858269,-1434.5376108996381
877,-212.57580176314872,1.0,0.12493595444521503,2.0,7.0,0.0,214.38530366899997,0.019434677291732563,0.9805653227082675,0.4923696784875027,-2.0716788529006935,-1437.149466224817
878,-209.88883639367785,1.0,0.12515707966716727,2.0,7.0,0.0,210.7617736620334,0.7076618705327187,0.2923381294672813,-2.237774562380665,-1.8274791236608456,-1431.7689789576957
879,-210.67084298576026,0.9438023902608083,0.11273919760376422,4.0,27.0,0.0,213.7968151594432,0.8714018623938422,0.1285981376061578,-2.348062828522424,-1.1754699574315717,-1434.1897876415878
880,-210.30060590880282,0.9760379267960553,0.13396100016667895,4.0,15.0,0.0,211.10091110706105,0.4097075881190754,0.5902924118809245,-1.6979999920457962,-2.4936521542492533,-1435.0410443406322
881,-212.03544846146673,0.5660723241453204,0.12493595444521503,3.0,11.0,0.0,215.0257271656155,0.016645173371544447,0.9833548266284555,0.35583466069085656,-2.2045179987565966,-1431.975690048695
882,-211.30334550813177,0.7810754164574458,0.12515707966716727,2.0,3.0,0.0,212.31731919666166,0.7639565200613955,0.23604347993860453,-2.343129092854483,-2.008459671162433,-1439.575104067873
883,-210.53913761835886,0.9029100943270735,0.11273919760376422,3.0,7.0,0.0,215.04858443061798,0.9152519885311625,0.08474801146883748,-2.265326044346378,-1.0917425045661695,-1431.2320344477932
884,-210.61140253471675,0.9885820679851333,0.13396100016667895,3.0,15.0,0.0,212.37829717398554,0.5396599619984648,0.4603400380015352,-1.741702967897413,-2.5863725530592174,-1436.8368615420065
885,-212.90123410783048,0.7324779241469281,0.12493595444521503,5.0,63.0,0.0,215.19049665715391,0.008965480107283628,0.9910345198927164,1.044085085541227,-2.200400501873349,-1432.9196804164478
886,-209.85190297533293,0.9956337246621898,0.12515707966716727,2.0,7.0,0.0,211.37508147155987,0.6956653889343984,0.30433461106560156,-2.2724758144112593,-1.7931342796595233,-1431.6457819509776
887,-213.39133177006494,0.7131827170507825,0.11273919760376422,5.0,47.0,0.0,214.67784381209339,0.993918504785965,0.006081495214035004,-2.056949260496949,-0.3532443068151487,-1435.0049881953569
888,-210.8397589008754,1.0,0.13396100016667895,4.0,15.0,0.0,211.17988558616196,0.12738981578466627,0.8726101842153338,-2.455131810946166,-2.0576282586851726,-1432.3942124554635
889,-211.77200490536248,0.998626157156443,0.12493595444521503,4.0,31.0,0.0,213.89793637932434,0.059965673155963004,0.940034326844037,-0.05331843188607048,-2.1718908274080198,-1438.928176341079
890,-211.60015248057042,0.9804678407907954,0.12515707966716727,4.0,29.0,0.0,213.57483984202597,0.9726103707864518,0.02738962921354815,-2.1118005336522137,-0.8506169149695659,-1432.1633746670657
891,-211.5253143037078,0.9876388917716286,0.11273919760376422,5.0,35.0,0.0,214.47083988874374,0.9128226227519511,0.08717737724804886,-2.2781503519088457,-1.8018892197100504,-1436.396515254312
892,-210.46022786542676,0.9995166821846441,0.13396100016667895,3.0,7.0,0.0,210.8524429751206,0.1880865785010131,0.8119134214989869,-2.397052725511365,-2.098415894826915,-1432.0630631375216
893,-212.21495889368862,0.8549073695227891,0.12493595444521503,2.0,7.0,0.0,213.10854560750153,0.021271915783484568,0.9787280842165155,-0.21723845451051335,-2.2740638696115725,-1434.6770129146607
894,-210.95199906038462,0.9237443238620421,0.12515707966716727,5.0,31.0,0.0,212.88207674247383,0.24267292114115976,0.7573270788588402,-2.2620444237851283,-1.9523142790327725,-1437.7936626334774
895,-209.9996019038919,0.9992517536919926,0.11273919760376422,4.0,23.0,0.0,212.83452367663128,0.35908293021463605,0.6409170697853639,-2.2185719419782037,-2.1338448197943896,-1432.296292213538
896,-210.39176636603042,0.9726729877061387,0.13396100016667895,1.0,3.0,0.0,210.75560834675358,0.20678867595356223,0.7932113240464378,-2.330953341136083,-2.040377359232701,-1432.5612534773936
897,-212.5130620628376,0.8658558237639135,0.12493595444521503,5.0,43.0,0.0,213.7175303366699,0.9884122928848411,0.011587707115158885,-2.1176316640444277,-1.2085141820988115,-1431.9810363228332
898,-210.15735740649262,0.8690350288294144,0.12515707966716727,2.0,7.0,0.0,212.95499761191473,0.3475462811613136,0.6524537188386864,-2.302288884839005,-2.1218542838886827,-1433.0009491890878
899,-210.2539110859273,0.9931271716130234,0.11273919760376422,3.0,7.0,0.0,210.44445439741847,0.20742357327373231,0.7925764267262677,-2.0835429333095297,-2.1177402679842774,-1432.289938155265
900,-210.38781789981255,0.9951233396623764,0.13396100016667895,3.0,11.0,0.0,211.6430344838497,0.39649348829736736,0.6035065117026326,-1.58620863255872,-2.3865444912474905,-1436.3383089140148
901,-210.79587015444324,0.9878764690209728,0.12493595444521503,3.0,11.0,0.0,212.74352862398828,0.9083197112080298,0.09168028879197021,-2.257560519894255,-0.6843640228301292,-1434.1511718660129
902,-209.80578115686012,0.9918144042097929,0.12515707966716727,4.0,31.0,0.0,210.35352155659172,0.5001848907582481,0.4998151092417519,-2.0214034843834594,-2.244923485606394,-1431.8310002196695
903,-210.1902646503374,0.9936011532132333,0.11273919760376422,5.0,39.0,0.0,210.8016862429633,0.8514673673894658,0.14853263261053418,-2.2273561152079884,-1.3837743936784357,-1431.7222661050655
904,-209.87388793399845,0.8086506780582251,0.13396100016667895,2.0,7.0,0.0,213.62409376944808,0.3277656619608119,0.6722343380391881,-1.908043388446952,-2.266640349200503,-1431.7289713213404
905,-210.4812198527665,0.9953801456150486,0.12493595444521503,5.0,47.0,0.0,211.21257079396588,0.08210019427222266,0.9178998057277773,-1.1102256069110894,-2.2381536243955087,-1430.7031632710134
906,-212.36921042037073,0.9905071389788404,0.12515707966716727,4.0,15.0,0.0,212.59578279405,0.4879708221298147,0.5120291778701853,-1.5916641276176278,-2.735595092015527,-1448.7650874661158
907,-209.98864716091768,0.9955120534113212,0.11273919760376422,4.0,31.0,0.0,211.3187015418236,0.36429261673934704,0.635707383260653,-2.0667920915918745,-2.231649455372172,-1432.4566966225584
908,-210.0682596562267,0.9980479088168459,0.13396100016667895,4.0,15.0,0.0,210.1466484935709,0.21158837765641142,0.7884116223435886,-1.575883855319668,-2.2323783436930777,-1432.2819339395846
909,-209.9220318468726,0.9996676100909995,0.12493595444521503,5.0,47.0,0.0,210.84476043568435,0.5615894167713104,0.43841058322868964,-2.2207896612070344,-2.0982538528968773,-1432.348105852458
910,-212.36921042037073,0.5287219410646257,0.12515707966716727,2.0,3.0,0.0,217.02138709152595,0.4879708221298147,0.5120291778701853,-1.5916641276176278,-2.735595092015527,-1448.7650874661158
911,-212.7764481625765,0.9986652738184418,0.11273919760376422,3.0,7.0,0.0,213.3490105207775,0.38306796305233554,0.6169320369476645,-1.340333340769375,-2.6267758610322636,-1452.3338106566687
912,-212.0950690920687,0.7796308577463796,0.13396100016667895,2.0,3.0,0.0,212.22889487410495,0.12500849900021366,0.8749915009997864,-1.7044954632052838,-2.3750136101830814,-1442.4353554879033
913,-210.18109172258926,0.9777001461092579,0.12493595444521503,4.0,15.0,0.0,213.12938573131623,0.7285067071621437,0.2714932928378563,-2.396732101333492,-1.5773290602295593,-1433.5766693808089
914,-210.09923675716107,0.9748907573183936,0.12515707966716727,3.0,11.0,0.0,213.47032446899865,0.3908644763870452,0.6091355236129548,-2.038628009620548,-2.0939538727510407,-1434.0261434112072
915,-209.9580996696932,0.9629477738223564,0.11273919760376422,3.0,7.0,0.0,213.63343013002338,0.5842735768096291,0.4157264231903709,-1.9208399881406062,-2.3563590050121777,-1432.5836804389937
916,-210.56250931052762,0.839475572120747,0.13396100016667895,2.0,3.0,0.0,214.23767622451098,0.1747522341482569,0.8252477658517431,-1.6000719773693584,-2.1453982258003554,-1434.9527089537262
917,-210.400380227364,0.9965894125531207,0.12493595444521503,3.0,11.0,0.0,210.75798451297064,0.904361112142701,0.09563888785729902,-2.211708990304257,-1.2917611838835703,-1430.821587221009
918,-210.07756572408164,0.9983473413135403,0.12515707966716727,4.0,19.0,0.0,210.24737683290567,0.428135104665362,0.571864895334638,-1.8181829193702779,-2.2505978888751774,-1434.2159495239464
919,-210.15440656907998,0.9035089870415768,0.11273919760376422,1.0,3.0,0.0,210.9138172618273,0.547277437947399,0.452722562052601,-2.0378746806423536,-2.3883357704620014,-1433.5457039144142
920,-211.08309953843056,0.9369388474119126,0.13396100016667895,3.0,7.0,0.0,211.42727262916802,0.198521909917911,0.801478090082089,-1.926655767133813,-2.3272337172568323,-1437.5311155669583
921,-210.05718642508015,0.9901440888128277,0.12493595444521503,4.0,15.0,0.0,210.7254853246991,0.7381854691905074,0.2618145308094926,-2.235565517840582,-1.956069387250969,-1432.0502853819173
922,-209.90916917044873,0.9995837043714866,0.12515707966716727,3.0,7.0,0.0,210.11338954553156,0.47064973184564163,0.5293502681543584,-1.9271690769186394,-2.379375833295128,-1432.305765985233
923,-210.2885266993933,0.9983069288943841,0.11273919760376422,5.0,31.0,0.0,210.93781927029292,0.11160647051692353,0.8883935294830765,-1.2622552057219039,-2.236288040679049,-1430.9630991815231
924,-211.01547780218388,0.9822046996078234,0.13396100016667895,2.0,3.0,0.0,211.59252127824357,0.274423162943485,0.725576837056515,-1.587627706457896,-2.1566217009382673,-1440.3026069987984
925,-211.0631074154411,0.9493083963415534,0.12493595444521503,3.0,15.0,0.0,211.4412763048556,0.34640055911844475,0.6535994408815553,-2.375614986017973,-1.8186199635033424,-1439.9825260117334
926,-210.98717134481365,0.9208565146436046,0.12515707966716727,3.0,11.0,0.0,211.69600148248134,0.3698847400315668,0.6301152599684332,-1.808470173703257,-2.1148483404307235,-1440.7012075365158
927,-210.26183728409057,0.9866291194209753,0.11273919760376422,5.0,31.0,0.0,211.04150313001338,0.7716940532190333,0.22830594678096672,-2.1070515665655183,-2.0311100657782104,-1433.0481447877885
928,-212.21481318441818,0.9308022954006244,0.13396100016667895,4.0,23.0,0.0,213.600005489596,0.03233594471390325,0.9676640552860968,0.35424564198655645,-2.107559592776136,-1438.052728406338
929,-210.91172983408043,1.0,0.12493595444521503,1.0,1.0,0.0,211.25691232426203,0.35024709120346637,0.6497529087965337,-2.388396634679177,-1.8237448558874463,-1438.903659937144
930,-210.25956827784276,0.9691716776965378,0.12515707966716727,3.0,9.0,0.0,215.11661856505626,0.2175976632723793,0.7824023367276207,-2.2221855052263852,-2.1296950060891393,-1432.0112475630247
931,-210.65778203597165,0.8865321588394364,0.11273919760376422,4.0,31.0,0.0,211.78151438340615,0.7905174970404835,0.20948250295951654,-2.244222145864286,-2.0876608541256196,-1434.638825936364
932,-212.34077661222585,0.6691313330002235,0.13396100016667895,5.0,47.0,0.0,214.8062555870869,0.9808959046913529,0.019104095308647095,-2.081425008684421,-1.3609669695873188,-1433.984821093802
933,-210.18141685623223,0.9271524914675561,0.12493595444521503,2.0,7.0,0.0,212.06315194438253,0.34143230193227725,0.6585676980677228,-2.394427013727575,-2.073611188568571,-1432.9100783611996
934,-210.49569926514843,0.9648650446163406,0.12515707966716727,4.0,23.0,0.0,210.78061097464163,0.8592675550808128,0.14073244491918724,-2.291305740152553,-1.6050404819782897,-1432.701947262825
935,-210.595034906452,0.9480405116483706,0.11273919760376422,4.0,15.0,0.0,212.2808183505438,0.11658898005984748,0.8834110199401525,-1.5386214551079467,-2.2798072764114674,-1432.505145739455
936,-212.2850341574198,0.7949519420621003,0.13396100016667895,3.0,15.0,0.0,212.82744737039258,0.9805674638435269,0.019432536156473112,-2.0903387718656505,-1.470280367612268,-1433.4158554402786
937,-209.91482594456258,0.9999124664050991,0.12493595444521503,4.0,31.0,0.0,210.39381496745318,0.6568451745766947,0.34315482542330533,-2.3672763290830434,-1.6926030909355068,-1432.4358790348979
938,-210.00343924482797,0.9993194696470872,0.12515707966716727,4.0,23.0,0.0,210.7299907652001,0.3434158539145498,0.6565841460854502,-2.2784458537543877,-2.0131412185041233,-1432.381186042662
939,-211.81543275649273,0.9159110396020641,0.11273919760376422,2.0,3.0,0.0,212.38543817743317,0.09829415480907615,0.9017058451909239,-1.5418173541636488,-2.3525965640989708,-1439.5982095997547
940,-211.9679871744907,0.6521962553181401,0.13396100016667895,4.0,23.0,0.0,216.3966608937388,0.03873155530732299,0.961268444692677,-2.220368422359311,-2.075195314340375,-1433.5168970549819
941,-210.03378967731337,0.954758391089173,0.12493595444521503,3.0,11.0,0.0,212.25705948686868,0.6569669047441403,0.3430330952558597,-1.9833710101874744,-2.3285219038607003,-1432.4906934023743
942,-210.13766109547296,0.9988400509523074,0.12515707966716727,3.0,11.0,0.0,210.69316871735077,0.2902405815303012,0.7097594184696988,-2.4327461959694827,-2.0225764342478567,-1432.0236272342827
943,-210.62540872958485,0.9956075699216452,0.11273919760376422,3.0,11.0,0.0,212.03662951785472,0.09775210458348275,0.9022478954165173,-1.55153053202546,-2.154502162993376,-1432.0887556477949
944,-211.10466283671613,0.846137989297026,0.13396100016667895,3.0,7.0,0.0,213.09549970755697,0.10133346251362821,0.8986665374863718,-2.1699725802806595,-2.062294386447064,-1433.9688374871926
945,-211.20398522668344,0.9555993700294187,0.12493595444521503,3.0,7.0,0.0,211.43623496731598,0.8424481425291369,0.1575518574708631,-1.9744969123649212,-2.794688323733661,-1434.885325373436
946,-210.12419079231807,0.9660856276986173,0.12515707966716727,4.0,15.0,0.0,210.61271855140276,0.6159983887174705,0.3840016112825295,-2.264666635806025,-1.737171203590404,-1434.4938985327583
947,-210.96483518265714,0.9660876965716947,0.11273919760376422,3.0,7.0,0.0,211.33549571261543,0.13750514095819336,0.8624948590418067,-1.4706707601017672,-2.1166703279543784,-1436.8298106376694
948,-209.89386160433412,0.9264312942485665,0.13396100016667895,5.0,31.0,0.0,212.90183913521338,0.6146582128175041,0.3853417871824959,-2.2674308820465305,-1.8137165600770422,-1432.6663503390494
949,-211.49056866067332,0.9761824788620476,0.12493595444521503,3.0,7.0,0.0,212.15874714037295,0.7111270456473759,0.28887295435262406,-1.9318266536746471,-2.852997790341128,-1439.741657202601
950,-209.8232643574213,0.984331860361446,0.12515707966716727,4.0,31.0,0.0,210.5675134709397,0.5400220270714488,0.45997797292855125,-2.3250075885519133,-1.9449726727404946,-1431.8531222247836
951,-211.02007310876996,0.9908130648110816,0.11273919760376422,3.0,15.0,0.0,211.87139472951242,0.10573455300933159,0.8942654469906685,-1.8205089571758566,-2.2552425446697395,-1434.129092920497
952,-213.90284467135425,0.7131070283928813,0.13396100016667895,4.0,15.0,0.0,215.2029201633092,0.9774703584638925,0.02252964153610748,-1.9813453141876152,-2.6010972838456397,-1441.9987801929792
953,-210.30166237784022,0.7220701810693672,0.12493595444521503,2.0,3.0,0.0,214.21485238038557,0.7021540382873297,0.2978459617126703,-1.9376408075891212,-2.5299352156836257,-1433.134739491012
954,-209.82423724562457,0.9520877592813735,0.12515707966716727,2.0,7.0,0.0,215.3777914176311,0.4962729864791272,0.5037270135208728,-2.1210687386306097,-2.121902930060152,-1432.0654789263547
955,-211.11776165165423,0.9475143364618782,0.11273919760376422,3.0,7.0,0.0,212.4931905335503,0.11298112842371794,0.8870188715762821,-1.6198092358577505,-2.089815937868131,-1436.4224580729608
956,-210.7205200807959,0.5314487565149373,0.13396100016667895,4.0,15.0,0.0,215.2385717283563,0.8822658170824283,0.11773418291757165,-2.114611355874285,-2.1502810471259663,-1432.1090623578525
957,-210.64416331379172,0.8666226398923377,0.12493595444521503,3.0,11.0,0.0,212.8497406558692,0.863800906580358,0.13619909341964198,-2.2213360590312967,-1.9366647912750259,-1432.79615028188
958,-210.48330792795923,0.8815463919499701,0.12515707966716727,2.0,7.0,0.0,212.04801020968412,0.5810117682794307,0.4189882317205693,-2.2176963505100993,-2.2309753029715753,-1435.662837453958
959,-210.78797669502268,0.974747580240778,0.11273919760376422,4.0,15.0,0.0,214.02979818438513,0.2527979122890534,0.7472020877109466,-1.2849184864045486,-2.4239593186874617,-1438.0604171343857
960,-210.16651800850306,0.6651846104444165,0.13396100016667895,4.0,31.0,0.0,211.75602352893262,0.46403043567254276,0.5359695643274572,-2.246152010058221,-1.898583244160185,-1434.6979973999282
961,-211.4743834437396,0.9996975199117988,0.12493595444521503,4.0,31.0,0.0,212.7317918638932,0.946711533304674,0.05328846669532605,-2.2859665362218533,-0.3006176904293747,-1435.5910159187372
962,-210.0832212117158,0.9963009044226496,0.12515707966716727,4.0,23.0,0.0,211.03633787726653,0.6843474502945511,0.31565254970544887,-2.387707376930929,-1.5712489102203642,-1433.56349850435
963,-211.51276787731746,0.9158370731509767,0.11273919760376422,4.0,31.0,0.0,212.8679635256327,0.4483338510950167,0.5516661489049832,-2.7248762211266597,-1.7257925101794827,-1442.4451619577633
964,-210.34938583371598,0.9148160902501364,0.13396100016667895,4.0,15.0,0.0,211.4375818463346,0.5816499073750513,0.4183500926249487,-1.9688501867180774,-2.1545220462350785,-1435.923866799506
965,-211.0883422043369,0.9877718138170369,0.12493595444521503,3.0,15.0,0.0,211.90355419806266,0.9378119817575952,0.06218801824240483,-2.1250317652094033,-0.8958689386922627,-1433.9239351371652
966,-212.99071171177383,0.9214458713086813,0.12515707966716727,3.0,15.0,0.0,215.31596221213408,0.8061151016973614,0.19388489830263855,-2.4977175510057408,-0.8856864831428879,-1452.402611176345
967,-211.09336687878044,0.9676697766936156,0.11273919760376422,3.0,7.0,0.0,212.0973742189592,0.34907030278904905,0.650929697210951,-2.532126380265425,-1.7693711078210648,-1439.7056448590554
968,-210.48403555247097,0.9927936665670499,0.13396100016667895,3.0,15.0,0.0,210.71775486592293,0.1819324489005259,0.8180675510994742,-1.9466385449806614,-2.1052962291813833,-1433.7142523263192
969,-211.66514147787723,0.9999274643339404,0.12493595444521503,4.0,31.0,0.0,212.8201062314464,0.9662981965256766,0.03370180347432339,-2.246049712989202,0.019388826974866796,-1434.1191794693434
970,-210.46831738202394,0.9862509567146979,0.12515707966716727,3.0,7.0,0.0,213.86593688983754,0.7795200974625907,0.22047990253740934,-2.355153693934181,-1.2588567920542484,-1435.5410913465232
971,-209.9857310806551,1.0,0.11273919760376422,3.0,7.0,0.0,211.39148828502238,0.5097993134297846,0.4902006865702154,-2.444419558395289,-1.8135154430021299,-1432.9520039643294
972,-210.26556011717904,0.999186569068715,0.13396100016667895,3.0,15.0,0.0,210.6969200610512,0.49631376067067,0.50368623932933,-1.7236530180344027,-2.4629608870010387,-1435.0831674179765
973,-213.48066171166954,0.954322030187302,0.12493595444521503,4.0,23.0,0.0,215.16657563086713,0.9405750597207763,0.05942494027922374,-2.268515811637467,0.4869739027689828,-1450.0997727372041
974,-210.41736656817716,0.9448020270477666,0.12515707966716727,3.0,15.0,0.0,211.31109979251735,0.8469898346719286,0.15301016532807143,-2.2557129885327623,-1.127607151864722,-1433.9054973539287
975,-210.62105154768201,0.974704461482635,0.11273919760376422,3.0,15.0,0.0,212.35092419382437,0.7886625037206019,0.21133749627939813,-2.058572449677505,-2.0434384220812105,-1435.2772670367367
976,-210.07411201250682,0.8713468501072393,0.13396100016667895,4.0,15.0,0.0,214.3113803758979,0.4209799805452848,0.5790200194547153,-2.4681173273535757,-1.8627663189210923,-1433.1335861630307
977,-212.7740262793931,0.9995152645303025,0.12493595444521503,3.0,15.0,0.0,214.91426266902056,0.9866880874058226,0.01331191259417741,-2.0918629556710577,0.9721884035696414,-1435.2685163044634
978,-210.76199192754467,0.9965944846251272,0.12515707966716727,3.0,15.0,0.0,211.2892100893932,0.8722794004391882,0.12772059956081183,-2.3256525374016674,-0.9176584164311055,-1435.335471362712
979,-210.41555227764675,0.9880703353856611,0.11273919760376422,4.0,23.0,0.0,211.73287461726852,0.6306248320243372,0.36937516797566283,-1.8343416131103962,-2.5022568836902273,-1435.1227934811482
980,-209.88788271792706,0.9957913422717746,0.13396100016667895,4.0,19.0,0.0,210.64080425551185,0.3134462377182767,0.6865537622817233,-1.8381876295942754,-2.2312947786929813,-1432.0259081337206
981,-211.52101043800792,0.990812402882509,0.12493595444521503,4.0,27.0,0.0,214.6633234412317,0.9490949126765974,0.0509050873234026,-2.2777117695950997,-0.22264240389456083,-1435.6821533213704
982,-211.7770362636185,0.9525012533793386,0.12515707966716727,4.0,15.0,0.0,213.06958304277,0.9771424927529756,0.0228575072470244,-2.101552998601885,-0.5993510472118958,-1432.5197172075248
983,-211.0102858641348,0.945703351206772,0.11273919760376422,3.0,7.0,0.0,211.165670496847,0.6462418838943764,0.3537581161056236,-1.7794010448857676,-2.4917562312401027,-1439.3183537754555
984,-209.94940443236243,0.9988449341048276,0.13396100016667895,4.0,15.0,0.0,210.04933763172056,0.5132711030817817,0.4867288969182183,-1.890515156262489,-2.4336717238718757,-1432.4978553043811
985,-210.87303374409206,0.9856049573548793,0.12493595444521503,5.0,39.0,0.0,213.0382816706048,0.06281510227761793,0.9371848977223821,-1.2861240404707495,-2.2356486483474853,-1431.3495424086786
986,-211.20126360746522,0.980741866183659,0.12515707966716727,3.0,15.0,0.0,212.28969660469735,0.9630432093884871,0.03695679061151291,-2.2209823601164747,-0.2770559277699652,-1431.559131271934
987,-209.8378290168813,0.9723635727041223,0.11273919760376422,3.0,15.0,0.0,212.01951010074112,0.44266233253465664,0.5573376674653434,-2.1246333242913464,-2.151527554578871,-1431.945926768795
988,-210.84933845259334,0.7729443406377708,0.13396100016667895,1.0,3.0,0.0,211.34894426996036,0.4380847607001301,0.5619152392998699,-2.040761080737736,-2.41716753155716,-1438.1716168291907
989,-210.57161180968268,0.5117365193341531,0.12493595444521503,4.0,15.0,0.0,214.88336286452892,0.6697228624680651,0.3302771375319349,-1.986728652874138,-2.1414363624013544,-1436.7874861360763
990,-210.14705613708668,0.9990129595983225,0.12515707966716727,4.0,31.0,0.0,211.65043697667258,0.8144270647227978,0.1855729352772022,-2.269654851495168,-1.3585646275635086,-1432.5499738869564
991,-211.4724315825677,0.9484398127243023,0.11273919760376422,4.0,31.0,0.0,213.3864575632967,0.03185832174148015,0.9681416782585198,-1.1101107257755962,-2.2149865316071624,-1431.468458593453
992,-210.04081738911074,0.9281089133196725,0.13396100016667895,2.0,7.0,0.0,211.4027996477715,0.5544317751009498,0.44556822489905024,-1.8613779563678798,-2.3656850864484595,-1433.4279645814977
993,-211.94562002043696,0.9266124977015057,0.12493595444521503,3.0,15.0,0.0,214.37653785085206,0.11700767896181825,0.8829923210381817,-2.0662523125291874,-1.9915824245126728,-1441.2768247971003
994,-210.7251762903991,0.9681302696137923,0.12515707966716727,4.0,15.0,0.0,210.74298705998694,0.9088643240700128,0.09113567592998717,-2.1432313597194814,-1.431014203861006,-1432.696460010917
995,-213.4796411740798,0.9000521184130506,0.11273919760376422,4.0,23.0,0.0,215.17499732148468,0.05551574621342651,0.9444842537865735,-0.15886591791338975,-2.394824653161763,-1449.3256912035042
996,-210.14760610371692,0.827932791756542,0.13396100016667895,4.0,15.0,0.0,215.33253062606406,0.7376782472028047,0.2623217527971953,-2.092330058113904,-2.3033502316313217,-1431.9415189089073
997,-211.49935260436592,1.0,0.12493595444521503,2.0,3.0,0.0,212.11165536720114,0.07752387199973451,0.9224761280002655,-2.0058350569906795,-2.233700869138978,-1434.9817846021115
998,-211.47291431526548,0.9334261822859817,0.12515707966716727,3.0,7.0,0.0,211.7106539551737,0.9337700960187528,0.06622990398124717,-2.2761775796050006,-1.5450334386482796,-1435.042999626234
999,-211.71905319859192,1.0,0.11273919760376422,3.0,7.0,0.0,213.77517838055755,0.0946462214976095,0.9053537785023905,-0.3473143041360149,-2.2390123629786984,-1441.0979021662788
