draws,lp__,accept_stat__,stepsize__,treedepth__,n_leapfrog__,divergent__,energy__,rho.1,rho.2,mu.1,mu.2,log_prob_data
0,-209.96189821537553,0.9808043548966502,0.16569267380414235,4.0,15.0,0.0,210.00787846175274,0.8906007267785814,0.10939927322141862,-0.7615825929489409,0.0982479542839929,-1433.7707880728437
1,-209.37736344630795,0.6242356378722743,0.1771068585037777,1.0,3.0,0.0,212.00972124716517,0.7824355732543062,0.21756442674569376,-0.5789256254694735,-1.2203965314277891,-1432.5212694201625
2,-212.4836944487282,0.9546820983380481,0.14763557083133919,4.0,21.0,0.0,214.56508993946775,0.9929593341882482,0.007040665811751778,-0.770575225489309,0.9659664143000464,-1432.1829448948483
3,-212.91707217324011,0.9353410064534105,0.15468756696921107,4.0,31.0,0.0,214.18877357604387,0.0289035912887648,0.9710964087112351,-1.6731610141948188,-0.8545101639616326,-1443.0490485144112
4,-209.83982006603537,0.6654339323539773,0.16569267380414235,4.0,31.0,0.0,214.9046695649784,0.6141681179434472,0.38583188205655283,-0.8896678307895008,-0.7639315441860953,-1438.3887045822112
5,-209.51522289509455,0.9747477532518265,0.1771068585037777,4.0,15.0,0.0,209.98329778243865,0.2545357401851855,0.7454642598148145,-1.32075414488289,-0.5665786530960562,-1434.0153564795573
6,-211.2806027461109,0.8694312588657817,0.14763557083133919,4.0,23.0,0.0,214.23254883669517,0.8423746078770135,0.15762539212298654,-0.9192936639928437,0.556388248263654,-1444.5304746748727
7,-209.41605792704794,0.9752562358532245,0.15468756696921107,4.0,23.0,0.0,213.36561024415198,0.8397052795101987,0.1602947204898013,-0.8169374050080387,-0.39264100010028397,-1432.0323667055077
8,-210.485897925528,0.8875838685798001,0.16569267380414235,4.0,15.0,0.0,211.8853536090028,0.5316323706528296,0.46836762934717036,-0.8702535705776551,-0.8830341516227861,-1443.0539563835584
9,-209.39278739598964,0.9956796146475614,0.1771068585037777,2.0,7.0,0.0,209.69167456324718,0.24062168252002752,0.7593783174799724,-1.2641144232172885,-0.55807291337733,-1433.0437018954854
10,-210.8510550491975,0.8556289256805076,0.14763557083133919,2.0,3.0,0.0,212.10354307325758,0.8819409194238711,0.1180590805761289,-0.7922635588517958,0.5592243349634151,-1440.0687442759256
11,-210.09894663433496,0.8744643208096278,0.15468756696921107,3.0,15.0,0.0,213.10925567018282,0.7827467453418737,0.21725325465812628,-1.014544819531215,-0.06847751916656697,-1438.1812496179832
12,-211.85830873250623,0.9403275011527361,0.16569267380414235,2.0,3.0,0.0,212.18556871199917,0.7280935407099242,0.27190645929007584,-0.4591239244818517,-0.7112741506090219,-1451.6585383199483
13,-209.03813257609423,0.9721143200188572,0.1771068585037777,4.0,23.0,0.0,209.71785731018096,0.7059406310177666,0.2940593689822334,-0.6789272822458222,-0.8950093947736885,-1432.0342219746099
14,-209.2538690568604,0.9595522994119228,0.14763557083133919,4.0,21.0,0.0,211.3024046304491,0.8017971610714401,0.19820283892855994,-0.8540434039849998,-0.2112717313047785,-1432.1002948977896
15,-210.6187019237664,0.9898219713583124,0.15468756696921107,4.0,23.0,0.0,213.3542912341831,0.9409937524101365,0.0590062475898635,-0.771062915787573,0.6741325802252596,-1434.0268349125229
16,-211.3128952101675,0.9971566306944895,0.16569267380414235,4.0,15.0,0.0,213.85152494271074,0.5370582188222977,0.46294178117770235,-1.3199025276828331,-0.23211023872529263,-1448.5327281366492
17,-211.17603536278241,0.8214098458866141,0.1771068585037777,3.0,7.0,0.0,211.74382943572604,0.625583096963162,0.37441690303683794,-0.9112133121469539,-0.8884077402370397,-1447.3276107181584
18,-208.97119556194684,0.9808556224763073,0.14763557083133919,4.0,15.0,0.0,209.88754087171472,0.5275323802326132,0.4724676197673868,-0.8305956732002606,-0.704101922101436,-1432.9009487174285
19,-210.22104960701859,0.931883020584179,0.15468756696921107,3.0,9.0,0.0,211.0838969358684,0.9063363648188694,0.09366363518113063,-0.7942326811239678,0.41067335084558076,-1434.4280386860137
20,-211.3128952101675,0.36322515934156363,0.16569267380414235,1.0,1.0,0.0,213.38143924579862,0.5370582188222977,0.46294178117770235,-1.3199025276828331,-0.23211023872529263,-1448.5327281366492
21,-209.4329721720751,0.9906510847319568,0.1771068585037777,2.0,3.0,0.0,211.58343113709302,0.5599927972467269,0.4400072027532731,-0.7656887201333149,-0.8797963262469829,-1435.8607709390487
22,-208.96446146905333,0.9230494437295198,0.14763557083133919,5.0,31.0,0.0,210.42818295066726,0.32194097156260515,0.6780590284373949,-0.8636326839800902,-0.652514254520254,-1431.950721732681
23,-210.21099277928812,0.9951163524824997,0.15468756696921107,2.0,7.0,0.0,210.34799573007376,0.9183054653202839,0.0816945346797161,-0.8221700484245791,0.43082575386392485,-1433.451111561808
24,-209.58260182098286,0.9969345754053303,0.16569267380414235,3.0,15.0,0.0,211.79135709443227,0.2819141226675653,0.7180858773324347,-0.6624903253987228,-0.8744911252522747,-1435.6721399878238
25,-209.04945907245926,0.9817926107517854,0.1771068585037777,4.0,15.0,0.0,210.092261280414,0.6147562289958335,0.3852437710041665,-0.7321708875051697,-0.5830229881830984,-1433.3561248979922
26,-209.23759859263714,0.997989286348754,0.14763557083133919,4.0,15.0,0.0,209.39095288960144,0.2904532830997363,0.7095467169002637,-1.2005514157529777,-0.5411253205592885,-1432.9543539678516
27,-208.83595526101482,0.9685799077606513,0.15468756696921107,4.0,31.0,0.0,210.585661235466,0.5472695693502365,0.4527304306497635,-0.7494317440274249,-0.6764382255698439,-1432.0694111913365
28,-210.3855762506327,0.9905601140649802,0.16569267380414235,4.0,31.0,0.0,211.63301032649346,0.9413349576740531,0.05866504232594694,-0.7658079988456874,-0.621242953462405,-1432.4450353397694
29,-209.8839928091576,0.9929624679477537,0.1771068585037777,3.0,15.0,0.0,211.16248899448755,0.9084451282996768,0.09155487170032317,-0.8205290869429309,0.058569156857265686,-1432.0644855264159
30,-211.53746369511995,0.7721830553221748,0.14763557083133919,2.0,3.0,0.0,211.8412010634542,0.3766482428861376,0.6233517571138625,-1.3344133343259654,-0.6627882016960914,-1449.3222306973619
31,-208.87383912968048,0.9874939090784516,0.15468756696921107,3.0,15.0,0.0,209.30119194635236,0.4843075708720951,0.5156924291279049,-0.6352900978812248,-0.8678542745018191,-1432.267544337825
32,-210.10204452846511,0.9992611161322492,0.16569267380414235,2.0,7.0,0.0,210.5646175119823,0.925903342010146,0.07409665798985399,-0.7301518301982229,-0.6262098860896472,-1432.02613886052
33,-210.68397725455483,0.9027777760866237,0.1771068585037777,2.0,7.0,0.0,210.8934792842786,0.8475245397183557,0.15247546028164427,-0.7145243187706427,0.088238399182458,-1440.7712333798818
34,-211.36346260156435,0.9503270351356004,0.14763557083133919,3.0,15.0,0.0,212.84124405290675,0.05894202200443267,0.9410579779955673,-0.30650411131377725,-0.8856031067340767,-1439.3118498311958
35,-208.96475387740549,0.9665398880887154,0.15468756696921107,2.0,7.0,0.0,210.6766278652066,0.5582881917630599,0.4417118082369401,-0.49356881688905685,-0.9266300038107982,-1432.8549169890398
36,-211.46714927809586,0.5987754801454749,0.16569267380414235,2.0,3.0,0.0,212.88106545114482,0.9454637232156419,0.05453627678435813,-0.8634628524458838,-0.6016575616450671,-1439.325692875193
37,-210.52893605427553,0.9542100323846547,0.1771068585037777,4.0,15.0,0.0,212.87735801329433,0.955138785872259,0.04486121412774102,-0.7741685482213869,-0.15715712870902815,-1431.983550128036
38,-210.86671304821613,0.9472899403843944,0.14763557083133919,3.0,15.0,0.0,212.55648400765753,0.09388907746518867,0.9061109225348113,-0.057748172811448534,-0.6603883666476557,-1439.2138698806368
39,-209.0383822916285,0.942810861953596,0.15468756696921107,3.0,15.0,0.0,210.37388713506525,0.5067289071491826,0.4932710928508174,-1.0336578650603876,-0.5044924767614716,-1433.2662188355166
40,-211.1292291973941,0.9896952586642069,0.16569267380414235,3.0,15.0,0.0,212.585718103841,0.9549188805425234,0.045081119457476615,-0.8309626758329167,-0.5094538701525454,-1435.8809191053401
41,-211.45415212685498,0.7665489781242468,0.1771068585037777,3.0,11.0,0.0,216.2902315191654,0.42049083794147174,0.5795091620585282,-1.0056496499615903,-0.21081726909331028,-1450.008802231469
42,-211.4612518690264,0.9536278384457096,0.14763557083133919,2.0,7.0,0.0,213.04226314417414,0.04071905956500086,0.9592809404349991,0.08897344336599809,-0.6452183414678475,-1437.9569787738033
43,-210.35583155927134,0.992383528663791,0.15468756696921107,3.0,15.0,0.0,210.56211684547185,0.09669255244449296,0.9033074475555071,-1.331815932231592,-0.7392699748286802,-1434.2426437547306
44,-213.46791885311106,0.8303488656687762,0.16569267380414235,4.0,15.0,0.0,214.39113658167727,0.9855673736931293,0.0144326263068707,-0.566288438874878,-0.9155977271103181,-1444.2060672983616
45,-210.38410893152255,0.9830473493919489,0.1771068585037777,3.0,7.0,0.0,212.976911601087,0.16270597895965386,0.8372940210403461,-0.960198877132173,-0.5440660863604848,-1438.4603883583989
46,-212.16168725469103,0.9805428040958963,0.14763557083133919,3.0,7.0,0.0,212.37500998300524,0.027014981424420825,0.9729850185755792,0.24680861907319498,-0.8871859367737127,-1439.693184970022
47,-212.87004621270077,0.8693458825961041,0.15468756696921107,4.0,19.0,0.0,214.0169353537015,0.10441103090820668,0.8955889690917933,-2.295284115941556,-0.7091499689762593,-1449.1016471824826
48,-212.4426846762345,0.9535030097025751,0.16569267380414235,3.0,15.0,0.0,214.14258223443522,0.9817118461703195,0.01828815382968052,-0.6085626790930563,-0.6311960492477524,-1439.0693839586186
49,-210.78113317676213,0.9951109871439326,0.1771068585037777,4.0,15.0,0.0,212.12614065471274,0.10348849674853566,0.8965115032514643,-1.2036788413365858,-0.794762702816628,-1437.804588132409
50,-211.82940621033148,0.981389110861402,0.14763557083133919,4.0,19.0,0.0,212.86301067952206,0.9765030012945695,0.02349699870543054,-0.8078082308791941,-1.0479421567514506,-1435.6795634450016
51,-211.65343226277005,1.0,0.15468756696921107,3.0,7.0,0.0,212.98891725151225,0.021850561053346967,0.9781494389466531,-1.8263473423042076,-0.7231115488007294,-1432.1538612787112
52,-212.14298198402574,0.9906512410092668,0.16569267380414235,4.0,15.0,0.0,212.96449474653855,0.9858280213831706,0.014171978616829395,-0.8042037125965806,-0.7484751461217384,-1434.888253340233
53,-211.19108211916625,0.9943631767627961,0.1771068585037777,3.0,15.0,0.0,212.10028190767935,0.029263423913605043,0.970736576086395,-1.4726846364905486,-0.7116894635371046,-1431.9469461626902
54,-211.0268720207045,0.907412905975182,0.14763557083133919,3.0,15.0,0.0,213.8530041126614,0.9711891989541008,0.02881080104589917,-0.7257872046375864,-0.7926841242871989,-1432.0207993977688
55,-211.56296131636748,0.959477311948713,0.15468756696921107,4.0,15.0,0.0,212.5974271658079,0.032067694566971304,0.9679323054330287,-2.1529885026494067,-0.6697865743154315,-1433.0481319851026
56,-210.7746856189003,0.9906850267239786,0.16569267380414235,5.0,35.0,0.0,214.12581205003715,0.2530408028410362,0.7469591971589638,0.20572309528839916,-0.9028254027905248,-1443.7316253409278
57,-209.95534984796757,0.4928000840466057,0.1771068585037777,3.0,15.0,0.0,214.36035230056606,0.3692530680761802,0.6307469319238198,-1.3451773815451726,-0.4476927176117441,-1438.5192090955259
58,-212.07275358220807,0.738694912484565,0.14763557083133919,2.0,3.0,0.0,212.96142110883503,0.9789248672200045,0.02107513277999551,-0.6223550361777718,-0.716725721146517,-1437.359943773315
59,-212.39580070445163,0.9426495293065945,0.15468756696921107,4.0,15.0,0.0,212.73077997906245,0.0476410627365712,0.9523589372634288,-2.411775252079347,-0.7611089735323048,-1440.290695898011
60,-212.46488947793958,0.8232913705581619,0.16569267380414235,5.0,47.0,0.0,214.08059822032922,0.9909586446811297,0.009041355318870292,-0.7917431486285754,1.3440504921719318,-1432.9840926176507
61,-210.158991587014,0.8271119126434012,0.1771068585037777,1.0,3.0,0.0,211.00687772958148,0.2748469281287867,0.7251530718712134,-1.266826367911606,-0.4018275559045494,-1439.0601135162015
62,-210.55474296244583,0.934367463108339,0.14763557083133919,3.0,15.0,0.0,214.37516561842364,0.05374661739819402,0.946253382601806,-0.24948145193505492,-0.8121042333249492,-1433.261159496009
63,-211.3283761670513,0.9967612986752542,0.15468756696921107,3.0,15.0,0.0,212.69255661336388,0.035889059108174214,0.9641109408918258,-1.9586987305780872,-0.6574301512825687,-1432.8819986658432
64,-212.54615396185878,0.9912769794532993,0.16569267380414235,2.0,3.0,0.0,212.7168815129247,0.9928596368238566,0.007140363176143416,-0.728082550406585,1.3672764918511606,-1431.9573100692248
65,-210.9444223909152,0.877184307349191,0.1771068585037777,3.0,15.0,0.0,212.65040760594013,0.9292704393907261,0.07072956060927393,-0.5990653922650899,-0.9550101612700871,-1437.250426407041
66,-212.32858894741452,0.8355748919263157,0.14763557083133919,3.0,15.0,0.0,214.35170329041443,0.04662267475512291,0.9533773252448771,0.24425549644452396,-0.6026790405336999,-1444.8420911849728
67,-212.0629943510149,0.9695837025980735,0.15468756696921107,3.0,7.0,0.0,214.03546023590587,0.037911286182301246,0.9620887138176988,-2.4910862702513152,-0.6383872983510798,-1436.29645437125
68,-212.85699792979318,0.9496388535055975,0.16569267380414235,3.0,15.0,0.0,213.21739229406163,0.9926314237843792,0.0073685762156208146,-0.6789033084345165,1.52983451825437,-1433.9733776797439
69,-210.3839062240235,0.9872188154018771,0.1771068585037777,1.0,3.0,0.0,211.39575036633494,0.9417911153956446,0.05820888460435536,-0.7072823097131887,-0.9547469601063577,-1432.0035279399365
70,-212.18287026093105,0.9244389804639092,0.14763557083133919,2.0,7.0,0.0,215.193929855917,0.11245769588258071,0.8875423041174193,0.4461151643860555,-0.6618358611303522,-1449.2385079623189
71,-211.93258571771077,0.972076988700286,0.15468756696921107,3.0,11.0,0.0,212.5295835848719,0.03966082495984437,0.9603391750401556,-2.4289801072727086,-0.7114189259404236,-1435.8734219624328
72,-212.1455588226761,0.9989501579774132,0.16569267380414235,4.0,15.0,0.0,212.99047372470665,0.9234647190338894,0.07653528096611062,-0.8825027965628133,1.1570363919782767,-1445.3182001091463
73,-210.59949105577982,0.9563988775444343,0.1771068585037777,3.0,15.0,0.0,211.53710274790942,0.9299318031172369,0.07006819688276311,-0.6174028250009043,-1.1807590870373843,-1434.3721630990522
74,-211.39882807260264,1.0,0.14763557083133919,3.0,15.0,0.0,213.3827609091567,0.029889094442473643,0.9701109055575263,1.045142430808462,-0.8263601170303019,-1434.3009020065283
75,-211.09226860081415,0.9629688792735596,0.15468756696921107,4.0,31.0,0.0,216.46316168577167,0.027299612345747275,0.9727003876542527,-0.8516967869846952,-0.7280748093146723,-1432.024445960794
76,-211.74702953308187,0.9169881933413788,0.16569267380414235,4.0,23.0,0.0,213.29202239942543,0.9701569455076439,0.029843054492356136,-0.6450126717998991,0.3259250268821877,-1437.7777343237376
77,-210.35055318842208,0.9368070489961986,0.1771068585037777,4.0,15.0,0.0,211.4843016312336,0.9206053681058907,0.07939463189410934,-0.735376088683747,-1.266011436417487,-1433.1282214732266
78,-211.4232811676502,0.756157318996222,0.14763557083133919,2.0,3.0,0.0,214.09287283284607,0.03494104553078718,0.9650589544692129,0.9481020496191175,-0.8535193057330872,-1435.640146965879
79,-210.79525420406608,0.9058904229309837,0.15468756696921107,5.0,31.0,0.0,213.89904215537192,0.8517106178432083,0.14828938215679166,-0.49177457089887955,-1.2108645024909739,-1440.3543707248693
80,-212.41548251258675,0.9203402258788309,0.16569267380414235,3.0,15.0,0.0,212.7065028407313,0.9705157041153746,0.029484295884625422,-0.9119704791454684,0.4034937517533152,-1441.9064978596261
81,-210.0622870050758,0.9986520588183758,0.1771068585037777,2.0,3.0,0.0,210.4207659337917,0.9110824017191963,0.0889175982808037,-0.6875622976395039,-1.241429346554981,-1431.9595971193603
82,-211.09055273756857,0.8849404006284143,0.14763557083133919,2.0,5.0,0.0,212.51197850600965,0.04253798817423273,0.9574620118257673,0.9044939405457514,-0.7321764786691092,-1434.8820473432852
83,-211.77340994892285,0.7698877803653711,0.15468756696921107,2.0,3.0,0.0,213.3952850414354,0.6835178735350418,0.3164821264649582,-0.8335816323897068,-1.1159376141200565,-1450.6278976211609
84,-209.38695874026735,1.0,0.16569267380414235,4.0,31.0,0.0,214.38261631505597,0.1904272045117057,0.8095727954882943,-1.1453147918210538,-0.6356737872914744,-1431.9966413365873
85,-209.44883425273073,0.997290547368819,0.1771068585037777,2.0,7.0,0.0,210.5572958039592,0.8132841029346,0.18671589706540004,-0.6272044459465537,-1.2150190990452465,-1432.186872666433
86,-211.2778669731162,0.9686734084648861,0.14763557083133919,3.0,11.0,0.0,212.08364332507432,0.02662923923185741,0.9733707607681426,0.3650248718907756,-0.6914911214465386,-1433.6956689244835
87,-210.69853648419218,1.0,0.15468756696921107,2.0,7.0,0.0,212.13104577747495,0.7250453103769312,0.2749546896230688,-0.7664942938888669,-1.1665218874721763,-1442.6317112848676
88,-209.5403889483999,0.9851222389131138,0.16569267380414235,3.0,7.0,0.0,209.8159079707233,0.21389377835391896,0.786106221646081,-1.3066236143822492,-0.5492516323061982,-1433.4029604097623
89,-210.98718826462215,0.9676872127900374,0.1771068585037777,3.0,15.0,0.0,211.80427928464857,0.06467356563193452,0.9353264343680655,-0.3414006959907348,-0.8675201481809584,-1437.3193166204837
90,-211.24386603533287,0.9643253205439936,0.14763557083133919,2.0,7.0,0.0,212.86911617500647,0.042384895195437755,0.9576151048045622,0.6459786725170109,-0.6875051096742393,-1436.3181538625513
91,-210.02402600199477,1.0,0.15468756696921107,2.0,7.0,0.0,210.92542326935006,0.7861679863889968,0.21383201361100324,-0.743059355357702,-1.1438993430536062,-1436.8704068130028
92,-209.63308715835217,0.795861308656993,0.16569267380414235,4.0,15.0,0.0,215.51613599078473,0.5833057134117265,0.41669428658827345,-0.42777815190547164,-0.8911371997829095,-1437.4797026249344
93,-209.70076963026182,0.997093240189072,0.1771068585037777,3.0,15.0,0.0,211.14797219405818,0.6221323281289363,0.37786767187106374,-0.3775702115608365,-1.0570968288685554,-1437.4724731611025
94,-211.57579004635227,0.9846150165120401,0.14763557083133919,2.0,7.0,0.0,212.37289946456679,0.019209690874124604,0.9807903091258754,0.7019303851890687,-0.6974636786093736,-1433.2325171435714
95,-211.0069228110747,0.9963852423811831,0.15468756696921107,3.0,15.0,0.0,212.39636920213866,0.9558955664831922,0.04410443351680782,-0.721290458400584,-1.704797114365822,-1432.753390148975
96,-209.69997906247886,0.986538816778778,0.16569267380414235,2.0,5.0,0.0,210.20983345235783,0.6385524347789807,0.3614475652210193,-0.47066464075823977,-0.8824729822285963,-1437.5643427379648
97,-211.31025935191772,0.8503482411521132,0.1771068585037777,4.0,15.0,0.0,212.8116071518505,0.028157589315793038,0.971842410684207,-1.3245190093369332,-0.7534687091076654,-1432.8169696439816
98,-211.30658586123621,0.991497554399204,0.14763557083133919,3.0,11.0,0.0,212.2294059266794,0.02356502821786119,0.9764349717821388,0.4981806520768044,-0.8072138804867545,-1432.8223146929756
99,-210.36965211679407,0.8745510721302895,0.15468756696921107,4.0,19.0,0.0,213.39350465071325,0.8767204806319119,0.12327951936808812,-0.5765973634083091,-1.0033339799488448,-1436.6569214260737
100,-209.3275144629947,0.9985517585805018,0.16569267380414235,5.0,31.0,0.0,211.15330888026833,0.25106596608226295,0.748934033917737,-1.1960573706937732,-0.6178475100594653,-1432.874533820753
101,-210.7441973452893,0.9598376310586627,0.1771068585037777,4.0,15.0,0.0,213.55613407003537,0.2165165065860773,0.7834834934139228,-0.5640959221349967,-0.5842481957126796,-1442.9448346847373
102,-209.39938969920408,0.9889157865732929,0.14763557083133919,4.0,15.0,0.0,212.09753285668805,0.29650191691933414,0.7034980830806659,-0.24049748461411144,-1.0001205649254994,-1434.7389612913025
103,-210.82605364896685,0.9939246017938063,0.15468756696921107,3.0,15.0,0.0,217.64334251125618,0.035180576780783505,0.9648194232192165,-0.38339293072241365,-0.709703026633731,-1432.4034952633922
104,-211.30533250734146,0.9881988219455646,0.16569267380414235,4.0,15.0,0.0,211.98080411175783,0.025951656476447444,0.9740483435235525,-1.2903288573843612,-0.6815441269455133,-1432.401370022288
105,-212.17105507598265,0.7046071177286687,0.1771068585037777,3.0,7.0,0.0,215.08002710824894,0.11076232985278155,0.8892376701472184,-0.8771453463503042,-0.911591621305386,-1448.2333298761523
106,-209.17705705008,0.9735759039597385,0.14763557083133919,2.0,3.0,0.0,209.7161511179357,0.3134069830633141,0.6865930169366858,-0.21939549199743902,-0.9093693634891752,-1433.5761580029653
107,-210.2950575138222,0.9056139004507963,0.15468756696921107,4.0,31.0,0.0,214.1803938591691,0.9381795553435667,0.06182044465643333,-0.792060849771915,0.3958745926521752,-1432.3210732188843
108,-211.22786471935763,0.995425190890254,0.16569267380414235,3.0,7.0,0.0,211.41871758213418,0.029295783126734865,0.9707042168732651,-1.2433928447254772,-0.7517665897559453,-1432.695538492234
109,-210.95019844374198,0.937005997369049,0.1771068585037777,3.0,15.0,0.0,213.31931440260425,0.4209529269839926,0.5790470730160073,-0.04275788674769723,-1.1516676500701213,-1446.2944884639671
110,-210.00390136706298,0.9715569074495957,0.14763557083133919,3.0,15.0,0.0,211.22200685949633,0.8718451476306863,0.12815485236931368,-0.6983193265958433,-1.3524460404484966,-1433.515659834381
111,-210.88267482247545,0.9657267799791843,0.15468756696921107,4.0,27.0,0.0,213.1714502192469,0.964303614801746,0.03569638519825402,-0.6930509183351468,-0.6720958243518819,-1432.6485218225291
112,-211.59516350105278,0.9990169279430364,0.16569267380414235,3.0,7.0,0.0,211.76351342299162,0.01923586411973232,0.9807641358802677,-1.3821423187972772,-0.6940138940068044,-1432.1556463811446
113,-210.05674107149187,0.4349806019634138,0.1771068585037777,3.0,7.0,0.0,214.50064881652855,0.3781173690211622,0.6218826309788378,-0.44266860625349835,-1.0963779420474327,-1439.8140792543124
114,-210.58475613718917,0.9510055969840214,0.14763557083133919,3.0,7.0,0.0,210.7804475290407,0.9109243678427169,0.08907563215728309,-0.7464149189427198,-1.4316072252208596,-1435.0679362086719
115,-209.1330564862256,0.9949471988725043,0.15468756696921107,4.0,31.0,0.0,211.79670554013333,0.2996158504116834,0.7003841495883165,-0.6737760657838259,-0.8121387740918283,-1432.8928302112438
116,-211.1669225832242,0.9745945496859838,0.16569267380414235,3.0,7.0,0.0,212.01360594854222,0.027095376317754757,0.9729046236822453,-1.150892802640091,-0.7200582709317821,-1431.9823763317695
117,-209.1429826974679,1.0,0.1771068585037777,2.0,3.0,0.0,209.9224967569825,0.4040272570639287,0.5959727429360713,-0.3910331924411687,-1.0278295594117686,-1433.828822342723
118,-209.53721574031462,1.0,0.14763557083133919,4.0,15.0,0.0,210.88841145094668,0.5790419494784583,0.42095805052154167,-0.5260957609747268,-1.1918143283737226,-1436.2153252519927
119,-209.90407173108076,0.9880376854308763,0.15468756696921107,4.0,19.0,0.0,211.0330121293375,0.8765536776685094,0.12344632233149055,-0.7609767385212677,0.043682673644355366,-1434.1034710576844
120,-211.99583190005015,0.9803788137261111,0.16569267380414235,3.0,11.0,0.0,215.0684148328907,0.010353957337325807,0.9896460426626742,-0.4143281272263969,-0.7476820550342452,-1432.141386277057
121,-211.6920961386643,0.675705015931488,0.1771068585037777,2.0,7.0,0.0,212.77036381781164,0.7287693017157063,0.2712306982842937,-0.36882743842631444,-0.9749083546125593,-1450.18031288752
122,-210.25734541780434,0.8989010510849342,0.14763557083133919,4.0,31.0,0.0,210.91848062933795,0.151403010740185,0.848596989259815,-1.1637022064934253,-0.7648067108715645,-1436.557324264219
123,-209.30966418228493,0.9801179875270227,0.15468756696921107,4.0,23.0,0.0,211.87249392367843,0.4225088708264937,0.5774911291735063,-1.1482304391421774,-0.5278936199825424,-1434.7367583603439
124,-212.83728825926983,0.848183779243904,0.16569267380414235,3.0,15.0,0.0,216.14604361431455,0.023160931068801256,0.9768390689311988,-0.8275574932538239,-0.5721545901022728,-1443.182324282233
125,-209.12680540638482,0.9163106239030268,0.1771068585037777,2.0,3.0,0.0,213.67832488204994,0.3597754766254572,0.6402245233745427,-0.612129171957783,-0.8814742394391684,-1433.4602917083675
126,-209.03692352453578,0.9981123923977381,0.14763557083133919,4.0,15.0,0.0,210.8723350116926,0.6596793179175998,0.3403206820824002,-0.7103368710818411,-0.6394035244078409,-1432.867928676244
127,-211.6401850109819,0.8803050566501275,0.15468756696921107,3.0,15.0,0.0,213.07542514500622,0.5548703581073291,0.4451296418926709,-1.0491303644924617,0.0007906754791985465,-1451.3483284857584
128,-212.0306254379725,1.0,0.16569267380414235,2.0,7.0,0.0,213.7103156729901,0.015616177142409123,0.9843838228575909,-0.8102236877226948,-0.6494617797970783,-1434.8834529237824
129,-209.70194305166447,0.9807029661155582,0.1771068585037777,3.0,11.0,0.0,210.2188344282619,0.7862569013299089,0.21374309867009111,-0.557587646373082,-0.9698524346779445,-1435.1694058351134
130,-208.89185402339027,0.9954378238402727,0.14763557083133919,5.0,31.0,0.0,209.67519713738167,0.5362763918900134,0.4637236081099866,-0.9586029148727659,-0.5200616283892273,-1432.334170963371
131,-213.9883033888667,0.7746566575370639,0.15468756696921107,4.0,31.0,0.0,218.11643880130237,0.0071950119139054265,0.9928049880860945,-1.3739828304231434,-0.8639027377118929,-1441.769035902128
132,-210.67202503781812,0.9946352446173188,0.16569267380414235,3.0,7.0,0.0,212.39605300496643,0.044812584481724725,0.9551874155182752,-0.6580027263325089,-0.767419890466335,-1432.6212886672017
133,-209.98621547142747,0.9026128478167108,0.1771068585037777,3.0,9.0,0.0,211.9430752688673,0.6966993153379348,0.30330068466206517,-0.9317222605318113,-0.6474205840000872,-1438.6842433677648
134,-209.7579859703289,0.8591325569042412,0.14763557083133919,2.0,3.0,0.0,210.2524890223752,0.586642567783894,0.413357432216106,-1.0921476537222272,-0.4635450976498554,-1437.954578586225
135,-212.99080883766217,1.0,0.15468756696921107,4.0,15.0,0.0,214.5416563804485,0.009339972722186571,0.9906600272778134,-0.9865553611864658,-0.6168087534966132,-1437.7715833475906
136,-211.0998534712748,0.941838972145174,0.16569267380414235,3.0,15.0,0.0,213.07284499867586,0.4937760678778904,0.5062239321221096,-0.27173358484395804,-0.8103954666109967,-1448.0180411411004
137,-208.89901429216116,0.9803295815429005,0.1771068585037777,2.0,7.0,0.0,210.5470278912902,0.5950496753583554,0.4049503246416446,-0.8431190517210214,-0.6229640729353991,-1432.2439376172802
138,-208.82613925929738,0.9990425257136957,0.14763557083133919,2.0,5.0,0.0,209.93534840967124,0.5447817086255575,0.4552182913744425,-0.8775322899762049,-0.5124646158154278,-1431.9963588416504
139,-213.54002364693804,0.7920493111150861,0.15468756696921107,4.0,15.0,0.0,217.97591496534324,0.5501769568915963,0.4498230431084037,-1.4277831230944407,-0.3636763073565866,-1463.5616823180371
140,-208.91464395313264,0.9832352334497515,0.16569267380414235,3.0,9.0,0.0,212.32904849531727,0.6167141979060349,0.3832858020939651,-0.5987674813851795,-0.868039816820833,-1432.2078224567174
141,-209.043883222991,0.9876839790077697,0.1771068585037777,2.0,3.0,0.0,209.08301636017563,0.5865514197096712,0.4134485802903288,-0.8722593216776834,-0.6476122203220681,-1433.2185537390708
142,-209.3244817824954,0.9118833423908709,0.14763557083133919,2.0,7.0,0.0,209.99670662792514,0.5708463384736632,0.4291536615263368,-1.0241271829376992,-0.517517368890701,-1435.1091187869024
143,-211.38408620627314,1.0,0.15468756696921107,2.0,3.0,0.0,213.15341775036757,0.49093555866728195,0.5090644413327181,-1.3747177842326925,-0.2881400903290197,-1448.9075684541924
144,-209.52974533598368,0.9373508725892292,0.16569267380414235,3.0,15.0,0.0,209.67176367485703,0.4501456542971158,0.5498543457028842,-0.6565748614440254,-0.6033537869763245,-1437.0484356431236
145,-210.36416312426698,0.8675035537758772,0.1771068585037777,2.0,3.0,0.0,210.59964712136787,0.6189334386165274,0.3810665613834726,-0.961930266334305,-0.7214424379857189,-1441.9172434865402
146,-209.6187426809971,0.9993378727884513,0.14763557083133919,3.0,15.0,0.0,209.9114680337514,0.7095376685911761,0.29046233140882394,-0.7492184734546381,-0.3369601571489487,-1436.501978264759
147,-210.314124378965,0.9964666972750063,0.15468756696921107,5.0,31.0,0.0,214.2990549104838,0.18212341348230687,0.8178765865176931,-0.26027790508212034,-0.6813751748606679,-1439.1859654169248
148,-209.93538249363183,0.992413802638702,0.16569267380414235,4.0,23.0,0.0,210.53725993206044,0.8797442958536641,0.1202557041463359,-0.6197191329804912,-1.0647239646832123,-1433.3551617787425
149,-209.27712967767724,0.9776736024043897,0.1771068585037777,3.0,7.0,0.0,210.8184414730627,0.7600883536396676,0.23991164636033235,-0.91316918109853,-0.3306185887828509,-1433.065130933906
150,-209.48408242984326,0.9852955346123122,0.14763557083133919,3.0,15.0,0.0,211.45062560424176,0.2567083257898918,0.7432916742101082,-1.3094081673732973,-0.5646748181047352,-1433.8664223121343
151,-210.09443555019277,0.9766756162666307,0.15468756696921107,4.0,23.0,0.0,213.42114965831698,0.14600567651006086,0.8539943234899392,-0.7067762803781183,-0.8344153665374261,-1435.8668897768055
152,-209.80053661460454,0.9991407917564116,0.16569267380414235,3.0,15.0,0.0,211.94432016532073,0.28145505112118413,0.7185449488788158,-0.08701016697661332,-0.8435817582497068,-1437.5890251727055
153,-209.6300877053782,0.9563262892801035,0.1771068585037777,3.0,7.0,0.0,210.32149891005525,0.694771418703787,0.305228581296213,-1.038690223669246,-0.1926858550430629,-1436.396700856098
154,-209.69812570173173,0.9991833581812951,0.14763557083133919,4.0,15.0,0.0,209.83798630599557,0.16363905985023217,0.8363609401497678,-1.3776769160006381,-0.6108216196034747,-1432.8442573601912
155,-209.93617038444006,0.9493161768884465,0.15468756696921107,3.0,7.0,0.0,210.91472568217827,0.1679446358226276,0.8320553641773724,-0.6095495379700558,-0.8556513592211278,-1435.6403818778465
156,-209.12065717637768,0.8981706145231668,0.16569267380414235,2.0,3.0,0.0,210.9284659501172,0.23438738120123723,0.7656126187987627,-0.29978462014178775,-0.8542973216163786,-1431.9799925555733
157,-211.85990613332385,0.870209601378899,0.1771068585037777,3.0,7.0,0.0,213.02357205305776,0.3988161839400429,0.6011838160599571,-1.2947396663761717,-0.16414071888724982,-1452.1406147414104
158,-209.75037755604444,0.9731979078474843,0.14763557083133919,3.0,7.0,0.0,209.98018037544756,0.18611114562041045,0.8138888543795896,-1.4033015908919024,-0.5558407515740835,-1433.8998080371875
159,-210.82337638511302,1.0,0.15468756696921107,4.0,15.0,0.0,211.031834292858,0.9524350675244653,0.04756493247553473,-0.6697331682714401,-0.4264092801902196,-1434.396679675112
160,-209.187325521877,0.9935315731250559,0.16569267380414235,4.0,15.0,0.0,209.32514297707908,0.7452005992994831,0.2547994007005169,-0.7549538555421117,-0.7731509804865907,-1432.5301533836603
161,-209.58554868831806,0.9905643324572947,0.1771068585037777,2.0,3.0,0.0,212.05621621046066,0.46107765240923465,0.5389223475907654,-1.2088858373817113,-0.39795215160957786,-1436.7488886137967
162,-209.73329571677363,0.9999604964376185,0.14763557083133919,3.0,7.0,0.0,209.79511176467923,0.1891508908901542,0.8108491091098458,-1.414071798925098,-0.6028159500360035,-1433.794677931938
163,-209.04602453034786,0.7759190808034372,0.15468756696921107,4.0,19.0,0.0,212.55059807011003,0.6218358974973703,0.37816410250262966,-0.9711681104025852,-0.30939167800408685,-1433.1427112803285
164,-209.35635592695425,0.9977158241773381,0.16569267380414235,4.0,15.0,0.0,210.05526307902184,0.7249483322849893,0.27505166771501066,-0.5932382071668345,-1.2290789154611796,-1433.4357852523583
165,-209.46431176356384,0.9854131331611733,0.1771068585037777,3.0,15.0,0.0,211.69816754429846,0.309356410886209,0.690643589113791,-1.2685931015336114,-0.47662724452882804,-1434.681063594302
166,-213.60996691706674,0.49791106389396905,0.14763557083133919,2.0,3.0,0.0,217.52165772577155,0.19917644704065188,0.8008235529593482,-1.4121277318000656,-0.8624184244192328,-1460.5208893415727
167,-209.00922394204807,0.8586398472892303,0.15468756696921107,2.0,7.0,0.0,210.50580467614162,0.5520984472139833,0.44790155278601673,-0.7710845288248475,-0.553223936549505,-1433.3553155146008
168,-210.324489754791,0.9652119219252612,0.16569267380414235,3.0,7.0,0.0,211.42944846991136,0.5329045015941382,0.46709549840586184,-0.25269857624454717,-1.2566425232441967,-1441.8452546781944
169,-210.06129403622487,0.9846290410144448,0.1771068585037777,4.0,31.0,0.0,210.54313434824812,0.41900037435947846,0.5809996256405215,-0.22683662945716299,-1.169907213387346,-1440.0658783816752
170,-209.16590503084365,0.9967187023260987,0.14763557083133919,4.0,15.0,0.0,214.3211615671975,0.2652028560219523,0.7347971439780476,-0.3209059907214248,-0.9200176253312704,-1432.7500070156882
171,-209.7913019322447,0.9452875902977432,0.15468756696921107,2.0,3.0,0.0,210.03654867810477,0.7347081668411937,0.26529183315880633,-0.9202037127897005,-0.5771935062352114,-1436.872534550663
172,-209.42833470604214,0.9499996624252405,0.16569267380414235,4.0,15.0,0.0,211.36115942958435,0.17810842351385603,0.821891576486144,-0.9325802013146759,-0.649879257520488,-1432.2907219491378
173,-210.3395535898425,0.992460376811785,0.1771068585037777,4.0,15.0,0.0,210.84978890797996,0.07237553566259386,0.9276244643374061,-0.3823539400704575,-0.6890291488168478,-1433.7800331372953
174,-209.01821697620343,0.999851811606153,0.14763557083133919,4.0,15.0,0.0,209.23161558393758,0.6812127132027976,0.31878728679720236,-0.6330676359030184,-0.8391076962424555,-1432.3437496435386
175,-210.86886350047646,0.9607858457735595,0.15468756696921107,3.0,11.0,0.0,211.90857947063267,0.8349267065671107,0.16507329343288935,-0.5090401990841622,-0.9646413954972304,-1441.9136435843557
176,-209.58959709400813,0.9936474766619552,0.16569267380414235,4.0,15.0,0.0,210.25296016393386,0.15370298706162433,0.8462970129383757,-0.8241315213972965,-0.6642477484096223,-1432.737016547713
177,-210.94538486500474,0.5700257422609423,0.1771068585037777,4.0,19.0,0.0,213.91358399184074,0.1552403991132242,0.8447596008867758,0.28337358899564147,-1.0036916091918693,-1442.1869109233794
178,-209.0864511195902,0.9748555937453389,0.14763557083133919,3.0,11.0,0.0,209.63028323013828,0.4405986277212116,0.5594013722787884,-0.8281972837569802,-0.536170233503731,-1433.8031711674134
179,-209.3305908244874,1.0,0.15468756696921107,3.0,15.0,0.0,214.3104305801201,0.20836991903604649,0.7916300809639535,-0.5462148730395754,-0.8271261620293165,-1432.7076697882173
180,-210.09458034537073,0.9778850286230935,0.16569267380414235,3.0,15.0,0.0,211.16382675304828,0.08814495244929436,0.9118550475507057,-1.1890785115389997,-0.6531948963545073,-1432.2778946221365
181,-211.426455750015,0.9475607660370119,0.1771068585037777,2.0,3.0,0.0,211.7048333860105,0.21978214603653554,0.7802178539634644,0.28840528915269925,-0.8099410575630344,-1447.6635058689155
182,-208.87307998783228,1.0,0.14763557083133919,2.0,3.0,0.0,209.0982219469941,0.5233265938145039,0.47667340618549614,-0.8794380745440792,-0.6192667167544075,-1432.2539374797598
183,-209.5997933161127,0.9291306328852172,0.15468756696921107,2.0,7.0,0.0,210.64864679491512,0.3449534048009892,0.6550465951990108,-0.6188044665387633,-0.6340628544037,-1436.91173486361
184,-211.90894937948525,0.9589580852670047,0.16569267380414235,4.0,31.0,0.0,212.83354183867453,0.012749416729423571,0.9872505832705765,-0.2822865756165138,-0.6852936184600684,-1433.1187207032262
185,-209.0362022606991,0.9968813712776582,0.1771068585037777,4.0,27.0,0.0,213.44796741649932,0.3783727326420638,0.6216272673579362,-0.43271134471758876,-0.9716293422141937,-1432.996558445341
186,-209.11642065420148,0.9994489042821807,0.14763557083133919,4.0,23.0,0.0,209.2339603722038,0.6994593999334642,0.3005406000665358,-0.9197554097780526,-0.238099545423738,-1432.9721824830083
187,-209.0735492565663,0.994813471949334,0.15468756696921107,3.0,9.0,0.0,209.85531600708163,0.4564309458206104,0.5435690541793896,-0.6611153001051127,-0.672921883775051,-1433.8316812076046
188,-211.3546238966306,0.9149708126821187,0.16569267380414235,2.0,7.0,0.0,215.8480061559887,0.020232493318103357,0.9797675066818966,-0.049324271998132885,-0.7750061369017589,-1432.3806340090186
189,-210.30608901644615,0.8446985902503421,0.1771068585037777,2.0,7.0,0.0,210.43269886317316,0.41935905014925784,0.5806409498507421,-0.39765825024067936,-0.7127922294367963,-1442.4095051231482
190,-209.98345089437328,0.9045747078906309,0.14763557083133919,3.0,7.0,0.0,210.120915547816,0.5406573150455243,0.4593426849544757,-0.9951999174613959,-0.19209925336147,-1440.005219287135
191,-209.28861063471135,0.9945019930976841,0.15468756696921107,3.0,15.0,0.0,209.39190023363938,0.6023892294079612,0.39761077059203875,-0.9288120983262957,-0.617322089818987,-1434.7684378849572
192,-211.4704567888208,0.9836639087476922,0.16569267380414235,3.0,11.0,0.0,212.24289403102287,0.017865514161305246,0.9821344858386948,0.3522599815328719,-0.7809540651029444,-1432.2249649612904
193,-210.8098726046981,0.9801324021897929,0.1771068585037777,4.0,15.0,0.0,213.3406390633374,0.9276928045496875,0.0723071954503125,-0.7590109722986025,-1.4596299643149135,-1435.221960015627
194,-209.49781684137503,1.0,0.14763557083133919,3.0,7.0,0.0,209.89623949651002,0.5874531792393608,0.4125468207606392,-0.9927237165588985,-0.20801231852954108,-1436.4805334605778
195,-209.03972892157694,0.9944583128436734,0.15468756696921107,4.0,23.0,0.0,210.2395463381872,0.28069506671031524,0.7193049332896848,-0.7386906195113203,-0.7214523056608607,-1432.0225903936916
196,-212.08042671370205,0.9978489199550861,0.16569267380414235,4.0,15.0,0.0,213.2654342998936,0.015985885365270455,0.9840141146347295,1.440987807840856,-0.7015722520927431,-1434.0996031264535
197,-211.84769878080323,0.9853210060657349,0.1771068585037777,4.0,15.0,0.0,212.40301242360582,0.9449163066642735,0.05508369333572649,-0.6127897433431576,-2.3403478493201835,-1437.9221097612774
198,-209.73312813182002,0.8977003803632791,0.14763557083133919,4.0,31.0,0.0,212.36311051241447,0.19625662047809742,0.8037433795219026,0.09028321894117736,-0.9091655903512122,-1435.3070627436655
199,-209.2539501695559,0.9977824891654143,0.15468756696921107,4.0,31.0,0.0,209.76869065931834,0.7150968659561071,0.2849031340438929,-0.8597068273489044,-0.2116406770632493,-1433.8083689456953
200,-211.3078701542212,0.9056552993169994,0.16569267380414235,4.0,19.0,0.0,214.31113370090202,0.0910548760811729,0.9089451239188271,-0.8117556800779285,-0.868622332701504,-1441.2300906383323
201,-210.2402099729789,0.9869509120406273,0.1771068585037777,4.0,15.0,0.0,212.16438059756695,0.8565339480970768,0.14346605190292316,-0.6880950810945619,-1.4963439631579791,-1435.4635077114212
202,-209.89168008565684,0.99293507161074,0.14763557083133919,2.0,3.0,0.0,209.91928573282252,0.21044151279532444,0.7895584872046756,0.12304658139701516,-0.9206287777890437,-1436.7372092876535
203,-211.44511568217683,0.9008163444838295,0.15468756696921107,3.0,7.0,0.0,214.5535857871465,0.5162316032927532,0.4837683967072468,-1.2997579200956075,-0.13737934811257313,-1449.5526320224214
204,-209.1242832358662,0.9607904307380446,0.16569267380414235,2.0,7.0,0.0,212.51829079916834,0.26721019205531976,0.7327898079446802,-0.5036959271967348,-0.7576035415309863,-1432.6008046634304
205,-209.237758536931,0.9995529748680886,0.1771068585037777,3.0,15.0,0.0,210.5494487728709,0.7489912433759027,0.2510087566240973,-0.7408045356322357,-0.8413771868644406,-1432.7332032048341
206,-209.034424202655,0.9970553805923625,0.14763557083133919,3.0,15.0,0.0,210.3151661683921,0.317316041097729,0.6826839589022711,-0.2954364129497061,-0.9227019333086296,-1432.5821755154464
207,-209.09268874923504,0.982252466176206,0.15468756696921107,2.0,5.0,0.0,212.2978931610114,0.5328278875323255,0.46717211246767454,-1.0065989175611294,-0.34566013771475823,-1433.777029753935
208,-210.3696362658098,0.896652834966529,0.16569267380414235,2.0,7.0,0.0,211.9396462900018,0.1957944853345169,0.8042055146654831,-0.42504955266598027,-0.6438485734030306,-1439.8984131520829
209,-210.12689506321558,0.9130513848011647,0.1771068585037777,2.0,3.0,0.0,210.27674888841005,0.7487056678724526,0.25129433212754737,-0.8302516305578528,-0.8822974887408971,-1438.6981174168618
210,-209.09800906340664,0.9862161879967498,0.14763557083133919,2.0,7.0,0.0,209.21057708757516,0.2770186323449678,0.7229813676550322,-0.36779167665986945,-0.9069720566318356,-1432.4628223759848
211,-211.25541417838605,0.9571502252681668,0.15468756696921107,3.0,15.0,0.0,213.61122296825437,0.07047258133395318,0.9295274186660468,-1.8041680077244693,-0.7518949785187563,-1437.174080809723
212,-210.0843603444945,0.9965431962867412,0.16569267380414235,4.0,31.0,0.0,211.46273217570243,0.3505200975016973,0.6494799024983027,-0.14752203569155872,-1.1154543288950802,-1439.8952664868636
213,-209.20003565135764,0.9833034214662444,0.1771068585037777,3.0,15.0,0.0,212.2955247102593,0.25773451710017464,0.7422654828998254,-0.4912370392227836,-0.746281845950319,-1432.9888321811911
214,-208.87802855422257,0.9613200603645747,0.14763557083133919,2.0,7.0,0.0,209.67136257518425,0.39880899442966183,0.6011910055703382,-0.4813837614663347,-0.9199131750767814,-1432.0824390007892
215,-211.44774755930538,0.972273381161418,0.15468756696921107,2.0,7.0,0.0,212.91233519543573,0.02709869277417686,0.9729013072258231,-1.4675799956019548,-0.6530624628203828,-1433.2864812669436
216,-211.39981654433012,0.9600498754553434,0.16569267380414235,4.0,15.0,0.0,211.85810371341384,0.9628095733747368,0.03719042662526317,-0.6268150892752707,-0.8252173870056645,-1436.3708490523168
217,-209.50478408329545,0.9899719179640752,0.1771068585037777,2.0,7.0,0.0,210.67713291102564,0.16409258771638724,0.8359074122836128,-0.4881829691784963,-0.723865523621754,-1432.8268688452229
218,-209.36141669697085,0.9582029306375385,0.14763557083133919,4.0,31.0,0.0,211.50716736161957,0.8305025237138625,0.16949747628613754,-0.7658661993221141,-0.4457804071253338,-1431.9957417032301
219,-210.98433405190463,0.9754755579714737,0.15468756696921107,3.0,7.0,0.0,211.6667194120841,0.04101732166448979,0.9589826783355102,-1.5065430368266988,-0.7343144985244209,-1432.6517263695148
220,-210.9919843489359,0.9733461334824322,0.16569267380414235,2.0,3.0,0.0,211.49469687026823,0.9648699674468263,0.03513003255317371,-0.7715651325105525,-0.8023014897184297,-1433.0321276291136
221,-209.91499406606712,0.6998466224426863,0.1771068585037777,3.0,11.0,0.0,213.15520247455254,0.1165011029259941,0.8834988970740059,0.12289485847392441,-0.8813285478121784,-1433.651376280518
222,-209.86946090532376,0.9783114086227253,0.14763557083133919,3.0,15.0,0.0,211.85158330333562,0.3741014927468293,0.6258985072531706,-1.006242467633004,-0.38231786576045296,-1438.6977364188751
223,-211.59468082908325,0.9118072054493971,0.15468756696921107,2.0,3.0,0.0,211.91309710130156,0.033663569598039456,0.9663364304019606,-1.4537752210343573,-0.7918603453451516,-1435.614847009228
224,-208.89926687213023,0.9927140513116149,0.16569267380414235,4.0,19.0,0.0,211.99327182159433,0.49900802528886135,0.5009919747111387,-0.7907714440652586,-0.7245930400170173,-1432.455508166076
225,-210.3330089167605,0.9589888323885746,0.1771068585037777,2.0,7.0,0.0,210.82407060187342,0.10314256313734338,0.8968574368626566,-0.019169023385422423,-0.7038761034985885,-1436.0569149465036
226,-209.48333984066502,0.9921341961605793,0.14763557083133919,3.0,11.0,0.0,211.4524178209978,0.8035985448048378,0.19640145519516217,-0.5785410070275314,-1.1204050828522334,-1432.933272684994
227,-211.44824896112476,0.9992428616061321,0.15468756696921107,3.0,7.0,0.0,211.86606634356968,0.02444341403772155,0.9755565859622785,-1.3783495646967974,-0.6685390950061771,-1432.7980231476035
228,-208.94137963156575,0.9857629672869295,0.16569267380414235,3.0,11.0,0.0,209.3088658831981,0.6652960675087835,0.33470393249121655,-0.7211590003629837,-0.7231097220483808,-1432.0396860559383
229,-210.0342694891045,1.0,0.1771068585037777,1.0,1.0,0.0,210.31227782745432,0.1062726963016483,0.8937273036983517,-0.007046328393509582,-0.7353956250261315,-1434.136764096739
230,-208.96890439071686,0.9983841446000459,0.14763557083133919,3.0,15.0,0.0,210.17628495258194,0.6725565556940386,0.3274434443059614,-0.6034231566931433,-0.9870378133351718,-1431.8982301163846
231,-211.1599071992044,0.9942397754708922,0.15468756696921107,2.0,3.0,0.0,211.56122662712392,0.028963939173641727,0.9710360608263583,-1.3561160662830307,-0.7133950560716719,-1431.9452990026284
232,-209.4768805143567,0.996872610748606,0.16569267380414235,5.0,31.0,0.0,210.75012859206151,0.4400483971162357,0.5599516028837643,-0.36683997570853194,-1.1169928722204714,-1436.1452869648263
233,-211.00173544769945,0.9296244294384101,0.1771068585037777,3.0,15.0,0.0,211.34167925610873,0.04096033929335216,0.9590396607066478,0.1395879712649461,-0.844986133839888,-1434.5547855790298
234,-210.50120878095618,0.749435249366071,0.14763557083133919,2.0,7.0,0.0,212.7597816432742,0.5986050529132361,0.40139494708676393,-0.6945323864692922,-1.1497934813193553,-1442.6825905548953
235,-210.46921312130144,0.9376877994229822,0.15468756696921107,3.0,15.0,0.0,213.48104495095248,0.12710864964451662,0.8728913503554834,-0.5285820973918148,-0.6301787434585873,-1438.0978738529066
236,-209.3883798932932,0.9743078464883933,0.16569267380414235,2.0,3.0,0.0,209.84047871682807,0.5318696847141847,0.4681303152858153,-0.3299015167039788,-1.0890550780749046,-1435.6812972308326
237,-210.0800961912846,1.0,0.1771068585037777,4.0,15.0,0.0,210.99412698260323,0.3416765994787426,0.6583234005212574,-0.058159625748954114,-0.9197916421669153,-1440.1424406337171
238,-209.51399854291648,0.9358257899151537,0.14763557083133919,2.0,3.0,0.0,211.46130591907084,0.7131629299346443,0.28683707006535575,-0.6276358891956111,-1.2185212540410317,-1434.6873892784351
239,-209.51935820706476,0.9905230158959869,0.15468756696921107,2.0,3.0,0.0,210.67469374201508,0.14971785139900443,0.8502821486009956,-0.5411602894308996,-0.7274359206534633,-1432.3604710916707
240,-209.30177233037202,0.9792734459228912,0.16569267380414235,4.0,15.0,0.0,209.68436602197283,0.48361917674539784,0.5163808232546021,-0.8590304950748481,-0.4397793430819814,-1435.4176393096068
241,-211.31566711738415,0.8886071136597312,0.1771068585037777,4.0,15.0,0.0,212.39707154356964,0.2931946946705882,0.7068053053294119,0.13670914241684662,-1.106551473389743,-1447.7712535188207
242,-208.90948780659483,0.986836959351637,0.14763557083133919,4.0,23.0,0.0,209.7569329287223,0.5164314668706627,0.48356853312933734,-0.45854141578600033,-0.9589624427758899,-1432.5363633293055
243,-209.48205070329135,0.9984711565336345,0.15468756696921107,4.0,15.0,0.0,210.1497272136837,0.17861710194200942,0.8213828980579906,-0.21798570476867263,-0.7729692473147117,-1433.2359103426688
244,-209.686426531759,0.9962908547133682,0.16569267380414235,4.0,15.0,0.0,210.2320557694314,0.14541632889437195,0.854583671105628,-1.29471696941981,-0.6465012736530813,-1432.2494843973614
245,-209.86355015015016,1.0,0.1771068585037777,2.0,3.0,0.0,211.48506903134233,0.19540796936557542,0.8045920306344245,0.11418596655738225,-0.8539636306753744,-1436.2651605865126
246,-210.32252289765614,0.9784939854588843,0.14763557083133919,4.0,23.0,0.0,211.49705398703895,0.2663870972384304,0.7336129027615697,-1.4300609340533688,-0.6203133072601973,-1439.4809525090902
247,-209.90526057960494,0.816905374467941,0.15468756696921107,2.0,3.0,0.0,211.76970829079485,0.11051549598525777,0.8894845040147422,-0.20710362472149754,-0.72655488400276,-1433.4573182160357
248,-210.60167506590264,0.9728652950557238,0.16569267380414235,4.0,23.0,0.0,212.10805603673643,0.9279424622439721,0.07205753775602786,-0.8728869493724936,-0.07129745362710613,-1435.4365364657313
249,-211.51651685726418,0.4762036291969219,0.1771068585037777,2.0,3.0,0.0,214.03976239174418,0.265230155431488,0.734769844568512,0.08714415681755504,-0.7690823507094381,-1449.2904130352476
250,-211.27779019281104,0.9905183576380551,0.14763557083133919,3.0,7.0,0.0,211.72392313866334,0.17390081826977816,0.8260991817302219,-1.6171025796613505,-0.4291384199430314,-1443.635073047917
251,-209.44291590682786,0.9970757012966371,0.15468756696921107,2.0,7.0,0.0,210.78847912305753,0.1850145731706207,0.8149854268293792,-0.039184233443712926,-0.863317471170191,-1433.0667019526009
252,-209.59483780397665,0.9757580484521517,0.16569267380414235,2.0,5.0,0.0,210.91564604740307,0.8612501798065867,0.1387498201934133,-0.7909158341661582,-0.07173381471453182,-1432.6100607496835
253,-210.54525528186554,0.9952789954256975,0.1771068585037777,4.0,15.0,0.0,212.27337815922652,0.09329981396248041,0.9067001860375196,0.31819417617331963,-0.7274947658214519,-1436.7893537013242
254,-211.52128420113252,0.8437426382416852,0.14763557083133919,2.0,3.0,0.0,213.67590748457675,0.21272439269359233,0.7872756073064077,-1.8002795893420007,-0.5182684299438438,-1445.7631196288235
255,-209.87937895336486,0.9162334241107304,0.15468756696921107,4.0,27.0,0.0,210.92939979295207,0.39818061524358,0.6018193847564199,-0.5274147164556398,-1.05567716069517,-1438.724155542566
256,-211.59886317057962,0.6026818229916769,0.16569267380414235,2.0,3.0,0.0,212.11936288797241,0.8060047078651007,0.1939952921348993,-0.662933137600392,-0.03238824481757268,-1448.4748390126754
257,-211.41171333320932,0.9715591663863822,0.1771068585037777,3.0,15.0,0.0,211.74237620194157,0.03554533159992265,0.9644546684000773,0.4744887063387796,-0.8700319598908339,-1436.2315516693293
258,-212.30087167997405,0.8937012019009369,0.14763557083133919,4.0,15.0,0.0,213.18978951961313,0.010669127763737756,0.9893308722362623,-1.1626086073248285,-0.6668654093833428,-1433.5332836251819
259,-210.3831477772097,0.9722364315025174,0.15468756696921107,3.0,11.0,0.0,210.85916150195686,0.7644684031918278,0.23553159680817215,-0.4613292735784625,-1.0379882848603825,-1440.3179717563291
260,-212.12715502969093,0.4888675803436257,0.16569267380414235,2.0,3.0,0.0,218.8396853473396,0.7580231864132854,0.24197681358671463,-0.6319589759698129,-0.15533804348227298,-1453.2415540506126
261,-210.49687595022039,0.9165588762806571,0.1771068585037777,3.0,15.0,0.0,212.35580870905582,0.15194264832129192,0.8480573516787081,0.14347567475915785,-0.9820729143392766,-1439.0559441649482
262,-213.024915885196,1.0,0.14763557083133919,4.0,15.0,0.0,213.43300879838725,0.005370499726021208,0.9946295002739788,-1.42654873080785,-0.7713652791881088,-1433.110132861578
263,-210.16726429219983,0.9939271028394211,0.15468756696921107,4.0,15.0,0.0,211.35127886067994,0.7253878301502751,0.2746121698497249,-0.565302909490417,-1.4525262500011755,-1438.5410385361768
264,-209.78394861503307,0.9745622244389563,0.16569267380414235,2.0,7.0,0.0,212.4047781871179,0.804172056018769,0.19582794398123105,-0.9609559733113413,-0.029415920535847205,-1435.5693569001226
265,-210.47875853849854,1.0,0.1771068585037777,3.0,15.0,0.0,211.38649268384142,0.07256212097801182,0.9274378790219882,0.3714695570460527,-0.8728453223706508,-1434.517207184244
266,-213.53833056649594,0.9396512366294909,0.14763557083133919,3.0,7.0,0.0,214.3581679281102,0.0026610435748995044,0.9973389564251005,-1.3341595871260605,-0.7384210364653012,-1432.0880078436455
267,-209.64550564687963,0.9773866080710665,0.15468756696921107,3.0,7.0,0.0,210.44036145578013,0.7814946487196938,0.21850535128030624,-0.6046155771233129,-1.3607686213911225,-1434.0559192608503
268,-209.71684542768858,0.6528734716004714,0.16569267380414235,2.0,7.0,0.0,213.69559802110544,0.8915639649884688,0.1084360350115312,-0.7620962142796706,-0.27466606692710016,-1431.9669174350654
269,-213.00017792976007,0.5172585207247843,0.1771068585037777,1.0,3.0,0.0,214.04903132191993,0.0930736395979694,0.9069263604020306,0.3772875427063672,-0.6021732602460239,-1453.840713520812
270,-210.85678047955818,0.9736507308506123,0.14763557083133919,4.0,15.0,0.0,214.61789886087422,0.035406381026402846,0.9645936189735972,-0.19292716380789585,-0.7040405243282611,-1432.760021864266
271,-210.6581206738853,0.9922983683360513,0.15468756696921107,3.0,15.0,0.0,211.21943165222413,0.8436761428041604,0.15632385719583963,-0.5709252269131349,-1.7529178194481057,-1438.2462784811692
272,-209.75419156423388,0.9464041524913068,0.16569267380414235,4.0,15.0,0.0,210.24800736953446,0.8871925827272112,0.11280741727278876,-0.757560659654975,-0.14602427367560256,-1432.51662980482
273,-210.71224586245862,1.0,0.1771068585037777,1.0,1.0,0.0,212.3188361303644,0.08541303288168421,0.9145869671183158,0.3503387855479894,-0.7132627518868654,-1437.391770618397
274,-210.36832323416084,0.9079331523582047,0.14763557083133919,3.0,7.0,0.0,211.73492344255538,0.06204179792329585,0.9379582020767041,-0.1938604024615504,-0.7098237274256709,-1433.059751472297
275,-210.7689667805231,0.9702349932864661,0.15468756696921107,4.0,19.0,0.0,212.03377478115428,0.6193246371490974,0.38067536285090264,-1.2065313281743753,-0.19797105724996608,-1444.6683829127226
276,-210.26110686687468,0.99272323564915,0.16569267380414235,3.0,7.0,0.0,210.44099417863347,0.9423502804842031,0.05764971951579689,-0.7770812377143,-0.07696712246043291,-1431.7851940226099
277,-208.94890071639446,0.9730132986680267,0.1771068585037777,4.0,27.0,0.0,213.25564534111723,0.4957366507029856,0.5042633492970143,-0.5045407418667046,-1.010501286098437,-1432.6896818693833
278,-208.88061593386212,0.9939708004196821,0.14763557083133919,4.0,15.0,0.0,211.68705739842838,0.4935971537812106,0.5064028462187894,-0.4658031372620077,-0.9307213319714095,-1432.3835395265583
279,-211.31866146238065,0.9875552175500787,0.15468756696921107,2.0,3.0,0.0,212.05515398253488,0.5455432524369622,0.4544567475630378,-1.2740739228588622,-0.12586653964460182,-1448.6885475348827
280,-209.65060385397456,0.9586028827205624,0.16569267380414235,3.0,11.0,0.0,211.3032204824691,0.8085060772279304,0.19149392277206956,-0.8741080246353428,0.06577802029052157,-1434.6653982781615
281,-211.30071196376596,0.8970870976270026,0.1771068585037777,3.0,7.0,0.0,211.79220781252437,0.5085402778615782,0.4914597221384218,-0.09739318196315497,-1.1310830609536808,-1448.9225417173675
282,-211.44663544010433,0.9392260233416965,0.14763557083133919,3.0,13.0,0.0,212.30714811801386,0.8302538475492881,0.1697461524507119,-0.5651406159770834,-0.5172814915280834,-1446.57921315441
283,-214.22877217676321,0.5920701700449719,0.15468756696921107,3.0,11.0,0.0,216.43025012042918,0.7894263992666465,0.21057360073335352,-0.9516074054567863,-1.122392518165125,-1465.5751829774931
284,-209.27286150390105,0.9656679053523156,0.16569267380414235,4.0,31.0,0.0,210.9380293694209,0.5936152633907126,0.4063847366092874,-0.605359178284831,-1.0804373998595456,-1434.4586386865255
285,-210.35457518596328,0.5628775681635926,0.1771068585037777,3.0,15.0,0.0,215.29803031289555,0.4377476517760169,0.5622523482239832,-0.5870054549580964,-1.094942192508909,-1442.0610839526428
286,-209.05308500566704,1.0,0.14763557083133919,2.0,5.0,0.0,211.52632260071348,0.7049552941705163,0.2950447058294837,-0.8240794179878623,-0.5982753270452287,-1432.3452012483915
287,-211.72005257860093,0.8459950965086627,0.15468756696921107,2.0,3.0,0.0,216.74492545383902,0.8804095085173086,0.11959049148269141,-0.5048072474692225,-0.9516356298344048,-1445.9586027735133
288,-210.68430397856412,0.6195480628266042,0.16569267380414235,1.0,3.0,0.0,212.5500110082731,0.6829078848130433,0.3170921151869567,-0.3791801657140419,-0.9897506246256945,-1443.8170281278844
289,-211.35568152690163,0.9919582430482877,0.1771068585037777,2.0,3.0,0.0,211.82434992763635,0.6419789531308367,0.35802104686916325,-0.26327053169190745,-1.0741081585556496,-1448.7803751098236
290,-210.50643019715605,0.9005905996829553,0.14763557083133919,3.0,15.0,0.0,212.36131770531253,0.6421554902506054,0.35784450974939463,-0.6345189985069986,-1.2894362719230756,-1442.18519810327
291,-210.39895356349842,0.9507678275935483,0.15468756696921107,3.0,11.0,0.0,212.9772232936192,0.7967698409685026,0.20323015903149744,-0.6737711899140827,-1.4670617683340235,-1438.5577777247977
292,-210.68430397856412,0.5300586271096847,0.16569267380414235,1.0,1.0,0.0,212.623260039746,0.6829078848130433,0.3170921151869567,-0.3791801657140419,-0.9897506246256945,-1443.8170281278844
293,-210.15671833090616,1.0,0.1771068585037777,3.0,7.0,0.0,211.31437068281082,0.49878515406909296,0.501214845930907,-0.6132320678297916,-0.5662546353926332,-1441.5333801849815
294,-210.31232887581498,0.8999607375654356,0.14763557083133919,3.0,11.0,0.0,213.1236623337827,0.9308285495938138,0.06917145040618622,-0.6721520141950561,-0.916682719511748,-1432.7234975271106
295,-212.9471021726274,0.6591718992613291,0.15468756696921107,1.0,3.0,0.0,213.3707596416111,0.753064003225733,0.24693599677426703,-0.8021112650098068,-1.4308457319380183,-1457.0426891728541
296,-210.37299469573026,0.9567119459212237,0.16569267380414235,3.0,11.0,0.0,212.08465118840815,0.22375170193020286,0.7762482980697971,-0.6509089587552342,-0.9151466097018881,-1440.0241443643545
297,-209.2442220833639,1.0,0.1771068585037777,3.0,7.0,0.0,210.05017101860759,0.5206483628856824,0.4793516371143176,-0.8230351007170016,-0.7774127898045939,-1434.7131484983317
298,-209.50553160488113,0.9727931728159585,0.14763557083133919,3.0,15.0,0.0,211.15022306100045,0.5565505724498014,0.44344942755019856,-0.7084114460085886,-0.9657931203105975,-1436.3090906804791
299,-210.72259815828693,1.0,0.15468756696921107,2.0,3.0,0.0,213.14342019341996,0.9005464321002046,0.09945356789979543,-0.5523999801640229,-1.272080104051538,-1437.2922442221638
300,-209.90076516789003,0.9863645799785984,0.16569267380414235,2.0,7.0,0.0,211.00850642274673,0.5764837229608883,0.42351627703911165,-0.45512528042613026,-0.8034302357867871,-1439.4671527078497
301,-209.18829035218184,0.8341901625918939,0.1771068585037777,3.0,9.0,0.0,212.14383613885735,0.6321619189140657,0.3678380810859343,-0.6956415330861443,-0.601512494504036,-1434.2147555351119
302,-210.01948049362593,0.9861299274058574,0.14763557083133919,3.0,15.0,0.0,211.33702841776565,0.16584539248252594,0.8341546075174741,-0.3087888059383832,-0.6926943693236873,-1436.6027408770808
303,-210.58920956695982,0.8434177102300678,0.15468756696921107,2.0,7.0,0.0,214.0319835261983,0.8239857615144298,0.17601423848557018,-0.4742145194810888,-1.5542546930808998,-1439.081216429226
304,-209.35112887195044,0.9408621801169977,0.16569267380414235,2.0,7.0,0.0,211.51612065825014,0.2733940416532704,0.7266059583467296,-0.6720893853373389,-0.8365632559575139,-1433.9876464256865
305,-211.15476532963592,0.9272405014259405,0.1771068585037777,3.0,15.0,0.0,213.1954378716938,0.8026239825330481,0.19737601746695188,-0.8943611552476155,0.41165570549919017,-1445.040814476319
306,-210.39905844369713,0.985835205894074,0.14763557083133919,3.0,7.0,0.0,210.90170539216615,0.06691866333534517,0.9330813366646549,-0.5283725016514562,-0.6816745360428839,-1433.5839707898422
307,-211.43710388723278,0.9828573157782446,0.15468756696921107,4.0,15.0,0.0,211.83961847242838,0.97772423086182,0.02227576913817997,-0.6999196003814099,-1.3960574169322488,-1432.0154030787223
308,-209.55697586699628,0.9775147007314738,0.16569267380414235,3.0,11.0,0.0,211.18087707013515,0.27357620162438906,0.726423798375611,-1.1459251938586728,-0.47719914913676337,-1435.0762890639937
309,-209.59003865611243,0.9935858592833688,0.1771068585037777,5.0,31.0,0.0,211.65488213158386,0.2825464308480933,0.7174535691519067,-0.5058091309051588,-0.686916305137383,-1436.1438547671164
310,-210.15770747301104,0.8381478647607399,0.14763557083133919,3.0,11.0,0.0,213.412583647168,0.5990162975461961,0.4009837024538039,-0.3421740055149254,-0.9765942850940383,-1440.9408553372305
311,-209.18861125039714,0.9531560816878183,0.15468756696921107,4.0,31.0,0.0,212.36788647508263,0.20828374433538913,0.7917162556646109,-0.3036025471444015,-0.8392241088487602,-1431.8854239365414
312,-209.14542338614203,0.99577909004849,0.16569267380414235,3.0,7.0,0.0,209.7107276280262,0.48718427751805987,0.5128157224819401,-1.0211323360378974,-0.5737468868461498,-1433.9600897265964
313,-211.70394535063534,0.9664375135457476,0.1771068585037777,4.0,19.0,0.0,212.50326963541,0.03143420772818728,0.9685657922718127,-1.7533442362545368,-0.77727967843781,-1435.1023956089646
314,-209.16911253570672,0.9283275823430899,0.14763557083133919,2.0,7.0,0.0,211.92320551020217,0.745820715708944,0.25417928429105596,-0.5974968266523264,-1.098578838318259,-1432.0511840344245
315,-209.64952303231243,0.8618153708556183,0.15468756696921107,4.0,15.0,0.0,210.81712952882035,0.15506566298868013,0.8449343370113198,-0.33936691455064605,-0.8673636664270449,-1433.4192062741793
316,-208.9594913311961,0.9532513036678962,0.16569267380414235,2.0,7.0,0.0,210.09688831334088,0.36772716822330864,0.6322728317766914,-0.9726486613621284,-0.5437734881638411,-1432.2914621604134
317,-211.97243420350435,0.9403298182011836,0.1771068585037777,3.0,7.0,0.0,212.32986656027657,0.17496868355840384,0.8250313164415961,-1.8338974601072886,-0.6814245358005109,-1447.5789181161242
318,-209.70422602036592,0.9030531873342247,0.14763557083133919,4.0,23.0,0.0,210.06983731347873,0.21079715709715752,0.7892028429028425,-1.289458388009285,-0.6608875894941795,-1434.3829549128598
319,-209.87830300391482,0.9200979156513318,0.15468756696921107,2.0,7.0,0.0,212.24475827632108,0.2370185654712426,0.7629814345287574,-0.04815284917696172,-1.0063838900938702,-1437.0982067456694
320,-209.43377912193404,0.9639462351260093,0.16569267380414235,3.0,15.0,0.0,210.156400529168,0.22928792456019695,0.770712075439803,-1.2135418356245442,-0.541351122534844,-1433.2199866232734
321,-212.72211271902006,0.9497927925171618,0.1771068585037777,4.0,15.0,0.0,213.6824235138557,0.006791497591878181,0.9932085024081219,-1.318217349892682,-0.6783470916105956,-1433.0033520486236
322,-208.90858555367203,0.9989371716850589,0.14763557083133919,4.0,15.0,0.0,209.9240595527602,0.4713125027226324,0.5286874972773676,-0.9434140388868474,-0.47651695953634426,-1432.5258450615504
323,-209.31509335859658,0.967733621097848,0.15468756696921107,2.0,5.0,0.0,212.65287309388705,0.18448350881610664,0.8155164911838934,-0.1694710673834509,-0.8509424641376092,-1432.1632225612645
324,-209.9054781999872,0.9748458273204207,0.16569267380414235,2.0,3.0,0.0,209.97499622917664,0.3012542276223854,0.6987457723776146,-1.3580382983498045,-0.5734465900583186,-1437.3351206044645
325,-211.51420290760805,0.9903421965025285,0.1771068585037777,3.0,11.0,0.0,213.31178563617837,0.024017964923448373,0.9759820350765517,-1.6449582078766807,-0.6727532261343728,-1432.4344658361915
326,-209.4388281811585,0.9758763993075071,0.14763557083133919,2.0,5.0,0.0,209.74236384652212,0.46061477611663787,0.5393852238833621,-1.1729964794203183,-0.36900967244774,-1435.8273516586885
327,-209.70011578477508,0.9513666271621103,0.15468756696921107,2.0,7.0,0.0,210.3186070230554,0.17635409224150578,0.8236459077584942,0.0677030870472562,-0.8337177025472741,-1434.625972758024
328,-209.06303583104807,1.0,0.16569267380414235,4.0,15.0,0.0,210.27735421078157,0.33013613663893787,0.6698638633610621,-1.1096442258609933,-0.5482923961786442,-1432.4101847732188
329,-211.27087929479944,0.8828248378997962,0.1771068585037777,2.0,7.0,0.0,212.6998230274575,0.06130959301177558,0.9386904069882244,-1.6588137295061889,-0.7722709414591117,-1436.794326933345
330,-209.38860007763847,0.9512540832738213,0.14763557083133919,3.0,15.0,0.0,210.97302599030337,0.7807232863888782,0.21927671361112178,-0.925750155206604,-0.1342124747855191,-1433.4577696884996
331,-211.2376729801826,0.7074861393694508,0.15468756696921107,3.0,15.0,0.0,213.90612729481924,0.04813981646548116,0.9518601835345188,-0.20322950857391306,-0.8647983465918195,-1437.2002286551583
332,-209.82876656870062,0.8775559971064263,0.16569267380414235,3.0,15.0,0.0,211.237323850618,0.1897544462222664,0.8102455537777336,-0.45534905203784726,-0.900983158792662,-1435.6314231258546
333,-210.66585925417735,0.9967577312759716,0.1771068585037777,4.0,15.0,0.0,211.97712933465857,0.8968457916093243,0.10315420839067568,-0.8436125940200228,-0.7525658399979601,-1437.6814233910043
334,-209.44721382267082,0.9573920586091617,0.14763557083133919,2.0,7.0,0.0,212.15818834988494,0.8242321187759291,0.17576788122407094,-0.7711642155857465,-0.25458662759864226,-1432.8955797679685
335,-210.64748798930253,1.0,0.15468756696921107,4.0,15.0,0.0,211.4560523813394,0.3796617446868903,0.6203382553131097,-0.00554573850310202,-1.0745879461847023,-1444.115816602843
336,-210.01818256041616,0.9190387573284593,0.16569267380414235,2.0,7.0,0.0,211.17241000997197,0.310456932433413,0.689543067566587,-0.45605748585705,-0.6700479834786187,-1439.5390865410432
337,-209.14239117225395,0.979377529934036,0.1771068585037777,4.0,19.0,0.0,211.14410740588406,0.265267805441742,0.734732194558258,-0.2626078466118878,-0.8475711170857656,-1432.72860538767
338,-211.89037666997996,0.927353080954654,0.14763557083133919,4.0,15.0,0.0,212.35781984096403,0.013810911783544344,0.9861890882164557,-1.009542540412757,-0.6852986342687293,-1432.7242036747775
339,-211.33063667344328,0.9221057698470307,0.15468756696921107,4.0,15.0,0.0,211.70276530309837,0.03666428506914561,0.9633357149308543,-0.3822969310131097,-0.8349840441885442,-1435.9973787553458
340,-210.21755016375346,0.9486643271409653,0.16569267380414235,2.0,3.0,0.0,211.02168134617042,0.34355926549313154,0.6564407345068685,-0.5067337891248718,-0.6352316177845667,-1441.2733966441165
341,-209.78730153791943,0.8942924570410131,0.1771068585037777,2.0,7.0,0.0,210.0461052967168,0.19479883075041446,0.8052011692495855,-0.36521722321287897,-0.9233962712259857,-1435.511642242942
342,-210.94842506719223,0.9835220343929966,0.14763557083133919,4.0,15.0,0.0,212.24643898804462,0.032218381053438196,0.9677816189465618,-0.8184828069057577,-0.7425464766883172,-1432.169683714224
343,-211.89335117261496,0.9698977973255316,0.15468756696921107,3.0,15.0,0.0,212.78503107045833,0.0348608029313401,0.9651391970686599,-0.27134066018360403,-0.8736730076193722,-1439.5545079877595
344,-208.82728699535326,0.9696280675400764,0.16569267380414235,3.0,15.0,0.0,211.20844699235403,0.4878267331992914,0.5121732668007086,-0.5283353692723388,-0.9342949905577566,-1431.952760180296
345,-211.9037497925264,0.9847800382689028,0.1771068585037777,3.0,7.0,0.0,212.94661541741954,0.21647790400176126,0.7835220959982387,-0.013439329827448273,-1.1303998857238375,-1450.4198487279077
346,-209.67876900173218,0.9952015955156117,0.14763557083133919,4.0,15.0,0.0,211.15190975582397,0.1895534803675134,0.8104465196324866,-1.1249300547950902,-0.7145886208923342,-1433.9360313258965
347,-209.83018533033962,0.9695666963904402,0.15468756696921107,2.0,5.0,0.0,212.89845278436056,0.10083661861448864,0.8991633813855113,-0.2128665046107988,-0.8205478870008927,-1432.2526997011912
348,-209.1133973633523,0.980620103106787,0.16569267380414235,3.0,11.0,0.0,209.46029634468286,0.6792783188428632,0.32072168115713684,-0.6230201598971699,-1.0672675583682292,-1432.6587027445548
349,-209.0678960812841,0.9950094638524812,0.1771068585037777,3.0,15.0,0.0,212.48118718308203,0.3279777956030184,0.6720222043969817,-0.7164224192472612,-0.790999136112036,-1432.760008716879
350,-209.14432144241633,0.9792266910262524,0.14763557083133919,3.0,15.0,0.0,210.833850727929,0.7488172403404886,0.2511827596595114,-0.885937220994254,-0.379348774674669,-1432.3740905710895
351,-209.67945535108973,0.9523393201832595,0.15468756696921107,3.0,7.0,0.0,212.93670712579845,0.13849116115589616,0.8615088388441039,0.06912704071892668,-0.8156826007342278,-1433.1497222110606
352,-210.0105764600973,0.9483369331061803,0.16569267380414235,4.0,23.0,0.0,212.00318851014012,0.20066985128005005,0.79933014871995,0.1465637867889123,-0.8570975127241033,-1437.4070879981034
353,-210.3564464407567,0.9297413046834306,0.1771068585037777,3.0,9.0,0.0,213.29448929770385,0.9420567857254257,0.05794321427457427,-0.721851238183587,-0.7842960341969862,-1432.0221637005973
354,-209.01723831135362,0.9929561194566544,0.14763557083133919,2.0,7.0,0.0,209.61030406637644,0.6972202848387357,0.30277971516126434,-0.8757602156865095,-0.31905586447625744,-1432.345442470704
355,-210.7637001654289,0.8786280893076736,0.15468756696921107,4.0,23.0,0.0,212.6068492125734,0.37884524599285135,0.6211547540071487,-0.42258585866359666,-1.1604597532379617,-1444.5929018285174
356,-210.58188721723872,0.9716235694213943,0.16569267380414235,3.0,11.0,0.0,211.00792754409952,0.10100630144689755,0.8989936985531024,0.28729955007790264,-0.9288183141028148,-1437.2598918350338
357,-211.73527662935695,0.9684453550916546,0.1771068585037777,4.0,31.0,0.0,214.77685826665277,0.964703841118627,0.03529615888137305,-0.7790966875939872,1.4689438570144566,-1436.8805377988065
358,-209.4472290676427,0.8954859456878591,0.14763557083133919,2.0,7.0,0.0,209.776851238451,0.7083224794278797,0.29167752057212026,-0.986476132766859,-0.34566400640614875,-1434.973489877483
359,-209.12818117115634,0.9468611002323266,0.15468756696921107,2.0,7.0,0.0,211.67741313460738,0.5629547762297181,0.4370452237702819,-0.41562071704727976,-1.0942489649291294,-1433.73666991939
360,-208.96018687356374,0.9125465530920092,0.16569267380414235,4.0,15.0,0.0,212.72277034705294,0.4977677676486055,0.5022322323513946,-1.0329356024691454,-0.4684594814988686,-1432.7587382039846
361,-213.75163868273452,0.6562013006078536,0.1771068585037777,2.0,7.0,0.0,215.437975682496,0.9456449503071153,0.05435504969288474,-0.6238910805054568,1.3545669499426858,-1454.120626454852
362,-209.23365759782337,0.9957517188897185,0.14763557083133919,3.0,11.0,0.0,210.84622690289055,0.266438324718624,0.7335616752813761,-1.1594702366636023,-0.5486996497798424,-1432.6375063402877
363,-209.12657964749985,0.9999519964315428,0.15468756696921107,4.0,15.0,0.0,209.41824527625496,0.6667813967783061,0.33321860322169394,-0.5947876582198609,-1.1068057049695839,-1432.8410087260447
364,-209.18731702125902,0.9196158973612775,0.16569267380414235,2.0,3.0,0.0,209.6071874207781,0.47571904955620753,0.5242809504437924,-0.9098543979220072,-0.4257040219183636,-1434.5510102220398
365,-212.944443729378,0.950704192172088,0.1771068585037777,2.0,7.0,0.0,215.30635106764097,0.9834982045435257,0.016501795456474344,-0.8914392526800847,1.126886096617099,-1440.7190961753392
366,-210.5958553676085,0.9678059173230017,0.14763557083133919,4.0,31.0,0.0,211.36582055600198,0.5055260539797395,0.4944739460202605,-0.2693282237410831,-1.294423023941198,-1443.65820181686
367,-210.12490320888335,0.8823777962493069,0.15468756696921107,3.0,11.0,0.0,211.2032379178433,0.7397840859708933,0.2602159140291067,-0.6346995816405935,-1.3813767223460123,-1438.1143954242634
368,-209.39773498879694,0.9876020588297038,0.16569267380414235,3.0,11.0,0.0,209.59031774996575,0.4279771382636634,0.5720228617363365,-1.0932132006134803,-0.5991920198483712,-1435.4053313230525
369,-209.19724018979343,0.9659999445575483,0.1771068585037777,4.0,23.0,0.0,213.48430668616825,0.5722908878446716,0.42770911215532836,-0.417105440728853,-1.0037285091778927,-1434.3410844105708
370,-211.27965166002969,0.8533286998908745,0.14763557083133919,2.0,3.0,0.0,211.4612397207342,0.5833538603550915,0.4166461396449085,-0.18739225478177857,-1.2762557002596806,-1448.2604869875624
371,-209.97683111054806,0.6922739801359313,0.15468756696921107,2.0,3.0,0.0,213.68981045121558,0.8843841284193785,0.11561587158062148,-0.6181547446229383,-1.421442240105901,-1432.6419096390453
372,-209.16390260384006,1.0,0.16569267380414235,4.0,15.0,0.0,209.7870383600992,0.2891270498228303,0.7108729501771698,-0.8556058441647071,-0.6104678477574369,-1432.9700404545895
373,-210.34650244819,0.7258085953792376,0.1771068585037777,2.0,7.0,0.0,212.09804004117055,0.36960172887082293,0.6303982711291771,-0.4538228516461538,-1.1070000252922576,-1441.723435624603
374,-212.1273053670578,0.7577215293819783,0.14763557083133919,2.0,3.0,0.0,213.31659625145045,0.4335204702739425,0.5664795297260574,-0.42808681801155435,-1.3065813805301678,-1453.991808929314
375,-209.64130900251456,0.994587971129125,0.15468756696921107,3.0,15.0,0.0,210.40693793501535,0.8631444597722924,0.13685554022770763,-0.6620321715384634,-1.132418777591528,-1431.9101396167414
376,-209.02659270522645,0.9923822300480281,0.16569267380414235,4.0,23.0,0.0,209.645137160944,0.334359688462152,0.665640311537848,-0.4819064811946061,-0.785343921890953,-1432.792259865081
377,-214.55337328652357,0.6122914262634737,0.1771068585037777,2.0,7.0,0.0,215.80735446776725,0.21762634799786584,0.7823736520021342,-0.4460523654159699,-1.1625812813846659,-1468.51385784018
378,-209.55067908906784,1.0,0.14763557083133919,4.0,23.0,0.0,214.28177813765816,0.8224347664270906,0.17756523357290943,-0.6340805851171885,-1.2760165386373414,-1432.4818747100737
379,-209.08936708968605,0.8196672207644251,0.15468756696921107,2.0,5.0,0.0,211.0193206222372,0.6777278883526877,0.3222721116473123,-0.5411909764249329,-1.1218827151788664,-1432.4892582964621
380,-209.466070733685,0.9091017881907462,0.16569267380414235,3.0,11.0,0.0,211.7155996822168,0.7759206936069716,0.22407930639302842,-0.8032865509461138,-0.7352816138372534,-1433.831517332509
381,-212.40156398136548,0.9942953070999391,0.1771068585037777,3.0,11.0,0.0,215.2903215466249,0.9382154356856784,0.061784564314321555,-0.9405914980732992,-0.32270682571027687,-1446.691741241953
382,-209.62831931085694,0.9105554701010771,0.14763557083133919,3.0,15.0,0.0,210.38143809066634,0.7504508367453575,0.2495491632546425,-0.6832550656986914,-1.1727194480301688,-1434.898788341592
383,-209.1246230015117,0.9637370784042179,0.15468756696921107,3.0,15.0,0.0,210.08124601104936,0.7510679260924683,0.2489320739075317,-0.6870445253024843,-0.8506063453089595,-1431.9662261918063
384,-209.82298146126007,0.97189180810775,0.16569267380414235,3.0,15.0,0.0,210.57778852417414,0.5759671550579123,0.4240328449420877,-0.7732282450179391,-0.37858462516754204,-1439.0282868481802
385,-208.962129648155,1.0,0.1771068585037777,3.0,15.0,0.0,212.22176938217763,0.6649123952315692,0.3350876047684308,-0.8334055444653209,-0.42465694309818325,-1432.332065500439
386,-210.59861898929813,0.8597238821328382,0.14763557083133919,4.0,15.0,0.0,214.26080987752837,0.9371454140399881,0.06285458596001192,-0.6700455329072437,-1.6625982314896945,-1432.4275130968715
387,-209.20089760290315,0.9957862460620079,0.15468756696921107,4.0,23.0,0.0,210.62029392793448,0.5324046016139772,0.4675953983860228,-0.7799365268949036,-0.5040493951461749,-1434.7587199747072
388,-210.12754623353214,0.9939718313631415,0.16569267380414235,4.0,15.0,0.0,211.24179648240369,0.4416282418865866,0.5583717581134133,-0.14173336663564998,-1.1015020979857773,-1440.7736919381582
389,-209.10800625387373,0.9980889587482803,0.1771068585037777,2.0,7.0,0.0,209.29892673010767,0.7643456042468194,0.2356543957531806,-0.7990555935702225,-0.445441742790349,-1431.9035389494247
390,-209.196115574837,0.6644005024795483,0.14763557083133919,3.0,11.0,0.0,215.41597275446125,0.5176148475485326,0.4823851524514674,-0.7792160421949242,-0.815293512084634,-1434.3925802894007
391,-209.90313694695539,0.9926008532894293,0.15468756696921107,4.0,15.0,0.0,209.91808572499997,0.5683787360646569,0.43162126393534306,-0.473215770481308,-1.2645382647100047,-1438.6788074392452
392,-208.9953153756963,0.9637996189494625,0.16569267380414235,3.0,11.0,0.0,211.40782355414356,0.32156938778946365,0.6784306122105364,-0.9485228184027453,-0.6488449554398006,-1432.0309520043847
393,-209.61437217011945,0.8937728697831335,0.1771068585037777,3.0,11.0,0.0,210.68203229941037,0.33101701421596225,0.6689829857840377,-1.1231711854055144,-0.41752457823766664,-1436.3109731625327
394,-210.12783627201534,0.98590679874313,0.14763557083133919,4.0,15.0,0.0,210.29655694545826,0.7245652429249613,0.2754347570750387,-0.7635701879517109,-1.0669709930514832,-1438.892781314252
395,-209.6583339643623,1.0,0.15468756696921107,4.0,15.0,0.0,210.19227674493348,0.8284408300737353,0.17155916992626474,-0.6918519675484032,-1.191733144205365,-1433.1515467726747
396,-209.51670954167363,0.9651641952427921,0.16569267380414235,3.0,15.0,0.0,209.7186133683043,0.34104627390875736,0.6589537260912426,-0.9152121581666893,-0.7630854024268314,-1435.751938249116
397,-209.31667568667393,0.9626646058396394,0.1771068585037777,4.0,15.0,0.0,210.90060750167652,0.48170005702765684,0.5182999429723432,-0.7484247422463435,-0.5422280771922378,-1435.585396605743
398,-210.18255724261408,0.9922920617711143,0.14763557083133919,2.0,7.0,0.0,211.2139688661051,0.89093051267383,0.10906948732616994,-0.606022133878554,-1.0530955761267826,-1434.5111863862346
399,-209.0720861883877,0.987023287038669,0.15468756696921107,3.0,15.0,0.0,210.08371169090043,0.7270268454581995,0.2729731545418005,-0.6376915153664353,-0.9250931691024927,-1431.9576818047747
400,-209.27086161538062,0.9102353726597491,0.16569267380414235,2.0,7.0,0.0,211.97157591852,0.23468958504346316,0.7653104149565368,-0.8751116216794563,-0.6296890119988424,-1432.7278876914877
401,-208.8195903252495,0.995428615804446,0.1771068585037777,3.0,15.0,0.0,209.63071832741613,0.48435966083267895,0.515640339167321,-0.581208019753497,-0.8870469671766327,-1431.9205775558562
402,-209.73777883744557,0.7191853804670063,0.14763557083133919,3.0,11.0,0.0,212.66993399986765,0.6340686145040167,0.36593138549598325,-0.7275154471353227,-1.0173135456503,-1437.3750135284454
403,-209.5329331764027,0.8351348666364221,0.15468756696921107,3.0,11.0,0.0,211.9358019108922,0.7203970964678301,0.2796029035321699,-0.6763707142154864,-0.5521269069804657,-1435.6754281264034
404,-209.49253779400036,0.9824079602740001,0.16569267380414235,4.0,19.0,0.0,209.64731762446576,0.6939492194529372,0.3060507805470628,-0.9488528882089794,-0.5067315081958707,-1435.421459802823
405,-210.7419871170993,0.7263350157174491,0.1771068585037777,2.0,7.0,0.0,213.1026054822824,0.5237667287968751,0.47623327120312486,-0.37317536141759566,-0.7642685964588427,-1445.5376618697578
406,-209.04172538958477,0.9862658636413258,0.14763557083133919,2.0,7.0,0.0,211.6711225731796,0.7107641235286242,0.28923587647137583,-0.7472796329787662,-0.7319897694271489,-1432.1366755392291
407,-209.1050532450171,0.9979787222066846,0.15468756696921107,3.0,15.0,0.0,210.15447112086974,0.6903160654217809,0.3096839345782191,-0.7672865590469072,-0.7647933326324331,-1432.7757897816675
408,-209.3517554422078,1.0,0.16569267380414235,4.0,15.0,0.0,209.6629518717823,0.3190577115716397,0.6809422884283602,-0.4218543053433419,-0.7536232267376277,-1434.9608236123092
409,-211.63782207207083,1.0,0.1771068585037777,3.0,7.0,0.0,211.80992774083174,0.6683937913421504,0.3316062086578496,-0.8791011845321829,-0.9959463191423926,-1450.0106834403045
410,-209.04618829428054,0.9855120348574902,0.14763557083133919,2.0,7.0,0.0,209.24313245136346,0.6334311634678487,0.36656883653215133,-0.6688350204979072,-0.7000194330346945,-1433.1440055301705
411,-211.02776796519336,0.8206957985913368,0.15468756696921107,2.0,3.0,0.0,211.26110287623146,0.7031525575214614,0.29684744247853856,-0.8959912423107725,-0.8829560467931954,-1445.539307236775
412,-209.6020204509416,0.9552386636317713,0.16569267380414235,2.0,3.0,0.0,210.05329523562727,0.38935987906052444,0.6106401209394756,-0.3838741853411922,-0.7729310436317344,-1437.3133853649113
413,-209.29224060522006,0.9579887508077152,0.1771068585037777,2.0,7.0,0.0,212.53200417471072,0.7488212489976224,0.25117875100237763,-0.7410921959801637,-0.8732106748301421,-1433.0651632893118
414,-209.29336674501573,0.9797126253654326,0.14763557083133919,4.0,15.0,0.0,209.52372117460527,0.4929953355889065,0.5070046644110935,-0.3506418439242158,-0.948517501695682,-1435.2868067668196
415,-208.85125938584997,0.9632860488897137,0.15468756696921107,2.0,3.0,0.0,211.81755984609546,0.5159271716751079,0.48407282832489207,-0.6814354315857911,-0.7324917908918717,-1432.2459492889418
416,-208.85620637017217,0.9853606463056216,0.16569267380414235,3.0,7.0,0.0,209.99163702252267,0.5785380735270587,0.42146192647294134,-0.5582457362714793,-0.9571045238100684,-1431.918737160053
417,-208.88997343075965,0.9870517787851731,0.1771068585037777,4.0,23.0,0.0,209.62354258484325,0.5448759003729289,0.4551240996270711,-0.5047026580830456,-1.0090164157245491,-1432.22970708369
418,-211.9720083946334,0.8744555707718232,0.14763557083133919,4.0,15.0,0.0,213.23871573381015,0.5173150124618479,0.48268498753815214,-1.1327455230679588,-0.015930337528209215,-1453.5581413233883
419,-209.0146774389333,0.9841638366528808,0.15468756696921107,3.0,15.0,0.0,210.05791407255776,0.5356278568139363,0.4643721431860637,-0.614132150472799,-0.9661186612109657,-1433.0792823743952
420,-209.63934309764684,0.9177490698542898,0.16569267380414235,3.0,15.0,0.0,210.72133363409176,0.7769095738629886,0.22309042613701136,-0.8901062878605127,-0.5289352794324501,-1435.1049895813887
421,-208.91535702521784,0.9945514330671155,0.1771068585037777,4.0,15.0,0.0,209.08162223272058,0.3699026243251037,0.6300973756748963,-0.636297842077071,-0.7451925430824807,-1432.246638493004
422,-215.24580279755486,0.9502859305343244,0.14763557083133919,5.0,31.0,0.0,215.84183828192337,0.9994542270386011,0.0005457729613989049,-0.6639713253476995,-0.7851617891654665,-1434.0484918620407
423,-209.58258924853655,0.9973163020648764,0.15468756696921107,4.0,15.0,0.0,209.86777175835985,0.8114928862493026,0.1885071137506974,-0.5678922097098283,-1.1465885289021842,-1433.3622888424445
424,-209.91727382562954,0.9503841205432826,0.16569267380414235,4.0,23.0,0.0,211.00457564157543,0.3029378019753358,0.6970621980246642,-0.5795633521821989,-0.9567612592459187,-1438.2344011319153
425,-209.26819534341257,0.9407956951934818,0.1771068585037777,3.0,15.0,0.0,209.77409680491184,0.7463637235031761,0.25363627649682385,-0.7218547910216809,-0.5326430444654916,-1433.3813336420399
426,-216.30822722019005,0.4480242047929445,0.14763557083133919,2.0,7.0,0.0,220.04012864732027,0.9969626910560775,0.003037308943922512,-0.9313762086040539,-0.8752155742579563,-1452.730078470876
427,-211.39612280378813,0.9961114361156196,0.15468756696921107,4.0,27.0,0.0,212.06867513049667,0.030680369628850554,0.9693196303711494,-0.5522702449403681,-0.8153516890951538,-1435.152505320823
428,-209.67532088330032,0.9767336809406437,0.16569267380414235,3.0,11.0,0.0,212.0481314350999,0.27897821089847213,0.7210217891015278,-0.6560317065146333,-0.6226426624505255,-1436.6014145569784
429,-208.84696551479848,0.9971150498445844,0.1771068585037777,3.0,15.0,0.0,209.34554484486551,0.43730171868044276,0.5626982813195572,-0.8523538127382162,-0.6510948893818075,-1431.9847012234686
430,-213.9448501517755,0.999855437215432,0.14763557083133919,3.0,11.0,0.0,216.88000999058517,0.9895985490537519,0.010401450946248114,-0.5610560072215429,-0.9000288401595293,-1445.2956819025694
431,-213.0600961509589,0.7129639972815333,0.15468756696921107,3.0,11.0,0.0,215.68290920362867,0.5593887215674255,0.4406112784325745,-0.4172288321990196,-0.5671257269855859,-1461.6646408707604
432,-209.5085870970148,0.9958514905271035,0.16569267380414235,4.0,15.0,0.0,210.07903189585846,0.4340587181631579,0.5659412818368421,-1.1953391747160411,-0.49212814751417355,-1436.093782817714
433,-209.29173884135776,0.9915769263598003,0.1771068585037777,4.0,15.0,0.0,209.48686969734464,0.46759118123589294,0.5324088187641071,-0.3555455790874188,-1.1046409911197128,-1434.9680625420856
434,-209.31706698398114,0.9872904458755785,0.14763557083133919,4.0,15.0,0.0,213.78333059726404,0.4527239378742421,0.547276062125758,-0.35585690724289043,-1.100914749258331,-1435.1169773863862
435,-209.80879167223966,0.9947658660546048,0.15468756696921107,2.0,7.0,0.0,214.24934821635676,0.2517013567975175,0.7482986432024825,-0.5980862699155554,-0.9048237973483062,-1436.7597349247646
436,-209.44263437999535,0.9648575792115606,0.16569267380414235,3.0,15.0,0.0,210.7607963184085,0.6218952175402044,0.3781047824597956,-0.7927495826539508,-0.37260538304922874,-1436.1164921164702
437,-209.00605709947496,1.0,0.1771068585037777,4.0,15.0,0.0,209.54274140356165,0.3077132003356397,0.6922867996643602,-0.31872974312134533,-0.9002556755369727,-1432.2934154131556
438,-209.4833928108768,0.9921856503261098,0.14763557083133919,4.0,15.0,0.0,210.20383399065315,0.27437846190470544,0.7256215380952946,-0.1151988161626698,-0.8686715188652046,-1435.2480536007442
439,-211.43128002679026,0.9281259328696853,0.15468756696921107,3.0,15.0,0.0,211.88633725383664,0.10779358087879604,0.892206419121204,-0.4497330731630653,-0.5884368323892916,-1443.86674771319
440,-209.9408373079738,0.8398166107429904,0.16569267380414235,4.0,15.0,0.0,213.28145533472033,0.719081795239421,0.28091820476057905,-0.8259651119995152,-0.08644692538154862,-1438.5756392447854
441,-209.12803716644254,0.9706938408317165,0.1771068585037777,3.0,11.0,0.0,209.49342344176796,0.2725858836076022,0.7274141163923977,-0.595341358138102,-0.7262537048074579,-1432.6666613411976
442,-210.89682682416736,0.8532056765490015,0.14763557083133919,3.0,15.0,0.0,211.8338179211883,0.2582300271436901,0.7417699728563099,-0.3773263068160671,-1.063385515946194,-1444.3084320159694
443,-213.04647958914433,0.9189949821229728,0.15468756696921107,2.0,3.0,0.0,213.36941413957425,0.08309974732083678,0.9169002526791632,-0.46264058675052,-0.5258040349352526,-1453.4655967981455
444,-211.35277243865306,0.9529275416098658,0.16569267380414235,4.0,23.0,0.0,212.33711651067807,0.04322655162471066,0.9567734483752893,-0.2634402146270353,-0.6375995436729823,-1437.557696711953
445,-211.55119680295422,0.9940530103277644,0.1771068585037777,4.0,23.0,0.0,212.93917862656082,0.03952276462747353,0.9604772353725265,-2.2026540139429027,-0.7079444153570003,-1434.125184081151
446,-210.00194700136026,0.9968232440965213,0.14763557083133919,3.0,11.0,0.0,211.4258390270242,0.5777829495133847,0.4222170504866153,-0.783640799106767,-0.944910840161696,-1439.5954421508177
447,-209.5939161554945,0.9846966630895677,0.15468756696921107,2.0,7.0,0.0,214.03827702937903,0.1778749998965396,0.8221250001034603,-0.3211305971347822,-0.7344816212147848,-1433.9882101286587
448,-211.50865673067122,0.9966723671373886,0.16569267380414235,4.0,15.0,0.0,213.10422424139284,0.019205914886262977,0.980794085113737,-1.0706367036336906,-0.7387779083735406,-1432.1518831777264
449,-211.70897850958764,0.9165346413278571,0.1771068585037777,2.0,7.0,0.0,212.06638631299234,0.046708967376235824,0.9532910326237641,-2.137593815422656,-0.5934176761473626,-1436.6897454084633
450,-211.39643269810898,0.9319467234035083,0.14763557083133919,4.0,31.0,0.0,212.57073287924362,0.024565664960674402,0.9754343350393256,0.8151324037060601,-0.7049188324597213,-1433.4972773626848
451,-209.01793369524424,0.9373713334086582,0.15468756696921107,3.0,15.0,0.0,210.626197232271,0.34966296449513345,0.6503370355048665,-0.3629542133054642,-0.859185374712221,-1432.8628408740285
452,-209.93031381251475,0.9808840875893752,0.16569267380414235,5.0,31.0,0.0,213.38776101549524,0.34046377899328734,0.6595362210067126,-0.2973393629510882,-1.093481215129028,-1438.720570397004
453,-210.9173986099512,0.9956884086056584,0.1771068585037777,4.0,15.0,0.0,211.9696614482971,0.09013465913870615,0.9098653408612939,-1.8233061723373343,-0.5666170309848787,-1436.5423271185132
454,-212.74822634422043,0.9300882615497792,0.14763557083133919,4.0,19.0,0.0,215.0544720089143,0.05291300062400299,0.947086999375997,1.6604937705766023,-0.8258601072645183,-1445.9648048041631
455,-209.25553473398477,0.9371025294630052,0.15468756696921107,3.0,15.0,0.0,210.2492656866354,0.6373010464860338,0.3626989535139662,-0.5417499075010366,-1.1782815927319512,-1433.9160505502816
456,-209.1139103774003,0.9525579490479525,0.16569267380414235,4.0,31.0,0.0,210.72581292746912,0.735339520800401,0.264660479199599,-0.6527542722946427,-0.8480208727840778,-1432.2127160433681
457,-210.51566290676269,0.9790915726594007,0.1771068585037777,3.0,11.0,0.0,211.60498289658463,0.11539424016477942,0.8846057598352206,-1.7401588156322016,-0.649444714861001,-1435.4481772116008
458,-217.34007530873768,0.7482549899852977,0.14763557083133919,4.0,17.0,0.0,218.20173249465572,0.0001259497274252765,0.9998740502725747,2.0243971521217428,-0.8077572636806618,-1435.2000658718398
459,-210.41112229311665,0.971300074476468,0.15468756696921107,4.0,15.0,0.0,210.7811011436265,0.6769056866176256,0.3230943133823744,-1.0467957414004154,0.034001089841455584,-1442.0213437007092
460,-211.75363501886957,0.812834916767338,0.16569267380414235,4.0,23.0,0.0,213.19695733162197,0.07811640528152723,0.9218835947184728,-1.1087191069548152,-0.5300469175878437,-1443.2647172259433
461,-210.68923407039935,0.9034625659995278,0.1771068585037777,2.0,3.0,0.0,210.8835199507202,0.09982594361520766,0.9001740563847923,-1.7211754153823187,-0.5641910686699732,-1435.9126390539093
462,-216.06077499494216,0.9341753434640356,0.14763557083133919,3.0,11.0,0.0,218.99631379944688,0.0003438331729473824,0.9996561668270526,2.3711259472498396,-0.7207899263251633,-1432.097553944686
463,-210.84578036621852,0.9771021378784631,0.15468756696921107,2.0,3.0,0.0,210.90246047004482,0.6611719369922601,0.33882806300773993,-1.044962265598871,0.07740736859667541,-1445.1889880055667
464,-210.02322565343974,0.9636402549978876,0.16569267380414235,3.0,11.0,0.0,212.71475999951411,0.4789401436228682,0.5210598563771318,-0.935026617222393,-0.7800933889447743,-1439.920227682482
465,-212.75221634630057,0.9719011677602103,0.1771068585037777,4.0,31.0,0.0,214.4200860084925,0.017418522920933602,0.9825814770790664,-2.860738634593425,-0.7163616195922284,-1434.0313331960622
466,-210.7888099555919,0.8662546490991827,0.14763557083133919,5.0,31.0,0.0,218.1609895815169,0.9609066244392858,0.03909337556071424,-0.8178528151584202,0.3682993119845095,-1432.7137853992913
467,-208.95037063563336,0.9907381561655507,0.15468756696921107,3.0,15.0,0.0,211.64411680005193,0.6274317599975648,0.37256824000243516,-0.8383056310430032,-0.4394570970031777,-1432.5643474102803
468,-211.3154257779419,0.8568583550141615,0.16569267380414235,2.0,3.0,0.0,212.39840126468042,0.4046941564604855,0.5953058435395144,-1.0373085497966672,-0.8236139331847858,-1448.3685880094408
469,-211.60048502563103,0.7048772049836639,0.1771068585037777,4.0,17.0,0.0,214.78164327809418,0.022950005502501956,0.9770499944974981,-1.8547731159504057,-0.7109478444394384,-1432.0441682032142
470,-210.42512712007024,0.99677623211519,0.14763557083133919,4.0,15.0,0.0,210.971048500198,0.8639149394216861,0.13608506057831393,-0.8321883311762444,0.4175855239120362,-1438.0289087277238
471,-208.96517780227538,0.9824349209014974,0.15468756696921107,3.0,15.0,0.0,210.67777424964152,0.567135182280515,0.43286481771948504,-0.6879955714867892,-0.6790398456954307,-1432.9716006056497
472,-210.85662811762342,0.9862051272243523,0.16569267380414235,3.0,7.0,0.0,212.45963208541366,0.10961001123717755,0.8903899887628225,-0.3914192130393501,-0.6262327704757813,-1440.001260360165
473,-210.67483494066985,0.9750788801162449,0.1771068585037777,4.0,31.0,0.0,213.06747076445598,0.05179313122425966,0.9482068687757403,-1.4484163297294037,-0.7135075103354636,-1432.221369840255
474,-210.7957931120857,0.9494698650654295,0.14763557083133919,3.0,15.0,0.0,211.60638200174668,0.8228100596489324,0.1771899403510676,-1.0034955875858618,0.267533348811315,-1441.893116650943
475,-209.09107775904732,0.9834601892721085,0.15468756696921107,3.0,11.0,0.0,209.53816716839776,0.7385281228824977,0.2614718771175023,-0.7196215131127611,-0.6951421686743632,-1432.1256223783118
476,-210.07734486608123,0.9971413306523463,0.16569267380414235,3.0,11.0,0.0,211.3089867465395,0.16350392944145847,0.8364960705585416,-0.08142844900956085,-0.9579928504824027,-1436.6220678045186
477,-209.43071985934486,0.9995561651629148,0.1771068585037777,4.0,15.0,0.0,210.79676508762645,0.3078925581155615,0.6921074418844385,-1.2764467587207933,-0.5092307759903865,-1434.385867237347
478,-211.05470144883975,0.8820713191260008,0.14763557083133919,3.0,7.0,0.0,211.72421084513797,0.8756707778929268,0.1243292221070732,-0.7085912191192867,0.2913226998741461,-1442.088846712854
479,-210.49713798740078,0.9686470444980648,0.15468756696921107,5.0,31.0,0.0,211.40081811054063,0.45297783809047115,0.5470221619095288,-0.12670216102925239,-1.161591642120901,-1443.2462309442071
480,-209.08441416413524,1.0,0.16569267380414235,3.0,11.0,0.0,210.07350627642464,0.2725011677629286,0.7274988322370715,-0.5319954828114886,-0.8411414934776561,-1432.2701549082046
481,-208.97896480993742,0.9908363875344712,0.1771068585037777,4.0,15.0,0.0,209.76722334412787,0.41777349060365593,0.5822265093963441,-0.9518262926410356,-0.4971778153009546,-1432.8142560292863
482,-210.48654391112788,0.9813047918546504,0.14763557083133919,4.0,15.0,0.0,211.3575211667801,0.8066252315938097,0.19337476840619028,-0.8208973101995246,0.22548069722426822,-1440.529010211343
483,-209.76178957408044,0.9562684944075425,0.15468756696921107,3.0,7.0,0.0,212.53611454803027,0.7991646441389292,0.20083535586107082,-0.7821519848426183,-0.9046207864255001,-1435.110812219691
484,-210.12943073639318,0.995661063999421,0.16569267380414235,4.0,15.0,0.0,210.40454754887713,0.0716143495090676,0.9283856504909324,-0.13915441298650733,-0.8065821303078317,-1432.218891788523
485,-209.1089407266832,0.8861787314532006,0.1771068585037777,4.0,23.0,0.0,211.02731025169498,0.6815140400154747,0.31848595998452534,-0.6345389551743468,-1.0469092041656904,-1432.6269506153847
486,-209.8012779145416,0.8403399126267159,0.14763557083133919,2.0,7.0,0.0,211.51775653995574,0.8298579390930638,0.17014206090693618,-0.8266895785853503,0.1075857918627993,-1435.1330064321571
487,-209.0845196369754,0.9988001148006854,0.15468756696921107,4.0,23.0,0.0,210.55101668401392,0.4207952951677975,0.5792047048322024,-1.0901551338229418,-0.5370048101975281,-1433.2777777880103
488,-210.47490809227008,0.9715519866567034,0.16569267380414235,3.0,15.0,0.0,211.07132980901736,0.050426886824451886,0.9495731131755482,0.14675988405363571,-0.811220157332272,-1432.3298438907086
489,-209.1371140081908,0.9597091380149559,0.1771068585037777,3.0,11.0,0.0,209.89541260943128,0.5825980473658928,0.4174019526341072,-0.708278812718919,-0.9007317556591081,-1433.7669751276762
490,-212.30455774980163,0.7510435357452484,0.14763557083133919,3.0,11.0,0.0,212.40279007506106,0.9342318077903553,0.0657681922096447,-0.9756873107042173,0.1619037846463265,-1446.4330852404098
491,-209.40004334125342,0.9906972408624394,0.15468756696921107,4.0,15.0,0.0,209.90632896290234,0.7691673393463493,0.2308326606536507,-0.5845928127130982,-1.2652692111255919,-1432.866714735425
492,-210.61285105403346,0.9547403285850526,0.16569267380414235,1.0,3.0,0.0,211.21088814948303,0.044880962164855945,0.9551190378351441,0.15724562308214762,-0.7234259783402077,-1432.631704298369
493,-209.44906158267963,0.9818949348772936,0.1771068585037777,3.0,7.0,0.0,209.77438852256023,0.6826266758572879,0.31737332414271213,-0.5309347478908087,-0.8853936887861052,-1435.3372643228827
494,-211.64486383164294,1.0,0.14763557083133919,4.0,15.0,0.0,212.94230289430465,0.054582936214749744,0.9454170637852503,-0.7175666133223713,-0.8655960399263902,-1440.4236501744779
495,-209.1664933734779,0.8303223635569872,0.15468756696921107,3.0,11.0,0.0,211.25277143327068,0.49592347434997136,0.5040765256500286,-0.6036895757693522,-0.9852364610328754,-1434.141461776494
496,-209.49687896655064,0.9924864729223345,0.16569267380414235,4.0,15.0,0.0,211.1590917967199,0.6908578513044935,0.3091421486955065,-0.8014437829960502,-0.8266477428925157,-1435.3444841633275
497,-211.06205421184265,0.8459693693333111,0.1771068585037777,2.0,3.0,0.0,211.73686021447332,0.7124434887341379,0.2875565112658621,-0.779646398378524,-1.1771348666002468,-1445.2922072046338
498,-211.3447448427886,0.9911542520543885,0.14763557083133919,3.0,9.0,0.0,213.2311224003078,0.06914174614174338,0.9308582538582566,-0.033037979507855614,-0.6348485139434888,-1440.6191639121962
499,-208.86303123678476,1.0,0.15468756696921107,3.0,7.0,0.0,209.13929141626213,0.5401084598463954,0.45989154015360456,-0.5647654071930723,-0.8588221726382113,-1432.2416450080693
500,-209.25354110632964,0.9952430944437459,0.16569267380414235,3.0,15.0,0.0,210.39460422667847,0.6149083137734213,0.38509168622657874,-0.7345512252707821,-0.51726071038907,-1434.8243183657175
501,-209.0724296186097,0.9819841666260652,0.1771068585037777,3.0,15.0,0.0,211.89186233250206,0.24753121197595065,0.7524687880240494,-0.44009888292670224,-0.8313484770681225,-1431.8478853707325
502,-212.0955559083677,1.0,0.14763557083133919,4.0,15.0,0.0,212.30485801790581,0.022962249962273088,0.9770377500377269,0.13306552109040537,-0.8660817808191167,-1438.2115502298916
503,-209.76884455732633,0.9060184586533657,0.15468756696921107,3.0,7.0,0.0,212.27994781293987,0.37433469371319666,0.6256653062868034,-0.5540436119443434,-1.0093432433723617,-1437.8601936015689
504,-209.28505301417843,0.9979445767789209,0.16569267380414235,3.0,11.0,0.0,209.60500023067235,0.5436300937353337,0.45636990626466634,-0.8242383662635808,-0.7805315490430124,-1434.9482830223442
505,-210.34153935317173,0.8813526037141152,0.1771068585037777,4.0,15.0,0.0,210.75750130560058,0.16564447364228724,0.8343555263577127,-0.6966670268671773,-0.5962031939593796,-1438.591373658572
506,-210.30381244181982,0.9928955861428758,0.14763557083133919,4.0,15.0,0.0,212.82797523182305,0.603665513781931,0.396334486218069,-0.7769434783784047,-1.003526874908318,-1441.4567829138753
507,-209.56845721521043,1.0,0.15468756696921107,3.0,11.0,0.0,211.3068317083804,0.82725850046502,0.17274149953497997,-0.6161623514353813,-0.9810329448645824,-1433.0490616516252
508,-209.2803322769659,0.9873362477914486,0.16569267380414235,4.0,15.0,0.0,210.84614240358812,0.19323178169053065,0.8067682183094693,-0.5497697239961283,-0.750599560894739,-1432.071219235644
509,-210.15435954162578,1.0,0.1771068585037777,3.0,7.0,0.0,210.51457365147792,0.20830830332687253,0.7916916966731274,-0.841572162523978,-0.8361855740681469,-1438.0296158008548
510,-211.18330948112924,0.9328705814335345,0.14763557083133919,3.0,7.0,0.0,211.8676386982594,0.3658714130497042,0.6341285869502957,-0.34889382896288507,-1.2002148407621673,-1447.3616015858217
511,-210.0341495591933,0.9943940665956711,0.15468756696921107,4.0,27.0,0.0,212.38946854543505,0.3253511390293344,0.6746488609706656,-1.0680990500656078,-0.39375256115678964,-1439.2705443690822
512,-209.32047678733554,0.999376017120449,0.16569267380414235,2.0,3.0,0.0,209.3249068120619,0.186424000957354,0.813575999042646,-0.5553561327890497,-0.7420581762429065,-1432.1644922135392
513,-210.0308836784879,0.995531064647906,0.1771068585037777,3.0,11.0,0.0,210.84750222515942,0.1092840229930429,0.890715977006957,-0.7842410370618542,-0.6524187909856618,-1433.8514905286113
514,-210.3905025815586,1.0,0.14763557083133919,3.0,15.0,0.0,213.1186999977211,0.05040784326074745,0.9495921567392526,-0.006365856176937659,-0.7503698209040648,-1431.8449331300606
515,-210.12879692762803,0.9896681652864533,0.15468756696921107,3.0,11.0,0.0,211.0375815787415,0.08475046369110042,0.9152495363088996,-1.2737915505331743,-0.6587068229809276,-1432.0822484889893
516,-211.48733777956264,0.851374934194621,0.16569267380414235,2.0,3.0,0.0,211.67354955569837,0.1062877153339468,0.8937122846660532,-0.6251833465471095,-0.9114716281846269,-1443.5872330406914
517,-209.9444920057238,0.9768700339043128,0.1771068585037777,3.0,15.0,0.0,211.9402579173762,0.117213961639838,0.882786038360162,-1.2395996955490054,-0.7081763359786323,-1432.8155811708484
518,-212.0019325883122,0.969460956087768,0.14763557083133919,3.0,7.0,0.0,212.18364671639358,0.011663611735163006,0.9883363882648369,-0.26927166001597264,-0.6841202535885113,-1433.1613343573192
519,-210.24386736450947,0.686946523654428,0.15468756696921107,3.0,7.0,0.0,213.4406945833473,0.11069257495609483,0.8893074250439051,-0.9177834954901779,-0.6120895782181826,-1435.2480357639056
520,-210.96965875014425,1.0,0.16569267380414235,1.0,1.0,0.0,211.48398952770282,0.11138899960078968,0.8886110003992103,-0.628058397328474,-0.8864886949951672,-1440.3311928772735
521,-209.31387687360666,0.8623699586748618,0.1771068585037777,4.0,15.0,0.0,210.93950494016252,0.20761251217321317,0.7923874878267868,-0.9308635007321888,-0.6377117839775049,-1432.3226589555252
522,-210.77830746594194,0.9913567058421838,0.14763557083133919,4.0,27.0,0.0,212.35468323947165,0.21977208718014848,0.7802279128198515,0.29229786831418325,-0.9108139863911298,-1443.034198274072
523,-211.0839027089393,0.9795143060017212,0.15468756696921107,3.0,7.0,0.0,211.21736682624913,0.0676560204036679,0.9323439795963321,-1.1079747948742171,-0.812183339346865,-1437.3976604505062
524,-210.26307171448784,0.9780361516824929,0.16569267380414235,4.0,15.0,0.0,212.896335470295,0.9284002524306553,0.07159974756934473,-0.7334618524331742,0.1224528595244713,-1433.241757652337
525,-209.5552135674807,0.9959722826383034,0.1771068585037777,4.0,15.0,0.0,211.01342627845233,0.8605341108663143,0.13946588913368574,-0.7472944829406456,-0.3937493607470843,-1432.2946687353776
526,-209.53670182893103,0.9616459444391671,0.14763557083133919,3.0,7.0,0.0,211.61384684260352,0.14166368628204848,0.8583363137179515,-0.13819354737744935,-0.8503669948841996,-1432.2323266629633
527,-210.73932183710488,0.8450111742574156,0.15468756696921107,3.0,15.0,0.0,214.19564684659298,0.18394831560660313,0.8160516843933969,-1.146300495084379,-0.4657236376000169,-1441.3140592853574
528,-208.82069450051287,0.9972479811445546,0.16569267380414235,4.0,19.0,0.0,211.03696484904,0.5120169635348746,0.4879830364651254,-0.7828373102612181,-0.6534176761798214,-1432.0042554084062
529,-209.63073260537126,0.9144304733874989,0.1771068585037777,3.0,11.0,0.0,211.44211772124856,0.8196580059215376,0.1803419940784624,-0.8406240198048583,0.04252536527977337,-1434.260040766356
530,-210.0288165190547,0.9950882486644613,0.14763557083133919,3.0,7.0,0.0,210.29829052570864,0.13622348614274704,0.863776513857253,0.25142399684697614,-0.8973465746033799,-1435.2958872020736
531,-212.05554406165842,0.9641036939294799,0.15468756696921107,3.0,11.0,0.0,213.0384281008094,0.28251882261013034,0.7174811773898697,-1.585338818916262,-0.6498175768547516,-1451.2681295212583
532,-212.20078799734412,0.8172146239004318,0.16569267380414235,4.0,15.0,0.0,212.90546632190194,0.13950669230679094,0.8604933076932091,-0.03286145605074156,-1.0594031534615138,-1450.2173829155513
533,-215.36867755000748,0.8071110735866839,0.1771068585037777,4.0,31.0,0.0,217.466479713923,0.9984490660013602,0.001550933998639814,-0.6937133979869412,-3.4548564343205896,-1432.295899635369
534,-211.2056355954115,0.9416936904800868,0.14763557083133919,3.0,9.0,0.0,212.3073356146872,0.06933328292606578,0.9306667170739342,0.35277494890269456,-0.6711736465821486,-1439.5284385540376
535,-209.73403049011824,0.9298940764746298,0.15468756696921107,2.0,3.0,0.0,212.91935902065345,0.2556893212509136,0.7443106787490864,-1.3915678152590325,-0.5556956096744532,-1435.3920639911478
536,-213.41608893970673,0.9997368838465571,0.16569267380414235,4.0,23.0,0.0,214.96881008934923,0.00406191271739097,0.995938087282609,1.653681547554632,-0.7876400820020448,-1433.266224777747
537,-214.99457223433453,0.9501035016952797,0.1771068585037777,3.0,7.0,0.0,215.7742682209284,0.9980094449509666,0.001990555049033449,-0.7441798423467539,-3.331898052484063,-1432.0903997664882
538,-212.28210205483347,0.9575391214892504,0.14763557083133919,5.0,35.0,0.0,213.77623987271173,0.9148833303386882,0.08511666966131182,-0.7868042804089711,1.171195297439722,-1447.040485773964
539,-209.91585595079295,0.8710720351802839,0.15468756696921107,4.0,15.0,0.0,210.8631490270324,0.1910820577930201,0.8089179422069799,-1.0332893847811402,-0.542764213552577,-1435.973535242541
540,-210.97727284876194,0.9586589712217893,0.16569267380414235,5.0,47.0,0.0,216.1056660741141,0.9675633894194079,0.03243661058059211,-0.8052245136881981,0.675308949137473,-1432.514936486047
541,-213.9404258302284,0.9955882267095097,0.1771068585037777,3.0,7.0,0.0,215.30978669143767,0.9870946370854726,0.012905362914527374,-0.7509705412876513,-3.551282725611934,-1436.3321692368806
542,-212.32320661439292,0.9963152390945252,0.14763557083133919,3.0,7.0,0.0,212.43175785982186,0.9878458379767697,0.012154162023230275,-0.8257165856961488,1.0429690345852154,-1434.6005117958407
543,-209.90650901495388,0.9979439539202691,0.15468756696921107,3.0,15.0,0.0,210.6227308979313,0.15948310540175792,0.8405168945982421,-1.4690674414183944,-0.6332391194270617,-1433.8915295129632
544,-211.1249579200863,0.9340032543797154,0.16569267380414235,3.0,11.0,0.0,211.75511575133126,0.9600421202734694,0.03995787972653064,-0.8597866430919701,0.4496854344732919,-1435.0624597755793
545,-211.35461061022625,0.9994358375679042,0.1771068585037777,4.0,23.0,0.0,215.449328899886,0.959172639878803,0.04082736012119703,-0.7229366003798293,-2.003001457905484,-1433.6886654574896
546,-211.69504390091845,0.9364711926126235,0.14763557083133919,2.0,7.0,0.0,213.42011165296898,0.9791949569969731,0.02080504300302688,-0.6974807191550318,1.060347619929517,-1434.0507382266771
547,-210.7965507227859,0.8822035267825493,0.15468756696921107,2.0,3.0,0.0,211.08220482353744,0.1731167140217054,0.8268832859782946,-1.536765478645461,-0.7083533437462656,-1440.230662707188
548,-210.90449751601994,0.9881292783215322,0.16569267380414235,3.0,7.0,0.0,211.6963188978848,0.8452834899206405,0.1547165100793595,-0.8561428464390007,0.491179330481136,-1441.9833717452793
549,-212.85669559900987,0.9824884303428071,0.1771068585037777,4.0,23.0,0.0,213.757046424925,0.9207941719597188,0.0792058280402812,-0.5917010337833661,-2.529874347032105,-1446.4471692799038
550,-210.91042820104346,0.9176242427254606,0.14763557083133919,4.0,19.0,0.0,212.28455991177586,0.9200030607738383,0.07999693922616169,-0.8702061549535227,0.7482137078589602,-1437.7570269077505
551,-210.24062612305624,0.9872138275881931,0.15468756696921107,2.0,7.0,0.0,211.49079392239196,0.11591741417887065,0.8840825858211293,-1.3039172679206366,-0.5697555952994439,-1434.805989821456
552,-212.33325462827145,0.7451353626473876,0.16569267380414235,4.0,15.0,0.0,213.64333837250965,0.9888358455430494,0.011164154456950626,-0.6708309211664933,0.9613801841094256,-1434.4312854321925
553,-213.3545234734344,0.9823296886484599,0.1771068585037777,4.0,15.0,0.0,213.58644736404986,0.9942866742625179,0.005713325737482067,-0.7512444874836472,-2.440779456611938,-1432.4516670715846
554,-211.06755306988427,0.6874001467714185,0.14763557083133919,2.0,3.0,0.0,213.51811296810052,0.967234721904859,0.03276527809514096,-0.8165216525185941,0.7682474409059165,-1433.0742002067418
555,-211.39439136576073,0.9774794195265671,0.15468756696921107,2.0,3.0,0.0,212.2804730574247,0.3340646047533393,0.6659353952466607,-1.472612416856329,-0.6010417171028067,-1447.6940425991756
556,-209.35381805940165,0.9259213746664159,0.16569267380414235,4.0,23.0,0.0,214.27991167918802,0.6689594457608126,0.33104055423918743,-1.0057597187546485,-0.1953341925132391,-1434.844790644006
557,-214.31741004952332,0.8594436421708231,0.1771068585037777,4.0,23.0,0.0,216.98566771528363,0.980548938960623,0.019451061039376993,-0.7704325194647347,-3.641533956903605,-1441.1381934420729
558,-209.61322875237568,0.9914197712604221,0.14763557083133919,5.0,39.0,0.0,212.08504654351572,0.40119613559947015,0.5988038644005298,-1.0236226484251518,-0.6970351056619098,-1436.7812882734538
559,-209.13874706282706,0.8675560317908101,0.15468756696921107,3.0,11.0,0.0,213.11079906939713,0.34856799319909115,0.6514320068009088,-0.5567781011373907,-0.9076517913428835,-1433.4594770757813
560,-210.33919547932166,0.896848870139054,0.16569267380414235,3.0,11.0,0.0,210.81189442386247,0.9025642094547424,0.09743579054525764,-0.8988793512466249,-0.007254067476764861,-1435.4806871484955
561,-213.87589177724044,0.9987709708085585,0.1771068585037777,2.0,7.0,0.0,214.75310571825725,0.9888672948321201,0.011132705167879897,-0.6684954010522154,-3.4736826524521742,-1435.4499139305633
562,-209.01749440894577,0.9971354159813347,0.14763557083133919,3.0,15.0,0.0,209.97524609081762,0.3658397665990618,0.6341602334009382,-0.8292474499514288,-0.7283567408992164,-1432.6975374905874
563,-209.87178278085082,0.9408414954750381,0.15468756696921107,2.0,3.0,0.0,210.0081129480831,0.33158138088359085,0.6684186191164092,-0.5644136287460803,-0.9806100060939497,-1438.2294662898562
564,-212.2971401555552,0.7319734451404942,0.16569267380414235,2.0,7.0,0.0,214.94743616496373,0.8484287125989949,0.15157128740100512,-1.0830507615243734,0.04290519696406886,-1451.3139735811524
565,-211.53544167792788,0.9718959376505623,0.1771068585037777,4.0,23.0,0.0,214.03704056845015,0.9494251099672883,0.05057489003271165,-0.6798445718000913,-2.2585367106379604,-1435.458113462247
566,-209.23789114324336,0.9844980921712757,0.14763557083133919,3.0,11.0,0.0,212.40885670831264,0.35106657611463454,0.6489334238853655,-0.666577777144108,-0.8633050858725437,-1434.1189622172897
567,-209.04265890754755,0.9937477111714129,0.15468756696921107,2.0,7.0,0.0,210.77878949019885,0.45607626317475725,0.5439237368252428,-0.7402816870911956,-0.612454380226131,-1433.5887496805012
568,-209.797490648516,0.9296336963761951,0.16569267380414235,2.0,7.0,0.0,212.9957234886436,0.8495326796417101,0.1504673203582899,-0.8031467173748412,0.09458328742428304,-1434.4552296356253
569,-211.77732835885152,0.9937654043048377,0.1771068585037777,3.0,7.0,0.0,211.81670194085433,0.9624407459532831,0.037559254046716894,-0.7160845362216729,-2.323296979126855,-1434.8678696987272
570,-209.68566543030477,0.9658174924216872,0.14763557083133919,3.0,15.0,0.0,211.38481319219608,0.2778210213720807,0.7221789786279194,-0.3805796881533462,-0.9902380138179233,-1436.3898491125763
571,-209.1145415210643,0.989943654448237,0.15468756696921107,4.0,15.0,0.0,210.072013258224,0.7702153140935482,0.22978468590645185,-0.8279681786171489,-0.3917432362871619,-1431.8254882464262
572,-209.70998344288628,0.9902928801093094,0.16569267380414235,3.0,11.0,0.0,210.4061373284244,0.8084146070515332,0.19158539294846677,-0.890223734185343,0.0918887130846507,-1435.0499890671233
573,-210.17996949447854,0.9736570367007328,0.1771068585037777,4.0,23.0,0.0,213.502828691541,0.8877855502719173,0.1122144497280827,-0.6106295561843976,-1.5822022899019612,-1433.456425323041
574,-211.20540493094933,0.8713815052420802,0.14763557083133919,3.0,11.0,0.0,213.50819834481135,0.14751112981068162,0.8524888701893184,-0.43691986421050394,-0.9618547131618085,-1443.6687013002868
575,-209.6640878443732,0.8840755350458536,0.15468756696921107,3.0,15.0,0.0,211.20306444735897,0.27135893828538943,0.7286410617146106,-1.0584851254637992,-0.48451687763208034,-1435.9413914361805
576,-210.11064602588533,0.8707878508511523,0.16569267380414235,2.0,7.0,0.0,211.18993664282135,0.8726650946433868,0.12733490535661318,-0.7249791896903863,-0.034567352091677835,-1435.7607655740521
577,-209.83245851985583,0.9312332838895999,0.1771068585037777,3.0,15.0,0.0,210.91948007085048,0.7887177712887798,0.21128222871122015,-0.6840448251300967,-1.273049427026316,-1435.2897985228294
578,-209.63574570936612,0.9564585809041536,0.14763557083133919,3.0,11.0,0.0,212.52653047486416,0.27041808546271745,0.7295819145372826,-1.0515128038086718,-0.49037555110094455,-1435.7383038610392
579,-209.37675072737858,1.0,0.15468756696921107,2.0,7.0,0.0,210.74030303308476,0.21398758029432688,0.7860124197056731,-1.0508702855212417,-0.587508158279242,-1432.7578586108543
580,-212.24275596910388,0.9708552368527764,0.16569267380414235,4.0,23.0,0.0,216.9431398247616,0.986493155501507,0.013506844498493042,-0.7781150105330705,1.6551943731015784,-1433.403823298154
581,-208.82870684098762,0.9868218286237163,0.1771068585037777,4.0,15.0,0.0,210.85839967137747,0.44074456532263007,0.5592554346773699,-0.8966238785344275,-0.5912452923907205,-1431.8676973156894
582,-209.5507189500647,0.9741244031008026,0.14763557083133919,3.0,11.0,0.0,211.4011629404374,0.5695354802883689,0.43046451971163113,-0.35973577939895557,-1.0094405742210177,-1436.8224018409906
583,-210.41034932082286,0.8830993432943642,0.15468756696921107,4.0,19.0,0.0,210.86323928379147,0.5000584540624132,0.4999415459375868,-0.5721411395324822,-0.582727094624302,-1443.311157120254
584,-212.73967562987647,0.8988981625386521,0.16569267380414235,3.0,7.0,0.0,213.21132909560808,0.9922800578750225,0.007719942124977508,-0.745054249375375,1.8222779068416284,-1432.5544806968205
585,-209.69663894588547,0.9125423844730086,0.1771068585037777,2.0,5.0,0.0,210.01162227317695,0.28431239109426454,0.7156876089057355,-0.9077674909401015,-0.5187215027462807,-1436.5907134481847
586,-209.05847621765577,0.994434871163442,0.14763557083133919,3.0,7.0,0.0,210.26173042369663,0.6683434624969189,0.3316565375030811,-0.5825720740553254,-1.0893927656310443,-1432.3997119179724
587,-210.10333344645164,1.0,0.15468756696921107,3.0,7.0,0.0,210.50837216505565,0.4010910025809863,0.5989089974190137,-0.8928982107395027,-0.8309231903487283,-1440.2058995142008
588,-210.8670721215445,0.9982368102709128,0.16569267380414235,4.0,27.0,0.0,213.5466371902862,0.9489287274834755,0.051071272516524546,-0.7995231874428393,0.8839859538605667,-1434.481964465246
589,-209.2206939357893,0.8863635790585316,0.1771068585037777,3.0,11.0,0.0,211.7394121013958,0.422782998403257,0.577217001596743,-1.0365872871482535,-0.6213487202526764,-1434.2412528115647
590,-210.2067684358277,0.8824018979672567,0.14763557083133919,2.0,7.0,0.0,211.76794219323725,0.5237675345336215,0.47623246546637854,-0.5567869481304643,-1.1913431522150946,-1440.9718993748518
591,-210.36270558807564,0.9520089604479169,0.15468756696921107,4.0,19.0,0.0,211.3906957916322,0.8519474774717918,0.14805252252820822,-0.6913537687020801,-0.14630643813426064,-1438.4009495458429
592,-210.00986743895126,0.9960245075524643,0.16569267380414235,5.0,47.0,0.0,211.75736811232355,0.08061547662000935,0.9193845233799907,0.17593591055006483,-0.7889915021995915,-1432.1577500239632
593,-210.30205010468347,0.9963679550549188,0.1771068585037777,4.0,15.0,0.0,210.9438915707704,0.06665975963999275,0.9333402403600073,-1.0658980173487287,-0.6815394625356311,-1432.1491992159802
594,-209.10714298913803,0.9859110749176097,0.14763557083133919,2.0,3.0,0.0,210.34745886375654,0.5702103030187461,0.4297896969812539,-0.4799999279506648,-1.1180111841089533,-1433.4689851144624
595,-210.87076602981935,0.9999314977453799,0.15468756696921107,3.0,7.0,0.0,212.24398841723203,0.820162383280414,0.17983761671958598,-1.02085754540667,0.22548867142187307,-1442.4787541269511
596,-210.2809332002154,0.9940314436755721,0.16569267380414235,3.0,7.0,0.0,210.39120173099278,0.055992325641274356,0.9440076743587257,0.03588169208079253,-0.764289150389564,-1431.7538124849373
597,-208.99330879290676,0.9981573975222524,0.1771068585037777,4.0,31.0,0.0,210.8246483676984,0.28586341828982986,0.7141365817101701,-0.479775185922355,-0.8074352045384174,-1431.9370491650652
598,-209.17073495163393,0.9992887776928142,0.14763557083133919,2.0,3.0,0.0,209.18941504921222,0.5826981000991448,0.4173018999008552,-0.43892658191072415,-1.1371274277178873,-1433.8495959355064
599,-212.15726980561902,0.9920512620086801,0.15468756696921107,4.0,23.0,0.0,212.38678216604157,0.9912769752632606,0.00872302473673936,-0.741838442139746,0.7842771070521452,-1431.7085599594034
600,-210.30639744163256,0.9922066306182432,0.16569267380414235,3.0,15.0,0.0,211.0636050223779,0.07455398269184253,0.9254460173081575,0.48710850713732334,-0.7963223705831437,-1433.5233531219574
601,-209.06821977465532,0.936230909626218,0.1771068585037777,3.0,11.0,0.0,210.10891033108285,0.6546714174793562,0.3453285825206438,-0.6835649584050866,-0.9328588090848667,-1432.766211871281
602,-209.48203754072836,0.9522236681511055,0.14763557083133919,2.0,3.0,0.0,209.5558369021299,0.5652595235695412,0.43474047643045877,-0.47820239789120456,-1.1970513700129306,-1435.9210305106387
603,-210.9553714379116,0.7828767435564868,0.15468756696921107,4.0,15.0,0.0,215.9692220653769,0.4912779922005776,0.5087220077994223,-0.8550190965787371,-0.9369764758256285,-1446.2604889507322
604,-212.07842840635126,0.8999766086016067,0.16569267380414235,2.0,3.0,0.0,212.4231678834363,0.1669101854312466,0.8330898145687534,0.5285754470850171,-0.7701534830538911,-1450.6040799241541
605,-209.31194942174113,0.9979991369406845,0.1771068585037777,4.0,15.0,0.0,209.36746069978926,0.38118130666239525,0.6188186933376048,-1.1539479952653227,-0.5670976097278605,-1434.4705183962683
606,-210.20899216857867,0.8684288186927114,0.14763557083133919,5.0,31.0,0.0,213.09212243565435,0.6994498537501465,0.30055014624985354,-0.8466709969522084,-0.04391539615340808,-1440.6782826700296
607,-209.24688044958117,1.0,0.15468756696921107,2.0,3.0,0.0,211.15812710366663,0.6848919275032617,0.31510807249673833,-0.6238850836975316,-0.7507459439007043,-1434.0115895288493
608,-210.60562050749223,1.0,0.16569267380414235,2.0,3.0,0.0,211.97306691365296,0.12678574946014312,0.8732142505398569,0.5108294281945257,-0.8386324513480229,-1438.7766838132761
609,-209.10456074963685,0.8776844861488601,0.1771068585037777,4.0,15.0,0.0,210.37455330689934,0.2819806505831042,0.7180193494168958,-1.0250895755474345,-0.5789725201894201,-1432.2134513012031
610,-211.94745756821305,0.8911775446606636,0.14763557083133919,2.0,3.0,0.0,212.75328389476437,0.6099373281976451,0.3900626718023549,-1.1977109706725058,0.054074151508474166,-1452.921508062713
611,-209.07421702907928,0.979501381103856,0.15468756696921107,3.0,7.0,0.0,209.66839245111237,0.6101038671535761,0.3898961328464239,-0.8325160243105787,-0.6961574692705589,-1433.2970595460333
612,-211.43528281832917,0.8007564082633606,0.16569267380414235,3.0,15.0,0.0,214.85470148439225,0.017346690394680158,0.9826533096053198,0.2713490868032573,-0.7608298920079251,-1431.8524235002865
613,-209.99511307832248,0.978776146307265,0.1771068585037777,3.0,7.0,0.0,210.1637469330126,0.2503650616007719,0.7496349383992281,-1.433571867843741,-0.589532362091785,-1436.9635100507112
614,-209.12325502786953,0.9826156025803268,0.14763557083133919,5.0,31.0,0.0,213.27639423238756,0.7315636271092675,0.2684363728907325,-0.596824276981188,-1.077871429724552,-1432.0176778571752
615,-209.88420366138786,0.9903438343967463,0.15468756696921107,4.0,15.0,0.0,210.44590785013193,0.2251282045446865,0.7748717954553135,-1.1686987862492975,-0.4862896756196713,-1436.3832209505583
616,-210.86704957910172,0.9479971341022565,0.16569267380414235,2.0,7.0,0.0,212.20094909337644,0.04671045463025713,0.9532895453697429,0.17244129808715325,-0.6895086272514026,-1434.6874500861986
617,-209.8625797992859,0.7235685407182982,0.1771068585037777,3.0,15.0,0.0,212.55739795858253,0.19424725846559485,0.8057527415344051,-0.7733574366542393,-0.8241651504861234,-1435.7652730651912
618,-209.0270978298956,0.9918828742062147,0.14763557083133919,2.0,7.0,0.0,209.27231707040062,0.6635875331276517,0.33641246687234827,-0.536368985554649,-1.0571225033026066,-1432.3364310013892
619,-210.0060572338227,0.9679409623213803,0.15468756696921107,2.0,7.0,0.0,211.35670471646617,0.5208142000339491,0.47918579996605093,-1.1218497082999719,-0.5595130711699671,-1439.7252573422443
620,-212.29958243007528,0.8701192102932764,0.16569267380414235,3.0,11.0,0.0,213.8388406380515,0.05438058222585671,0.9456194177741433,0.9405274901846109,-0.9434170696436615,-1444.4813331513978
621,-209.02003545675328,0.9608661429741753,0.1771068585037777,2.0,7.0,0.0,210.75102323985595,0.3451863912278783,0.6548136087721217,-0.672479328607299,-0.8123323640212947,-1432.6266254700538
622,-208.8249706756149,0.9681496975798537,0.14763557083133919,3.0,15.0,0.0,209.75639081012395,0.4422218456542615,0.5577781543457385,-0.49245389398579575,-0.9042387007001503,-1431.9273345189326
623,-209.31388146929717,0.9993709985760472,0.15468756696921107,3.0,11.0,0.0,210.92960776157926,0.3988315980490293,0.6011684019509707,-1.1806553816125533,-0.5122126610496652,-1434.5939585714084
624,-211.57437341108403,0.9516589605207763,0.16569267380414235,2.0,7.0,0.0,214.0326831301919,0.022171385793090696,0.9778286142069093,0.8336669173488533,-0.8261817371875761,-1433.8483080925162
625,-209.25535962857347,0.9963695771940472,0.1771068585037777,3.0,15.0,0.0,210.69164990807548,0.38139016510316287,0.6186098348968372,-1.185101156686293,-0.4633226914101437,-1434.110474366933
626,-209.47611962007448,0.9793419258941809,0.14763557083133919,3.0,15.0,0.0,210.3471166688475,0.763290128801754,0.23670987119824605,-0.7247001170510473,-0.42324211385857585,-1434.5821829868664
627,-210.57209186734158,0.9662935210793364,0.15468756696921107,3.0,7.0,0.0,210.85924262678293,0.400112054765301,0.599887945234699,-1.2604010563226438,-0.2578720325781854,-1443.2938174854596
628,-211.88703438759836,0.9975274260426131,0.16569267380414235,3.0,15.0,0.0,212.13269635567408,0.016512126438982144,0.9834878735610179,0.6030950773811754,-0.672727345381675,-1434.4968480021193
629,-209.95584234259758,0.8974293110792672,0.1771068585037777,3.0,7.0,0.0,210.74358413010702,0.4747321402613149,0.5252678597386851,-1.183922054842278,-0.2570134212458569,-1439.4623944540376
630,-212.6695946941591,0.8799483830384003,0.14763557083133919,4.0,15.0,0.0,215.87170288645183,0.9943055277514633,0.005694472248536697,-0.7029331941406213,-0.8279019417232901,-1432.31050227507
631,-210.57209186734158,0.9074360231434649,0.15468756696921107,1.0,3.0,0.0,213.68223808102042,0.400112054765301,0.599887945234699,-1.2604010563226438,-0.2578720325781854,-1443.2938174854596
632,-211.6594813608902,1.0,0.16569267380414235,1.0,1.0,0.0,211.8560635889458,0.017016591272591836,0.9829834087274082,0.6018973518526413,-0.6954412724907743,-1433.1037163147953
633,-211.05127986216704,0.9046431522803163,0.1771068585037777,4.0,15.0,0.0,214.6966825072555,0.08221273296469228,0.9177872670353078,-1.7210627313266629,-0.7443061465995728,-1437.0033310766744
634,-212.87134525207648,0.639255381500269,0.14763557083133919,2.0,7.0,0.0,215.66401006304068,0.9843691707919952,0.01563082920800485,-0.8603842766456377,-0.7234775175625947,-1440.5372124906614
635,-212.29734308248186,0.6996822148186856,0.15468756696921107,2.0,7.0,0.0,214.51946256322745,0.64028171150243,0.35971828849757004,-1.2804468893432541,-0.2390801200515518,-1454.8905141912246
636,-211.30199239185075,0.9904627638500784,0.16569267380414235,4.0,15.0,0.0,212.4356797247026,0.03802811112196803,0.961971888878032,1.1859151387512605,-0.7906512746004782,-1435.0160606611503
637,-210.79702163321795,1.0,0.1771068585037777,3.0,7.0,0.0,211.05177828692965,0.09026642658204531,0.9097335734179547,-1.7423521220566842,-0.5669494912777239,-1435.968801906314
638,-212.30310903933267,1.0,0.14763557083133919,1.0,1.0,0.0,212.916226182673,0.9828811066874157,0.017118893312584316,-0.8318416681185511,-0.7303546994656047,-1437.262772532426
639,-209.75494570723163,1.0,0.15468756696921107,2.0,3.0,0.0,212.0998132307057,0.5279947469133793,0.47200525308662067,-1.0494031386755573,-0.2193495989203799,-1438.3455244727845
640,-212.56698546680536,0.9598846131424196,0.16569267380414235,3.0,7.0,0.0,212.81656148535401,0.072902352603742,0.927097647396258,1.3818768998356619,-0.7944237012479195,-1447.5551280301354
641,-209.9626013101553,0.9891306972169744,0.1771068585037777,3.0,11.0,0.0,211.17400715386162,0.13463163402224337,0.8653683659777567,-1.3943388044569893,-0.5782813836622267,-1433.5523935519675
642,-211.26212338907965,0.9994677270856113,0.14763557083133919,4.0,15.0,0.0,212.72018923159314,0.9544410384398822,0.04555896156011785,-0.8459124685689569,-0.44802898528713003,-1436.897433508176
643,-210.12544464085127,0.9923006140611477,0.15468756696921107,3.0,11.0,0.0,211.0024705403552,0.9302654997949718,0.06973450020502825,-0.7424791655502228,-0.17028553850144673,-1432.099005637588
644,-211.615337597933,1.0,0.16569267380414235,2.0,3.0,0.0,212.78714274275288,0.040316833931662514,0.9596831660683375,1.1894886709923782,-0.8517041484969938,-1437.4739210105047
645,-211.12530614589912,0.8593473794225659,0.1771068585037777,2.0,7.0,0.0,211.64203183868955,0.29031029482184856,0.7096897051781514,-1.4251303984005963,-0.6688883547750151,-1445.3495135939534
646,-211.79035541375976,0.908742043921803,0.14763557083133919,3.0,7.0,0.0,215.64034766559627,0.5961962448396931,0.40380375516030687,-1.298552048156285,-0.2281795430429115,-1451.6582497704644
647,-210.62574021278994,0.9855887150978909,0.15468756696921107,4.0,15.0,0.0,210.86138742456765,0.9551331242812567,0.04486687571874326,-0.7893796195627377,-0.26989763255770166,-1432.5909713198039
648,-212.35835863832307,0.9957649985559417,0.16569267380414235,3.0,7.0,0.0,212.59829260957804,0.012154050855869493,0.9878459491441305,1.284660821198617,-0.6764767306925332,-1434.551088545974
649,-210.0824407385917,0.9076221983103331,0.1771068585037777,1.0,3.0,0.0,211.71381460922274,0.21707047494638865,0.7829295250536114,-1.4306442422111854,-0.4757154033246719,-1436.993141242491
650,-209.3093174056926,1.0,0.14763557083133919,3.0,7.0,0.0,212.8775286468256,0.7283751147639731,0.2716248852360269,-0.9437860625832231,-0.3635903364740903,-1433.7818284896227
651,-209.41548057947543,0.9876492428534325,0.15468756696921107,4.0,15.0,0.0,211.23485575335886,0.8273344155303305,0.1726655844696695,-0.773350135351088,-0.6460899054743118,-1432.2719249802485
652,-214.39075552004297,0.9432768373264456,0.16569267380414235,4.0,31.0,0.0,214.6983356984415,0.003359366821852657,0.9966406331781473,2.4600003315334313,-0.6533866472658996,-1435.9950351001758
653,-209.83421839171868,0.846019682018046,0.1771068585037777,2.0,3.0,0.0,211.74677136170305,0.3197273168902396,0.6802726831097604,-1.3373548883271864,-0.4266135235392938,-1437.243833902509
654,-210.15118179704498,0.9341141739782656,0.14763557083133919,2.0,3.0,0.0,210.2350406113385,0.6600335497513268,0.3399664502486732,-0.7615930824306908,-0.2613857191155527,-1440.7903453944552
655,-209.93372732160861,0.9876005411639387,0.15468756696921107,4.0,19.0,0.0,210.51657418964822,0.8923916713197146,0.10760832868028536,-0.6967196847557929,-0.49483043048489467,-1433.3546302394668
656,-213.6360652751775,1.0,0.16569267380414235,3.0,7.0,0.0,214.49259768020133,0.0049424458409740284,0.995057554159026,2.3673728466927586,-0.7707808729438679,-1433.6797122268533
657,-210.44922003820233,0.955037329341777,0.1771068585037777,3.0,15.0,0.0,210.7821936840461,0.06367252146734081,0.9363274785326592,-1.3844165947658156,-0.7060658225718508,-1432.1678783770578
658,-210.1515401859037,0.9973461810177281,0.14763557083133919,2.0,3.0,0.0,210.34696208617842,0.7952536953926278,0.2047463046073722,-0.9683751461320412,-0.35028121290669834,-1438.2216346491998
659,-209.6955759014739,0.9873064182033168,0.15468756696921107,4.0,15.0,0.0,210.48687261619895,0.4648318810169736,0.5351681189830264,-0.9466982026601751,-0.3391355109342332,-1438.0420966859751
660,-212.91501457571664,0.934429300926821,0.16569267380414235,4.0,15.0,0.0,214.67491334567003,0.0071103863959369965,0.992889613604063,1.9607189465178867,-0.7347124996757811,-1432.7627525980158
661,-211.26975688221043,0.8929539062217774,0.1771068585037777,3.0,11.0,0.0,212.47877503003247,0.033331941955899835,0.9666680580441002,-1.0644303402151034,-0.6447019931471671,-1434.3334630451081
662,-210.5333001926533,0.9942051381075502,0.14763557083133919,3.0,15.0,0.0,211.0074566755641,0.7902468830600969,0.20975311693990306,-0.7035607811501644,-0.14300174866339788,-1441.4525905793394
663,-211.79792754786013,0.8568600325717176,0.15468756696921107,4.0,15.0,0.0,214.11531987731095,0.9877182668963407,0.01228173310365932,-0.7165040929168849,-0.09299415075748468,-1432.120482224614
664,-213.04498876091893,0.9316741172431208,0.16569267380414235,3.0,11.0,0.0,214.6806102910116,0.004639347490356734,0.9953606525096432,1.4055046255437833,-0.7675208070723212,-1432.2995060608696
665,-211.44518757762927,0.8507941861365957,0.1771068585037777,4.0,15.0,0.0,213.06135519114798,0.021852732882980053,0.9781472671170199,-1.3850167215999505,-0.7156698600695959,-1431.9490464496027
666,-209.5607521465925,0.9785095294059721,0.14763557083133919,2.0,3.0,0.0,210.6487926302481,0.8680258380210124,0.1319741619789876,-0.8334723562389341,-0.13948531055268218,-1432.0108451466526
667,-210.9306873581622,0.9026668486749002,0.15468756696921107,4.0,23.0,0.0,215.0240439712666,0.9711944962250094,0.028805503774990582,-0.7627571990791567,0.44613211681510634,-1431.678328488793
668,-212.93135150438948,0.9091080176457491,0.16569267380414235,4.0,15.0,0.0,215.12718977812403,0.017313157652943646,0.9826868423470564,1.4164812608764685,-0.6281648738330053,-1440.6639776881966
669,-211.986687908493,0.9951142489397368,0.1771068585037777,4.0,23.0,0.0,213.0508112136633,0.9850473109670826,0.014952689032917355,-0.8194807671180943,0.23217647019558862,-1434.5893281937576
670,-209.1236430057922,0.9994107906163924,0.14763557083133919,4.0,15.0,0.0,209.7538212352194,0.34572380921224366,0.6542761907877563,-1.0837811777391821,-0.6064403663579782,-1432.9758972522525
671,-210.21859874175436,0.9117106377769111,0.15468756696921107,4.0,27.0,0.0,213.47579756867455,0.5873086420291846,0.41269135797081535,-1.1680644153267825,-0.17508681312768537,-1441.143983749995
672,-212.7613023393916,1.0,0.16569267380414235,1.0,1.0,0.0,213.02313919296753,0.016415253648155256,0.9835847463518448,1.4230249753584057,-0.6397315993281552,-1439.0990435713604
673,-212.49790115719773,0.9696280268744248,0.1771068585037777,4.0,15.0,0.0,213.37652756740206,0.9915673508764845,0.00843264912351549,-0.6677877071783427,0.5068197752218951,-1434.2291665585508
674,-209.47965324085538,0.9684246864576691,0.14763557083133919,2.0,3.0,0.0,209.5223235733575,0.36881112178948217,0.6311888782105178,-1.1049545539214845,-0.6434772866356814,-1435.5535312442723
675,-209.19852346620988,0.9992663029007876,0.15468756696921107,3.0,7.0,0.0,210.44490184178392,0.7552045146547846,0.24479548534521545,-0.8194025750405435,-0.2749802158802014,-1432.7861894286248
676,-213.90444901964935,0.9286066626360115,0.16569267380414235,3.0,7.0,0.0,214.34813717543366,0.019621331847236138,0.9803786681527639,1.5071496647171028,-0.5843461787838914,-1448.051149756825
677,-212.75150471673257,0.9578175696761607,0.1771068585037777,3.0,7.0,0.0,213.38761067402118,0.9946649305097531,0.005335069490246869,-0.689066670783492,0.4251059509819549,-1432.880934339568
678,-210.97151093708146,0.7909737185793416,0.14763557083133919,3.0,7.0,0.0,212.30242560662586,0.3448142668685762,0.6551857331314238,-1.3294767639426677,-0.6586960498251705,-1445.1628571189203
679,-209.37376023876678,0.9819589418976933,0.15468756696921107,4.0,15.0,0.0,209.65343658455882,0.6031829003408091,0.3968170996591909,-1.071667713802214,-0.3059809103730746,-1435.3533761642425
680,-214.43052410700736,0.964880407664788,0.16569267380414235,4.0,19.0,0.0,217.37100001942315,0.0023473083682338243,0.9976526916317662,-0.36931107286379244,-0.8441534696882818,-1438.6613704524314
681,-210.257748001025,0.9655322326938742,0.1771068585037777,4.0,27.0,0.0,213.3434640124091,0.10203717843674548,0.8979628215632545,-1.1322611157484834,-0.6010051102254845,-1434.48035289322
682,-209.8633041786871,0.9916859466029351,0.14763557083133919,4.0,31.0,0.0,212.03280557266947,0.891056017385381,0.10894398261461902,-0.7872757085507929,-0.5974953814638033,-1432.730160639978
683,-213.0392414768829,0.9563829494124341,0.15468756696921107,4.0,19.0,0.0,215.9941025815298,0.03179257933329631,0.9682074206667037,-2.092011016207661,-0.8396795293773992,-1443.1904322935086
684,-213.78088707831515,0.9973658260952052,0.16569267380414235,2.0,7.0,0.0,214.77851736413385,0.0017084853223941863,0.9982915146776058,-0.27606158924333446,-0.7460851011997028,-1432.1705506605942
685,-210.67248293451468,0.8297434598704364,0.1771068585037777,3.0,7.0,0.0,211.82869970281294,0.25909839581846067,0.7409016041815393,-1.3358461211271815,-0.7066497196086776,-1441.901131353621
686,-210.46567915521797,0.8827530711262104,0.14763557083133919,4.0,15.0,0.0,211.06385866497033,0.8433231743457689,0.15667682565423113,-0.6287204491744112,-0.48659386450178066,-1439.3185147464114
687,-211.813190687222,0.987593385644153,0.15468756696921107,2.0,3.0,0.0,213.38780304425273,0.022330778465627518,0.9776692215343725,-2.051749268450961,-0.7310779843955705,-1432.639423239072
688,-213.61837754579358,0.9869275493476776,0.16569267380414235,3.0,15.0,0.0,214.20934220246497,0.0020080095676827795,0.9979919904323172,-0.5137158088220977,-0.7290227740393578,-1432.021422626149
689,-215.0281476731807,0.47373331722429624,0.1771068585037777,3.0,11.0,0.0,219.34465021261616,0.07857762327737854,0.9214223767226215,-0.9262698567809294,-0.42332034310356376,-1466.3299061188443
690,-209.5657577565461,0.9288222207256249,0.14763557083133919,2.0,7.0,0.0,213.29256394579414,0.7674633604577143,0.23253663954228565,-0.772726754139379,-0.2246185122642476,-1435.1651889443056
691,-211.21428407427132,0.9451781122023892,0.15468756696921107,3.0,7.0,0.0,213.0222200430107,0.10897332655645364,0.8910266734435464,-1.9876583785101483,-0.5779877405258543,-1439.2076303941637
692,-214.62684740378367,0.9556453949554015,0.16569267380414235,4.0,21.0,0.0,215.76613264520694,0.0007319849036218337,0.9992680150963782,0.013338322484068715,-0.7489495975918695,-1432.2279135222689
693,-210.74216846377374,0.9936372706334978,0.1771068585037777,3.0,15.0,0.0,214.98004043061806,0.5801117355054283,0.41988826449457173,-1.154947301176441,-0.06929889736097168,-1444.8435643932821
694,-212.60336944576736,0.7839319027214668,0.14763557083133919,4.0,23.0,0.0,214.4515848110703,0.8997616394962326,0.10023836050376744,-0.6795943204346232,0.7676336844449073,-1451.085563412857
695,-209.9887321221843,0.8669620768745281,0.15468756696921107,4.0,23.0,0.0,214.6514351521605,0.22306548261151748,0.7769345173884825,-0.6146986367919433,-0.8966346479958823,-1437.4231702093014
696,-210.5517342240258,0.8838970429820588,0.16569267380414235,3.0,11.0,0.0,216.2042831646426,0.04530888803697339,0.9546911119630266,-0.3032851228465216,-0.7221624957874282,-1432.215483738863
697,-209.69391279922954,0.9481155666943145,0.1771068585037777,4.0,15.0,0.0,211.52486864123864,0.7658184459023091,0.23418155409769092,-0.4989132324943404,-1.1582996569041557,-1435.270060856204
698,-212.64009862132747,0.736778736021778,0.14763557083133919,3.0,7.0,0.0,215.60527971994173,0.9405182464124471,0.05948175358755292,-0.9859862087310118,0.5812185198376162,-1447.81674286417
699,-208.98176883285984,0.9823066913240514,0.15468756696921107,3.0,7.0,0.0,211.07002737891992,0.3077840107840029,0.6922159892159971,-0.4953512594896574,-0.8620210228822425,-1432.060548159264
700,-208.92708070321092,0.9990240049138285,0.16569267380414235,4.0,15.0,0.0,210.7696020033657,0.34622218035994906,0.653777819640051,-0.7182203487365608,-0.7189607872670629,-1432.0628093995767
701,-210.09248646482044,0.9897654121485744,0.1771068585037777,4.0,23.0,0.0,211.54612598140824,0.7850084100717366,0.2149915899282634,-0.5140402052055654,-1.5133528489307715,-1436.7713750244561
702,-211.67149170114124,0.9795531081849723,0.14763557083133919,3.0,7.0,0.0,214.91874531365409,0.9854754583111732,0.014524541688826775,-0.7126631612685925,0.45345181186937933,-1432.2246678645663
703,-209.10904554261967,0.9918930828138908,0.15468756696921107,3.0,15.0,0.0,209.3897050867979,0.2621532427808154,0.7378467572191846,-0.38648370226883594,-0.8878495304113799,-1432.3161118010546
704,-209.70618987959207,0.9928108178051013,0.16569267380414235,3.0,15.0,0.0,211.13308888367985,0.37708546582994207,0.6229145341700579,-0.17733462358946392,-1.0832027878176367,-1437.551975898126
705,-209.8732162427847,0.6666096574005714,0.1771068585037777,2.0,3.0,0.0,212.77663057676918,0.8361976901883464,0.16380230981165356,-0.5813067387346635,-1.4737411341404327,-1433.8531401389478
706,-211.93651599384063,0.9917109638333098,0.14763557083133919,4.0,15.0,0.0,212.29464693648404,0.9886026086290475,0.011397391370952525,-0.7667998831904188,0.8484050953512763,-1431.8893241112262
707,-209.1778895836549,0.9191489540707176,0.15468756696921107,3.0,9.0,0.0,210.11639731653867,0.31318260275047877,0.6868173972495213,-0.41411343423857283,-0.7815075199515054,-1433.6593859011348
708,-209.20616622314387,0.9852602303004808,0.16569267380414235,2.0,3.0,0.0,209.8512535650063,0.35708950614255286,0.6429104938574471,-0.24060587859288524,-0.9903765167373814,-1434.083191428336
709,-209.89808706651363,0.9573947436037759,0.1771068585037777,3.0,7.0,0.0,211.03465969075813,0.9004109416284115,0.09958905837158849,-0.6858494315214041,-1.0034871369283649,-1431.990159160581
710,-211.14281897767626,0.9392200662293502,0.14763557083133919,3.0,15.0,0.0,212.60644440570798,0.931981275994141,0.06801872400585895,-0.7166282584203572,0.7110123753390781,-1438.588510860405
711,-208.97885130430325,0.7349751252369837,0.15468756696921107,3.0,7.0,0.0,212.29701835168845,0.3152456761027375,0.6847543238972624,-0.4168191296680936,-0.829528752564372,-1432.24030986136
712,-209.34308130643294,0.9401990018087286,0.16569267380414235,3.0,7.0,0.0,210.6394006432137,0.5781282136815656,0.42187178631843436,-0.3859281468046324,-1.1503473785300484,-1435.0726055452824
713,-209.34081268147582,0.9584526010109298,0.1771068585037777,4.0,15.0,0.0,211.45853286024473,0.7779211931125746,0.22207880688742543,-0.8145321615818965,-0.6329011149568129,-1433.0273465792322
714,-211.69868090345545,0.9866536315379479,0.14763557083133919,2.0,7.0,0.0,212.01988167611012,0.9784024951598519,0.021597504840148107,-0.838720896012931,0.6188099640552595,-1434.7813334888742
715,-209.09780223973405,0.9915169739373314,0.15468756696921107,4.0,23.0,0.0,209.4323772580381,0.7486458394366603,0.2513541605633397,-0.7508446236530573,-0.6104439552033846,-1432.0492990794319
716,-211.58432318225115,0.9960294836302388,0.16569267380414235,4.0,15.0,0.0,212.16207203963717,0.972923763159181,0.027076236840818946,-0.7067098667050322,-2.0443098554759582,-1432.4124753800088
717,-212.8479165488743,0.9692049039883905,0.1771068585037777,4.0,23.0,0.0,213.55582971795553,0.9941972773391036,0.005802722660896431,-0.799747209279044,0.14440235014650643,-1434.1198535141905
718,-211.69868090345545,0.3413560979094273,0.14763557083133919,2.0,3.0,0.0,219.66872580669715,0.9784024951598519,0.021597504840148107,-0.838720896012931,0.6188099640552595,-1434.7813334888742
719,-210.874582819043,0.842864853039887,0.15468756696921107,3.0,15.0,0.0,211.67983045633858,0.17064062372619143,0.8293593762738085,-1.1013050226063865,-0.47850965171078735,-1441.918309295678
720,-209.7971848337437,0.9425332987079228,0.16569267380414235,4.0,31.0,0.0,212.68737535722204,0.8747159706102562,0.1252840293897438,-0.6501333379442269,-1.306069331932492,-1432.1164847654575
721,-213.9567640821761,0.905717317625749,0.1771068585037777,4.0,31.0,0.0,221.6922511425082,0.011376450113404582,0.9886235498865954,-0.3647807887179166,-0.559226910028251,-1446.5764337896155
722,-210.99030391671053,0.9470745186281309,0.14763557083133919,4.0,27.0,0.0,214.69725355292505,0.7444289154398142,0.25557108456018585,-0.915877020579364,0.2382479618650972,-1445.2333906976105
723,-211.73936639638197,0.9747234263909587,0.15468756696921107,3.0,7.0,0.0,211.99220969701977,0.3753614473571073,0.6246385526428927,-1.413652255642468,-0.6176016641728497,-1450.5694634325203
724,-213.29454244192644,0.8960804858759575,0.16569267380414235,4.0,25.0,0.0,214.15689071028805,0.98551945041566,0.014480549584339975,-0.6367496346452791,-2.9787418364982554,-1436.0201772446783
725,-212.83901910054803,1.0,0.1771068585037777,3.0,15.0,0.0,214.71138056055273,0.017509833196147535,0.9824901668038525,-0.1458120180284162,-0.8799977885456172,-1441.4889875661383
726,-210.61366305353383,0.988174523354534,0.14763557083133919,3.0,7.0,0.0,211.58524406753543,0.9594989699195968,0.04050103008040318,-0.7861849861258,0.1877741500232486,-1431.8686849861608
727,-211.4207300403199,0.9907587256033223,0.15468756696921107,2.0,3.0,0.0,212.57095296197932,0.14011973636074693,0.8598802636392531,-1.3375136366166462,-0.45196744490390595,-1444.103251359299
728,-211.08278075560634,0.9463673206147543,0.16569267380414235,4.0,17.0,0.0,213.71159448629447,0.9575008599956356,0.04249914000436439,-0.6560558580144922,-1.8334833420111445,-1432.7172954743135
729,-210.42190226887385,0.9794138803868755,0.1771068585037777,3.0,11.0,0.0,213.0009131683814,0.06771703631483766,0.9322829636851624,0.1075075031264425,-0.8563589070754632,-1433.8168752434506
730,-211.30382591259863,0.9009128031934421,0.14763557083133919,5.0,39.0,0.0,212.69665760768316,0.022640696209602483,0.9773593037903975,-0.2944551173506409,-0.695510888061266,-1432.817747730402
731,-209.6815748916872,0.960302502113211,0.15468756696921107,2.0,3.0,0.0,211.86775698184246,0.19080126904497752,0.8091987309550225,-1.3967605858855108,-0.5842366892617082,-1433.5443979695278
732,-211.0854422862511,0.8869496024153216,0.16569267380414235,2.0,7.0,0.0,212.05835409474668,0.9222343600758668,0.07776563992413321,-0.6070356259630957,-2.001619561029212,-1436.146908263849
733,-209.96333003830736,0.8144868037324254,0.1771068585037777,2.0,7.0,0.0,212.27179180699864,0.187234010088793,0.812765989911207,0.16723450945208101,-0.9260530000868887,-1436.605376618752
734,-212.47074863736,0.8551344830887383,0.14763557083133919,2.0,3.0,0.0,212.79096149873828,0.02323447720760557,0.9767655227923945,-0.2641741302598013,-0.5997576025369118,-1441.17489526333
735,-209.6722253582306,0.9856256753753677,0.15468756696921107,4.0,15.0,0.0,210.32934534988902,0.12958988568620702,0.870410114313793,-1.008308131541755,-0.6686726385102278,-1432.026562333201
736,-210.6900836614301,0.9875508140614551,0.16569267380414235,4.0,15.0,0.0,211.35795562450141,0.9252433382279918,0.07475666177200824,-0.6091406536363104,-1.7419319810677287,-1434.0029940536197
737,-210.09269378849626,0.9621715501837333,0.1771068585037777,4.0,27.0,0.0,213.19913255011096,0.8845145593591585,0.11548544064084154,-0.8554671012985351,0.34826998290529265,-1434.773425638267
738,-212.70394376960536,0.8592910850615955,0.14763557083133919,2.0,3.0,0.0,214.8030700601691,0.036038730740911545,0.9639612692590884,-0.3966691460972099,-0.5684278435378346,-1445.6828040765238
739,-210.77170631800712,0.987717030635681,0.15468756696921107,4.0,15.0,0.0,211.46386931120995,0.09792454293772511,0.9020754570622749,-1.7475227170764667,-0.7032555156376195,-1436.1329649203121
740,-210.92012959675932,0.7203192351269133,0.16569267380414235,2.0,3.0,0.0,212.04241137890222,0.9250247579843566,0.07497524201564343,-0.5816956546610706,-1.7843668860665678,-1435.5096434050736
741,-208.97031022149966,0.9991280106608831,0.1771068585037777,4.0,23.0,0.0,210.35218263945748,0.5984856210758605,0.40151437892413955,-0.8113542632980256,-0.6961043399644197,-1432.6794170356256
742,-209.27894913768105,0.9626754238610082,0.14763557083133919,4.0,15.0,0.0,213.14519679406055,0.45388234090920937,0.5461176590907906,-1.152469325668109,-0.4465199694499071,-1434.693559181117
743,-210.98961986729554,0.9872670344855131,0.15468756696921107,3.0,11.0,0.0,211.82135034796022,0.06167251081538034,0.9383274891846196,-1.9131299144715654,-0.699256552964564,-1434.1979490537208
744,-210.24200426417454,0.9969538493350417,0.16569267380414235,3.0,15.0,0.0,211.9532138212002,0.7552575116204221,0.2447424883795779,-0.4921303861907807,-1.5205557409087866,-1438.4327856750772
745,-209.8024253649331,0.9810661145192565,0.1771068585037777,3.0,15.0,0.0,210.64118121788513,0.25387887709768575,0.7461211229023142,-0.9184141781374331,-0.5281286381292437,-1436.8017657933706
746,-208.94414096463848,0.9546221935194826,0.14763557083133919,3.0,15.0,0.0,210.61581795445,0.3755448160403308,0.6244551839596693,-0.36908195151354417,-0.903989371911715,-1432.4937511909993
747,-210.99406773897505,0.9461203931835315,0.15468756696921107,3.0,7.0,0.0,211.71887966803106,0.07137720174101041,0.9286227982589896,-1.8985424270481555,-0.5973036012841483,-1435.3285105845546
748,-213.07853335303042,0.5055301451581136,0.16569267380414235,2.0,3.0,0.0,214.97258114757258,0.7684760134583751,0.23152398654162487,-0.7848653056339809,-1.5352366550356076,-1457.4016279967138
749,-208.9637808714689,0.9971201862475465,0.1771068585037777,3.0,11.0,0.0,210.08982107644434,0.45019423064063224,0.5498057693593678,-0.6747122767289134,-0.8473546775968441,-1432.8125314506103
750,-210.55449036051354,0.9080081893915094,0.14763557083133919,3.0,11.0,0.0,211.28857559859964,0.7790567995681935,0.22094320043180649,-0.7995275911082327,-1.080157445030202,-1440.7451398598625
751,-209.5283100592749,0.941287038136865,0.15468756696921107,4.0,25.0,0.0,212.07577108472213,0.7327338160044546,0.26726618399554536,-0.5935147128487881,-0.7894348213875655,-1435.2650266767164
752,-212.52008957886534,1.0,0.16569267380414235,2.0,3.0,0.0,213.82815475495372,0.7312800762177711,0.26871992378222886,-0.7219490144920462,-1.5361030279960144,-1454.3100439083612
753,-209.90639859681784,0.8990911199416368,0.1771068585037777,4.0,15.0,0.0,212.60160423124432,0.498696508559707,0.501303491440293,-1.0799255090215916,-0.2261306053758217,-1439.3546385164655
754,-209.34863829983647,0.9938474880869623,0.14763557083133919,3.0,15.0,0.0,210.80621174299864,0.7830302617380638,0.21696973826193622,-0.6999184277129119,-1.0012421106095692,-1432.5959861565632
755,-211.70801828094338,0.8135914974980193,0.15468756696921107,2.0,3.0,0.0,212.29715256815805,0.7382654419432277,0.26173455805677226,-0.4791321660762534,-0.6901459397298099,-1450.4621895848777
756,-211.08322423034429,0.9710238105951114,0.16569267380414235,2.0,7.0,0.0,212.84348815447348,0.9096400326725999,0.09035996732740015,-0.5357302323317668,-1.3430838958881077,-1439.0457107908658
757,-210.08813831434796,0.9990109448840478,0.1771068585037777,4.0,31.0,0.0,210.91596555163167,0.10109003378855452,0.8989099662114455,-0.8473096864029768,-0.6491745350020895,-1433.6866619442953
758,-210.3313221552163,0.9876040027782348,0.14763557083133919,4.0,15.0,0.0,211.09238276173542,0.9409384612754219,0.05906153872457809,-0.7670870371393513,-0.49404620541349525,-1432.2346809693233
759,-208.95354447243722,1.0,0.15468756696921107,2.0,7.0,0.0,211.8847165106636,0.5138739491412166,0.48612605085878335,-0.7056253373338898,-0.834226214367118,-1432.7876023077786
760,-210.63595060291578,0.9967730402492976,0.16569267380414235,3.0,11.0,0.0,212.69863191259014,0.5849676345836324,0.41503236541636757,-0.6661749804201603,-1.1894128167539244,-1443.6382474486957
761,-209.84498092825623,1.0,0.1771068585037777,4.0,15.0,0.0,211.046917054719,0.5014781870616158,0.49852181293838416,-1.1418161739116173,-0.23961860481404437,-1438.8062111068018
762,-210.8427208376565,0.9372379665294747,0.14763557083133919,4.0,15.0,0.0,212.97920726221662,0.039019648286524475,0.9609803517134755,-0.9594297955702309,-0.7506679551841061,-1432.4869682883925
763,-208.9426501629491,0.9832331390042857,0.15468756696921107,3.0,7.0,0.0,209.32459966562627,0.40073009419542355,0.5992699058045765,-0.48178912142473085,-0.8229199869303169,-1432.685541946791
764,-208.89462496293288,0.9857390289593367,0.16569267380414235,3.0,7.0,0.0,211.51473545271395,0.470888087742474,0.5291119122575261,-0.469076408325386,-0.9870017466438284,-1432.3621493852515
765,-210.49379225762448,0.9930913792210995,0.1771068585037777,3.0,15.0,0.0,213.68037749026155,0.15779684150705717,0.8422031584929428,-1.5199390049651753,-0.6993044518552791,-1437.68144566857
766,-211.4899311787861,0.9600575183701393,0.14763557083133919,3.0,7.0,0.0,212.00619608739814,0.019840672313410437,0.9801593276865895,-1.0535403418419462,-0.74459172425457,-1432.2665809174355
767,-209.05547142910197,0.9874341026464002,0.15468756696921107,4.0,15.0,0.0,210.41063739808882,0.4633866244559907,0.5366133755440092,-0.3936372363563416,-0.9150787044040144,-1433.6338766713106
768,-212.07007834131366,0.6939671374167935,0.16569267380414235,2.0,7.0,0.0,214.37428655109923,0.31431233406038517,0.6856876659396148,-0.47222538502388517,-1.1498420743534445,-1452.9926876310178
769,-210.2076263394117,1.0,0.1771068585037777,3.0,7.0,0.0,210.89264026830813,0.17760937619311473,0.8223906238068852,-1.5573111843876357,-0.6291578967905583,-1436.3384362877212
770,-210.76536639092015,0.9654337343970801,0.14763557083133919,4.0,31.0,0.0,212.36368509228203,0.3424833682554863,0.6575166317445137,0.01440042872363953,-0.9025765898385123,-1444.9137708681972
771,-210.8165637363307,0.7736038480198624,0.15468756696921107,2.0,3.0,0.0,211.3041806815045,0.5963477801835314,0.4036522198164686,-0.3321797946300332,-0.8956210567345186,-1445.6437706882857
772,-212.17860288874746,0.9812713676893416,0.16569267380414235,3.0,15.0,0.0,213.84101375231668,0.21011348141187552,0.7898865185881245,-0.09911129735583,-0.6291604240890151,-1452.9214386965084
773,-213.95089621231713,0.40306740179143247,0.1771068585037777,2.0,3.0,0.0,214.21481624557217,0.19740914078870644,0.8025908592112936,-1.5687022441953837,-0.8371371245393676,-1462.4637071036914
774,-209.5125453460218,1.0,0.14763557083133919,2.0,3.0,0.0,210.8106856763611,0.2514770319399587,0.7485229680600414,-0.07539990487895917,-0.9618066289556039,-1434.9213656974543
775,-209.33101460653393,1.0,0.15468756696921107,2.0,3.0,0.0,211.15905676732092,0.3565100913422737,0.6434899086577264,-0.5979134188060121,-0.9204096514590877,-1434.7973538477681
776,-212.41397496427695,0.9502965311240078,0.16569267380414235,3.0,7.0,0.0,214.1747837481467,0.42901924230738053,0.5709807576926195,0.0846974038312968,-1.056107470932941,-1456.6176642428668
777,-214.6087266893393,0.9078727358961393,0.1771068585037777,2.0,3.0,0.0,215.74954685792113,0.12029372343426713,0.8797062765657329,-1.2545750952721768,-0.35567100317638484,-1465.4815471584639
778,-209.24353677715834,0.969274185738652,0.14763557083133919,4.0,23.0,0.0,210.23325619732321,0.7985799314156166,0.20142006858438344,-0.7590629481248082,-0.6007659666282541,-1431.9715688614485
779,-209.3940428573634,0.9987254534768244,0.15468756696921107,3.0,11.0,0.0,209.67467462195825,0.685093899637303,0.31490610036269695,-0.5456828444896364,-0.872517835738265,-1434.934054345515
780,-210.805330943659,0.9931932407348593,0.16569267380414235,5.0,59.0,0.0,213.60301916598434,0.9672287508085535,0.03277124919144647,-0.7404015782611557,0.16888880886225802,-1431.8513765803052
781,-209.87631012398032,0.8676478692980355,0.1771068585037777,2.0,3.0,0.0,215.38561068464153,0.15217882636464053,0.8478211736353595,-1.2174230245972213,-0.7150909152614197,-1433.9072912823192
782,-212.39261558969358,0.8592894179001994,0.14763557083133919,3.0,15.0,0.0,212.97111798158244,0.9799544713363816,0.020045528663618417,-0.605478661806191,-0.6911091464371883,-1439.2797726892804
783,-210.4423528803891,0.9046411358752621,0.15468756696921107,2.0,3.0,0.0,210.7612669277893,0.43426128797871727,0.5657387120212827,-0.7268187354977739,-0.990506184761799,-1442.6843450175152
784,-210.73212477320777,0.9400697250140999,0.16569267380414235,4.0,23.0,0.0,212.17772188179404,0.9467280153376463,0.05327198466235372,-0.6779923915890598,-0.21593038449737695,-1434.614699285838
785,-210.8104978343727,0.9767174384986322,0.1771068585037777,4.0,31.0,0.0,212.17338822182333,0.9548046826948504,0.045195317305149585,-0.6845480343186093,-0.1526336163618652,-1434.0914402257613
786,-210.37473674064333,0.9973510069644437,0.14763557083133919,4.0,23.0,0.0,212.84007771887465,0.0885198267238715,0.9114801732761285,-1.646128077792331,-0.662853073936088,-1433.1097371480746
787,-212.4688366384423,0.9102452648842426,0.15468756696921107,4.0,23.0,0.0,215.70489754001528,0.03533849374055525,0.9646615062594448,0.6049130766127608,-0.6120127636626097,-1443.7036962527397
788,-211.2853627138642,0.6818232776832096,0.16569267380414235,2.0,7.0,0.0,213.88789227967476,0.9177406180436715,0.08225938195632854,-0.9202091103186132,-0.24951381557565894,-1440.874955953488
789,-210.727664132443,1.0,0.1771068585037777,1.0,1.0,0.0,210.83692865666723,0.9546065571019249,0.04539344289807512,-0.6941799051892446,-0.14414022841604782,-1433.5387373698534
790,-212.5378448202118,0.9840897030894995,0.14763557083133919,4.0,31.0,0.0,213.7255010460704,0.9826697608150006,0.01733023918499943,-0.6081617584577934,-0.41596077909130985,-1439.5568568311746
791,-211.49207804646133,0.8752190141495307,0.15468756696921107,2.0,7.0,0.0,214.85338671316495,0.07835514716140561,0.9216448528385944,0.5039735088136589,-0.6740424735917989,-1442.169639406757
792,-209.93660641509814,1.0,0.16569267380414235,2.0,3.0,0.0,210.99585375318014,0.9168287893647423,0.08317121063525768,-0.7779658005636778,-0.2623732191355506,-1431.8302513069646
793,-212.24877914362608,0.6868905502032496,0.1771068585037777,2.0,3.0,0.0,213.3980834203053,0.9419062303119732,0.05809376968802682,-0.5914713100822361,-0.03634021311211508,-1445.7886060637634
794,-213.16871337705913,0.9651200275046189,0.14763557083133919,3.0,15.0,0.0,214.17873121926394,0.9875844549381563,0.012415545061843725,-0.8738763974583621,-0.22290795768282878,-1441.4119061824902
795,-210.9581095915237,0.9834894945278524,0.15468756696921107,3.0,11.0,0.0,212.1429815136705,0.05807602269826745,0.9419239773017325,0.7785582628757114,-0.8623231979316957,-1436.008739707052
796,-209.0700738988926,0.9957870400571559,0.16569267380414235,4.0,27.0,0.0,211.80041250116795,0.2963215032609946,0.7036784967390054,-1.0587924385767478,-0.5713978687818214,-1432.1254111422236
797,-212.4827998859625,0.7689909904789349,0.1771068585037777,3.0,11.0,0.0,215.16397542022128,0.8957129211455925,0.10428707885440747,-1.0076484267570378,-0.2203478565912584,-1450.4840167845764
798,-213.13030061472534,1.0,0.14763557083133919,3.0,15.0,0.0,213.5972894884068,0.9889649018692867,0.01103509813071335,-0.6009688831538679,-0.07933999960076457,-1440.7270150888344
799,-210.38741138148544,0.9264243275505918,0.15468756696921107,4.0,17.0,0.0,212.03395375727777,0.22152791679934997,0.77847208320065,-0.3516716160527547,-1.0017564225267428,-1440.1901888129794
800,-210.8188468732581,0.9491842744059452,0.16569267380414235,4.0,15.0,0.0,211.31352223219673,0.0818483021033972,0.9181516978966028,0.37105115068566497,-0.9199888234580138,-1437.5560906678413
801,-211.0445694662857,1.0,0.1771068585037777,2.0,3.0,0.0,212.30578961665682,0.8765640138337258,0.12343598616627416,-0.9617038798421608,-0.2233216544035503,-1441.6412595598924
802,-211.31343033266413,0.7778193667137933,0.14763557083133919,2.0,3.0,0.0,213.94435136429553,0.9801883713927265,0.01981162860727348,-0.751518452526881,-0.13486406229021106,-1431.971193829331
803,-209.0209408877181,0.983511747961904,0.15468756696921107,3.0,7.0,0.0,210.61425173976696,0.3367503963818106,0.6632496036181894,-0.39713964184701056,-0.9408299296449761,-1432.610168350594
804,-209.16382313443486,0.9912641856519802,0.16569267380414235,4.0,15.0,0.0,211.1611095181644,0.3859547271602704,0.6140452728397297,-0.47938204807055784,-0.7712960666346482,-1434.195150065611
805,-210.73488910772966,0.9850395419882919,0.1771068585037777,3.0,15.0,0.0,212.0788897777595,0.9007359729028034,0.09926402709719662,-0.9387411075110533,0.2994294935851571,-1438.1878266813778
806,-213.0579097783524,0.9518795940522934,0.14763557083133919,3.0,11.0,0.0,214.52197191639863,0.99559830814455,0.0044016918554500295,-0.6728988527181095,-0.5983681992052658,-1433.5414290142153
807,-209.35072223785534,0.9744048273871272,0.15468756696921107,2.0,3.0,0.0,209.43516678508027,0.36745773400876575,0.6325422659912343,-0.28738913660257687,-0.8562788576047771,-1435.359646045855
808,-210.90508375102243,0.9830892603169219,0.16569267380414235,3.0,15.0,0.0,212.17951300955184,0.1006589734165291,0.8993410265834709,-0.19081248415424223,-0.9287085180886863,-1439.511337587627
809,-210.0327820296753,1.0,0.1771068585037777,2.0,3.0,0.0,210.81804639491514,0.8982476729312021,0.10175232706879789,-0.8432947928190793,0.3146281298604624,-1433.6285667577488
810,-209.5385911885049,0.9060995891701134,0.14763557083133919,4.0,15.0,0.0,215.5625899755589,0.8463431019715274,0.1536568980284726,-0.8435389740811595,-0.3581817932249055,-1432.6252446096328
811,-209.30127040787315,0.9898829294926371,0.15468756696921107,5.0,31.0,0.0,210.06808005624998,0.8194915493532491,0.18050845064675092,-0.809794839874268,-0.4173161689606707,-1431.8842866519426
812,-210.42104491300174,0.9459686361641814,0.16569267380414235,3.0,11.0,0.0,215.7107793043661,0.2070471563030916,0.7929528436969084,-0.09999207704849752,-1.0298314805505682,-1440.1317616980416
813,-214.24207110864515,0.7841284092073434,0.1771068585037777,2.0,3.0,0.0,215.09762763663247,0.6984771449239378,0.30152285507606225,-0.9215632766539626,0.44338045082615757,-1468.2680845346097
814,-209.10438084058342,0.9996515431790834,0.14763557083133919,3.0,15.0,0.0,209.6721078211616,0.4413240626113574,0.5586759373886425,-1.1121908822072415,-0.4493361977911131,-1433.5274958185553
815,-210.4904535813624,0.9910089843470753,0.15468756696921107,4.0,15.0,0.0,211.2011885152714,0.10931225821323633,0.8906877417867637,-1.5076013469188994,-0.7244452513110853,-1435.5105380470065
816,-210.50785481802495,0.9913590433172353,0.16569267380414235,2.0,3.0,0.0,210.73315126468148,0.21199643106786747,0.7880035689321325,-0.1335606978952824,-1.0382602241236745,-1440.829532722173
817,-214.3552155360513,1.0,0.1771068585037777,3.0,11.0,0.0,215.45786487426318,0.9898113465061339,0.010188653493866107,-0.556843333133032,0.6423393428244272,-1448.33633735718
818,-208.91617260971023,0.9483397297046957,0.14763557083133919,3.0,7.0,0.0,209.47252752659338,0.4169055303378393,0.5830944696621607,-1.0267989707959533,-0.5158488553677014,-1432.2320052474756
819,-210.11438267669274,0.998753038241109,0.15468756696921107,3.0,7.0,0.0,210.64055097805908,0.09492573716451172,0.9050742628354883,-1.3949212613451902,-0.6326445348691241,-1432.438613033384
820,-208.97678522306893,0.9807655642168956,0.16569267380414235,3.0,15.0,0.0,211.6336971895785,0.3846190436533891,0.6153809563466108,-0.8618914421936165,-0.5782261356412863,-1432.6761762934646
821,-212.99770622157112,1.0,0.1771068585037777,2.0,3.0,0.0,214.5232626575739,0.9752167443953532,0.02478325560464678,-0.9279245687396608,0.5711843359489597,-1444.5954560560458
822,-209.72119350542252,0.9421265426518187,0.14763557083133919,2.0,7.0,0.0,209.9468176807081,0.3646814105170212,0.6353185894829788,-1.0634013850921762,-0.38648012107338325,-1437.4956532380163
823,-208.91871819235263,0.9277191671209829,0.15468756696921107,3.0,15.0,0.0,212.07489193950713,0.42102339223749696,0.578976607762503,-1.019473228182629,-0.5018499327726929,-1432.2937732464625
824,-212.88976746384765,0.8894846622276504,0.16569267380414235,4.0,31.0,0.0,213.68224662717296,0.024125049939004408,0.9758749500609956,-1.4924613501800006,-0.5583212849458078,-1442.5012658613134
825,-215.59237375633123,0.9158914288170913,0.1771068585037777,2.0,3.0,0.0,216.1832751320654,0.8534377918330059,0.14656220816699406,-0.6807295746234664,0.9623877241699569,-1473.6997372646083
826,-209.64713841616702,0.994965123617586,0.14763557083133919,3.0,15.0,0.0,210.85527905991034,0.4407403846975644,0.5592596153024356,-1.1346133363855846,-0.31311637296730555,-1437.320983800716
827,-209.12710116017888,0.9717968677581234,0.15468756696921107,3.0,7.0,0.0,209.24096768744943,0.3213634327373165,0.6786365672626835,-0.9823463447537423,-0.5391435864089249,-1432.9951056509922
828,-211.42427754170524,0.9738497366021501,0.16569267380414235,3.0,11.0,0.0,215.05773424264794,0.06377568489138447,0.9362243151086156,-0.8687540255828443,-0.8506435631164941,-1439.7226658552968
829,-210.70887008646676,1.0,0.1771068585037777,2.0,3.0,0.0,215.99475586393137,0.9506238795968829,0.04937612040311712,-0.7646161147242073,0.7183618312260592,-1433.4445984284016
830,-209.55985064685498,0.9512561738597545,0.14763557083133919,3.0,13.0,0.0,212.2226453773055,0.6859199510392624,0.3140800489607376,-0.8224804675833759,-0.22476312529153722,-1436.35632156391
831,-210.07858506610785,0.7571780874061687,0.15468756696921107,3.0,11.0,0.0,213.11127340757727,0.6155946433804189,0.3844053566195811,-1.150370205710547,-0.24503486166925728,-1440.0213124653062
832,-209.98362688370733,0.9954204513584999,0.16569267380414235,4.0,23.0,0.0,211.76182309519578,0.6428998810687635,0.3571001189312365,-0.35333281127986554,-1.2656762327822717,-1438.8596861039268
833,-211.16576673896185,0.9573871896743653,0.1771068585037777,5.0,43.0,0.0,214.22082410679766,0.037795461934546914,0.9622045380654531,-0.08596605163589097,-0.8397574663215089,-1435.1731929312461
834,-209.33640306904,0.9648423310620994,0.14763557083133919,3.0,7.0,0.0,210.33312391152094,0.7247751694355284,0.27522483056447156,-0.9693077584649807,-0.18950814709191932,-1434.0666330897802
835,-210.58061211446872,0.9043458849066928,0.15468756696921107,5.0,31.0,0.0,212.44271472747644,0.09253678406834204,0.907463215931658,0.5268971526214368,-0.7680160353287127,-1436.7780561220225
836,-210.40273755127916,0.9941971726687523,0.16569267380414235,3.0,7.0,0.0,212.46727022712918,0.06755479949707335,0.9324452005029267,-0.4628804645023904,-0.6834664293043797,-1433.7239733832553
837,-211.16576673896185,0.44511822443150467,0.1771068585037777,1.0,3.0,0.0,213.69438608754436,0.037795461934546914,0.9622045380654531,-0.08596605163589097,-0.8397574663215089,-1435.1731929312461
838,-209.97055044948112,0.980740174922477,0.14763557083133919,3.0,11.0,0.0,210.89755728590796,0.8754926144599872,0.12450738554001284,-0.8038693983315874,-0.7136610189151508,-1434.1173595567914
839,-211.11287665759514,0.8775624050318754,0.15468756696921107,3.0,15.0,0.0,212.48635684646945,0.03094566055892602,0.969054339441074,0.9675316753569904,-0.7785504246392831,-1432.7591939808408
840,-210.08993577020152,0.8155639210403521,0.16569267380414235,4.0,15.0,0.0,213.46706046196286,0.09161447180707702,0.908385528192923,-0.9458082880824881,-0.7506150811289067,-1432.8165215745523
841,-210.2344132074773,0.999041557545438,0.1771068585037777,2.0,7.0,0.0,211.64240320641898,0.0592507618710664,0.9407492381289336,-0.10717564809772473,-0.7737111780923684,-1431.7779900067198
842,-211.13185396982698,0.9781490007623845,0.14763557083133919,3.0,11.0,0.0,215.42429553544227,0.9649971752827381,0.035002824717261904,-0.7390958520859612,-1.4980480666595986,-1432.634569328446
843,-212.37016817918973,0.9495914321318167,0.15468756696921107,3.0,7.0,0.0,212.7917330013814,0.05319557010875598,0.946804429891244,1.1302774038765224,-0.9253409064724201,-1444.5152620990084
844,-209.01512428878493,0.9995974374976353,0.16569267380414235,3.0,11.0,0.0,210.77087083122896,0.2989767312676808,0.7010232687323192,-0.960273827478511,-0.6343494610329189,-1431.887557158626
845,-209.85150425802954,0.7630285901423837,0.1771068585037777,3.0,11.0,0.0,213.65788891880177,0.4529329320718447,0.5470670679281553,-0.29015822820212867,-0.870462943625896,-1439.238217319943
846,-212.7489393807527,0.7604100370066476,0.14763557083133919,2.0,7.0,0.0,215.03707501852884,0.9902393047043833,0.00976069529561674,-0.796362529967336,-1.5808199523462156,-1434.865739443043
847,-212.61998465714606,0.965036057946882,0.15468756696921107,2.0,3.0,0.0,213.54256370214972,0.08710353427284952,0.9128964657271504,1.1772102090144454,-0.8989222188243211,-1449.3434787729914
848,-210.1401526483704,0.9376066502201255,0.16569267380414235,3.0,7.0,0.0,210.35813665623814,0.20386830396281855,0.7961316960371815,-1.0284404348673895,-0.5116421695628725,-1437.8972529271089
849,-208.81299110890365,0.9734035145214767,0.1771068585037777,3.0,15.0,0.0,210.34443491433933,0.49354981203532133,0.5064501879646787,-0.5592981195857706,-0.9027573408868454,-1431.8779017553268
850,-209.931148511588,0.9049929890633485,0.14763557083133919,3.0,11.0,0.0,217.49930418594272,0.6183655231807107,0.3816344768192893,-0.8005205090270228,-0.28055795092960045,-1439.557119193522
851,-211.2202612548947,0.8240141290304734,0.15468756696921107,1.0,3.0,0.0,215.383824795598,0.043399212370191564,0.9566007876298084,1.1002986553028973,-0.7600735141372404,-1435.5353845889222
852,-209.83489342927916,0.9964483051738794,0.16569267380414235,3.0,15.0,0.0,212.2850638933255,0.1578481925559593,0.8421518074440407,-0.28004616594916515,-0.9037280413839155,-1434.775884595659
853,-210.37951427049288,0.9446085967555344,0.1771068585037777,3.0,15.0,0.0,211.54470493550758,0.7582601000017845,0.24173989999821555,-0.8729162054161661,-0.8054129145176554,-1440.3122798412137
854,-210.8820436832396,0.9430844238663251,0.14763557083133919,3.0,15.0,0.0,212.524883965549,0.34950670900888653,0.6504932909911134,-1.32033046836787,-0.6530979770532812,-1444.6158267639728
855,-209.93038889021665,0.9752570250831548,0.15468756696921107,4.0,31.0,0.0,211.6148848024895,0.1147172920280425,0.8852827079719575,0.2406701470737896,-0.8581342429397641,-1433.6629307602798
856,-209.72578296122447,0.8873857856077375,0.16569267380414235,3.0,7.0,0.0,211.33462385132424,0.16298595377049158,0.8370140462295084,-0.20558587933503486,-0.909012392939423,-1434.2241137883013
857,-210.23606612854763,0.9184981218220153,0.1771068585037777,2.0,7.0,0.0,216.4537388100568,0.9229976676528162,0.07700233234718379,-0.6969875523381394,-1.3175588789420996,-1432.0764423505784
858,-209.18557570892648,1.0,0.14763557083133919,4.0,15.0,0.0,211.27858467668236,0.747702147582831,0.25229785241716896,-0.6910541757783524,-0.9467593150639096,-1432.2950223900018
859,-210.10241751664438,0.8338734329993445,0.15468756696921107,3.0,7.0,0.0,211.24354725485185,0.194424843276154,0.805575156723846,0.20007163928791125,-0.929559992085082,-1437.7490666432636
860,-210.68847567655683,0.9079672698104303,0.16569267380414235,2.0,3.0,0.0,211.3823176128799,0.3512333845140942,0.6487666154859058,-0.08971376416648155,-0.8328258005845465,-1444.5621015614756
861,-208.8509027967047,0.9709901599632397,0.1771068585037777,4.0,31.0,0.0,210.82025221768876,0.5449297499239448,0.45507025007605517,-0.7633450158282759,-0.7157932336339152,-1432.1131924654492
862,-210.51302286768387,0.8940927300605535,0.14763557083133919,4.0,15.0,0.0,210.8971845073978,0.3636112377843238,0.6363887622156762,-1.2556566956619857,-0.291443455759892,-1442.6273942493938
863,-209.050189530027,0.9843258033503587,0.15468756696921107,4.0,23.0,0.0,211.30131121526298,0.6433598699275805,0.35664013007241946,-0.8946375924128035,-0.315358084934643,-1433.1218150315085
864,-209.34557159843692,0.9423224767431942,0.16569267380414235,2.0,3.0,0.0,211.2925678801825,0.3387140679192607,0.6612859320807394,-0.22123735676920836,-0.8830433164491968,-1435.0572483355159
865,-209.06922378463292,0.9731648040326099,0.1771068585037777,3.0,11.0,0.0,209.54444026503907,0.7502211689399946,0.24977883106000542,-0.8348923205696278,-0.44037895246176284,-1431.862204691424
866,-209.63341498696897,0.9446730876928948,0.14763557083133919,3.0,7.0,0.0,213.62276470968393,0.15187041771967827,0.8481295822803218,-1.2257643306146182,-0.6658061207618444,-1432.2590982362724
867,-208.99062253868442,0.9999947981316879,0.15468756696921107,3.0,7.0,0.0,209.0784972171614,0.685318465976347,0.31468153402365295,-0.9065626066270926,-0.33433706525839174,-1432.2529580251528
868,-210.53779420543256,0.9997542363202822,0.16569267380414235,3.0,15.0,0.0,211.16386773274905,0.04405081053860402,0.955949189461396,0.04974114000875265,-0.7855540279276533,-1431.9285275527445
869,-209.34171425808387,0.9718368150816246,0.1771068585037777,3.0,11.0,0.0,209.78670373096244,0.4296746402478452,0.5703253597521548,-1.002177602697645,-0.39211838934852455,-1435.3671278651636
870,-209.26027445836033,0.9620073484391132,0.14763557083133919,3.0,15.0,0.0,211.8924086563045,0.6702298763022692,0.32977012369773084,-0.7577464878795935,-0.4467007930309312,-1434.423465795213
871,-209.26178920992407,0.9551997134645864,0.15468756696921107,3.0,7.0,0.0,209.3531550867909,0.73779061165714,0.26220938834286,-0.9242912715733201,-0.37282614456284624,-1433.3241143329567
872,-209.44448310975352,0.9848349007549164,0.16569267380414235,4.0,19.0,0.0,211.31286843328473,0.37708739841065936,0.6229126015893407,-0.8267794106553235,-0.8042249989496092,-1435.6357609805732
873,-209.3497375372339,0.9864656436410755,0.1771068585037777,2.0,7.0,0.0,209.8033556372755,0.484660554544644,0.5153394454553559,-0.9220543021784169,-0.7077058204600124,-1435.3874933193065
874,-209.4061885358184,0.9086822528710331,0.14763557083133919,3.0,15.0,0.0,211.1747985215472,0.7770429463934723,0.22295705360652773,-0.5801789282762825,-1.0060119008781743,-1433.2526290638782
875,-210.1013834332283,0.9538308506457742,0.15468756696921107,3.0,11.0,0.0,210.61069299695916,0.8066537137708459,0.19334628622915406,-0.61956336185812,-0.6214942229361965,-1437.8284408629506
876,-213.03315516011637,0.7768064288900908,0.16569267380414235,2.0,3.0,0.0,214.16414628725042,0.45351984959540287,0.5464801504045971,-0.23761699074807374,-0.6790735215820386,-1461.4978322800323
877,-209.60159101986824,0.9440308694582411,0.1771068585037777,2.0,3.0,0.0,210.27961176615642,0.5079825277237455,0.4920174722762545,-0.8654694570082787,-0.7909983584287997,-1437.1115287387252
878,-209.03014709717928,0.9969224896775192,0.14763557083133919,3.0,11.0,0.0,210.11098848286576,0.7002681005236538,0.29973189947634615,-0.7748167540431202,-0.6872051061393902,-1432.2188482608092
879,-209.45585875360874,0.9913617042663345,0.15468756696921107,2.0,3.0,0.0,210.2737418225761,0.8293472557099212,0.17065274429007882,-0.7090368224906001,-0.6160440857768452,-1432.6016984222488
880,-209.65879991255844,0.9767819913882727,0.16569267380414235,3.0,7.0,0.0,213.7670207114886,0.2723814634484229,0.727618536551577,-0.7879335691003255,-0.8272568988724459,-1435.9642774764002
881,-211.0743125688182,0.9132809181689471,0.1771068585037777,2.0,7.0,0.0,211.92178934346992,0.6072415803062965,0.3927584196937035,-0.895973803793615,-0.904484355385347,-1446.7486316043182
882,-209.11499389471933,0.9103054675444178,0.14763557083133919,3.0,15.0,0.0,210.06162991314645,0.34135716339792377,0.6586428366020762,-0.43709402590271684,-0.7895519214873041,-1433.5028232790196
883,-209.15177687268115,0.9970332659620493,0.15468756696921107,3.0,15.0,0.0,209.89066010826474,0.25751984716689186,0.7424801528331082,-0.8124760734916627,-0.6589260401296283,-1432.3960833734768
884,-209.93407130569125,0.702427695830172,0.16569267380414235,1.0,3.0,0.0,214.9976702772022,0.3166526722891393,0.6833473277108607,-0.5357561055671898,-0.6432288988622799,-1438.994375525043
885,-209.82940351250306,0.9632829427754358,0.1771068585037777,4.0,15.0,0.0,212.10883971524228,0.8931861575679924,0.10681384243200764,-0.85025190731841,0.0539386700996031,-1432.5927758932858
886,-211.48883446309398,0.969275718168652,0.14763557083133919,4.0,31.0,0.0,212.15593089238575,0.8803172153489618,0.11968278465103821,-0.5798203033818998,-0.4737028809256095,-1444.8839656029113
887,-209.40328390517345,0.8719115221235101,0.15468756696921107,3.0,11.0,0.0,211.62775154240006,0.8098420901034341,0.1901579098965659,-0.6529567469565138,-0.8595086648900111,-1432.5774628146048
888,-209.51195089223455,0.9874718108797077,0.16569267380414235,2.0,3.0,0.0,210.29170147517954,0.28095220418497363,0.7190477958150263,-0.49739475115735954,-0.6984554246982958,-1435.5741751144346
889,-212.09401662363427,0.9424316767554262,0.1771068585037777,4.0,15.0,0.0,213.86274743093466,0.009485368996073532,0.9905146310039264,-0.6412213530678279,-0.7213110395074892,-1432.047088155569
890,-211.66718071919385,0.9501404125956159,0.14763557083133919,4.0,19.0,0.0,213.21416985049103,0.9130180406315436,0.08698195936845643,-0.9805654695195097,0.22825294458995563,-1443.772147045016
891,-209.75169393552224,0.9901599713683772,0.15468756696921107,2.0,3.0,0.0,209.794168332613,0.8564731807166003,0.14352681928339972,-0.7602337322984243,-0.8836654991882434,-1433.2602722419401
892,-209.2024124683501,0.9983910175734069,0.16569267380414235,3.0,7.0,0.0,209.68747087481006,0.2133079794293426,0.7866920205706573,-0.5801178131557994,-0.7780737523272985,-1431.9758308533064
893,-211.86519079631313,0.7035580466801942,0.1771068585037777,3.0,11.0,0.0,214.80912743143114,0.014254060273007931,0.9857459397269921,-1.2577313606063685,-0.7415765357311043,-1432.2100648575238
894,-211.89307521479824,0.9243093242022488,0.14763557083133919,4.0,19.0,0.0,214.14712208699765,0.9721063582188506,0.027893641781149392,-0.8583836036043851,1.1870047091160572,-1436.9319343752866
895,-210.4053801771054,0.9469190892470619,0.15468756696921107,5.0,35.0,0.0,216.53408617889974,0.8926288566077735,0.10737114339222653,-0.8994313100684085,0.4152486559918309,-1436.3824405602863
896,-211.60353707748342,0.9011727141760686,0.16569267380414235,3.0,15.0,0.0,213.28587385194845,0.5694388696225136,0.43056113037748645,-1.017616665329149,-0.7955686352940806,-1450.5540609697646
897,-213.15905300654984,0.8442295451518368,0.1771068585037777,3.0,15.0,0.0,214.91978961927992,0.0054607843624270075,0.994539215637573,-1.040768592857376,-0.6466036213489517,-1435.1258959036284
898,-212.81983873235197,0.7511807340682278,0.14763557083133919,2.0,7.0,0.0,214.35310201881393,0.9752823631403948,0.024717636859605152,-0.6236888801522562,1.2521212350943356,-1442.6845022113737
899,-209.30271192628254,0.8672601770503733,0.15468756696921107,3.0,15.0,0.0,212.01201312961842,0.8202869881759965,0.17971301182400345,-0.8371058432718435,-0.2898850393793535,-1431.9094165079857
900,-210.02988643266318,0.9943733057287958,0.16569267380414235,3.0,11.0,0.0,212.26764793024577,0.08233766390273263,0.9176623360972673,-0.20974510430085408,-0.7332961923520355,-1432.491050094829
901,-212.74514604975326,0.9255030277366284,0.1771068585037777,2.0,3.0,0.0,213.77283009719937,0.005292812870339615,0.9947071871296603,-0.9343665306718593,-0.7097512357171878,-1432.1595870413923
902,-213.48799770268494,0.9871415604028495,0.14763557083133919,4.0,15.0,0.0,214.4630167982712,0.9974455484242924,0.0025544515757075503,-0.7166004327233609,1.0930554666208667,-1431.991391263719
903,-209.38778145232513,0.9812218156129229,0.15468756696921107,4.0,15.0,0.0,209.65957287246906,0.7933009056396779,0.20669909436032208,-0.7418647611245421,-0.4115431234161884,-1433.2885623295579
904,-210.69770270180547,0.9944289343088947,0.16569267380414235,3.0,15.0,0.0,211.32222140645035,0.040761894941716566,0.9592381050582834,-0.6772940999447646,-0.7482847315697584,-1432.1762465945644
905,-211.95261444632857,0.9898143378388943,0.1771068585037777,4.0,31.0,0.0,213.9665045450085,0.914282068557807,0.08571793144219297,-0.816353392802749,-1.6024023389683923,-1443.7349402590928
906,-213.83527323798648,0.9645270538810173,0.14763557083133919,4.0,15.0,0.0,215.41210250040945,0.9965837557649766,0.0034162442350234024,-0.6653727227976125,1.8621145863351685,-1434.4911506426406
907,-210.69950811318012,0.909749629936121,0.15468756696921107,4.0,15.0,0.0,211.25187017133211,0.8471004695537492,0.15289953044625082,-0.6955377889553609,-0.003606446635198733,-1440.924073644463
908,-210.9502651767215,0.9670551701232349,0.16569267380414235,4.0,31.0,0.0,211.51300951480516,0.03656693189256229,0.9634330681074377,-0.7462620124476296,-0.6764743381530322,-1433.2043927483535
909,-211.29651838354593,1.0,0.1771068585037777,1.0,1.0,0.0,211.89066688267698,0.9135144055572864,0.08648559444271364,-0.778760481295641,-1.6027770135997015,-1439.3093160956012
910,-214.0337583624679,0.9311534247307232,0.14763557083133919,3.0,13.0,0.0,215.1270325159229,0.9968534054117062,0.003146594588293805,-0.7929915529318139,2.1669995536963906,-1434.0747393533272
911,-209.96677107973068,0.9991077153388503,0.15468756696921107,3.0,11.0,0.0,211.13391571863912,0.5263051927892061,0.47369480721079393,-0.9997573787302142,-0.2094778645701039,-1439.9028026387412
912,-211.66248429748663,0.9239340608767539,0.16569267380414235,2.0,3.0,0.0,211.94359908321164,0.03433804726594149,0.9656619527340585,-0.6808897711695744,-0.6175175909462997,-1437.8521915849003
913,-210.68019281314776,0.8503300442816902,0.1771068585037777,1.0,3.0,0.0,213.2250211351956,0.9134662596495936,0.0865337403504064,-0.5699286374214072,-1.5465651401893825,-1435.4514260880605
914,-216.6060733667805,0.5037877012558575,0.14763557083133919,2.0,3.0,0.0,216.88725684660844,0.9964037857496889,0.0035962142503110917,-0.9385228575165558,2.135708840265887,-1452.6618193914103
915,-210.01290461912154,0.9700258894256275,0.15468756696921107,1.0,3.0,0.0,211.16008534296967,0.5842654294284244,0.4157345705715756,-1.1326866508275395,-0.16596436232951417,-1439.8109328895582
916,-210.71910131545928,1.0,0.16569267380414235,2.0,3.0,0.0,211.73526256030618,0.047038170491313064,0.9529618295086869,-0.7702338813325352,-0.7746976797191192,-1433.1170892445448
917,-211.1039772803595,0.9724051601356486,0.1771068585037777,2.0,3.0,0.0,211.43601519944488,0.8261254348067831,0.17387456519321687,-0.6874991651042919,-1.6623611102348903,-1442.0563263791012
918,-218.39724363629492,0.7809413215877381,0.14763557083133919,2.0,3.0,0.0,219.14879229023757,0.9948087140046616,0.005191285995338357,-0.47161955077414475,2.276573808128316,-1467.5913845745713
919,-210.37202121459953,0.9740734370481173,0.15468756696921107,3.0,15.0,0.0,213.73748970117418,0.4201090825902292,0.5798909174097708,-1.2498630222047487,-0.26198800340926287,-1442.0354691672842
920,-211.3096585249135,0.8828046138885128,0.16569267380414235,3.0,15.0,0.0,213.03144135960383,0.07435035571698514,0.9256496442830149,-0.5169302943374625,-0.88517008684613,-1440.2814084337
921,-210.51865803052112,0.9610924760078571,0.1771068585037777,2.0,3.0,0.0,211.68354184872845,0.8743983506995074,0.12560164930049256,-0.6470581129090395,-1.726712282792199,-1436.0171275412088
922,-214.68264402593823,1.0,0.14763557083133919,2.0,7.0,0.0,217.74352362176398,0.9963777308957469,0.0036222691042531174,-0.6170403806893192,2.256218943544236,-1439.399725721622
923,-210.1171931383119,0.9838873189048966,0.15468756696921107,4.0,23.0,0.0,211.8068336808625,0.06840112134417017,0.9315988786558298,-0.26481029256573674,-0.7531804125147165,-1431.869207075264
924,-211.76769472721864,0.947233642460992,0.16569267380414235,3.0,7.0,0.0,212.70756412337354,0.06947290429008017,0.9305270957099199,-0.24558191419240116,-0.599081826170918,-1443.558320635036
925,-210.56357482218021,0.9961410669269751,0.1771068585037777,3.0,7.0,0.0,210.8899561192497,0.9095239734680359,0.09047602653196407,-0.6783688288695682,-1.7339142349838936,-1434.2761570742189
926,-213.71144551129177,1.0,0.14763557083133919,2.0,7.0,0.0,214.74849790593225,0.9935389131834867,0.006461086816513251,-0.8242897953059651,2.195889218307135,-1436.6427032759507
927,-210.09575304220775,0.9850871684798643,0.15468756696921107,4.0,15.0,0.0,212.28383631251756,0.18039545659842962,0.8196045434015704,0.23130602297556688,-0.8767346525569851,-1437.375700849704
928,-209.0481962267068,1.0,0.16569267380414235,4.0,15.0,0.0,212.05035640034842,0.5619856284651181,0.4380143715348819,-0.6502176128221585,-0.6991897218137128,-1433.5834289687432
929,-210.54120952493622,0.9993714815819252,0.1771068585037777,3.0,7.0,0.0,210.6819518516617,0.909602568701448,0.09039743129855204,-0.643819393205138,-1.7708341366124718,-1434.0439721243517
930,-213.0712786608024,0.9372920310181173,0.14763557083133919,2.0,7.0,0.0,214.8235814723575,0.9893788215582687,0.010621178441731272,-0.6852324165495155,2.1582037519935495,-1435.948053702896
931,-210.25496076978425,0.968065629461055,0.15468756696921107,3.0,11.0,0.0,211.0355840018885,0.10451863897158341,0.8954813610284166,0.2884145794845492,-0.7597137986889146,-1435.456646541217
932,-211.46006761948436,0.9708422366754793,0.16569267380414235,3.0,15.0,0.0,211.9360841818333,0.9483628641631968,0.05163713583680318,-0.6006998219251865,-0.7570928457225186,-1439.070425540043
933,-214.56306152557974,0.8179983072493928,0.1771068585037777,5.0,37.0,0.0,218.16997856148387,0.9970893229476404,0.0029106770523595893,-0.7118871090294031,2.99553135921854,-1433.6063668925979
934,-210.45358719058174,0.9653634411564325,0.14763557083133919,5.0,47.0,0.0,213.8960013649472,0.07973256181755951,0.9202674381824405,-0.4035612661300213,-0.8421552095302276,-1434.9646388390463
935,-210.58250384142315,0.9953578299457161,0.15468756696921107,4.0,19.0,0.0,211.2046003143759,0.07016071701074261,0.9298392829892574,0.6531798278169293,-0.8387038902790912,-1434.8204530611833
936,-211.92156097434045,0.9915877757461106,0.16569267380414235,2.0,3.0,0.0,212.0455879237273,0.9647894085823346,0.03521059141766536,-0.8542459888209395,-0.7254288511858074,-1439.453997050701
937,-215.16513145361588,0.9439958829956494,0.1771068585037777,3.0,7.0,0.0,215.3774629809335,0.9980212713755086,0.0019787286244914437,-0.8040930520352367,2.891924665265551,-1435.511854995798
938,-209.13904735262366,0.9750164916073416,0.14763557083133919,4.0,15.0,0.0,211.18264883900844,0.47921291029731905,0.520787089702681,-0.6098382124906713,-0.9626962466981972,-1433.9718501741754
939,-208.99555690205827,0.9900558179713207,0.15468756696921107,4.0,31.0,0.0,211.3785463898709,0.4817954416147987,0.5182045583852013,-0.7326810234327277,-0.812367333736285,-1433.0714486011561
940,-210.93756889503103,0.9887056260359612,0.16569267380414235,2.0,3.0,0.0,211.8875689582592,0.9543780746578676,0.045621925342132386,-0.6538183165733074,-0.6690343326633783,-1434.7001606710292
941,-213.97073310338203,0.9797351511060011,0.1771068585037777,4.0,15.0,0.0,215.4164921796685,0.9893379635317433,0.010662036468256697,-0.797002817998024,2.8707027916415835,-1438.9505611432924
942,-209.729442957314,0.8840877105008998,0.14763557083133919,4.0,31.0,0.0,211.12633581700106,0.13756672011671545,0.8624332798832846,-1.273646042289145,-0.6204460318329841,-1432.3017002884296
943,-208.91560782906382,0.991985090762694,0.15468756696921107,3.0,11.0,0.0,210.30898417553954,0.3656798797193314,0.6343201202806685,-0.8801845848398029,-0.6105838739101509,-1432.0534275726231
944,-210.3170059146756,0.997420103538584,0.16569267380414235,3.0,15.0,0.0,212.47964121564135,0.8937881323034519,0.10621186769654811,-0.713810959802328,-1.4643742169131628,-1434.2617892461099
945,-211.10957455822563,0.9516939812611697,0.1771068585037777,4.0,23.0,0.0,215.16375479602354,0.9508041437025652,0.04919585629743484,-0.8827777046768078,0.47775008298150035,-1436.269034864175
946,-208.89651038658886,0.9999246853795684,0.14763557083133919,4.0,15.0,0.0,209.83098981574946,0.5828460002615301,0.4171539997384699,-0.7773368165630027,-0.582117187322507,-1432.4231447296856
947,-210.04820029487195,0.8956839565910553,0.15468756696921107,2.0,3.0,0.0,210.10209869330959,0.3332266417828841,0.6667733582171159,-0.794604790934896,-0.5036518567966984,-1439.8064359749405
948,-210.5061181715146,0.9990600016270464,0.16569267380414235,4.0,15.0,0.0,211.1202760188369,0.8772602299959809,0.12273977000401914,-0.5629995218789292,-1.7017248598030024,-1435.9556605910839
949,-211.01642945813217,0.9911468158851392,0.1771068585037777,5.0,39.0,0.0,211.80184445355434,0.05019351967741182,0.9498064803225882,0.9514739179043898,-0.7640820013936187,-1435.3412114742482
950,-209.55085953571475,0.9822409792888741,0.14763557083133919,4.0,19.0,0.0,209.7443143052244,0.8527316675691708,0.14726833243082915,-0.6879103285576252,-0.8189336569506658,-1432.2060818248817
951,-211.9400291900374,0.8883095381291849,0.15468756696921107,2.0,3.0,0.0,212.15246481412925,0.25729829901952095,0.742701700980479,-0.7757377084252142,-0.4386244426112975,-1451.911925671035
952,-210.82384047817393,0.723100552563279,0.16569267380414235,4.0,31.0,0.0,212.5569836796634,0.39356220556558824,0.6064377944344117,-0.5206996981072947,-0.5871227102072941,-1445.8912082611123
953,-208.9934645564772,0.9956586128551816,0.1771068585037777,5.0,31.0,0.0,211.0568292259354,0.2995497612004505,0.7004502387995495,-0.3466473386081614,-0.8694514222988501,-1432.132707733513
954,-210.9625970215223,0.9048006239651953,0.14763557083133919,4.0,17.0,0.0,211.3326684736031,0.5592470990184008,0.44075290098159925,-1.1737857728056718,-0.0690407215558877,-1446.4103520575502
955,-211.11893702519762,0.9826866528011166,0.15468756696921107,4.0,15.0,0.0,215.80585908881042,0.46894595758889923,0.5310540424111008,-0.18917928722754412,-1.2947059643980414,-1447.2767671182694
956,-209.2636106459125,0.9711861505630743,0.16569267380414235,2.0,7.0,0.0,211.7961335640799,0.3357215896545105,0.6642784103454895,-0.5970327895450265,-0.897310867659337,-1434.17351893472
957,-208.97647472523468,0.9631666404675828,0.1771068585037777,4.0,15.0,0.0,209.612349376473,0.6625104873603399,0.3374895126396601,-0.702495906309319,-0.6999676024119252,-1432.3617619288218
958,-210.93947797370572,0.7294732139633268,0.14763557083133919,4.0,23.0,0.0,214.9725516514457,0.10874639386098273,0.8912536061390173,0.6436450595084398,-0.8954141194609072,-1439.9465198380037
959,-210.0632382622643,0.9168829882529551,0.15468756696921107,3.0,7.0,0.0,211.9053313999873,0.556839472960569,0.443160527039431,-0.25929355306443763,-1.133520901947382,-1440.2319113737988
960,-208.88981614933752,0.9988810183927569,0.16569267380414235,2.0,7.0,0.0,209.4290736673425,0.4408425481315041,0.5591574518684959,-0.5922168536434262,-0.8883562256403577,-1432.301900519387
961,-209.18201756344735,0.9932569099299132,0.1771068585037777,3.0,15.0,0.0,210.50783610251895,0.7116277318638411,0.2883722681361589,-0.5618332681583277,-0.9778050848042293,-1432.9402253057756
962,-214.21077166171693,0.8324428781430985,0.14763557083133919,2.0,3.0,0.0,214.468884283022,0.17707418881350154,0.8229258111864984,0.824651698393965,-1.0135881703393723,-1464.9364315559023
963,-209.10440551822296,0.9965000194389638,0.15468756696921107,3.0,7.0,0.0,211.1304547794293,0.5511442493973647,0.4488557506026353,-0.41228238611643275,-1.0828482033572133,-1433.6339830837942
964,-211.90692554933528,0.6336600549387925,0.16569267380414235,3.0,15.0,0.0,217.0540823970267,0.027733332422084256,0.9722666675779157,-0.6368740551262241,-0.6162978028564597,-1438.1635724116254
965,-209.2729820150533,0.9438555790207882,0.1771068585037777,2.0,7.0,0.0,210.387307498164,0.7414351242005446,0.2585648757994554,-0.6588281056041443,-1.0893449748574284,-1432.7970319413064
966,-213.50477121465593,0.99124288883851,0.14763557083133919,2.0,3.0,0.0,215.47815805152845,0.10153807143874051,0.8984619285612595,0.6611654433236035,-1.0596720774728159,-1456.9517828073776
967,-209.4126792998131,0.9146847039905428,0.15468756696921107,5.0,31.0,0.0,211.57852569360077,0.8382658263093192,0.16173417369068077,-0.8436885184537725,-0.265679347762135,-1432.092742951625
968,-211.21712476799445,0.9937917513595792,0.16569267380414235,4.0,15.0,0.0,212.55269606349037,0.03993485664703891,0.9600651433529611,-0.920649246861585,-0.6331003256302513,-1435.4302587472596
969,-209.17185180603164,0.9967551131300715,0.1771068585037777,4.0,31.0,0.0,209.4151175315345,0.27217284826276666,0.7278271517372333,-0.7946200713936922,-0.6460082639799039,-1432.8186796154037
970,-212.6773208125616,1.0,0.14763557083133919,1.0,1.0,0.0,213.44379925709748,0.11191072778899769,0.8880892722110023,0.6713518234474597,-1.0254563709629945,-1451.877529010344
971,-210.229120357308,0.8931816514910093,0.15468756696921107,2.0,5.0,0.0,210.66965737226508,0.9044227435403737,0.09557725645962634,-0.8617647971951274,-0.2588294885981537,-1434.6001134310961
972,-211.9252783432846,0.872758921096952,0.16569267380414235,4.0,21.0,0.0,214.3633446815088,0.9837763007478538,0.016223699252146173,-0.6594657916619728,-0.043163218778304896,-1434.9690357011366
973,-209.3910509999266,0.7728099321645898,0.1771068585037777,4.0,15.0,0.0,211.61360506139977,0.8250507205350389,0.17494927946496108,-0.7773032662030789,-0.6160445485990768,-1432.202292261418
974,-211.900903389718,1.0,0.14763557083133919,3.0,15.0,0.0,213.2380888744714,0.043966030218198233,0.9560339697818018,0.8146104296653648,-0.6547841630412322,-1440.9236408115166
975,-212.37485841947972,0.9682060319133192,0.15468756696921107,4.0,15.0,0.0,212.95512384165664,0.8508274664533303,0.1491725335466697,-1.0777798543645243,0.33408097661841196,-1451.675191311981
976,-210.51008567335688,0.9983823122751513,0.16569267380414235,4.0,15.0,0.0,212.19002855256636,0.9413595803056192,0.05864041969438083,-0.8165935082398534,-0.2916655851546843,-1433.4928011856632
977,-210.25607907018514,0.9510964486546611,0.1771068585037777,4.0,27.0,0.0,211.79441123474987,0.17191292873247027,0.8280870712675297,-0.057430486840443794,-0.7251737529916408,-1438.474606837631
978,-212.61884184593768,0.9994595597847585,0.14763557083133919,3.0,15.0,0.0,212.93473957771698,0.016256930988576886,0.9837430690114232,1.164549556189117,-0.8703824549138472,-1438.3258806956662
979,-211.7846950892059,0.90136318739108,0.15468756696921107,2.0,3.0,0.0,213.60714151111395,0.8551348210980321,0.14486517890196793,-0.6820506240917444,0.2707150457162688,-1448.0653977173615
980,-209.08626784362397,0.9500769759529724,0.16569267380414235,3.0,11.0,0.0,212.09183313754366,0.429141244556653,0.5708587554433471,-1.1111264789948916,-0.46010537340292057,-1433.3516068783874
981,-210.07789430164152,0.9910354620455447,0.1771068585037777,2.0,3.0,0.0,210.5650592338532,0.1438576464757389,0.8561423535242612,0.0656087423891012,-0.9392096761229074,-1435.9347233125445
982,-211.72468314987813,0.9672634882327114,0.14763557083133919,3.0,7.0,0.0,213.20330238476163,0.01723095539829179,0.9827690446017082,1.012440908255223,-0.7058642231563202,-1433.0542023883077
983,-212.21751350132692,0.9892137506880464,0.15468756696921107,2.0,7.0,0.0,213.27415137463183,0.9752098048627954,0.024790195137204596,-0.8830326072233382,0.25089032070418127,-1439.5055146413033
984,-208.83962504487826,0.9982876879675857,0.16569267380414235,3.0,7.0,0.0,209.28328122852255,0.5776664798981683,0.42233352010183167,-0.8866914114966872,-0.47756080479455043,-1431.9923189608205
985,-210.35550724427372,0.9987999161887247,0.1771068585037777,2.0,7.0,0.0,210.49822279829507,0.1290298733905049,0.8709701266094951,0.22610033315798025,-0.7533203903931498,-1437.450833722135
986,-211.21428614210478,0.98481193322809,0.14763557083133919,3.0,7.0,0.0,212.0686294940918,0.0769662701715995,0.9230337298284005,0.8318234960461389,-0.887083987930869,-1439.4722563592854
987,-213.01533984382826,0.9447979329442321,0.15468756696921107,2.0,3.0,0.0,213.24647960387972,0.9775308525292632,0.022469147470736806,-0.9160253088292184,0.2771953048748736,-1444.2908110499104
988,-210.02884341080266,0.9040786333713409,0.16569267380414235,3.0,15.0,0.0,210.92978766791668,0.7684754356785349,0.23152456432146507,-0.9755300710315394,-0.3868415578352765,-1437.9512492482775
989,-210.18234958876656,0.8203124758661554,0.1771068585037777,4.0,23.0,0.0,213.61362607800172,0.2794290498913536,0.7205709501086464,-0.32240100012609085,-0.7016328492752761,-1440.302222117086
990,-210.22921725965398,0.999425475868592,0.14763557083133919,3.0,15.0,0.0,212.13637081812894,0.0922862679856496,0.9077137320143505,0.3493415945294593,-0.7707211425321048,-1434.464632430901
991,-211.7725547011196,1.0,0.15468756696921107,1.0,3.0,0.0,213.3160305423523,0.9833597560980295,0.016640243901970497,-0.8112736330256642,0.26446322882953643,-1433.8346815545083
992,-210.28119821019519,1.0,0.16569267380414235,2.0,3.0,0.0,210.47183059934073,0.8032176716069255,0.19678232839307452,-0.6794411322135495,-0.29379724336454716,-1439.3545783110267
993,-209.6629054892656,0.9876488919739173,0.1771068585037777,4.0,15.0,0.0,210.9658376540507,0.15864862696453358,0.8413513730354665,-0.8483246951262778,-0.7644635685501765,-1433.2631249083092
994,-211.987282107704,0.8385762798426502,0.14763557083133919,2.0,3.0,0.0,212.29930288611303,0.08247436910397828,0.9175256308960217,0.31761765966791,-0.6321049266116692,-1446.092872372996
995,-209.48977698333167,0.9977313963144002,0.15468756696921107,3.0,15.0,0.0,212.52962275583016,0.8432776004942735,0.15672239950572653,-0.8253839965446225,-0.4188109889784227,-1432.3849232356647
996,-212.09940413964526,0.8092612448468347,0.16569267380414235,2.0,7.0,0.0,212.78880202766572,0.7286421741486458,0.27135782585135415,-0.5998656929350598,-0.2965035602320605,-1453.5474497540374
997,-209.19105898630275,0.9633487413084807,0.1771068585037777,4.0,15.0,0.0,210.20269316159258,0.5259793199592288,0.47402068004077125,-0.3850585146545227,-1.106600327592567,-1434.2603852884306
998,-209.98421642827032,1.0,0.14763557083133919,2.0,7.0,0.0,212.13157608455984,0.09964601396289186,0.9003539860371081,0.17000312140308316,-0.7727806551526476,-1433.3236906556897
999,-210.6214502813202,0.9951082786128166,0.15468756696921107,3.0,15.0,0.0,211.56591034263522,0.9534612224549565,0.04653877754504354,-0.705628543073403,-0.16789209814207723,-1432.948636850775
