draws,lp__,accept_stat__,stepsize__,treedepth__,n_leapfrog__,divergent__,energy__,rho.1,rho.2,mu.1,mu.2,log_prob_data
0,-206.41545887132338,0.9148574999069546,0.17704715286211825,3.0,15.0,0.0,207.5106744263949,0.7433857753108,0.25661422468920003,0.1586967853628552,-0.5912355580637785,-1414.099668541721
1,-205.1120238040363,0.9946235641665044,0.20847388307936407,4.0,15.0,0.0,206.39370884837132,0.3057223069747094,0.6942776930252905,0.21688129381268073,-0.0603457446148023,-1406.113151681192
2,-205.1343226152782,0.9866578203522758,0.18333647593951077,3.0,15.0,0.0,205.98660905570708,0.7304244907374888,0.26957550926251117,0.1741589846034864,-0.11918574681611274,-1405.7538918137363
3,-204.88276828319493,0.9845122844898453,0.17965687184034204,4.0,15.0,0.0,205.87628834586417,0.6292019580854126,0.37079804191458743,0.08992558132589311,-0.02432529055631724,-1405.2189786893148
4,-206.54483442456535,0.9403347290460717,0.17704715286211825,3.0,15.0,0.0,208.0233338835728,0.9088551891576137,0.09114481084238635,0.1633491765837896,0.14405772873279116,-1409.5138547545512
5,-206.82841589834698,0.8481114700567163,0.20847388307936407,4.0,15.0,0.0,207.55921427198612,0.834185499404683,0.165814500595317,0.29694110443720556,-0.30785708904209447,-1414.8972917277767
6,-205.87803771390975,0.9471990509655316,0.18333647593951077,3.0,13.0,0.0,207.49919913019107,0.1149022357484981,0.8850977642515019,0.4480882029859278,-0.03248912781407822,-1406.1915513482606
7,-205.7169049501614,0.9465742330835785,0.17965687184034204,3.0,15.0,0.0,206.69525252055183,0.6295435939493405,0.37045640605065955,-0.11801963337411484,0.0872743778159315,-1410.9672625391395
8,-206.45112002824538,0.8082834715863334,0.17704715286211825,3.0,11.0,0.0,209.171602094578,0.052271555416580746,0.9477284445834192,-0.2177999781237057,0.10324565534371158,-1405.3059127765762
9,-205.59837657699757,0.9971017148736975,0.20847388307936407,3.0,7.0,0.0,206.71466275371148,0.7359984803225991,0.26400151967740093,0.27541909464923425,-0.35244062318959035,-1408.7333503289187
10,-207.27943564198884,0.9586032033217408,0.18333647593951077,2.0,7.0,0.0,209.0950302055318,0.02227168015550466,0.9777283198444954,0.46831721640157636,0.0774886166936424,-1405.205331654327
11,-204.79282638956647,0.8502039937784192,0.17965687184034204,2.0,7.0,0.0,208.60199715682268,0.5306714559253336,0.4693285440746664,0.06449483040113535,0.0901814839703262,-1405.0458888018272
12,-207.5734889227181,0.9298759871813058,0.17704715286211825,4.0,15.0,0.0,208.25775496994552,0.02215147809970816,0.9778485219002918,-0.44253783889151643,0.011296195460517827,-1407.2253961335862
13,-205.81619372483934,0.9999797134465365,0.20847388307936407,3.0,7.0,0.0,206.00180720903845,0.8283373179567515,0.17166268204324853,0.20450952230583413,-0.5042672856410755,-1407.9982349478335
14,-206.3084018598535,0.9417344887368301,0.18333647593951077,3.0,7.0,0.0,207.62143554200807,0.06157650178423015,0.9384234982157699,0.5113603667644884,0.054188296480772905,-1405.2054186149428
15,-205.60638443472683,0.9836214488000784,0.17965687184034204,4.0,23.0,0.0,206.14673202508217,0.1692603871375702,0.8307396128624298,0.6554851009040635,-0.042282997234824315,-1406.3547153444085
16,-207.2711528933982,0.9661332099872126,0.17704715286211825,3.0,13.0,0.0,209.41514974246277,0.023999150017428483,0.9760008499825715,-0.1454385639929819,0.11252621962524853,-1405.8172912919774
17,-204.8549458832936,0.99442047982915,0.20847388307936407,4.0,15.0,0.0,206.99666905884027,0.5628878250874687,0.4371121749125313,0.1890517417499974,-0.09090092252864859,-1405.3635050349424
18,-206.88593924295373,0.9116761965359772,0.18333647593951077,4.0,15.0,0.0,206.93429187828423,0.06432859180453487,0.9356714081954651,0.5137787660342186,0.13645450428688616,-1409.4609684044592
19,-205.2068141487032,0.9606761355609474,0.17965687184034204,4.0,23.0,0.0,206.33671484410777,0.7761954558817364,0.22380454411826356,0.006248271852894019,0.15460642296256996,-1405.4069077074566
20,-207.67534195169216,0.9547005234870761,0.17704715286211825,4.0,19.0,0.0,208.5968437077558,0.19871606291826474,0.8012839370817353,-0.8249559535681642,0.1035009691690034,-1421.281118359375
21,-205.31259335768064,0.9587282800788,0.20847388307936407,3.0,11.0,0.0,206.7335833166406,0.5058162071817405,0.4941837928182595,-0.25799373381369295,0.37080985900774444,-1408.4958334560608
22,-206.82580766965555,0.8252835564512386,0.18333647593951077,2.0,3.0,0.0,208.11216411483647,0.11133300217812131,0.8886669978218786,0.40112225221028514,-0.11288436706116989,-1412.572680781534
23,-208.66136053699518,0.936926587893527,0.17965687184034204,4.0,15.0,0.0,209.9092467381488,0.9927858135858909,0.007214186414109092,0.13527903207437686,-0.25578266322894494,-1407.1922890093585
24,-205.55015833763406,0.9917639028196537,0.17704715286211825,3.0,15.0,0.0,208.32497871829682,0.31752924948151867,0.6824707505184813,-0.4159532589720712,0.2455659816797849,-1409.1252427841273
25,-206.4628666715993,0.6757057514048391,0.20847388307936407,2.0,5.0,0.0,207.60712990771285,0.7103366407751749,0.2896633592248251,-0.23851468042688403,0.3552049097717605,-1415.1153693777908
26,-205.0226291126483,0.9964342629574199,0.18333647593951077,2.0,7.0,0.0,208.3130469739775,0.4158270240294535,0.5841729759705465,0.3198689017239701,-0.046727041725169075,-1406.381138332556
27,-205.48681847117132,1.0,0.17965687184034204,4.0,15.0,0.0,208.88770228060454,0.7767897211209582,0.22321027887904177,0.13282406925787943,0.1410898690967209,-1407.3162805129793
28,-205.50135608528066,0.9501110411617661,0.17704715286211825,4.0,19.0,0.0,206.40649783931983,0.806771521833701,0.19322847816629896,0.15794007612994437,-0.02085733366956763,-1406.6924309797614
29,-205.69954442328248,0.9173288668211823,0.20847388307936407,3.0,7.0,0.0,207.8858928119883,0.8669320441038427,0.13306795589615728,-0.030409537435054396,0.46188074450742955,-1405.818498020315
30,-204.90485808312937,0.97718793991069,0.18333647593951077,3.0,11.0,0.0,206.3181024171167,0.6486081112628009,0.35139188873719907,0.1442144744633072,-0.044251905886439506,-1405.197917231179
31,-206.55585410254116,0.9932262585714213,0.17965687184034204,3.0,15.0,0.0,208.08567750123981,0.05898519436595694,0.941014805634043,0.05617939931737548,0.0022108058320037816,-1406.8624095912744
32,-204.84228277024147,0.9429120641020738,0.17704715286211825,2.0,7.0,0.0,206.38166655575338,0.5582107069257048,0.44178929307429515,0.1749204575031726,-0.034489244761721785,-1405.3024635110482
33,-205.05154381891373,0.9958594726234489,0.20847388307936407,3.0,15.0,0.0,206.3474832369227,0.6689674736654275,0.3310325263345725,-0.014105834434091722,0.3270817574225462,-1405.9394913196056
34,-205.92352226341828,0.9389800516865594,0.18333647593951077,4.0,15.0,0.0,206.0978331335037,0.22327256695997413,0.7767274330400259,-0.24518699996252755,0.2708455558133525,-1410.2514682423177
35,-207.58898873325842,0.9968215751731407,0.17965687184034204,3.0,7.0,0.0,207.92343989913235,0.016321087198059574,0.9836789128019404,-0.09271869700322166,0.09836815055375084,-1405.4170155671686
36,-205.22024352100965,0.987828547279306,0.17704715286211825,3.0,11.0,0.0,205.36992984355444,0.22319701661177369,0.7768029833882263,0.020427033515484548,0.11943367585630513,-1405.494298370633
37,-204.90056294395495,0.9997877996579073,0.20847388307936407,4.0,23.0,0.0,205.30835484487508,0.5115968208810467,0.48840317911895326,0.24365413775365674,-0.06859435640404918,-1405.7677214938867
38,-206.71130936810312,0.9252004901950195,0.18333647593951077,2.0,3.0,0.0,206.96698639883837,0.4372999054443553,0.5627000945556446,-0.31245421509165344,0.07754145689347189,-1418.135977053139
39,-205.42433252076432,0.97231383764081,0.17965687184034204,3.0,15.0,0.0,208.56641143458356,0.5450463667426138,0.45495363325738625,-0.24435634062343753,0.28396874114441145,-1409.2673518102863
40,-205.50537213054037,0.721576807427732,0.17704715286211825,4.0,15.0,0.0,208.39002732794287,0.75422447836058,0.24577552163941996,-0.02618649386758829,0.5654698640799122,-1407.6617834616136
41,-205.9284976277009,0.9837194803648726,0.20847388307936407,4.0,15.0,0.0,206.44664212526422,0.34377418752527783,0.6562258124747222,0.6468594681029096,-0.201062523152653,-1411.8216709312203
42,-205.56487889250477,0.9944363341373882,0.18333647593951077,4.0,15.0,0.0,206.89162848339143,0.616985104426553,0.38301489557344703,-0.21796760862136547,0.30917627279548215,-1409.9032439089906
43,-205.17678153245924,0.9930161835681918,0.17965687184034204,2.0,7.0,0.0,205.63379611730693,0.4896545331487216,0.5103454668512784,-0.2299320539211316,0.3415827966050524,-1407.5854564906758
44,-206.11101226659696,0.9675805722651333,0.17704715286211825,2.0,3.0,0.0,206.25839655961806,0.7902263569271343,0.20977364307286572,-0.18129716880467017,0.6143311563189499,-1410.995820456421
45,-206.7280498645495,0.6400070018611937,0.20847388307936407,3.0,11.0,0.0,208.4353183415193,0.4548023736828024,0.5451976263171976,0.11899351795816235,-0.2725996925596512,-1418.3175271601795
46,-205.0837058612983,0.978309831950294,0.18333647593951077,3.0,7.0,0.0,206.75005483900668,0.7414788630840666,0.25852113691593337,0.11077489579666046,0.022583888675291625,-1405.2461883940025
47,-204.94065887107476,0.9995312642754546,0.17965687184034204,4.0,15.0,0.0,205.3988892116122,0.5998635662618634,0.40013643373813657,-0.07472084095243156,0.30499076006603093,-1405.7373921497058
48,-204.93563707603778,0.8875476630523811,0.17704715286211825,3.0,15.0,0.0,207.9497150754401,0.49967373951141136,0.5003262604885886,0.11399996857240224,-0.06747908255102461,-1406.0538903442798
49,-207.80087668939836,0.9093579010412246,0.20847388307936407,3.0,11.0,0.0,209.0203102256898,0.4707909210094656,0.5292090789905344,0.7193903916625534,-0.31525107643720546,-1425.305127186591
50,-206.07100848651746,0.9562826552042133,0.18333647593951077,3.0,15.0,0.0,206.3930766002809,0.8916175940038449,0.10838240599615512,0.16993894962976935,-0.2026363758899823,-1407.2856109952859
51,-205.40418921152317,0.9979263829378119,0.17965687184034204,3.0,15.0,0.0,205.5941580657352,0.8210801024492718,0.17891989755072824,-0.00201537984559972,0.44421192249082725,-1405.4627445605697
52,-205.35186018344766,0.9946796367359384,0.17704715286211825,4.0,31.0,0.0,205.58194849812574,0.7886972511364578,0.21130274886354217,0.0629520447331668,0.2887787987158822,-1406.0674016606372
53,-206.6441847982757,1.0,0.20847388307936407,4.0,15.0,0.0,208.2998862923237,0.18424166359755034,0.8157583364024497,0.7241084042676721,0.07587189734570521,-1413.8985505338517
54,-204.80524142157242,0.992932437890547,0.18333647593951077,3.0,15.0,0.0,206.56708984988185,0.45201277460058503,0.5479872253994149,0.03194641805096087,0.0690248820836594,-1405.0993873791133
55,-205.87522789056098,0.9953239251822453,0.17965687184034204,4.0,15.0,0.0,205.97440292944387,0.09786903527241794,0.902130964727582,-0.23078887865725053,0.11260865301320366,-1405.3127960147528
56,-206.58765830281038,0.7914785155929487,0.17704715286211825,2.0,7.0,0.0,208.35417793622753,0.6674980663243987,0.3325019336756013,0.18633193676129362,0.2832970847045216,-1416.5592681139165
57,-207.2034944597878,0.9674712687977359,0.20847388307936407,4.0,15.0,0.0,207.96545404953702,0.9721882750458877,0.027811724954112327,0.01910951057587748,-0.14328046605460476,-1406.35251715705
58,-205.09067099275427,0.6559008185299365,0.18333647593951077,3.0,7.0,0.0,209.32170396204458,0.7558899759888298,0.2441100240111702,0.0898649713076733,-0.020165740295773393,-1405.034764338225
59,-206.18107450267453,0.9128424067238484,0.17965687184034204,2.0,3.0,0.0,206.74576529087363,0.1031638829577466,0.8968361170422534,-0.2515255437906592,0.022185529490304244,-1407.7506950178472
60,-205.5538928603302,0.9659846314237226,0.17704715286211825,3.0,7.0,0.0,207.24174097699367,0.33667004754979957,0.6633299524502004,0.025189778934012017,-0.05633680392892115,-1409.5570447404923
61,-207.18307212172243,0.9898016254824676,0.20847388307936407,3.0,7.0,0.0,207.38874787842,0.9753436179758921,0.024656382024107915,0.09989192134990135,-0.1704752669539789,-1405.386314759101
62,-207.71966089205148,0.8520006402813068,0.18333647593951077,2.0,7.0,0.0,207.89626985512518,0.8657394211095144,0.1342605788904856,-0.11649815724695489,-0.043707012905550346,-1419.9967312169115
63,-206.34273611669127,0.929046189653173,0.17965687184034204,3.0,7.0,0.0,207.13018231503432,0.15206925307701236,0.8479307469229876,-0.31125431268554066,0.005815361466238303,-1411.131766117378
64,-205.4465184834467,0.9506141387928727,0.17704715286211825,2.0,3.0,0.0,206.2672617941311,0.360492342856039,0.6395076571439611,0.0029428705090788,-0.038219258152121155,-1409.0369695980503
65,-206.30713052622542,0.9829933731163215,0.20847388307936407,4.0,15.0,0.0,207.88893742892736,0.7153210839708087,0.28467891602919126,0.2458525503938103,-0.5975323026460356,-1413.7655616206382
66,-205.50042698675827,1.0,0.18333647593951077,3.0,7.0,0.0,207.92471608414672,0.7965221089639618,0.2034778910360382,0.1099762449684148,0.20115607748991807,-1406.9312460096123
67,-207.1123983793267,0.9309837228286266,0.17965687184034204,4.0,15.0,0.0,209.68872741673346,0.03049265897296157,0.9695073410270384,-0.552387180781179,0.1230917312881766,-1406.0813681861862
68,-206.00087268331927,0.9876679904976878,0.17704715286211825,4.0,21.0,0.0,206.2301555658285,0.821473158528485,0.17852684147151499,-0.011296910099823462,0.7968849065150299,-1409.1945537280503
69,-210.4739772207301,0.2470746153380624,0.20847388307936407,3.0,15.0,0.0,213.1683331963021,0.9860996973227154,0.013900302677284593,-0.12935617943051653,-0.15163088123918214,-1424.2352439203135
70,-210.9875996750976,0.8096749163979918,0.18333647593951077,4.0,15.0,0.0,211.6426750385393,0.0006435159408658165,0.9993564840591341,-0.14839078710111234,0.12426335424508436,-1406.6518320677662
71,-207.11094558107283,0.9161413322428474,0.17965687184034204,4.0,15.0,0.0,208.23311961134365,0.2661621182134671,0.733837881786533,-0.6912836748059533,0.35777291167215225,-1418.8674020852222
72,-204.95355339307693,0.9494133441365276,0.17704715286211825,4.0,15.0,0.0,206.91349865105173,0.4556821032514372,0.5443178967485628,0.20254219686778674,-0.11335664861627624,-1406.0918067304842
73,-208.77603697673308,0.8648962545284721,0.20847388307936407,3.0,15.0,0.0,211.74356658051533,0.9936151530716287,0.006384846928371268,0.13430088567620746,-0.11365388931927398,-1407.1921919996855
74,-208.15859327846633,0.9809527488689269,0.18333647593951077,4.0,15.0,0.0,211.59240510653126,0.42233167772808117,0.5776683222719188,0.6514473701487586,-0.0019130159170531458,-1427.7972695137037
75,-206.37363490034107,0.9348067032334665,0.17965687184034204,3.0,11.0,0.0,208.90924906891857,0.10144322800680536,0.8985567719931946,-0.7414904243446674,0.1663855781919482,-1408.534316098633
76,-206.04210969595792,0.8357584356237721,0.17704715286211825,4.0,15.0,0.0,207.09967909092646,0.8103141605823677,0.18968583941763228,0.11060963416742091,0.4106412550706819,-1410.1960165635817
77,-208.77603697673308,0.29262151787062285,0.20847388307936407,1.0,1.0,0.0,210.62189567411855,0.9936151530716287,0.006384846928371268,0.13430088567620746,-0.11365388931927398,-1407.1921919996855
78,-206.61510955115273,0.9552603740737601,0.18333647593951077,2.0,7.0,0.0,209.26042722098614,0.11222670396857738,0.8877732960314226,0.4421092786041638,-0.1038980718819881,-1411.137347758951
79,-206.1843244228332,0.969996679584254,0.17965687184034204,3.0,15.0,0.0,207.051359754339,0.20235918105608527,0.7976408189439147,-0.49906001840737807,0.2875504025921717,-1411.3859840410162
80,-205.2613133485218,0.9718781014812096,0.17704715286211825,3.0,7.0,0.0,206.64114269105812,0.733140063318527,0.266859936681473,-0.0912117452156545,0.47953350499508485,-1406.4195239667022
81,-205.28092614324717,0.8988913454180233,0.20847388307936407,4.0,15.0,0.0,209.44175284423864,0.21797544513496056,0.7820245548650394,-0.01489863292575544,0.13818357162700387,-1405.792231133704
82,-208.86827765419378,0.9205774335303272,0.18333647593951077,3.0,11.0,0.0,209.92109670137532,0.03076180130110432,0.9692381986988957,0.047620206425998526,-0.10269737603408477,-1418.5348279958448
83,-206.14979716407484,0.9969469776117089,0.17965687184034204,2.0,7.0,0.0,207.41048877685662,0.1103830426590594,0.8896169573409406,-0.5790434195257587,0.09123987122379945,-1407.7043845105784
84,-205.84106377519103,0.9062623320767176,0.17704715286211825,4.0,23.0,0.0,206.5321462842213,0.11647601378243493,0.8835239862175651,0.5025574036351602,0.053620096488184506,-1405.9715397137143
85,-205.2078770583418,0.5066301747565498,0.20847388307936407,3.0,7.0,0.0,210.0854326560725,0.2576500332501794,0.7423499667498206,-0.0396452761507725,0.1620073457394817,-1406.075743800204
86,-205.94146125116222,0.9907371771043254,0.18333647593951077,2.0,7.0,0.0,209.66472962751956,0.11751205508628287,0.8824879449137171,-0.002723146547992151,0.14542972237571222,-1406.9204232219831
87,-207.50191921465097,0.9914474073606274,0.17965687184034204,4.0,15.0,0.0,208.12774219165067,0.025313235799056,0.974686764200944,-1.0793746040628212,0.06928419482573742,-1406.789375492601
88,-205.55286556948664,0.9994339125624742,0.17704715286211825,4.0,15.0,0.0,205.9559330951993,0.15343133605952863,0.8465686639404714,0.38702686005665543,-0.025765939496156944,-1405.6797949773656
89,-207.22055205888367,0.9530033311862414,0.20847388307936407,3.0,11.0,0.0,207.79305715061278,0.23807730095987162,0.7619226990401284,1.0135483019662044,-0.09389784496056508,-1418.742202300588
90,-205.4930960061464,0.99974334350902,0.18333647593951077,3.0,7.0,0.0,205.93539480511728,0.14597557784701995,0.85402442215298,-0.03354207112703062,0.0674729816232114,-1405.1083999799737
91,-209.0205946828967,0.9404401293292316,0.17965687184034204,4.0,23.0,0.0,210.41046928823357,0.007390239159935417,0.9926097608400646,-1.9010117184601492,0.090195458382061,-1406.783940676154
92,-205.55913617267234,0.9825194852948821,0.17704715286211825,4.0,23.0,0.0,208.23986352726018,0.7365772833052697,0.2634227166947303,0.26143704493235875,-0.390455350687431,-1408.4346523984832
93,-206.24421453803933,0.8886398434472476,0.20847388307936407,4.0,23.0,0.0,209.16852606471656,0.8877083521231346,0.11229164787686541,-0.08287206458243701,0.9356816839607723,-1407.994984164692
94,-206.59555680190013,0.7652516224738476,0.18333647593951077,2.0,3.0,0.0,206.93538077223897,0.12092718492700698,0.8790728150729931,-0.0011699650049593266,0.20592212342202043,-1411.5915150956891
95,-207.71334279619427,0.9911257686315492,0.17965687184034204,4.0,31.0,0.0,209.3237259837881,0.07179034973280961,0.9282096502671904,-1.3053126370891037,0.10516493660222785,-1414.642500867575
96,-206.04713666627802,0.9832640222921267,0.17704715286211825,4.0,31.0,0.0,207.14371592038935,0.4657439622315461,0.5342560377684539,-0.3898202890046203,0.2835507368584044,-1413.513876643193
97,-206.75170010807022,0.995402871515712,0.20847388307936407,4.0,15.0,0.0,207.46075912384873,0.0787522168254296,0.9212477831745705,0.9534028072419933,-0.09362113979115226,-1409.2753819379907
98,-206.2556568863698,0.9965061584521995,0.18333647593951077,3.0,15.0,0.0,207.3866478057718,0.0802329161846626,0.9197670838153373,-0.166667544864901,0.023516370976742862,-1406.7343778452544
99,-208.17602215870875,0.9775381634212366,0.17965687184034204,3.0,15.0,0.0,208.55046266152996,0.014487374409326738,0.9855126255906732,-1.3132855045546126,0.12225711759599511,-1407.1753247924835
100,-205.3011723447635,1.0,0.17704715286211825,3.0,7.0,0.0,206.00636170278298,0.3949234818517074,0.6050765181482927,-0.2807814818871202,0.3194258939283064,-1408.125880091482
101,-206.95069011977714,0.9188186058806884,0.20847388307936407,4.0,31.0,0.0,209.19789924937663,0.6591643507199834,0.34083564928001664,-0.1689118076222589,0.8045928648351137,-1418.6668755993032
102,-205.09141174328863,0.9983206400966489,0.18333647593951077,2.0,7.0,0.0,206.64410412721637,0.2950520147940324,0.7049479852059676,-0.13738260044531,0.18919955262522467,-1405.8272776316282
103,-209.17271015238248,0.9941441588337379,0.17965687184034204,3.0,15.0,0.0,209.96609996794663,0.049869773833975894,0.950130226166024,-1.839105735295433,0.1857896787022425,-1420.8983915867268
104,-209.02870473209356,0.7259155653140449,0.17704715286211825,3.0,15.0,0.0,210.69017339801044,0.008178894089221723,0.9918211059107783,-0.20472353826921133,0.17529799011145286,-1410.59964316581
105,-206.13182949572285,1.0,0.20847388307936407,2.0,3.0,0.0,206.76411179764088,0.7633143176297805,0.23668568237021947,-0.17528188205588927,0.7859608133615229,-1411.528396796486
106,-205.86867386808916,0.8636703171872924,0.18333647593951077,3.0,11.0,0.0,208.28770065315496,0.22131346587201584,0.7786865341279842,0.3192868222294996,0.12045255099868904,-1409.8438078331287
107,-208.18264560700902,1.0,0.17965687184034204,3.0,15.0,0.0,209.8006522641711,0.04211974613958728,0.9578802538604128,-1.6399475692077778,0.0949908411026608,-1413.568971740609
108,-205.089967320055,0.9068389992721199,0.17704715286211825,4.0,15.0,0.0,210.43234499723147,0.28996877191734255,0.7100312280826575,0.29983279272865254,0.01503243009899946,-1405.716271229203
109,-205.78790981957707,0.7201971450867722,0.20847388307936407,3.0,7.0,0.0,207.6373690086921,0.8135990436444829,0.18640095635551712,-0.03715179593327518,0.7486256975063736,-1408.0183921574446
110,-206.3852832913755,0.8415448851107634,0.18333647593951077,4.0,15.0,0.0,207.7487978956633,0.7068715873712607,0.29312841262873934,0.03462786553855582,-0.3226269500404544,-1414.6949604214121
111,-207.73024797761371,0.9876900151179345,0.17965687184034204,4.0,31.0,0.0,208.37178964430066,0.021761936523937864,0.9782380634760621,-1.2567852834817972,0.09500560529438876,-1406.9860046432177
112,-207.2671607114062,0.8617537650094947,0.17704715286211825,4.0,15.0,0.0,207.95394684252975,0.9779168636915404,0.022083136308459594,0.09241146803376016,-0.16591755020139914,-1405.2265615631077
113,-205.16637214622432,0.9395301771713687,0.20847388307936407,3.0,11.0,0.0,206.51296062909515,0.6303179837318958,0.36968201626810415,-0.15659899941047367,0.3930136745845276,-1407.0224111760172
114,-205.8590758202673,0.9951180882738893,0.18333647593951077,4.0,15.0,0.0,206.74773850829794,0.16345688007123235,0.8365431199287676,-0.39425358092380486,0.21848702163532618,-1408.104439433289
115,-208.9192165735954,0.8831739561796002,0.17965687184034204,4.0,23.0,0.0,210.1047811762421,0.7790473660473004,0.2209526339526996,0.32595386543350147,0.18233941853526242,-1430.8882439156941
116,-209.18235972223871,0.799959460896437,0.17704715286211825,3.0,7.0,0.0,209.27462083342752,0.9808819861798251,0.01911801382017486,-0.08881248512297046,-0.22413724171598853,-1417.4621730993192
117,-206.18500328249124,0.9817893921727353,0.20847388307936407,3.0,7.0,0.0,207.56815562347143,0.20845496332616503,0.791545036673835,-0.02391143114559635,-0.057350381638453796,-1411.8258124218496
118,-206.2072025246119,0.903472689733792,0.18333647593951077,2.0,7.0,0.0,207.31837876840856,0.10783785254373929,0.8921621474562607,-0.6206796824443782,0.09577509643741342,-1407.9156545043513
119,-205.56372344868817,0.9977781048401472,0.17965687184034204,2.0,7.0,0.0,209.15087741946166,0.846639527404647,0.15336047259535301,0.005171912240283377,0.1367258667417126,-1405.8659329966315
120,-208.57425177943054,0.9893663066304714,0.17704715286211825,4.0,15.0,0.0,209.92071269348713,0.0099763969466147,0.9900236030533853,-0.1589119171828015,-0.02002719169394912,-1408.8607643527182
121,-208.27852940515675,0.8748463546225156,0.20847388307936407,2.0,3.0,0.0,208.85212161876197,0.3916412591134435,0.6083587408865565,0.46558499696644734,0.16792734275150112,-1428.6171067099267
122,-208.92375405152248,0.9856807793834548,0.18333647593951077,4.0,23.0,0.0,209.07125957594644,0.007284848009310811,0.9927151519906892,-1.7235838963539825,0.09874246591967166,-1406.5704093479783
123,-205.0179763204988,0.9989231425614303,0.17965687184034204,4.0,15.0,0.0,205.68217917129672,0.6861619804972315,0.31383801950276846,0.10308244943007422,0.09659750393539832,-1405.589780589915
124,-208.37880333556768,0.8969620993003296,0.17704715286211825,2.0,3.0,0.0,209.01302752345623,0.00896305520748945,0.9910369447925106,-0.13966275821583513,0.1282974444091314,-1406.768921706435
125,-205.47038492126387,1.0,0.20847388307936407,3.0,7.0,0.0,208.02972398338426,0.38576439429749837,0.6142356057025016,-0.1141738597210418,0.028446913156112336,-1409.3806688944321
126,-208.92375405152248,0.3176010794671686,0.18333647593951077,2.0,3.0,0.0,212.70793068398024,0.007284848009310811,0.9927151519906892,-1.7235838963539825,0.09874246591967166,-1406.5704093479783
127,-204.8431714490667,0.9580349423033657,0.17965687184034204,3.0,7.0,0.0,205.8061066653016,0.44068325567476535,0.5593167443252347,0.17626031204168846,-0.046926275694507816,-1405.303679615763
128,-207.644355077717,0.9992524773077225,0.17704715286211825,4.0,15.0,0.0,209.24781088311926,0.4193126072278802,0.5806873927721198,-0.48163934953457244,0.5680350999184265,-1424.1190184377035
129,-206.55051955350018,0.9542267619591696,0.20847388307936407,3.0,15.0,0.0,208.35951067260413,0.23297239427052227,0.7670276057294777,0.8458693681721288,-0.2111951884682709,-1414.248497183907
130,-207.82937103519455,0.9876563698649116,0.18333647593951077,4.0,23.0,0.0,209.35481262385687,0.10904496156964111,0.8909550384303588,-1.1947492727006805,0.2010129356878655,-1418.2618772446647
131,-205.1908434607128,0.9344359880107772,0.17965687184034204,3.0,7.0,0.0,206.00673060897472,0.4004730241940777,0.5995269758059223,0.23081374761394274,0.07319958164436363,-1407.5020496029463
132,-207.86958520851374,0.8282371086790973,0.17704715286211825,4.0,31.0,0.0,209.35640128808203,0.8379067719087304,0.16209322809126958,-0.04401883314003702,-0.4881788106029739,-1421.9139065573836
133,-207.32161838307766,0.4245897084643739,0.20847388307936407,2.0,3.0,0.0,209.68429240461833,0.1858040225828571,0.8141959774171429,0.7763789983043279,-0.25283271033958293,-1418.5052345533343
134,-205.16900814466877,0.9106789143391075,0.18333647593951077,4.0,23.0,0.0,208.56639638780416,0.31266812496965724,0.6873318750303428,-0.18960967510847326,0.11129506736934554,-1406.5945344529057
135,-206.14539707185983,0.9587251070592951,0.17965687184034204,3.0,15.0,0.0,206.95004888884017,0.0807211299805284,0.9192788700194716,-0.3345675188927094,0.13552432286616875,-1405.922919437522
136,-205.48118979851844,0.8593963971216791,0.17704715286211825,2.0,7.0,0.0,210.7592892090524,0.7766696153250887,0.2233303846749113,0.17884729359645207,-0.40340536541214245,-1407.1443321767567
137,-206.53808733913894,0.9962425931255386,0.20847388307936407,3.0,7.0,0.0,207.11789152380533,0.25088882015022973,0.7491111798497703,0.7992750272375776,-0.23000256231858124,-1414.5701700068448
138,-206.80654865331152,0.904559043732981,0.18333647593951077,4.0,15.0,0.0,207.0456635147837,0.3634564736050829,0.6365435263949171,-0.4625656628567228,0.13239839389872304,-1418.2575783714256
139,-207.1218159082694,0.9934133468765611,0.17965687184034204,4.0,23.0,0.0,207.63952098962895,0.9690279076164732,0.030972092383526828,-0.001252198689233163,0.6338046228072093,-1406.1804609394144
140,-205.81621451089072,0.8732621263627026,0.17704715286211825,3.0,15.0,0.0,208.5965581774209,0.5621136727351477,0.4378863272648523,0.39417982241466976,-0.11833204323179311,-1411.8981708603471
141,-206.69711473458676,0.8902506785651402,0.20847388307936407,4.0,19.0,0.0,208.75073786418287,0.6214207811070737,0.37857921889292634,-0.015607084639156749,-0.2202548909086549,-1417.7749341123836
142,-205.20749793935582,0.9965757540935162,0.18333647593951077,3.0,15.0,0.0,206.92364868006902,0.6457503435743044,0.3542496564256956,-0.05709055632454374,0.10205781779219326,-1407.3217691144148
143,-208.0368788976466,0.9120704337247567,0.17965687184034204,3.0,15.0,0.0,208.45219721257143,0.9611510503680554,0.03884894963194463,0.18741307086131587,0.5454148416579798,-1414.0700448239381
144,-206.0710783670226,0.9972699376910276,0.17704715286211825,4.0,15.0,0.0,206.77219064695456,0.09602306090259567,0.9039769390974043,0.4389139590610917,-0.029033738256207864,-1406.4381368238016
145,-206.99931576581062,0.8622923946708209,0.20847388307936407,3.0,11.0,0.0,208.59305980088095,0.6898944252329731,0.31010557476702694,-0.28544088294017034,0.798215734413409,-1418.6279382347577
146,-204.99563397933468,0.9899935644968618,0.18333647593951077,2.0,7.0,0.0,205.77152748993754,0.4518427193590503,0.5481572806409497,-0.08849375750018398,0.10222581995566149,-1406.4033264620148
147,-206.74224656025464,0.9973988978133459,0.17965687184034204,3.0,15.0,0.0,208.72688447855742,0.9587915923469833,0.0412084076530167,0.038693384330725486,0.873048302079759,-1405.1451033967458
148,-205.93163505993218,0.9893809913423823,0.17704715286211825,3.0,11.0,0.0,209.303458976781,0.8646670777001606,0.1353329222998394,-0.003888015916258758,-0.027775699417053136,-1407.7045671989983
149,-206.318820451177,1.0,0.20847388307936407,2.0,3.0,0.0,207.12279009437663,0.7325650256588062,0.2674349743411938,-0.18960758013606882,0.8039528524245404,-1413.350575994177
150,-206.87664485727058,0.8983651624938394,0.18333647593951077,3.0,15.0,0.0,207.60142230710113,0.4748218924568546,0.5251781075431454,0.27742103532595885,-0.40623060581619497,-1419.2505675635623
151,-209.93449390541576,0.7872655283483229,0.17965687184034204,4.0,17.0,0.0,211.6140870985677,0.9768502609608651,0.023149739039134865,-0.1542969657904339,1.5813112796293642,-1421.821584388148
152,-205.39243431664283,0.9979279097021102,0.17704715286211825,4.0,15.0,0.0,206.415518548806,0.7080085811192028,0.29199141888079716,0.2500789057637881,-0.3561513862743074,-1407.7482443610668
153,-206.3132335129165,0.9210619968153372,0.20847388307936407,3.0,7.0,0.0,207.07799490516268,0.8710802281794893,0.12891977182051073,0.03708444223867752,0.8851347972555715,-1409.3792412884536
154,-207.26766898620033,0.7187159851226004,0.18333647593951077,3.0,15.0,0.0,210.44200957248836,0.9552796998983102,0.044720300101689814,0.1871367477232904,-0.4349792956817008,-1409.7800243052288
155,-209.7713414912762,0.9892159473981242,0.17965687184034204,4.0,19.0,0.0,211.7790938035272,0.9808843510012633,0.019115648998736745,0.19358122445954248,2.040857663284206,-1417.9512726353512
156,-205.14327139381456,0.9988377074948795,0.17704715286211825,3.0,7.0,0.0,205.46685836888457,0.6522974926768011,0.34770250732319885,0.24177591835297688,-0.2616957078352503,-1406.7211289360096
157,-207.00776694374798,0.9809643377217735,0.20847388307936407,3.0,7.0,0.0,207.04953444293682,0.8101009548154372,0.1898990451845628,-0.22070630687540393,0.9327995046378731,-1416.2352720592069
158,-204.88956872673606,0.9998252165859292,0.18333647593951077,3.0,15.0,0.0,208.44347025897883,0.6364111925228473,0.3635888074771527,-0.011817484666125897,0.16575371332653516,-1405.1926747735142
159,-209.99576085504265,0.9898761272490487,0.17965687184034204,4.0,17.0,0.0,212.38271995806923,0.9652556897509117,0.034744310249088306,0.12696764685509815,2.6970064047059203,-1420.8521326970285
160,-205.3167607785376,0.9664005726134142,0.17704715286211825,4.0,15.0,0.0,205.77820107740635,0.18883613200630917,0.8111638679936908,-0.130809407213174,0.12865553891687928,-1405.2888108093068
161,-206.4957701028588,1.0,0.20847388307936407,2.0,3.0,0.0,207.06957013639067,0.7936852131810157,0.2063147868189843,-0.05058603390113563,0.9273245332448293,-1413.1784782348932
162,-205.7116591229827,0.9954308464986324,0.18333647593951077,3.0,7.0,0.0,205.79298814596225,0.8757352839898718,0.12426471601012823,0.09980789327035411,0.12591861045927924,-1405.661880544459
163,-210.70371467928635,0.9736897574125059,0.17965687184034204,3.0,15.0,0.0,211.88686292670099,0.9835445190689495,0.016455480931050537,-0.08001677822910117,3.068993610204765,-1418.8659559401583
164,-207.20061617925757,0.9750634224632355,0.17704715286211825,4.0,31.0,0.0,208.89326941030788,0.05798322983314211,0.9420167701668579,-1.1502522978638434,0.121275780254476,-1410.0528616759161
165,-206.7742156695407,0.8495586835575188,0.20847388307936407,3.0,11.0,0.0,207.55882563848618,0.9290139651036192,0.07098603489638078,0.07598912095109883,1.050790711749403,-1408.6057636871126
166,-204.8414383378848,0.9979856649290793,0.18333647593951077,3.0,15.0,0.0,206.83395524943703,0.6202438011588727,0.3797561988411273,0.05556272853959918,0.07649032710432549,-1404.9991038346127
167,-210.56826937929415,0.9830245396260141,0.17965687184034204,4.0,15.0,0.0,212.55145870896516,0.9705402925364496,0.029459707463550422,0.11728858667359551,3.122392102752632,-1421.5694027763127
168,-205.01927464980548,0.9851231075554365,0.17704715286211825,4.0,23.0,0.0,207.76166848475248,0.3193671323367025,0.6806328676632976,-0.1767342424088016,0.16272496676681752,-1405.6308978071295
169,-206.80103193488117,0.9239945738234351,0.20847388307936407,2.0,7.0,0.0,207.62526633012325,0.948032315952107,0.05196768404789298,0.03542234751467463,1.252018342028865,-1406.3805086062175
170,-205.29513169600952,0.9305634372079982,0.18333647593951077,2.0,7.0,0.0,205.93328371233176,0.6237975940908138,0.3762024059091862,0.1621214823373745,0.11666960022907016,-1408.0808943819559
171,-209.97748600430543,1.0,0.17965687184034204,3.0,7.0,0.0,210.61598581881984,0.9729724810800683,0.027027518919931715,0.04047267520703824,3.109551251310287,-1416.9900400420436
172,-205.16784427487357,0.9828612127490676,0.17704715286211825,4.0,15.0,0.0,205.48623862219742,0.6174085951111418,0.38259140488885823,-0.09220467163156308,0.4179786684706737,-1407.1230916805084
173,-205.31778278360048,0.9187207184149536,0.20847388307936407,4.0,23.0,0.0,208.8502981737146,0.6393478408445845,0.3606521591554155,-0.12024166357856557,0.19034978873064984,-1408.1065286537366
174,-207.69056684559703,0.9920024304059633,0.18333647593951077,4.0,15.0,0.0,209.9691325611781,0.9026677756939003,0.09733222430609967,-0.059710688236043474,1.6034951075991288,-1415.6525418567305
175,-211.146255068435,0.7645012923425556,0.17965687184034204,2.0,3.0,0.0,212.12180458546683,0.9769355263990608,0.023064473600939217,0.1781680694159162,3.1189449073891207,-1423.9198661495946
176,-205.0297869198287,0.9846204646744058,0.17704715286211825,4.0,15.0,0.0,205.51134231964906,0.3512341280165835,0.6487658719834165,0.19821768353342512,0.06398276896962013,-1406.041661384228
177,-204.87803809857036,0.6654065535547964,0.20847388307936407,2.0,3.0,0.0,208.4242156250547,0.3743093982287069,0.6256906017712931,0.06833036107451526,0.03204880965597448,-1405.215327773775
178,-207.03445857656848,0.9964379922136549,0.18333647593951077,3.0,7.0,0.0,207.8997777530686,0.9257937689387046,0.07420623106129542,0.009890652717905023,1.4602840764187655,-1409.8029577955162
179,-210.23846340868585,0.9753947830319248,0.17965687184034204,2.0,3.0,0.0,211.79488244120972,0.9914914031806987,0.008508596819301273,-0.01709521793383051,3.1568165134746313,-1410.6846333813141
180,-206.3308690175694,0.9301285060566915,0.17704715286211825,3.0,11.0,0.0,206.91262671293364,0.4764827304289358,0.5235172695710641,-0.3439583709897264,0.18228564657094176,-1415.560822688641
181,-205.8826454869686,0.7432648715701641,0.20847388307936407,2.0,7.0,0.0,209.01024363365798,0.8288815349244433,0.17111846507555672,0.22956321713004246,-0.3701844488568289,-1408.5317206846332
182,-206.18379701060564,0.9819913088038146,0.18333647593951077,4.0,15.0,0.0,207.58694825712206,0.8874601320560269,0.11253986794397308,0.020989479279577658,0.9034859967772327,-1407.647634117978
183,-211.13894302358014,0.9583930347467405,0.17965687184034204,3.0,15.0,0.0,211.98362154079283,0.9961555985666587,0.0038444014333413046,-0.007252843951297591,3.528040485784986,-1409.3068556135534
184,-205.65108246254073,0.9897455270628895,0.17704715286211825,3.0,11.0,0.0,207.4634413802788,0.3117291236358904,0.6882708763641097,0.20721420351928993,0.14660194074032015,-1409.899345519283
185,-206.252858039472,0.9055790218934986,0.20847388307936407,3.0,7.0,0.0,207.30242374342401,0.8655862384402796,0.1344137615597204,0.20486280653130523,-0.6711414554310627,-1409.459266852065
186,-210.56073880417347,0.5967931534999957,0.18333647593951077,2.0,3.0,0.0,210.84475624905298,0.942649059361007,0.05735094063899304,-0.23325996159870194,0.7546151051330612,-1433.8091209741306
187,-210.374099114626,0.9560135392799888,0.17965687184034204,4.0,31.0,0.0,213.7505274595067,0.9921954621941083,0.0078045378058917425,0.09061918023989722,3.4452256691616867,-1409.3788791997576
188,-206.12910757518458,0.9921797022447125,0.17704715286211825,4.0,15.0,0.0,207.02171223316995,0.9058704378926375,0.09412956210736245,0.12439536016101795,-0.5798351090173963,-1406.5792698985153
189,-207.30613247058244,0.6597860157699978,0.20847388307936407,3.0,15.0,0.0,209.47004744880678,0.8046785819559295,0.19532141804407055,0.2982436562953572,-0.0313981389206443,-1419.1601183277228
190,-214.30167131689842,0.4584341531673294,0.18333647593951077,1.0,1.0,0.0,214.75546466932792,0.9426422570722072,0.05735774292779283,-0.3351470018342165,0.7894415129757185,-1459.554898184477
191,-210.47659545154303,1.0,0.17965687184034204,4.0,15.0,0.0,210.60414566111,0.9888810347511761,0.011118965248823942,0.0726767386698568,3.604368113510268,-1411.5425759471773
192,-206.5554086394947,0.913746931288891,0.17704715286211825,3.0,11.0,0.0,207.22532559238036,0.8983979346830661,0.10160206531693394,0.21889114627713144,-0.3916168454070638,-1410.1244012015638
193,-205.80867781532353,0.8953082970185242,0.20847388307936407,3.0,7.0,0.0,208.63125941862071,0.7865326345414506,0.21346736545854939,-0.09216900038828617,0.22482244884274638,-1409.2988553205719
194,-207.6919994890171,0.999068461969529,0.18333647593951077,2.0,7.0,0.0,213.24426556886212,0.769038558365699,0.230961441634301,0.07909559888064885,0.8091964961597141,-1422.17728415402
195,-210.61052645992285,0.9707796429756098,0.17965687184034204,3.0,11.0,0.0,211.09870310415383,0.9950802088990017,0.004919791100998272,0.07345648172325363,3.4977292264787843,-1407.5322778159289
196,-205.75833009528398,0.9792963784211804,0.17704715286211825,3.0,7.0,0.0,207.8276053844624,0.10824855077619445,0.8917514492238056,0.235879455689066,0.0619294684608466,-1405.1272429980586
197,-205.80988254098017,0.9716048663940657,0.20847388307936407,2.0,7.0,0.0,206.64629616255604,0.7261846155860474,0.2738153844139526,0.19710049398198115,0.10225266741727033,-1410.4839631071145
198,-206.16043542771237,0.9981252757557664,0.18333647593951077,4.0,15.0,0.0,208.015592898627,0.08531794228911939,0.9146820577108806,0.4740302756830695,0.08211559420753714,-1406.287418075159
199,-211.7335906581455,0.6669186061211048,0.17965687184034204,2.0,3.0,0.0,214.11371161771063,0.9955876050326345,0.004412394967365452,-0.0584501489315484,3.533131736009853,-1414.3285362961606
200,-205.39048434760093,0.9972414552060455,0.17704715286211825,3.0,15.0,0.0,206.12752971889122,0.30382239618113005,0.69617760381887,0.5383772942699431,-0.08390513558756893,-1407.799908510933
201,-205.3804361037842,0.9162344562538788,0.20847388307936407,2.0,3.0,0.0,206.74804607423386,0.8244239933671997,0.17557600663280026,0.10333128836792727,0.045474959963107665,-1405.3557978196186
202,-205.94520280718945,0.985072247463863,0.18333647593951077,4.0,31.0,0.0,208.9842037985941,0.15603672177516886,0.8439632782248312,-0.5906350996700089,0.1634004539531639,-1408.2906236196955
203,-210.0886931263639,0.9330698943576103,0.17965687184034204,3.0,11.0,0.0,213.06143671408785,0.9782001066884116,0.02179989331158838,-0.034495622467659,3.064295085478639,-1416.5520654062734
204,-205.03818339662365,0.9669204327383046,0.17704715286211825,3.0,15.0,0.0,205.88303588143515,0.5687313657696856,0.43126863423031436,0.2746168599142283,-0.12274810272218037,-1406.5675055797458
205,-206.3324895927701,0.7922565914558679,0.20847388307936407,2.0,3.0,0.0,206.84028811760518,0.7670427734992136,0.23295722650078643,-0.07952094448984937,-0.008906747015938861,-1413.3928794178792
206,-206.1929403642333,0.6310633174480098,0.18333647593951077,3.0,11.0,0.0,208.49035590170095,0.2976901366691792,0.7023098633308208,-0.16311637567658646,0.3344141272493555,-1413.3996254058252
207,-210.2751825210231,0.9299942647552832,0.17965687184034204,2.0,3.0,0.0,210.9603152875494,0.9835541816632923,0.016445818336707663,-0.0584778177355662,3.0233551767042535,-1416.144430453624
208,-205.09218532713643,0.9981681441874274,0.17704715286211825,4.0,31.0,0.0,205.58915002912997,0.629638776008698,0.370361223991302,0.03033998874016161,-0.027812353748391347,-1406.6682626186468
209,-206.29064586050623,0.9983972110782149,0.20847388307936407,4.0,31.0,0.0,206.86785371243113,0.1428256411087575,0.8571743588912425,0.8898356539800965,0.023320930873919343,-1409.8131509689633
210,-206.91295332400185,0.9199950974598744,0.18333647593951077,2.0,3.0,0.0,207.32733311913947,0.361601734273926,0.638398265726074,-0.2736949163179907,-0.003113961615640643,-1419.1125532683707
211,-207.01504894527616,0.9677329113900265,0.17965687184034204,4.0,31.0,0.0,211.36076645160745,0.8683072926622816,0.13169270733771843,-0.18095959354480073,0.9140641438681754,-1414.2801581010715
212,-205.11020167112042,0.9866054887993511,0.17704715286211825,4.0,15.0,0.0,205.56358462016883,0.33737327540236267,0.6626267245976374,-0.1390740287510004,0.2295475676430172,-1406.440310685979
213,-206.45152573314283,0.9021823905987788,0.20847388307936407,3.0,11.0,0.0,207.99722305290706,0.09214494319969475,0.9078550568003052,0.16787588702760445,-0.04148426612393907,-1408.9522200540373
214,-205.552579789616,0.9609759937407495,0.18333647593951077,2.0,3.0,0.0,207.89548382252426,0.4857202007791723,0.5142797992208277,-0.18360454053035874,0.10847556779020444,-1410.2858308488192
215,-206.83906978560995,0.9289129484999517,0.17965687184034204,2.0,5.0,0.0,210.28703710500108,0.9496032138895514,0.05039678611044862,0.10409423434695753,0.7063357311446388,-1407.357135274471
216,-204.85968271723496,0.9914366116446152,0.17704715286211825,2.0,7.0,0.0,205.2748968506377,0.4548478132071158,0.5451521867928841,-0.07042168762283565,0.13583123458508858,-1405.4675964407256
217,-206.04248708633943,0.9930119574765189,0.20847388307936407,4.0,23.0,0.0,206.65888312865758,0.07914062785288058,0.9208593721471194,0.08404605570028531,0.08639658627726855,-1405.1872820956007
218,-204.91992024119818,1.0,0.18333647593951077,2.0,7.0,0.0,205.55414704450703,0.48342045720715365,0.5165795427928463,-0.07493991072136535,0.2516457505336709,-1405.893350255315
219,-206.3753749509972,0.9796559036682826,0.17965687184034204,2.0,7.0,0.0,208.1905928292378,0.8382631483530681,0.16173685164693186,-0.1253534549580856,0.9788206184739392,-1410.9466056240587
220,-206.36466694686465,0.8731943085063268,0.17704715286211825,3.0,15.0,0.0,206.9022684340998,0.24391417553481853,0.7560858244651815,0.25008969439443485,-0.1650683174707176,-1413.7612531435088
221,-206.82691496066516,0.826501277854682,0.20847388307936407,4.0,15.0,0.0,207.79363085639008,0.9562617925096117,0.04373820749038826,0.11027733695544964,-0.7590166366468172,-1406.2747735785947
222,-207.2932533947733,0.9889276440914768,0.18333647593951077,3.0,7.0,0.0,208.20320590322186,0.6780285605128132,0.32197143948718676,-0.2297724880544277,0.8752132557667286,-1420.711437455782
223,-205.79269134238626,0.8356501524596734,0.17965687184034204,3.0,11.0,0.0,208.22056781769976,0.8820830293015778,0.11791697069842222,-0.01807106089853748,0.4036305407968756,-1405.7906605091725
224,-207.50677737413923,0.7401626199156339,0.17704715286211825,1.0,1.0,0.0,207.69530768109064,0.23210529777088745,0.7678947022291125,0.26150329053468024,-0.22722979005528302,-1421.3888293137472
225,-207.42121321761263,0.9380995325811613,0.20847388307936407,2.0,5.0,0.0,208.1424269626471,0.8644504947206669,0.13554950527933307,0.22754467685782317,-1.01731930828433,-1417.0658581568043
226,-207.63505962952667,0.8952617577799855,0.18333647593951077,2.0,3.0,0.0,208.14648456885215,0.667626239378036,0.332373760621964,-0.16954814030774587,0.8948566462243439,-1423.176141295557
227,-206.1704702074425,0.7819569469398879,0.17965687184034204,2.0,3.0,0.0,208.3392595674964,0.8774349068712732,0.12256509312872677,-0.056087399524555354,0.24703092481631628,-1408.7163797030782
228,-205.25912942302412,1.0,0.17704715286211825,2.0,3.0,0.0,207.29419708993862,0.25604747903408803,0.7439525209659119,0.2937342859077338,0.05474348193510986,-1406.348511478134
229,-207.42121321761263,0.5554741549161107,0.20847388307936407,2.0,7.0,0.0,209.52943724391884,0.8644504947206669,0.13554950527933307,0.22754467685782317,-1.01731930828433,-1417.0658581568043
230,-205.92853273543057,1.0,0.18333647593951077,2.0,3.0,0.0,207.84729545323486,0.8641559039998074,0.13584409600019265,-0.08359608083830998,0.6987583725257673,-1407.278139322961
231,-205.712520272684,1.0,0.17965687184034204,2.0,3.0,0.0,206.22231244452212,0.8751535075994504,0.12484649240054957,0.0767570730739554,0.2742815837797044,-1405.6477494158019
232,-206.23968566614593,0.8647710254510367,0.17704715286211825,3.0,15.0,0.0,207.67960057987185,0.35421114042672214,0.6457888595732779,0.23660403093976323,0.18541226917549514,-1414.3853159166504
233,-206.5722390862706,0.8625031708601919,0.20847388307936407,4.0,15.0,0.0,208.2200549985336,0.8593398254331428,0.1406601745668572,-0.00442196118947305,-0.343837974577747,-1412.2522932406334
234,-208.3735112409677,0.9992757572418661,0.18333647593951077,4.0,23.0,0.0,208.61480257766237,0.9486932049208122,0.051306795079187784,0.06038529137031922,2.066978842472924,-1414.8215915191815
235,-205.01310340972577,0.9913407406282672,0.17965687184034204,3.0,7.0,0.0,206.00325889847866,0.6313241386080257,0.3686758613919743,-0.07708300335338701,0.352926248094384,-1405.9977244491063
236,-208.64642641767017,0.9426355841939783,0.17704715286211825,4.0,15.0,0.0,210.11410697097318,0.0061834749893799465,0.99381652501062,-0.5615666023020243,0.03072397730275256,-1405.8305117621833
237,-206.93736474082272,1.0,0.20847388307936407,3.0,11.0,0.0,207.48134365457054,0.03132639434608048,0.9686736056539196,0.3757130146815236,0.0765622593746342,-1405.2022784137293
238,-208.17082198822976,1.0,0.18333647593951077,3.0,7.0,0.0,208.4438033048602,0.97769479612193,0.02230520387807,-0.0076172175772352135,2.0863916424086795,-1407.8087666549477
239,-204.9782736941641,0.9765423268485435,0.17965687184034204,3.0,11.0,0.0,206.2204961315227,0.5983299142942574,0.4016700857057426,0.15978103060397583,-0.15625919930014778,-1406.0479809490625
240,-206.97621284519488,0.9459168536660644,0.17704715286211825,3.0,11.0,0.0,210.20422004146533,0.3942370617634867,0.6057629382365133,-0.44184704877686537,0.13085613097640494,-1419.665282151518
241,-208.93336206923672,0.9534833486349437,0.20847388307936407,2.0,7.0,0.0,210.09524661807924,0.005038243127178802,0.9949617568728212,0.3478257010937059,0.12134350852442408,-1406.56161909865
242,-207.90495838876978,1.0,0.18333647593951077,3.0,7.0,0.0,208.2965048369968,0.9680856489712462,0.03191435102875384,-0.007928646083218638,2.0079665377413964,-1408.655879473462
243,-209.68726782840142,0.7194638284044222,0.17965687184034204,2.0,3.0,0.0,210.55574772663496,0.7251270625534639,0.27487293744653607,-0.1342905666878672,-0.3289151049174407,-1437.2181392744683
244,-205.4220215369263,0.9761515814682452,0.17704715286211825,2.0,7.0,0.0,208.8381976947631,0.23661026107763444,0.7633897389223656,-0.07208902155968377,0.19072327933817798,-1407.1477255257266
245,-206.8483447963791,0.9596641383395379,0.20847388307936407,4.0,15.0,0.0,210.18929577433414,0.939708676658676,0.06029132334132403,0.14932704036464522,0.25098630234114655,-1408.9536427154587
246,-212.21870255204,0.6262097337568201,0.18333647593951077,3.0,7.0,0.0,214.62660315911202,0.8901505883956965,0.1098494116043035,-0.15764537968023395,2.2380743418120317,-1445.5477092305837
247,-205.46120550939958,0.9952930407109092,0.17965687184034204,3.0,7.0,0.0,210.2480189858351,0.8247361444870149,0.17526385551298507,0.03918070094291036,-0.047338271321392233,-1405.9118007839772
248,-205.3102148481283,0.9685285006482882,0.17704715286211825,2.0,3.0,0.0,205.8835504903141,0.20654326568169806,0.7934567343183019,-0.14099506947357587,0.1561750689292499,-1405.701116936816
249,-205.50181369993155,0.9972886912907543,0.20847388307936407,2.0,7.0,0.0,207.62503394363114,0.777145789549195,0.222854210450805,-0.04921586726347563,0.1628932917207231,-1407.4194204779385
250,-210.12549042692672,1.0,0.18333647593951077,3.0,7.0,0.0,212.03946655615744,0.9969346605557099,0.003065339444290105,0.13271552882547927,2.1189621462535007,-1407.602768316871
251,-205.4083039216634,0.9727679039029751,0.17965687184034204,3.0,15.0,0.0,206.88901764986755,0.16358339924947565,0.8364166007505244,0.25327411473623784,0.02018987850014276,-1405.1146089322606
252,-205.6832448622941,0.9378368051521037,0.17704715286211825,3.0,15.0,0.0,206.02545025473808,0.6633631995136505,0.3366368004863495,0.17417085608624872,0.16337262042707318,-1410.4042888497208
253,-205.3564368989464,0.9241984076939426,0.20847388307936407,2.0,7.0,0.0,207.72108240754008,0.8143923911636346,0.1856076088363654,0.0795552516634083,-0.13480125978117213,-1405.479111883149
254,-208.735485543164,0.8234902089796575,0.18333647593951077,4.0,23.0,0.0,214.74731222200305,0.9898468095110751,0.010153190488924935,0.17086275418092922,-0.2514484518902337,-1410.036984973824
255,-205.27845395537855,0.9371663973902269,0.17965687184034204,3.0,15.0,0.0,208.231255671625,0.2880704488625552,0.7119295511374448,0.21603314785735964,-0.07808530572368465,-1407.023620765997
256,-205.97199102794355,0.9813167240507714,0.17704715286211825,4.0,15.0,0.0,208.1714644211461,0.7718794974651879,0.2281205025348121,0.21808984209794532,-0.5766529268108826,-1410.4784653861745
257,-206.1014646976536,0.8520947060772581,0.20847388307936407,2.0,3.0,0.0,206.16787546075074,0.7978209443331248,0.20217905566687522,-0.016358581185322962,-0.1506526993172206,-1411.0756416381569
258,-207.12339021738987,1.0,0.18333647593951077,4.0,15.0,0.0,209.17641784028552,0.5800345077291904,0.4199654922708096,0.5292502534697072,-0.46314431736955125,-1420.575132625427
259,-205.0232192675306,0.995180880428022,0.17965687184034204,2.0,3.0,0.0,205.41995597231764,0.3571920388089047,0.6428079611910953,0.19250432155848005,-0.06674485613664737,-1406.0503713893852
260,-205.38755539337598,0.9886999424726584,0.17704715286211825,3.0,15.0,0.0,206.93939956903978,0.5094968935924328,0.4905031064075672,0.27240741403531704,0.03359349038661849,-1409.1232464134528
261,-205.53731238149777,0.8795681817769208,0.20847388307936407,4.0,15.0,0.0,207.5597758130738,0.7206504554056958,0.27934954459430417,0.10222330452354969,-0.2993597359681378,-1408.6426617123773
262,-205.58232451845006,1.0,0.18333647593951077,3.0,7.0,0.0,207.2332375476501,0.5386091455721256,0.4613908544278744,0.32416403120221093,-0.34228478047693284,-1410.302994882855
263,-205.06081351703224,0.9992605241423469,0.17965687184034204,3.0,11.0,0.0,205.22212196471963,0.6070414241211437,0.3929585758788563,0.22442813634147138,-0.050714442677790746,-1406.5639457909742
264,-204.87257363957306,0.9812438858134186,0.17704715286211825,1.0,3.0,0.0,205.73287975922466,0.42691424426734065,0.5730857557326594,0.24734184482903376,-0.06366533879770397,-1405.4279032637787
265,-205.73696487497517,0.9660382639908862,0.20847388307936407,2.0,7.0,0.0,206.39822685273091,0.8780273987788352,0.12197260122116482,0.09500621991149003,-0.31086160327317586,-1405.6571938735988
266,-205.5372474134672,0.7604034971023604,0.18333647593951077,3.0,7.0,0.0,206.94349206296437,0.42178072083736107,0.5782192791626389,0.3015584516032385,-0.2416002623232814,-1409.9247439452035
267,-204.97195609805374,0.9832623696854793,0.17965687184034204,2.0,7.0,0.0,205.68485717023714,0.38839083049866174,0.6116091695013383,0.32269118137436015,-0.09574718112996256,-1405.8690414556281
268,-205.00023345777592,0.9747210455269804,0.17704715286211825,4.0,15.0,0.0,205.2253982250709,0.5727142786965459,0.4272857213034541,0.09759539676904834,0.14602318859702695,-1406.3409642977842
269,-206.34339368503024,0.9016791855611931,0.20847388307936407,3.0,15.0,0.0,206.72963067754444,0.899559250486173,0.10044074951382698,0.19776034712232562,-0.3735366109335348,-1408.6089142142682
270,-206.7039979069532,0.8410565708606127,0.18333647593951077,3.0,7.0,0.0,207.13932935008094,0.41259950816102503,0.587400491838975,0.26180690890682334,0.20363468104943475,-1417.9750993251819
271,-204.99434102522844,0.992573628311218,0.17965687184034204,2.0,3.0,0.0,205.04627590468064,0.40890653279735023,0.5910934672026498,0.31985111961673274,-0.05542820025341946,-1406.15039505057
272,-207.98038176081593,0.9226528660077121,0.17704715286211825,4.0,15.0,0.0,208.7152455105504,0.9874771672117557,0.012522832788244287,0.10183832797193844,-0.8471984080805908,-1405.7044618439834
273,-206.837945602751,0.9873649420762404,0.20847388307936407,2.0,7.0,0.0,207.5528475318447,0.8398244011197024,0.16017559888029764,0.04270022526578679,-0.6038593601943978,-1414.6121935370495
274,-206.3900231911101,0.9663042658045117,0.18333647593951077,3.0,15.0,0.0,208.72734135095567,0.716521781403641,0.283478218596359,0.09002949185912194,-0.44355305259499556,-1414.5041638199725
275,-206.7018309304676,0.9497553214553375,0.17965687184034204,4.0,15.0,0.0,207.71832491208704,0.05267179800922959,0.9473282019907704,-0.45577796111690916,0.15093391796671235,-1406.938657811831
276,-209.02135582520359,0.9966537839489609,0.17704715286211825,3.0,7.0,0.0,209.07749506784495,0.9953294866857002,0.004670513314299796,0.03233637499666543,-0.9848237218009936,-1405.9272990821607
277,-207.50047862039813,0.9591672206467582,0.20847388307936407,2.0,7.0,0.0,208.53559710510487,0.9695531581363862,0.030446841863613794,0.16896803131341465,-0.5634014346255526,-1408.7298898489437
278,-207.48175786218079,1.0,0.18333647593951077,3.0,15.0,0.0,208.89201136818934,0.9740120327868259,0.02598796721317409,0.07097898764670885,-1.081031500896943,-1406.8237430303238
279,-208.49672762482948,0.992633152728974,0.17965687184034204,3.0,7.0,0.0,208.86303666518901,0.007701558633259605,0.9922984413667404,-0.29954400539610804,0.12378767554848141,-1406.4848226696104
280,-207.83491513188358,0.968140410988427,0.17704715286211825,2.0,7.0,0.0,211.15157641249735,0.9784974267829829,0.021502573217017096,0.04701124428544028,-1.2372904777551652,-1407.6758969685523
281,-207.53277633426094,0.9977236902215378,0.20847388307936407,4.0,15.0,0.0,208.45757917469638,0.9776096469915095,0.02239035300849046,0.13912523120752684,-0.24009681501889849,-1407.1192909107315
282,-206.03793405856942,0.9615138281385729,0.18333647593951077,4.0,15.0,0.0,208.46715634404046,0.8965574820393385,0.1034425179606615,0.15537411623566438,-0.49380839652407327,-1406.6020545288477
283,-208.43271628677488,0.9419352301441071,0.17965687184034204,3.0,7.0,0.0,209.0440650375025,0.00920676203265295,0.9907932379673471,-0.33776486030023845,0.1371725183778363,-1407.2412542614627
284,-204.86893201020004,0.9934812428602975,0.17704715286211825,4.0,15.0,0.0,208.80177888654154,0.5111826888722708,0.4888173111277292,0.15360327214294234,0.04305441044641507,-1405.5828349429075
285,-206.6690615794352,0.6627194334240084,0.20847388307936407,2.0,7.0,0.0,210.41626025028424,0.6500379592886603,0.34996204071133974,-0.049450330398667725,-0.1674009446367232,-1417.3649894727296
286,-206.4283290500258,0.9053512800209907,0.18333647593951077,3.0,7.0,0.0,207.95889989982157,0.9229757454932768,0.07702425450672323,0.16962578056454475,-0.5175998583159416,-1407.4375682123314
287,-207.82212055819016,1.0,0.17965687184034204,3.0,7.0,0.0,208.53118025590683,0.016208785374690466,0.9837912146253095,-0.2396370991733091,0.008304015479542133,-1406.946659848687
288,-205.3759258209413,0.9313006311665308,0.17704715286211825,2.0,7.0,0.0,205.90768898985777,0.37803483754685746,0.6219651624531426,-0.04244466134051793,-0.005363716043384731,-1408.685111649748
289,-206.24377619227602,0.95261033445471,0.20847388307936407,4.0,15.0,0.0,209.0401941460884,0.9344612169311093,0.06553878306889072,0.053707877252332475,-0.14379861263066238,-1405.3685298087166
290,-207.55056013599827,0.8275248932641301,0.18333647593951077,2.0,3.0,0.0,208.75812001046748,0.8882326915825022,0.11176730841749782,0.01336758212310303,-0.7965944277071204,-1417.2044659365192
291,-205.39205399757083,0.9977849643376656,0.17965687184034204,4.0,15.0,0.0,208.212154981723,0.305079433618584,0.694920566381416,0.29887817505887937,0.07384080867487722,-1408.0013038247223
292,-207.77822262029582,0.9633309141068999,0.17704715286211825,4.0,27.0,0.0,207.99233994073916,0.901676362608262,0.098323637391738,0.038280420332671726,1.5180545592184442,-1416.5525675123847
293,-206.1658306440185,0.9675863914821878,0.20847388307936407,4.0,15.0,0.0,208.01262122655015,0.2680762903582175,0.7319237096417825,0.7908444340179174,-0.13391680234277037,-1412.3378634954745
294,-208.71209688210973,0.7950295621924155,0.18333647593951077,1.0,1.0,0.0,208.76496541878325,0.8834809532934474,0.11651904670655255,-0.0432756717254538,-0.7946403214035274,-1425.4798551716397
295,-205.7304341365543,0.7861526113960623,0.17965687184034204,1.0,3.0,0.0,208.47585001794744,0.2523958694930422,0.7476041305069578,0.19860377322182304,-0.10359566836970313,-1409.572530903741
296,-207.340704141638,0.8392585232560758,0.17704715286211825,2.0,3.0,0.0,208.7442039316079,0.9393751182762333,0.06062488172376668,-0.07546859899814404,1.5180458626300024,-1410.469295831908
297,-205.914088557234,0.904399459865998,0.20847388307936407,2.0,7.0,0.0,206.8752689268793,0.10433865657156204,0.895661343428438,0.4928577854896837,0.05748872280033289,-1405.8180386309077
298,-206.05286956547528,0.9456874075252878,0.18333647593951077,3.0,15.0,0.0,209.77292433066066,0.6385678254644889,0.36143217453551113,0.39583594197469474,-0.4113431057549779,-1412.9531942480444
299,-206.42411685104233,0.8988708134581496,0.17965687184034204,1.0,1.0,0.0,206.43029139892272,0.23359468987806206,0.7664053101219379,0.1814578961006219,-0.14255870171429388,-1413.9985004624618
300,-208.38509659855498,0.8948685923922771,0.17704715286211825,2.0,7.0,0.0,208.9036248914586,0.9334335076732779,0.06656649232672207,-0.1658478235038494,1.4512541764355875,-1418.4381345233955
301,-206.41836445989486,0.9873982521693789,0.20847388307936407,3.0,15.0,0.0,207.0029624249897,0.9435820375987328,0.056417962401267174,0.11376827073511575,-0.338255642173194,-1405.5168550562414
302,-205.67128003006832,0.9385715857110537,0.18333647593951077,3.0,7.0,0.0,207.87941531508991,0.768453384669794,0.23154661533020604,-0.00878785041808855,-0.06011304165903249,-1408.7984840156228
303,-205.02601433230106,0.9830594138178448,0.17965687184034204,2.0,7.0,0.0,207.4866088248575,0.37224144806168474,0.6277585519383153,0.18072587367247753,-0.0717070154023423,-1406.1943112917395
304,-208.5506272705124,0.8511950555976565,0.17704715286211825,2.0,3.0,0.0,210.17496684675194,0.8502456273720499,0.1497543726279501,-0.1081694647465485,1.5169844022674406,-1424.3827349869164
305,-208.6957877879123,0.42957548353747044,0.20847388307936407,2.0,7.0,0.0,211.352177529108,0.9773580665708209,0.022641933429179084,-0.07443043382505167,-0.17887641738746096,-1415.2625723819274
306,-207.22731796677652,0.9093687868278779,0.18333647593951077,3.0,7.0,0.0,207.9131179240826,0.930235090342791,0.06976490965720905,0.2045733790784405,-0.017245440916589787,-1412.5468959413479
307,-205.3966926428557,0.8307973004812047,0.17965687184034204,1.0,3.0,0.0,207.29549162581287,0.4304359719550493,0.5695640280449508,0.2865618334607679,0.055100070267682474,-1409.0453562749276
308,-209.23209496148374,0.8602859412252752,0.17704715286211825,2.0,3.0,0.0,209.7538153914973,0.8304260518126562,0.16957394818734384,-0.042822622661418994,1.505438983726263,-1429.8244519221507
309,-206.47730184411364,1.0,0.20847388307936407,3.0,15.0,0.0,210.24527988688797,0.05156927221961989,0.9484307277803801,0.27581866118967124,0.02675020232364747,-1405.3823079094116
310,-207.71076480496032,0.9863527065285262,0.18333647593951077,4.0,23.0,0.0,208.36657149765463,0.35652131721100344,0.6434786827889966,-0.4992000337318806,0.08411189111086877,-1424.4240578965748
311,-205.63600278940407,0.9554779884476148,0.17965687184034204,3.0,11.0,0.0,206.40608437594173,0.3577506097268055,0.6422493902731945,-0.018335597518957383,0.26906924629195816,-1410.2611597052846
312,-207.99470231284562,1.0,0.17704715286211825,1.0,1.0,0.0,209.02109089099255,0.8678382020071513,0.13216179799284866,-0.02600238245061165,1.4786576764263382,-1419.929410441561
313,-206.8537661896642,0.9940114569650748,0.20847388307936407,3.0,7.0,0.0,207.49705503735154,0.03269982958320908,0.967300170416791,0.07062773688878213,0.07513828747091583,-1405.029169699272
314,-205.94180229707916,0.8162954791013635,0.18333647593951077,2.0,7.0,0.0,210.72630277303725,0.17822466944439816,0.8217753305556018,-0.023513626924272668,0.19742492521200194,-1409.2916514025158
315,-206.15002439918572,0.9635843849602692,0.17965687184034204,2.0,7.0,0.0,208.42092292992086,0.2847971743289077,0.7152028256710923,0.11409308499074708,0.2241482637483806,-1412.987903400697
316,-207.33470833630065,1.0,0.17704715286211825,2.0,3.0,0.0,208.16168323316018,0.9546222358448239,0.04537776415517614,-0.05969799372583521,1.4528350750820533,-1408.707161718786
317,-204.88761672747327,0.995611852484753,0.20847388307936407,3.0,7.0,0.0,206.9541012139087,0.48766861160932923,0.5123313883906708,-0.07839909508536937,0.14151670641082897,-1405.710530990786
318,-207.1771653399857,0.49532814935555464,0.18333647593951077,2.0,3.0,0.0,209.57495931503504,0.18424818695693723,0.8157518130430628,-0.09906884944706379,-0.09397805020651329,-1418.0220544188956
319,-204.79928414543647,1.0,0.17965687184034204,3.0,7.0,0.0,206.42016398449914,0.4386777127081454,0.5613222872918546,0.09847519627635631,0.035304953300976535,-1405.0130106569934
320,-207.79981290194092,0.9884579906910054,0.17704715286211825,3.0,7.0,0.0,208.24228221684382,0.8499760365759483,0.15002396342405167,-0.03737662202548804,1.3636273025563237,-1419.5968718068534
321,-207.022791366147,0.9563263670636254,0.20847388307936407,3.0,11.0,0.0,207.42184007077992,0.075193062653524,0.924806937346476,-0.919007806042853,0.060286249961422136,-1410.9152227636048
322,-205.7143692418143,0.9797783411027214,0.18333647593951077,2.0,7.0,0.0,207.95982446264725,0.3552882479290394,0.6447117520709607,-0.03532020225916541,0.28381043892430513,-1410.7733953963007
323,-205.3068794188498,0.9589424125570034,0.17965687184034204,3.0,15.0,0.0,206.00788454555845,0.36042340353992064,0.6395765964600794,0.34344615522167615,-0.17541379518747027,-1407.9446496353457
324,-207.1533625048466,1.0,0.17704715286211825,2.0,3.0,0.0,208.00637179820885,0.9040685965543789,0.09593140344562112,-0.10003944968579243,1.3735456604687128,-1412.4377788416957
325,-206.56827732823805,0.9468105393418471,0.20847388307936407,3.0,15.0,0.0,208.63222756712923,0.05944361350211881,0.9405563864978812,-0.34620346271137076,0.15101701595032477,-1406.877882472657
326,-205.1362469067056,0.9640459623986573,0.18333647593951077,3.0,15.0,0.0,206.87362525599306,0.2348142574453094,0.7651857425546906,0.07579320226054062,0.08761679270117914,-1405.1615705970808
327,-207.19213020966694,0.7452162951306804,0.17965687184034204,2.0,3.0,0.0,208.14873756919815,0.4537814438944395,0.5462185561055606,0.44220609782864617,0.08494033458015224,-1421.4219932693807
328,-206.49721380729963,0.9855428209461458,0.17704715286211825,3.0,7.0,0.0,207.3564370107319,0.943073381268133,0.056926618731866996,0.015450055510238793,0.9595679465836848,-1405.4345107036293
329,-207.4267769465994,0.6451837090086342,0.20847388307936407,1.0,3.0,0.0,209.46540282461453,0.09171929473613526,0.9082807052638647,-0.3022867676496282,-0.05629195909060372,-1415.6044544531394
330,-206.53828382378344,0.8525143625421384,0.18333647593951077,4.0,21.0,0.0,207.32963224954992,0.9175306735883854,0.08246932641161464,-0.07895235134451262,0.8314888246519516,-1408.2818914542215
331,-207.44367711891334,0.9913538864984681,0.17965687184034204,4.0,15.0,0.0,208.85128541240886,0.7215574612463708,0.27844253875362923,-0.2961769495132397,0.3794060872727039,-1421.6839504998484
332,-209.39173423386032,0.8399047082056111,0.17704715286211825,3.0,15.0,0.0,211.25183170596742,0.9938604792779151,0.006139520722084901,0.1490290389716457,1.5680722281090027,-1409.0607399095495
333,-205.9487541827099,0.759253511014632,0.20847388307936407,2.0,7.0,0.0,209.39686290538077,0.30559860838077,0.69440139161923,-0.26850579600331853,0.3447703273931009,-1411.7703855509028
334,-205.20245027903528,0.918827727264274,0.18333647593951077,3.0,15.0,0.0,209.1661945792805,0.7046183040281504,0.2953816959718496,0.14231955908025853,0.07829319242921004,-1406.6232114556503
335,-204.9852149586454,0.9975864494422534,0.17965687184034204,3.0,7.0,0.0,207.4448676291675,0.5560370542475904,0.4439629457524096,-0.14148943641043266,0.30999241457478416,-1406.2239420724304
336,-208.30472020710155,0.9966454842583152,0.17704715286211825,2.0,7.0,0.0,210.89169881149576,0.9886551231350738,0.011344876864926245,0.07816559431084279,1.674044430865798,-1405.4743713504395
337,-207.79713117761844,0.6666346150975323,0.20847388307936407,3.0,11.0,0.0,208.92900369151997,0.4655168222433924,0.5344831777566076,-0.2962162122839182,0.0012864909825943682,-1425.7268477869934
338,-207.32973594487444,0.9469509678849282,0.18333647593951077,4.0,15.0,0.0,208.11352574474355,0.06735514952413417,0.9326448504758659,-0.00842898902530103,-0.06428203381775068,-1413.0621894237363
339,-205.74448177810376,0.9437991121212225,0.17965687184034204,2.0,7.0,0.0,206.09787318338417,0.7260706655682629,0.27392933443173706,-0.1670398184785027,0.3611264562891302,-1409.9398535771627
340,-205.73356426680962,0.9622592696618123,0.17704715286211825,4.0,15.0,0.0,209.37987403582696,0.6486443835380469,0.3513556164619531,-0.24489280150667006,0.4507985147180362,-1410.714481046808
341,-205.36350479133353,0.8638511789173946,0.20847388307936407,2.0,3.0,0.0,209.38847332357417,0.5454307883360963,0.45456921166390374,-0.08471011099669828,0.053310361245198584,-1408.9587361377703
342,-207.68960336617448,0.9322639164955678,0.18333647593951077,3.0,11.0,0.0,208.80804916024593,0.10865739766127232,0.8913426023387276,0.17965351753371786,0.23687271987604414,-1418.4659166663337
343,-206.731967769196,0.9888587369130479,0.17965687184034204,3.0,15.0,0.0,208.64879409792698,0.37647042542978143,0.6235295745702185,-0.33398627536378417,0.4809416600007842,-1417.746563606229
344,-205.23289512146593,0.9996380110755001,0.17704715286211825,4.0,15.0,0.0,206.02681237978481,0.2942228888193265,0.7057771111806734,0.2137692142004923,-0.07422042946715596,-1406.7962826546857
345,-207.13986642353493,0.9675315929962396,0.20847388307936407,3.0,7.0,0.0,207.9624513970515,0.02666852645212436,0.9733314735478756,0.13210568057340324,0.10123172404777368,-1405.6252887460198
346,-205.85703488824834,0.97604754409459,0.18333647593951077,3.0,11.0,0.0,208.6583969087307,0.15649727213205605,0.8435027278679439,0.6156167176375646,0.042702307974998716,-1407.6936291507627
347,-206.72141288918758,0.957778740298785,0.17965687184034204,4.0,31.0,0.0,207.54073139282139,0.19214169659023192,0.807858303409768,1.0192364430467027,-0.0574564578944987,-1414.2126779386126
348,-205.0868030297419,0.978724202088241,0.17704715286211825,2.0,3.0,0.0,205.7266937875574,0.2645375633890333,0.7354624366109668,0.2169532506014847,0.044002939463413424,-1405.338944326829
349,-205.84077887901142,0.8810361981995768,0.20847388307936407,2.0,7.0,0.0,208.41296112035096,0.10588784167052917,0.8941121583294709,0.5418949769379854,-0.0025112858351662645,-1405.3605196473227
350,-205.85073805913808,0.9760825253873001,0.18333647593951077,4.0,23.0,0.0,207.55214208630593,0.1001412566292004,0.8998587433707996,-0.06685383206906398,0.053190212747537324,-1405.3353878811522
351,-206.58254139473698,0.9997712989031142,0.17965687184034204,3.0,11.0,0.0,207.15851240852044,0.08623548033269933,0.9137645196673007,1.116629390617258,-0.07495115262118887,-1408.388552508867
352,-206.0591392185693,0.8261428791344224,0.17704715286211825,2.0,3.0,0.0,206.329559902482,0.28931707785136934,0.7106829221486306,0.23972005672673968,0.16724719843204183,-1412.4059166718412
353,-206.26935427617468,0.9803280513195407,0.20847388307936407,4.0,15.0,0.0,206.6577636677843,0.06467614132867598,0.9353238586713241,0.30469882994891473,0.07922774290616391,-1405.3948250207354
354,-205.9144750093866,0.996120642437519,0.18333647593951077,2.0,3.0,0.0,205.9944469818248,0.08931062821811052,0.9106893717818895,-0.08303666836799084,0.08887832078682427,-1405.0611692077596
355,-207.42941679877669,0.992254932758895,0.17965687184034204,3.0,15.0,0.0,207.5881909134997,0.03386551595884542,0.9661344840411545,1.2826781920502244,0.10002528562075445,-1407.8191629858934
356,-205.54801945119945,0.9850313419683019,0.17704715286211825,3.0,15.0,0.0,207.15059238651625,0.515773810260959,0.48422618973904097,-0.2373259478955984,0.19986626597771537,-1410.2092295617342
357,-205.0627736880345,0.9836868442484639,0.20847388307936407,4.0,31.0,0.0,206.75140452073728,0.6347227134048901,0.36527728659510994,-0.12075714882736956,0.3642432342146964,-1406.299478843778
358,-205.399513819476,0.7216203563850758,0.18333647593951077,4.0,15.0,0.0,208.3201224500209,0.4396898898085901,0.5603101101914099,0.39224633534832387,-0.049033455967404466,-1409.0372258382954
359,-212.14288449714337,0.6133116028690957,0.17965687184034204,3.0,7.0,0.0,216.98331827956625,0.0005396686511362395,0.9994603313488638,1.1722228289301486,0.18636120133012446,-1412.2331278344054
360,-205.28731867380787,0.9627746521142789,0.17704715286211825,2.0,3.0,0.0,206.00858610386925,0.47244389274828896,0.527556107251711,-0.22286436531925727,0.19226184071888003,-1408.4025587771682
361,-205.40643217742542,0.9678482498264179,0.20847388307936407,3.0,7.0,0.0,205.61288443526567,0.49510055091574806,0.504899449084252,-0.23289380987904504,0.4157491171204351,-1409.1244381630245
362,-205.02109627248456,0.9999844534220258,0.18333647593951077,4.0,23.0,0.0,205.6151910875043,0.41767890399049556,0.5823210960095044,-0.012777923637560126,0.030274163668756925,-1406.4686119372395
363,-212.5891775974188,0.9890169348004404,0.17965687184034204,3.0,15.0,0.0,212.88085976074893,0.00038329827830705586,0.9996167017216929,1.3356328022897312,-0.057691061536786256,-1412.6269174338215
364,-205.13618472190282,0.9812811587128109,0.17704715286211825,2.0,3.0,0.0,205.56881555685675,0.5120171922000046,0.48798280779999537,-0.2039968611548077,0.2549690795914122,-1407.3583227827019
365,-205.46425560247323,0.957801877092065,0.20847388307936407,3.0,11.0,0.0,206.53206403942724,0.6684354858123743,0.33156451418762567,-0.19308914069099953,0.4439711158075264,-1408.6861561268993
366,-206.4356764979473,0.7556941794411606,0.18333647593951077,2.0,5.0,0.0,209.28025342250956,0.5408722445189997,0.45912775548100027,0.1437535752464912,-0.33644452180410594,-1416.2690542399132
367,-212.42175245037203,0.9976060657603053,0.17965687184034204,4.0,15.0,0.0,213.38509317860044,0.00030506003173422816,0.9996949399682657,1.4062031718882289,-0.031339541820324036,-1409.728802791637
368,-204.97306045819082,0.9940845371184626,0.17704715286211825,2.0,3.0,0.0,205.21017274044527,0.42963469162134055,0.5703653083786595,-0.1379921040943356,0.2572637875767748,-1406.115786038958
369,-205.46966952633662,0.9887717428460192,0.20847388307936407,2.0,7.0,0.0,206.2262538419798,0.7424086752508389,0.25759132474916113,0.0963771429094748,0.27006739336965924,-1407.8361355616455
370,-205.65768261709493,0.9327587254599409,0.18333647593951077,3.0,7.0,0.0,208.20319539337487,0.5169705293277109,0.4830294706722891,0.4242409226454572,-0.3180459107237324,-1410.8060480496606
371,-212.5716055383979,0.9688423867742423,0.17965687184034204,5.0,31.0,0.0,216.83636050717217,0.0006394682080429398,0.999360531791957,2.9439990469693025,-0.03448843070724798,-1410.0977153040146
372,-204.97816225680916,0.9964364142289992,0.17704715286211825,3.0,11.0,0.0,205.81991131845012,0.5461683727746144,0.4538316272253856,0.27251191268950975,-0.16340620857408106,-1406.2164720534965
373,-204.9350774691872,0.9979529873797747,0.20847388307936407,2.0,7.0,0.0,205.56089445441378,0.6464582094180988,0.35354179058190116,-0.016027551106391494,0.26058548637428997,-1405.3866588117342
374,-204.92492860508344,0.9814693948043534,0.18333647593951077,3.0,15.0,0.0,206.14664048506228,0.5984232294732029,0.4015767705267971,0.17793639489152524,-0.14419954541370794,-1405.6767928497318
375,-211.8060041038911,0.9548568955134035,0.17965687184034204,2.0,3.0,0.0,213.06164146821374,0.0008264288715864992,0.9991735711284135,2.900419070922946,0.007604757713800855,-1406.8004179507373
376,-206.9708686730096,0.8918975703454848,0.17704715286211825,4.0,15.0,0.0,207.68881175530103,0.32173299405094863,0.6782670059490514,-0.4648405766425224,0.45020934619610514,-1418.8272062160456
377,-204.92421526435615,0.9997425907147083,0.20847388307936407,4.0,15.0,0.0,205.0048190161773,0.3373331305545555,0.6626668694454445,-0.07482828170090484,0.12284970493317483,-1405.1994911215527
378,-205.20504685452022,0.911540346357248,0.18333647593951077,3.0,11.0,0.0,209.623945214283,0.5822203086829912,0.41777969131700876,-0.021457873329279037,0.01177680061155384,-1407.7401835579542
379,-210.89858457917,1.0,0.17965687184034204,3.0,7.0,0.0,212.05091997550036,0.0018169711063655413,0.9981830288936344,2.917843345648049,0.09432429236824655,-1405.8721790398702
380,-205.46608735109626,0.9304463333325829,0.17704715286211825,2.0,3.0,0.0,207.50700846042903,0.322275939344874,0.677724060655126,-0.38804751520454256,0.2599919124391121,-1408.6118628347251
381,-205.1618869778426,0.9700848089978172,0.20847388307936407,4.0,19.0,0.0,205.58939931168203,0.24654904935907912,0.7534509506409208,0.2870177325748506,-0.034721263007055594,-1405.5082094012932
382,-206.16644998507616,0.9686747737092422,0.18333647593951077,4.0,23.0,0.0,207.19102260488324,0.11290097370239902,0.887099026297601,0.7832888431290281,-0.08411818103168467,-1407.7164583406714
383,-211.4338632019751,0.9129314658119623,0.17965687184034204,2.0,3.0,0.0,211.76979263453362,0.0016893488497616354,0.9983106511502383,2.9828302194847596,0.14532888679358863,-1408.7258937882664
384,-206.26707930139509,0.7908911655806629,0.17704715286211825,2.0,3.0,0.0,206.60250803990348,0.3566939021235382,0.6433060978764618,-0.40798660720483765,0.13438541099161144,-1414.5148870184084
385,-205.51059307811178,0.9270752211130205,0.20847388307936407,2.0,3.0,0.0,206.11223720313643,0.2521656284245338,0.7478343715754662,0.4968286948098187,0.009628788956959532,-1407.8798527173246
386,-206.3842196994209,0.9845437244757357,0.18333647593951077,2.0,7.0,0.0,206.47496189939793,0.1133123414709113,0.8866876585290887,0.7402098974103327,0.08067036950141399,-1409.2998383811655
387,-211.1422619412123,0.9125049565684485,0.17965687184034204,3.0,7.0,0.0,212.39895085212856,0.005085381487096586,0.9949146185129034,3.00669462017131,0.18390121006859475,-1414.166190416401
388,-206.3605406830831,1.0,0.17704715286211825,3.0,15.0,0.0,206.90859592161135,0.22790403154896152,0.7720959684510385,-0.5126562494492415,0.3236022841640106,-1413.168692702783
389,-205.83217411281595,0.9975856994291992,0.20847388307936407,3.0,15.0,0.0,206.47251026044512,0.1143429001181088,0.8856570998818912,0.6520147872331793,0.009794901452793894,-1405.652509870494
390,-206.30237267445992,0.8785103195035951,0.18333647593951077,3.0,15.0,0.0,207.55641738287164,0.3643780416888419,0.6356219583111581,0.6895219934086333,-0.2191334344533822,-1414.5302371798869
391,-211.26802947840113,1.0,0.17965687184034204,3.0,11.0,0.0,211.90794387384753,0.0028686125211353454,0.9971313874788647,2.8113976464094854,-0.054101575957520104,-1412.1031557396157
392,-206.35879822938236,0.9212113191921045,0.17704715286211825,2.0,7.0,0.0,208.5121106729401,0.08021408998383799,0.9197859100161621,-0.6037540394285388,0.07579603792646841,-1407.1501247453969
393,-205.46953124827576,0.9931496933035695,0.20847388307936407,3.0,15.0,0.0,206.34790816731154,0.26812693494931,0.7318730650506899,0.5576814170590422,-0.044060629282691874,-1407.814131021396
394,-207.07653232682625,0.9569397269432224,0.18333647593951077,2.0,3.0,0.0,207.46833257026296,0.38897752437856004,0.61102247562144,0.7058543737822284,-0.3416546750610838,-1419.9775671997766
395,-213.55340708139556,0.9781036195991477,0.17965687184034204,4.0,23.0,0.0,213.84866433795497,0.0005363233276526057,0.9994636766723474,3.188576818640862,-0.070220103473102,-1414.36705967888
396,-207.04129328818777,0.7061955515605951,0.17704715286211825,3.0,9.0,0.0,209.06802254350637,0.0684937193003469,0.9315062806996531,-0.40710699460696026,-0.014964983565142781,-1411.0373805303686
397,-205.38943147800802,0.9894471488448329,0.20847388307936407,3.0,15.0,0.0,205.64888451275027,0.1791703093858898,0.8208296906141102,0.38986055094681427,0.017293216468780286,-1405.4072447995557
398,-205.4017652648862,0.9903842411713012,0.18333647593951077,4.0,15.0,0.0,207.63837667854983,0.3561385719613891,0.6438614280386109,0.2849350420635678,0.07584941357107333,-1408.6169569016827
399,-211.97648160677642,0.9945284877485211,0.17965687184034204,4.0,15.0,0.0,214.17535480014644,0.001046122733094237,0.9989538772669058,2.7943265976868026,-0.03535705740488937,-1410.1255481093835
400,-207.4225118424055,0.996745895761594,0.17704715286211825,3.0,9.0,0.0,208.00749470720905,0.1238454148608586,0.8761545851391415,-0.8589177387037354,0.04695212062378473,-1416.8433642439613
401,-205.98188639861888,0.9651890836459343,0.20847388307936407,4.0,23.0,0.0,206.1711654928263,0.8777134125878893,0.12228658741211074,0.008001290542584145,0.8126265866945757,-1406.8853179814141
402,-206.02856790146964,0.9285181309155315,0.18333647593951077,4.0,15.0,0.0,207.02356621811907,0.5054727492405791,0.49452725075942094,-0.3512406135452931,0.48268608523390255,-1413.3102153710697
403,-210.61445872325174,0.9985971974875122,0.17965687184034204,4.0,27.0,0.0,214.66859362399768,0.06027981729871107,0.9397201827012889,2.0414542519250736,-0.19935682265497853,-1431.4085935009703
404,-206.76465590692203,0.9812345375334093,0.17704715286211825,3.0,11.0,0.0,207.77307596507407,0.05520372071216371,0.9447962792878363,-0.5864016881314756,0.03776260521694069,-1407.579363099584
405,-206.16732379480885,0.9534031686448179,0.20847388307936407,4.0,19.0,0.0,208.27527919816754,0.9309006458440178,0.06909935415598223,0.08061786140528945,0.14946683479836237,-1405.1749310977846
406,-207.02871130720985,0.5593766702802117,0.18333647593951077,3.0,15.0,0.0,211.6880260899662,0.32350066037534847,0.6764993396246515,-0.09543903428665104,-0.10861758257621529,-1419.590130481046
407,-212.8813871617854,0.9242324184028872,0.17965687184034204,4.0,15.0,0.0,213.83188611166463,0.00028959005079332527,0.9997104099492067,2.4134871909826487,0.15757708142195448,-1409.2016563026436
408,-205.04923833793111,0.963590676789988,0.17704715286211825,4.0,15.0,0.0,207.33431684091576,0.4629724192691503,0.5370275807308498,-0.0638049896978341,0.2704955853345771,-1406.749095384695
409,-206.16732379480885,0.33819037156791715,0.20847388307936407,1.0,3.0,0.0,209.38494334671879,0.9309006458440178,0.06909935415598223,0.08061786140528945,0.14946683479836237,-1405.1749310977846
410,-206.61095622614152,0.7812539253529189,0.18333647593951077,3.0,7.0,0.0,210.20991090107285,0.5508816963084471,0.4491183036915529,0.002431883337941698,-0.20680262254036036,-1417.5328997632812
411,-216.08131421629415,0.7581716398421431,0.17965687184034204,2.0,7.0,0.0,216.21615500982335,0.00015710775405808157,0.9998428922459419,2.40151852939166,-0.14433348855654954,-1427.1357681703312
412,-205.93995615160838,0.8362677056194107,0.17704715286211825,2.0,3.0,0.0,206.52086250030678,0.6283840823839734,0.37161591761602664,-0.10848080596914064,0.03283807551855943,-1412.5244095538606
413,-205.4726816656527,0.937152108686242,0.20847388307936407,3.0,15.0,0.0,206.94597128003272,0.4414835644118286,0.5585164355881713,0.2915609138382384,-0.24417673148409605,-1409.558668327461
414,-206.29894731318225,0.9981798611293036,0.18333647593951077,4.0,15.0,0.0,206.7067798931277,0.4562092912477327,0.5437907087522673,-0.0994545033889321,-0.05981918070920088,-1415.4216394014297
415,-212.25046466371347,1.0,0.17965687184034204,3.0,11.0,0.0,216.23718862919014,0.0004239553121215754,0.9995760446878784,2.2906429272348214,0.14285701525881517,-1407.978238021852
416,-205.90567614134073,0.9828655572537977,0.17704715286211825,3.0,11.0,0.0,207.38994872095944,0.09236406598595152,0.9076359340140485,0.04485189006430103,0.09168028370980685,-1405.2131902917467
417,-206.091951462177,0.674099703294793,0.20847388307936407,3.0,7.0,0.0,208.75990025900143,0.8493211447185841,0.1506788552814159,0.17032489107897805,0.10370692882438498,-1409.3966204291573
418,-205.08125235186827,1.0,0.18333647593951077,2.0,3.0,0.0,206.45529749198235,0.5485641856598263,0.45143581434017366,-0.029026319318749508,0.04254585535667517,-1407.0071543047225
419,-212.51199184063708,0.9984183259919543,0.17965687184034204,3.0,7.0,0.0,212.80398220345637,0.00032009664509035073,0.9996799033549096,2.4151979125656142,-0.002703253724005053,-1407.3559121104886
420,-205.94190829976424,0.9136513332779795,0.17704715286211825,4.0,31.0,0.0,206.9472750574868,0.1499415612491297,0.8500584387508703,0.3133146138674418,0.11761305767403399,-1408.269898205825
421,-205.6259794212509,0.9501484551332124,0.20847388307936407,2.0,3.0,0.0,206.5079188205385,0.8540212623264706,0.14597873767352942,0.00878160471371528,0.09488997391582993,-1406.0235111981667
422,-205.48026813503992,0.9982461184226764,0.18333647593951077,4.0,15.0,0.0,205.5411584013371,0.3318811662503947,0.6681188337496053,0.5080840194953611,-0.05280162933828179,-1408.7771679819825
423,-212.40790369654133,0.920465401005445,0.17965687184034204,3.0,15.0,0.0,213.8955199212793,0.00034985349389270143,0.9996501465061073,2.488974571756103,0.12762175241066537,-1406.92425973005
424,-205.29814771104628,0.8843852046160041,0.17704715286211825,3.0,7.0,0.0,206.85338169741013,0.26794696508054944,0.7320530349194505,0.42451932845970886,-0.11093552707799892,-1406.731300438486
425,-208.30367472680177,0.933753838675351,0.20847388307936407,4.0,19.0,0.0,208.9477918670596,0.9558842657715221,0.04411573422847792,-0.025529771665803926,-1.0777917873687595,-1416.0368611367305
426,-205.193359224913,0.9966304191626632,0.18333647593951077,2.0,7.0,0.0,205.79181933741353,0.25206481594903707,0.7479351840509629,0.35982254194048596,-0.06144913691061914,-1405.7848098274112
427,-212.17749230089328,0.9792897789583944,0.17965687184034204,3.0,7.0,0.0,212.61639111309967,0.0003515622718135402,0.9996484377281865,2.463629791555594,0.09634330686594211,-1405.4807134098846
428,-205.24260774112417,0.95562881978361,0.17704715286211825,3.0,11.0,0.0,207.37499339508062,0.7324628435807213,0.26753715641927867,0.20991716994589205,-0.19028417624100802,-1406.4378612649323
429,-206.232263490245,0.9123593092148662,0.20847388307936407,3.0,9.0,0.0,209.59829990148324,0.877514209708663,0.122485790291337,0.18715548328839215,-0.6733469881872313,-1408.7730562112795
430,-205.18695466096278,0.9635320239402959,0.18333647593951077,4.0,15.0,0.0,205.86615161314816,0.7513614791980333,0.2486385208019667,-0.054452184852057134,0.35860928335001385,-1405.679053219963
431,-205.63414717530804,0.8738159517032068,0.17965687184034204,4.0,27.0,0.0,214.42243595139487,0.14554264817979642,0.8544573518202035,-0.027685293543989575,0.13505041121558764,-1406.0542227386704
432,-205.69607129705872,0.9817883860297782,0.17704715286211825,3.0,15.0,0.0,206.617211241001,0.15086644547401915,0.8491335545259808,-0.02331056478115845,0.14965989448691097,-1406.6835730244231
433,-206.5454805832593,0.6456598996206905,0.20847388307936407,3.0,7.0,0.0,208.46592965694802,0.8408195288717569,0.15918047112824307,0.15821949784474634,-0.7787840534500207,-1412.3281685789798
434,-204.96535540912376,0.9325988543025814,0.18333647593951077,3.0,15.0,0.0,206.3679724737656,0.4319677459119824,0.5680322540880176,-0.17818274335898154,0.2345660800330992,-1406.070324399407
435,-205.75940060421993,0.9900639883614003,0.17965687184034204,4.0,15.0,0.0,207.87638954899674,0.8397766527626005,0.1602233472373995,0.17979048986594812,-0.11073751717592653,-1407.4414700488271
436,-205.11337109764222,0.9997268030438785,0.17704715286211825,4.0,15.0,0.0,205.94250030013765,0.6829345749969249,0.3170654250030751,-0.055685927135128835,0.18075954074470144,-1406.2731926897407
437,-207.22933427869887,0.6324802555777127,0.20847388307936407,2.0,5.0,0.0,208.31686089368512,0.9404364708150199,0.05956352918498009,0.2046752897846215,-0.8487291568646887,-1410.922362445988
438,-204.8270125947104,0.9979159252793529,0.18333647593951077,3.0,15.0,0.0,205.2517130837442,0.3990480845954835,0.6009519154045164,0.11866546439399209,0.03226540375181175,-1405.0181411898836
439,-207.26412919724353,0.9526216502490955,0.17965687184034204,3.0,15.0,0.0,207.52881982896315,0.7322312820130695,0.26776871798693047,0.1015627543538562,-0.613627752454267,-1420.1411058133897
440,-205.99202666948307,0.9976534570348636,0.17704715286211825,3.0,15.0,0.0,206.29531348398274,0.6075400529992869,0.39245994700071307,0.24650668641105578,-0.4348508077846722,-1412.8234041254204
441,-207.431186896139,0.7958165585254596,0.20847388307936407,3.0,7.0,0.0,208.94141671462128,0.8992837333843879,0.10071626661561206,0.28084442716903163,-0.5469016227407739,-1415.9678093384816
442,-205.30334691748968,0.9652090895659754,0.18333647593951077,3.0,11.0,0.0,205.94887346621658,0.7024505699876759,0.29754943001232415,0.11541040716485558,-0.2460393390123971,-1407.3084166308984
443,-208.9100260959287,0.8474457169665901,0.17965687184034204,3.0,15.0,0.0,210.18988492468102,0.9935891895758905,0.006410810424109514,-0.00548233279980781,-0.5645986435254601,-1407.8970607187728
444,-205.7746681287594,0.9998471065965919,0.17704715286211825,3.0,7.0,0.0,206.27854130763413,0.5738749682311027,0.42612503176889727,0.24432039862817254,-0.3712939143063986,-1411.5418211671442
445,-207.97294200566893,0.954476752966135,0.20847388307936407,2.0,3.0,0.0,208.62861687066916,0.9177171857698685,0.0822828142301315,0.28838235956021885,-0.5915657472124455,-1418.4063042624487
446,-206.54463959646247,0.9983876001651437,0.18333647593951077,3.0,15.0,0.0,207.0882743593888,0.9166454759481356,0.08335452405186439,0.18285334721708088,-0.6970845893202774,-1408.5467874083054
447,-207.99843657398566,0.9906784902491205,0.17965687184034204,3.0,15.0,0.0,209.28860835671347,0.8773836485746496,0.12261635142535043,0.053754465986968765,-1.021690062593436,-1420.4975895946977
448,-205.265291444582,0.9574524837509344,0.17704715286211825,3.0,11.0,0.0,206.81229562384522,0.803560007230123,0.196439992769877,0.017893220637431484,0.2038261309694393,-1405.133832510538
449,-205.89520411201252,0.9995135466254971,0.20847388307936407,3.0,11.0,0.0,208.40534017616852,0.6196100973737696,0.3803899026262304,0.28285905678493667,0.02601460910745096,-1412.22076388313
450,-206.41764844084793,0.9971576475548086,0.18333647593951077,2.0,7.0,0.0,206.83392566415046,0.9048167415297657,0.09518325847023434,0.19164027338862258,-0.6311036189963876,-1408.5693393936403
451,-207.45113181480292,0.9830446251026912,0.17965687184034204,3.0,7.0,0.0,208.68744050720107,0.9567832861669701,0.04321671383302994,0.061259891131701355,-1.1853509459227622,-1409.7991071874433
452,-206.79313059127088,0.8109428644288306,0.17704715286211825,2.0,7.0,0.0,208.69054806305672,0.8414807720108994,0.15851922798910056,-0.14213351303913802,0.31224615922296006,-1414.4592333841172
453,-206.9261574267286,0.9876530914883435,0.20847388307936407,4.0,15.0,0.0,206.97115853426448,0.6527097409533777,0.34729025904662225,0.09838683127156476,-0.4504095565501949,-1418.9591183685898
454,-205.8930169152928,0.9931427483341511,0.18333647593951077,3.0,7.0,0.0,206.5455436752115,0.8212498598297401,0.17875014017025992,0.12097584261329741,-0.5154211619485486,-1408.762679155139
455,-207.1946313474393,0.9285268314527518,0.17965687184034204,3.0,11.0,0.0,208.40514322096982,0.9067190914167408,0.09328090858325921,0.045243802533471725,-0.8818956241074257,-1413.5138997231006
456,-205.023701143455,0.9871234486208564,0.17704715286211825,2.0,7.0,0.0,207.46409074682612,0.5644338709614309,0.43556612903856906,-0.13204719923062097,0.3468486205616449,-1406.4427574662302
457,-206.04312466850604,1.0,0.20847388307936407,2.0,3.0,0.0,206.8221232570635,0.6728225155946725,0.32717748440532746,0.13225845435957279,-0.4049929546909844,-1412.6836838565775
458,-206.13826068008714,0.9967823871431133,0.18333647593951077,3.0,7.0,0.0,206.26086593617057,0.8476872779783419,0.15231272202165813,0.1026651548892803,-0.586913683686504,-1409.5055099457406
459,-208.79465213281895,0.8635519182452825,0.17965687184034204,2.0,7.0,0.0,210.03389470849203,0.9748423348374885,0.0251576651625115,0.23295281855125705,-0.9235230809497975,-1415.9045987701534
460,-205.6887048361978,0.9916030759627464,0.17704715286211825,4.0,15.0,0.0,205.89271299173404,0.8112682274958904,0.18873177250410955,-0.0021061800722016882,0.6439092088268229,-1407.5262319515202
461,-206.92725768984232,0.929395129465632,0.20847388307936407,2.0,3.0,0.0,207.1062244246606,0.8500158479090489,0.14998415209095106,0.2971802647422169,-0.41023799733789695,-1414.9531979893763
462,-205.76952293309085,0.9970063780718229,0.18333647593951077,3.0,7.0,0.0,206.2309317836333,0.8717089113004667,0.12829108869953332,0.15298167355964798,-0.37847143982661274,-1406.1284293331123
463,-207.6134473202471,0.9952289279590392,0.17965687184034204,3.0,15.0,0.0,210.11693450020178,0.9782050695710346,0.02179493042896541,0.02043945042591666,-0.6740557284593955,-1407.1683790348172
464,-205.3471929169502,0.9945142120854471,0.17704715286211825,4.0,19.0,0.0,206.04315197808967,0.2181977880636907,0.7818022119363093,0.3617004400060069,-0.06373882458424034,-1406.155270186245
465,-205.43544155440048,0.9381693600798222,0.20847388307936407,3.0,15.0,0.0,208.12476025916533,0.6656303869765614,0.3343696130234386,-0.040828997285695355,0.022401999895169805,-1408.716780451985
466,-208.63956755560906,0.937080834705944,0.18333647593951077,4.0,23.0,0.0,212.63872500432385,0.9898948768482179,0.010105123151782136,0.11285305445921362,1.7030285475708002,-1406.9064414991694
467,-206.97916468043312,1.0,0.17965687184034204,3.0,7.0,0.0,207.62078345143811,0.9634203973724537,0.03657960262754634,0.12848752436789923,-0.625065977013692,-1406.2996965427155
468,-206.94014889712366,0.9822597314013103,0.17704715286211825,3.0,11.0,0.0,208.09064339199662,0.9351246856590497,0.06487531434095029,0.014796185323768474,-0.6028753886866012,-1409.8198402009828
469,-205.08456136508858,1.0,0.20847388307936407,1.0,1.0,0.0,205.37261878409979,0.6428602122291533,0.35713978777084665,-0.004473483907701532,0.0404420603273388,-1406.5080739944026
470,-208.23607275046086,1.0,0.18333647593951077,3.0,7.0,0.0,208.70525496594036,0.9863995036727081,0.013600496327291878,-0.005960244053752076,1.6138116622786323,-1406.4132895605287
471,-206.9286909033436,0.9590820685331773,0.17965687184034204,3.0,15.0,0.0,208.35552160134475,0.9612308797965576,0.038769120203442364,0.13532757818017635,-0.20263778916327616,-1406.6372396993936
472,-206.99733100468293,0.9647755572799128,0.17704715286211825,3.0,11.0,0.0,209.20637863952422,0.971543178149924,0.02845682185007603,0.05729858498016675,0.3172907291609526,-1405.010480102192
473,-205.59813208286803,0.7925115497913854,0.20847388307936407,2.0,3.0,0.0,206.8173042300637,0.6366857594438015,0.36331424055619854,0.18958563420546445,0.12777058284897924,-1410.0637301411875
474,-207.9815477799049,0.9347809922818021,0.18333647593951077,2.0,3.0,0.0,208.97542450324056,0.9810857467553135,0.01891425324468654,0.09559542418081497,1.63532205081039,-1406.8278156579574
475,-205.56215093164585,0.9747772919443307,0.17965687184034204,3.0,15.0,0.0,208.49448567266597,0.8490811326332256,0.1509188673667744,0.14603283954866786,-0.19538602744539957,-1405.7288889913466
476,-205.36463671990512,0.9627534996832048,0.17704715286211825,3.0,11.0,0.0,207.81201378359353,0.8252257667530268,0.17477423324697317,0.010241735644894591,0.2968463337517748,-1405.1565851687485
477,-207.23796818926326,0.8889815872354385,0.20847388307936407,2.0,7.0,0.0,208.02014320461706,0.7263798920857025,0.2736201079142975,0.24556053226917962,0.23043215053414587,-1420.2904145838318
478,-208.6302384074338,0.9941123005507511,0.18333647593951077,3.0,11.0,0.0,209.1383316188943,0.992303529983913,0.007696470016086976,0.012329786194365144,1.3609350468623274,-1405.8938585998274
479,-205.78475231495037,0.9872601366871828,0.17965687184034204,4.0,15.0,0.0,206.02243478063917,0.578057488394306,0.42194251160569396,0.18644198511460153,-0.33402563433135396,-1411.6377316959686
480,-205.43274874084125,0.9149773008871698,0.17704715286211825,4.0,25.0,0.0,207.94916955767917,0.5867928895666878,0.41320711043331215,0.15720123699174432,-0.25902737664383113,-1409.2123545068216
481,-205.04978740538266,0.9917363702747308,0.20847388307936407,2.0,3.0,0.0,207.2356662827922,0.7362790424024277,0.2637209575975723,0.037236565193058846,0.1807290530274369,-1405.0824719753875
482,-207.21941901211108,0.9859853001094505,0.18333647593951077,3.0,7.0,0.0,209.0820083810716,0.8608751084571846,0.13912489154281538,0.04529480977242248,1.1203067899321275,-1415.6759717080167
483,-205.22319689051025,0.9985928237930397,0.17965687184034204,3.0,15.0,0.0,206.48262869908157,0.7778405527736969,0.2221594472263031,0.11614435018639066,0.032259735578348506,-1405.4918640373066
484,-205.08435823110275,0.958896374895624,0.17704715286211825,3.0,7.0,0.0,205.937646737664,0.6178407457316996,0.38215925426830044,0.26284030204147896,-0.212169834790589,-1406.6030885093016
485,-205.6325070117826,0.9964956245511879,0.20847388307936407,4.0,15.0,0.0,205.78227096729168,0.8743013890415586,0.12569861095844137,0.02340112280585585,0.3229984547655243,-1405.114785230171
486,-206.48746629150222,0.9913143351823647,0.18333647593951077,1.0,3.0,0.0,207.44795536344756,0.8878905651920614,0.11210943480793856,-0.04656286651837524,1.1550542925031733,-1409.2735349525249
487,-204.99489333276904,0.9039478503375746,0.17965687184034204,3.0,15.0,0.0,207.64690988309513,0.36816091199554735,0.6318390880044527,-0.18797885951029697,0.2110792014005787,-1405.9116093095806
488,-207.15657186531888,0.8110255106612537,0.17704715286211825,3.0,15.0,0.0,209.75336874691928,0.15867694630426685,0.8413230536957331,-0.13164235774321023,0.28517775296418363,-1416.991814875197
489,-206.7854673389476,0.9505527351634316,0.20847388307936407,3.0,15.0,0.0,207.81465672510535,0.9534082629980356,0.046591737001964395,-0.021057660787170376,0.8563913890401431,-1406.278692064474
490,-205.97721817461215,0.758510923695444,0.18333647593951077,3.0,15.0,0.0,209.6973552501392,0.879882584943447,0.12011741505655305,0.15674875409045316,-0.03792665051195737,-1407.2942891934017
491,-205.81854940723264,0.9738333451832762,0.17965687184034204,3.0,15.0,0.0,206.2206464086407,0.1279302640012189,0.8720697359987811,-0.3321681870343494,0.0721468587359144,-1406.4946211881602
492,-205.53760847076225,1.0,0.17704715286211825,2.0,5.0,0.0,207.23641501021297,0.2421035127823844,0.7578964872176156,-0.13251704303903747,0.22407308579064336,-1408.0322044590573
493,-206.16653140046773,0.9896997557350232,0.20847388307936407,3.0,7.0,0.0,207.03230660073223,0.9044256363029608,0.0955743636970392,-0.055199386392396216,0.7270454208741752,-1406.776591354224
494,-206.65940501623976,0.9907864834515749,0.18333647593951077,4.0,15.0,0.0,207.27459216862738,0.6665124480380711,0.3334875519619289,0.4065948287225211,-0.1926081520121403,-1416.989613299853
495,-205.76644027487743,0.9877354412071828,0.17965687184034204,4.0,31.0,0.0,210.538178718707,0.1585891913576022,0.8414108086423978,0.5558558226929031,0.045627477354740625,-1407.2026229933685
496,-205.2120714412307,0.9897575832498162,0.17704715286211825,4.0,15.0,0.0,206.80583520599512,0.33314045940026443,0.6668595405997355,0.34232803781266996,-0.13756662533882827,-1407.0454418314794
497,-206.03094748972643,0.9187471829880386,0.20847388307936407,4.0,15.0,0.0,206.79742151037993,0.08895350170925573,0.9110464982907442,-0.003133854968757316,0.027822311076926697,-1405.8528611934148
498,-205.64384455238022,1.0,0.18333647593951077,2.0,7.0,0.0,207.24022097652602,0.6222173624355497,0.3777826375644503,0.322947352078946,-0.10447291364489904,-1410.436119668284
499,-207.39271135199144,0.9788327362370134,0.17965687184034204,4.0,15.0,0.0,207.6255678860236,0.19469553233582143,0.8053044676641785,1.1178612489145876,-0.04003196388321066,-1418.7386534019745
500,-205.46058140235576,0.9710215152300173,0.17704715286211825,4.0,31.0,0.0,207.57445826227377,0.7674622663120877,0.2325377336879123,-0.1027261401195721,0.38810302730750446,-1407.2276352346883
501,-206.10833963643879,0.9635245401121323,0.20847388307936407,4.0,15.0,0.0,208.7957424291895,0.356454165253852,0.643545834746148,-0.38092189741523963,0.12988279227225452,-1413.435745608266
502,-205.10318432277688,0.9995522028215035,0.18333647593951077,2.0,7.0,0.0,205.76356553781906,0.3795841848910355,0.6204158151089645,0.14475644558986445,-0.07377677676356018,-1406.7908911821585
503,-208.08120498843928,0.9878541669923883,0.17965687184034204,2.0,3.0,0.0,208.42630514159262,0.13673056757757898,0.863269432422421,1.1904322819262294,-0.2266939290399197,-1421.3457270549422
504,-206.46540910311018,0.9722402541518104,0.17704715286211825,4.0,15.0,0.0,207.2183446700256,0.880002628230084,0.11999737176991598,-0.07242625017781266,1.1201322416705204,-1409.5951645104315
505,-206.43996123424697,0.7382722600223002,0.20847388307936407,3.0,7.0,0.0,208.87352104081904,0.3874866032772028,0.6125133967227971,0.09004921288676536,0.29336604094804575,-1416.0202794183554
506,-212.1836642162804,0.5609719203790313,0.18333647593951077,4.0,23.0,0.0,212.68999826501764,0.9958737497283334,0.004126250271666576,0.24329434356249252,2.532828538489884,-1422.167563012546
507,-206.98448849613445,0.9684726499632457,0.17965687184034204,3.0,11.0,0.0,209.59179146634366,0.04851493339956576,0.9514850666004342,1.4148200329919567,0.03154843766296236,-1406.8233182333106
508,-206.20656499898817,0.7554289884468839,0.17704715286211825,3.0,7.0,0.0,209.15775637508114,0.9326887949647794,0.06731120503522059,0.02761381119878406,0.4227410122100477,-1405.1480769286095
509,-205.10145425604006,1.0,0.20847388307936407,2.0,3.0,0.0,207.7253528448151,0.55971583699913,0.44028416300087003,-0.0646243622931875,0.34309512094242806,-1407.009981213468
510,-210.0932392367674,0.8436388046508453,0.18333647593951077,2.0,3.0,0.0,215.19505623550322,0.9845918763114313,0.015408123688568698,-0.0676694860941899,2.8326962479576947,-1415.4077423288559
511,-209.63841487302577,0.7676168955259363,0.17965687184034204,3.0,15.0,0.0,211.80941404765585,0.010632564995375116,0.9893674350046249,1.2574745792431843,-0.09293025074225833,-1415.2965232411955
512,-206.61776532116258,0.9807392718015584,0.17704715286211825,3.0,15.0,0.0,209.12099307782665,0.9408393442589987,0.05916065574100127,0.0403550079325769,1.0930755415818585,-1406.2789445723338
513,-204.98902530404462,0.9981152422169352,0.20847388307936407,4.0,15.0,0.0,205.37608607998231,0.38431256960376226,0.6156874303962377,-0.01786965739219308,0.04474327709544969,-1406.05576645661
514,-210.29677678967835,0.7147773006832839,0.18333647593951077,1.0,3.0,0.0,213.30349954905302,0.9845106636012445,0.015489336398755493,0.17122377164929775,2.808596390288025,-1416.9455052749347
515,-208.65237356405106,0.9609753118649579,0.17965687184034204,2.0,7.0,0.0,212.4276558648164,0.022937958556532256,0.9770620414434678,1.3413478282656555,-0.09648701388484732,-1413.5211198930513
516,-207.4192252263627,0.9081612566438458,0.17704715286211825,2.0,7.0,0.0,208.5864405209592,0.9416670049366864,0.058332995063313575,0.13604892908667288,0.9644186989575639,-1411.9379789090428
517,-205.7310135615137,0.9268336853639447,0.20847388307936407,3.0,11.0,0.0,206.27605567852746,0.6868952818540671,0.3131047181459329,-0.203803162789082,0.3868114188089453,-1410.358659001812
518,-209.3880747421412,0.8525955944062567,0.18333647593951077,2.0,3.0,0.0,212.39360232584576,0.99048184688963,0.009518153110369965,-0.012240281904153216,2.578831226295073,-1408.4404707509777
519,-208.64018923646233,1.0,0.17965687184034204,2.0,7.0,0.0,209.6814998561606,0.015238160378707864,0.9847618396212922,1.3098074322671696,-0.06248631502233958,-1410.7428415968875
520,-209.71832084066892,0.9524909405181257,0.17704715286211825,4.0,23.0,0.0,210.82679293560395,0.9965398848510484,0.0034601151489516146,0.13483781664540884,1.4811335352297872,-1407.6064807371995
521,-204.94334194950088,0.9855049032237786,0.20847388307936407,3.0,15.0,0.0,206.51977781966738,0.5635839910344568,0.4364160089655432,-0.11299157512775253,0.3002494730855866,-1405.9207812626737
522,-207.08203442255345,0.9813470124488133,0.18333647593951077,5.0,31.0,0.0,210.43191974392872,0.06533129156967052,0.9346687084303295,1.139775232838621,-0.09563897492783982,-1410.0293671697204
523,-211.81269626801884,0.7960363574934298,0.17965687184034204,2.0,3.0,0.0,212.1968973827964,0.010554681284735001,0.989445318715265,1.3383957396428174,-0.17593193832071452,-1430.0650348326333
524,-207.89301847465163,1.0,0.17704715286211825,2.0,7.0,0.0,211.8675011822179,0.9810881081726406,0.018911891827359417,0.003117728416471524,1.6987191952806087,-1406.0408030389342
525,-205.0030706630751,0.8019361006309049,0.20847388307936407,3.0,7.0,0.0,206.28108098963997,0.2807392447956258,0.7192607552043742,-0.014247439854496334,0.08782712714609484,-1405.0527642849322
526,-207.16270792965176,0.9782438704455476,0.18333647593951077,2.0,3.0,0.0,207.60981799190972,0.03990105982296261,0.9600989401770373,1.1659547504020669,0.08923151428966747,-1407.3149797805142
527,-207.99650247711182,1.0,0.17965687184034204,2.0,3.0,0.0,211.22811906811043,0.02056174754172979,0.9794382524582702,1.3725892460866522,0.12124554192078794,-1408.1739994056707
528,-208.72009055551095,0.9804680447865066,0.17704715286211825,4.0,15.0,0.0,208.9589032004465,0.9883435463870357,0.011656453612964301,0.11699275547707527,1.941340560379021,-1407.687646429056
529,-206.56373314145193,0.9549615038577794,0.20847388307936407,4.0,15.0,0.0,207.12715121106908,0.9453557027447286,0.05464429725527142,-0.0026173972707497217,0.33090060058174,-1406.328766056827
530,-208.44323424888813,0.8378883258531891,0.18333647593951077,3.0,15.0,0.0,210.0112762461695,0.0329876651328873,0.9670123348671127,1.6609389084932469,-0.1053441227871134,-1413.6848399919863
531,-207.26035188706976,0.9935370182719326,0.17965687184034204,2.0,7.0,0.0,208.26624333411962,0.03130288754896101,0.968697112451039,1.4731774806448101,0.024633205553265064,-1405.6808557728632
532,-211.53656359123423,0.8637098322568265,0.17704715286211825,2.0,7.0,0.0,212.41100690629614,0.997040192714734,0.002959807285266014,-0.09768530103589884,2.0338121354808325,-1417.4211396780854
533,-206.8589518757059,0.9950706775365671,0.20847388307936407,4.0,23.0,0.0,207.13603129074974,0.0688956002540802,0.9311043997459199,1.2748642792735172,0.047490475427948334,-1408.5532173942734
534,-209.39036474189996,0.6325374103184184,0.18333647593951077,3.0,9.0,0.0,212.54835637866648,0.008064882656079509,0.9919351173439205,1.315817128101922,-0.06048641036367519,-1411.5663016322392
535,-205.29484879034675,0.9928944874872206,0.17965687184034204,4.0,31.0,0.0,208.4421994583577,0.22297906809725515,0.7770209319027448,0.028040427838622234,0.019329217085896522,-1406.0165181901207
536,-209.78068424135557,0.9919145712572267,0.17704715286211825,3.0,7.0,0.0,211.54878302208732,0.9275070369162639,0.0724929630837361,-0.13022697422760574,2.12563133416509,-1426.5499358994166
537,-207.04585589598244,0.955521374644872,0.20847388307936407,2.0,3.0,0.0,207.45149555477047,0.09022972838181871,0.9097702716181812,1.3742111555235732,-0.08458512123543221,-1411.3161936762465
538,-206.7400695060851,0.6381474545197829,0.18333647593951077,2.0,7.0,0.0,212.2800098651749,0.04618608848181775,0.9538139115181823,1.1054623205284821,0.010903198332688158,-1405.4859819365668
539,-205.05385897329938,0.9503341764457757,0.17965687184034204,3.0,7.0,0.0,206.05013866284267,0.318852775099716,0.681147224900284,0.15929483224562999,0.08456255038297514,-1405.8856315404228
540,-208.77730016963716,1.0,0.17704715286211825,3.0,7.0,0.0,209.89594914575403,0.9781597685576281,0.021840231442371905,0.14883283663836946,1.9096585183745167,-1412.4466683808153
541,-206.17393193787714,0.9605805953252806,0.20847388307936407,4.0,29.0,0.0,207.74774374477352,0.08404224757242079,0.9159577524275793,0.46069120773907735,0.08427484613374119,-1406.2966654751172
542,-207.9606467809971,0.9847165192397014,0.18333647593951077,3.0,11.0,0.0,208.3466972971146,0.011951083198142766,0.9880489168018572,0.9606548885598414,0.07003368441657308,-1405.0769363294605
543,-204.80926662825416,0.9938499052658413,0.17965687184034204,3.0,15.0,0.0,205.6498203412461,0.4891919580628486,0.5108080419371515,0.1674085079116028,-0.03661136516435117,-1405.1675254632714
544,-208.92512679955814,0.9683407481811153,0.17704715286211825,4.0,27.0,0.0,210.67702197772493,0.9825110962428366,0.017488903757163388,-0.08960042586608102,1.4183311676267385,-1413.3877465984258
545,-206.05254367641592,0.989224168776765,0.20847388307936407,3.0,7.0,0.0,206.36648651349262,0.09885760831164386,0.9011423916883561,0.38400376105866224,-0.02717778169162366,-1406.5284780974146
546,-209.48833493087994,0.9364073897702719,0.18333647593951077,4.0,19.0,0.0,210.96030084621873,0.004467216166788453,0.9955327838332115,1.6702424245194203,-0.00929660831485861,-1407.2765265998291
547,-205.0712494975303,0.983672560219965,0.17965687184034204,2.0,7.0,0.0,205.1216639782216,0.4971468742999964,0.5028531257000036,0.09420348483505114,-0.08312588437868922,-1406.991969981777
548,-207.84718132759699,0.8722847303312603,0.17704715286211825,2.0,3.0,0.0,210.32405702912777,0.8971524311031172,0.10284756889688285,0.019076740115631804,1.5524214689758398,-1417.2147427836799
549,-205.358755821738,0.9467273997860907,0.20847388307936407,3.0,7.0,0.0,207.00196183424228,0.7030886685179033,0.2969113314820967,-0.04035330969976325,0.07116860768471718,-1407.7406021390236
550,-207.6084859047951,0.9876358769060867,0.18333647593951077,4.0,31.0,0.0,210.69141652292382,0.6897517894571767,0.31024821054282326,-0.016471428712001274,-0.3643581119939195,-1423.3433295526597
551,-205.575425283108,0.9905850360068394,0.17965687184034204,4.0,27.0,0.0,206.2685419249768,0.786767802176332,0.21323219782366798,-0.10392017642885756,0.633996893493848,-1407.3766359984256
552,-210.09881276823984,0.9356020676155434,0.17704715286211825,3.0,11.0,0.0,210.5352430401319,0.9768710230872694,0.023128976912730637,0.21063144688660435,1.990112426275991,-1421.672189205925
553,-205.21684976042724,0.9999782288083864,0.20847388307936407,4.0,17.0,0.0,205.53766908232748,0.7433198194998617,0.2566801805001383,0.14214576824401004,0.030018066547370863,-1406.1264877400154
554,-206.17619437479547,1.0,0.18333647593951077,3.0,11.0,0.0,207.92080811947142,0.7084071602850717,0.29159283971492833,0.12803872617566403,0.354669964698752,-1413.19747345913
555,-207.0188129998302,0.8458824765522885,0.17965687184034204,3.0,7.0,0.0,207.63309256214382,0.9327920441839145,0.06720795581608552,-0.0924313011905736,0.7768221590275983,-1410.3755769896995
556,-210.9103702108627,0.9022088231708661,0.17704715286211825,3.0,11.0,0.0,214.91142781242263,0.9991528939342034,0.0008471060657966323,0.015307218580850462,1.4523269727805843,-1406.2266083678305
557,-206.2861051241897,0.882447750374118,0.20847388307936407,2.0,3.0,0.0,206.51567872844456,0.792969298237369,0.20703070176263105,0.23882383321631784,-0.009067150815764192,-1412.4432716399601
558,-205.9917669432249,0.99780069757045,0.18333647593951077,3.0,11.0,0.0,208.0118652477218,0.8925041739561298,0.1074958260438702,-0.04562426916568173,0.564774842696832,-1406.4715294886114
559,-206.8832980373564,0.999872261535371,0.17965687184034204,2.0,7.0,0.0,207.26573819215406,0.9431965154499216,0.05680348455007844,-0.06020075717732072,0.7699871537658057,-1408.3676301994396
560,-211.2389021790306,0.8093283965104822,0.17704715286211825,4.0,15.0,0.0,213.8700786520527,0.9943532886785367,0.005646711321463327,-0.12183941454796506,1.8017400402375805,-1420.5724023337727
561,-204.87641151172167,1.0,0.20847388307936407,2.0,7.0,0.0,206.45371239233282,0.6483253041850202,0.3516746958149798,0.06156469842937359,0.05577303175205457,-1405.0176504340652
562,-205.08912902637434,0.9995889376074719,0.18333647593951077,3.0,15.0,0.0,206.30358183401856,0.5933182876097672,0.40668171239023276,0.00010164571995951565,0.29702762487059925,-1406.8082415468255
563,-206.11848503297443,1.0,0.17965687184034204,4.0,15.0,0.0,207.0445055932744,0.7399154856818904,0.26008451431810964,-0.07349771533251656,0.7623865931326106,-1411.9257521743377
564,-207.50472836358188,0.7556492414468668,0.17704715286211825,4.0,15.0,0.0,215.00779219080948,0.054382915006938225,0.9456170849930617,0.6058325573933387,-0.09466615828591718,-1412.5676107132872
565,-205.9083069279353,0.9642760211146848,0.20847388307936407,3.0,15.0,0.0,206.92647013349278,0.12845727394909798,0.871542726050902,-0.33196388159083284,0.18270152129098036,-1407.1146557130885
566,-205.1375649674745,0.9429698348944008,0.18333647593951077,2.0,7.0,0.0,206.6570934282212,0.40224668881389086,0.5977533111861091,0.1302875245558093,0.1338339382731003,-1407.1645793524858
567,-206.48058421702777,0.9795452152349928,0.17965687184034204,3.0,11.0,0.0,207.50623056561489,0.9248627861871156,0.0751372138128844,-0.03371942337574507,1.1166780995121621,-1406.8197740468866
568,-207.35126731251697,0.9914502642190927,0.17704715286211825,4.0,15.0,0.0,209.35175535579216,0.8995731951580237,0.1004268048419763,-0.050919428413301555,-0.3290878479246033,-1415.6287041583148
569,-205.8966570634908,0.9875730341924146,0.20847388307936407,4.0,15.0,0.0,206.28305873639331,0.8369212672080042,0.1630787327919958,-0.01538326138405878,-0.028623713558865414,-1408.525685554018
570,-205.2406267486095,0.9854828414927874,0.18333647593951077,3.0,15.0,0.0,206.0557648412168,0.24501317207743706,0.7549868279225629,0.44640133988090447,-0.06413668027143457,-1405.9195786826892
571,-208.62229581584384,0.940029961280122,0.17965687184034204,3.0,15.0,0.0,209.6112699050597,0.8553612128425746,0.1446387871574254,-0.13550669103899896,1.5315239679674624,-1424.6351237321865
572,-206.39480320642593,0.9523394901815188,0.17704715286211825,2.0,7.0,0.0,209.00269392728578,0.9449888135707017,0.05501118642929825,0.08272536774853237,-0.31356696253909033,-1405.2091251673644
573,-205.09392976196713,0.9159668249585977,0.20847388307936407,3.0,15.0,0.0,206.78186476047262,0.2424419796347365,0.7575580203652635,0.01756291519027875,0.07260771341693173,-1405.0276438383128
574,-205.87279335434917,0.9902554750334139,0.18333647593951077,4.0,31.0,0.0,206.0312978429487,0.5632853815972564,0.4367146184027436,-0.17790520099119284,0.5464335439762742,-1412.1459815320347
575,-209.06545679546124,0.9300829554218603,0.17965687184034204,4.0,31.0,0.0,211.11011244692577,0.9940515788178896,0.005948421182110364,0.011749116761235773,1.783647247774366,-1405.9849551933555
576,-206.61048206234565,0.9823148355393834,0.17704715286211825,4.0,15.0,0.0,207.69291731997572,0.9242882182718594,0.07571178172814064,0.13338331637681958,-0.8491521362710452,-1408.2051333222646
577,-207.94042196844254,0.6831418412492137,0.20847388307936407,2.0,3.0,0.0,208.33977853882897,0.20773812697427538,0.7922618730257246,0.05409149321587019,-0.1760647788554029,-1423.9083134554694
578,-206.01316172284749,0.9857989157463328,0.18333647593951077,4.0,15.0,0.0,207.8014808345097,0.19814363455359635,0.8018563654464037,0.15521664964525766,-0.08372304508641917,-1410.354220309221
579,-207.0380662407934,0.9819936435993798,0.17965687184034204,4.0,15.0,0.0,209.5725167381962,0.8812323455275474,0.11876765447245263,0.00633887143168789,1.2651317043278798,-1413.1952844982388
580,-207.68064396334958,0.800721588464938,0.17704715286211825,2.0,3.0,0.0,208.71074059090753,0.8571066652620489,0.14289333473795107,0.06240099546505748,-0.901766646341089,-1419.3962955680568
581,-206.90530640995257,0.9972191931522228,0.20847388307936407,3.0,15.0,0.0,208.09744120777876,0.9157724241163856,0.0842275758836144,-0.09928395098664237,0.5557516552886465,-1411.2768292613
582,-206.23134473535026,0.8476151996528813,0.18333647593951077,3.0,15.0,0.0,209.16371508476718,0.2232096104930498,0.7767903895069502,0.6992536700023215,-0.20278249677234655,-1412.0339882704227
583,-205.22076294555833,0.8416847428684834,0.17965687184034204,3.0,15.0,0.0,210.22230295142393,0.7743788395846041,0.22562116041539593,-0.032153540382383244,0.3618367121621686,-1405.449650621609
584,-209.26421141764573,0.890551913267742,0.17704715286211825,3.0,15.0,0.0,210.3627753910622,0.996560529644981,0.003439470355019014,0.11537947044204154,-0.48455688811542397,-1406.124115592911
585,-206.17879809477017,0.8756927651184536,0.20847388307936407,4.0,23.0,0.0,208.5215770483822,0.617882204307998,0.382117795692002,-0.1489771337547127,0.06030977874021799,-1414.2391434430276
586,-205.38470852544853,0.9629473956546858,0.18333647593951077,3.0,11.0,0.0,206.59720828205485,0.3178248457042133,0.6821751542957867,0.5209381658341898,-0.07813152003097976,-1407.9476590394818
587,-204.90477098069022,0.9996509226778273,0.17965687184034204,3.0,11.0,0.0,205.4622623056977,0.583894657021885,0.41610534297811497,-0.05917134985774771,0.27521429037770184,-1405.590140493893
588,-209.84488301449355,0.9159789919598189,0.17704715286211825,3.0,15.0,0.0,211.27120143792155,0.9983750274892886,0.0016249725107113644,0.04814013168628126,-0.12098887548884286,-1405.1677928979677
589,-206.33238678376972,0.9626935682070608,0.20847388307936407,4.0,23.0,0.0,208.4003314074701,0.9176719674199562,0.08232803258004384,-0.01408612830556577,1.0489851606448042,-1406.5008789988237
590,-206.49446901477316,0.928848854330426,0.18333647593951077,2.0,7.0,0.0,206.8100837801373,0.3292060909386759,0.6707939090613241,0.625176609324021,-0.302773618034296,-1415.5633898847543
591,-205.43512914919012,0.9561195145935194,0.17965687184034204,3.0,11.0,0.0,206.2759270562783,0.8089659402063472,0.19103405979365284,0.06951206082310889,0.2924495935295131,-1406.1187106049606
592,-208.32023713179686,0.9709159826887886,0.17704715286211825,4.0,15.0,0.0,210.5259670926026,0.7849119606601487,0.21508803933985132,0.13009500037798044,-0.9113110293132805,-1426.005355367898
593,-206.29060230445597,0.9403143554043477,0.20847388307936407,2.0,7.0,0.0,206.70575808148766,0.8289145596955663,0.17108544030443373,-0.021338694436435664,0.9223986762728484,-1410.7775099102053
594,-207.20089658563037,0.9981236178696508,0.18333647593951077,3.0,15.0,0.0,207.97960104907006,0.3461720897676346,0.6538279102323654,0.8271740011863258,-0.24128460192391135,-1420.3889555119652
595,-208.22809535556283,0.9237179213687453,0.17965687184034204,4.0,15.0,0.0,212.77375306124512,0.8311625381564745,0.16883746184352555,0.019734246012625883,1.2619730713384776,-1423.44815251246
596,-209.37517943935813,0.390667226402476,0.17704715286211825,3.0,7.0,0.0,214.19618242209128,0.9791017014053187,0.020898298594681286,0.2472493433646668,-0.34743170573445614,-1419.2897947120946
597,-206.43644393541408,0.9827671854897837,0.20847388307936407,2.0,7.0,0.0,207.0261359754489,0.9073548429246687,0.09264515707533127,-0.016678217616090688,1.1441257432262764,-1407.7769077119547
598,-205.29254176114247,0.9801957202288579,0.18333647593951077,4.0,15.0,0.0,208.78484543599458,0.3898891577584346,0.6101108422415654,-0.31044035860586366,0.2883253600684162,-1408.0360544012399
599,-207.04194140238835,1.0,0.17965687184034204,3.0,7.0,0.0,208.05211831138928,0.8749621254571532,0.12503787454284676,-0.011661051180669256,1.2710160520671994,-1413.515145386293
600,-208.22985604916556,0.9860450652381824,0.17704715286211825,2.0,7.0,0.0,210.97493133475925,0.9915207299478722,0.008479270052127785,0.09528043452267543,-0.1773956291173534,-1405.3561563300982
601,-207.05189108088942,0.9263154434757236,0.20847388307936407,2.0,3.0,0.0,207.31845669334948,0.8241327507138578,0.17586724928614217,-0.1185448572723653,1.1507468081823768,-1415.7662570645061
602,-205.79801324248223,0.9929966788618714,0.18333647593951077,3.0,7.0,0.0,205.91504710271525,0.34118650110399645,0.6588134988960035,-0.4539564242998116,0.3055419080790794,-1411.032964265128
603,-205.8766031137046,0.9597574226911675,0.17965687184034204,4.0,19.0,0.0,208.3576048343025,0.6877390415515127,0.31226095844848734,0.3076583078921642,-0.47839709953949366,-1411.2399081777144
604,-207.5741610461295,0.9875813222777138,0.17704715286211825,4.0,15.0,0.0,209.19719968168866,0.43299722357445175,0.5670027764255483,-0.0469990342799538,0.4878672455776083,-1423.962725807289
605,-206.4664317789831,1.0,0.20847388307936407,3.0,7.0,0.0,207.08614041907248,0.9246718086605275,0.07532819133947255,0.057885235148544545,0.9251406017953585,-1407.0738995391862
606,-205.77723295841014,0.9978436479056162,0.18333647593951077,3.0,7.0,0.0,205.87239402696443,0.36735977564657063,0.6326402243534294,-0.4379029513400822,0.29773543770142286,-1411.1363866027616
607,-206.363808777099,0.9498469051502527,0.17965687184034204,4.0,15.0,0.0,207.75356460759994,0.9414665173190013,0.05853348268099867,0.04105306431838396,-0.055301184685131885,-1405.4846525492335
608,-206.02523654567693,1.0,0.17704715286211825,3.0,7.0,0.0,207.6783148229198,0.5453065401676921,0.4546934598323079,0.2988901976626134,0.071987465849908,-1413.457168306294
609,-207.05699599005544,0.9783428359218305,0.20847388307936407,4.0,19.0,0.0,207.10020607028224,0.5903792872621617,0.4096207127378383,0.5059603921716551,-0.485937650441973,-1420.068463318685
610,-205.8550098521359,0.9811620506992222,0.18333647593951077,4.0,21.0,0.0,208.57257069602747,0.6758756174201435,0.32412438257985654,0.10195345418554194,0.33901565290333885,-1411.3992586365198
611,-206.19049681544806,0.996332290084598,0.17965687184034204,4.0,23.0,0.0,207.33024699887613,0.2790333770914256,0.7209666229085744,-0.5382687811106903,0.1738328017085892,-1412.960043055634
612,-205.10053890238922,0.9606637993377241,0.17704715286211825,2.0,7.0,0.0,210.7068833774253,0.7478409033769469,0.25215909662305314,0.12339401784428433,-0.02627650264955836,-1405.2466545446746
613,-205.81023982727734,1.0,0.20847388307936407,3.0,7.0,0.0,207.20728753881073,0.6556371248152887,0.3443628751847113,0.2347841635725235,-0.4470689103530542,-1411.1864203815373
614,-205.60188125620408,0.9833282423980734,0.18333647593951077,3.0,11.0,0.0,206.46424010196424,0.2500162388457434,0.7499837611542566,-0.011540755611011602,0.20442161214342097,-1408.6481623515272
615,-206.11178822029174,0.9779056001216231,0.17965687184034204,2.0,7.0,0.0,207.80397536597576,0.27195050574606194,0.7280494942539381,-0.42869881039500396,0.10076395934088574,-1412.4150775205042
616,-205.73251995132543,0.984953464838333,0.17704715286211825,4.0,31.0,0.0,205.8828767501463,0.23397707032949086,0.7660229296705091,-0.4182539279414904,0.12017937711992631,-1409.1114256941376
617,-206.49937572026377,0.9848215813298686,0.20847388307936407,3.0,15.0,0.0,206.82603364129557,0.9514547496109351,0.048545250389064876,0.05777827926951269,-0.13398878746686876,-1405.1872684033983
618,-205.20609310442393,0.9649549993305454,0.18333647593951077,3.0,7.0,0.0,206.23584792120235,0.7740442756384243,0.22595572436157574,0.14778893064544352,-0.16545947634514213,-1405.4270100313272
619,-205.39222627552442,0.9944384453512082,0.17965687184034204,2.0,7.0,0.0,207.18356092896852,0.17324430587761194,0.826755694122388,-0.2010868774801784,0.11636973647610938,-1405.328796294375
620,-207.00084699841955,0.9937992371744201,0.17704715286211825,3.0,7.0,0.0,207.28497853658186,0.2253533182621186,0.7746466817378814,-0.6943514826977575,0.33907056731145074,-1417.3385909178683
621,-209.19176940235974,0.9476270309661611,0.20847388307936407,5.0,31.0,0.0,211.2417571332288,0.9911123314735202,0.00888766852647982,0.07132422371274746,-2.2403638479241663,-1408.0195833249775
622,-206.68694233237673,0.8559746901858042,0.18333647593951077,2.0,3.0,0.0,206.8088746631231,0.8247641701537899,0.1752358298462101,0.2620122430069239,-0.08560520468013971,-1414.3156760877057
623,-205.33951402535283,0.9867576234517976,0.17965687184034204,2.0,7.0,0.0,207.1243689940654,0.2334531046877211,0.7665468953122789,-0.3139463519758023,0.1448861716442538,-1406.4461656326341
624,-207.82384947411452,0.7449334080692093,0.17704715286211825,2.0,3.0,0.0,209.02327299196205,0.19823644364279655,0.8017635563572034,-0.7833544910148503,0.07118348527017673,-1422.3570604927352
625,-209.17541052906765,0.9789484890309466,0.20847388307936407,3.0,15.0,0.0,210.96263673468272,0.9828516380166303,0.017148361983369664,0.0900008795322702,-2.358620756445475,-1411.9165933931863
626,-205.6121535738631,0.9957051332337779,0.18333647593951077,2.0,7.0,0.0,207.02639406389508,0.8669600906633766,0.13303990933662335,0.12310486729119588,-0.17288203023794688,-1405.359703257042
627,-205.4300992274464,0.918653204795347,0.17965687184034204,2.0,7.0,0.0,206.23207610818804,0.29173040112188964,0.7082695988781104,-0.23609972181694142,0.08734324923616654,-1408.1135997063052
628,-205.3711091600118,0.9553714043917402,0.17704715286211825,4.0,15.0,0.0,208.74585334033546,0.33929008214807826,0.6607099178519218,-0.2990291535143966,0.2966106201290814,-1408.1707428305278
629,-209.7904000716272,0.7610513155956316,0.20847388307936407,3.0,7.0,0.0,210.52280042266756,0.963536504173628,0.03646349582637198,0.14946246929633517,-2.295238432427015,-1421.4813643526325
630,-206.4615522358953,0.9813916696178574,0.18333647593951077,3.0,15.0,0.0,206.98858800232497,0.9492677895924156,0.050732210407584355,0.0564787735290154,-0.13111414591663656,-1405.2152711148663
631,-206.154122628648,0.9827641358103764,0.17965687184034204,4.0,31.0,0.0,206.6542900663495,0.9216259916829683,0.07837400831703167,0.03852356054248342,0.6832169995384169,-1405.505149355152
632,-205.10351308464325,0.8661156134455211,0.17704715286211825,3.0,15.0,0.0,207.53655857715424,0.75152298249905,0.24847701750094997,0.08679760481473792,0.08703472897860756,-1405.200212357603
633,-208.94487540551398,0.9977168615637801,0.20847388307936407,3.0,15.0,0.0,210.47585340079263,0.9905074913176335,0.009492508682366507,0.13017352589002346,-1.805592251928304,-1408.2733384865285
634,-205.75137107422898,0.9754578997495471,0.18333647593951077,3.0,11.0,0.0,207.93131903819298,0.8815278384750975,0.11847216152490248,0.030757121392123152,0.5050611522545868,-1405.4532085226488
635,-205.762668756408,0.9668818057515367,0.17965687184034204,3.0,11.0,0.0,207.96338880161125,0.864958015685347,0.13504198431465297,-0.04583408632194681,0.676786038505468,-1406.128209277622
636,-205.10002966679428,0.995260058386517,0.17704715286211825,4.0,15.0,0.0,205.56365667963317,0.3963970623794686,0.6036029376205314,0.37687898187971647,-0.15082226558430314,-1406.7592090606763
637,-208.87663153460326,0.9025390793483307,0.20847388307936407,3.0,11.0,0.0,210.06601334725931,0.9921491475655391,0.007850852434460931,0.12589233843373648,-1.5330338140575737,-1407.2883941695645
638,-206.2988539242639,0.9115843483775194,0.18333647593951077,4.0,15.0,0.0,207.53748729527823,0.8234995036662452,0.17650049633375475,-0.04912078634071815,-0.05190385591099124,-1411.7351255417452
639,-204.97103601420986,0.999430036577922,0.17965687184034204,4.0,31.0,0.0,205.81309201400347,0.5229222597866685,0.4770777402133315,-0.12017396648429925,0.1850952477860851,-1406.256987713453
640,-205.1193069799987,0.992371560493926,0.17704715286211825,4.0,31.0,0.0,205.55405989782244,0.7670449139149156,0.23295508608508442,0.0795517289449773,0.04683294378019913,-1405.0106370292176
641,-208.89652507104438,0.9911753484171212,0.20847388307936407,2.0,3.0,0.0,209.08988665231485,0.9936363196475482,0.006363680352451828,0.0524168435669813,-1.515168918998161,-1406.0437601205206
642,-207.70193374934527,0.8017705395587905,0.18333647593951077,2.0,7.0,0.0,209.97347950933394,0.7963418660128454,0.2036581339871546,0.38048566159192965,-0.3221566205895608,-1421.9740326340336
643,-206.89217018463353,0.8643556468781152,0.17965687184034204,3.0,11.0,0.0,208.01350724096426,0.7728434040201373,0.2271565959798627,0.34983265758327375,-0.2748761849854225,-1416.971491286955
644,-205.0651777972917,0.9795184027110757,0.17704715286211825,3.0,7.0,0.0,205.4264084757542,0.48071078872027373,0.5192892112797263,0.018267990692820302,0.2253300016292617,-1406.9094642245961
645,-210.82655763319056,0.7282285302319872,0.20847388307936407,3.0,13.0,0.0,211.43418352506774,0.9527808702406053,0.047219129759394685,-0.02929614980120515,-2.0932005625408245,-1431.1310393741608
646,-205.11158000355752,0.9823127418942448,0.18333647593951077,3.0,11.0,0.0,208.4693899346053,0.7525784412604932,0.24742155873950678,0.11604349376462772,-0.11842699095103297,-1405.2255350077562
647,-205.47169154665698,0.9812860384313893,0.17965687184034204,2.0,7.0,0.0,208.54062618567966,0.7043893930529582,0.2956106069470418,-0.04672044977227194,0.053670671218160784,-1408.504581271818
648,-205.54141723458872,0.9937040889366551,0.17704715286211825,3.0,11.0,0.0,205.61564552315946,0.2474072283255699,0.7525927716744301,-0.3154362162819101,0.25385634566307275,-1408.0766547088272
649,-210.03558041005664,1.0,0.20847388307936407,2.0,3.0,0.0,210.98478739332828,0.9870887234073848,0.01291127659261515,0.21312258728412842,-2.0512305937074666,-1417.065965986305
650,-205.7515165069601,0.9933153380273697,0.18333647593951077,3.0,7.0,0.0,205.9255354600844,0.8938729216114529,0.10612707838854707,0.07042301694690671,-0.0002677264749151101,-1405.006938873708
651,-208.30769286348504,0.8218240841032725,0.17965687184034204,2.0,7.0,0.0,209.88975613162515,0.6511058840965589,0.3488941159034411,-0.29727750025981303,0.12144454669683068,-1428.6117462761526
652,-207.1434602182528,0.9045220790111216,0.17704715286211825,4.0,19.0,0.0,208.1529292949258,0.041406477098855775,0.9585935229011442,-0.8363002122601684,0.15725597278690095,-1407.9824635216482
653,-209.1588164422007,1.0,0.20847388307936407,1.0,3.0,0.0,209.9500619368102,0.9898511851460287,0.010148814853971344,0.13105629564622434,-2.08124567834204,-1409.283085686646
654,-205.9930425621489,0.9915176250209842,0.18333647593951077,3.0,7.0,0.0,206.4973160655232,0.9136269154603034,0.08637308453969661,0.050728947851907576,-0.08630431519040584,-1405.3992359173953
655,-206.80263490226298,0.9969350894800895,0.17965687184034204,3.0,15.0,0.0,208.39539390748385,0.36622756061118483,0.6337724393888151,0.2843397531864225,0.1985057309182485,-1418.3489271658316
656,-207.36071198083357,0.6163023523932956,0.17704715286211825,4.0,15.0,0.0,211.16573074176057,0.03561191499722916,0.9643880850027708,-0.19711434369700717,0.1685751387053616,-1409.050598372132
657,-209.99693898594668,0.9208536566103145,0.20847388307936407,3.0,15.0,0.0,210.89117779954148,0.9963923544506391,0.0036076455493608828,0.06401481262908498,-2.4691282741959975,-1406.4606862725486
658,-205.97297189328322,0.9911414484038683,0.18333647593951077,4.0,15.0,0.0,206.66342597409766,0.5464523424621363,0.45354765753786375,-0.16040054862650277,0.5357028087439769,-1412.90480823514
659,-206.80263490226298,0.897400736784872,0.17965687184034204,1.0,1.0,0.0,207.65970410034762,0.36622756061118483,0.6337724393888151,0.2843397531864225,0.1985057309182485,-1418.3489271658316
660,-208.221350156528,0.9251460100294848,0.17704715286211825,3.0,15.0,0.0,211.50465288395307,0.939230116042954,0.06076988395704597,0.20434579823298046,0.6161842480595344,-1418.1988694896188
661,-210.1957769959475,0.5812048179132806,0.20847388307936407,2.0,7.0,0.0,212.42746178566702,0.9933747569717508,0.006625243028249184,0.15730899016302885,-2.590331889994823,-1411.4646811410528
662,-205.61818870486437,1.0,0.18333647593951077,2.0,7.0,0.0,206.60771768324153,0.7833044825647634,0.21669551743523663,-0.12532718963268893,0.5911307757587722,-1407.793963795474
663,-205.4374602698247,0.9984877972055196,0.17965687184034204,2.0,3.0,0.0,207.0907528781458,0.3247800669052908,0.6752199330947092,0.32765784826979777,0.06229929583907126,-1408.5343457077954
664,-208.4510301419773,0.983276036954047,0.17704715286211825,3.0,13.0,0.0,209.79957964834892,0.9693788968911137,0.030621103108886327,-0.0864026652576602,0.14851810470245766,-1415.6074924613322
665,-208.27272518291636,0.9910948061653113,0.20847388307936407,4.0,23.0,0.0,210.571355550486,0.9718950240656954,0.02810497593430461,-0.004986423450612218,-1.2729897777502783,-1412.4276379560722
666,-206.72227942644432,0.9715968327062215,0.18333647593951077,3.0,15.0,0.0,206.96057969785764,0.9095328064621996,0.09046719353780042,0.09129866046406021,0.8888703364431529,-1410.0447448793093
667,-207.33341585119572,0.971404031910947,0.17965687184034204,3.0,7.0,0.0,209.27773278304377,0.4091558764938492,0.5908441235061508,-0.3223166466242041,0.5553564897514,-1422.044421677203
668,-207.88833718519228,0.9938661853664816,0.17704715286211825,3.0,15.0,0.0,209.45651913714127,0.7528713348471241,0.2471286651528759,-0.33525736745269036,0.7728609902004036,-1423.8121232491035
669,-209.44596773174683,0.7810266014085839,0.20847388307936407,2.0,3.0,0.0,210.51070354371507,0.9265353430111248,0.07346465698887517,0.2886093116066723,-1.4184172639744748,-1426.4294531343287
670,-207.24351552245545,0.9510972397682419,0.18333647593951077,2.0,7.0,0.0,207.97744866829095,0.903701966180087,0.09629803381991298,-0.15530827911089784,1.018806270570944,-1413.8046889177365
671,-207.13679220769166,0.93675505770405,0.17965687184034204,4.0,31.0,0.0,208.49537372122964,0.2036607341429639,0.7963392658570361,1.038165939342993,-0.034959400285263176,-1417.3531650629427
672,-207.08654096978225,0.9987773510307104,0.17704715286211825,3.0,7.0,0.0,208.43919504703402,0.8630161875812967,0.13698381241870328,0.1450885331481025,0.6229811350667787,-1415.4003145604515
673,-207.78562458719952,0.7138028113065708,0.20847388307936407,4.0,15.0,0.0,212.16552931065482,0.9829415233974607,0.01705847660253934,0.032152379302333084,-0.7934172034834424,-1406.546718689946
674,-209.00117203438077,0.835300038039739,0.18333647593951077,2.0,3.0,0.0,209.65170609136467,0.8799315853620345,0.12006841463796547,0.1898089680043309,0.9461400613036678,-1427.3989762168396
675,-207.04083292862606,0.998916295489963,0.17965687184034204,2.0,7.0,0.0,207.52360759534764,0.1324076989314577,0.8675923010685422,1.1012023794363435,-0.16500016264401798,-1414.169103894544
676,-207.078006807041,0.9429305653666085,0.17704715286211825,3.0,15.0,0.0,209.56427721762435,0.964196247604686,0.03580375239531397,-0.017728160928383058,1.0332361648866082,-1406.2694729834298
677,-206.5203591193013,0.7441855249876819,0.20847388307936407,3.0,15.0,0.0,209.86597786734026,0.6055490557678083,0.39445094423219174,0.3749855790713699,-0.5232795195427199,-1416.3431704297195
678,-207.98204101676248,0.9518937958219847,0.18333647593951077,4.0,31.0,0.0,213.17820275455878,0.9717736186478652,0.028226381352134844,0.04027050609185548,-1.4190265641889659,-1410.1077376728633
679,-206.57862214410466,0.8914795001343626,0.17965687184034204,2.0,7.0,0.0,208.44681743695213,0.07093675540187584,0.9290632445981242,0.9485681594276627,0.06768901308985559,-1407.4277259949754
680,-206.9911314050852,0.970855967206405,0.17704715286211825,3.0,7.0,0.0,208.52626716128233,0.9425821254455259,0.05741787455447411,-0.03710114990832958,1.4289368859943645,-1407.933119643728
681,-208.45637597028795,0.5053145457889462,0.20847388307936407,2.0,3.0,0.0,210.29955112575888,0.7084114937462904,0.2915885062537096,0.5089976818156542,-0.3788890787839867,-1428.723458145862
682,-210.01321244014812,0.9438263477692926,0.18333647593951077,3.0,7.0,0.0,210.4938166849487,0.9977370849929029,0.002262915007097077,0.13413674006170162,-1.2424356656960627,-1407.279961626705
683,-207.2681149953246,0.9403837474018685,0.17965687184034204,2.0,3.0,0.0,207.51890489367614,0.03681827685186701,0.963181723148133,0.9464652968699763,-0.044942118555594796,-1407.9152903912166
684,-208.04426397807367,0.9819710309901618,0.17704715286211825,3.0,15.0,0.0,208.46097362841653,0.9752024162320972,0.024797583767902753,0.09728767642429353,1.849105751423353,-1408.446833222208
685,-205.86861864842953,1.0,0.20847388307936407,2.0,3.0,0.0,207.76277369928823,0.6681231710193078,0.33187682898069215,0.36240385579577616,-0.3639241363038242,-1411.4573006491773
686,-208.6544727591351,0.893112294104199,0.18333647593951077,4.0,27.0,0.0,212.15957288999127,0.09938201432085904,0.900617985679141,-0.7689897088485607,-0.05436901366720023,-1424.1492960194198
687,-206.40617276337377,1.0,0.17965687184034204,2.0,3.0,0.0,207.26722448959612,0.06584211443364497,0.934157885566355,0.9448697168718481,0.029164507905535614,-1405.7687040944206
688,-208.2708397615528,0.9988914221080278,0.17704715286211825,3.0,7.0,0.0,208.50026077928234,0.9862187723822434,0.013781227617756575,-0.00666947768961902,1.7031532936749032,-1406.487484590225
689,-205.84599789302632,0.9314533730832288,0.20847388307936407,4.0,31.0,0.0,206.74821037178063,0.3150560794435438,0.6849439205564563,-0.45861083256802354,0.19886165573397138,-1411.1255132334798
690,-207.44980124820898,0.9859990605456906,0.18333647593951077,2.0,7.0,0.0,209.07357663776088,0.11722279577524827,0.8827772042247517,-0.694509931676925,0.001813717032580188,-1416.9266824747176
691,-206.60497621061745,0.8448584104537077,0.17965687184034204,4.0,23.0,0.0,208.25181292206503,0.6924698326688172,0.30753016733118277,-0.29679618857721346,0.5058505989397287,-1416.1955686049719
692,-205.8379441144164,0.9826265105409945,0.17704715286211825,5.0,39.0,0.0,209.4035434337695,0.32128367385653417,0.6787163261434659,0.38574733540893713,-0.22119552537803247,-1411.1870197839235
693,-205.19147405799887,0.996614205976726,0.20847388307936407,3.0,15.0,0.0,206.80359860272134,0.6905635786543473,0.30943642134565275,0.16566710229838832,0.03251651803819987,-1406.7274843255002
694,-207.02606317430752,0.9962933733373196,0.18333647593951077,4.0,27.0,0.0,208.7830831767671,0.9385284068803154,0.06147159311968464,0.14784038559971738,-1.0363796905822724,-1409.4338539030462
695,-205.67209874015117,1.0,0.17965687184034204,4.0,15.0,0.0,207.17782369046435,0.23711529194282627,0.7628847080571737,0.3125243838531219,0.10374423867107915,-1408.827621273388
696,-205.38759345053072,0.8831248609727383,0.17704715286211825,2.0,7.0,0.0,207.14956799087193,0.22275415499949563,0.7772458450005044,0.5138892450574901,-0.08437044192730975,-1406.4190317837858
697,-205.40400631620747,0.8858124579468042,0.20847388307936407,3.0,7.0,0.0,206.30152221604192,0.43753885259780384,0.5624611474021961,0.4204648658011817,-0.08027460239219061,-1409.0375596746997
698,-207.20028947376252,0.987939367677138,0.18333647593951077,2.0,3.0,0.0,207.21449421580957,0.9378084332884449,0.062191566711555124,0.06950968172109949,-1.0599635162739476,-1410.684511894493
699,-205.9789948247905,0.9466353222848078,0.17965687184034204,2.0,3.0,0.0,206.4738641035001,0.2887099164935169,0.711290083506483,0.3000146428538942,0.13560924374459088,-1411.8238595710275
700,-205.63903089567648,0.9998754150869428,0.17704715286211825,3.0,15.0,0.0,205.72886652068192,0.18011897321893636,0.8198810267810637,0.6844331317106042,-0.03968503445424294,-1406.8855537521026
701,-209.44010014833307,0.8029038085753374,0.20847388307936407,3.0,11.0,0.0,210.5867524904334,0.9258973633110688,0.07410263668893124,-0.1380432652899229,-0.28345054728872965,-1428.1672069773592
702,-206.89135672646296,0.9678828762073124,0.18333647593951077,3.0,15.0,0.0,207.64516875405656,0.9086825885893294,0.09131741141067062,0.22323992666048673,-0.7818332855088637,-1411.3894229658647
703,-205.86935785159426,0.9949235516382444,0.17965687184034204,3.0,11.0,0.0,206.91695348772336,0.2895432028881856,0.7104567971118144,0.47277202734955937,-0.214248567225111,-1410.939292229064
704,-205.0423232570999,0.9816440629547339,0.17704715286211825,4.0,23.0,0.0,206.12975839663105,0.6956289083022722,0.3043710916977278,-0.05891716922136339,0.3146316462814479,-1405.5697951511836
705,-210.0816773444717,0.9970949474719794,0.20847388307936407,4.0,15.0,0.0,211.25363566800254,0.005332092253842398,0.9946679077461577,1.4560132496990956,0.18821528455667783,-1413.1394916696852
706,-205.65350894960943,0.9699581303394693,0.18333647593951077,3.0,7.0,0.0,208.13520778202601,0.7927683224954608,0.2072316775045392,0.21302538203252502,-0.14442547902977576,-1408.07052917134
707,-207.61978821604887,0.9779945093649094,0.17965687184034204,4.0,31.0,0.0,208.86485007213813,0.03460658901626752,0.9653934109837324,1.319990064388399,-0.06552446873844409,-1409.1995124375198
708,-205.1236994202612,0.9873447334449198,0.17704715286211825,2.0,3.0,0.0,205.17966723503167,0.707067848457962,0.292932151542038,-0.07206742493487957,0.2850345883197224,-1405.9938142341905
709,-209.67543550192565,1.0,0.20847388307936407,3.0,7.0,0.0,211.1943613483056,0.00835021930681528,0.9916497806931848,1.7214043312584046,0.17905622558500234,-1412.6854900484661
710,-205.35785678621932,0.9946454189811212,0.18333647593951077,3.0,11.0,0.0,206.84127570015065,0.30137587097583973,0.6986241290241603,0.15863952957401403,-0.07724082165140356,-1407.772381900348
711,-207.79386819654457,0.9072573877947634,0.17965687184034204,4.0,19.0,0.0,209.4865041892926,0.8815812577345452,0.11841874226545479,-0.10408238404610401,-0.11474576401981244,-1419.7599353976022
712,-205.19684658411592,0.9916790363354152,0.17704715286211825,3.0,15.0,0.0,206.70572674674196,0.6746501037961371,0.3253498962038629,-0.09557171990933058,0.45900003263113454,-1406.7847718857947
713,-206.86874417844413,0.9527139536189293,0.20847388307936407,3.0,11.0,0.0,210.36207795389043,0.12809562439483005,0.87190437560517,1.2064963638338166,-0.11269872435777292,-1412.5886268827721
714,-205.717917481539,0.969221399344913,0.18333647593951077,3.0,11.0,0.0,207.2267919383694,0.6909147193326846,0.30908528066731544,0.24391886804967422,-0.001508281424297292,-1410.3329311524535
715,-207.2571832703907,0.9927130890325521,0.17965687184034204,3.0,15.0,0.0,212.69067909167717,0.9518589625425203,0.04814103745747966,-0.07053321937814479,1.2870684769692526,-1408.9509057436546
716,-205.12768351057198,0.9258143921925117,0.17704715286211825,3.0,11.0,0.0,205.91900592102814,0.26907919282530063,0.7309208071746993,0.13036143306434492,-0.007579673923144237,-1405.7237255385878
717,-208.16173512949322,0.976822985516007,0.20847388307936407,3.0,15.0,0.0,208.86775022999961,0.014623653204852007,0.985376346795148,1.8082424989167012,0.012930706970279253,-1405.8190362599908
718,-205.80317441259928,0.9750327333575178,0.18333647593951077,3.0,15.0,0.0,206.583287372593,0.6794054898356021,0.3205945101643979,-0.1346140320694667,0.15397603856458095,-1411.073630389057
719,-207.33577107853057,0.9470359069189973,0.17965687184034204,2.0,3.0,0.0,208.04691667345793,0.9380266660262776,0.0619733339737224,-0.10205538714904744,1.3102476078445693,-1411.0806567416694
720,-205.08253289718002,0.9883463165349458,0.17704715286211825,3.0,7.0,0.0,205.29958427424893,0.2745730535545111,0.7254269464454889,0.18684957094837099,0.062212768715616505,-1405.4805712515315
721,-206.0425439959645,0.9926241305125886,0.20847388307936407,4.0,15.0,0.0,208.83371018797578,0.8799489128022666,0.12005108719773339,-0.02780503442861189,0.14274627958410852,-1407.7464448087478
722,-205.24401956168686,1.0,0.18333647593951077,3.0,7.0,0.0,205.79011971286258,0.5846009558060664,0.4153990441939336,0.09400113540103901,0.21181617221836865,-1407.952256869256
723,-205.02366994126228,1.0,0.17965687184034204,4.0,23.0,0.0,208.11112094884322,0.6298202489411138,0.37017975105888623,-0.043326787310624004,0.12690761257280758,-1406.1795153923404
724,-207.48837626742247,0.6065285509526775,0.17704715286211825,3.0,7.0,0.0,209.5919638016035,0.18705682486144692,0.8129431751385531,-0.10882844446902677,0.3185433433143391,-1420.1707625718009
725,-205.10979632547847,0.9856341826201342,0.20847388307936407,3.0,7.0,0.0,207.8655901222778,0.7536432163439494,0.24635678365605063,0.011205011149181841,0.25754829220418785,-1405.159543025416
726,-205.64521861175172,0.9993176725748342,0.18333647593951077,3.0,15.0,0.0,206.08540591018487,0.4437102824052848,0.5562897175947152,0.14514659585922993,-0.18418203843312275,-1410.8350702826826
727,-205.6008557863728,0.9805186551971323,0.17965687184034204,4.0,23.0,0.0,207.20485645979988,0.29405743134758144,0.7059425686524186,0.2007798493145867,-0.1175286686595236,-1409.3332774248227
728,-208.91036091121177,1.0,0.17704715286211825,2.0,7.0,0.0,209.96954091116405,0.78941507553143,0.21058492446857002,-0.27150328111236066,0.25395495041188726,-1430.5875231894456
729,-205.71192307060252,0.9607333977169575,0.20847388307936407,4.0,15.0,0.0,205.93998444543118,0.4744544847938644,0.5255455152061357,0.4570561167958423,-0.11436276584527615,-1411.2217133131905
730,-205.16614160274915,0.993273404157928,0.18333647593951077,4.0,31.0,0.0,206.90959695541213,0.2674132121867828,0.7325867878132172,0.3292119753157373,0.01884779591069649,-1405.883043260112
731,-204.91509342826137,0.9809674092140401,0.17965687184034204,4.0,15.0,0.0,206.21445925860118,0.6596806019621924,0.34031939803780764,0.13829045295850834,-0.045457295299303146,-1405.1657312065338
732,-211.15916663098116,1.0,0.17704715286211825,4.0,15.0,0.0,211.85962965856206,0.0007561702652049073,0.9992438297347951,0.581789526008678,-0.01994798424006966,-1408.6902900805628
733,-205.5983495698568,1.0,0.20847388307936407,3.0,15.0,0.0,206.3770037006853,0.7417139027939339,0.2582860972060661,0.10288331549494356,0.2935335028336675,-1408.724625447295
734,-205.29419384578546,0.808655279275274,0.18333647593951077,3.0,7.0,0.0,207.28372183132868,0.6631106378880339,0.3368893621119661,0.0603036229936145,-0.13646057426256544,-1407.7493909282123
735,-205.04777910061878,0.9907202794902237,0.17965687184034204,2.0,7.0,0.0,205.7316166250115,0.6631193195466423,0.33688068045335773,0.20579416943717116,-0.10766649905152982,-1406.0197713066661
736,-211.85746987665695,0.867245830084352,0.17704715286211825,4.0,15.0,0.0,213.69177402213165,0.0011510422520820116,0.998848957747918,0.9842700253785895,0.21290371929157204,-1415.8305585492735
737,-205.2379945183013,0.9855052503893136,0.20847388307936407,2.0,3.0,0.0,205.68509407312118,0.7932380474387114,0.2067619525612886,0.0036611684804185585,0.2886626412313853,-1405.1739073545498
738,-205.87225889858905,0.9655811749963478,0.18333647593951077,3.0,15.0,0.0,206.69240433568262,0.16354221969323174,0.8364577803067683,0.6071170566528857,-0.10935680509376991,-1408.0452456280236
739,-205.30627389568642,0.9692798696918451,0.17965687184034204,2.0,7.0,0.0,205.54926953565038,0.545522733609519,0.454477266390481,0.1012320996418928,-0.15411811281574808,-1408.5424579337548
740,-210.04248101281757,1.0,0.17704715286211825,2.0,7.0,0.0,211.58052909888286,0.0015940559399885066,0.9984059440600115,1.0075841128543062,0.09802475836414126,-1405.5300002671647
741,-205.48695557691926,0.9974443092855069,0.20847388307936407,3.0,7.0,0.0,205.57854716910703,0.8520633933687014,0.1479366066312986,0.05137182222737514,0.22814344919176877,-1405.0999647280717
742,-205.0426980330773,0.9174876913390887,0.18333647593951077,4.0,15.0,0.0,206.46972878904023,0.5144129713644369,0.48558702863556313,-0.1636790022598598,0.3309489876159235,-1406.685148817342
743,-204.9630844983315,0.994529248956138,0.17965687184034204,3.0,7.0,0.0,206.50227659350597,0.32214691911192433,0.6778530808880756,-0.09203489513149818,0.15590860273146098,-1405.2958772892118
744,-212.1369105512842,0.9405104285141661,0.17704715286211825,3.0,7.0,0.0,212.40471044171238,0.00023124045082445076,0.9997687595491755,0.91738990217449,0.005673161840311769,-1406.8294492017108
745,-205.8619843723774,0.917928139365727,0.20847388307936407,4.0,23.0,0.0,206.58832361550918,0.3176076242309947,0.6823923757690054,0.584208667383696,-0.23123221878342498,-1411.140766496951
746,-205.9985787286595,0.8452950092668395,0.18333647593951077,2.0,3.0,0.0,206.39558650893218,0.42614194524322146,0.5738580547567785,-0.12362785388562189,0.40541065640694807,-1413.1040760981791
747,-207.67013960179244,0.7897233369926233,0.17965687184034204,3.0,15.0,0.0,208.96048141844645,0.8784563224896349,0.1215436775103651,-0.17722440657970467,0.46193766846942486,-1418.8699933729206
748,-213.79423433969853,0.8248615134507004,0.17704715286211825,4.0,15.0,0.0,215.46845638732628,3.828966551037659e-05,0.9999617103344897,1.1008322031734261,0.033493559270001555,-1405.5364838598105
749,-205.7094858642876,0.9957137677324768,0.20847388307936407,3.0,7.0,0.0,206.3582006623376,0.20015963311275248,0.7998403668872476,0.33368695128905057,0.09898648475638577,-1408.2312901823675
750,-205.09035294810508,0.9980199750247671,0.18333647593951077,3.0,11.0,0.0,206.29031471291432,0.71168231322621,0.28831768677379,0.06100078547175529,-0.05284385485341704,-1405.7677307527304
751,-205.50170492964557,0.9948140140606572,0.17965687184034204,4.0,31.0,0.0,209.70522113610096,0.3431744767796072,0.6568255232203928,-0.06169225146953011,0.2655759063336484,-1409.199758856035
752,-212.7927077336352,0.9895384603053009,0.17704715286211825,4.0,15.0,0.0,214.2106880475005,0.00010362224609309552,0.9998963777539069,1.1975388091034507,0.09107177806770644,-1405.2967852739343
753,-207.01417310577276,0.9412634440412307,0.20847388307936407,3.0,7.0,0.0,207.44799961578008,0.18364195640684108,0.8163580435931589,0.6662291831503351,0.11586770817644598,-1416.4997572268983
754,-205.24483599010065,0.9800711042502294,0.18333647593951077,3.0,15.0,0.0,205.91247140877223,0.5817513374407994,0.41824866255920057,0.014198917398041827,0.31221802655955716,-1407.933392815029
755,-206.66866609961238,0.9688967390065089,0.17965687184034204,3.0,15.0,0.0,208.8556203096513,0.3400722909883528,0.6599277090116472,0.634209740223062,-0.32325421315788894,-1416.857315884644
756,-210.1369716925811,0.9102760229927539,0.17704715286211825,4.0,15.0,0.0,213.7554353648526,0.0021041407742323007,0.9978958592257677,0.776109521911508,-0.01855559516153789,-1408.4614665755316
757,-205.61275703906384,0.9968960982124538,0.20847388307936407,3.0,7.0,0.0,206.9955985478521,0.223113462008044,0.7768865379919561,0.2847429679917358,-0.09320428874120251,-1408.1390095657466
758,-205.705297050616,0.9932210210696019,0.18333647593951077,3.0,7.0,0.0,205.90443788557792,0.8868258528688487,0.11317414713115126,0.06626612935985077,0.1586348888120003,-1405.0558560670754
759,-206.62659328345967,0.9495617365816578,0.17965687184034204,4.0,15.0,0.0,207.47199969723053,0.0412808080934115,0.9587191919065885,-0.031324778036251874,0.07557138571071598,-1405.011465135868
760,-208.9123989373414,0.9743702405873316,0.17704715286211825,4.0,23.0,0.0,210.25093883227086,0.004658506451010448,0.9953414935489896,0.5794009381753314,0.026236290316406938,-1405.704850619163
761,-205.37503710272682,0.997702940940097,0.20847388307936407,4.0,23.0,0.0,206.65043600129536,0.730839987185166,0.26916001281483404,-0.061139913795377365,0.5411631602214163,-1407.1923164743541
762,-205.8039439788513,0.945524382559407,0.18333647593951077,2.0,7.0,0.0,207.3685370876992,0.8637278215545486,0.13627217844545136,-0.034040368022696124,0.276780257945552,-1406.796307889045
763,-205.32481492997917,0.9324010014250851,0.17965687184034204,3.0,7.0,0.0,209.61978728014893,0.6339075515703146,0.36609244842968536,0.20956741334246248,-0.315976173922511,-1408.1191354346452
764,-206.5604602094044,0.9855671296667935,0.17704715286211825,4.0,15.0,0.0,209.76917689331907,0.7194613907802037,0.28053860921979634,-0.2508653887825146,0.4058947631521961,-1415.6180558171047
765,-205.24744065005925,0.8528475335437843,0.20847388307936407,2.0,7.0,0.0,206.37068520362558,0.4946646386514282,0.5053353613485718,-0.1491604444339928,0.37437880143390656,-1408.0818882444357
766,-205.62350359217598,0.9930040005514644,0.18333647593951077,4.0,23.0,0.0,206.30207889447303,0.6232969547394799,0.3767030452605201,0.06964449492382188,-0.20654661195488472,-1410.3462706729545
767,-205.74487035349267,0.9810063074532029,0.17965687184034204,3.0,7.0,0.0,206.03517420592624,0.6391440904018142,0.3608559095981858,0.36902312937834514,-0.34102205698131016,-1410.8842112965344
768,-206.4457603361728,1.0,0.17704715286211825,2.0,3.0,0.0,206.98028055676133,0.6108309724804336,0.3891690275195664,-0.0707724076609655,0.6089974081985363,-1415.8280144749428
769,-206.1595226742136,0.9815587246452545,0.20847388307936407,3.0,7.0,0.0,206.3496176890543,0.41028266568015137,0.5897173343198486,-0.4302653777036794,0.42110836206692087,-1413.984308497835
770,-205.60922281518145,0.9349574751811104,0.18333647593951077,3.0,15.0,0.0,208.24998079915846,0.7146207742470424,0.2853792257529576,-0.04409450623889169,0.5790961293709607,-1409.0240351007162
771,-205.08567095331458,0.9672235274710558,0.17965687184034204,4.0,15.0,0.0,206.4705573501196,0.2593972975151041,0.7406027024848959,0.22152853833161268,-0.008131577504089785,-1405.2435714678622
772,-206.28201148995922,0.9980710063234972,0.17704715286211825,4.0,15.0,0.0,207.1783018858851,0.9385260835591402,0.061473916440859755,0.033607415944390276,0.3262578363197046,-1405.1477947405601
773,-205.05694874869067,0.9709271171770586,0.20847388307936407,3.0,15.0,0.0,207.27827097141386,0.5794046773847745,0.4205953226152255,-0.05282387499531477,0.333251079670871,-1406.6322839407778
774,-205.41463916259772,0.9643809304883678,0.18333647593951077,4.0,15.0,0.0,206.7176269275468,0.8031448152557555,0.19685518474424446,0.17276711370168446,-0.17134805789041035,-1406.161529127949
775,-205.61726542112442,0.9708954382610965,0.17965687184034204,3.0,15.0,0.0,206.8065180875479,0.15827958292745567,0.8417204170725443,0.22606477332268204,-0.02416514745636242,-1406.3851585963168
776,-206.6931811240999,0.9770233761888357,0.17704715286211825,4.0,15.0,0.0,206.97552693112647,0.953853763658599,0.046146236341401026,0.093931405334714,0.4631834322703044,-1406.0188506267573
777,-205.03896001926447,0.987610429049949,0.20847388307936407,3.0,11.0,0.0,206.04364047633075,0.6600011870601171,0.3399988129398829,0.10472800354599401,-0.12599079427629997,-1406.0133377111465
778,-205.2331977581238,0.9987645397305305,0.18333647593951077,2.0,3.0,0.0,205.43869123856433,0.7790689076361308,0.2209310923638692,0.1509759113387626,-0.1882796479151322,-1405.4958029284405
779,-205.91466970363,0.9988824566747909,0.17965687184034204,4.0,31.0,0.0,206.1319332695588,0.12020642785586752,0.8797935721441325,0.10929447766456302,0.13018061582645138,-1406.8641479293099
780,-207.40051025339284,0.9871362261022194,0.17704715286211825,4.0,15.0,0.0,208.62617817247886,0.9757085144900354,0.024291485509964628,0.07639898208306387,1.152569607008493,-1405.6695371956662
781,-205.67390152571215,0.9245843527736756,0.20847388307936407,3.0,15.0,0.0,205.98423987655528,0.7231807128227654,0.2768192871772346,0.19221582734880222,0.08370710405970389,-1409.5959950121573
782,-204.85103313609198,0.927257685910805,0.18333647593951077,3.0,11.0,0.0,206.2572793310627,0.545277997057119,0.454722002942881,0.014732154721386507,0.1826097796619553,-1405.3987626056607
783,-205.0997418337311,0.9999340962016073,0.17965687184034204,3.0,7.0,0.0,206.02757706041191,0.32402910019716147,0.6759708998028385,0.09645992883759608,-0.02180397491469282,-1406.2807653935788
784,-209.2724181931608,0.8811094347750592,0.17704715286211825,3.0,15.0,0.0,210.592613335319,0.9500993615062757,0.04990063849372428,-0.13549471664298415,2.0377859936441234,-1420.9400551000786
785,-206.3002931313766,0.9972266868672796,0.20847388307936407,4.0,15.0,0.0,206.61286108455073,0.07829705395688004,0.92170294604312,-0.3430473172142324,0.1565600165572935,-1406.7902077608808
786,-205.91496098658885,0.960811706986453,0.18333647593951077,4.0,15.0,0.0,207.07956191513352,0.30209474666112124,0.6979052533388788,0.42930679203499983,-0.22226975737180837,-1411.4551494956804
787,-205.37057850139678,0.9978358913946015,0.17965687184034204,3.0,11.0,0.0,205.63449437899985,0.4593629954973419,0.5406370045026581,0.37844077600246534,-0.05654970390740181,-1408.90131017575
788,-209.62445386602337,0.9954844138732205,0.17704715286211825,4.0,23.0,0.0,212.24642020502563,0.9747854421028739,0.025214557897126122,0.13456342474821303,2.636501036407875,-1416.4174434599502
789,-206.93033497585913,0.8971172954913638,0.20847388307936407,2.0,7.0,0.0,208.5866997092834,0.08305939081493688,0.9169406091850631,-0.820335805584552,0.04997881564589265,-1411.0540228890402
790,-208.47243913763097,0.8502750348139678,0.18333647593951077,4.0,15.0,0.0,208.93036048736775,0.897931962646965,0.10206803735303505,-0.03269699792468515,1.7676957654942913,-1420.8695520979913
791,-205.5205077904987,0.9877171787878573,0.17965687184034204,2.0,7.0,0.0,206.3562016896212,0.5510454317384683,0.4489545682615317,0.3245553759942654,-0.04247667493454634,-1409.9443037214587
792,-208.8370858181045,0.9005723445652597,0.17704715286211825,2.0,3.0,0.0,210.80387847123282,0.9832825035266668,0.016717496473333204,-0.004066947019667283,2.489359819303766,-1408.8664718377345
793,-206.8891330216512,0.8972933854381795,0.20847388307936407,2.0,7.0,0.0,208.4060874158219,0.06578372670776156,0.9342162732922384,-0.5826701625463143,0.016412294475954742,-1409.577415961358
794,-207.9912002561392,0.9966136849837842,0.18333647593951077,4.0,15.0,0.0,209.02310422080166,0.9604372014663909,0.03956279853360911,0.14440309456634584,1.3162741254602877,-1412.648311244818
795,-205.30478335720025,0.880334765356472,0.17965687184034204,3.0,9.0,0.0,207.87430677671043,0.8105618492314308,0.18943815076856918,0.12241061604628878,-0.10308486003365674,-1405.2298854233964
796,-208.60469827794697,0.948881765231766,0.17704715286211825,3.0,15.0,0.0,209.9136728624474,0.9784716116060453,0.021528388393954656,0.12795705112933817,2.021073852199877,-1410.7840743574175
797,-207.0955033196695,0.9945428692122702,0.20847388307936407,2.0,7.0,0.0,207.73219639039914,0.05218177478905996,0.9478182252109401,-0.79855876073395,0.18179166582273604,-1409.2169317458795
798,-207.8745822444613,0.9972534714171533,0.18333647593951077,2.0,7.0,0.0,208.85214299659458,0.9229503473280232,0.07704965267197683,-0.11990876428012427,1.5926369049322988,-1415.4835963682535
799,-205.38641352060733,0.9974046084552409,0.17965687184034204,2.0,3.0,0.0,205.41475938831107,0.8242846370353692,0.17571536296463075,0.1275033263654829,-0.08614545803296139,-1405.3919610305097
800,-205.30930911872153,0.9797178319889683,0.17704715286211825,4.0,31.0,0.0,209.100412290564,0.2647571413441751,0.7352428586558248,-0.17066798671780398,0.07271032925525375,-1406.892229184683
801,-206.65653883854026,0.9979339110144756,0.20847388307936407,3.0,11.0,0.0,207.77772262733117,0.25127763910480916,0.7487223608951908,-0.6141852470702887,0.1394155039183438,-1415.6503086491161
802,-207.72908537799876,0.9875944530754952,0.18333647593951077,3.0,7.0,0.0,208.12401808824148,0.9474492781878031,0.05255072181219689,0.11690135241454114,1.414132739482018,-1412.4801666401613
803,-206.0605593069624,0.9906479564159191,0.17965687184034204,3.0,13.0,0.0,206.7138515405743,0.7225531108820079,0.2774468891179921,0.19191095384117032,-0.5340283133682338,-1412.0364801638266
804,-205.26388096360643,0.9427955572923985,0.17704715286211825,3.0,7.0,0.0,205.82445061551064,0.40345107002738473,0.5965489299726152,-0.142594865843486,0.30735535673380404,-1407.9748555804265
805,-206.34821361665496,0.7817097845784813,0.20847388307936407,2.0,7.0,0.0,209.19619690767223,0.06358839918741872,0.9364116008125812,-0.19339314746756073,0.12538116546707515,-1405.8701471898914
806,-207.1882742452031,1.0,0.18333647593951077,2.0,3.0,0.0,207.75525892537402,0.9395121463860282,0.0604878536139718,0.06330267601346773,1.4259881825170038,-1409.6372000474935
807,-205.22512671847744,0.9991423187849289,0.17965687184034204,4.0,23.0,0.0,206.47606979178082,0.23769350039520687,0.7623064996047931,-0.04209819240653792,0.1499829895037643,-1405.8243103374941
808,-204.94346317470774,1.0,0.17704715286211825,2.0,3.0,0.0,205.28005643938252,0.4310772460700419,0.5689227539299582,-0.13442900227887467,0.2454717756900679,-1405.9229540360786
809,-205.11427081101718,1.0,0.20847388307936407,4.0,15.0,0.0,206.64299146270568,0.2613080488900951,0.7386919511099048,0.03485526275434382,0.1200399578486204,-1405.502924640226
810,-205.49349766729068,0.9839485845831032,0.18333647593951077,3.0,15.0,0.0,207.65242726684554,0.793717337312994,0.206282662687006,-0.0130170448781152,0.5639642213748555,-1406.7241853348523
811,-206.81182711213964,0.9881740865833787,0.17965687184034204,4.0,15.0,0.0,207.6130906315173,0.9629666339301116,0.037033366069888385,0.0534765607969004,-0.3274221680529423,-1405.4822588830516
812,-205.52766360911903,0.9322412502340843,0.17704715286211825,2.0,3.0,0.0,205.79467050709508,0.3550544017858325,0.6449455982141675,-0.185608359054238,0.32145595419834666,-1409.433291204107
813,-204.8412336292517,0.9997083780370744,0.20847388307936407,3.0,15.0,0.0,205.1237065274204,0.5194920522644194,0.4805079477355806,0.02417509268603023,0.05286008350105726,-1405.4035073079774
814,-205.81299207146932,0.959957487517488,0.18333647593951077,4.0,23.0,0.0,206.38282764003773,0.5611559293778905,0.4388440706221095,0.1342540529092342,-0.2738751172239309,-1411.9451480830242
815,-206.22895158219507,0.9577603670338445,0.17965687184034204,3.0,7.0,0.0,207.40594578133118,0.8945286749394527,0.10547132506054735,0.1831439524488443,-0.19981482514511453,-1408.2080394864402
816,-205.03009613952756,0.9738722912627703,0.17704715286211825,2.0,3.0,0.0,205.7501430994181,0.3803872411608013,0.6196127588391986,-0.17170392633778825,0.24558054206600521,-1406.2369282764955
817,-204.8133747911501,0.9992129767182664,0.20847388307936407,2.0,7.0,0.0,204.90174488366986,0.4774649250863903,0.5225350749136097,0.04038381415729605,0.12626200170653273,-1405.1952689062214
818,-206.12739238764482,0.9915383428490052,0.18333647593951077,3.0,7.0,0.0,206.61408007896935,0.874733560001562,0.125266439998438,0.19430935840523567,-0.18789073019850627,-1408.5404277787052
819,-205.3576431301431,0.9830492699185188,0.17965687184034204,4.0,23.0,0.0,207.75458292820795,0.8195137448298705,0.1804862551701295,0.0002629347218371242,0.2605473907537966,-1405.3000064653788
820,-204.84244855015638,0.9932998568565438,0.17704715286211825,3.0,15.0,0.0,205.62230225229447,0.5699977747074134,0.4300022252925866,0.030511451277453847,0.16205264723767757,-1405.2651160113603
821,-205.16218210613602,0.9863606053214405,0.20847388307936407,4.0,15.0,0.0,205.90092047996583,0.3075538271249355,0.6924461728750645,0.4403680825243595,-0.07864681229049632,-1406.3536170938876
822,-205.2201989928472,0.9792727568805447,0.18333647593951077,3.0,11.0,0.0,207.37533009921282,0.4623909441179074,0.5376090558820926,0.23148451213057053,-0.1921253757227287,-1407.9173957275868
823,-205.13705654303573,0.9963771188541978,0.17965687184034204,4.0,31.0,0.0,205.77045408545345,0.27071193114457187,0.7292880688554282,0.2211409095303748,-0.0388302029240493,-1405.786008067658
824,-208.1308377944642,0.9609199989596767,0.17704715286211825,4.0,15.0,0.0,209.15753572599107,0.01125031584493072,0.9887496841550693,0.35450094227725315,0.11905036221893839,-1406.5204093234
825,-204.91797610284368,0.860927223591316,0.20847388307936407,2.0,7.0,0.0,207.40321260724147,0.6701133027550827,0.32988669724491726,0.1196545787799719,-0.03672162758103626,-1405.0837291458388
826,-204.90917880600693,0.9311872989042062,0.18333647593951077,3.0,7.0,0.0,205.7920780253799,0.42405734430014264,0.5759426556998574,0.26083953910600105,-0.03373663403871193,-1405.6653256550783
827,-205.53048035008314,0.979013665702446,0.17965687184034204,2.0,7.0,0.0,205.74700196485432,0.21458213950978985,0.7854178604902101,0.21799933433112617,-0.06070268024077999,-1407.4100802474975
828,-205.86889813304697,0.9951136853464055,0.17704715286211825,4.0,15.0,0.0,208.49301545468373,0.11899901589428277,0.8810009841057173,0.7137647132777479,0.009892664849555838,-1406.072666923743
829,-205.13353252975944,0.9357321923931835,0.20847388307936407,2.0,7.0,0.0,205.6379976843986,0.49671007401927064,0.5032899259807293,-0.01468387069482608,0.007812799196782245,-1407.4355220796012
830,-207.60858956102172,0.8224686922281205,0.18333647593951077,2.0,7.0,0.0,208.19318755670383,0.32200328180612886,0.6779967181938711,0.20658829028948594,0.2837043758996281,-1423.4907136495751
831,-206.02943177515465,0.8676366956219873,0.17965687184034204,2.0,3.0,0.0,209.6652474901105,0.1442413478717646,0.8557586521282354,0.17025579987383319,0.14970066997642342,-1408.705254339786
832,-205.32814239196023,0.999348153630807,0.17704715286211825,4.0,15.0,0.0,206.00301198068732,0.22559507973397927,0.7744049202660207,0.4915469259302254,-0.026960761382135483,-1406.0955210622408
833,-205.95448975332613,0.9650878640429698,0.20847388307936407,3.0,7.0,0.0,207.03425503397543,0.8376093259621017,0.1623906740378983,0.18243007845843628,0.006899833665632932,-1408.873783425061
834,-205.60877519645044,0.990012527154726,0.18333647593951077,3.0,15.0,0.0,208.05986473833073,0.7571381710218911,0.24286182897810893,0.16789650249846205,-0.44059278275784464,-1408.4050523392068
835,-207.20302548538706,0.9999975042519121,0.17965687184034204,3.0,15.0,0.0,208.44135666787335,0.1586502466109806,0.8413497533890194,-0.8264438006885277,0.29146041149551427,-1416.7338396981088
836,-205.06170398000637,0.7684164423016797,0.17704715286211825,4.0,23.0,0.0,211.4939767005358,0.3677206405503546,0.6322793594496454,-0.2221608800466324,0.1905826754729478,-1406.3646702584722
837,-205.92046607636553,0.9102588328761696,0.20847388307936407,2.0,3.0,0.0,207.2678437549348,0.9111694692261075,0.08883053077389247,0.05163897569405147,0.07609383252983289,-1405.0744335835402
838,-204.96343723814158,0.9967929969661996,0.18333647593951077,4.0,15.0,0.0,206.06519451324547,0.33328382536578033,0.6667161746342196,0.00802161310047661,0.13709617443933791,-1405.4306691435327
839,-206.2178832210607,0.9453512140586603,0.17965687184034204,3.0,7.0,0.0,209.33260852598397,0.16323612579137142,0.8367638742086285,-0.4106573270724141,0.2575649691562139,-1410.5480162130332
840,-205.2690404689335,0.9901099137863693,0.17704715286211825,3.0,15.0,0.0,205.63612710388264,0.20904991896551608,0.7909500810344839,-0.2074196151283377,0.14020416500513821,-1405.4622702101249
841,-206.53209019576346,0.9708173350352002,0.20847388307936407,3.0,15.0,0.0,207.73801737385662,0.2720508853125206,0.7279491146874795,-0.1350103442871378,0.33135784151266023,-1415.3769289595978
842,-204.91804310026654,0.9980864480821295,0.18333647593951077,3.0,7.0,0.0,205.14098152654262,0.41025349501121205,0.589746504988788,0.11302076428432056,0.09796182911344353,-1405.7019795533317
843,-205.81001032127998,0.9928960404127266,0.17965687184034204,3.0,15.0,0.0,207.8718293622857,0.46167846755597747,0.5383215324440225,-0.31745907443551635,0.20496432428610623,-1411.9450108218734
844,-206.36060712864744,0.924850137712598,0.17704715286211825,4.0,15.0,0.0,207.0545371940341,0.07338445211814511,0.9266155478818549,0.1566952092491384,0.1257157036846873,-1406.883885270465
845,-205.7723120086284,1.0,0.20847388307936407,3.0,15.0,0.0,207.16899076988844,0.8611783068768695,0.13882169312313053,0.1718033051119942,-0.2341178291357232,-1406.6797592178368
846,-204.88928831547068,0.9993282038513587,0.18333647593951077,3.0,15.0,0.0,205.22091396116892,0.47724848078119486,0.5227515192188051,0.21803685836714268,-0.10768314319175937,-1405.6835013642149
847,-207.2308026836171,0.9929789879427524,0.17965687184034204,4.0,31.0,0.0,207.68289943043268,0.024090805721916513,0.9759091942780835,0.20998280327584157,0.028850397336212676,-1405.5546508400218
848,-206.10440392523208,0.9584978873795363,0.17704715286211825,4.0,15.0,0.0,207.12983293649737,0.8235447233303524,0.17645527666964755,-0.019470330548706533,-0.11973307709731167,-1410.3822254141794
849,-205.17176483195612,0.990978272118888,0.20847388307936407,3.0,9.0,0.0,207.25562720510536,0.7589725877405922,0.24102741225940782,-0.013743626761894528,0.20096086437132557,-1405.5075575269218
850,-205.4027015640778,0.9776243841108261,0.18333647593951077,3.0,11.0,0.0,207.330996052503,0.4521002287189692,0.5478997712810307,-0.29842280113725517,0.3601693886172884,-1409.04281661997
851,-205.48099375464665,0.9907491335626067,0.17965687184034204,4.0,15.0,0.0,207.81760655883366,0.15369195126406412,0.8463080487359359,0.37364691104674275,0.016548964402707627,-1405.2020435742718
852,-206.2072985838015,0.9760731319791016,0.17704715286211825,3.0,11.0,0.0,209.00112850766627,0.8622852742990361,0.13771472570096388,0.021756188482158642,-0.3302977138206058,-1409.616314213798
853,-206.86915211032948,0.6160256243920218,0.20847388307936407,1.0,3.0,0.0,207.72187708318708,0.7149008201936998,0.2850991798063002,-0.19811560452357235,0.16804016943330466,-1417.9562149660626
854,-206.5459663057211,0.9390175961230282,0.18333647593951077,4.0,23.0,0.0,207.01825455833804,0.07370467431485202,0.9262953256851479,0.10326761410328265,-0.02298247326259037,-1408.2171742258952
855,-207.47170654508835,0.9384082548010105,0.17965687184034204,4.0,15.0,0.0,207.76067492366204,0.9813353028792406,0.018664697120759355,0.03151246534259518,0.33929208140738143,-1405.4327549348313
856,-205.20973301174035,0.9870283060000129,0.17704715286211825,3.0,11.0,0.0,207.95242433138358,0.2642441355839662,0.7357558644160338,0.434740022761834,-0.03195184339853269,-1406.0614415961757
857,-206.0060288873134,1.0,0.20847388307936407,3.0,15.0,0.0,207.64486273900553,0.13961718425076464,0.8603828157492354,0.015844713457905474,0.16974400207165383,-1408.3750232994298
858,-205.08015580743293,0.9818616097440385,0.18333647593951077,4.0,23.0,0.0,207.059590840139,0.6679353753920328,0.33206462460796715,-0.10347289467158735,0.3388039558678807,-1406.1321608797189
859,-207.4611131500199,0.928585581783445,0.17965687184034204,3.0,11.0,0.0,208.6618980432121,0.969127468683416,0.030872531316583962,-0.03743293419587361,0.6057392446227049,-1408.531541954604
860,-205.59865619402663,0.9332207404066656,0.17704715286211825,3.0,7.0,0.0,206.27118035270527,0.31530500495201214,0.6846949950479879,0.49061390367627367,-0.20267264596516282,-1409.3923301733523
861,-205.10473069231216,0.9901303048745799,0.20847388307936407,3.0,15.0,0.0,206.22075206017408,0.75312932244212,0.24687067755787995,0.0588494253072433,0.011075233881994793,-1405.1885203765062
862,-205.70939767060563,0.905709292643128,0.18333647593951077,3.0,15.0,0.0,207.12802787469568,0.7787858661130601,0.2212141338869399,-0.11913246350283228,0.7003735276218939,-1408.40609387046
863,-206.59891870987286,0.9607862220477357,0.17965687184034204,3.0,7.0,0.0,208.09044634883267,0.9375375810142558,0.06246241898574423,0.09121127766777773,0.70690621277284,-1407.0940392518214
864,-204.97963617063226,0.9338893480195867,0.17704715286211825,3.0,11.0,0.0,207.78357121654568,0.4513459500584011,0.5486540499415988,-0.05531971889130982,0.24188704593932914,-1406.2540979190446
865,-205.2659222920584,0.9597867789064451,0.20847388307936407,3.0,11.0,0.0,206.12276707561077,0.485874265046146,0.5141257349538539,-0.052678011003464364,0.3192210720240214,-1408.2546750771683
866,-204.95379025086288,0.8971954779073414,0.18333647593951077,4.0,31.0,0.0,207.71294612529766,0.4606789910585327,0.5393210089414673,0.19953736067654854,-0.11464128775526275,-1406.105862806459
867,-206.68381593892946,0.9411604494553499,0.17965687184034204,3.0,15.0,0.0,209.62235080844368,0.9598000324020787,0.04019996759792133,0.04362120639451428,0.070783710925793,-1405.2310646406966
868,-207.31402114594007,0.8452717227827936,0.17704715286211825,3.0,15.0,0.0,208.1906111083912,0.7856787249632138,0.21432127503678622,0.37967574013212396,-0.5940840809160493,-1419.3392301136944
869,-204.84948714674252,0.9993583174054224,0.20847388307936407,3.0,15.0,0.0,205.48880721536983,0.6065083121940429,0.3934916878059571,-0.00739276423860131,0.18353310233887585,-1405.1240303109234
870,-204.90662457685153,0.987093577061256,0.18333647593951077,2.0,7.0,0.0,206.14492252030195,0.34678335952213163,0.6532166404778683,0.2088952881647364,-0.0038388847314573538,-1405.149789564801
871,-206.9846966541193,0.9895782004868382,0.17965687184034204,2.0,3.0,0.0,207.04941679720739,0.9685770123749285,0.03142298762507145,0.027551154229740075,0.10031560622806726,-1405.6674180873413
872,-207.37521498616988,0.956132774131566,0.17704715286211825,4.0,15.0,0.0,208.58507786283667,0.9604083211668615,0.03959167883313852,0.18376871661936,-0.42887169283527915,-1409.724122865011
873,-206.84319276529519,0.579979572717429,0.20847388307936407,2.0,7.0,0.0,211.55085090580275,0.37966776743580366,0.6203322325641963,-0.5720185643593049,0.38438888451361053,-1418.423713802209
874,-206.5568649189303,0.8316099464743778,0.18333647593951077,2.0,3.0,0.0,206.86775855928565,0.32240913794499443,0.6775908620550055,0.18745570184982027,-0.20976861580097902,-1416.2682357347605
875,-207.585713144522,0.9887816838075142,0.17965687184034204,3.0,7.0,0.0,209.03087546615043,0.522512373719496,0.477487626280504,0.3504567092015426,-0.5425071335241894,-1424.000923458428
876,-208.34855070003596,0.932658640556045,0.17704715286211825,3.0,7.0,0.0,208.6305583591661,0.9723377711121987,0.027662228887801343,-0.0571147074604747,-0.4439845190001069,-1414.0711322323434
877,-206.98123618807952,0.7814587771218616,0.20847388307936407,3.0,7.0,0.0,208.27959268452537,0.25664147352005756,0.7433585264799425,-0.4870921543350345,0.0486452405274847,-1418.1250711952512
878,-206.2796990790933,0.9908466457665417,0.18333647593951077,2.0,7.0,0.0,207.8566067083674,0.8567232078706786,0.14327679212932143,0.21558464111391937,-0.1168413563828659,-1410.3879340359733
879,-210.13585120637063,0.9972233529955369,0.17965687184034204,4.0,31.0,0.0,210.58789347187846,0.9987114023187986,0.0012885976812013755,0.09594735609917612,-0.44114228521493104,-1405.4165524784842
880,-206.4735938142181,0.9962745724438767,0.17704715286211825,3.0,7.0,0.0,208.39986961313318,0.9245500147952698,0.07544998520473023,0.0682398988805875,-0.6410305962813313,-1407.5167088522346
881,-206.12031348906336,0.8879950734812275,0.20847388307936407,3.0,15.0,0.0,208.2027206592796,0.29331990874716035,0.7066800912528397,-0.4860914715118503,0.3432066146622007,-1412.6524322886082
882,-205.16767449468665,0.966760097836116,0.18333647593951077,4.0,15.0,0.0,206.9844772819647,0.7599586967521518,0.24004130324784823,0.10131108468601206,0.08619910820554638,-1405.479708317641
883,-208.18305750856965,0.9076942899562557,0.17965687184034204,3.0,11.0,0.0,211.36629330353963,0.9907371833331431,0.00926281666685691,0.08836788334809172,-0.6687857582450593,-1405.2800173076191
884,-206.56657626554252,0.9989905728354279,0.17704715286211825,3.0,7.0,0.0,206.6660815681829,0.9461845198846527,0.053815480115347314,0.11701425784492345,-0.6069057521058142,-1406.0135662733894
885,-206.27079357660486,0.9862846609597952,0.20847388307936407,3.0,15.0,0.0,207.61270923934498,0.9234359152910726,0.0765640847089274,0.1087705971813367,0.2685408568410135,-1406.4950938914308
886,-205.2446345647861,0.9886221105734744,0.18333647593951077,4.0,15.0,0.0,206.11277966859228,0.4934482201493232,0.5065517798506768,0.3894722031048937,-0.1912462434728413,-1408.039779554871
887,-208.3968503240372,0.9781613097769213,0.17965687184034204,4.0,23.0,0.0,209.85667801545748,0.6794530080762559,0.32054699192374414,0.1516500166697931,-0.7086501439202931,-1428.5722073398206
888,-204.81168487621125,0.9632932570396442,0.17704715286211825,4.0,15.0,0.0,207.0687152617836,0.5096734726379736,0.4903265273620264,0.03884349674870978,0.05321077181091338,-1405.206481490221
889,-206.47815197254502,0.9201566498272299,0.20847388307936407,4.0,15.0,0.0,208.52049865399385,0.09673886008639439,0.9032611399136056,-0.8080877392377425,0.1329546873953324,-1408.883889555849
890,-206.11665489798992,0.8107747774682558,0.18333647593951077,2.0,7.0,0.0,206.85957207844004,0.27056012754221037,0.7294398724577896,0.3465488163449743,-0.1940946029929598,-1412.4576967393878
891,-206.55699570429164,1.0,0.17965687184034204,3.0,15.0,0.0,209.5922974219225,0.6784133199742575,0.32158668002574253,0.27478149040736677,-0.6001150436696663,-1415.9520474587773
892,-205.14149503072233,0.9456718528295304,0.17704715286211825,3.0,11.0,0.0,205.84058404233156,0.7457638789743254,0.2542361210256746,0.09345443356244762,-0.1242049706207716,-1405.5599047781764
893,-206.3332873746079,0.9275198573802493,0.20847388307936407,3.0,7.0,0.0,206.84159192882174,0.1153611551161407,0.8846388448838594,-0.7503416984345257,0.1557720103390757,-1409.027441851792
894,-205.24824594105522,1.0,0.18333647593951077,3.0,7.0,0.0,206.27076414624707,0.37046401780086935,0.6295359821991307,0.3863364811171221,-0.1781305548319701,-1407.592266847929
895,-205.5634046194279,0.9905789017062648,0.17965687184034204,3.0,7.0,0.0,207.84831476648438,0.49307070157736727,0.5069292984226328,0.3957297333184012,-0.3081033760877562,-1410.1869961862167
896,-205.04845111054865,0.9701167304002655,0.17704715286211825,3.0,15.0,0.0,205.81282686369644,0.5118465490548154,0.4881534509451846,0.1718665109417396,-0.1493614143804353,-1406.7996913306279
897,-206.33657487463358,0.9749974545790242,0.20847388307936407,2.0,7.0,0.0,206.95380399011046,0.08429551892163854,0.9157044810783614,-0.5553516851680443,0.06486976699099434,-1407.358490099978
898,-205.40720005280474,0.9328384124006368,0.18333647593951077,2.0,7.0,0.0,206.64081023364105,0.1747236542242098,0.8252763457757902,0.4265261445562259,-0.009916400644491868,-1405.3680326142974
899,-205.40571961853905,0.994962583964233,0.17965687184034204,3.0,7.0,0.0,206.15179313423508,0.6074658947036354,0.39253410529636457,0.30929287306080666,-0.3369313248807568,-1408.8089228724311
900,-205.70909223380767,0.9368730508578851,0.17704715286211825,2.0,7.0,0.0,206.250388733591,0.4372398149510849,0.5627601850489151,0.3311309599391534,0.05556695667081636,-1411.204841384413
901,-209.89509871676253,0.4527082615487085,0.20847388307936407,2.0,3.0,0.0,211.5892581381045,0.10093323186167275,0.8990667681383273,-0.7990609084207376,-0.09701985402688407,-1432.768025603355
902,-205.01625057187528,0.9680162668994275,0.18333647593951077,4.0,15.0,0.0,206.01332750290524,0.2811919192169088,0.7188080807830912,0.2164391214696407,0.014308352671121419,-1405.1167973468102
903,-204.96215076455636,0.9584778374293711,0.17965687184034204,5.0,31.0,0.0,206.23853359582137,0.6778611665185252,0.32213883348147476,0.11686342316702934,0.035334597060861554,-1405.3047685031042
904,-205.01804841951994,0.9869015526626902,0.17704715286211825,1.0,3.0,0.0,205.87674397307032,0.3612381934324582,0.6387618065675418,0.3289109419096201,-0.03492856057935735,-1405.9902224612258
905,-206.72235563380332,1.0,0.20847388307936407,2.0,3.0,0.0,209.95079707990368,0.13948462103556356,0.8605153789644364,-0.6317936663610305,0.2719881693481709,-1412.9342888629747
906,-204.8033032909117,0.9850356505718827,0.18333647593951077,3.0,15.0,0.0,205.36021234456555,0.5353522062209572,0.46464779377904275,-0.001080210813893305,0.15574871641128202,-1405.099351251526
907,-205.10643214456286,0.9963732225305837,0.17965687184034204,4.0,15.0,0.0,205.3020956656642,0.7242843605148589,0.2757156394851411,0.1368877242614341,-0.18884571126104022,-1405.6499730125272
908,-205.77132095961207,0.9328305021500036,0.17704715286211825,3.0,15.0,0.0,206.57592198952824,0.8656778485386554,0.13432215146134463,0.14935281997170655,-0.4436640666186191,-1406.3648958020472
909,-205.9901635348216,0.9949739787778417,0.20847388307936407,3.0,7.0,0.0,206.84078255551836,0.13595974778328163,0.8640402522167183,-0.5272684987184486,0.09897577254756539,-1407.887944662703
910,-205.48185662521698,0.8393360717597698,0.18333647593951077,3.0,7.0,0.0,207.02515965542807,0.8274846682983301,0.17251533170166988,0.15636291099752975,-0.15991701900309746,-1405.9283163004252
911,-206.7038751929437,0.9265841193618194,0.17965687184034204,3.0,15.0,0.0,207.2149653552925,0.4275696503799342,0.5724303496200658,-0.10388034286856757,0.45628548762259324,-1417.9480146066362
912,-205.68950372240886,0.9880279525103751,0.17704715286211825,4.0,23.0,0.0,206.5038374953749,0.48584345266138107,0.5141565473386189,-0.045037211958252686,0.3729705476223001,-1411.1491672015336
913,-206.04215776751195,0.9443464883161626,0.20847388307936407,3.0,7.0,0.0,206.46557881196378,0.0942458294308722,0.9057541705691278,-0.3898557663278132,0.14566372032566943,-1406.1403922102427
914,-209.58424855639484,0.9715674652408511,0.18333647593951077,4.0,31.0,0.0,210.90901649622413,0.9901622510347149,0.009837748965285109,-0.03487563465890579,-1.754049700837243,-1413.106340954917
915,-205.07523210129597,0.9781568032679315,0.17965687184034204,2.0,3.0,0.0,207.03839798387747,0.5092407407511333,0.49075925924886665,-0.14668074961994593,0.3415652294554323,-1406.9116591217078
916,-205.09519861342673,1.0,0.17704715286211825,2.0,3.0,0.0,205.7145248018348,0.5612182324306589,0.43878176756934106,-0.04094776196916911,0.3232008494595878,-1406.9752779532384
917,-205.28245785236516,0.9749926270484103,0.20847388307936407,3.0,7.0,0.0,207.240255387202,0.3657502923156186,0.6342497076843814,-0.29698005391307036,0.2903403495089222,-1407.798999499935
918,-208.40489807343107,0.9528964326006433,0.18333647593951077,2.0,7.0,0.0,210.4933769032273,0.9855595779572833,0.014440422042716672,0.0962620597657729,-1.6987062521016698,-1407.7367658300118
919,-205.10370337750626,0.9963425666691808,0.17965687184034204,4.0,15.0,0.0,205.7894359275313,0.7502360253616958,0.24976397463830424,0.05606872098006806,0.17435656438719402,-1405.209454885782
920,-204.9812720900472,0.9776794453285902,0.17704715286211825,2.0,7.0,0.0,205.6165615164486,0.3882775476916126,0.6117224523083874,-0.1300243115871573,0.12940655159038805,-1406.0014290968188
921,-205.24022090096165,0.9148962219395634,0.20847388307936407,3.0,11.0,0.0,206.10103694297143,0.4368058512028428,0.5631941487971572,0.29839557833349806,0.0172491466129615,-1407.9846617219366
922,-209.78781056092907,0.9885739427734739,0.18333647593951077,3.0,7.0,0.0,210.0856543156197,0.9488183435129843,0.05118165648701567,0.1103859452273346,-2.1209905554311455,-1424.3725783095044
923,-204.9183375788737,0.9976014370296444,0.17965687184034204,4.0,15.0,0.0,205.20366603997275,0.5343987231680292,0.46560127683197083,0.022490046353125046,0.02477108510144145,-1405.9158067670273
924,-204.88452846844012,0.974611394999735,0.17704715286211825,3.0,11.0,0.0,205.6280749813857,0.43679654011645164,0.5632034598835484,-0.062381214007070196,0.2056484403895564,-1405.5648552094433
925,-205.85034631528177,0.9656017569977614,0.20847388307936407,4.0,19.0,0.0,206.63826609737575,0.20213491258875851,0.7978650874112415,-0.4065403126059029,0.08602326835451125,-1409.2105800865495
926,-210.1145735601079,0.820759940140782,0.18333647593951077,3.0,15.0,0.0,213.97738565290535,0.9830674951424407,0.01693250485755926,-0.07496247576018858,-1.7048255439166007,-1420.6142028208433
927,-204.86270222172445,0.9118296486205841,0.17965687184034204,4.0,15.0,0.0,206.89878298701947,0.3997539883108888,0.6002460116891112,0.06387965083069849,0.028806094402366672,-1405.2775841737132
928,-205.54965279870882,0.6169609070083456,0.17704715286211825,3.0,7.0,0.0,208.9035455278226,0.7307350600411271,0.2692649399588729,-0.056748860316077954,0.08519858322059692,-1408.6472722656374
929,-206.12203308404125,0.9257699515677151,0.20847388307936407,2.0,5.0,0.0,207.01198087532293,0.18736977344453737,0.8126302265554626,-0.5996159898696493,0.13531859539535238,-1410.5128660629134
930,-205.8232431064822,0.9839303225534859,0.18333647593951077,4.0,15.0,0.0,211.13344781390347,0.14279237867954953,0.8572076213204505,0.07959855780333577,0.142493531645906,-1407.2442742952735
931,-205.93734237368133,0.7966509073799356,0.17965687184034204,2.0,7.0,0.0,209.1068901113125,0.3642175070421436,0.6357824929578564,0.0672029517703843,0.2564616390042972,-1412.3986970811573
932,-204.8565297509388,0.9521376581492423,0.17704715286211825,2.0,3.0,0.0,206.18979956577834,0.6071416923893477,0.3928583076106523,0.004305475536920969,0.11868418146620828,-1405.1857148405352
933,-205.78619460318615,0.9904107329144399,0.20847388307936407,4.0,15.0,0.0,206.3476190948924,0.11447555205085139,0.8855244479491486,-0.317614726935708,0.12924290128822308,-1405.607503774118
934,-206.45919092175754,0.9916490681871318,0.18333647593951077,3.0,7.0,0.0,206.8099044732517,0.05955458625192896,0.940445413748071,0.11555870723822588,0.010273509329568442,-1406.2479723465394
935,-206.1177151765993,0.9951236271578687,0.17965687184034204,3.0,11.0,0.0,206.3729768271859,0.7437674779558529,0.25623252204414715,-0.10092679291725895,0.08051096536207586,-1412.3453789095622
936,-206.2690455277746,0.9860982977543155,0.17704715286211825,4.0,31.0,0.0,206.92054420010973,0.8794494335818314,0.12055056641816864,-0.06099957206318967,1.0359792712060791,-1408.4241482721316
937,-206.53584049467275,0.9921685964196685,0.20847388307936407,3.0,7.0,0.0,206.64850511835903,0.04964009814558387,0.9503599018544161,-0.24399405364065316,0.05041673368531683,-1405.550050080562
938,-206.16722026422684,0.9276263935283292,0.18333647593951077,2.0,3.0,0.0,206.86936493068822,0.07123700262915278,0.9287629973708472,0.09035079292588942,0.0346134493807766,-1405.3856126752437
939,-208.13257337682663,0.9956268250235144,0.17965687184034204,3.0,15.0,0.0,208.72948798690584,0.8200574473729277,0.17994255262707226,-0.02252244336748893,-0.5979309095586127,-1424.201756234479
940,-206.8563042107428,0.907049264619329,0.17704715286211825,4.0,15.0,0.0,209.78203146290429,0.08878055919131135,0.9112194408086887,0.46579493247844805,0.1509733425819883,-1411.33574483177
941,-207.39889559549363,0.98085412053204,0.20847388307936407,3.0,15.0,0.0,207.91198711064087,0.021279500539327305,0.9787204994606727,-0.577123834593003,0.10600756137794981,-1405.6200006579975
942,-206.69610533870176,0.9820374144442169,0.18333647593951077,4.0,31.0,0.0,208.5808397650867,0.04841281987512597,0.9515871801248741,-0.6126434771932127,0.06664362150265307,-1406.2187815868338
943,-209.49933791214488,0.937048135880686,0.17965687184034204,2.0,3.0,0.0,209.85560716161493,0.8089619333621548,0.19103806663784517,-0.0848238855611661,-0.5541591712354655,-1434.00002515505
944,-205.95944870048302,0.9981921153494571,0.17704715286211825,4.0,15.0,0.0,207.09383161275412,0.7505453654884807,0.24945463451151928,0.005550121923503945,-0.19045525162581328,-1411.112637782764
945,-206.58820283533424,0.9984553581961422,0.20847388307936407,3.0,7.0,0.0,207.5156688297369,0.25156440167990024,0.7484355983200998,-0.6839924737471076,0.2541769356647778,-1415.066241091816
946,-206.40740319690312,0.9998110812792956,0.18333647593951077,4.0,15.0,0.0,207.08164640797872,0.9474765560612121,0.05252344393878794,0.05034416915601966,0.1303398798799915,-1405.0686058795486
947,-208.18083969565734,0.999165809203044,0.17965687184034204,3.0,15.0,0.0,211.14231335213407,0.5797660919500395,0.4202339080499605,0.45033093749785136,0.04801467937466555,-1428.130929897807
948,-205.29763147132272,0.954952515737024,0.17704715286211825,4.0,15.0,0.0,207.3069757432595,0.5068917823825083,0.4931082176174917,0.2878544938349103,0.0007888517173333387,-1408.4967550676615
949,-208.442661997135,0.7067331426694877,0.20847388307936407,3.0,7.0,0.0,208.57367396768174,0.3698914803129879,0.6301085196870121,-0.7067598031684997,0.24508378134998066,-1429.3272066570855
950,-205.97697477188194,0.9863892749949659,0.18333647593951077,4.0,15.0,0.0,207.38791300764916,0.4360524592381318,0.5639475407618681,0.563730519401583,-0.18561592482600303,-1412.8442740243768
951,-209.04300994537414,0.9731995190075603,0.17965687184034204,2.0,3.0,0.0,209.61192778552783,0.5452159010587809,0.4547840989412191,0.4699347474803757,0.11613521300649597,-1434.1827166500882
952,-205.97269680297578,0.8219891126131892,0.17704715286211825,3.0,11.0,0.0,208.31959807986158,0.6799418836696763,0.32005811633032366,-0.1983420645856781,0.27499999555646826,-1412.1753840832673
953,-208.25903320441773,1.0,0.20847388307936407,4.0,23.0,0.0,210.04357922016777,0.06809124081270428,0.9319087591872958,1.866339005241239,-0.08648011818751512,-1416.5406919097197
954,-205.50050991056185,0.9496786628127464,0.18333647593951077,3.0,7.0,0.0,206.72859026268253,0.17933879358866245,0.8206612064113376,0.4787642843468347,-0.05990846980684066,-1406.1101007589118
955,-205.76658093962476,1.0,0.17965687184034204,3.0,7.0,0.0,209.56195996160326,0.43658817666787725,0.5634118233321228,-0.19219321422446903,0.06505737608570866,-1411.6614446967371
956,-207.47540344951213,0.8671753511535621,0.17704715286211825,2.0,3.0,0.0,208.30078040708796,0.6157274867349404,0.3842725132650596,0.0858573188958989,0.5267068669592625,-1422.9868831161807
957,-209.0421387885762,0.9850700432508758,0.20847388307936407,4.0,19.0,0.0,210.4224947629267,0.008687160221331033,0.991312839778669,2.4401860777612825,0.04545985111470116,-1406.0247675707328
958,-207.8161536185344,0.6811696801351405,0.18333647593951077,2.0,7.0,0.0,208.9886159753709,0.09132233714374463,0.9086776628562554,0.5047354333258015,-0.15586281457768836,-1418.1079157334218
959,-206.4953189851571,0.9493435022872148,0.17965687184034204,3.0,15.0,0.0,207.0822148243594,0.30610392325978,0.69389607674022,0.12372276803938283,0.25146992575718247,-1415.64937463612
960,-206.95518759398414,1.0,0.17704715286211825,4.0,19.0,0.0,207.84252231890204,0.09935207128184337,0.9006479287181566,0.9988636565462444,0.0897840813302345,-1412.0538902028063
961,-209.05815457819193,0.6923447358032643,0.20847388307936407,3.0,11.0,0.0,212.16010261181333,0.0062389557167171865,0.9937610442832828,2.098939935916435,0.05799933299188009,-1405.2021013013689
962,-208.91324968747418,0.9288229552207788,0.18333647593951077,4.0,15.0,0.0,210.15892475436485,0.9950061830772603,0.004993816922739702,0.012047292318278295,0.29957366214796755,-1406.4013767622998
963,-206.10841187709966,0.996579609259911,0.17965687184034204,3.0,15.0,0.0,208.1018226154609,0.45315245912110375,0.5468475408788962,0.10241865555861675,0.2818255410240711,-1414.031739625676
964,-206.44005635612575,0.9948569900102107,0.17704715286211825,3.0,11.0,0.0,207.17322521767485,0.06533858310290803,0.9346614168970919,0.8992417199355647,-0.02453341974599879,-1406.0263253281607
965,-209.70817144008117,0.9905824983471917,0.20847388307936407,2.0,7.0,0.0,210.3132642255463,0.003251840087195768,0.9967481599128042,2.10468600630562,0.043841895600937195,-1405.1923431227376
966,-208.7639725954568,0.9601875617626852,0.18333647593951077,4.0,31.0,0.0,209.28123711068918,0.9952260259941821,0.004773974005817916,0.05925730361760298,0.3768596256821808,-1405.0126882332845
967,-205.752628462905,0.9849010028696937,0.17965687184034204,2.0,7.0,0.0,207.54604276165935,0.36066543145453867,0.6393345685454613,0.22278633490619337,-0.185807237922677,-1411.0815492822449
968,-207.58568291592204,0.9866590262444466,0.17704715286211825,4.0,15.0,0.0,208.08047208067967,0.10598515997332873,0.8940148400266713,1.3216091563113643,-0.15788419051583316,-1416.1433434227745
969,-207.35557570322416,0.9824058300167801,0.20847388307936407,4.0,31.0,0.0,210.8158855505201,0.025449208257059288,0.9745507917429407,1.2237199064794098,0.06740425710505643,-1405.5276823239549
970,-209.58951748632526,0.8961100788321595,0.18333647593951077,2.0,3.0,0.0,209.9250826987537,0.9965060445874665,0.0034939554125335004,-0.019354289982296866,0.4004288101268614,-1408.5549000976137
971,-205.26831051798158,0.9876821659293039,0.17965687184034204,3.0,11.0,0.0,206.96246349653205,0.2068442935007572,0.7931557064992428,0.24524627079029368,-0.009830909665329082,-1405.4052998510585
972,-206.4338585309737,0.9971682559865126,0.17704715286211825,3.0,15.0,0.0,207.71959843854927,0.08892989929127026,0.9110701007087297,1.0572218254497352,0.026965842005168973,-1407.6693516203657
973,-206.57786925551767,0.8709564561776116,0.20847388307936407,3.0,15.0,0.0,208.24564374947,0.05825078443643901,0.941749215563561,1.0973941924069293,-0.00714357071235959,-1405.8961588538016
974,-209.27705875820521,1.0,0.18333647593951077,3.0,7.0,0.0,209.89768180158015,0.9962638471326587,0.0037361528673413025,0.12807380573070887,0.2667209859989543,-1406.9209882715734
975,-206.84278321985096,0.961184715463085,0.17965687184034204,3.0,9.0,0.0,209.14498445943596,0.5302842152309265,0.4697157847690735,-0.4244238479738631,0.3365233296383876,-1418.9644298534872
976,-206.50256864943393,0.8716594325040147,0.17704715286211825,2.0,3.0,0.0,207.30526496101032,0.07102609644595513,0.9289739035540449,1.1300844317587717,0.013375632871334545,-1406.5884039930972
977,-206.60041144354273,0.9824723339634437,0.20847388307936407,2.0,3.0,0.0,206.75460607519594,0.0598916180630459,0.9401083819369541,1.1131796077845184,-0.020450644303663702,-1406.201271600314
978,-209.38128855750315,0.9706319365659634,0.18333647593951077,4.0,15.0,0.0,210.0591063251793,0.9948585626464961,0.005141437353503919,-0.03312367916059993,0.06223566632181469,-1409.9080125871883
979,-207.99622051887758,0.9808742758832465,0.17965687184034204,4.0,15.0,0.0,210.707533284892,0.3208928874347742,0.6791071125652258,-0.7691412705758348,0.33009671745424995,-1425.6572697287243
980,-207.55596129953017,0.8623590700103086,0.17704715286211825,3.0,7.0,0.0,208.37978250882634,0.02253297045776326,0.9774670295422367,1.0744409335377558,-0.010540340697517504,-1406.3918832165364
981,-206.82434487454626,0.9899868359843644,0.20847388307936407,3.0,7.0,0.0,207.27473449017987,0.04451919000694359,0.9554808099930564,1.1787698225598755,0.035733785319304635,-1405.6806906948382
982,-206.3373345210485,0.9834375457996098,0.18333647593951077,5.0,35.0,0.0,209.8895794338154,0.3564460708584098,0.6435539291415902,0.6949198786924957,-0.1459456860242355,-1414.7220001065348
983,-204.89009192393738,0.9971061794532285,0.17965687184034204,3.0,15.0,0.0,209.16289647791717,0.4368826941690609,0.5631173058309391,-0.059189107137321506,0.20673878399359352,-1405.6035386134222
984,-206.7829553007852,0.9731360569609214,0.17704715286211825,3.0,7.0,0.0,207.80036609437883,0.061405285967561486,0.9385947140324385,1.1541802771198104,-0.05512348666048354,-1407.540988349919
985,-205.73279394441525,0.9974008352245128,0.20847388307936407,4.0,15.0,0.0,206.99433009041422,0.1176019694522523,0.8823980305477477,0.45885213248073775,-0.0008512106572657087,-1405.3200487104762
986,-207.1184113289773,0.39779651053630277,0.18333647593951077,2.0,3.0,0.0,210.8707399651953,0.27866705271377923,0.7213329472862208,0.7191295232704464,0.037545969077159375,-1419.1927936210814
987,-204.95182613177755,0.9739004956889018,0.17965687184034204,3.0,15.0,0.0,205.64382440337988,0.6441299995268194,0.3558700004731806,0.07592400494548814,0.1428615865343944,-1405.559027677329
988,-209.90830620199088,0.824469795951454,0.17704715286211825,5.0,31.0,0.0,210.5605627567237,0.9948301345214491,0.005169865478550917,0.14070330964393957,2.352684942162782,-1408.794198397573
989,-205.79910222491318,0.9627399329330592,0.20847388307936407,3.0,15.0,0.0,207.5228183115515,0.1445910386161703,0.8554089613838297,0.627715036901174,-0.0748743635623197,-1406.827407097477
990,-206.93135527446898,1.0,0.18333647593951077,1.0,1.0,0.0,207.4300730175821,0.27132090667880104,0.728679093321199,0.7039445152033378,0.03850178231808722,-1417.8047024354312
991,-204.95820317719654,0.9962231453093293,0.17965687184034204,3.0,15.0,0.0,205.42689458293893,0.606908601228678,0.39309139877132204,0.11752671240446211,0.09489680889280136,-1405.881970979062
992,-206.9747814929847,0.9988106857801625,0.17704715286211825,4.0,19.0,0.0,210.63380752838663,0.8845135237616432,0.11548647623835684,-0.16015852717723614,0.8105723043722111,-1413.3828721401853
993,-205.08847077102612,0.9871106746190466,0.20847388307936407,3.0,15.0,0.0,207.4304644833236,0.2698122372834694,0.7301877627165305,0.25603557485511275,0.029668586545311224,-1405.4220746225833
994,-205.8530888121468,0.9998366484955523,0.18333647593951077,2.0,7.0,0.0,206.9695993709514,0.13173223962034322,0.8682677603796568,0.6094675431602279,-0.06504780735613758,-1406.6807064551078
995,-205.0124176605633,0.997923665529546,0.17965687184034204,3.0,15.0,0.0,205.38829278664898,0.7198400997768442,0.28015990022315584,0.05456495534451936,0.14272180325460423,-1405.095299424567
996,-206.36674163011244,0.9998145848449145,0.17704715286211825,2.0,7.0,0.0,207.19137847014298,0.7029359639310863,0.29706403606891374,0.0007790764065293207,0.6427740199643737,-1414.3546020920949
997,-206.59977209439776,0.9246709051322999,0.20847388307936407,3.0,7.0,0.0,206.9354565054982,0.1518461951283686,0.8481538048716314,-0.0670285420505385,-0.05855927689195013,-1412.9758258656977
998,-206.60769489035593,0.9660175505497304,0.18333647593951077,3.0,7.0,0.0,207.56079951486092,0.0464643284275765,0.9535356715724235,0.2568750784969982,0.09346801392529777,-1405.6018282526722
999,-205.1052781220359,0.9920742492368079,0.17965687184034204,3.0,15.0,0.0,205.42541812265992,0.472055544629417,0.527944455370583,0.1568796271137333,-0.12960903798826945,-1407.1835188484513
