draws,lp__,accept_stat__,stepsize__,treedepth__,n_leapfrog__,divergent__,energy__,rho.1,rho.2,mu.1,mu.2,log_prob_data
0,-204.73499376637,0.9928375472531944,0.19696920720027683,4.0,15.0,0.0,205.89707387671697,0.20225214727724208,0.7977478527227579,-1.4159195069250883,-1.6018753753757695,-1397.711313106821
1,-205.4968320392572,0.7431732897191216,0.23180046577321917,2.0,3.0,0.0,206.46607342270667,0.7192673445759799,0.28073265542402015,-1.3210018047782783,-1.9338739168131205,-1403.734228384648
2,-204.74239619455565,0.9888246610828899,0.10553360242920393,2.0,7.0,0.0,205.1260855690789,0.2402617314514206,0.7597382685485794,-1.4783236173124272,-1.5486591971239216,-1398.603645825656
3,-207.32938531926473,0.8715584816242602,0.17120086053166572,4.0,23.0,0.0,210.38949843561986,0.03550540554322822,0.9644945944567718,-2.306349085613061,-1.4565292045625824,-1402.4475233340324
4,-204.95212331520256,0.974492349707733,0.19696920720027683,3.0,11.0,0.0,205.88372966978935,0.513254809589269,0.48674519041073105,-1.2462031099700448,-1.8773685797594994,-1401.7937772489354
5,-205.51280283273775,0.757819793328447,0.23180046577321917,2.0,3.0,0.0,206.6381203374139,0.6026787566880941,0.3973212433119059,-1.4811666169911015,-1.9854792778189123,-1404.4601005306204
6,-206.15128187946743,0.9024549170265789,0.10553360242920393,3.0,11.0,0.0,207.06066305135613,0.7536404702821896,0.2463595297178104,-1.7805107152756048,-1.5356942222141279,-1407.6375499698186
7,-206.2045987687247,0.9975726840896674,0.17120086053166572,3.0,11.0,0.0,208.18383235391693,0.07489096320107642,0.9251090367989235,-1.9279699900578067,-1.6323270878531797,-1400.459917162582
8,-205.28567855512446,0.7979795967910012,0.19696920720027683,3.0,7.0,0.0,206.2032538588077,0.5652820529770451,0.43471794702295485,-1.23130248862847,-1.8440948436850682,-1404.1227767402156
9,-205.0574221684981,0.9880696841845843,0.23180046577321917,3.0,7.0,0.0,205.99874379428115,0.6273485359728357,0.3726514640271643,-1.4449290737529452,-1.5329975800437277,-1402.6150103581465
10,-206.03900069538255,1.0,0.10553360242920393,1.0,1.0,0.0,206.29259679668345,0.7447159905616217,0.25528400943837826,-1.776614667924739,-1.5385253164986288,-1407.0299123707198
11,-206.06300915525281,0.9223291719619742,0.17120086053166572,3.0,7.0,0.0,208.06111071647103,0.2510118080246461,0.7489881919753538,-2.0349824670995895,-1.288342952373365,-1406.8790254102728
12,-206.15620352716488,0.7935700252030671,0.19696920720027683,3.0,15.0,0.0,208.84753227110866,0.2612987028699104,0.7387012971300896,-1.0665547717158197,-1.557022533576604,-1409.6381168076075
13,-204.78132116131823,0.9908180744882489,0.23180046577321917,3.0,11.0,0.0,205.44074639465327,0.3022086825728614,0.6977913174271386,-1.880376950077036,-1.494136402205145,-1398.8468028623429
14,-205.05172566794496,0.9977447220381304,0.10553360242920393,2.0,7.0,0.0,206.60348939282483,0.8191595347088354,0.1808404652911646,-1.6537678608909288,-1.5268836201764329,-1398.881363393712
15,-205.53544970294163,1.0,0.17120086053166572,2.0,3.0,0.0,206.0942570648361,0.3394768792960271,0.6605231207039729,-2.1196222454146794,-1.3634546880833638,-1403.9764009748556
16,-207.11324735712708,0.8143939325567742,0.19696920720027683,4.0,23.0,0.0,209.94462678632343,0.016346647678350854,0.9836533523216492,-0.6804998785063042,-1.5303456008229896,-1399.735054786592
17,-204.904731296567,0.9871596211651484,0.23180046577321917,3.0,7.0,0.0,205.02829607082137,0.24256044039994698,0.757439559600053,-1.8425692141511738,-1.549449594141147,-1398.7232759324447
18,-204.62922116234856,0.9936961879761697,0.10553360242920393,4.0,31.0,0.0,205.57194422262302,0.29869789656806806,0.701302103431932,-1.3205504004807462,-1.7197772457212528,-1398.6712098892035
19,-206.92689193961857,0.9483754094247109,0.17120086053166572,3.0,15.0,0.0,209.02763339575998,0.07423859466169964,0.9257614053383003,-2.6631536880798112,-1.5585635978048384,-1402.6825255760857
20,-207.039566032723,0.6450063934940481,0.19696920720027683,4.0,31.0,0.0,209.6091760454566,0.03202756160127435,0.9679724383987256,0.04335243392503413,-1.5496477917970197,-1404.1079504364832
21,-204.9528345887868,0.9913465523118496,0.23180046577321917,2.0,3.0,0.0,205.08968400877043,0.19450482024623197,0.805495179753768,-1.8652130523878958,-1.5137045521157233,-1397.9773389541508
22,-206.30733070348327,0.9883100065784043,0.10553360242920393,5.0,47.0,0.0,206.96216557410807,0.9495700342419658,0.050429965758034156,-1.6843948289864885,-0.5477817306215556,-1401.4195466259907
23,-206.96913379152303,0.9744219695792096,0.17120086053166572,4.0,15.0,0.0,207.53051647710285,0.10278748126362237,0.8972125187363776,-2.6040214386925973,-1.4084642996084904,-1405.6590674263878
24,-208.440944525734,0.6915362683495525,0.19696920720027683,2.0,7.0,0.0,209.24969202079006,0.044922372205296705,0.9550776277947033,0.024143801611406005,-1.783584133033516,-1415.3606710844265
25,-204.82531593588993,0.9309127892108208,0.23180046577321917,2.0,7.0,0.0,205.60561926443066,0.2588539434209482,0.7411460565790517,-1.7098871896288812,-1.599602172222474,-1398.7441955347506
26,-205.99671509179726,0.9993903971492372,0.10553360242920393,3.0,7.0,0.0,206.31497946796978,0.9355733734175297,0.06442662658247034,-1.5974690704204706,-0.5694512208066391,-1401.0887321777338
27,-209.12659358733785,0.9293982154750556,0.17120086053166572,3.0,7.0,0.0,209.1387863226087,0.22424412992692444,0.7757558700730756,-2.7279402111285243,-1.4396780188735914,-1424.2987660997426
28,-210.617679934934,0.9661443163555397,0.19696920720027683,3.0,7.0,0.0,210.86824840347396,0.1424815278015481,0.8575184721984519,0.014225544957446776,-1.5587177108951096,-1438.2754632653514
29,-207.05749276013776,0.816345399353225,0.23180046577321917,5.0,31.0,0.0,210.8411365060559,0.03249650557453939,0.9675034944254606,0.06721931149370378,-1.5512945399912097,-1404.3221578306966
30,-205.9511127661066,0.9953154413460297,0.10553360242920393,3.0,15.0,0.0,206.9633096511751,0.9526577700726498,0.047342229927350155,-1.6143484528814658,-1.177179486565526,-1397.8069145695192
31,-208.1222009067052,1.0,0.17120086053166572,2.0,3.0,0.0,209.0443118822935,0.18463728945618021,0.8153627105438198,-2.7156888965548935,-1.4545205243471067,-1416.3826670816284
32,-207.98770094440778,0.8368625766885172,0.19696920720027683,2.0,7.0,0.0,212.72103259662813,0.005059589179521761,0.9949404108204782,-0.049907826795669886,-1.5717084023139805,-1398.0403080978317
33,-205.6054539410742,0.9981473650329682,0.23180046577321917,4.0,15.0,0.0,208.38039921632705,0.6345006550470652,0.3654993449529348,-1.8199091319660632,-1.0063372471791714,-1406.4427941341316
34,-206.346773890755,0.999425910345798,0.10553360242920393,3.0,15.0,0.0,207.18803872392115,0.9702764205007229,0.029723579499277064,-1.5817574249388249,-0.8342533305477012,-1398.1368738783326
35,-205.7970972274211,0.9933406310845807,0.17120086053166572,3.0,7.0,0.0,209.02179179340465,0.2078112146343645,0.7921887853656355,-2.092237021822701,-1.5650744860961285,-1403.2390048967707
36,-209.11292678593267,0.9950459586480468,0.19696920720027683,3.0,7.0,0.0,209.347032842515,0.001579866135293979,0.9984201338647061,0.002764395299153243,-1.5609641744195277,-1397.828168510411
37,-205.64905150468093,0.9957726947097169,0.23180046577321917,3.0,11.0,0.0,206.47209459874824,0.9104979588621347,0.0895020411378653,-1.5803759874291543,-0.8958455693768531,-1400.4042409436186
38,-206.881305813038,0.962698968700597,0.10553360242920393,2.0,3.0,0.0,207.03048856748035,0.9800317411228381,0.019968258877161915,-1.6416401546223145,-0.8583594362803497,-1398.948608806255
39,-205.16625828819903,0.9812968610245114,0.17120086053166572,3.0,15.0,0.0,207.75612894796026,0.3023084355956896,0.6976915644043105,-1.9726326709920543,-1.5078460728743632,-1401.1646786653876
40,-211.1588364571706,0.19390800176870002,0.19696920720027683,3.0,15.0,0.0,214.26183266669014,0.0015687143259004769,0.9984312856740996,0.08702109262702329,-1.7470242646913325,-1411.3739719654388
41,-206.10919183468664,0.9459902175210644,0.23180046577321917,3.0,7.0,0.0,207.76124895243888,0.9572069119646573,0.04279308803534265,-1.559015513588223,-1.0308013378258556,-1398.66462128591
42,-209.01256567471154,0.9282205537842269,0.10553360242920393,3.0,15.0,0.0,210.26832493943778,0.9970174452604704,0.002982554739529575,-1.496583734238832,-0.8636041986724968,-1401.040643009083
43,-204.96273495794642,0.9892525565028211,0.17120086053166572,3.0,11.0,0.0,206.54198600119176,0.37018751475414846,0.6298124852458515,-1.1410796932806595,-1.7630921333627947,-1401.9657978953542
44,-206.64111756628847,0.8813582527849112,0.19696920720027683,4.0,31.0,0.0,211.9511080644175,0.03578438632421406,0.9642156136757859,-0.08592777441284716,-1.6337152491310412,-1401.8590444373333
45,-207.1167490898667,0.7442125138767092,0.23180046577321917,2.0,7.0,0.0,208.13254332543934,0.9560793241797295,0.04392067582027048,-1.733895236403928,-0.9387958985734529,-1405.4553311785926
46,-205.1654314822499,0.9961754279125756,0.10553360242920393,4.0,27.0,0.0,209.28099969356822,0.6077230496362604,0.39227695036373955,-1.826644345846098,-1.111393296999493,-1403.3804619369494
47,-204.99155443064913,0.9658553062562002,0.17120086053166572,4.0,15.0,0.0,205.6424205149349,0.3364482569334904,0.6635517430665097,-1.1518446162223623,-1.8178516752434382,-1401.6745815863544
48,-206.58618942231328,0.9554594701233121,0.19696920720027683,3.0,15.0,0.0,206.77659855308298,0.03609756639848454,0.9639024336015155,-0.14958186306464608,-1.6393397479227192,-1401.5087226908443
49,-206.54467262284908,1.0,0.23180046577321917,2.0,3.0,0.0,207.33360811059373,0.9090752359891054,0.09092476401089455,-1.516064948194831,-0.7743956949449521,-1407.036214624656
50,-204.91895733740802,0.897762849455473,0.10553360242920393,4.0,15.0,0.0,208.39001552947906,0.8038577528281752,0.19614224717182482,-1.5002869210122385,-1.8055308199278541,-1398.0112623365437
51,-204.83878606800909,0.9997779431670222,0.17120086053166572,4.0,15.0,0.0,205.2984104663252,0.17653813024042542,0.8234618697595746,-1.387331494717501,-1.598066842119772,-1397.7878475616303
52,-206.10465041086104,0.7133643532881235,0.19696920720027683,4.0,23.0,0.0,209.084290359448,0.05564666283098469,0.9443533371690153,-1.1563140315228126,-1.5278259900757023,-1400.200254683932
53,-208.57174219326706,0.8173111048568114,0.23180046577321917,2.0,7.0,0.0,208.78652492472023,0.9459406211468092,0.05405937885319079,-1.8249761938831366,-0.644946804506422,-1416.9891022432425
54,-205.03570512384408,0.9898957392955215,0.10553360242920393,4.0,15.0,0.0,205.4022455957744,0.59214271923708,0.40785728076292005,-1.86849436341364,-1.3101119707989082,-1402.0249619768772
55,-206.8185008656603,0.9657353278336447,0.17120086053166572,4.0,23.0,0.0,207.94915012726392,0.020564222357992996,0.979435777642007,-0.1756283020166364,-1.581219975921013,-1399.4914082487367
56,-206.73750288656277,0.8094716934970744,0.19696920720027683,2.0,3.0,0.0,207.07488216314238,0.039537094981254746,0.9604629050187452,-1.1412360802542736,-1.6916371434820323,-1401.9022701566566
57,-206.9448850618747,1.0,0.23180046577321917,1.0,1.0,0.0,208.26599233690646,0.931336060332724,0.06866393966727602,-1.7674332769442966,-0.6267080491818452,-1407.4941387811705
58,-204.57376165345102,0.9981623246714918,0.10553360242920393,2.0,3.0,0.0,205.07230861323933,0.5247740405484349,0.4752259594515651,-1.7716716002155002,-1.3186271775412777,-1399.3406637624926
59,-207.72692163490487,0.98737002333883,0.17120086053166572,4.0,31.0,0.0,207.97754562980774,0.02680214759072076,0.9731978524092793,0.7457812847792418,-1.5978778761413137,-1407.0531417606664
60,-205.27256851700164,0.259711550095695,0.19696920720027683,4.0,15.0,0.0,212.45507969031777,0.20783713969680448,0.7921628603031955,-1.2493957044829482,-1.547939972925358,-1402.0943143652844
61,-206.47368007789288,0.6735346051384877,0.23180046577321917,2.0,3.0,0.0,209.33136916724902,0.9691886562323819,0.03081134376761807,-1.6482646315642262,-0.6695522814247963,-1399.2824150607019
62,-205.80219326056334,0.9342327174525484,0.10553360242920393,4.0,21.0,0.0,206.72799855374495,0.931713344629533,0.06828665537046696,-1.5488596854659622,-1.826509508384399,-1397.6498167628622
63,-208.0116148911316,0.9716009306724029,0.17120086053166572,2.0,7.0,0.0,208.40472827454735,0.015121214515129716,0.9848787854848703,0.8540824734271438,-1.5269535457904386,-1405.1900236482388
64,-205.27256851700164,0.6587734709946954,0.19696920720027683,1.0,3.0,0.0,206.4640423714141,0.20783713969680448,0.7921628603031955,-1.2493957044829482,-1.547939972925358,-1402.0943143652844
65,-208.50940896135774,0.9398142944136367,0.23180046577321917,4.0,19.0,0.0,208.61797031808183,0.995262527806689,0.004737472193310999,-1.5194880271236777,0.7176715710210664,-1400.8887752020016
66,-206.35553479912764,0.9567971499732624,0.10553360242920393,5.0,39.0,0.0,209.51172867340495,0.9556021476709967,0.044397852329003284,-1.5126050929722208,-1.6460945106185445,-1399.309905692172
67,-207.865423857677,0.991797640629808,0.17120086053166572,3.0,7.0,0.0,208.74851175031742,0.016121014435874985,0.983878985564125,0.8754741281623086,-1.5491721476270714,-1404.5244622026014
68,-206.33984034365741,1.0,0.19696920720027683,4.0,15.0,0.0,207.14906500161302,0.9268271333513385,0.07317286664866152,-1.5944113010286287,-2.2432438745442465,-1400.2167446446354
69,-207.7332712403938,0.8975181883006218,0.23180046577321917,3.0,11.0,0.0,210.04645385786478,0.9723302021610162,0.027669797838983823,-1.5621311768839314,0.6571332870762037,-1407.515842649112
70,-207.4376528727025,0.9861115701583453,0.10553360242920393,4.0,15.0,0.0,208.2051252165739,0.9831258529155786,0.016874147084421365,-1.6093104791753137,-2.152314324744162,-1398.3774496622184
71,-205.3697731968711,0.9714954564074104,0.17120086053166572,5.0,31.0,0.0,209.3065443097428,0.09589763273596391,0.904102367264036,-1.032013420179264,-1.6430646051180888,-1398.5019785387094
72,-205.97933996996193,0.9370296671881022,0.19696920720027683,4.0,15.0,0.0,211.28401988416925,0.5687727327294722,0.43122726727052785,-1.3268149366214754,-2.1078591309868138,-1407.7902133064417
73,-209.75285424793205,0.9385887642921824,0.23180046577321917,4.0,27.0,0.0,212.66193978784946,0.9980082397619909,0.001991760238009066,-1.5295898899429008,2.0852596187591153,-1400.1752613346625
74,-207.35405947146756,0.9826690215469007,0.10553360242920393,5.0,31.0,0.0,207.77879363264796,0.011496580276503942,0.9885034197234961,-0.8152051894850582,-1.53866511058343,-1398.8051392511811
75,-206.26512592933923,0.9942008875460635,0.17120086053166572,3.0,7.0,0.0,206.30630650421236,0.03531785315391451,0.9646821468460854,-1.1409852288278173,-1.5574964007390528,-1398.2667690113062
76,-205.1196441366694,0.9864539537442482,0.19696920720027683,4.0,31.0,0.0,206.65439627728844,0.8295923078374766,0.17040769216252338,-1.5970216798854437,-1.7523221163094376,-1398.5484361948738
77,-209.86592954840782,0.6634586116170527,0.23180046577321917,2.0,5.0,0.0,211.845758282553,0.9901379227682475,0.009862077231752475,-1.7025167139313675,2.050278081300364,-1411.5941589342049
78,-205.7844230733282,0.9963597271030811,0.10553360242920393,4.0,31.0,0.0,207.81774680603246,0.4188910099214387,0.5811089900785613,-1.0508316589191853,-1.9174518469983943,-1407.619908893726
79,-204.4022889961809,0.9987640504201332,0.17120086053166572,3.0,15.0,0.0,207.02348936913288,0.4019333595568466,0.5980666404431534,-1.5080854768120457,-1.6578096494350432,-1397.776924616622
80,-206.64198368344077,0.9090434383707445,0.19696920720027683,3.0,11.0,0.0,207.95066914731066,0.40696900173288075,0.5930309982671192,-1.3276292088420623,-2.0062251174460215,-1412.6153314430321
81,-206.928661490238,0.9138208355476588,0.23180046577321917,4.0,23.0,0.0,210.970814095864,0.96212539935321,0.037874600646790046,-1.677994453927559,-0.02778971728968388,-1404.1015730794163
82,-204.47830333903306,0.9949646529694718,0.10553360242920393,3.0,15.0,0.0,206.37816632656595,0.34351598345142936,0.6564840165485706,-1.712883613026713,-1.5102103585032622,-1397.6950778874418
83,-205.02019307050236,0.9662042619532715,0.17120086053166572,4.0,15.0,0.0,206.40233187463343,0.4493247942472218,0.5506752057527782,-1.8815182224066218,-1.474299963473681,-1401.6482357341647
84,-207.45250406269778,1.0,0.19696920720027683,2.0,3.0,0.0,208.40127577823694,0.35374779942732915,0.6462522005726709,-1.371237776424182,-1.3669436121542557,-1419.6001052916195
85,-210.13776803427334,0.8153902355958554,0.23180046577321917,2.0,7.0,0.0,211.28109089243665,0.9984265301618751,0.0015734698381248968,-1.4578933122123139,0.002472377429492481,-1405.1482167975962
86,-205.21541665820118,0.9960774870470763,0.10553360242920393,4.0,31.0,0.0,205.62283522982892,0.8415232003352223,0.15847679966477768,-1.577492981963332,-1.8481838090316054,-1398.562746414582
87,-204.90469425973953,0.9890913750398433,0.17120086053166572,3.0,11.0,0.0,205.51520026039583,0.3767384351621763,0.6232615648378237,-1.384742873717059,-1.551010228050579,-1401.6892895134436
88,-205.63111894588667,0.8905398396714354,0.19696920720027683,4.0,15.0,0.0,208.31801070743091,0.08235300678271608,0.9176469932172839,-1.1832543086204041,-1.552584201344207,-1399.3185627531611
89,-209.93297006160824,1.0,0.23180046577321917,3.0,11.0,0.0,211.07964864295562,0.9983359528164247,0.001664047183575268,-1.6890619141204297,-0.2861172319620262,-1403.4206836155186
90,-205.67132635856476,0.9963867751370892,0.10553360242920393,5.0,31.0,0.0,205.9468625761159,0.17221859903837822,0.8277814009616218,-2.243467842146497,-1.4692210384044442,-1401.0610414503622
91,-204.76959330416457,0.9985136536425491,0.17120086053166572,3.0,15.0,0.0,205.05957056789245,0.45958779987715126,0.5404122001228487,-1.4796118810301082,-1.7856781039623495,-1400.233133327975
92,-204.95551144903965,0.6071814357697454,0.19696920720027683,2.0,7.0,0.0,207.81722649777564,0.19078728165827144,0.8092127183417286,-1.1056253213752945,-1.6968649028702028,-1399.3350861372742
93,-206.90237251949347,0.9886163398642523,0.23180046577321917,3.0,11.0,0.0,210.79199320210378,0.8563974843977784,0.1436025156022216,-1.5969458793337938,-0.5234117286069784,-1412.3155815520495
94,-204.46701329240761,0.9904901094998464,0.10553360242920393,4.0,15.0,0.0,205.94177701090456,0.37649907310490066,0.6235009268950993,-1.7373268319658286,-1.4992708338088363,-1397.8499311603093
95,-205.36300570213822,0.9849081971135429,0.17120086053166572,3.0,15.0,0.0,206.24557665739044,0.8938049184231645,0.10619508157683555,-1.570637592412381,-1.7401421881864643,-1397.5866209363405
96,-204.3979682815451,0.8523103889875179,0.19696920720027683,4.0,23.0,0.0,207.17648219995456,0.38268731250421006,0.6173126874957899,-1.6288862242827196,-1.5209841182596422,-1397.6752678120988
97,-205.01627878862675,0.9677324598982184,0.23180046577321917,3.0,15.0,0.0,207.26403132619797,0.8346299407848492,0.1653700592151508,-1.676183330769467,-1.085318662475105,-1399.079512611199
98,-204.46562618912904,0.9710166187077978,0.10553360242920393,4.0,15.0,0.0,204.98256642798822,0.5972220449688437,0.4027779550311563,-1.7148246419084452,-1.3491899727144232,-1398.4451656695403
99,-204.33998934481167,0.995977597005665,0.17120086053166572,3.0,15.0,0.0,206.2769664243307,0.4908014090711636,0.5091985909288363,-1.5604807027661,-1.5483518100932907,-1397.7794093610335
100,-204.67646883977693,0.9711707747215396,0.19696920720027683,4.0,15.0,0.0,206.547527566908,0.39566832887904374,0.6043316711209563,-1.8201395234413646,-1.4971268631677481,-1399.17530000544
101,-204.63187668165202,0.7779263586150319,0.23180046577321917,2.0,5.0,0.0,206.2328084380468,0.7397639888160537,0.26023601118394635,-1.6747683305153807,-1.2839026538139033,-1398.3205256439558
102,-204.68066648205038,0.9628727529229267,0.10553360242920393,3.0,15.0,0.0,205.29485147990175,0.7324595626529552,0.2675404373470448,-1.6423384653696955,-1.5462108394837928,-1398.2321058629232
103,-204.84186007616108,0.9726127402621537,0.17120086053166572,2.0,7.0,0.0,205.64478819553773,0.4143510026644942,0.5856489973355058,-1.5619041437800643,-1.7218451606947518,-1400.549086824419
104,-204.66314049937696,0.9439819918023165,0.19696920720027683,3.0,15.0,0.0,205.51204736719805,0.5137264318063237,0.4862735681936763,-1.7562916549933303,-1.5120711406670082,-1399.543874245315
105,-205.21971479459103,0.747017355330217,0.23180046577321917,2.0,7.0,0.0,209.55883293593567,0.6582224142700549,0.3417775857299451,-1.3295698307149126,-1.7897715255733089,-1403.010187960505
106,-205.8963453937866,0.8616760830532894,0.10553360242920393,3.0,7.0,0.0,207.57642006911317,0.8057484010022447,0.19425159899775535,-1.3866141640993752,-1.756068868799148,-1405.147609376289
107,-205.58956758055808,0.9425015972591212,0.17120086053166572,3.0,15.0,0.0,206.64345546100887,0.07631741221239527,0.9236825877876047,-0.9926298232522117,-1.64925030839054,-1398.6419411510624
108,-205.11225384565645,0.9575139503604769,0.19696920720027683,3.0,15.0,0.0,205.66115078212312,0.4269184525594486,0.5730815474405514,-1.759488132676321,-1.6124553067538032,-1402.2217398184637
109,-206.30690548681207,0.8573877638546659,0.23180046577321917,2.0,3.0,0.0,207.66302053536918,0.377612729410306,0.622387270589694,-1.3509582928737227,-1.9478850834407053,-1410.2625086817632
110,-205.2390350591934,1.0,0.10553360242920393,4.0,15.0,0.0,205.9328382471744,0.7080174008700313,0.2919825991299687,-1.6786324775774024,-1.663451979693375,-1402.0296312931298
111,-205.92733302877588,0.8884102832544066,0.17120086053166572,3.0,7.0,0.0,208.3064841785408,0.047852431783792525,0.9521475682162075,-1.0763535446038799,-1.616074098469594,-1397.9043746816237
112,-204.90405564123196,0.9974652174299832,0.19696920720027683,4.0,15.0,0.0,205.48396731444637,0.7145766213410414,0.2854233786589586,-1.698707466312587,-1.1194101757062431,-1400.8711710975083
113,-206.67795930937115,1.0,0.23180046577321917,3.0,15.0,0.0,208.98520879112502,0.9642234556670907,0.03577654433290933,-1.6275140639056913,-1.861189758083016,-1399.144836631148
114,-205.39296726441626,0.991822268380859,0.10553360242920393,3.0,15.0,0.0,205.87185968294457,0.6840810876091862,0.3159189123908138,-1.3436755686798272,-1.7501024391042759,-1404.018380756973
115,-205.58865103144223,0.9788819667354981,0.17120086053166572,3.0,11.0,0.0,208.19040510068416,0.2879770482942793,0.7120229517057207,-2.0582892935652866,-1.5162226064478448,-1403.567423562211
116,-206.09407423504263,0.9665517255642596,0.19696920720027683,4.0,15.0,0.0,206.53999522986086,0.8156075374088859,0.18439246259111408,-1.8297157038609835,-0.9186192068551758,-1406.9411892995752
117,-209.5597221986658,0.9107069353194611,0.23180046577321917,4.0,23.0,0.0,210.04796917726304,0.0010517572884642956,0.9989482427115357,-0.25464262418887035,-1.546874838214833,-1398.089388677145
118,-204.79773163488315,0.937626303521928,0.10553360242920393,3.0,7.0,0.0,207.49374173225033,0.4333617598715998,0.5666382401284003,-1.7378083860470035,-1.5850095085613982,-1400.2157129107259
119,-205.30188074906212,0.8961552825514261,0.17120086053166572,3.0,15.0,0.0,207.82473089566562,0.8976764355988988,0.10232356440110124,-1.5780260414946856,-1.298543337471949,-1398.0762870385968
120,-205.8856074350839,0.9714426830751092,0.19696920720027683,4.0,15.0,0.0,207.0245133731742,0.09856433291889578,0.9014356670811042,-1.831551468322426,-1.633281371809565,-1400.2850360330733
121,-209.83268283594867,0.9654380739495633,0.23180046577321917,4.0,23.0,0.0,212.20807158483242,0.0008365946595301668,0.9991634053404699,0.4954413279572427,-1.5452082576785149,-1398.2438790467545
122,-204.4552379675658,0.9952775127980089,0.10553360242920393,3.0,15.0,0.0,205.53459402652186,0.5022578043677527,0.4977421956322473,-1.7206402696901268,-1.4983203405993224,-1398.2555786629844
123,-205.17542671006692,0.9963702393882582,0.17120086053166572,3.0,15.0,0.0,206.54677981873783,0.4412411996829074,0.5587588003170926,-1.815664978355727,-1.2474651229205675,-1403.4391394052686
124,-204.76757657478043,0.9993615487159083,0.19696920720027683,4.0,23.0,0.0,207.07857005461335,0.738712478475844,0.261287521524156,-1.4751683656630288,-1.6940020352958094,-1398.764322864414
125,-210.10818882904616,0.9957481925781793,0.23180046577321917,3.0,7.0,0.0,210.73222851764672,0.0005847525235775779,0.9994152474764224,0.2558165417861331,-1.557880643094515,-1397.796215876591
126,-204.85105422004986,0.992484587386224,0.10553360242920393,3.0,15.0,0.0,204.9171911647581,0.7088346599617652,0.2911653400382348,-1.5045197446794498,-1.5037899435867559,-1400.2533663833678
127,-206.3813812004456,0.9461921119988015,0.17120086053166572,4.0,15.0,0.0,206.8459878163228,0.937954814509035,0.06204518549096505,-1.4750795279604676,-1.6771110345569928,-1401.6793235588605
128,-204.435640719014,0.9876878676487078,0.19696920720027683,3.0,15.0,0.0,205.97943665290262,0.3295283448464491,0.6704716551535509,-1.5659334341412439,-1.5827499156192948,-1397.481157077178
129,-205.7965934587361,0.6058000588789108,0.23180046577321917,4.0,23.0,0.0,210.95612693636028,0.4689589923227226,0.5310410076772774,-2.0559578744882083,-1.2199647757396905,-1407.0546808058677
130,-206.10964783182214,0.9942588854443224,0.10553360242920393,4.0,15.0,0.0,206.49216829512739,0.059590226143417725,0.9404097738565823,-2.106424492352415,-1.5492233723856537,-1397.9452652726786
131,-206.41751382643142,0.9941889363893373,0.17120086053166572,1.0,1.0,0.0,206.591427391531,0.9391977713521225,0.06080222864787754,-1.473985307574208,-1.6749558922565049,-1401.8073024413231
132,-204.89784834528336,0.9386622534555861,0.19696920720027683,3.0,15.0,0.0,205.2359268357545,0.6482626120436692,0.3517373879563308,-1.7291270835880261,-1.5186115588301683,-1400.5992656860317
133,-205.25043829482888,1.0,0.23180046577321917,3.0,7.0,0.0,205.90692926817482,0.46165373003624577,0.5383462699637542,-1.9383689563625237,-1.2182652138892414,-1403.6770399830316
134,-206.95166678539368,0.9920319458180767,0.10553360242920393,4.0,23.0,0.0,208.6366935371335,0.017030751687885988,0.982969248312114,-1.3904583107410209,-1.5804098489243876,-1397.4932638506107
135,-206.95272295269842,0.9280010223170494,0.17120086053166572,4.0,31.0,0.0,208.2233508544475,0.5547874636452163,0.44521253635478375,-1.6512648567105987,-1.0703434873280218,-1416.5755193227378
136,-205.3207666248762,0.9521622916221268,0.19696920720027683,4.0,15.0,0.0,206.41164687565168,0.49198587997389254,0.5080141200261075,-1.9637099786233656,-1.213809871720736,-1404.1257997904963
137,-205.65463100034074,0.9722891678708975,0.23180046577321917,3.0,7.0,0.0,205.8460415243486,0.4986207405415296,0.5013792594584704,-2.023291259270753,-1.2534984623588192,-1406.1441034086704
138,-205.7660433178589,0.783706392033464,0.10553360242920393,5.0,31.0,0.0,208.68803239919754,0.15044821832091299,0.849551781679087,-1.7881559961337925,-1.6537725470863556,-1402.0484548029406
139,-205.01238648543674,1.0,0.17120086053166572,2.0,3.0,0.0,207.02979298779982,0.5990099297315559,0.40099007026844413,-1.8122892131796984,-1.1494735489764225,-1402.346028023674
140,-205.49367309555868,0.9979714140573895,0.19696920720027683,2.0,3.0,0.0,205.52231666474432,0.5077860771640139,0.4922139228359861,-1.975922876122291,-1.183162822772732,-1405.3421802881649
141,-206.54834469735613,0.8029826990361144,0.23180046577321917,3.0,7.0,0.0,208.16645234181124,0.17260673134105617,0.8273932686589438,-2.1311211407814703,-1.6253264268515017,-1407.1388293643918
142,-205.69789197639932,1.0,0.10553360242920393,4.0,15.0,0.0,206.12922932042858,0.5125337487062319,0.4874662512937681,-1.207959414373754,-1.7003503758640433,-1407.5737744369883
143,-206.04133854017672,0.9858628139308404,0.17120086053166572,3.0,11.0,0.0,206.36166585439108,0.9553345240530242,0.044665475946975786,-1.6243730297279426,-1.176000865724822,-1398.0218707299632
144,-204.9158243620389,0.9869911195795026,0.19696920720027683,4.0,31.0,0.0,206.29718426898106,0.6281550588049616,0.3718449411950384,-1.3540672463960177,-1.9503249590656262,-1400.5951816991621
145,-205.14427197602487,0.8048182151564409,0.23180046577321917,2.0,7.0,0.0,208.07058035468108,0.3105222498105188,0.6894777501894812,-2.044619595452001,-1.4103274704640096,-1401.1121940016544
146,-205.32054456293858,0.9821952838159379,0.10553360242920393,3.0,11.0,0.0,206.35577282599803,0.19234074845802876,0.8076592515419713,-1.2820735472116875,-1.7454133442079556,-1401.3913049784
147,-204.91926596477003,0.9733707519523291,0.17120086053166572,4.0,31.0,0.0,207.9008455096509,0.509692090593566,0.490307909406434,-1.4227440307737313,-1.87554952359036,-1401.1681134439011
148,-205.49223582055643,0.9096360119542287,0.19696920720027683,4.0,15.0,0.0,206.02944496105852,0.7930829454390874,0.20691705456091258,-1.3950582187611356,-1.84874392131453,-1402.3742485034995
149,-206.59742896947702,0.8561097852762991,0.23180046577321917,3.0,11.0,0.0,207.52485265499277,0.8933076433181117,0.10669235668188826,-1.4905828319718148,-0.9765022632607722,-1408.1450482814196
150,-204.69327752476786,0.9813445897538888,0.10553360242920393,2.0,3.0,0.0,205.57270790376953,0.22538530556502323,0.7746146944349768,-1.2916026119961765,-1.648615620319618,-1398.1274080030666
151,-206.44429427464905,0.7642318504217979,0.17120086053166572,3.0,15.0,0.0,210.6175135677159,0.02706147484624468,0.9729385251537553,-0.6206652984213107,-1.5903715962915514,-1398.4260273098714
152,-206.02928832116308,0.9473940958118361,0.19696920720027683,3.0,15.0,0.0,207.41333854766907,0.6757193890395827,0.32428061096041727,-1.6301566576131798,-1.8988879485197265,-1407.3050090915326
153,-205.00263752237072,1.0,0.23180046577321917,3.0,7.0,0.0,206.55117189423774,0.7451790170362242,0.25482098296377576,-1.7687600281391176,-1.12323369981375,-1400.8412523216675
154,-204.7681725031459,0.9933538581764176,0.10553360242920393,4.0,15.0,0.0,204.86127766751503,0.2609983981274256,0.7390016018725745,-1.1839413451122502,-1.7211460798071279,-1399.3521248445254
155,-206.7690631311035,0.972310806281055,0.17120086053166572,3.0,15.0,0.0,207.37557227415422,0.0239662766904945,0.9760337233095056,-0.5335681576491073,-1.5420687717917487,-1400.0698050074946
156,-207.6985720450234,0.9301888205835094,0.19696920720027683,3.0,15.0,0.0,209.9655638584889,0.9891024294824274,0.010897570517572563,-1.5371303375850063,-1.919262109444597,-1398.2167556988024
157,-204.4728432199338,0.8395330016265291,0.23180046577321917,4.0,27.0,0.0,206.30974426534831,0.3970252758212909,0.6029747241787091,-1.381538038990953,-1.6469028817298428,-1398.582753867282
158,-205.13442060642325,0.9520104185909193,0.10553360242920393,2.0,3.0,0.0,205.41914749053234,0.2896751834475821,0.7103248165524179,-1.0690226525710542,-1.6889949652045286,-1402.6470189461975
159,-207.65005079438137,0.9909198300519398,0.17120086053166572,4.0,31.0,0.0,207.88290798329538,0.057921068784583765,0.9420789312154162,0.2375477870983877,-1.5867959974857426,-1412.0827586317437
160,-207.2103661406293,0.9866998600326451,0.19696920720027683,2.0,7.0,0.0,208.6521886331475,0.9834924938362656,0.01650750616373442,-1.5815303892457384,-1.919259472258435,-1397.5541237811995
161,-204.99212995805632,0.9646942603383309,0.23180046577321917,2.0,7.0,0.0,205.3961303877909,0.1644190310429237,0.8355809689570763,-1.3720538908719928,-1.6597852183892454,-1398.319545626887
162,-206.5020167320865,0.9984726381611864,0.10553360242920393,4.0,15.0,0.0,206.7630812277177,0.0339048829058093,0.9660951170941907,-0.4190339383764463,-1.561593891046349,-1400.5926762442607
163,-208.16724583534136,0.9596637481279197,0.17120086053166572,3.0,7.0,0.0,208.6884156775934,0.035069408537961234,0.9649305914620387,0.06055025897269323,-1.7583750540394234,-1411.9049551887354
164,-208.34420933497248,0.9908646945501498,0.19696920720027683,3.0,15.0,0.0,209.253021768229,0.9891180775085888,0.010881922491411178,-1.6399607408190497,-2.5019472102260685,-1400.16030006978
165,-207.76371674759844,0.6186550972598849,0.23180046577321917,2.0,7.0,0.0,208.79045552874516,0.29545665887223255,0.7045433411277675,-0.920494097206996,-1.5519425851661466,-1421.5282996246392
166,-204.69045548848058,0.9425573828638159,0.10553360242920393,5.0,47.0,0.0,207.95088894353088,0.35808259145087207,0.6419174085491279,-1.3219810276290145,-1.776590057623136,-1399.5608170817122
167,-207.3378984169552,0.9996962495927052,0.17120086053166572,2.0,7.0,0.0,208.4875723294439,0.047173645457583006,0.952826354542417,0.09471375720747748,-1.7039267392899826,-1408.2952163639245
168,-207.01232943774968,0.9982934656749128,0.19696920720027683,3.0,7.0,0.0,208.47053755661952,0.9704593814011183,0.029540618598881685,-1.5800012772982557,-2.395200520352512,-1398.3450588384396
169,-206.07721432725705,0.62045054127427,0.23180046577321917,3.0,13.0,0.0,211.20695231428087,0.3855260929457481,0.614473907054252,-1.2313729820234474,-1.974319585341668,-1408.9078525412465
170,-205.41758087510865,0.8724571743667029,0.10553360242920393,3.0,7.0,0.0,206.44895457775436,0.3854832471526968,0.6145167528473032,-1.2927836380077515,-1.9010233731715402,-1404.4624002147086
171,-207.50262063212313,0.9734342330596356,0.17120086053166572,3.0,7.0,0.0,208.69984329176282,0.0563351338377487,0.9436648661622513,0.2532751356296833,-1.6294695660766116,-1410.7590112692226
172,-206.07911827380065,0.9538436875811912,0.19696920720027683,3.0,15.0,0.0,208.4047599912181,0.8393674916949712,0.16063250830502884,-1.6388514081003844,-1.9648423175459542,-1404.0501026209897
173,-205.96381999738375,1.0,0.23180046577321917,2.0,3.0,0.0,206.53688023581967,0.5800636710106208,0.41993632898937916,-1.156597988479572,-1.9559766279098851,-1408.5334731074413
174,-204.43564474071326,0.9963644972841059,0.10553360242920393,3.0,15.0,0.0,206.0888444085453,0.48452635862451615,0.5154736413754839,-1.6605045903634328,-1.4309112134965378,-1398.4598203945511
175,-206.09435493245167,0.9867754761243867,0.17120086053166572,3.0,15.0,0.0,208.7274326461629,0.056265179009120946,0.943734820990879,-0.4854981366598457,-1.6512709773705454,-1400.8130889970796
176,-206.44048314148097,0.9447899247552122,0.19696920720027683,4.0,27.0,0.0,208.70420391143367,0.045496905448326755,0.9545030945516733,-0.9422885905909212,-1.689319883361389,-1401.1420997751477
177,-205.48485657481217,0.6769020362851096,0.23180046577321917,2.0,3.0,0.0,207.04082427205756,0.4542016385461008,0.5457983614538993,-1.2444226783800845,-1.9692391275724668,-1405.1191116966784
178,-207.81768621783448,0.7258917517128601,0.10553360242920393,2.0,7.0,0.0,211.4248796986153,0.2904744163474441,0.7095255836525559,-1.3217335865664137,-1.375100270873183,-1421.502422254107
179,-206.2634436368103,0.9828380829657606,0.17120086053166572,3.0,7.0,0.0,206.511063740566,0.07668193160644195,0.923318068393558,-0.5015023872276633,-1.712435335548604,-1403.7773147384323
180,-206.60171885813878,0.8694257209285757,0.19696920720027683,1.0,3.0,0.0,206.99936793983628,0.04973401273130366,0.9502659872686964,-0.9336586229086036,-1.7116626397264108,-1402.7886099888108
181,-204.90474145353338,1.0,0.23180046577321917,4.0,15.0,0.0,205.94977673438285,0.7029846423567762,0.29701535764322384,-1.3927216818326662,-1.9007092554312104,-1399.817258075572
182,-206.28081168393322,0.9685426941600701,0.10553360242920393,4.0,19.0,0.0,209.26753179275732,0.054030899113611607,0.9459691008863884,-1.9715022250665692,-1.607762836603493,-1398.8073318656805
183,-206.1428992985396,1.0,0.17120086053166572,3.0,7.0,0.0,206.39679183791242,0.05542942760417562,0.9445705723958244,-0.4792166293513672,-1.5929928912502984,-1401.2196484225901
184,-204.73322808681962,1.0,0.19696920720027683,4.0,23.0,0.0,207.45674157867617,0.7178740422889102,0.28212595771108984,-1.6624023156183372,-1.5423246998302742,-1398.7760403653108
185,-204.83352553877808,0.9998800262258993,0.23180046577321917,4.0,15.0,0.0,204.91932927348424,0.7050139942551753,0.2949860057448247,-1.4114448196784055,-1.8888217087062704,-1399.291432430676
186,-205.65105228381861,0.989493682571788,0.10553360242920393,3.0,7.0,0.0,206.39972749821806,0.09968072313064764,0.9003192768693523,-2.0365273560381825,-1.5527247573464724,-1398.2710270940802
187,-206.58281828312508,0.9877106096464621,0.17120086053166572,3.0,7.0,0.0,206.680205295456,0.031891591569577694,0.9681084084304223,-0.4677697803916576,-1.6628542647935,-1400.4230955590724
188,-204.46767288570302,0.9751185665790133,0.19696920720027683,1.0,3.0,0.0,205.29658166066955,0.6744817961139092,0.32551820388609076,-1.6532503793768436,-1.3917033646643209,-1397.9070039948954
189,-204.6199374734716,0.9952917875104158,0.23180046577321917,3.0,11.0,0.0,205.68744713794572,0.2591458999043693,0.7408541000956307,-1.3004021275594453,-1.6577209882595711,-1398.2314630654607
190,-204.80195514210715,0.9963472231786691,0.10553360242920393,4.0,15.0,0.0,205.81777510550077,0.2306051346637659,0.7693948653362341,-1.7722197056419104,-1.5531653268930046,-1397.9819815060666
191,-206.32607268183367,0.9718126584666894,0.17120086053166572,5.0,31.0,0.0,207.7456454670787,0.9669522227081164,0.03304777729188357,-1.5589938218365733,-1.2736903803979043,-1397.964379050356
192,-205.07798394619084,0.8502022931568028,0.19696920720027683,1.0,3.0,0.0,206.36656434006693,0.7426498172956523,0.25735018270434773,-1.6799752622204405,-1.5911815585879674,-1400.5740729602803
193,-205.92872105327382,0.552929619320661,0.23180046577321917,2.0,3.0,0.0,207.5972422224426,0.1592148939673121,0.8407851060326879,-1.3191694330069577,-1.7619870538832065,-1404.4309271722984
194,-205.80615129934566,0.9123599760419537,0.10553360242920393,3.0,7.0,0.0,205.8807887818715,0.19822025686640588,0.8017797431335941,-1.8093266093843807,-1.381240705383084,-1404.4790520269507
195,-206.07558560174675,0.959807514733788,0.17120086053166572,3.0,15.0,0.0,207.94640813054667,0.9602109114143277,0.039789088585672316,-1.5901498340974272,-0.9827622298346406,-1397.9502116163792
196,-209.1424926149228,0.8515622026899713,0.19696920720027683,4.0,15.0,0.0,210.5174418172895,0.9956230805592801,0.00437691944071994,-1.5931486023490484,2.1845178213874963,-1400.8438352793862
197,-205.06815596601416,1.0,0.23180046577321917,1.0,1.0,0.0,205.69133152561002,0.17966839956034425,0.8203316004396557,-1.3309361413108254,-1.6962346556141852,-1399.3205075006244
198,-205.49731161247402,0.8791892329541159,0.10553360242920393,2.0,7.0,0.0,207.4463690968229,0.1990004295106517,0.8009995704893483,-1.9993521050721519,-1.5722868029074721,-1401.2539192113325
199,-206.97606098330346,0.9480554737654888,0.17120086053166572,4.0,23.0,0.0,207.58700175434964,0.8282914967160558,0.17170850328394416,-1.678339496060136,-0.48564604372746806,-1413.6315652772303
200,-209.54234036788984,0.9800071403881166,0.19696920720027683,3.0,15.0,0.0,210.53224067061515,0.9972994070549284,0.0027005929450716337,-1.6237131354465928,2.135483300853573,-1400.379942567338
201,-205.12347290044198,0.986830628550982,0.23180046577321917,2.0,7.0,0.0,205.54892798877967,0.13326353833449953,0.8667364616655004,-1.1569475972075667,-1.6054809348227073,-1398.651299795391
202,-205.4267187822479,0.9124555163855522,0.10553360242920393,2.0,3.0,0.0,206.56618978366447,0.1661899838739771,0.8338100161260229,-2.078014400574814,-1.4415470682745517,-1399.8622729748524
203,-207.28002952500287,0.7915537116584165,0.17120086053166572,2.0,3.0,0.0,208.703671302215,0.9020159933589764,0.09798400664102358,-1.8056273435711971,-0.4677688597330682,-1412.0768978941996
204,-210.462414863569,0.9525587019180252,0.19696920720027683,3.0,7.0,0.0,212.15878030287428,0.9981828707331843,0.0018171292668156536,-1.5035424792903855,2.707581963256459,-1401.9368344270838
205,-207.97148754617143,0.926480560532585,0.23180046577321917,3.0,15.0,0.0,208.95532267861924,0.005769123435995442,0.9942308765640046,-0.7625064498004442,-1.6183717261804476,-1398.2015001290022
206,-205.1034937908356,0.8901613713037189,0.10553360242920393,4.0,23.0,0.0,207.95374236694627,0.2804401854807919,0.7195598145192081,-1.0449534482004876,-1.7704896228487044,-1402.0993012003319
207,-209.10544478359017,0.7809956997614154,0.17120086053166572,3.0,15.0,0.0,211.08322783237634,0.9741966984003585,0.025803301599641504,-1.4156787727884723,-0.14826126778572388,-1417.2557503215592
208,-212.00923590198266,0.9834565784047393,0.19696920720027683,3.0,7.0,0.0,212.6124051708873,0.9993298331715422,0.0006701668284577744,-1.4684457271304157,3.0359869017065537,-1404.2008114562639
209,-209.35160477040674,0.9512559688621348,0.23180046577321917,3.0,11.0,0.0,209.74635433422372,0.0015176729947579503,0.9984823270052421,-1.007836408110076,-1.537228811464612,-1398.3863473364408
210,-205.99679015955098,0.8728219470547024,0.10553360242920393,2.0,3.0,0.0,206.23118157757511,0.22756127551536287,0.7724387244846371,-0.9946078598671942,-1.8577681081318782,-1407.1317407454849
211,-206.79167416518268,0.9855087187592514,0.17120086053166572,5.0,31.0,0.0,214.31472210099332,0.019677789290947045,0.980322210709053,-0.76997142493926,-1.6264706487019893,-1398.3973620677623
212,-211.68309962673067,1.0,0.19696920720027683,3.0,15.0,0.0,212.34364913000115,0.9993214149627001,0.0006785850372998947,-1.5028289643278059,3.2089105835705585,-1401.0134476977096
213,-205.57348810298785,0.9596912252273996,0.23180046577321917,3.0,11.0,0.0,209.84703559600504,0.11569827216253145,0.8843017278374685,-0.8690591182002945,-1.5962617117101663,-1401.4512430458606
214,-205.23552122727403,1.0,0.10553360242920393,3.0,7.0,0.0,206.02713685921069,0.22675763525348686,0.7732423647465132,-1.2476655243381622,-1.7708430831963966,-1401.6382255257943
215,-206.58252935354523,0.9948308790403286,0.17120086053166572,3.0,7.0,0.0,206.91152838044536,0.02571623083011102,0.974283769169889,-0.7567757760395922,-1.5535579224597453,-1398.976298627159
216,-212.7888367240772,0.9706997246626541,0.19696920720027683,3.0,7.0,0.0,213.7594347286679,0.9997043902580517,0.0002956097419483106,-1.4853010271925913,3.354151986839885,-1402.1362620012558
217,-205.22692640837695,0.9813737104233383,0.23180046577321917,2.0,7.0,0.0,205.88492638937223,0.1937955235206028,0.8062044764793972,-0.9469530380346668,-1.7247408847835581,-1401.4911580382404
218,-204.48333640706664,0.9998050320986037,0.10553360242920393,3.0,15.0,0.0,205.87057607444365,0.32212380576669364,0.6778761942333064,-1.3801900069043334,-1.6465780256498666,-1398.024038673857
219,-206.78455387319187,0.9721927964428517,0.17120086053166572,3.0,7.0,0.0,207.22769303399855,0.03721112719083366,0.9627888728091664,-0.776480780458984,-1.7012535858945914,-1402.400989333938
220,-211.27013502682868,0.9821182645974412,0.19696920720027683,3.0,15.0,0.0,213.75618396818075,0.9989865335266341,0.001013466473365865,-1.6822086677926167,2.5699199081280257,-1403.6244636906547
221,-211.0931518087443,0.670065233122979,0.23180046577321917,4.0,15.0,0.0,212.4958390786798,0.999699552512463,0.00030044748753699224,-1.6183324911327834,-1.3762461217233095,-1398.2573380593444
222,-205.65133827059842,0.9955066298734068,0.10553360242920393,4.0,23.0,0.0,206.54346859487066,0.2777305068072429,0.7222694931927571,-0.9169096576539115,-1.810295841055866,-1405.936402406207
223,-207.26833407069952,0.9801818379382784,0.17120086053166572,3.0,11.0,0.0,209.17158865310856,0.011176866757591913,0.9888231332424081,-0.8864663959578936,-1.6015824671201184,-1397.7450725239696
224,-209.55148521965313,0.9926123196154601,0.19696920720027683,3.0,11.0,0.0,212.1345352775388,0.9919852996783853,0.008014700321614665,-1.5975804109942948,2.8550674209631195,-1404.8923691884859
225,-207.55179896818916,0.9600081169365203,0.23180046577321917,4.0,15.0,0.0,211.64480535947627,0.9910025579301021,0.008997442069897943,-1.5427004518274368,-0.771004359495476,-1398.545165092572
226,-204.8021035955488,0.8516204859747482,0.10553360242920393,3.0,15.0,0.0,207.5554759397277,0.26348215193217733,0.7365178480678227,-1.6120753004888115,-1.4876821855315279,-1399.2419138121754
227,-208.2124985431254,0.9899100917602456,0.17120086053166572,3.0,7.0,0.0,208.3829906134723,0.0042491148210730524,0.995750885178927,-0.9757274136769148,-1.5703522011911912,-1397.576630313263
228,-210.0862091743979,0.9466937233226987,0.19696920720027683,2.0,5.0,0.0,211.93639927954206,0.9981009598242593,0.0018990401757407183,-1.5523564219079329,2.7100774907077865,-1399.5016200170821
229,-208.56486278582167,0.5748934169396988,0.23180046577321917,4.0,23.0,0.0,212.06146296912195,0.9930886020636739,0.0069113979363261135,-1.672450721903345,-1.5584421493729235,-1401.791572253504
230,-205.45694455522138,0.9967436621540762,0.10553360242920393,4.0,15.0,0.0,205.46998819547105,0.1309977809968564,0.8690022190031436,-1.6135053286131573,-1.4912929787936462,-1400.0675755605962
231,-206.4594087064497,0.9989300311786654,0.17120086053166572,3.0,7.0,0.0,208.25673922653093,0.026822234018236916,0.9731777659817631,-0.8303237209221334,-1.5714254001020316,-1398.2598394170134
232,-208.86461709191062,0.9964631569391466,0.19696920720027683,4.0,23.0,0.0,210.93869770149985,0.9784844242070289,0.021515575792971142,-1.5988313377311798,1.6482463289154903,-1411.5636383487233
233,-210.52612150814696,0.8031924488600716,0.23180046577321917,4.0,15.0,0.0,211.876966340828,0.9974361528885035,0.0025638471114964867,-1.7167984338864057,-1.9816957622057825,-1407.0958908058974
234,-204.99289971147584,0.9737334620766737,0.10553360242920393,4.0,15.0,0.0,206.05411268349164,0.7837865503401856,0.21621344965981437,-1.7333541751496246,-1.236164861027382,-1399.864996475914
235,-205.91017713315458,0.9816133183350453,0.17120086053166572,4.0,19.0,0.0,207.96008144145307,0.9133088847425544,0.08669111525744555,-1.4814298897852018,-2.047753714396679,-1399.3426764723636
236,-208.33151543312346,0.9679879758470703,0.19696920720027683,2.0,7.0,0.0,210.08261628888263,0.99278369811592,0.007216301884079956,-1.5942051017502392,1.3744129973861685,-1401.1625024079344
237,-209.2851690495777,1.0,0.23180046577321917,2.0,3.0,0.0,210.46092555072693,0.9973217686993203,0.0026782313006796787,-1.5130128149989972,-1.9261715479040655,-1399.5800931876631
238,-205.02606660393465,0.954994421543488,0.10553360242920393,2.0,7.0,0.0,205.849219319581,0.8449243046047695,0.15507569539523047,-1.6734043428828376,-1.2138235547050196,-1398.5407505677808
239,-205.7819598457091,1.0,0.17120086053166572,3.0,7.0,0.0,206.31091303066626,0.9146102531022038,0.08538974689779621,-1.5011400803796382,-1.9513659062478206,-1398.6444139293067
240,-208.07055660762177,0.9895667177902389,0.19696920720027683,3.0,15.0,0.0,209.4593952165769,0.9609947369290862,0.03900526307091379,-1.620481242994886,0.7107526804180988,-1411.9128539452222
241,-207.30635867351606,0.9539770969367204,0.23180046577321917,3.0,11.0,0.0,211.33197693324382,0.9762680991674023,0.023731900832597685,-1.4887535433696044,-0.7142249606123309,-1403.6599653604985
242,-205.12040152909702,0.9743599597730818,0.10553360242920393,3.0,7.0,0.0,205.57509586766935,0.8517536233326128,0.14824637666738716,-1.677646364967783,-1.0380051726085757,-1399.2664768577379
243,-205.5132949362749,0.9801317544778123,0.17120086053166572,4.0,19.0,0.0,206.79604550565753,0.8767818116980948,0.12321818830190523,-1.4939158621517972,-1.5920273820446185,-1400.1481646349564
244,-208.329413274786,0.9683585314387313,0.19696920720027683,3.0,7.0,0.0,209.88547640628,0.9829309337817598,0.017069066218240225,-1.4913951297464707,0.7293137244096783,-1408.4718882667337
245,-207.00563124593026,0.9431284700958987,0.23180046577321917,2.0,7.0,0.0,207.98087197899522,0.9848354384159033,0.015164561584096736,-1.6125855504902071,-0.9022324460105067,-1397.9552444368842
246,-205.8701219972859,0.9897344794040396,0.10553360242920393,4.0,31.0,0.0,207.53558551915572,0.06852679766013588,0.9314732023398641,-1.5959921821618037,-1.5204861337362459,-1398.8979496650072
247,-204.76714390607856,0.9952308942639522,0.17120086053166572,4.0,15.0,0.0,207.08689311651338,0.44429781275535024,0.5557021872446497,-1.808670975479508,-1.3124840435985698,-1400.506784683191
248,-208.48693383333432,0.9905007672191497,0.19696920720027683,3.0,15.0,0.0,209.53190133020343,0.9900794375791602,0.009920562420839829,-1.4849536642789862,0.7207808324912878,-1405.8887460150402
249,-207.24687146071952,0.9393302663920534,0.23180046577321917,2.0,7.0,0.0,208.438997337606,0.7204522346453158,0.2795477653546842,-1.620404364325578,-0.8222088938148447,-1417.6903312778757
250,-206.55593338076903,0.8936191553032592,0.10553360242920393,2.0,7.0,0.0,207.5066791710023,0.043063583438081594,0.9569364165619184,-1.6645961598810957,-1.4941750307074873,-1400.4880283067596
251,-205.7461348353268,0.8141116904116787,0.17120086053166572,4.0,15.0,0.0,208.96472099252364,0.1372267049037269,0.8627732950962731,-1.5214774224777767,-1.4702239615221517,-1402.6394246347802
252,-208.6548016873671,0.9645225540373407,0.19696920720027683,3.0,7.0,0.0,210.7659541957208,0.9543457184447923,0.045654281555207676,-1.521766261239141,0.5731776825119218,-1417.408359415316
253,-206.51226443813417,1.0,0.23180046577321917,2.0,3.0,0.0,207.37097713690676,0.8912443189342769,0.10875568106572309,-1.789533436672586,-0.8094825087188434,-1407.0839492015402
254,-205.7612598589692,0.9985738378351897,0.10553360242920393,5.0,31.0,0.0,208.21196161941987,0.08004604969143511,0.9199539503085649,-1.046258557553727,-1.6853421897378273,-1399.931180633234
255,-204.59964954025017,1.0,0.17120086053166572,3.0,7.0,0.0,205.87194773961642,0.30537997813041085,0.6946200218695892,-1.6196797637335252,-1.6117748172120792,-1398.1048917538785
256,-209.09266403957355,0.913896721386621,0.19696920720027683,3.0,7.0,0.0,211.10546079947804,0.9815778943399812,0.018422105660018784,-1.748260975491341,0.6650985262172913,-1413.620445290826
257,-205.3732877328354,0.9725157927755786,0.23180046577321917,3.0,15.0,0.0,207.58468523324777,0.7672857049913201,0.2327142950086799,-1.7868262594533373,-1.261864431841411,-1402.6357123340188
258,-206.09987860060917,0.9906517506800693,0.10553360242920393,4.0,15.0,0.0,206.28532285864537,0.06529015623747109,0.934709843762529,-0.8859001574217179,-1.6999728866425305,-1401.1974344397192
259,-204.84949471218022,0.9919994898074003,0.17120086053166572,3.0,15.0,0.0,205.4501645764816,0.4988572720001394,0.5011427279998606,-1.8918742925806808,-1.306868781152548,-1400.908715983795
260,-207.91451284140592,0.9757625935348919,0.19696920720027683,3.0,15.0,0.0,211.86358751695988,0.9860116211891137,0.013988378810886326,-1.4845238227490696,-0.09051803825370602,-1404.7224077382687
261,-204.74344421508258,0.8758782606202379,0.23180046577321917,2.0,7.0,0.0,206.19943523829636,0.5509740271389838,0.4490259728610162,-1.8232021095503386,-1.2583280412027948,-1400.4318170046613
262,-205.95902915325823,0.9911175002083827,0.10553360242920393,4.0,31.0,0.0,207.10880427654448,0.9512902904610716,0.04870970953892839,-1.5774816162253371,-1.454088610133749,-1397.5208431040955
263,-205.8467126703596,0.9119086701152458,0.17120086053166572,3.0,11.0,0.0,206.6311477247997,0.5423600718972366,0.45763992810276344,-1.6548149146015658,-1.1799959979726122,-1408.7459527066505
264,-208.3104062108444,0.9360961464521875,0.19696920720027683,3.0,7.0,0.0,211.24322796653766,0.9357446102610141,0.06425538973898592,-1.4595882581625328,-0.3189829846787477,-1417.610127885429
265,-205.35848447703907,0.9874865667360301,0.23180046577321917,3.0,15.0,0.0,205.9001185524004,0.21717375570623335,0.7828262442937667,-2.104075737770089,-1.489903100195872,-1400.5868550129035
266,-205.24903459653729,0.9933639214429882,0.10553360242920393,4.0,15.0,0.0,206.67861961374024,0.5370713779043664,0.46292862209563357,-1.2571159189144345,-1.9797608496806967,-1403.4469389291821
267,-205.33610767064167,0.9913493683513587,0.17120086053166572,2.0,7.0,0.0,206.6449697725208,0.5155635881110664,0.4844364118889336,-1.9029086851029169,-1.1589319272914476,-1404.5422817474625
268,-206.67484392412672,0.9582565392852626,0.19696920720027683,5.0,55.0,0.0,208.80611703181927,0.04060941868599614,0.9593905813140039,-0.6284608195286517,-1.5191936684663203,-1402.9082298565902
269,-205.59955691948605,0.8090443249321214,0.23180046577321917,2.0,3.0,0.0,206.2528040864647,0.20059728949643213,0.7994027105035679,-2.045494773756229,-1.5656542034323342,-1401.8584424210276
270,-206.7452453344027,0.8764039666714148,0.10553360242920393,3.0,11.0,0.0,209.12970253896367,0.9744211755238504,0.025578824476149564,-1.5696341596132384,-1.860442182480656,-1397.5267504783073
271,-205.51085378179707,0.8868358116029708,0.17120086053166572,1.0,3.0,0.0,206.31838367343704,0.4928801606838173,0.5071198393161827,-1.77523161435095,-1.1780197652362603,-1406.1216608701786
272,-206.19755592486567,0.8900582947712272,0.19696920720027683,3.0,13.0,0.0,207.1222412166255,0.035763957562389245,0.9642360424376107,-0.7387868148988371,-1.5917398402116842,-1398.4432245580172
273,-205.10354759221264,0.9935882390842554,0.23180046577321917,3.0,7.0,0.0,205.7490156165796,0.24745146301850707,0.7525485369814929,-1.988589365585912,-1.4051652578247813,-1400.074856778877
274,-205.78860726753211,0.9956507880538913,0.10553360242920393,4.0,31.0,0.0,207.1812125299657,0.0858364887517271,0.9141635112482729,-1.097787923667237,-1.695487733745117,-1400.4339107181336
275,-204.69656141201426,1.0,0.17120086053166572,2.0,3.0,0.0,205.53519165923234,0.6161314736275195,0.3838685263724805,-1.7964033970545723,-1.2750497717664682,-1399.8442369125962
276,-208.19863696753686,0.9618020228614879,0.19696920720027683,4.0,15.0,0.0,209.20434670685057,0.20581157088818344,0.7941884291118165,-0.46638957392870534,-1.8666212253680494,-1422.4773226316868
277,-204.9424006138999,0.9985088503171435,0.23180046577321917,3.0,11.0,0.0,205.433707199075,0.7237065885866271,0.27629341141337294,-1.5031239336985485,-1.4858658462109362,-1400.715532280592
278,-205.46146896281041,1.0,0.10553360242920393,3.0,7.0,0.0,205.8580697665714,0.09691093713159359,0.9030890628684064,-1.1580433735647147,-1.6675691759704356,-1398.891873911827
279,-204.8154265529194,0.9778174236961341,0.17120086053166572,5.0,31.0,0.0,205.52727914338146,0.19009189394625162,0.8099081060537484,-1.370729453400923,-1.649007251291908,-1397.9195267847115
280,-205.56103020734912,0.9647673520016764,0.19696920720027683,4.0,29.0,0.0,210.0412025062516,0.0951983988809554,0.9048016011190446,-0.7801468701073226,-1.6348374753144368,-1400.1953161361973
281,-204.97378132876165,0.9677105456181546,0.23180046577321917,3.0,15.0,0.0,205.65081865911503,0.3474500263257543,0.6525499736742457,-1.4706362723223285,-1.492881412277291,-1401.8657009409017
282,-204.62097907594156,0.9976801961069238,0.10553360242920393,4.0,31.0,0.0,205.91061019322171,0.434343299469556,0.565656700530444,-1.356669892758445,-1.800233401324015,-1399.3876876013333
283,-205.5601027279319,0.9483895888037956,0.17120086053166572,2.0,7.0,0.0,206.11902679108653,0.13895585234338345,0.8610441476566165,-1.2035772975473085,-1.7299669452845037,-1401.4572808266503
284,-208.69250885455628,0.5636493780539248,0.19696920720027683,3.0,15.0,0.0,210.06615786956564,0.0364637389655955,0.9635362610344045,-0.9622452343259063,-1.7929923234716014,-1414.8901938441954
285,-204.43404886204112,0.9931708393361077,0.23180046577321917,2.0,7.0,0.0,205.22893791885886,0.5510089565239676,0.44899104347603236,-1.5451582957281045,-1.6855163271194622,-1398.0172957071914
286,-205.2860075283558,0.99245250794033,0.10553360242920393,4.0,31.0,0.0,205.685938965124,0.6352236109740106,0.3647763890259894,-1.4900005973185428,-1.9699577107987125,-1402.6967598005056
287,-206.58706565428025,0.8548551042300602,0.17120086053166572,3.0,11.0,0.0,208.6014962057007,0.6341779202205644,0.3658220797794356,-1.1797067754778214,-1.8445734610210223,-1412.8208186613024
288,-208.23840208905878,0.9262831605007646,0.19696920720027683,4.0,23.0,0.0,210.84205580422358,0.012667918661064264,0.9873320813389357,-0.8853522827097882,-1.4585022599877806,-1405.68043897462
289,-204.36131750192934,0.871217964164153,0.23180046577321917,2.0,3.0,0.0,205.6932570508405,0.4460446035318513,0.5539553964681487,-1.4551650259149371,-1.6449474314472459,-1397.8560550943666
290,-204.54830880490036,0.9955765418405691,0.10553360242920393,3.0,11.0,0.0,206.46298010188002,0.7055827560216704,0.2944172439783296,-1.5559110671045064,-1.6728706121407149,-1397.6074480682423
291,-205.51688267235141,0.9927140563734329,0.17120086053166572,3.0,11.0,0.0,207.5908529388451,0.2042647410808863,0.7957352589191137,-1.2609187436541174,-1.7769615818086266,-1403.0108057146729
292,-208.04605641841954,0.8446265955031692,0.19696920720027683,1.0,3.0,0.0,208.9300368270416,0.015060597018098426,0.9849394029819015,-0.8789070909386779,-1.4613084535438208,-1405.5328502696013
293,-206.56730817540316,0.9287855308461194,0.23180046577321917,4.0,15.0,0.0,207.34003474765683,0.3818358878936741,0.6181641121063259,-2.170809946728221,-1.1834724383659512,-1411.6648253031008
294,-204.93276979311852,0.9954233682591688,0.10553360242920393,2.0,7.0,0.0,205.52430867532584,0.6970129407124971,0.3029870592875029,-1.3859555957675471,-1.9350579981503668,-1399.9919164777427
295,-204.80154401769778,0.9965571296881337,0.17120086053166572,3.0,15.0,0.0,205.80878861039113,0.32607612667449787,0.6739238733255022,-1.4267713092596324,-1.5390186165359587,-1400.4489449130242
296,-205.96127276211132,0.9457711983680306,0.19696920720027683,4.0,15.0,0.0,208.33443559915617,0.4669133621752026,0.5330866378247974,-1.0616804433470388,-1.928717246276393,-1408.9382361601904
297,-207.62285048349443,0.9269528940434498,0.23180046577321917,4.0,23.0,0.0,209.59173749506175,0.9709596049937441,0.02904039500625588,-1.4476707251312408,-2.021868237265154,-1404.2178176924876
298,-204.4055800433002,0.9948200436003625,0.10553360242920393,4.0,31.0,0.0,205.61909708973013,0.41448115325475127,0.5855188467452488,-1.4109432092992322,-1.657762889727227,-1398.1105204765424
299,-206.56259018582742,0.9572663432967169,0.17120086053166572,3.0,15.0,0.0,207.83101199762558,0.947987782249503,0.052012217750497025,-1.4747626879704352,-2.016822500166155,-1400.7034127166241
300,-205.7745299857419,0.9071074237900216,0.19696920720027683,2.0,3.0,0.0,206.4526983497714,0.4887452311184789,0.5112547688815211,-1.098651019981784,-1.8985095031847585,-1407.7059398096374
301,-207.48446596221015,0.7266988821759002,0.23180046577321917,2.0,3.0,0.0,210.7945697312105,0.9864352666621156,0.013564733337884438,-1.5932730330055231,-2.019625779879166,-1397.7383475150605
302,-204.8311491935063,0.9902901330539127,0.10553360242920393,3.0,11.0,0.0,204.93902092616463,0.24428200545997664,0.7557179945400234,-1.2502615298797373,-1.7287124705541312,-1399.3225006814178
303,-205.37804513314313,0.9821992155645117,0.17120086053166572,4.0,19.0,0.0,210.14092909107958,0.7574094552875805,0.24259054471241948,-1.615328004169838,-1.8408961422153471,-1401.8186909268416
304,-205.14288008519088,0.9605874951995195,0.19696920720027683,4.0,27.0,0.0,206.24620674814864,0.4720962356814419,0.5279037643185581,-1.1756547768341372,-1.8386752084448834,-1403.366472621453
305,-206.38500043407808,0.9596098688914813,0.23180046577321917,4.0,15.0,0.0,207.792916327855,0.06119979251533251,0.9388002074846675,-2.2535682757321234,-1.5869745864807772,-1399.3634216830512
306,-206.9499842980514,0.9810765857420283,0.10553360242920393,5.0,31.0,0.0,208.07603729462323,0.018373029434700955,0.981626970565299,-0.18856125334119805,-1.6304467561089706,-1399.4962290751726
307,-204.80197185249477,0.9982046184011627,0.17120086053166572,3.0,15.0,0.0,206.04865472142333,0.7691984626832233,0.23080153731677666,-1.5585726758739975,-1.76218865688849,-1398.0022984319855
308,-204.77167177856492,0.8770045186561692,0.19696920720027683,4.0,23.0,0.0,207.24844453350255,0.7724553573229435,0.22754464267705654,-1.5115156580004265,-1.652869479421424,-1398.1711132774144
309,-206.34551821256792,0.9644799842016857,0.23180046577321917,2.0,7.0,0.0,206.84383256949613,0.1356908714668727,0.8643091285331272,-2.4567898054219732,-1.5055030028123,-1403.4108063363383
310,-208.92298756391799,0.97162135231237,0.10553360242920393,4.0,15.0,0.0,209.46697766115776,0.002728281952543867,0.9972717180474562,-0.7410698208359038,-1.6450230704953694,-1399.5751970193749
311,-204.64684005943906,0.9000300262670679,0.17120086053166572,3.0,11.0,0.0,205.7613189318189,0.3725581305770925,0.6274418694229076,-1.5838753874541336,-1.6643254753840218,-1399.0521545893018
312,-204.42622902682615,0.9701207313112824,0.19696920720027683,3.0,11.0,0.0,206.3907455151841,0.3696850518547973,0.6303149481452027,-1.3978281107665258,-1.6604218811486349,-1397.9965144483936
313,-206.1391278466171,0.8314474455033374,0.23180046577321917,2.0,7.0,0.0,207.16235862424585,0.08049989717275462,0.9195001028272454,-2.3237383948346024,-1.5403838425709966,-1399.263476593919
314,-209.8842743916496,0.6508313013885915,0.10553360242920393,2.0,3.0,0.0,211.87698075041666,0.0023824657231594423,0.9976175342768405,-0.806245204427641,-1.4521541177251107,-1405.7103904578319
315,-204.46932961299396,0.9994600463977276,0.17120086053166572,3.0,11.0,0.0,204.76399712763882,0.3419433578273764,0.6580566421726236,-1.5586392790175678,-1.5416683438210124,-1397.9707414458921
316,-204.63056197501214,0.9316006626680534,0.19696920720027683,4.0,23.0,0.0,205.16104448715225,0.41283929657529717,0.5871607034247028,-1.462288726864383,-1.5444090624996831,-1399.8426012305838
317,-206.87441954698394,0.8411625602046154,0.23180046577321917,3.0,7.0,0.0,207.13381628188787,0.05572890272053985,0.9442710972794601,-2.228094032266293,-1.4437499978541246,-1402.6108610555025
318,-212.2082203098183,0.7137411673935191,0.10553360242920393,4.0,23.0,0.0,213.68301286165408,0.002659565248022148,0.9973404347519779,-0.46668304369092406,-1.3546552982288582,-1423.1312807632894
319,-204.52785757287023,0.953721323943814,0.17120086053166572,2.0,5.0,0.0,205.26452189888337,0.36408931023334495,0.6359106897666551,-1.6451698432553292,-1.5991398877863812,-1398.1768160688234
320,-209.29197663409258,0.995282141196889,0.19696920720027683,3.0,7.0,0.0,210.98092028009708,0.954265962911308,0.04573403708869195,-1.8069238073959413,-1.4115566023127797,-1419.564903512557
321,-206.82391630566997,0.8091671835864744,0.23180046577321917,3.0,7.0,0.0,208.62635481321138,0.12369951919432004,0.87630048080568,-1.9381008104667181,-1.3648300900728614,-1408.4885085526043
322,-208.70823455192746,0.8509434976745066,0.10553360242920393,2.0,3.0,0.0,213.58675689610044,0.0023971469800382244,0.9976028530199618,-0.5480218854713742,-1.569363909435437,-1397.6250889721314
323,-204.46284270287856,0.9984696604832995,0.17120086053166572,4.0,23.0,0.0,204.64864383298735,0.3613221360092269,0.6386778639907731,-1.3950216215498688,-1.6349736409457083,-1398.261601304048
324,-208.59984375367637,0.9291206603475985,0.19696920720027683,3.0,11.0,0.0,212.23848784453685,0.8919472752487259,0.10805272475127414,-1.2815825486653782,-2.2486663509321874,-1419.0117452882348
325,-207.21694801282126,1.0,0.23180046577321917,2.0,3.0,0.0,207.9534622436443,0.039011199063613056,0.9609888009363869,-1.9751916434158998,-1.6709120302527538,-1402.9414922594203
326,-205.8656276661084,0.9891060554329694,0.10553360242920393,4.0,15.0,0.0,209.3180515876013,0.05101849509408083,0.9489815049059191,-1.1940180658974822,-1.5851146398227751,-1397.7525823119379
327,-204.66631640873703,0.9723167351180909,0.17120086053166572,3.0,15.0,0.0,206.06173636059393,0.7257672238210174,0.27423277617898256,-1.4821907976187794,-1.7488898505837538,-1398.0956430802598
328,-206.14836787843558,1.0,0.19696920720027683,2.0,3.0,0.0,208.50934408969937,0.804738698520677,0.19526130147932297,-1.3324176995373218,-2.1709999622379765,-1405.6359213053343
329,-206.38475111579513,0.9180249638910751,0.23180046577321917,4.0,15.0,0.0,208.73324933017614,0.12061846812412343,0.8793815318758765,-1.9758661095701064,-1.6565558194453547,-1404.4161665759955
330,-204.72278503191495,0.9522159050615915,0.10553360242920393,5.0,31.0,0.0,206.44534161178106,0.7881693381030781,0.2118306618969219,-1.6474044396472267,-1.371347204162414,-1397.8427051828644
331,-204.81992184737953,0.9974240816599177,0.17120086053166572,3.0,15.0,0.0,204.87175093257855,0.74462381134732,0.25537618865267997,-1.5473672688294748,-1.814273617695407,-1398.470126570156
332,-206.55044736391375,0.9598058948780839,0.19696920720027683,3.0,15.0,0.0,207.3205834098573,0.21465871338120776,0.7853412866187922,-1.5824904714445884,-1.7756069011215256,-1409.6170760954603
333,-207.54786936850425,0.791327121500241,0.23180046577321917,4.0,15.0,0.0,209.21246230236406,0.010837098815541693,0.9891629011844583,-1.7773830162898465,-1.5736259821615541,-1397.4925629159957
334,-205.1041579583689,0.9792315981655109,0.10553360242920393,4.0,15.0,0.0,206.1380063079254,0.8378260006707776,0.16217399932922238,-1.5007221230512104,-1.8499769604983738,-1398.1214134638221
335,-205.6619382235505,0.8795262176767187,0.17120086053166572,2.0,7.0,0.0,207.0946596761476,0.8378949086366463,0.16210509136335371,-1.4189391655478203,-1.843341298207173,-1402.1993949438322
336,-205.09376325015356,1.0,0.19696920720027683,4.0,15.0,0.0,206.33097661916293,0.24365223255340104,0.7563477674465989,-1.4918594758957913,-1.4926064403994816,-1401.2091876954858
337,-204.86614629249655,0.9679629058374024,0.23180046577321917,4.0,27.0,0.0,207.88672300077968,0.2884610277771136,0.7115389722228864,-1.2651987065293042,-1.605121851799196,-1400.6197962986846
338,-205.63071494660505,0.9666369105703758,0.10553360242920393,2.0,3.0,0.0,205.6965237042277,0.8556028038835694,0.14439719611643065,-1.620193416512995,-1.87537124847826,-1400.6981304007645
339,-204.90146386436595,1.0,0.17120086053166572,4.0,15.0,0.0,205.76168201605753,0.41970134012733834,0.5802986598726616,-1.2194700614889786,-1.8506366832336847,-1401.4111572084626
340,-204.462755223689,0.9973447365466568,0.19696920720027683,2.0,7.0,0.0,205.37267450248984,0.39997822666999877,0.6000217733300013,-1.5016821883452351,-1.6816511174158126,-1398.1313659572488
341,-204.67178083621974,0.9934472982514528,0.23180046577321917,3.0,11.0,0.0,205.22018125963822,0.7090531870747566,0.2909468129252434,-1.4958864350925605,-1.8224256460577235,-1398.119150463975
342,-205.59118564813156,0.9736315237436264,0.10553360242920393,2.0,7.0,0.0,206.54103501874238,0.7668264237025547,0.23317357629744528,-1.6161061172477784,-1.8932944097397897,-1402.9317559223105
343,-205.47103811180997,0.9739029622473488,0.17120086053166572,3.0,15.0,0.0,206.52727706552784,0.8813691885532596,0.11863081144674037,-1.503950431304475,-2.00480951704483,-1398.3222524115104
344,-205.12765466570687,0.9031166937935627,0.19696920720027683,2.0,7.0,0.0,205.50751241139872,0.5605731407742117,0.4394268592257883,-1.4560073064118078,-1.4845441678913878,-1403.5598309626398
345,-206.44546151099658,0.7676403867412142,0.23180046577321917,3.0,11.0,0.0,208.14287662757218,0.8826686612013543,0.11733133879864566,-1.4017555659746737,-1.8361913281596756,-1405.803066018169
346,-204.3701260704334,0.9775469580264734,0.10553360242920393,2.0,7.0,0.0,206.7104333136051,0.6185298202872508,0.3814701797127492,-1.599952487392193,-1.5438757584491563,-1397.4946285682288
347,-206.43880838295206,0.7540930734036069,0.17120086053166572,2.0,3.0,0.0,207.14289378548884,0.9200183570401721,0.0799816429598279,-1.437404904189169,-1.9596024456134988,-1402.904424744383
348,-205.50777065209158,0.9799532774319832,0.19696920720027683,3.0,15.0,0.0,206.98916755620562,0.8332700891708497,0.16672991082915034,-1.7211476461607578,-1.398567622400893,-1401.7161787812418
349,-206.6650233590019,1.0,0.23180046577321917,3.0,7.0,0.0,206.98407300219802,0.8626416149852315,0.1373583850147685,-1.6552704498815163,-2.073405146613397,-1406.7798320780225
350,-205.65227233017265,0.991682333091575,0.10553360242920393,4.0,23.0,0.0,207.199846990237,0.07155519919985791,0.9284448008001421,-1.2061185255025748,-1.56393485531408,-1398.496919992726
351,-206.7791582497568,0.964332348302182,0.17120086053166572,4.0,15.0,0.0,207.15057066336018,0.913860311318561,0.08613968868143895,-1.4050558723649678,-1.9909979247832805,-1405.6937561150742
352,-205.17050427828667,0.9944409632197985,0.19696920720027683,4.0,15.0,0.0,205.96482524162377,0.1668618535271054,0.8331381464728946,-1.3172157936527407,-1.5473376316812761,-1400.0720984235368
353,-206.06157407847425,0.9673646811052187,0.23180046577321917,3.0,15.0,0.0,208.5691874713015,0.46011067017300955,0.5398893298269904,-1.3249973875579821,-1.4988527738989466,-1410.346880069069
354,-205.6435335212554,0.999242234709174,0.10553360242920393,3.0,15.0,0.0,206.70731887160545,0.13220098411196238,0.8677990158880377,-0.7231349685731154,-1.6615975951931803,-1402.7428583042083
355,-206.45730114847217,0.8787327898193953,0.17120086053166572,3.0,15.0,0.0,208.8695000918446,0.9032434582971861,0.09675654170281389,-1.613672315504083,-2.232559029994398,-1402.7678696383066
356,-205.46661819696737,0.7609987745478872,0.19696920720027683,4.0,15.0,0.0,207.3697257774026,0.11630803717390083,0.8836919628260992,-1.5385126664379447,-1.5107298778011986,-1399.582318272764
357,-206.27349921790247,0.8288877916925508,0.23180046577321917,3.0,11.0,0.0,207.96831527627808,0.18218096219741595,0.817819037802584,-2.2351812207911603,-1.566012251316788,-1405.3039011473352
358,-205.32088044292433,0.6995521473866141,0.10553360242920393,2.0,3.0,0.0,208.2497712236098,0.16947637545195837,0.8305236245480416,-0.8831731496246815,-1.685780490558683,-1401.6347219666482
359,-206.169642918586,0.9877992204757161,0.17120086053166572,2.0,7.0,0.0,207.3040511089438,0.9138102246989582,0.08618977530104177,-1.491711085458402,-2.3723645293262834,-1399.8334138461407
360,-205.91512806899323,0.9958952186193903,0.19696920720027683,2.0,7.0,0.0,206.0052304025184,0.07219938649965608,0.9278006135003439,-1.5286797450188379,-1.648704503154734,-1399.372925401234
361,-206.92972096874362,0.8893333354939013,0.23180046577321917,4.0,15.0,0.0,207.74609046830602,0.020856085607302767,0.9791439143926972,-1.8216375528585422,-1.5794843077613798,-1397.5210473460427
362,-206.9805721176987,0.8739725819077263,0.10553360242920393,4.0,19.0,0.0,208.30787177058392,0.07430619392516558,0.9256938060748344,-0.38784433189342243,-1.7603227448244332,-1408.4750990007958
363,-206.7135499363221,0.862258374626953,0.17120086053166572,4.0,19.0,0.0,209.8178176333988,0.94581412206571,0.05418587793428997,-1.4706439069579735,-1.376397698475895,-1403.9000462536796
364,-205.1386374040532,0.5987575257861802,0.19696920720027683,4.0,15.0,0.0,207.6298669877681,0.21784084273209472,0.7821591572679053,-1.6853326512065052,-1.6406379979504702,-1400.0461900117505
365,-207.79311751056738,0.9997524049364578,0.23180046577321917,3.0,11.0,0.0,209.5562416515318,0.014628424621907063,0.985371575378093,-2.6183268812610008,-1.5741414603167263,-1398.0391607086292
366,-206.69599190751828,1.0,0.10553360242920393,1.0,1.0,0.0,206.99704008872894,0.07808417806463609,0.9219158219353639,-0.3764576783084821,-1.7379033689367143,-1406.8988507390393
367,-205.9413131196689,0.9951432106746405,0.17120086053166572,4.0,15.0,0.0,207.12163297195758,0.19609274800879997,0.8039072519912001,-1.563724187954318,-1.735519189865498,-1405.1183597938734
368,-204.74999196740663,0.9965755945254265,0.19696920720027683,3.0,11.0,0.0,206.2045473980368,0.2836279300454436,0.7163720699545564,-1.7337064673127942,-1.5805770762776479,-1398.601807424889
369,-205.09621459283338,0.7146812099708616,0.23180046577321917,3.0,15.0,0.0,209.75522423202324,0.5816500755971252,0.4183499244028748,-1.7514934631088053,-1.16231446642529,-1403.1761515032574
370,-205.7269051632093,0.9988016294614392,0.10553360242920393,4.0,31.0,0.0,207.08536478263636,0.10079329216972194,0.8992067078302781,-1.295763573950486,-1.6934662383173906,-1400.6000576192093
371,-205.65580140933588,0.9910853408123739,0.17120086053166572,3.0,15.0,0.0,207.36776229738936,0.17942364143878148,0.8205763585612185,-1.0298753524343713,-1.5674322029694678,-1404.3491465691172
372,-204.80354608838294,0.9841380615032583,0.19696920720027683,4.0,15.0,0.0,206.49918739498338,0.22270420725908582,0.7772957927409142,-1.5764252987883176,-1.627507088071988,-1398.1846815151862
373,-205.98315334504176,0.7256345975070676,0.23180046577321917,2.0,3.0,0.0,206.43480209808084,0.8032184532675061,0.19678154673249393,-1.8137978731404871,-1.2147312917212412,-1406.0230524522528
374,-206.18248853126383,0.998544366271259,0.10553360242920393,4.0,19.0,0.0,206.8142840480103,0.10454468004573911,0.8954553199542609,-0.7246422983181842,-1.5573501833100485,-1405.349095329556
375,-206.36802101857347,0.9179137343864874,0.17120086053166572,3.0,7.0,0.0,207.99271472528164,0.102775259665276,0.897224740334724,-0.9772922017041905,-1.5038909559448654,-1406.2964518789693
376,-204.80354608838294,0.49218949153859787,0.19696920720027683,2.0,3.0,0.0,207.06741730141786,0.22270420725908582,0.7772957927409142,-1.5764252987883176,-1.627507088071988,-1398.1846815151862
377,-207.03689398493498,0.9584325114146272,0.23180046577321917,2.0,3.0,0.0,208.674752882651,0.5326467532920461,0.46735324670795386,-1.7331049733968888,-1.0230253866390224,-1417.05724980984
378,-206.25456260952734,0.7893316740927359,0.10553360242920393,5.0,39.0,0.0,210.2434564459328,0.20978875539887185,0.7902112446011281,-1.4898582321805776,-1.7812667752905147,-1407.685717911611
379,-206.63089624058873,0.9924340465099427,0.17120086053166572,3.0,7.0,0.0,207.08773731319607,0.1435394307637722,0.8564605692362278,-0.6592714943871085,-1.8143872189677166,-1409.6585307193152
380,-204.4198823905487,0.997222111787134,0.19696920720027683,4.0,23.0,0.0,204.94775768192613,0.3788128518262839,0.6211871481737161,-1.6472690738823106,-1.504410354684333,-1397.7908657530747
381,-205.47704415753532,1.0,0.23180046577321917,2.0,3.0,0.0,206.87976242298149,0.7353122394787783,0.26468776052122167,-1.838711095605511,-1.076828562895671,-1404.1589466318167
382,-204.99445816605217,1.0,0.10553360242920393,3.0,7.0,0.0,206.9660316802755,0.4726487729621907,0.5273512270378093,-1.331686986734681,-1.901253340612692,-1401.8021603158863
383,-206.6143602668042,0.7884816644078453,0.17120086053166572,3.0,7.0,0.0,211.66425984932138,0.1719623027524814,0.8280376972475186,-1.2408304342116518,-1.8270183537537619,-1409.5652959934084
384,-204.51488122527607,0.9765094531657191,0.19696920720027683,3.0,15.0,0.0,205.12357928562065,0.2976887875877187,0.7023112124122812,-1.5735383555650073,-1.5502716416188553,-1397.7143414728862
385,-204.38316454953872,0.9842991176173618,0.23180046577321917,3.0,15.0,0.0,206.93367639513792,0.5915928656636051,0.40840713433639486,-1.6311290810000267,-1.4488848813591002,-1397.9069350347072
386,-206.88608414863683,0.8518049305974241,0.10553360242920393,3.0,7.0,0.0,207.60965139015065,0.578543581787346,0.421456418212654,-1.1047187407258043,-1.843993431591251,-1415.3798146727636
387,-208.52914353017024,0.8253093567944894,0.17120086053166572,2.0,3.0,0.0,210.18679281876388,0.16812540108562066,0.8318745989143793,-1.091208326112242,-1.9309486972491716,-1422.632253596871
388,-204.92318593930108,0.879677772985774,0.19696920720027683,4.0,15.0,0.0,205.2994589799472,0.7541568858313075,0.24584311416869253,-1.6693158727866821,-1.1115765309347583,-1400.4450938157745
389,-204.7463166707674,0.935789315393803,0.23180046577321917,2.0,3.0,0.0,204.8484890595773,0.5503575048787567,0.4496424951212433,-1.570410312965548,-1.4100060771574088,-1400.8446842381752
390,-206.42077410095308,1.0,0.10553360242920393,2.0,3.0,0.0,206.95380195040136,0.5576542700922725,0.44234572990772747,-1.1054601013739602,-1.8818043663167405,-1412.122644664321
391,-205.8193408248497,0.9970700509114236,0.17120086053166572,3.0,7.0,0.0,210.618199235456,0.10255960682668877,0.8974403931733113,-1.3113776123918395,-1.506204844193367,-1401.827221289641
392,-204.63394218578455,0.999766487783015,0.19696920720027683,4.0,15.0,0.0,205.32942705651192,0.5275458405613206,0.4724541594386794,-1.8147944237710265,-1.390272111401994,-1399.451233943107
393,-206.13305434082508,0.8651578483500028,0.23180046577321917,2.0,7.0,0.0,207.24221910413084,0.5563206915213402,0.4436793084786598,-1.604257395786078,-1.8843531181691564,-1408.9640485320183
394,-206.92983407428184,0.9935027922303885,0.10553360242920393,4.0,31.0,0.0,209.23784958935664,0.01579895431785679,0.9842010456821432,-0.766918351931701,-1.5686384270222087,-1398.0260430081275
395,-206.72318457708334,0.9432845743813972,0.17120086053166572,3.0,15.0,0.0,207.56864665094298,0.5700798180852474,0.42992018191475256,-1.804095051296018,-1.6896552758761891,-1413.004402003447
396,-204.60125896216903,0.9661439325444662,0.19696920720027683,4.0,27.0,0.0,205.43561092133183,0.6372704067218676,0.36272959327813237,-1.4269766914928188,-1.7315380332333061,-1398.870796693052
397,-205.5061742369503,0.9421618653732875,0.23180046577321917,3.0,11.0,0.0,208.07652106677068,0.8615825865879368,0.13841741341206315,-1.4697755184489167,-2.097055064809763,-1399.2347258845546
398,-206.74223176682142,1.0,0.10553360242920393,3.0,7.0,0.0,207.1448030387533,0.01909422128018887,0.9809057787198111,-0.7906793659662983,-1.5766563542967542,-1397.9618512260176
399,-207.19857556340514,0.9440410985279425,0.17120086053166572,3.0,11.0,0.0,209.95008956045396,0.9602393150783607,0.03976068492163931,-1.4541721901708273,-1.5318824194328724,-1404.8679495001088
400,-204.8865263819011,0.9909510255282509,0.19696920720027683,4.0,15.0,0.0,205.15872632699543,0.7717444827712802,0.22825551722871984,-1.4651428691017512,-1.846703481070195,-1398.513154970685
401,-206.1345397827367,0.77958874868452,0.23180046577321917,2.0,3.0,0.0,206.92263749579524,0.7412002690363159,0.25879973096368414,-1.3337537811522882,-2.2766225269936142,-1406.5095765414014
402,-205.08252834738084,0.9997215120662326,0.10553360242920393,4.0,31.0,0.0,206.87526049554356,0.4131632453574183,0.5868367546425817,-1.1446665745797278,-1.8314172494893188,-1402.844649484917
403,-209.75035685146776,0.8110487088031392,0.17120086053166572,2.0,7.0,0.0,210.0328825914368,0.9800201213460076,0.019979878653992422,-1.780714725195823,-1.5462676816780534,-1416.9319498144719
404,-205.16600906712625,0.982376978252409,0.19696920720027683,3.0,15.0,0.0,206.6191884034564,0.8493062136060482,0.1506937863939518,-1.5012461356888978,-1.7617626500965233,-1398.4092579946177
405,-207.38440695358136,0.3324731583157189,0.23180046577321917,2.0,3.0,0.0,210.08756123361286,0.7931689964953776,0.20683100350462236,-1.285016321299542,-1.7945449434239011,-1415.8679374356752
406,-206.59780736618313,0.8250408514923887,0.10553360242920393,2.0,7.0,0.0,207.7920842713082,0.22096502728639517,0.7790349727136048,-1.2100313570888281,-1.8730022783215088,-1410.6798026752247
407,-206.46199053359658,1.0,0.17120086053166572,2.0,3.0,0.0,209.5337112085624,0.969948683558382,0.03005131644161796,-1.589169110457699,-1.5467670167016623,-1397.5210004333942
408,-205.28952325554508,0.9901432924508928,0.19696920720027683,3.0,15.0,0.0,205.62895778387846,0.870166059134702,0.12983394086529798,-1.6065445349275702,-1.7010387576292005,-1398.2998634317762
409,-204.41756711221203,0.9791573317585399,0.23180046577321917,2.0,7.0,0.0,208.8194131087502,0.5242846821456869,0.4757153178543131,-1.4290302497491003,-1.736958772743644,-1398.1056075596264
410,-206.3761322677185,0.8714083022244451,0.10553360242920393,4.0,15.0,0.0,209.88857772093914,0.41115681525410325,0.5888431847458968,-1.56282725923352,-1.8629178849168584,-1410.6924216456166
411,-205.51978350072667,0.9951620942986069,0.17120086053166572,3.0,15.0,0.0,208.9444343508285,0.9221522389947598,0.07784776100524016,-1.6074640178395743,-1.016036668570319,-1398.3624910649785
412,-204.98280916434643,0.9605446366723195,0.19696920720027683,3.0,15.0,0.0,208.5845398754252,0.24446076451671173,0.7555392354832883,-1.5764362907658147,-1.4813642550122392,-1400.2630334552123
413,-205.22718224023455,0.9000958139446734,0.23180046577321917,2.0,3.0,0.0,205.4314182828455,0.6339796239316787,0.3660203760683213,-1.3315117311821665,-1.7323424893964277,-1403.4461238988756
414,-207.7750316847947,0.8071576860407992,0.10553360242920393,1.0,1.0,0.0,207.84096264444494,0.4069495424931728,0.5930504575068272,-1.5798794664284495,-1.9347988614969818,-1420.051820780853
415,-204.72261351441526,0.9627935056058552,0.17120086053166572,4.0,19.0,0.0,206.37702443657457,0.7810473316815646,0.2189526683184354,-1.6413104936190637,-1.4497253857431582,-1397.8336283908004
416,-205.4045855401301,0.629165291271653,0.19696920720027683,3.0,9.0,0.0,207.96821049222123,0.5769772263466704,0.42302277365332963,-1.5883586696936478,-1.8317050229381455,-1404.0672328007774
417,-204.972922642874,0.9928652315457576,0.23180046577321917,4.0,15.0,0.0,205.81891894815718,0.35963788059962515,0.6403621194003748,-1.7035287830362476,-1.6382828759822248,-1400.9362612090367
418,-208.37128241655952,0.9401900971009337,0.10553360242920393,5.0,59.0,0.0,212.78732579276763,0.9892797120358761,0.010720287964123942,-1.700409725971942,0.4108830434180307,-1405.3300343726564
419,-204.89037380615352,0.9920344273388683,0.17120086053166572,4.0,15.0,0.0,205.63955881212968,0.5718565164196698,0.42814348358033016,-1.8080093053878712,-1.196337064217519,-1401.5538064343414
420,-205.0920818339218,0.9572214693889937,0.19696920720027683,3.0,11.0,0.0,206.9178236944859,0.835861015620489,0.16413898437951102,-1.548371369203535,-1.85254836378208,-1397.97129776954
421,-205.01263471546227,0.993196719995228,0.23180046577321917,2.0,7.0,0.0,205.44846381121735,0.2930753456980456,0.7069246543019544,-1.7913736012296317,-1.3903771015653568,-1400.8631155306912
422,-205.445738284387,0.9970337495989823,0.10553360242920393,4.0,23.0,0.0,209.22624691066625,0.9144396838109978,0.08556031618900217,-1.6121155841607875,-1.385141310861805,-1397.6673267267597
423,-205.5812210825351,0.9973446973046345,0.17120086053166572,4.0,19.0,0.0,206.17004755703618,0.2018650705616398,0.7981349294383602,-0.9815043929360044,-1.6028192292500987,-1404.4436341688202
424,-205.8151043635212,0.9942596268734336,0.19696920720027683,2.0,7.0,0.0,206.31916348379397,0.9267461001088149,0.07325389989118514,-1.5656272830025981,-1.9343444529049265,-1397.7918465611367
425,-205.84751197099706,0.9910342176795137,0.23180046577321917,3.0,15.0,0.0,206.53412741422258,0.12637365171935105,0.873626348280649,-2.286730744684588,-1.4685869485503633,-1400.3447199533089
426,-207.01004036355093,0.9905079100314819,0.10553360242920393,4.0,23.0,0.0,207.72024381250384,0.9170283761263738,0.08297162387362622,-1.711930837085135,-0.16285887557605938,-1409.6277177206248
427,-206.03558912712452,0.9956349882140701,0.17120086053166572,4.0,15.0,0.0,206.37209306176493,0.9434786686737358,0.056521331326264246,-1.6163129261582851,-1.6750947840268005,-1398.3159650039775
428,-206.96548532089773,0.9575245314951543,0.19696920720027683,3.0,7.0,0.0,207.72162900001643,0.9376107827943909,0.06238921720560908,-1.7102678716136857,-1.6069157125794529,-1405.3020104859245
429,-204.69553891270965,0.9722557597580525,0.23180046577321917,3.0,15.0,0.0,206.02726847615008,0.3159190580636006,0.6840809419363993,-1.865855285270759,-1.444902588875844,-1398.595566906804
430,-208.52168236433602,0.9453887671156336,0.10553360242920393,4.0,23.0,0.0,212.04363675107493,0.770116561062005,0.229883438937995,-1.840803201831516,-0.4418244033394172,-1425.362218668912
431,-205.13013097185586,1.0,0.17120086053166572,2.0,7.0,0.0,206.57048374546096,0.8656852459857534,0.13431475401424664,-1.5445137050371422,-1.6567788065943845,-1397.6946382806152
432,-205.98775699640018,0.9769373340468193,0.19696920720027683,3.0,7.0,0.0,208.06263628244108,0.8613173456353598,0.13868265436464022,-1.4955835367810155,-1.2187696483992267,-1405.0210283077047
433,-206.95838825625003,0.927981137534635,0.23180046577321917,4.0,15.0,0.0,207.81968040822804,0.1805585848160083,0.8194414151839917,-2.2485178014786036,-1.289441151249813,-1410.6171254373705
434,-210.37179486166187,0.7699877652687388,0.10553360242920393,3.0,7.0,0.0,211.24908989837678,0.710660379177321,0.28933962082267894,-1.7385240813756295,-0.4319259812332458,-1439.4998822601847
435,-206.47682737936933,0.9299536837395712,0.17120086053166572,4.0,31.0,0.0,207.08829401998713,0.24296812381996205,0.757031876180038,-2.376734653466402,-1.3817524193238797,-1408.0691616855752
436,-205.1968368629091,0.9941902908454262,0.19696920720027683,2.0,7.0,0.0,206.36987533759137,0.8552630717687935,0.14473692823120654,-1.5237188745418637,-1.5213346440590927,-1399.01476558031
437,-205.46517978347887,1.0,0.23180046577321917,4.0,15.0,0.0,206.70069635900455,0.8845607866034612,0.11543921339653884,-1.5540162744493105,-1.9597899639093432,-1398.1402832750723
438,-207.52316321120333,0.9533622669630853,0.10553360242920393,3.0,7.0,0.0,212.95132713314774,0.8600732974296225,0.13992670257037754,-1.6926164763492986,-0.26269440384097353,-1416.3595395564737
439,-206.536021751008,0.8479659978693662,0.17120086053166572,3.0,7.0,0.0,207.89638756393276,0.18326903996148544,0.8167309600385145,-1.9356163970324207,-1.6745972154148099,-1407.924280603264
440,-205.11725000557016,0.98584981941358,0.19696920720027683,3.0,7.0,0.0,205.74985139030645,0.8691528744309726,0.13084712556902744,-1.5605844361893275,-1.6012329034289883,-1397.5657663980126
441,-204.39038469088737,0.7030368627106441,0.23180046577321917,4.0,19.0,0.0,208.20096646522674,0.4539457455191402,0.5460542544808598,-1.712825216545153,-1.476965955560619,-1397.8269038075655
442,-206.2607000427094,0.764496077166185,0.10553360242920393,3.0,7.0,0.0,210.04413943668177,0.8935880643791276,0.10641193562087237,-1.612088896923995,-0.5070572985389066,-1406.0788363000395
443,-206.48143868540345,0.9881832798462823,0.17120086053166572,4.0,31.0,0.0,207.70002650848087,0.9703975023199296,0.029602497680070394,-1.5483374155577772,-0.8935281633909748,-1399.04166474378
444,-204.41064297322262,0.9655910016410446,0.19696920720027683,3.0,7.0,0.0,207.62697396464714,0.6523660215444621,0.3476339784555379,-1.6150973501660495,-1.5173713036325311,-1397.5288246736493
445,-204.6172266535372,0.9792127143387448,0.23180046577321917,2.0,5.0,0.0,205.47210197028562,0.44542255142414044,0.5545774485758596,-1.7964344736737183,-1.350906550705186,-1399.4243910062537
446,-205.10396975441228,0.9943407201784396,0.10553360242920393,4.0,23.0,0.0,206.7884807776981,0.5691480755562645,0.43085192444373555,-1.5041462931513374,-1.8789855356105603,-1402.0963361619824
447,-204.91186326994466,0.847081656498608,0.17120086053166572,4.0,19.0,0.0,208.03643099215174,0.2018199913941542,0.7981800086058458,-1.7354195596922812,-1.4941044572025914,-1398.3407651840284
448,-205.26959412825292,0.9961047908066797,0.19696920720027683,4.0,23.0,0.0,205.55669881664954,0.6259981398428965,0.37400186015710346,-1.3558872353428622,-2.0457734270461523,-1402.7215252356327
449,-205.47281763575435,0.960025757758708,0.23180046577321917,3.0,11.0,0.0,205.92789145699177,0.34144036796173816,0.6585596320382618,-1.1884244108235529,-1.5974474927760063,-1405.624661097991
450,-204.97684939410226,0.999114159465019,0.10553360242920393,4.0,31.0,0.0,206.02190533201076,0.19737756072820026,0.8026224392717998,-1.154956818201257,-1.7168980949880837,-1399.5052350443675
451,-204.99152187551434,0.9895672231809738,0.17120086053166572,4.0,23.0,0.0,205.57591023212484,0.6946053575897339,0.30539464241026615,-1.4126227370308255,-1.9985071616674808,-1400.14858626666
452,-205.3146754150602,0.9932680710174596,0.19696920720027683,4.0,31.0,0.0,207.2405178136031,0.8535243060507882,0.14647569394921178,-1.633043603504742,-1.6638856868988994,-1399.2071401782432
453,-204.96444237416915,0.9930006120640555,0.23180046577321917,3.0,7.0,0.0,205.45461073962093,0.2884211042724956,0.7115788957275044,-1.187314878111098,-1.7899519533491124,-1400.921328046111
454,-205.16887822020388,0.9842639660011827,0.10553360242920393,4.0,23.0,0.0,205.7897300130915,0.7105333035908128,0.2894666964091872,-1.7039570805891753,-1.5853337532631684,-1401.654900654761
455,-207.07350754511825,0.7882041949541951,0.17120086053166572,3.0,7.0,0.0,209.35805463316512,0.49749554891416636,0.5025044510858336,-1.3983900437810848,-2.0921246209119113,-1415.3688564863999
456,-204.68402322844508,0.9526404978580814,0.19696920720027683,4.0,15.0,0.0,206.17448986807864,0.22310347889023513,0.7768965211097649,-1.5182571508067872,-1.6103612299016905,-1397.5712422197269
457,-205.18751481682312,0.994270247110178,0.23180046577321917,3.0,7.0,0.0,205.45216443607285,0.11598388631973187,0.8840161136802681,-1.1919922908689755,-1.6412382485860593,-1398.0993934575445
458,-206.36601222348364,0.991518051079107,0.10553360242920393,5.0,43.0,0.0,207.3117155774089,0.042478007266973504,0.9575219927330265,-0.6000290992659004,-1.550232812855687,-1401.0200786726127
459,-206.3662082354632,0.9057864676503807,0.17120086053166572,3.0,15.0,0.0,210.12780081312678,0.7719169145822891,0.22808308541771094,-1.5878902279277467,-2.1298142300594565,-1407.435081885352
460,-204.52103758121925,0.9735148750233531,0.19696920720027683,3.0,11.0,0.0,206.48612291974422,0.5195271571014489,0.4804728428985511,-1.7864993643267466,-1.3682800508194104,-1398.8221400671457
461,-206.06073388572685,0.9647701266721604,0.23180046577321917,3.0,15.0,0.0,206.5107179594475,0.053266596518909325,0.9467334034810907,-0.9190825988924869,-1.5495145612091432,-1399.9798193090219
462,-207.99855036217517,0.8032668574285938,0.10553360242920393,3.0,15.0,0.0,208.969407208112,0.05859384131536126,0.9414061586846387,-0.5408881048935159,-1.450491272944759,-1414.7185285134601
463,-205.18969843633036,0.9944572776271073,0.17120086053166572,2.0,7.0,0.0,206.81407343005495,0.775785664766997,0.22421433523300305,-1.4703499574965222,-2.06087380277641,-1399.7842511376666
464,-204.86128928341057,0.9256775769489473,0.19696920720027683,2.0,3.0,0.0,205.0101640450812,0.46381227495274185,0.5361877250472582,-1.7726249744721574,-1.2903435890852197,-1401.3683330159568
465,-204.78771367382237,0.9467056727171408,0.23180046577321917,3.0,15.0,0.0,206.91023472662204,0.288731224543796,0.7112687754562039,-1.4344849505324584,-1.7146695102942582,-1399.373201949071
466,-207.83740469401798,0.9639164443843365,0.10553360242920393,2.0,3.0,0.0,208.7852879351013,0.037545812905588,0.962454187094412,-0.6254916957072901,-1.7661199208649492,-1409.721849176095
467,-204.93521076482034,0.9638353572392013,0.17120086053166572,3.0,11.0,0.0,205.61985319134627,0.6588544572678069,0.3411455427321931,-1.393155262468599,-1.9740660858985184,-1400.2903089650065
468,-205.98718598538582,0.9676410710269464,0.19696920720027683,3.0,15.0,0.0,208.47181120572202,0.8540492879040449,0.14595071209595512,-1.7693782455664964,-1.2168009479775903,-1404.5436596059415
469,-204.48077448418292,0.9595297274644483,0.23180046577321917,2.0,7.0,0.0,205.50472229969319,0.3423361987847114,0.6576638012152887,-1.596506398181312,-1.6065283433791635,-1397.7741285706825
470,-206.78324712843076,1.0,0.10553360242920393,1.0,1.0,0.0,207.59897717775033,0.038793332910695054,0.9612066670893049,-0.6298768006006464,-1.705826110830642,-1402.8328203630151
471,-204.52549203529753,0.9826012761754886,0.17120086053166572,4.0,31.0,0.0,205.76525951744142,0.31348808510424636,0.6865119148957537,-1.5772653703012205,-1.5316754794750014,-1398.0270325811
472,-205.24096820098436,1.0,0.19696920720027683,4.0,15.0,0.0,206.66067026991698,0.8690254499224375,0.13097455007756253,-1.643675764821994,-1.4841664230967733,-1398.5080793446602
473,-204.49141085195473,0.9563659411628761,0.23180046577321917,3.0,7.0,0.0,205.1017037281157,0.6957071116016925,0.3042928883983075,-1.638422692712161,-1.4026456600492943,-1397.8349785444525
474,-204.6757363193543,0.8626755447584489,0.10553360242920393,4.0,23.0,0.0,208.58150669090645,0.5094017230126742,0.49059827698732583,-1.3098787262066398,-1.7666584691927525,-1400.0947885743549
475,-204.8173945260126,0.9547099480166256,0.17120086053166572,3.0,15.0,0.0,206.5326983077089,0.8050251888525307,0.19497481114746928,-1.6265338870867625,-1.501626172521803,-1397.8054613035079
476,-204.79390024206003,0.9820523474958095,0.19696920720027683,3.0,13.0,0.0,206.6989832248616,0.26006881049606634,0.7399311895039337,-1.4026339473512113,-1.7057449443106356,-1399.0710204327938
477,-204.5013215360873,0.9490198298014917,0.23180046577321917,4.0,15.0,0.0,205.3180344131839,0.502027298514402,0.497972701485598,-1.6252042190847904,-1.6233489549388653,-1398.5126476274627
478,-205.48774895871662,0.911147303094093,0.10553360242920393,2.0,3.0,0.0,205.79916857010474,0.5285772091559899,0.47142279084401006,-1.2471208076527966,-1.6935430428116738,-1406.0408292845225
479,-205.12066682238003,0.9058169608792591,0.17120086053166572,4.0,15.0,0.0,206.19823267389455,0.3516395792280466,0.6483604207719533,-1.0891918425830107,-1.8022080211481215,-1402.8816733180424
480,-205.3637918134717,0.9613674612025429,0.19696920720027683,2.0,3.0,0.0,205.49395503051898,0.2088210059890823,0.7911789940109177,-1.4070757302133454,-1.4975036803872361,-1402.5194469032472
481,-204.44293496496397,0.9862342160763621,0.23180046577321917,2.0,3.0,0.0,204.7119054023931,0.42872883313250204,0.5712711668674979,-1.5997112028000888,-1.621795718621788,-1398.0429821465018
482,-206.2837028932501,0.9673260387459273,0.10553360242920393,4.0,31.0,0.0,208.36571184918074,0.878151982598744,0.12184801740125595,-1.5349578702055156,-2.4116159551774525,-1402.4628213343165
483,-205.74399021245642,0.964425050583093,0.17120086053166572,4.0,23.0,0.0,206.6066772021914,0.09616545047718691,0.9038345495228131,-1.9315358051232023,-1.5963291463210596,-1398.9331023293466
484,-205.24718342299028,0.9989966279168764,0.19696920720027683,4.0,15.0,0.0,205.55851394346877,0.540102945729303,0.45989705427069705,-1.3145194451500672,-1.645076303240034,-1404.347723195955
485,-205.74077285571377,0.8770662358883535,0.23180046577321917,3.0,7.0,0.0,206.0279049173289,0.5622360021532152,0.43776399784678477,-1.9124087948623445,-1.432957084136191,-1406.59187428626
486,-205.6683595596211,0.980329345106108,0.10553360242920393,4.0,19.0,0.0,208.20388081289687,0.7784915240385228,0.22150847596147716,-1.51960822853208,-2.140663689237836,-1402.6142639131979
487,-205.03445728563176,0.9618044691508915,0.17120086053166572,3.0,11.0,0.0,207.90571127775988,0.24890764220388192,0.751092357796118,-1.1425403042683255,-1.6270430337447719,-1401.331232343854
488,-207.85239234978098,0.6262758041181047,0.19696920720027683,2.0,3.0,0.0,211.5788225794382,0.246953006096021,0.753046993903979,-1.3046568684556568,-1.3803145232463894,-1421.0584615459352
489,-206.34891365841574,0.8759708239923641,0.23180046577321917,1.0,3.0,0.0,208.00533585025107,0.6721215778540616,0.32787842214593843,-1.827386594679593,-1.5475288004748236,-1410.0090169046928
490,-205.34320767645067,0.9726718866104339,0.10553360242920393,2.0,3.0,0.0,206.07691187706396,0.7886676061276062,0.21133239387239378,-1.4534713272649442,-2.125421573854183,-1400.3589725118024
491,-206.87678418540526,0.9874018512008442,0.17120086053166572,4.0,19.0,0.0,208.34219995950517,0.1497232561195892,0.8502767438804109,-0.5982206287611521,-1.8237598594660631,-1411.6352152142633
492,-206.39135802313592,0.9993171013177166,0.19696920720027683,4.0,15.0,0.0,208.10072039988768,0.9699792767095861,0.030020723290413942,-1.5796843703715795,-1.3571225932451387,-1397.5277407377237
493,-204.33905530516193,1.0,0.23180046577321917,2.0,3.0,0.0,206.172273619633,0.5559442539625706,0.44405574603742937,-1.6330450090795472,-1.4882193210687777,-1397.6458409195245
494,-207.45780786845415,0.9683411745305024,0.10553360242920393,4.0,23.0,0.0,208.68817825924262,0.9861496929474496,0.013850307052550415,-1.6611013329247506,-0.9301651206240442,-1400.2804310599909
495,-209.32278138218825,0.9273773448587911,0.17120086053166572,4.0,27.0,0.0,209.8840267552127,0.001713178397885518,0.9982868216021145,-0.05114380015742472,-1.5124558162090722,-1399.9629489147842
496,-206.76030738611,0.9938667519571851,0.19696920720027683,3.0,11.0,0.0,208.26343794170438,0.9472230059529615,0.052776994047038506,-1.543720656639029,-2.5861286523339535,-1399.722008971554
497,-204.43089060234294,0.9777267558049021,0.23180046577321917,2.0,7.0,0.0,205.1336529847605,0.4224791175655432,0.5775208824344569,-1.6735394718964574,-1.5555748546949089,-1397.9065219234442
498,-208.63298687647517,0.9153681419566748,0.10553360242920393,3.0,13.0,0.0,210.6615266340953,0.9927703007572047,0.007229699242795262,-1.4717916039308967,-1.5467614132726129,-1403.1470674660864
499,-211.8263448139164,0.9886136905013241,0.17120086053166572,4.0,15.0,0.0,212.86930937899217,0.000203661487833304,0.9997963385121666,0.9649983172998085,-1.4865593561437322,-1401.8215511346768
500,-208.6542510441551,0.9512563810296961,0.19696920720027683,4.0,15.0,0.0,210.07268092419747,0.9956524382863977,0.004347561713602288,-1.6323258384027306,-1.704353975471937,-1398.9281367491483
501,-205.4292933090989,0.9342612002155924,0.23180046577321917,3.0,7.0,0.0,205.87072698462714,0.16848909238208573,0.8315109076179142,-1.659448620416026,-1.4593438848473776,-1401.262103346346
502,-205.10995645185238,0.9632156729628664,0.10553360242920393,5.0,31.0,0.0,211.98726746477521,0.80808563447678,0.19191436552322005,-1.610733573176944,-1.7386153257177985,-1399.1244367087502
503,-208.9063163174256,0.9745778927581616,0.17120086053166572,4.0,23.0,0.0,212.82263633569505,0.0030253352019108232,0.9969746647980892,1.3690951893429488,-1.5555682579625882,-1399.2748101161656
504,-209.27559114301195,0.9983681244617096,0.19696920720027683,3.0,7.0,0.0,209.46712730125338,0.997816625760177,0.002183374239822955,-1.6213336471505282,-1.742492148851107,-1398.3949013236142
505,-205.19405336694388,0.8559318166553744,0.23180046577321917,3.0,9.0,0.0,208.5894854249315,0.11571519793529174,0.8842848020647083,-1.2501818495016213,-1.6399637694650393,-1398.0115423846507
506,-205.8741544370197,0.9879009984387366,0.10553360242920393,4.0,15.0,0.0,206.55707481182387,0.9316055308705719,0.06839446912942815,-1.6380413491391705,-1.5185229197048473,-1398.801163756671
507,-208.4690191719852,0.9670686964571431,0.17120086053166572,4.0,31.0,0.0,210.95835720999742,0.04340936393287441,0.9565906360671256,0.7355560063009117,-1.6641955350809778,-1415.2176290020839
508,-210.26384661804136,0.9811181252869592,0.19696920720027683,4.0,15.0,0.0,211.24034090761853,0.9992002832085058,0.0007997167914941539,-1.5490328867596788,-1.9243582525754765,-1397.9152619769025
509,-205.71795290661103,0.6629269832706667,0.23180046577321917,2.0,7.0,0.0,207.55053665181032,0.17004053650342657,0.8299594634965735,-0.9705833352585669,-1.787673652096824,-1403.9503498172755
510,-206.01266517542643,0.9976982149179799,0.10553360242920393,3.0,15.0,0.0,206.93146042290945,0.9389952096504669,0.0610047903495331,-1.6526503487352484,-1.4028214012783835,-1399.2730556908177
511,-207.48294667992695,0.9649627809715747,0.17120086053166572,4.0,31.0,0.0,209.67841346353154,0.041956059719092026,0.958043940280908,0.3497231292435159,-1.5794399165329445,-1408.7802911216945
512,-209.48089643162714,0.9907155738799386,0.19696920720027683,3.0,7.0,0.0,210.52386531926842,0.9977870413156287,0.0022129586843713245,-1.6413562140490519,-1.864897732986165,-1399.4681801387321
513,-205.3099941665377,0.9870988931350092,0.23180046577321917,3.0,7.0,0.0,206.1321225547287,0.16737078345975825,0.8326292165402418,-1.2136821646790377,-1.7315087083447809,-1400.7573115307132
514,-205.28103580556015,0.9931099303690324,0.10553360242920393,4.0,17.0,0.0,206.54336891795717,0.23964962858093058,0.7603503714190694,-1.7114415940566199,-1.6530363895783569,-1401.381752344483
515,-208.05569116771974,0.9197884340506598,0.17120086053166572,2.0,7.0,0.0,209.63171037936658,0.03564805241154027,0.9643519475884598,0.2294065591860785,-1.4926744504933527,-1411.9468603376151
516,-206.93346841082607,0.9266928596095236,0.19696920720027683,4.0,31.0,0.0,210.42229311162848,0.024595249328227847,0.9754047506717721,-1.4924841686524768,-1.6446795175553057,-1399.4200627834543
517,-205.1709058435353,0.9644248486730524,0.23180046577321917,3.0,9.0,0.0,207.4941315892938,0.23259387663531542,0.7674061233646846,-1.5573708550061343,-1.4701599582071025,-1401.406421391586
518,-205.02132565237667,1.0,0.10553360242920393,3.0,7.0,0.0,205.27056774516944,0.2931060010824971,0.7068939989175029,-1.6322588234734143,-1.4358071248730009,-1401.2830847893338
519,-209.87255045619307,0.9748375948087452,0.17120086053166572,4.0,19.0,0.0,210.88317608685392,0.033537788872436886,0.9664622111275631,0.8102739230801609,-1.7717636795751894,-1422.7827122837832
520,-206.65757576974238,0.8858861544360993,0.19696920720027683,4.0,15.0,0.0,208.3598321167195,0.02640364390022162,0.9735963560997783,-1.5427234146625668,-1.5423843265059018,-1398.141383464851
521,-205.72662653054354,0.9674180201625963,0.23180046577321917,3.0,15.0,0.0,206.695193541309,0.7885927693252665,0.21140723067473355,-1.463498336230464,-2.236888148646045,-1402.5642076931256
522,-205.94838090062737,0.9908926049145957,0.10553360242920393,4.0,19.0,0.0,208.66446170541306,0.9457145869753791,0.054285413024620865,-1.6136995387114366,-1.5084263358357866,-1397.9165275265432
523,-208.49967423551703,0.9964675169864977,0.17120086053166572,3.0,15.0,0.0,210.86146392771568,0.03866869466978307,0.9613313053302169,0.6754192246846809,-1.7020570694705754,-1414.6279056210965
524,-204.39562190889225,0.5030685026660634,0.19696920720027683,3.0,11.0,0.0,210.14714915483353,0.5834656391196689,0.41653436088033113,-1.5515351342594321,-1.6585991069772652,-1397.6895707965032
525,-206.83923785275252,0.9174649495961092,0.23180046577321917,3.0,7.0,0.0,207.12079271011132,0.9675461830655961,0.032453816934403856,-1.5291114815357663,-2.2943322023938975,-1398.3233670501081
526,-206.18094555999392,0.9008301233796656,0.10553360242920393,5.0,31.0,0.0,208.18642879880264,0.9350772790278996,0.06492272097210039,-1.4963210461584227,-2.1352996870443635,-1399.023888821935
527,-208.5573812804501,0.9999708193209963,0.17120086053166572,3.0,7.0,0.0,208.67700401945302,0.0393651760063619,0.9606348239936381,0.7094829152396597,-1.698182710823963,-1415.1154782183141
528,-204.9763474320053,0.9486715737433503,0.19696920720027683,2.0,3.0,0.0,205.04383497040126,0.6193088958709162,0.3806911041290838,-1.5650723149110595,-1.8117769405666069,-1400.9959100167066
529,-207.55363342547656,0.8832337320252144,0.23180046577321917,2.0,3.0,0.0,207.72782145295974,0.9721703374524864,0.027829662547513623,-1.6431491630397463,-2.400892863341686,-1401.4849595666135
530,-205.99340784235008,1.0,0.10553360242920393,3.0,7.0,0.0,206.29962429870318,0.9256995752865834,0.07430042471341658,-1.564722557570088,-2.127218559147467,-1398.4397352641736
531,-207.62514159008094,0.9961079868831381,0.17120086053166572,3.0,7.0,0.0,208.84422300420704,0.03428952782188999,0.96571047217811,0.563539645172382,-1.6274449391672638,-1408.1221913816564
532,-206.30033676619192,0.9841878802488012,0.19696920720027683,3.0,7.0,0.0,206.5823158896988,0.9439487661575041,0.056051233842495884,-1.4940328997607688,-1.57727666454735,-1400.693635635659
533,-209.15113578041522,0.7326186120035436,0.23180046577321917,4.0,15.0,0.0,210.79825032673625,0.9754767586491455,0.024523241350854486,-1.7525785330874988,-1.899231598237495,-1413.2116905982032
534,-205.54831524036123,0.9859665232769275,0.10553360242920393,4.0,15.0,0.0,206.25453987748236,0.8361988604186137,0.1638011395813863,-1.516157859216725,-2.155023618878813,-1400.149956066286
535,-207.81301633789707,0.9869401254589939,0.17120086053166572,2.0,3.0,0.0,207.90656877408983,0.03685511248355582,0.9631448875164442,0.5555565230261055,-1.6609283645619723,-1409.8126736037239
536,-206.45203250837147,0.9644936908179641,0.19696920720027683,2.0,7.0,0.0,208.14482618053225,0.8520857541741328,0.1479142458258672,-1.4175940879895417,-1.5241791088141015,-1408.0716893693166
537,-207.2876591674343,1.0,0.23180046577321917,2.0,3.0,0.0,208.83922115706935,0.9664715969455067,0.03352840305449334,-1.674560145587316,-1.8743086174914045,-1402.7478164322054
538,-204.57056022867027,0.9903755801370308,0.10553360242920393,4.0,15.0,0.0,205.84208715777967,0.6172106845523995,0.38278931544760053,-1.495800578333519,-1.7915097255821342,-1398.4534974131425
539,-208.02954159333373,0.999035472109652,0.17120086053166572,3.0,15.0,0.0,208.6269743574808,0.01208040653706635,0.9879195934629337,0.9458271031204174,-1.5357638155999476,-1403.6183792348031
540,-206.21694353007612,0.9739899883899671,0.19696920720027683,3.0,15.0,0.0,207.36371719672027,0.8431608267668207,0.1568391732331793,-1.7169752979710446,-1.6494870720349062,-1405.6260344369764
541,-206.9399112190081,0.9594861496438267,0.23180046577321917,1.0,3.0,0.0,207.89299430939712,0.9770589234716907,0.022941076528309345,-1.537491832284587,-1.9025440115533674,-1398.0877543083145
542,-205.09118440289765,0.9857866449090802,0.10553360242920393,4.0,19.0,0.0,207.0893279120305,0.16090779639504296,0.8390922036049571,-1.271500020719611,-1.570096864227166,-1399.363299557421
543,-208.344892958437,0.9902091642168265,0.17120086053166572,3.0,15.0,0.0,209.14201840773154,0.0409549567031413,0.9590450432968587,0.7938868120094352,-1.6096359014521158,-1414.0530480005805
544,-205.96011373889863,0.9908875166942921,0.19696920720027683,4.0,15.0,0.0,206.75997992635143,0.6285718670997247,0.3714281329002753,-1.705781683204986,-1.0224850653079605,-1409.258152617399
545,-206.19466793869293,0.9406280149527428,0.23180046577321917,4.0,15.0,0.0,208.32102795307156,0.3486916038355478,0.6513083961644521,-2.2043597506824426,-1.3777827363240163,-1408.2677844883717
546,-204.95402128736148,0.966751484661311,0.10553360242920393,4.0,15.0,0.0,207.54275659855168,0.6533959015664309,0.3466040984335691,-1.4881380166911702,-1.9205860743631524,-1400.4159728184468
547,-208.3154970466995,1.0,0.17120086053166572,1.0,1.0,0.0,208.38864419203614,0.040446266333980664,0.9595537336660194,0.7912911797022628,-1.6085856448946119,-1413.7737858532942
548,-204.5163573736812,0.6320746410051127,0.19696920720027683,2.0,7.0,0.0,216.26666697053372,0.3367490554281518,0.6632509445718482,-1.7179101859884103,-1.480040363396441,-1397.9543591880915
549,-205.598020110698,1.0,0.23180046577321917,2.0,3.0,0.0,206.00221369141568,0.2958169319383707,0.7041830680616292,-2.159790851566575,-1.3602324831513573,-1403.7589542780738
550,-208.0519062931128,0.9685544122334607,0.10553360242920393,4.0,31.0,0.0,209.49550447298955,0.0048439863959430585,0.9951560136040569,-0.019183845904725633,-1.6020271370818604,-1398.1032525457795
551,-208.8222514634503,0.9825658747008508,0.17120086053166572,3.0,7.0,0.0,209.14619331843056,0.03295799763168613,0.9670420023683138,0.8591964591182533,-1.7078418558796917,-1415.5327147682954
552,-204.4052491537618,0.993134294324433,0.19696920720027683,2.0,7.0,0.0,204.9895879519315,0.4276002260218635,0.5723997739781366,-1.7125697002600269,-1.4949898785181988,-1397.7965678161736
553,-205.3223729613284,0.7638180999064663,0.23180046577321917,2.0,3.0,0.0,206.1724112578946,0.30319038608533194,0.696809613914668,-2.0949429120467107,-1.3793416273074608,-1402.1452462882362
554,-207.8984558912156,0.7780901489400633,0.10553360242920393,2.0,7.0,0.0,211.88248539334072,0.015546782608310356,0.9844532173916897,0.13772702377472873,-1.699636502536311,-1404.7294677275077
555,-209.81129098670922,0.955464002165951,0.17120086053166572,3.0,7.0,0.0,210.27280736355016,0.008345364046736452,0.9916546359532635,1.1383415789470783,-1.4299079294395254,-1413.321923851779
556,-204.39826604468502,0.9921009283167342,0.19696920720027683,4.0,23.0,0.0,204.77336892729292,0.3771278109318049,0.6228721890681951,-1.4860348106033499,-1.597339801450095,-1397.8167937381452
557,-207.46962070890362,0.938935812490683,0.23180046577321917,3.0,15.0,0.0,208.38040898750268,0.8224360687783436,0.17756393122165637,-1.3710149678998533,-1.444744188720862,-1416.4341191765902
558,-209.21418366209275,0.9472995103291306,0.10553360242920393,4.0,31.0,0.0,210.24105051202636,0.008541322254163824,0.9914586777458362,0.6566528973238019,-1.7293815560045664,-1409.285845225993
559,-209.23456689562187,0.9975090517580435,0.17120086053166572,3.0,7.0,0.0,210.22725744613444,0.01815272521562506,0.981847274784375,1.227468114868066,-1.7164497314374785,-1413.676974697635
560,-206.32045410070697,0.7513924992413533,0.19696920720027683,2.0,7.0,0.0,207.19252833784955,0.26590422653687823,0.7340957734631217,-1.4720632986675823,-1.8223731545462594,-1409.1870329091853
561,-207.51356843273447,1.0,0.23180046577321917,3.0,15.0,0.0,208.22090116768422,0.03567389305707454,0.9643261069429254,-2.385388261318882,-1.6529342735431671,-1402.9037764857462
562,-208.03039988304386,0.831590721999059,0.10553360242920393,2.0,3.0,0.0,209.83812313441462,0.008655839504185142,0.9913441604958149,0.682930857911233,-1.528234212170093,-1401.7351607654155
563,-208.65358476531114,0.9138207884874289,0.17120086053166572,3.0,7.0,0.0,211.9740509931971,0.03386946906323174,0.9661305309367683,1.021128530201946,-1.5571843323750807,-1414.7113642987097
564,-204.67589518651832,0.998451178311518,0.19696920720027683,3.0,15.0,0.0,206.60405219438175,0.22176970683994005,0.77823029316006,-1.4298389435995134,-1.629325849591699,-1397.6575498931245
565,-206.07455792345743,0.6315602777235085,0.23180046577321917,2.0,7.0,0.0,209.19650901333048,0.1040301593815476,0.8959698406184524,-2.3752856200979315,-1.489564538309867,-1400.333497521878
566,-207.93706711162977,0.9083030073827231,0.10553360242920393,4.0,19.0,0.0,209.0203492338151,0.006116930341449018,0.993883069658551,0.43593992142686117,-1.598297899828288,-1398.7593900460117
567,-209.42232484928238,0.952092246797331,0.17120086053166572,2.0,3.0,0.0,209.49812628705388,0.038697996885308165,0.9613020031146918,1.0363675465589224,-1.512178106780133,-1420.9998522718286
568,-207.23323332705343,0.7613262398082979,0.19696920720027683,4.0,15.0,0.0,208.09945735259728,0.03134813768903556,0.9686518623109645,-1.2749343060217713,-1.4699173863649084,-1404.1084589834732
569,-205.02545691874025,0.9586680208545367,0.23180046577321917,4.0,19.0,0.0,207.18350005910938,0.21753007639929806,0.782469923600702,-1.9156314552402895,-1.4452555938424116,-1399.061787278674
570,-208.63697678290848,0.9995777341567936,0.10553360242920393,4.0,15.0,0.0,208.8001568092598,0.0027935211806568916,0.9972064788193431,0.5867871291255855,-1.5761356284734596,-1398.130784854647
571,-207.92299530763006,0.94498134490472,0.17120086053166572,3.0,7.0,0.0,211.6628145186868,0.012697482193487125,0.9873025178065129,0.5974324624978729,-1.6657108367975304,-1403.3272376023986
572,-206.75776960565173,0.8423475192349117,0.19696920720027683,4.0,19.0,0.0,208.67438167006213,0.021591447980192007,0.978408552019808,-1.5002762075387226,-1.5819312367610783,-1397.4825277789212
573,-204.9890816352641,0.8590749986532635,0.23180046577321917,3.0,7.0,0.0,205.85421577107854,0.3840585310928791,0.615941468907121,-1.9740735211066174,-1.350724894430544,-1401.1161672666153
574,-208.03240555809893,0.8764774557352712,0.10553360242920393,3.0,11.0,0.0,209.58254388462765,0.03159356690332182,0.9684064330966782,0.41816618054806215,-1.7146832463566786,-1410.2605515199375
575,-207.2432796729963,0.9934264981668897,0.17120086053166572,4.0,15.0,0.0,209.0746528003785,0.12606683139616423,0.8739331686038357,-0.4100787464889138,-1.580868163886562,-1414.0463220315999
576,-205.70476926505006,0.5241150091187017,0.19696920720027683,4.0,31.0,0.0,208.67274060265197,0.0955440910463924,0.9044559089536076,-1.7785731680810593,-1.4921382770696756,-1399.3900243210126
577,-204.74835990503828,0.8079728111085438,0.23180046577321917,3.0,15.0,0.0,208.29950576425526,0.4466983519220905,0.5533016480779095,-1.5995784610327277,-1.6899175276567744,-1400.0211994179554
578,-208.8918969931866,0.9790918808262937,0.10553360242920393,5.0,37.0,0.0,211.26193108511202,0.006178453449143271,0.9938215465508567,-1.6286140592435743,-1.6847319959846676,-1403.0526452075503
579,-206.27712469301787,0.9479287166051873,0.17120086053166572,2.0,3.0,0.0,208.26399972382845,0.05718743100460071,0.9428125689953993,-0.3177321523175088,-1.6412398437766025,-1402.326047118823
580,-204.88277903794753,0.95996383280862,0.19696920720027683,3.0,15.0,0.0,206.74716178245276,0.20258045170649236,0.7974195482935076,-1.557178487871192,-1.5254096587710877,-1398.5843824814845
581,-207.1774111296812,0.9561077446184032,0.23180046577321917,4.0,15.0,0.0,207.9858672497723,0.020628885609981242,0.9793711143900188,-1.327641729891942,-1.6598304393630978,-1400.2765630160268
582,-207.48713874907855,0.9877617898417225,0.10553360242920393,5.0,31.0,0.0,209.99614877368197,0.04229496356106074,0.9577050364389392,-1.9782009520301238,-1.6911475690164446,-1405.2735215113785
583,-206.91966883060974,0.9715606327418119,0.17120086053166572,4.0,15.0,0.0,207.25360815907166,0.024412785214119506,0.9755872147858805,-0.07241186098329215,-1.6517812424522544,-1401.1732373188377
584,-205.43634907532268,0.5244467184393699,0.19696920720027683,2.0,3.0,0.0,206.62279592207983,0.2702625945284993,0.7297374054715007,-1.545238287464988,-1.7364825860516366,-1403.2243154088892
585,-207.0901695030357,0.9659758573992518,0.23180046577321917,3.0,11.0,0.0,208.53174126173107,0.015946342771604775,0.9840536572283952,-0.9425822813233008,-1.5350216621405042,-1399.0275023863364
586,-207.44241653017625,0.9283429354533596,0.10553360242920393,4.0,15.0,0.0,208.8275347731656,0.3198925972946497,0.6801074027053503,-2.2554890759122443,-1.5176087736778359,-1416.0438686016707
587,-206.0532630900598,0.9670614847667266,0.17120086053166572,4.0,19.0,0.0,208.0067512083169,0.04592905855023737,0.9540709414497627,-1.4786681953885048,-1.558336720974615,-1397.7755040019165
588,-205.74860067041612,0.9161071930822475,0.19696920720027683,3.0,15.0,0.0,206.87186168521245,0.9417164443869958,0.058283555613004245,-1.6149090123733432,-1.137033674560535,-1397.8431156353352
589,-204.3430790624276,0.9116245516262582,0.23180046577321917,4.0,25.0,0.0,208.81329916877382,0.47524858898390243,0.5247514110160976,-1.6618554662891616,-1.505075262761636,-1397.618178699445
590,-208.38106827541245,0.9921137999622393,0.10553360242920393,4.0,15.0,0.0,209.85482643621455,0.010147157482210983,0.989852842517789,-2.0407211779422956,-1.666303592130257,-1401.6710590579614
591,-206.04570837378125,0.9238648037314763,0.17120086053166572,2.0,7.0,0.0,208.59619297769208,0.12053001310965643,0.8794699868903436,-1.7018880484912524,-1.4382670670726243,-1403.5231516511765
592,-205.17938324685986,0.9967059326577853,0.19696920720027683,4.0,15.0,0.0,205.91325717909822,0.7345782829460386,0.26542171705396145,-1.760812378202019,-1.3930303276030909,-1401.6827759362861
593,-204.4469959472102,0.9936209118958952,0.23180046577321917,3.0,15.0,0.0,204.58249196386635,0.5784674328747327,0.4215325671252673,-1.728229956975021,-1.3803102843249324,-1398.2972524715365
594,-207.59524852398056,0.711106645490463,0.10553360242920393,2.0,7.0,0.0,210.93288452206434,0.02181046746630154,0.9781895325336984,-2.0231646643851287,-1.6602938151448572,-1401.525590559556
595,-204.65278443645312,0.9798269571865827,0.17120086053166572,3.0,11.0,0.0,206.29117178986849,0.6342405293091491,0.3657594706908509,-1.4336924917526865,-1.6750046239450693,-1399.4009630907997
596,-205.536507253756,0.9621507645634116,0.19696920720027683,3.0,15.0,0.0,207.68471497805214,0.6973193045542048,0.30268069544579523,-1.3149973837512319,-1.8407407532033768,-1404.6314237015665
597,-206.21525389727208,0.8801790696236872,0.23180046577321917,3.0,11.0,0.0,206.56726541387152,0.9417598111074769,0.05824018889252314,-1.5499815429942332,-0.6733418497621556,-1401.9640960515712
598,-207.46750718616914,0.9971481788085326,0.10553360242920393,4.0,31.0,0.0,210.33041918193769,0.6026499508483932,0.39735004915160677,-2.074410218084399,-1.2499406841842267,-1418.1964183980244
599,-205.94796259571058,0.7865965015843835,0.17120086053166572,2.0,5.0,0.0,207.38106351057385,0.4745957830310414,0.5254042169689586,-1.2146451689859425,-1.622482059004069,-1409.4971191493503
600,-206.3987249305494,0.979295478399626,0.19696920720027683,4.0,15.0,0.0,207.7195646583405,0.8394214930142236,0.16057850698577636,-1.6865720644454307,-1.8497093358399348,-1406.4981829012575
601,-206.2653803692898,0.95029966036528,0.23180046577321917,3.0,7.0,0.0,206.84802781574098,0.9470796154643206,0.05292038453567938,-1.6916793590744412,-0.8721725650007033,-1401.025631394134
602,-204.7905177036092,0.9981370087671098,0.10553360242920393,4.0,31.0,0.0,210.2729391556013,0.3142029229681703,0.6857970770318297,-1.8573243848997756,-1.5150308620597126,-1399.079529055746
603,-205.3016393986165,0.9911957094150604,0.17120086053166572,3.0,7.0,0.0,206.86694985287184,0.40652152377197714,0.5934784762280229,-1.7589261126739864,-1.6373459375309638,-1403.3652379776663
604,-206.06753872341542,0.9989362774580799,0.19696920720027683,3.0,7.0,0.0,206.53467113425563,0.8161449683323523,0.18385503166764772,-1.4674785327410043,-1.324432742990633,-1406.9875923461955
605,-207.84745894282375,0.9311801122202171,0.23180046577321917,4.0,15.0,0.0,209.80361641110042,0.68342981902874,0.31657018097126,-1.7610843411034534,-1.8490446578384565,-1419.5545500977503
606,-205.4585343918086,0.9985664110603099,0.10553360242920393,3.0,15.0,0.0,205.9077888544768,0.1409886394800452,0.8590113605199547,-2.071956635986073,-1.4717909717629252,-1399.0973667595604
607,-205.39290902802244,0.9870365849849162,0.17120086053166572,3.0,15.0,0.0,206.06338661730882,0.12833224046085848,0.8716677595391416,-1.5589783311790943,-1.5068614069420605,-1399.613445660058
608,-205.150182635861,0.9898223803900669,0.19696920720027683,3.0,15.0,0.0,206.27200795178524,0.8327561513210904,0.16724384867890962,-1.553993981303373,-1.297064167681901,-1399.9720135450873
609,-204.3709044309278,0.9961513585112501,0.23180046577321917,3.0,7.0,0.0,207.67565744170383,0.5705948573985447,0.42940514260145535,-1.6765975590470774,-1.4576331003778975,-1397.7671146325388
610,-204.79552050036955,0.9953327900382508,0.10553360242920393,3.0,15.0,0.0,206.29257169677524,0.2324685233023885,0.7675314766976115,-1.8117859287647693,-1.526070943419863,-1397.9259702864877
611,-204.80193005161425,0.9297640419988975,0.17120086053166572,3.0,7.0,0.0,207.91490073793668,0.19352028504637592,0.806479714953624,-1.4960180932795055,-1.6207236194110923,-1397.690187956658
612,-206.51748071780497,0.9973136614204865,0.19696920720027683,3.0,7.0,0.0,207.27562055165149,0.9176783150093125,0.08232168499068748,-1.7583489735082376,-0.7065968261887636,-1405.6285055563635
613,-204.47335566885533,0.9785690014922612,0.23180046577321917,3.0,15.0,0.0,205.05711477688732,0.6106259200221096,0.3893740799778904,-1.569289039451421,-1.4791888999168317,-1398.5133022654381
614,-206.40316010365052,0.9710842496800256,0.10553360242920393,4.0,15.0,0.0,206.9094217522281,0.04360088981142523,0.9563991101885748,-2.123851142629365,-1.560289255958235,-1397.8377925247314
615,-205.50884488274147,0.9314805330397434,0.17120086053166572,2.0,7.0,0.0,206.6825288697412,0.28725709492133367,0.7127429050786663,-1.6662551313484844,-1.3797195457333469,-1404.6079595547067
616,-206.9619849583325,0.9953608270404688,0.19696920720027683,3.0,7.0,0.0,207.2014881852997,0.8442733781402749,0.15572662185972508,-1.7036328455351328,-0.42143967864088594,-1412.9679119945174
617,-205.30755169181958,0.913609260477989,0.23180046577321917,3.0,7.0,0.0,205.74138852738955,0.20023496116142825,0.7997650388385718,-1.7818573987274933,-1.429209625967194,-1401.0560948265663
618,-206.94519302287696,0.951449863891624,0.10553360242920393,3.0,7.0,0.0,207.0648542249121,0.03177847581732318,0.9682215241826768,-2.1448158698160733,-1.4990118221199191,-1399.5666447807425
619,-205.0506471194908,0.9966496073894628,0.17120086053166572,3.0,15.0,0.0,206.40075134590506,0.816123611614991,0.18387638838500897,-1.6653848447510378,-1.4875838939672414,-1399.0322672293019
620,-207.07130542284014,0.9086854087828726,0.19696920720027683,2.0,7.0,0.0,211.04903816372146,0.9620303195883984,0.03796968041160165,-1.4710896485379366,-1.2222024566836347,-1404.376996332827
621,-204.55234775557628,1.0,0.23180046577321917,4.0,15.0,0.0,205.44893005758198,0.6799950825794031,0.3200049174205969,-1.7095739522446982,-1.342870465631134,-1398.3819127738286
622,-205.6832622938502,1.0,0.10553360242920393,4.0,15.0,0.0,207.36477501716467,0.08840015668372206,0.911599843316278,-1.6724364382275791,-1.624292956484888,-1398.7196266692602
623,-205.06493115545578,0.8632372056259735,0.17120086053166572,1.0,3.0,0.0,206.22799634099178,0.7717706050916769,0.22822939490832306,-1.507522839209627,-1.4672265392636088,-1400.7220581668337
624,-206.44434792428427,0.9550489739702194,0.19696920720027683,3.0,11.0,0.0,208.02285668040057,0.6383917204555875,0.36160827954441255,-1.5930577349234811,-1.9870118736272677,-1410.339780961875
625,-204.88064319554513,0.9030251899837313,0.23180046577321917,4.0,15.0,0.0,207.68070112715208,0.8288876003336549,0.17111239966634506,-1.6006424611760908,-1.5296877229089636,-1397.5410430628979
626,-204.98647211729283,0.9995135523809242,0.10553360242920393,3.0,15.0,0.0,207.29692820151507,0.21288040086027907,0.787119599139721,-1.0518444257181159,-1.6936471498884684,-1400.2242387385859
627,-205.16095874455877,0.992216912420238,0.17120086053166572,3.0,15.0,0.0,206.2515755823171,0.7422388461496644,0.2577611538503356,-1.3819496349190343,-1.9110444132590185,-1400.9750987665125
628,-204.58910559643965,1.0,0.19696920720027683,2.0,3.0,0.0,206.28455169112425,0.672527790166389,0.327472209833611,-1.5504162472650547,-1.7326514071300096,-1398.1317942514695
629,-205.01715565503542,0.912806900871832,0.23180046577321917,3.0,15.0,0.0,205.61197727461018,0.4078533399970144,0.5921466600029857,-1.600148548235785,-1.3980991320408698,-1402.4947654899465
630,-206.54257787390756,0.7998468004327397,0.10553360242920393,3.0,11.0,0.0,207.45914923432363,0.1634870822191359,0.8365129177808641,-1.435791942419121,-1.4215675514324482,-1409.4773776316988
631,-206.83975215523327,0.8788657183742042,0.17120086053166572,2.0,7.0,0.0,207.21236318309192,0.7506660227906758,0.24933397720932415,-1.6446217526304518,-2.0380199768702396,-1411.300736883939
632,-205.15698017169905,0.9491039926361183,0.19696920720027683,4.0,15.0,0.0,205.63656645061096,0.7958928498941926,0.20410715010580738,-1.5004745203133867,-1.486945485297975,-1400.766879836474
633,-205.46176650267898,0.9978668618486585,0.23180046577321917,3.0,15.0,0.0,206.2698443550713,0.32806979363480726,0.6719302063651927,-2.039726487708346,-1.4830292759377217,-1403.342635650864
634,-205.07059115651222,0.9908827646090478,0.10553360242920393,4.0,15.0,0.0,207.39066302766653,0.664479078769896,0.335520921230104,-1.8336555333266455,-1.1531076244319314,-1402.1587865168715
635,-205.51203793583625,0.9265817806711046,0.17120086053166572,2.0,5.0,0.0,207.86751248973383,0.8111367147140002,0.18886328528599983,-1.5169585544137707,-2.131082263527733,-1400.7591264405125
636,-204.79953637484164,0.9965616394626476,0.19696920720027683,3.0,7.0,0.0,205.32646079287102,0.7933070491044469,0.20669295089555306,-1.5274434632881344,-1.693949962735017,-1397.723159327408
637,-205.4660873496903,0.756115940817817,0.23180046577321917,4.0,15.0,0.0,208.0647073930157,0.5498435762728255,0.45015642372717446,-1.2243398895814153,-1.7694532203076654,-1405.6664380370291
638,-204.65741591752484,0.9539470138035518,0.10553360242920393,2.0,7.0,0.0,205.75175666050566,0.7150793649170615,0.2849206350829385,-1.7147863566589796,-1.329604484523344,-1398.6682455758087
639,-205.7291580617232,0.9644827302627069,0.17120086053166572,2.0,7.0,0.0,206.53270390409568,0.8210201486657847,0.17897985133421535,-1.5779583418602927,-2.0646104580450393,-1402.049110040398
640,-208.16160007673494,0.9689842551501785,0.19696920720027683,3.0,7.0,0.0,209.30383575795273,0.8609270996520699,0.13907290034793007,-1.3520194792334903,-2.7820669474154647,-1415.006115651635
641,-204.91053205206958,0.7560297362851758,0.23180046577321917,2.0,7.0,0.0,209.87817494836096,0.23563751464411298,0.764362485355887,-1.752568461195412,-1.589782307290531,-1398.7962343694219
642,-204.65741591752484,0.859529222994411,0.10553360242920393,1.0,3.0,0.0,206.40424044856394,0.7150793649170615,0.2849206350829385,-1.7147863566589796,-1.329604484523344,-1398.6682455758087
643,-207.23072411428933,0.8434286039967234,0.17120086053166572,3.0,15.0,0.0,208.1229159137973,0.721387078791746,0.278612921208254,-1.6313905414536962,-2.0907529179119115,-1414.3430508090767
644,-207.15124949885535,0.9955461979493431,0.19696920720027683,4.0,15.0,0.0,208.6807789417988,0.9508935892351175,0.049106410764882535,-1.673662932957206,-2.0217219494686476,-1403.8359391397146
645,-204.48442158235966,0.9937697190381587,0.23180046577321917,3.0,11.0,0.0,204.9447185233351,0.6937795460460848,0.3062204539539152,-1.6380687213653091,-1.469694996328876,-1397.64585959949
646,-204.42539793836966,0.9994386979390774,0.10553360242920393,4.0,15.0,0.0,204.71170587766576,0.37181242091475275,0.6281875790852472,-1.5522618591123996,-1.546771534939821,-1397.9283992365602
647,-205.03697158855167,0.9922169992962997,0.17120086053166572,4.0,15.0,0.0,208.23940613333446,0.6469663238986032,0.3530336761013968,-1.3461712522504645,-1.778131584816148,-1401.850030757015
648,-208.15485035360055,0.9700816182133819,0.19696920720027683,2.0,3.0,0.0,208.275157241414,0.9591166877478968,0.04088331225210318,-1.724901201753742,-1.9602532135610162,-1409.6230673452394
649,-204.85685034276972,0.9683415570740479,0.23180046577321917,3.0,7.0,0.0,205.0564306950362,0.7509578034606823,0.2490421965393177,-1.5651156020132941,-1.3558056018535156,-1399.8174895950547
650,-204.6698194481277,0.9773482692388414,0.10553360242920393,2.0,3.0,0.0,204.73496219620364,0.3563796685609461,0.6436203314390538,-1.5455436492272379,-1.4952129655179303,-1399.6450135490693
651,-205.33342730238334,1.0,0.17120086053166572,3.0,7.0,0.0,205.70049351273113,0.6260812820225458,0.37391871797745424,-1.2705636383381873,-1.870497744051643,-1403.948061560963
652,-207.35943418086046,0.982956232391225,0.19696920720027683,4.0,19.0,0.0,210.49038221882557,0.9479993680000858,0.052000631999914226,-1.4765579796376316,-0.5773524112809414,-1409.426186080582
653,-204.64794627880784,0.9606427921756188,0.23180046577321917,4.0,15.0,0.0,205.65086965628038,0.3893542204999394,0.6106457795000606,-1.2492805956950257,-1.7462971398609992,-1399.7540984862092
654,-205.35922869409208,0.9977760377549278,0.10553360242920393,4.0,15.0,0.0,205.88945667163804,0.0956611220787459,0.9043388779212541,-1.5164835581943665,-1.5737186742951754,-1397.5404034606433
655,-206.811423131639,0.9988609697612263,0.17120086053166572,4.0,31.0,0.0,207.25242407748786,0.9404860838748681,0.059513916125131905,-1.6111342853551398,-2.39257599657667,-1401.5040923951335
656,-205.83593476147053,0.9874546145460112,0.19696920720027683,2.0,7.0,0.0,208.3861382064247,0.9363357237625903,0.06366427623740967,-1.6391506133917753,-0.6758857300459835,-1399.6705631711957
657,-204.64794627880784,0.5097014045976317,0.23180046577321917,2.0,3.0,0.0,206.6679156082951,0.3893542204999394,0.6106457795000606,-1.2492805956950257,-1.7462971398609992,-1399.7540984862092
658,-205.97230635200768,0.9593620803052082,0.10553360242920393,2.0,7.0,0.0,206.1377713730984,0.06528993576124004,0.93471006423876,-1.5347165361730137,-1.6429943847971824,-1399.1245365782495
659,-206.36337177426472,0.9982080734823391,0.17120086053166572,4.0,15.0,0.0,207.43542894348815,0.9341612728751095,0.06583872712489047,-1.470000707048547,-2.1632393325814645,-1400.3377685055327
660,-204.3632580239705,0.9868937550015686,0.19696920720027683,4.0,19.0,0.0,206.20297070367485,0.5893024033732732,0.4106975966267268,-1.6381702000805252,-1.4635207433334816,-1397.724578934407
661,-204.6790129474447,0.3139278838382372,0.23180046577321917,2.0,5.0,0.0,211.37591370255458,0.7132668899397558,0.28673311006024416,-1.7228906883600192,-1.3216402912368486,-1398.8378808234158
662,-205.7459636514438,0.992753681130536,0.10553360242920393,3.0,15.0,0.0,207.38254792749544,0.07903141588500119,0.9209685841149988,-1.1926525089516,-1.5399767648894123,-1399.866837021543
663,-205.8837598874189,0.9865738361777578,0.17120086053166572,4.0,15.0,0.0,207.42618248757654,0.8809929804789777,0.11900701952102233,-1.4356528629890595,-1.9477849946304295,-1401.5601341726529
664,-205.43634359922333,0.9062484706662092,0.19696920720027683,2.0,7.0,0.0,206.02706574027056,0.6822365993590404,0.31776340064095965,-1.6149748503468289,-1.1427769199150113,-1405.1635336909014
665,-206.0290388943222,0.9219258456698124,0.23180046577321917,3.0,15.0,0.0,209.82924166428185,0.08479406991325616,0.9152059300867439,-2.2872975647287994,-1.524051783536486,-1399.0179715879003
666,-205.2105185640392,0.9963198767737997,0.10553360242920393,2.0,7.0,0.0,206.83543654714143,0.18954442080750353,0.8104555791924964,-0.9770262850757505,-1.7334979072932106,-1401.1848202969177
667,-208.11950585233905,0.8110857843824646,0.17120086053166572,3.0,13.0,0.0,208.74795290524378,0.9140945824024299,0.08590541759757009,-1.7133875137453536,-2.207222174151443,-1413.3214485874748
668,-204.5760011956141,1.0,0.19696920720027683,2.0,3.0,0.0,205.37070390232918,0.7226477108268964,0.2773522891731036,-1.6303044389062953,-1.3527537372575573,-1398.1830072257462
669,-207.22801603471206,0.9323832983021901,0.23180046577321917,3.0,11.0,0.0,208.1277799170563,0.890615779754468,0.10938422024553196,-1.4045578515327957,-1.4457260648818253,-1411.8859236186447
670,-204.69285120921504,0.9962960738032828,0.10553360242920393,4.0,15.0,0.0,206.04010076175868,0.4204020862530177,0.5795979137469822,-1.3732107760241836,-1.8032915389538162,-1399.7784863589245
671,-205.7578234487302,0.9067055521436064,0.17120086053166572,2.0,3.0,0.0,209.0138596213692,0.9061646106966641,0.0938353893033359,-1.5415080595176174,-2.113222248984027,-1398.3909993339066
672,-204.96494305404133,0.9917016803676548,0.19696920720027683,4.0,31.0,0.0,205.86938717400253,0.5821733679803609,0.4178266320196391,-1.290751118730987,-1.9034835576662519,-1401.5152032617632
673,-205.18092029094473,0.9962369893345998,0.23180046577321917,3.0,7.0,0.0,207.33802206846894,0.3383423342659555,0.6616576657340445,-1.7867677349241622,-1.6141352149754316,-1401.9943490081725
674,-204.46192632576577,0.9959042192081886,0.10553360242920393,3.0,15.0,0.0,205.14483600136117,0.47789627910267984,0.5221037208973202,-1.4097503407603904,-1.7582482799344703,-1398.397838750731
675,-205.4016004809739,0.8106677776222465,0.17120086053166572,2.0,3.0,0.0,206.92905454947874,0.8491351230437549,0.15086487695624506,-1.5222654070570218,-2.071912668630351,-1398.9615595857797
676,-204.56004737494774,0.8414581767980001,0.19696920720027683,4.0,15.0,0.0,207.28287546869436,0.32201959581585476,0.6779804041841453,-1.5611886815295295,-1.523006814333736,-1398.4312618932013
677,-204.97063386107655,0.9893983697732794,0.23180046577321917,2.0,7.0,0.0,206.00983399103077,0.4874193445599243,0.5125806554400757,-1.747636161532422,-1.5903394805260664,-1401.4853159662
678,-205.57482005292994,0.9769692577325914,0.10553360242920393,4.0,15.0,0.0,205.7772198620531,0.9076096537379132,0.09239034626208675,-1.5727458368810372,-1.8551872434498142,-1397.830840581541
679,-205.68577411868193,0.8707503074480328,0.17120086053166572,2.0,3.0,0.0,206.54165799657747,0.897375165116271,0.10262483488372898,-1.5290211323553393,-2.117739876707287,-1398.4610788180553
680,-204.71449119760103,0.9472382397276301,0.19696920720027683,3.0,15.0,0.0,206.25644999952596,0.23122439555744753,0.7687756044425524,-1.6845661507537575,-1.524558155399956,-1397.728419947112
681,-204.64725053563564,0.9889923401405915,0.23180046577321917,2.0,7.0,0.0,206.10602201124382,0.6669096364551184,0.33309036354488164,-1.4532279590147323,-1.6789842694806871,-1399.003160284406
682,-205.52605163374395,0.7717086143952208,0.10553360242920393,3.0,11.0,0.0,209.4309292965813,0.6746745163696527,0.3253254836303473,-1.2824488542460089,-1.9195897863118814,-1404.6465147041877
683,-210.5908560840769,0.3263933779474867,0.17120086053166572,2.0,3.0,0.0,211.6018397238144,0.916174127274642,0.08382587272535802,-1.8085452347769255,-2.1258366087496805,-1430.2544712520628
684,-205.0959505145359,0.38975700371521105,0.19696920720027683,2.0,5.0,0.0,209.96210833334078,0.5322798877194108,0.4677201122805892,-1.739799007221127,-1.213884821571999,-1403.2616288619615
685,-206.14973175188928,0.7577295085042764,0.23180046577321917,2.0,7.0,0.0,210.02581212084934,0.9612617607421756,0.03873823925782438,-1.5898404285359398,-1.3587503217074106,-1397.5257287968873
686,-205.15160489491637,0.8769017842099807,0.10553360242920393,4.0,15.0,0.0,208.0253227672286,0.13194363648704713,0.8680563635129529,-1.5247757781253988,-1.6194425002567627,-1397.8967660458075
687,-206.0973883111716,1.0,0.17120086053166572,2.0,3.0,0.0,210.45175160923344,0.9388461035148695,0.06115389648513048,-1.530426536848187,-2.105899411608301,-1398.079902859835
688,-204.6166890711123,1.0,0.19696920720027683,2.0,3.0,0.0,205.08100135198114,0.5317606634032146,0.4682393365967854,-1.7370864951461293,-1.3079442546394229,-1399.7552576018375
689,-206.00327831694383,0.908543403770209,0.23180046577321917,3.0,11.0,0.0,207.61619777995557,0.9430912543658949,0.056908745634105085,-1.533639536810906,-1.7873113737640562,-1398.0264895109697
690,-205.1087819324978,0.9902526313003123,0.10553360242920393,4.0,15.0,0.0,205.78628348534255,0.3905586594377954,0.6094413405622046,-1.948072770085992,-1.4616552795380073,-1401.8043476118166
691,-205.63368084843597,0.9488029976886881,0.17120086053166572,4.0,15.0,0.0,207.29409959371912,0.9194311390113706,0.08056886098862936,-1.5812723071345387,-1.7565329231964093,-1397.665528959048
692,-204.82945116876004,0.9952703491947354,0.19696920720027683,3.0,15.0,0.0,205.16935195342472,0.5218984916344229,0.4781015083655771,-1.8566980078615278,-1.3910642972223755,-1400.6747505503927
693,-207.9381997538965,0.6324813525235496,0.23180046577321917,2.0,3.0,0.0,209.45065786404732,0.9705822791421078,0.029417720857892182,-1.4289074525914616,-1.7124805259399045,-1407.5268879841797
694,-205.6878107126188,0.9075104534034724,0.10553360242920393,2.0,7.0,0.0,206.97666407892285,0.4842710407794815,0.5157289592205185,-1.828998358106188,-1.5963307513389187,-1406.1691758855911
695,-204.94234216914995,0.9902896468924051,0.17120086053166572,4.0,31.0,0.0,205.98748653460402,0.7396045542391159,0.26039544576088414,-1.5330729149792275,-1.8894555952146777,-1399.2010911032694
696,-206.19177882613542,0.7612308088401586,0.19696920720027683,3.0,11.0,0.0,207.74705709038832,0.4332624359061756,0.5667375640938244,-1.7150639234799883,-1.2029528601201196,-1410.83262125085
697,-206.0556936336655,0.9840732517400441,0.23180046577321917,3.0,7.0,0.0,208.17155203748555,0.825841236383128,0.174158763616872,-1.6488892779156306,-1.916988253535815,-1404.4664491673677
698,-205.7265507479886,0.9784968564284735,0.10553360242920393,4.0,23.0,0.0,207.2931249989585,0.07136326669310318,0.9286367333068968,-1.4113500093790632,-1.634289308522857,-1398.3347582579495
699,-204.6429921872131,1.0,0.17120086053166572,3.0,7.0,0.0,204.95126119310228,0.7054256139019993,0.2945743860980007,-1.4869486311126758,-1.8085201522494725,-1398.0370654580831
700,-204.5260521070269,0.9501736457690827,0.19696920720027683,2.0,7.0,0.0,207.38126182108417,0.591365566272475,0.40863443372752495,-1.6440518511585591,-1.3679788691538715,-1399.0553960755042
701,-205.69846504064336,0.917687197829427,0.23180046577321917,2.0,3.0,0.0,207.0544057210454,0.8326033466933688,0.16739665330663123,-1.3984843639798863,-2.0162926245758763,-1402.1032075179758
702,-205.4947179958765,0.993426295619447,0.10553360242920393,3.0,15.0,0.0,208.293642261348,0.6970703281871717,0.30292967181282826,-1.351749474234989,-1.7247074988327922,-1404.6185657347876
703,-204.5612070805133,0.9776643977329939,0.17120086053166572,4.0,31.0,0.0,205.1630534074454,0.3695860311681244,0.6304139688318756,-1.674210355659049,-1.4514472024514928,-1398.7565255123518
704,-204.5778958117572,0.9985482073347318,0.19696920720027683,4.0,19.0,0.0,204.6997987306364,0.42956226344851317,0.5704377365514868,-1.5322577190428115,-1.503013016277511,-1399.4815040604533
705,-206.35319906209352,0.9228971220767422,0.23180046577321917,3.0,11.0,0.0,209.80719392616095,0.03444307116771776,0.9655569288322823,-1.5552024929519708,-1.5555554462334793,-1397.7490544298623
706,-206.14123526587696,0.974721495332041,0.10553360242920393,2.0,3.0,0.0,206.1950661348915,0.7223872009547844,0.27761279904521563,-1.317674009607635,-1.7325951353865752,-1408.7831159746986
707,-204.5537261766791,0.9975560192222,0.17120086053166572,4.0,17.0,0.0,205.005841515233,0.6495066792491409,0.35049332075085915,-1.7321594695849585,-1.3100061368088676,-1398.7113624219699
708,-205.07694738105366,0.9846917296908901,0.19696920720027683,4.0,23.0,0.0,205.75950080550712,0.28480243488853946,0.7151975651114606,-1.8330986491155723,-1.3799962875596492,-1401.0841935948902
709,-205.7502604643314,0.8039708446769632,0.23180046577321917,3.0,7.0,0.0,207.4702265255463,0.210958498917646,0.7890415010823539,-1.277590847897502,-1.4997203157004642,-1405.535164310216
710,-206.18878598087682,0.9897149808659993,0.10553360242920393,3.0,9.0,0.0,207.6554893564608,0.8807214444969917,0.11927855550300825,-1.614161758580786,-2.117339525465365,-1402.6155493532092
711,-205.13359887342023,0.9482148163200456,0.17120086053166572,2.0,7.0,0.0,205.2289770465412,0.6559857043045321,0.34401429569546793,-1.6026405284166305,-1.2415501047075497,-1403.18042992242
712,-205.31072278599552,0.9992439491289152,0.19696920720027683,4.0,15.0,0.0,205.74710290265875,0.8966420006136079,0.10335799938639212,-1.5626415010934298,-1.5369661509798294,-1397.6568561778483
713,-205.08789431742238,0.985789200451157,0.23180046577321917,3.0,15.0,0.0,206.06266155766548,0.8529543175611194,0.1470456824388806,-1.5977218257006667,-1.6444466456112534,-1397.816872034093
714,-205.96420670463655,0.9965781119159034,0.10553360242920393,4.0,31.0,0.0,207.36660579283256,0.9497462708599796,0.05025372914002035,-1.5562427319831476,-1.2614109525147978,-1398.2702042549479
715,-205.4751018839678,0.998898869400461,0.17120086053166572,4.0,31.0,0.0,205.67716550663403,0.8735206796918779,0.12647932030812215,-1.5115703775242226,-1.4410186786322787,-1400.3887080068403
716,-204.7671345145599,0.9971686795214562,0.19696920720027683,2.0,7.0,0.0,205.82250025809122,0.7784062780769876,0.2215937219230124,-1.5544010514464035,-1.475891809107208,-1398.374311931113
717,-205.32547271897297,0.9120443003015359,0.23180046577321917,3.0,11.0,0.0,207.70529242512617,0.8837720771143952,0.1162279228856048,-1.6251274800692832,-0.9476833549228488,-1399.5617952833875
718,-205.87868947571093,0.9997318000471437,0.10553360242920393,3.0,7.0,0.0,206.01753042137508,0.948086306957602,0.05191369304239801,-1.5732329458997643,-1.3050567906277097,-1397.7492421933118
719,-204.5241245035594,0.9317740934147369,0.17120086053166572,4.0,15.0,0.0,206.54654184599653,0.4784885371373582,0.5215114628626418,-1.519839887517067,-1.7175139265707178,-1398.6719723884405
720,-204.83876026898645,0.9713731363276843,0.19696920720027683,3.0,11.0,0.0,205.38285637583073,0.460182657706197,0.5398173422938031,-1.7059700283411527,-1.3286746672527068,-1401.3185664598325
721,-204.7624886191651,0.8813590750702199,0.23180046577321917,4.0,15.0,0.0,206.34980527232815,0.7976478352292371,0.2023521647707629,-1.6392102794914356,-1.4201739994168314,-1397.7888864844601
722,-205.70514060492982,0.9955186994768883,0.10553360242920393,3.0,7.0,0.0,206.0146764323366,0.9366102245439918,0.06338977545600821,-1.576403953421436,-1.4034511557508298,-1397.607160793134
723,-205.4842903864115,0.9894889311494618,0.17120086053166572,3.0,7.0,0.0,205.92166716340998,0.2956587486026856,0.7043412513973144,-1.052369118990962,-1.8552614827727358,-1404.6683024581412
724,-204.76671229184294,0.9944347180117205,0.19696920720027683,3.0,15.0,0.0,205.45525549371473,0.49218321621887035,0.5078167837811296,-1.55849443993247,-1.7389887602180876,-1400.1919797645824
725,-204.7459831628021,0.9849523375067346,0.23180046577321917,3.0,13.0,0.0,205.7998405902614,0.22521457185867594,0.774785428141324,-1.3178585330846262,-1.605566554656795,-1398.5495767145212
726,-205.94036131438855,0.987235104518029,0.10553360242920393,2.0,3.0,0.0,205.94982969347026,0.9436666198306478,0.05633338016935219,-1.6281458838914749,-1.4317894645202696,-1398.2560869475838
727,-205.44104243857603,0.9649437755453707,0.17120086053166572,4.0,15.0,0.0,206.68404660096178,0.8964738368044698,0.10352616319553021,-1.5968334674059421,-1.7165114125151897,-1397.969334532371
728,-204.733521373407,1.0,0.19696920720027683,3.0,15.0,0.0,205.08112582247247,0.46411384782613857,0.5358861521738614,-1.651667625961516,-1.3775207218125756,-1400.6431676438674
729,-204.43045043826106,0.7946420213078423,0.23180046577321917,3.0,7.0,0.0,208.3750357652659,0.4094847706644857,0.5905152293355143,-1.421229153148452,-1.629948749166238,-1398.311044462912
730,-205.6300748412031,0.9966898466725246,0.10553360242920393,4.0,15.0,0.0,206.24752868096107,0.5952532516970263,0.40474674830297375,-1.8158698978493018,-1.0434101792444601,-1406.823435988614
731,-205.73457947266886,0.8804777360854745,0.17120086053166572,2.0,5.0,0.0,206.25379706916442,0.8845049863253591,0.11549501367464088,-1.4688035727792577,-1.7011792048871066,-1401.0440510765156
732,-204.5476708831414,1.0,0.19696920720027683,2.0,7.0,0.0,204.8698231186537,0.5117232107680159,0.48827678923198414,-1.6025134962607044,-1.6583374154959512,-1398.793227956252
733,-205.51864727181666,0.912299076633776,0.23180046577321917,2.0,7.0,0.0,206.9632996358505,0.07815643985440153,0.9218435601455984,-1.4503098080030878,-1.5869672560464245,-1397.5113674100753
734,-204.59789919270656,0.996867378831085,0.10553360242920393,3.0,15.0,0.0,206.49918456981672,0.7499709461352313,0.2500290538647687,-1.6380423310831995,-1.4130302471078031,-1397.7084375824904
735,-205.73457947266886,0.6893746806946018,0.17120086053166572,1.0,1.0,0.0,206.7717220513108,0.8845049863253591,0.11549501367464088,-1.4688035727792577,-1.7011792048871066,-1401.0440510765156
736,-205.2445763345846,0.9890431647210881,0.19696920720027683,3.0,15.0,0.0,206.35939531865435,0.2450865368566079,0.7549134631433921,-1.7565352748947767,-1.406318255274786,-1401.7520045657109
737,-206.3626560044025,0.9707863477890685,0.23180046577321917,4.0,15.0,0.0,207.2181575782338,0.9695092318284173,0.030490768171582694,-1.604772036395184,-1.2117457650899344,-1397.6869280644205
738,-205.2523327319371,0.9889096494760666,0.10553360242920393,3.0,15.0,0.0,205.82035513728894,0.8918372140977991,0.10816278590220085,-1.577579486355259,-1.5326325783096773,-1397.5012575806031
739,-208.42128274999996,0.3729133736786276,0.17120086053166572,2.0,3.0,0.0,212.74077555290185,0.9600776732197361,0.03992232678026386,-1.3902957465020143,-1.69802557656259,-1413.0345007978672
740,-205.06905086313938,1.0,0.19696920720027683,3.0,15.0,0.0,205.50449903474345,0.23526450132008975,0.7647354986799102,-1.679851299984727,-1.6397332057530625,-1399.9598959978734
741,-205.44036492585988,0.9158950602758417,0.23180046577321917,4.0,15.0,0.0,208.12955631379373,0.3791350048160352,0.6208649951839649,-2.006840670681031,-1.2553230470043077,-1404.301434909192
742,-205.16782817042312,0.9817771337382591,0.10553360242920393,4.0,19.0,0.0,205.54944363061756,0.12368964876038524,0.8763103512396148,-1.4363766422745816,-1.625488410497189,-1397.8370539816115
743,-206.02657678536008,0.8673869404166878,0.17120086053166572,2.0,3.0,0.0,209.3162571553276,0.939384476254994,0.060615523745006006,-1.624925410373956,-1.6738737634884915,-1398.68617524454
744,-206.43552814852188,0.9916871548072221,0.19696920720027683,4.0,15.0,0.0,206.54734441530533,0.9721417826180085,0.027858217381991457,-1.6104274941774805,-1.0875914476703765,-1397.8160960879084
745,-205.63804465376487,0.5460771432450381,0.23180046577321917,4.0,15.0,0.0,207.79736510872007,0.5994269831232517,0.4005730168767483,-1.9482783285609457,-1.2257870710924448,-1406.0674497179841
746,-205.50202473617165,0.825350652794539,0.10553360242920393,2.0,7.0,0.0,208.73298462535888,0.2402001902219492,0.7597998097780508,-1.6676880439947745,-1.40664730324149,-1403.6977465636342
747,-205.0847611238088,0.8061341660631486,0.17120086053166572,4.0,15.0,0.0,207.70158028763834,0.7266500455543962,0.27334995444560384,-1.5061473575275055,-1.9719400611060565,-1400.1938437941321
748,-204.74760937022302,0.9530676711189128,0.19696920720027683,3.0,15.0,0.0,207.87569722637323,0.5775861659620113,0.4224138340379887,-1.582853517329534,-1.73235364293061,-1399.8471618377835
749,-205.91280574208474,0.8853660559073159,0.23180046577321917,4.0,15.0,0.0,207.17970804374207,0.05503510428002501,0.944964895719975,-1.1398969227020639,-1.5553702700549137,-1398.7623946439803
750,-205.44718987480954,0.9865556558967976,0.10553360242920393,3.0,15.0,0.0,206.59400530325522,0.824505240897041,0.17549475910295897,-1.4512317440796851,-1.6690442700548838,-1401.6015007518051
751,-205.55995570941255,0.8571314012545387,0.17120086053166572,3.0,9.0,0.0,207.102111916131,0.8352646360956894,0.16473536390431065,-1.4307369676856194,-2.1447070976239333,-1400.517589569117
752,-205.1277158344605,0.9819068909231256,0.19696920720027683,4.0,23.0,0.0,205.63007854233047,0.2728316982266858,0.7271683017733142,-1.0540457675463275,-1.6867320856864896,-1402.38283309452
753,-209.38597894967603,0.9437300820116442,0.23180046577321917,5.0,43.0,0.0,210.15228885522615,0.0019875422707082836,0.9980124577292917,1.1870869295223174,-1.6377662665261885,-1399.8683592493871
754,-205.0777599361601,0.9847101277854304,0.10553360242920393,2.0,3.0,0.0,205.7577830635141,0.8029027889821058,0.19709721101789424,-1.62306174002146,-1.690557397221675,-1399.1495354881588
755,-205.2421743381255,0.9649873973410281,0.17120086053166572,3.0,9.0,0.0,206.18126442171658,0.735846384256175,0.264153615743825,-1.3891614632643414,-2.0711538395453135,-1401.0777947822833
756,-205.36552902404716,0.8697641333397066,0.19696920720027683,3.0,11.0,0.0,206.10487007694803,0.22593620591040522,0.7740637940895948,-1.2394048906314508,-1.5437328362789853,-1403.186290380503
757,-208.19535362157262,0.9525422477996904,0.23180046577321917,2.0,7.0,0.0,210.93753837522516,0.01773887893342997,0.98226112106657,1.1244974107132062,-1.5434428558582836,-1407.0380494875371
758,-205.79761663198366,0.9898248653741667,0.10553360242920393,3.0,15.0,0.0,206.2785701699453,0.79505715679048,0.20494284320952005,-1.3551988898256375,-2.1288975184581718,-1403.56714342702
759,-205.67143899847264,0.9937279957293134,0.17120086053166572,2.0,3.0,0.0,205.69229741498006,0.6455912365310739,0.35440876346892614,-1.343074753386434,-2.133019421466196,-1405.0536101600194
760,-205.11851233391977,1.0,0.19696920720027683,2.0,7.0,0.0,205.4007896434512,0.2515816443893509,0.7484183556106492,-1.2722998351086687,-1.7734014070792867,-1401.2607400389784
761,-208.19535362157262,0.17718113197570273,0.23180046577321917,1.0,1.0,0.0,210.48401574748698,0.01773887893342997,0.98226112106657,1.1244974107132062,-1.5434428558582836,-1407.0380494875371
762,-206.16194192142464,0.9819765096060268,0.10553360242920393,4.0,15.0,0.0,206.99218663940067,0.9056114836397867,0.09438851636021328,-1.4579748266228278,-1.6290070411681565,-1402.9999250386004
763,-205.72639358890632,0.7928186566955338,0.17120086053166572,3.0,7.0,0.0,207.2577686468884,0.7802007883605777,0.2197992116394223,-1.3570411229128274,-1.8929531111256042,-1404.2433412340488
764,-204.51731414628821,0.9999914597555992,0.19696920720027683,4.0,15.0,0.0,205.09261230860955,0.3075901517766546,0.6924098482233454,-1.346998539899021,-1.670396439252127,-1398.0963122232654
765,-209.00326673362952,0.971661327724933,0.23180046577321917,4.0,31.0,0.0,210.2775877344445,0.004629040463185116,0.9953709595368149,2.0421686219079183,-1.5884468245808123,-1400.7996489999168
766,-206.03734526063232,0.9478521098893177,0.10553360242920393,3.0,15.0,0.0,208.46385908218184,0.9135248112266778,0.08647518877332216,-1.4999839558680137,-2.2920890116492183,-1399.242160991929
767,-205.45377359845148,0.9979782102866551,0.17120086053166572,3.0,11.0,0.0,206.39722116578534,0.821235763256618,0.17876423674338204,-1.5129723570742157,-2.1211990851837803,-1400.1092220668802
768,-204.55955775111894,0.9925080098886211,0.19696920720027683,2.0,7.0,0.0,204.7897873078942,0.40044595323622734,0.5995540467637727,-1.3107072278478205,-1.6916452570840663,-1399.2373960105463
769,-208.99667103610042,0.990762736721826,0.23180046577321917,3.0,11.0,0.0,209.2247107951118,0.00552242346557994,0.99447757653442,2.146289230227758,-1.5754649083832708,-1401.6257796659834
770,-206.30166300148804,0.9998412747702768,0.10553360242920393,4.0,15.0,0.0,206.6802312935924,0.9332072619306105,0.06679273806938946,-1.5200072351314642,-2.3740073041763248,-1399.0489701125134
771,-205.68363909347943,0.9190729386697218,0.17120086053166572,2.0,3.0,0.0,206.08814521963205,0.7947918227654087,0.20520817723459128,-1.5478760140692112,-2.1062419195346718,-1402.3863089391377
772,-205.93069879541795,0.9404290274745061,0.19696920720027683,4.0,31.0,0.0,207.48648977233967,0.0759210836141124,0.9240789163858876,-0.5617107443079433,-1.6168593517618741,-1401.635084865128
773,-209.19661650872422,0.7973448345004055,0.23180046577321917,3.0,7.0,0.0,210.19373520032715,0.005075461783467482,0.9949245382165325,1.9388472473931566,-1.6462879218180781,-1402.9617557790327
774,-206.49051206437395,0.9783799108591182,0.10553360242920393,2.0,7.0,0.0,208.12603248234828,0.9504325790178333,0.04956742098216671,-1.5805916855775355,-2.2619795641738727,-1398.7057739674467
775,-205.27803571194661,0.9502292479416021,0.17120086053166572,4.0,15.0,0.0,207.31262927481487,0.4127706146235763,0.5872293853764237,-1.112695340768637,-1.7836371052583615,-1404.404681435179
776,-207.0847162045913,0.7238043106238574,0.19696920720027683,3.0,15.0,0.0,207.30091494793407,0.05916948395138297,0.940830516048617,-0.6332518392523567,-1.762799270797277,-1407.5091287596151
777,-210.1092622798382,0.8886354401665391,0.23180046577321917,4.0,27.0,0.0,213.41715788890593,0.01068386735030337,0.9893161326496966,3.396841441920865,-1.5760699851614723,-1407.8467006305582
778,-207.9890221832055,0.9787832002550504,0.10553360242920393,4.0,31.0,0.0,209.5963837611614,0.7579020357865794,0.24209796421342056,-1.8020571347058147,-0.5109375714595397,-1421.9949255989666
779,-204.7360013888804,0.9826353639385085,0.17120086053166572,3.0,15.0,0.0,206.72698131046755,0.42474629187384677,0.5752537081261533,-1.2912794343656544,-1.8286326305364726,-1400.2046307169294
780,-206.48288708390126,0.9867205333327866,0.19696920720027683,2.0,7.0,0.0,208.13635121016733,0.03548056536628835,0.9645194346337116,-0.6420131470367644,-1.6682374173123267,-1400.261346344559
781,-210.6496335216453,0.8574925042628128,0.23180046577321917,3.0,15.0,0.0,211.02606702501825,0.0024609060787826546,0.9975390939212173,3.12982134128019,-1.6565644552344503,-1402.7747572981107
782,-205.67995215856894,0.9730432596756851,0.10553360242920393,3.0,7.0,0.0,208.8043949979301,0.884154576411587,0.11584542358841299,-1.6855693111355887,-0.6948065152865104,-1402.1765268550314
783,-205.37413524183032,0.920980170108944,0.17120086053166572,4.0,15.0,0.0,207.12634620910217,0.6733430193707418,0.3266569806292582,-1.663675595276499,-1.093770140852842,-1404.790620018759
784,-205.7684397556567,0.6430656196985006,0.19696920720027683,2.0,7.0,0.0,208.05009256462964,0.09017363641390146,0.9098263635860986,-0.6748199615450994,-1.615405847274646,-1401.4785849806008
785,-210.40576123340895,0.9972910958418568,0.23180046577321917,5.0,35.0,0.0,212.4679064142857,0.0037894242239892057,0.9962105757760108,3.655228502873994,-1.580273608590197,-1401.1979442164436
786,-205.3212890402566,0.99865617697996,0.10553360242920393,3.0,7.0,0.0,205.74881846046353,0.8639821314614987,0.13601786853850129,-1.6504826359336613,-0.8927375392651025,-1400.4781856007658
787,-206.6251095615429,0.953295848526567,0.17120086053166572,3.0,7.0,0.0,206.884798694284,0.712000422427609,0.28799957757239103,-1.9499714074348535,-1.031049719826982,-1412.169370358571
788,-206.33922065268843,0.8390187103197988,0.19696920720027683,2.0,3.0,0.0,206.35334695044202,0.0905404286980868,0.9094595713019132,-0.6567373186957961,-1.5486436413291134,-1405.6498445206644
789,-209.2919170246516,0.9844896960420846,0.23180046577321917,4.0,23.0,0.0,210.78322324539624,0.004179612236653513,0.9958203877633465,2.3622392895022806,-1.5905225545137307,-1400.8682466175414
790,-204.5396265817214,0.9398108478807573,0.10553360242920393,4.0,23.0,0.0,206.8152635309046,0.2968032011036776,0.7031967988963224,-1.6686873706015077,-1.520184906559886,-1397.6867926099114
791,-205.50093453665696,0.9888706714549346,0.17120086053166572,3.0,15.0,0.0,208.60673346157373,0.592453865729485,0.407546134270515,-1.9293180305567819,-1.133604528806825,-1405.4099949957981
792,-206.58602660756907,0.9404869211208009,0.19696920720027683,2.0,7.0,0.0,206.9683010915969,0.06517260472177046,0.9348273952782296,-0.688445648865031,-1.7400828698206117,-1404.6933238619956
793,-209.53065392275693,0.9656482044369992,0.23180046577321917,2.0,3.0,0.0,209.5919576836128,0.003291804231539209,0.9967081957684608,2.3688365118775745,-1.5384199454501943,-1400.9879036940154
794,-206.7176910663324,0.8839011231628117,0.10553360242920393,3.0,15.0,0.0,207.94358461822802,0.07953692767235555,0.9204630723276445,-2.266450041857839,-1.6281483952933606,-1403.1710928509133
795,-205.6785729932578,0.9149384554282621,0.17120086053166572,4.0,15.0,0.0,206.340932329661,0.9342682077785934,0.06573179222140657,-1.617003859076367,-1.3042243577747807,-1397.7769990231952
796,-206.58602660756907,0.45457797746139644,0.19696920720027683,1.0,1.0,0.0,207.7835011777569,0.06517260472177046,0.9348273952782296,-0.688445648865031,-1.7400828698206117,-1404.6933238619956
797,-209.2244056662481,0.921595360653414,0.23180046577321917,3.0,7.0,0.0,209.8175237731603,0.005766650066057434,0.9942333499339425,2.4516781953383258,-1.5708957292562795,-1402.2961049583334
798,-206.42770126501705,0.9612741094129201,0.10553360242920393,2.0,7.0,0.0,208.25289112730482,0.05155639758821361,0.9484436024117864,-2.2948325464722714,-1.5204237620273051,-1398.5610317970072
799,-207.72526204869052,0.7586458096995203,0.17120086053166572,4.0,31.0,0.0,209.54983379873838,0.012602094892122623,0.9873979051078774,-2.337882349383997,-1.5532994992964662,-1397.8111070013108
800,-205.8699500750751,0.9712733753297946,0.19696920720027683,3.0,7.0,0.0,206.55677265122964,0.08203358801059411,0.9179664119894059,-0.6380271379919538,-1.6837182509412,-1401.434897221112
801,-209.4603098752206,0.8313039359391379,0.23180046577321917,2.0,7.0,0.0,210.14229271581831,0.013705976839682705,0.9862940231603173,2.5502845960309317,-1.567771654689421,-1409.4331972579143
802,-204.72943923036283,0.9995110795558209,0.10553360242920393,4.0,19.0,0.0,206.8718987403413,0.5019033721534302,0.49809662784656983,-1.844430023160531,-1.2936441975664512,-1400.2620973581518
803,-204.42721588984875,0.9928997326194952,0.17120086053166572,5.0,31.0,0.0,207.9627405099441,0.4721910897129309,0.5278089102870691,-1.6970347698037462,-1.4226112170077772,-1398.3013585261333
804,-205.1337220631691,0.9702454226718263,0.19696920720027683,4.0,31.0,0.0,206.08082405324615,0.20888555221770008,0.7911144477822999,-1.0405548450443374,-1.7477199046812932,-1401.0052340043635
805,-209.80602637269436,0.6129612664974874,0.23180046577321917,4.0,19.0,0.0,211.86143641345723,0.016981441254419027,0.983018558745581,1.3292443922150552,-1.442056303424715,-1417.695627922139
806,-205.54908419794637,0.9841717118838876,0.10553360242920393,4.0,15.0,0.0,205.92216326594487,0.08653041412564123,0.9134695858743588,-1.660710632930565,-1.5392421647442653,-1397.925312201779
807,-204.34809394466674,0.987909873282948,0.17120086053166572,3.0,11.0,0.0,204.73372286252226,0.5775542532192477,0.4224457467807523,-1.5987632504680163,-1.5688234897357074,-1397.5099766003777
808,-205.1337220631691,0.5965499716172695,0.19696920720027683,2.0,7.0,0.0,206.6684577087473,0.20888555221770008,0.7911144477822999,-1.0405548450443374,-1.7477199046812932,-1401.0052340043635
809,-209.2650026458739,1.0,0.23180046577321917,2.0,3.0,0.0,210.1489329866241,0.02301769486330192,0.976982305136698,1.3011152007238753,-1.4863415788978984,-1415.968669359287
810,-209.9633752862326,0.9751136877103488,0.10553360242920393,5.0,31.0,0.0,211.1411871662757,0.0020422065206127213,0.9979577934793873,-2.7261011267517743,-1.5200242303188198,-1399.164753712115
811,-204.64287402515075,0.9843907448589888,0.17120086053166572,4.0,23.0,0.0,204.85275814707828,0.6400995217546593,0.35990047824534066,-1.6964469551420804,-1.5150486807428276,-1399.0149082263256
812,-204.83269658552794,0.7213225933283082,0.19696920720027683,4.0,23.0,0.0,206.75701733816737,0.19349277503724877,0.8065072249627512,-1.4589791631069533,-1.5631878704811657,-1398.1546537641166
813,-210.12308050803074,0.7720666466135218,0.23180046577321917,4.0,23.0,0.0,215.34929235853338,0.0017748550633606304,0.9982251449366394,0.8633826862963159,-1.6963350921782352,-1404.584238810447
814,-210.07463922140485,0.8719719579797423,0.10553360242920393,2.0,7.0,0.0,210.93335783445193,0.002499123147883242,0.9975008768521167,-2.7218819662818894,-1.658799384222245,-1400.963848038282
815,-204.64601658608555,0.9996596538084968,0.17120086053166572,3.0,15.0,0.0,205.18611799126393,0.7659851278008425,0.2340148721991575,-1.5830674343773106,-1.4806756036077964,-1397.7134113390155
816,-205.32597333014886,0.9835820789733277,0.19696920720027683,4.0,31.0,0.0,206.8781738785195,0.16184978630906674,0.8381502136909332,-0.8897320042832443,-1.6624673172950675,-1401.4723394776042
817,-209.2719451685487,0.962180860884153,0.23180046577321917,2.0,3.0,0.0,210.49938001133978,0.002715356414249279,0.9972846435857508,0.8957267139184805,-1.4948172950825107,-1402.1416473077118
818,-211.33553100574682,0.9808099239133451,0.10553360242920393,4.0,31.0,0.0,214.00560246805463,0.0006711443096465697,0.9993288556903535,-2.8543836948162595,-1.502119763400196,-1400.3943725867903
819,-204.90082979312496,0.9407933203643736,0.17120086053166572,3.0,7.0,0.0,205.1910518688714,0.7639543359993889,0.2360456640006111,-1.6637096787262202,-1.5431408217618996,-1399.1257726100112
820,-204.7877191693963,0.9517734901197051,0.19696920720027683,4.0,31.0,0.0,206.93351713216916,0.2799829416572947,0.7200170583427052,-1.863123390094564,-1.5105582361066692,-1398.5930774741798
821,-209.2102402691317,0.9746727492357284,0.23180046577321917,3.0,7.0,0.0,209.82257902533945,0.004006255192870543,0.9959937448071294,0.8683566802707898,-1.4762357343754087,-1404.4824769139366
822,-206.50847772075753,0.9954521902861514,0.10553360242920393,5.0,31.0,0.0,212.14968010483818,0.9680411037464006,0.03195889625359938,-1.5676582719566878,-1.8174454863086864,-1397.5259978505294
823,-204.7105463839565,0.996917988817366,0.17120086053166572,4.0,15.0,0.0,205.23297857274096,0.2840252562353003,0.7159747437646997,-1.262875938367979,-1.6365903785128393,-1399.3978178048228
824,-205.2542958784827,0.9099613934305377,0.19696920720027683,4.0,15.0,0.0,205.74496725441003,0.18801586051418817,0.8119841394858118,-1.7944747989691392,-1.4441951960837813,-1400.2818660079417
825,-209.2102402691317,0.5580402416714519,0.23180046577321917,1.0,1.0,0.0,210.31548364086314,0.004006255192870543,0.9959937448071294,0.8683566802707898,-1.4762357343754087,-1404.4824769139366
826,-207.00783490224,0.959788157830362,0.10553360242920393,3.0,7.0,0.0,207.27136772324678,0.9766622167809433,0.023337783219056663,-1.521240190371749,-1.8946758003881912,-1398.741300686853
827,-206.31157649321622,0.9386055779891423,0.17120086053166572,2.0,7.0,0.0,210.12830178655156,0.30974998330320347,0.6902500166967965,-2.1476494211926465,-1.513270576702979,-1408.5333491845868
828,-205.17257878912199,0.9599011973259719,0.19696920720027683,4.0,19.0,0.0,206.68445586432313,0.2729406080280919,0.7270593919719082,-1.4910922912572482,-1.732898246124798,-1401.5976658985014
829,-209.2102402691317,0.0748115984910791,0.23180046577321917,1.0,1.0,0.0,212.85472637267938,0.004006255192870543,0.9959937448071294,0.8683566802707898,-1.4762357343754087,-1404.4824769139366
830,-205.67988424357839,0.987069875500552,0.10553360242920393,4.0,15.0,0.0,207.49555347154066,0.8620097603404672,0.13799023965953283,-1.5086695523926128,-2.2160866669875574,-1399.8734120785225
831,-205.63481313452445,0.9998689721216112,0.17120086053166572,3.0,15.0,0.0,206.8642336716078,0.07187177776257327,0.9281282222374267,-1.3980823145075756,-1.5598542512780533,-1397.9838022806998
832,-204.90840369261238,0.9434043252538327,0.19696920720027683,2.0,7.0,0.0,206.5835725201968,0.17593934259424476,0.8240606574057552,-1.4790761208457859,-1.5567166506281844,-1398.1358678571307
833,-208.09223106913504,0.6761572009127957,0.23180046577321917,2.0,7.0,0.0,210.36642611964717,0.010133031985103156,0.9898669680148968,0.8525097374878645,-1.6509079114295535,-1402.6788254658459
834,-205.2917144367321,0.9546163270856821,0.10553360242920393,3.0,15.0,0.0,208.81203388024198,0.6137365945478456,0.38626340545215443,-1.807712589671404,-1.07987838321608,-1404.333136536306
835,-206.30268659546553,0.9547842319897516,0.17120086053166572,4.0,19.0,0.0,206.9600904479749,0.18082730498722718,0.8191726950127728,-0.9088236956721417,-1.5528081729796472,-1409.1017169448105
836,-204.61782049218357,0.9906294451662558,0.19696920720027683,3.0,7.0,0.0,205.06946884975264,0.28700143529843347,0.7129985647015665,-1.4453979926562508,-1.6776235423882269,-1398.256267207715
837,-206.79833086369229,0.8638120399027089,0.23180046577321917,4.0,27.0,0.0,209.5835284897415,0.06982171870677407,0.9301782812932259,-0.7048515633474097,-1.5016751686654148,-1407.2490188720199
838,-204.98538108460465,0.9959620605802741,0.10553360242920393,4.0,15.0,0.0,205.728184697699,0.802127720754173,0.19787227924582695,-1.6374453433787073,-1.1075110317923214,-1399.90001666035
839,-206.81095044777962,0.9814259776004197,0.17120086053166572,3.0,7.0,0.0,207.12972026911135,0.21132134103002184,0.7886786589699781,-0.9563823891718906,-1.526029290298688,-1413.4217095455388
840,-205.40191337173133,0.9829793765732212,0.19696920720027683,4.0,27.0,0.0,205.85391125469795,0.2855896267928455,0.7144103732071545,-0.9922934443585103,-1.7033779570707985,-1404.5307290459277
841,-206.70709773113285,0.9766394451181045,0.23180046577321917,3.0,11.0,0.0,207.83290568831504,0.26999005027623435,0.7300099497237656,-0.8443360293233154,-1.9138562654263416,-1412.885060658967
842,-205.12467438903195,0.9707681049915025,0.10553360242920393,3.0,11.0,0.0,205.84335945713457,0.7522179077590806,0.2477820922409194,-1.7426954682967706,-1.395017538947806,-1401.0437527281056
843,-207.7599470769641,1.0,0.17120086053166572,3.0,15.0,0.0,208.7561404362454,0.006763299750004433,0.9932367002499956,-0.5558024975407091,-1.5517010712868429,-1398.2493787891945
844,-205.94630243177122,0.8881158111354063,0.19696920720027683,3.0,15.0,0.0,206.49667294017587,0.07321585547580003,0.9267841445242,-0.82005875388109,-1.6977244192657637,-1400.9727554094927
845,-204.89735666911827,1.0,0.23180046577321917,3.0,15.0,0.0,206.94440189766348,0.1709933658244768,0.8290066341755232,-1.6021679713938652,-1.557915489728548,-1397.5732050388494
846,-205.13020464082254,0.9994580013445699,0.10553360242920393,4.0,15.0,0.0,205.4710053911263,0.6370085110555704,0.36299148894442956,-1.6552486290436759,-1.706169654302251,-1401.9945480319088
847,-208.0690917347961,0.9806746172019034,0.17120086053166572,2.0,3.0,0.0,208.12961892270306,0.006302378420784424,0.9936976215792156,-0.5303070607016,-1.5160586019916402,-1400.0188277321756
848,-205.76015585917264,0.5178924290582813,0.19696920720027683,3.0,15.0,0.0,208.41078301750076,0.16607681086190995,0.83392318913809,-0.869030103780503,-1.6008128961874823,-1404.8198991605855
849,-204.7334189699904,0.7660353139716044,0.23180046577321917,2.0,7.0,0.0,206.71130796269244,0.7444149970461016,0.2555850029538984,-1.4904872772398547,-1.6789534479251662,-1398.4336615373918
850,-205.96651201817596,0.9979990373671462,0.10553360242920393,4.0,15.0,0.0,206.5694598899928,0.4554992896289384,0.5445007103710616,-1.186888801735834,-2.0235143448538997,-1408.3831981085455
851,-208.45335682138668,0.9950416713872386,0.17120086053166572,3.0,7.0,0.0,208.77067805306362,0.003831487516239148,0.9961685124837608,-0.5863231206592394,-1.5257602923363465,-1399.1730911194572
852,-206.39354631803158,0.8011812890882404,0.19696920720027683,2.0,7.0,0.0,207.63208524087042,0.09760073589238633,0.9023992641076137,-0.8967781363790015,-1.7686926277243933,-1405.5376645858676
853,-204.9671000729514,0.8938320128951432,0.23180046577321917,3.0,7.0,0.0,206.23149166111483,0.7968893072054348,0.20311069279456517,-1.4744880700948853,-1.821991050419615,-1398.5395443071457
854,-206.03633423839693,0.9913582379908024,0.10553360242920393,4.0,31.0,0.0,206.87805209488513,0.11559739733459115,0.8844026026654088,-1.4899415474201185,-1.708905826168148,-1403.0570663012743
855,-208.11071842934754,0.9875611983385361,0.17120086053166572,3.0,15.0,0.0,209.5984274107583,0.0051603379974410135,0.994839662002559,-1.1636614249795803,-1.6041868138472104,-1397.7694368122307
856,-206.31971874048534,0.9664440883493973,0.19696920720027683,3.0,11.0,0.0,207.19916932562612,0.13092700761627704,0.8690729923837229,-0.6954040942618119,-1.5729070940045426,-1407.638693222333
857,-205.33427675949576,0.9432184114786444,0.23180046577321917,3.0,11.0,0.0,207.30681098503695,0.7850020295199861,0.2149979704800139,-1.7508452858780303,-0.9272006258357848,-1402.7194302097373
858,-205.44222240809833,0.9990845272498,0.10553360242920393,4.0,31.0,0.0,206.8737163091506,0.7237636310931734,0.27623636890682657,-1.4879981693982625,-2.080208588237961,-1402.3762651168263
859,-207.63962164518395,0.9756646520598637,0.17120086053166572,3.0,7.0,0.0,208.6291648171621,0.00984163190137536,0.9901583680986247,-1.2906070252544604,-1.6290467119773895,-1398.6039899370978
860,-205.76868705217998,0.9710268839990277,0.19696920720027683,2.0,5.0,0.0,208.1935008205511,0.0657330052814741,0.9342669947185259,-0.7297181708259557,-1.626070343000607,-1399.3831894230323
861,-205.0488144754425,0.6103058967494107,0.23180046577321917,3.0,11.0,0.0,208.06486224981322,0.5348191785023804,0.46518082149761963,-1.6838899039285704,-1.2578347665808773,-1403.0027763966382
862,-204.48369134911525,0.9988981652316583,0.10553360242920393,4.0,15.0,0.0,206.03064340512134,0.33279036158282504,0.667209638417175,-1.5524083292118787,-1.5441367121874652,-1397.9881051380648
863,-207.15910870959905,0.9992982454650733,0.17120086053166572,3.0,7.0,0.0,207.99461199045533,0.01362582795304842,0.9863741720469515,-1.259666261965013,-1.600151949385376,-1397.6543828225076
864,-206.46257824945195,0.9777738465347064,0.19696920720027683,5.0,47.0,0.0,208.00036330266425,0.0320500845584659,0.9679499154415341,-0.2986111159864673,-1.6083935149972322,-1399.8913917824666
865,-205.49670555501672,0.9909137380305088,0.23180046577321917,4.0,15.0,0.0,206.3705802313095,0.6763470654128738,0.3236529345871262,-1.3394081482693934,-2.1165235470901678,-1403.6100213562108
866,-205.6171755104275,0.972575891903587,0.10553360242920393,4.0,31.0,0.0,207.26995451169086,0.9003026608920284,0.09969733910797163,-1.6245567908092098,-0.7520770659199199,-1400.9337636275718
867,-208.15583973875908,0.9839767220820489,0.17120086053166572,3.0,7.0,0.0,210.0743898422481,0.3433124621021071,0.6566875378978929,-0.7575175087038382,-1.7094439204785736,-1424.5806694266487
868,-205.127739623576,0.44324664948183684,0.19696920720027683,5.0,31.0,0.0,209.03461908496746,0.817235122295998,0.18276487770400196,-1.7039595157312923,-1.3487568357988988,-1399.7600958090582
869,-206.60435808071156,0.9317683731624237,0.23180046577321917,2.0,3.0,0.0,206.7101678919995,0.7088113098771925,0.29118869012280746,-1.256955823662522,-2.2717353529684376,-1410.4518495936363
870,-206.55161776402397,0.9213109693351048,0.10553360242920393,2.0,7.0,0.0,206.77891044922274,0.9299666000626976,0.0700333999373024,-1.7443566142410352,-0.8543888773866286,-1404.6825937975086
871,-205.36612332021045,0.8909522674721387,0.17120086053166572,2.0,3.0,0.0,209.15660598326886,0.2720110998947249,0.7279889001052751,-0.9594367465037306,-1.7441702360144618,-1404.0110028180402
872,-204.77516045648852,0.945936477123666,0.19696920720027683,4.0,15.0,0.0,206.46015465790563,0.7063309364197273,0.29366906358027267,-1.754873101456741,-1.2778304629188137,-1399.6019424369247
873,-205.25074993737616,0.9538949196648151,0.23180046577321917,3.0,7.0,0.0,206.83384333775265,0.8274983798162211,0.1725016201837789,-1.4863436693901821,-2.044015492097731,-1398.859480085755
874,-205.7911960724938,0.9911683856017063,0.10553360242920393,3.0,7.0,0.0,206.77714858222274,0.9237698967620916,0.07623010323790835,-1.6848499935390187,-0.9300367330280732,-1400.028914249037
875,-205.28909678646397,0.8735856838995887,0.17120086053166572,4.0,31.0,0.0,207.94041740652392,0.8639739077770613,0.1360260922229387,-1.5509137087592668,-1.9101437532281225,-1398.069071620848
876,-206.00645489534034,0.933580948801256,0.19696920720027683,4.0,15.0,0.0,206.75353108359823,0.7972057062227922,0.2027942937772078,-1.7609468197411307,-0.7290430042126949,-1407.3183268366247
877,-204.74507615930838,0.9794476790969239,0.23180046577321917,3.0,7.0,0.0,205.4734402924403,0.45670392664534004,0.5432960733546599,-1.488590447878874,-1.5038659625261366,-1400.8345109228985
878,-205.45005567103675,0.9995855405052775,0.10553360242920393,3.0,15.0,0.0,206.269995367675,0.890925181163711,0.109074818836289,-1.544158582236848,-1.2825240558454525,-1399.6160648321145
879,-205.00034026697685,0.95751843631427,0.17120086053166572,4.0,31.0,0.0,206.4374004123975,0.26873623240498,0.73126376759502,-1.133141460944059,-1.6488030427718625,-1401.3971344865922
880,-206.2078845641123,0.9937561155518981,0.19696920720027683,3.0,7.0,0.0,207.47347514046405,0.9237623711778389,0.07623762882216112,-1.6958638505563315,-0.46050148208256764,-1403.4395359630616
881,-204.5557670435925,1.0,0.23180046577321917,2.0,3.0,0.0,204.79548427822542,0.4250733330853492,0.5749266669146508,-1.6040791171708544,-1.646648365426221,-1398.7250865995659
882,-206.3023648614252,0.9882789777357038,0.10553360242920393,4.0,15.0,0.0,207.17806924565326,0.5721932837250474,0.4278067162749526,-1.9559661905950652,-1.0022015298787332,-1411.1937961416706
883,-205.06733629450477,0.9613756631716721,0.17120086053166572,3.0,11.0,0.0,206.55664718687638,0.18195900520267302,0.818040994797327,-1.8115782468706898,-1.5746127367481328,-1398.4223291711014
884,-208.92315175796398,0.9505163006040673,0.19696920720027683,4.0,31.0,0.0,209.28718176700391,0.9952476912534448,0.004752308746555189,-1.6326657205776283,1.6659658966658255,-1401.5084824886928
885,-205.38548211707823,0.9451053927692011,0.23180046577321917,2.0,7.0,0.0,206.75899786423705,0.097517563566261,0.902482436433739,-1.5759845492205642,-1.554082166842932,-1397.7344823761475
886,-205.22804008666654,0.75672776230308,0.10553360242920393,3.0,7.0,0.0,208.449319801267,0.779800259910063,0.22019974008993703,-1.76816155641215,-1.224292185401967,-1401.500249296985
887,-206.47078562369467,0.9891671810110122,0.17120086053166572,4.0,31.0,0.0,206.95107065934636,0.9451505458602507,0.05484945413974929,-1.683182507551771,-1.4236221024824265,-1401.6093542913604
888,-211.67802364553748,0.9794622577847861,0.19696920720027683,4.0,23.0,0.0,212.76170941645114,0.9890350732315779,0.01096492676842209,-1.461892575089849,4.0053873788414505,-1415.2706576612054
889,-204.64705945839412,0.9732815105483336,0.23180046577321917,3.0,7.0,0.0,205.77093223806648,0.242541615413327,0.757458384586673,-1.6427501614288278,-1.5472361969006387,-1397.550244649942
890,-205.20640378404534,0.9950406547378363,0.10553360242920393,5.0,31.0,0.0,205.83367375491255,0.567375970666416,0.432624029333584,-1.7733583766009713,-1.561813135692253,-1402.9911872736245
891,-205.4959227940874,0.8637598657164124,0.17120086053166572,3.0,7.0,0.0,207.37290048972005,0.8984211765963537,0.10157882340364632,-1.525371909238178,-1.5070006363821136,-1399.0080585971107
892,-210.66761201451857,1.0,0.19696920720027683,3.0,7.0,0.0,211.66659947388916,0.9913621101025325,0.008637889897467499,-1.5433623427817196,3.967570998396813,-1406.7083495281609
893,-204.73044207338586,0.8985102911928949,0.23180046577321917,3.0,9.0,0.0,206.56315115495724,0.28116349055314027,0.7188365094468597,-1.1992064825670485,-1.726827547925152,-1399.3661434139615
894,-207.110406292961,0.9670062512543126,0.10553360242920393,5.0,39.0,0.0,207.5459409709959,0.06984108830147365,0.9301589116985264,-0.05080760391145875,-1.6977609940499414,-1409.2915782887385
895,-204.8005657482804,0.9395277245024254,0.17120086053166572,4.0,31.0,0.0,206.3549291899854,0.37620013067280283,0.6237998693271971,-1.2110475465098132,-1.8046581004022206,-1400.6204507819878
896,-210.40040079955517,0.9885287745745112,0.19696920720027683,3.0,7.0,0.0,211.14608837006867,0.9941372801734861,0.005862719826513874,-1.5939292256660325,3.7715126958938217,-1403.3779348637474
897,-205.81443496443248,0.8006343188683721,0.23180046577321917,4.0,15.0,0.0,206.23623865794943,0.715754485516356,0.284245514483644,-1.5551960005168377,-1.1562576614005664,-1407.4734724645107
898,-207.50573948999602,0.8795825938712521,0.10553360242920393,2.0,3.0,0.0,207.80776861874082,0.06366033565284321,0.9363396643471568,-0.09438027749922412,-1.531110432020804,-1411.8872787537828
899,-205.68088189927064,0.9653202199859138,0.17120086053166572,4.0,15.0,0.0,206.1528690194503,0.9314028751072305,0.06859712489276948,-1.5825744353253304,-1.5765359692280263,-1397.484228143507
900,-210.61655324880502,0.9830083507815276,0.19696920720027683,1.0,3.0,0.0,210.88322915903058,0.9946696855475498,0.005330314452450247,-1.625078110751122,3.8204084528547493,-1403.8100101308053
901,-205.58568426005314,0.9586512188083429,0.23180046577321917,3.0,11.0,0.0,207.394947202179,0.3917692334051812,0.6082307665948188,-1.9050042461885326,-1.5624869261424048,-1404.9863078546803
902,-206.5204591202911,0.9994997513332239,0.10553360242920393,4.0,21.0,0.0,208.1521404898766,0.056961442339433656,0.9430385576605663,-0.9976443114706243,-1.7167149976280232,-1402.9901705981524
903,-205.81427506686293,0.9721312740296095,0.17120086053166572,4.0,15.0,0.0,206.3622962879421,0.3077746179937407,0.6922253820062594,-2.1746625970500664,-1.3128064043889198,-1405.4620200106447
904,-211.03074471667335,0.9931728266614931,0.19696920720027683,3.0,7.0,0.0,211.16795428217682,0.9977348002978189,0.0022651997021810866,-1.5120312137982193,3.6889419342826426,-1401.9397667430096
905,-207.82506300302302,0.9045472548089047,0.23180046577321917,3.0,15.0,0.0,207.83852565250422,0.056772583477399705,0.9432274165226003,-1.9209979854758228,-1.7233767768688315,-1409.6337113989334
906,-206.43135921428726,0.9746420555313532,0.10553360242920393,4.0,15.0,0.0,207.62241693070897,0.26098627623342646,0.7390137237665735,-0.8844055643616467,-1.898898214507783,-1410.8201441334356
907,-205.11528954525994,0.955256921008513,0.17120086053166572,2.0,7.0,0.0,206.692189278269,0.2608229825660373,0.7391770174339627,-1.9030531033909057,-1.3863572084159808,-1400.7284260134454
908,-210.63861523755486,0.9896864489616368,0.19696920720027683,3.0,7.0,0.0,211.62484004988914,0.9949185424335183,0.005081457566481706,-1.5225844816722698,3.7934977628183923,-1404.0893522373208
909,-206.75711786889107,0.9023377577308503,0.23180046577321917,4.0,15.0,0.0,209.35181355483564,0.027376552957977435,0.9726234470420225,-1.5549344687455027,-1.6321335656518752,-1398.793373084683
910,-207.00843235712406,1.0,0.10553360242920393,4.0,15.0,0.0,207.10738652370972,0.02248277240913986,0.9775172275908601,-0.9384338281678732,-1.667660758106932,-1400.4297316766983
911,-204.94486785310022,0.9987941204643274,0.17120086053166572,3.0,15.0,0.0,205.71096683944123,0.8261674381169412,0.17383256188305884,-1.5521414636823194,-1.4659749079557187,-1398.3677726517615
912,-212.63007724734234,0.957517971801361,0.19696920720027683,3.0,7.0,0.0,213.6221293317334,0.9986588010758173,0.0013411989241827182,-1.6928759729406242,4.210200293932455,-1405.3178223515256
913,-205.2596886861307,0.9648200094111345,0.23180046577321917,3.0,11.0,0.0,207.4647602556371,0.16096651096725664,0.8390334890327433,-0.919140958899284,-1.6629416609854484,-1400.9366396757055
914,-207.79289696317866,0.9716962023091491,0.10553360242920393,4.0,15.0,0.0,208.33366259642,0.012694620506846298,0.9873053794931537,-1.116602746640218,-1.4872296012558772,-1402.1445416458323
915,-204.6497942509134,0.9978641703127967,0.17120086053166572,3.0,15.0,0.0,205.37859681478707,0.2535311468687186,0.7464688531312814,-1.6320073457475108,-1.5259681118592279,-1397.8611014073035
916,-211.38068887620477,0.9998081040478718,0.19696920720027683,3.0,7.0,0.0,213.07581182841415,0.9836298079929291,0.016370192007070905,-1.5092531915863725,3.94103731149214,-1416.2672752778553
917,-204.45002560107181,0.8687696504685777,0.23180046577321917,3.0,15.0,0.0,206.91420224970634,0.6231512163878288,0.3768487836121712,-1.4833697401550943,-1.6714480029236087,-1397.9699800312444
918,-207.0034695754613,1.0,0.10553360242920393,3.0,15.0,0.0,208.03340531831816,0.023130586851783902,0.9768694131482161,-0.8473754371691936,-1.5110878600057063,-1401.1572608653935
919,-205.07000024402794,0.9261475494622696,0.17120086053166572,3.0,11.0,0.0,207.0932702673554,0.8161568584976587,0.18384314150234127,-1.4805668561587633,-1.7446073951343013,-1398.9497054057267
920,-210.13658188396118,0.9969565900937856,0.19696920720027683,4.0,23.0,0.0,212.73484706021316,0.9976400345552948,0.002359965444705181,-1.6788221368202734,1.9956267417637974,-1403.8975722476566
921,-206.5096987333377,0.9475536600861324,0.23180046577321917,3.0,15.0,0.0,207.00549662294102,0.9368304844833408,0.06316951551665917,-1.6193507031857555,-2.1635505019692944,-1400.6828192288658
922,-206.67259219626288,1.0,0.10553360242920393,2.0,3.0,0.0,206.97724784440953,0.024142945188037043,0.9758570548119629,-0.8683477293254304,-1.5444573206359995,-1399.041270715155
923,-205.03394758162324,0.9940491101484215,0.17120086053166572,1.0,3.0,0.0,205.39546826450623,0.8421136216695845,0.15788637833041552,-1.5576033354360177,-1.7528828782992734,-1397.638435912915
924,-209.7043323428318,0.9812352449151966,0.19696920720027683,3.0,7.0,0.0,212.5929258928783,0.9815221359189628,0.018477864081037243,-1.49850898601975,2.0302439558488876,-1415.3891949330641
925,-205.10865604706967,0.9804065278474667,0.23180046577321917,4.0,15.0,0.0,207.12844529382548,0.849559268723505,0.15044073127649504,-1.6165602334910902,-1.6076035880387036,-1398.1415868005486
926,-205.79287141918516,0.9092867708273968,0.10553360242920393,4.0,31.0,0.0,208.98242750584555,0.5704965058581745,0.42950349414182554,-1.9442743700239564,-1.3675957675333301,-1406.9728569688114
927,-207.09904976881984,0.8893217170561599,0.17120086053166572,4.0,15.0,0.0,207.93025705602315,0.966320307982722,0.03367969201727805,-1.6411792046878524,-2.1217391468540248,-1400.7167875207663
928,-209.53179347250503,1.0,0.19696920720027683,4.0,31.0,0.0,211.7027007991558,0.9922117087189749,0.007788291281025095,-1.5353437219470427,2.7146435222965817,-1405.4036707087832
929,-206.37287493684295,0.7612374197835166,0.23180046577321917,3.0,15.0,0.0,207.65204461154485,0.16035347944314965,0.8396465205568504,-1.3960247417923204,-1.777661539754621,-1407.310802580697
930,-204.46586004841234,0.9941835733209847,0.10553360242920393,2.0,7.0,0.0,206.33298531827208,0.5489270960752527,0.4510729039247473,-1.743286662645045,-1.4276811119478214,-1398.373366382851
931,-205.57662705155758,0.7146578779778263,0.17120086053166572,4.0,15.0,0.0,209.05836351444003,0.3154419381349021,0.6845580618650979,-1.003053921427848,-1.85703439313715,-1405.638590862444
932,-209.06900925530311,0.9987352845290979,0.19696920720027683,4.0,15.0,0.0,209.71252154656935,0.9928297772911541,0.00717022270884593,-1.6062128132369027,2.2642949640273393,-1403.3838848585074
933,-206.3938618679361,0.8396223406207756,0.23180046577321917,3.0,7.0,0.0,208.4795187082957,0.9368514057712436,0.0631485942287564,-1.7087872201848953,-1.1666075287099953,-1402.490193966526
934,-204.45404849402271,0.9971682420903161,0.10553360242920393,3.0,15.0,0.0,205.18643200053918,0.4883551723877006,0.5116448276122993,-1.3819827843906332,-1.7435171521349089,-1398.4646636377588
935,-206.5943102049981,0.9728501353958803,0.17120086053166572,4.0,31.0,0.0,207.2092584897207,0.022747504063019123,0.9772524959369808,-0.9260573367164074,-1.573435385802021,-1397.9316921691918
936,-206.1734239741927,0.9809067409909026,0.19696920720027683,4.0,23.0,0.0,210.75741013630454,0.9558111905567109,0.04418880944328907,-1.648340215965546,-1.1397587688563657,-1398.8683558220068
937,-204.70273248835886,1.0,0.23180046577321917,4.0,15.0,0.0,206.468686652278,0.6609359440946163,0.3390640559053837,-1.7707155265540053,-1.2552450203853853,-1399.6368281462865
938,-206.3638719387224,0.9768877115225518,0.10553360242920393,3.0,7.0,0.0,206.81332383404074,0.43356140815482125,0.5664385918451788,-0.9814163737889056,-1.9086377714392933,-1411.8346823550164
939,-205.684033880392,0.9893007090662913,0.17120086053166572,4.0,15.0,0.0,207.38239288771237,0.1873117510273611,0.8126882489726389,-0.8493179699942169,-1.7792847456660092,-1404.4554166599473
940,-207.4220814628961,0.9981248347790856,0.19696920720027683,3.0,15.0,0.0,209.473095791354,0.9898528658439761,0.010147134156023863,-1.5597960458119764,-1.1571369604136865,-1397.7830879185449
941,-205.28294460521164,0.9466712140039129,0.23180046577321917,3.0,7.0,0.0,205.60831145709338,0.1230074043097598,0.8769925956902402,-1.7739698917734419,-1.5230661211239465,-1397.9420517584504
942,-206.1991461868641,1.0,0.10553360242920393,1.0,1.0,0.0,206.36829703984276,0.42148377873552917,0.5785162212644708,-0.9912330815182155,-1.9142725914304668,-1410.6120560673658
943,-205.43648136359894,0.9898170744206128,0.17120086053166572,4.0,23.0,0.0,206.1196427995823,0.33781447936354236,0.6621855206364576,-1.9531576665699333,-1.539277949715547,-1403.4209278264013
944,-207.1540581431866,0.8788999984729818,0.19696920720027683,4.0,25.0,0.0,209.63220178541985,0.08962781184291105,0.910372188157089,-1.7543138762340038,-1.3934677337130608,-1409.324691549276
945,-207.4549866669019,0.8647394451966974,0.23180046577321917,3.0,15.0,0.0,208.99700714873558,0.9860655685478308,0.013934431452169216,-1.507552961223137,-0.9351956724144301,-1400.7141944754112
946,-205.2010194547099,0.9638329791647846,0.10553360242920393,3.0,7.0,0.0,207.25231091451204,0.13250139830984928,0.8674986016901507,-0.9873850137160827,-1.648162813352061,-1399.3474695751445
947,-206.00320701912696,1.0,0.17120086053166572,3.0,15.0,0.0,207.29662356105652,0.07072634402081937,0.9292736559791807,-2.0910605152269235,-1.510156731044523,-1398.4700786308827
948,-209.15780855571444,0.9822713175807749,0.19696920720027683,5.0,39.0,0.0,211.74120007297742,0.006812286215547632,0.9931877137844524,-3.191752166011444,-1.6154872826314546,-1399.2508684915374
949,-207.56682319376,0.9872973840237466,0.23180046577321917,2.0,3.0,0.0,207.72362409431557,0.9857939148034923,0.014206085196507678,-1.4964638750951023,-0.956105207293216,-1401.6128191198113
950,-204.99099665662962,0.9798811323227101,0.10553360242920393,4.0,31.0,0.0,206.0379419643329,0.6297574207765745,0.3702425792234255,-1.5914625066973311,-1.7801538359275004,-1401.046583037019
951,-206.25503786326715,0.9484148414515056,0.17120086053166572,2.0,7.0,0.0,208.4302797098545,0.16235529010641328,0.8376447098935867,-2.288868119075892,-1.3651279434529207,-1404.8446765011824
952,-210.10761904000182,0.9830987515500306,0.19696920720027683,2.0,7.0,0.0,210.964225111283,0.002146073741313715,0.9978539262586863,-3.176014183294727,-1.546577411607439,-1398.1399224358183
953,-207.52611721338008,0.9890856003789864,0.23180046577321917,2.0,3.0,0.0,207.92356933112077,0.9839354016914674,0.016064598308532574,-1.6766129485501469,-1.0623087840472072,-1401.4892105061456
954,-206.66685332136066,0.9900018329947381,0.10553360242920393,3.0,7.0,0.0,207.59647067494961,0.789968151098815,0.21003184890118498,-1.2787505060649516,-2.1398248436163567,-1409.8302863090498
955,-204.92533447454807,0.9886058024839368,0.17120086053166572,3.0,15.0,0.0,207.10127168287278,0.2880650515460228,0.7119349484539772,-1.1996470692697379,-1.6312537995038656,-1401.0894967556512
956,-209.63024797335945,0.9931879866952762,0.19696920720027683,3.0,7.0,0.0,210.17741641941097,0.003314236130854933,0.9966857638691451,-3.1477192483280954,-1.5863599779881907,-1397.883170864086
957,-207.00081041007212,0.7816596333529104,0.23180046577321917,2.0,3.0,0.0,209.31160520041726,0.8908672788140215,0.1091327211859785,-1.4611230172057614,-1.0424882876304484,-1411.0288811073706
958,-206.2902015925574,0.9764190020843292,0.10553360242920393,4.0,15.0,0.0,207.42858034169058,0.7287322745913208,0.27126772540867916,-1.258548953029423,-2.1547029639844992,-1408.4275248949339
959,-205.00385258115608,0.9964712220226993,0.17120086053166572,2.0,7.0,0.0,205.39548918664116,0.22596480544027342,0.7740351945597266,-1.084293678356316,-1.6556107930880002,-1400.6906920777476
960,-212.44770364064277,0.9336816479051974,0.19696920720027683,5.0,39.0,0.0,213.57784345684982,0.000863956833660959,0.9991360431663391,-4.632750663027832,-1.5580220455855311,-1398.1754332696203
961,-205.34301098168035,0.7236224838209117,0.23180046577321917,4.0,15.0,0.0,208.37245871507326,0.8849118472067606,0.11508815279323936,-1.555917397818471,-1.274084760247201,-1399.187698058161
962,-205.24852914808233,0.9926297067332037,0.10553360242920393,2.0,7.0,0.0,207.57905807545464,0.7239953943256212,0.2760046056743788,-1.3652387604638503,-2.044633887367815,-1401.463838837697
963,-205.62875066914384,0.9210502390045938,0.17120086053166572,3.0,11.0,0.0,206.68550980753707,0.40999681844165814,0.5900031815583419,-1.1940579011690784,-1.6230040687658205,-1407.1237584307828
964,-212.60481666000587,0.3686457495759385,0.19696920720027683,3.0,11.0,0.0,216.48465709727967,0.008864138076645068,0.9911358619233549,-4.55547904391517,-1.7330114733373496,-1415.403938160641
965,-205.2861813908989,0.994595685504217,0.23180046577321917,2.0,3.0,0.0,205.44462015522038,0.8795347279273388,0.12046527207266122,-1.664857647488438,-1.2981431306687086,-1398.712058366605
966,-204.91177847469345,0.9726283928945467,0.10553360242920393,3.0,7.0,0.0,206.28582148497514,0.6111721236491646,0.3888278763508354,-1.3727160273118766,-1.9544303370706664,-1400.6286519225298
967,-205.120442771641,0.9908641190213743,0.17120086053166572,3.0,7.0,0.0,206.4948856630359,0.16825626433576377,0.8317437356642362,-1.2437693953612012,-1.7048234876443542,-1399.4923725270721
968,-210.95096095478596,0.7320467465327479,0.19696920720027683,4.0,19.0,0.0,212.77361237936375,0.013403609386747568,0.9865963906132524,-4.704148658199305,-1.552582856124647,-1406.1274291185607
969,-205.97318567907905,0.8681408289330258,0.23180046577321917,3.0,15.0,0.0,207.87932113008426,0.05693404716386561,0.9430659528361344,-1.3484708785306627,-1.5348341588555556,-1399.0065642768395
970,-204.77993277945788,0.9864898361306599,0.10553360242920393,4.0,15.0,0.0,206.12411101231493,0.32669667847292105,0.673303321527079,-1.8359158766054144,-1.5266523347158956,-1399.1865100870468
971,-205.31908716748308,0.9859356992647786,0.17120086053166572,2.0,7.0,0.0,206.31724827190212,0.13597238521734253,0.8640276147826574,-1.358693754360722,-1.680957972553685,-1399.467525217996
972,-210.70763707462606,0.9931022217940816,0.19696920720027683,3.0,15.0,0.0,211.5367252013166,0.01646769622429793,0.9835323037757021,-4.540020672183807,-1.5741455828831439,-1407.0991289952324
973,-206.9094587398128,0.37617183052331,0.23180046577321917,3.0,15.0,0.0,211.19040992918306,0.15387970855091399,0.846120291449086,-1.5900559083313315,-1.7658680325380784,-1410.3215798170427
974,-204.61005824081062,0.9561083673587993,0.10553360242920393,4.0,15.0,0.0,206.03174864207352,0.7479128442933068,0.25208715570669316,-1.642118858273766,-1.3412301577556205,-1397.9892851555346
975,-205.6454573040233,0.9902540980901434,0.17120086053166572,4.0,23.0,0.0,206.03241279102727,0.4930586458829752,0.5069413541170248,-1.5257456439409214,-1.3542240162702572,-1407.3773732618795
976,-210.03366581623743,0.4401650617066299,0.19696920720027683,5.0,55.0,0.0,213.7807370373599,0.019599214694780133,0.9804007853052199,-3.6975803310604385,-1.4336128889977346,-1409.9812208371006
977,-204.84209566438443,0.8607688326664938,0.23180046577321917,2.0,3.0,0.0,207.95259550257452,0.18879215265231836,0.8112078473476816,-1.6009398820908298,-1.5447151863763215,-1397.7643304992037
978,-204.6980501406315,0.9995077265460891,0.10553360242920393,5.0,31.0,0.0,204.89929904171902,0.7257577085070182,0.27424229149298185,-1.692460191307945,-1.208664829428202,-1399.1182116062998
979,-206.00392795476625,0.9932824200584981,0.17120086053166572,3.0,15.0,0.0,206.4651890675759,0.2202238550462396,0.7797761449537604,-2.0262306855179633,-1.604080168478761,-1405.0873898625293
980,-211.40435479638776,0.9756337258389235,0.19696920720027683,5.0,35.0,0.0,211.9550122860323,0.019053972222024217,0.9809460277779758,-4.275554684695795,-1.4279639783236209,-1415.2934104986305
981,-205.01868802169534,0.6780773299800067,0.23180046577321917,2.0,7.0,0.0,208.49796212085965,0.39269268017227715,0.6073073198277228,-1.289774753715882,-1.8601699720312577,-1401.8928120860862
982,-204.77198744830952,0.9822487109682995,0.10553360242920393,3.0,7.0,0.0,204.988557844485,0.7718938856523797,0.2281061143476203,-1.6870476938894998,-1.3495981622394169,-1398.486742573236
983,-205.78660959026183,0.9911070815512834,0.17120086053166572,4.0,15.0,0.0,207.01245841712375,0.9310085884711731,0.06899141152882693,-1.6598578032432614,-1.1690926466011864,-1399.0008149330997
984,-210.04582588547288,0.5272690172450234,0.19696920720027683,3.0,11.0,0.0,212.7781720270439,0.013352895340338145,0.9866471046596619,-4.196868271618781,-1.587985335962304,-1403.6519760989659
985,-205.01997745374302,0.9919208446528102,0.23180046577321917,3.0,15.0,0.0,205.68439953250146,0.24201953750320251,0.7579804624967975,-1.0848453953042791,-1.7558920634517157,-1400.835002081383
986,-205.01719564889754,0.9674545141108758,0.10553360242920393,3.0,15.0,0.0,205.59503104493987,0.36409025432099484,0.6359097456790052,-1.6199302001149334,-1.6934117577075465,-1401.3601932947502
987,-206.18953127993802,0.9752145019479628,0.17120086053166572,3.0,15.0,0.0,207.52900889614506,0.9633383374816467,0.036661662518353344,-1.588055346432399,-1.315860402281789,-1397.5389238131347
988,-211.84187528342127,0.8867287708347764,0.19696920720027683,4.0,15.0,0.0,212.28883573876274,0.0010425840161693285,0.9989574159838307,-4.105619756891747,-1.5228287691142504,-1399.358482200204
989,-204.9912822608994,0.9229821313006676,0.23180046577321917,3.0,7.0,0.0,205.3394250177608,0.30054566101427277,0.6994543389857273,-1.0868874535221578,-1.7620570559496918,-1401.5552293873789
990,-204.450080839923,0.9795849121994654,0.10553360242920393,3.0,11.0,0.0,205.6829849569896,0.3465014205033772,0.6534985794966228,-1.414084785253842,-1.6295121264250108,-1398.0117487023185
991,-206.03769264827147,1.0,0.17120086053166572,3.0,7.0,0.0,206.20644175848312,0.9566747751286392,0.04332522487136081,-1.5805950431196,-1.333511189256795,-1397.5757632996258
992,-211.332067689065,0.9780892464132231,0.19696920720027683,2.0,7.0,0.0,212.1470947110739,0.0020158135947598087,0.9979841864052402,-4.083263679268697,-1.6398804817170032,-1400.2229681097876
993,-206.57142929933084,0.8937471056404812,0.23180046577321917,5.0,31.0,0.0,208.73938308276314,0.9500298095849636,0.049970190415036364,-1.4835276219504216,-1.450887884558034,-1402.1748327403595
994,-205.26272103947167,0.9499246287700142,0.10553360242920393,5.0,35.0,0.0,206.54729300979972,0.6202803478490881,0.37971965215091186,-1.6499966153557362,-1.7374860662460125,-1402.9592043045002
995,-204.45261270853405,0.9981002272211007,0.17120086053166572,5.0,31.0,0.0,206.07394801636949,0.6249641227977171,0.37503587720228293,-1.6700121836538138,-1.3689753719095035,-1398.2604931049218
996,-210.0394307765541,0.9980193156459892,0.19696920720027683,5.0,47.0,0.0,211.96688506846965,0.07285938363575244,0.9271406163642476,-3.536291932596064,-1.5502923953938543,-1419.4121923967634
997,-204.71408433332408,1.0,0.23180046577321917,3.0,15.0,0.0,207.36704684037775,0.24283540725812577,0.7571645927418742,-1.7617201737138475,-1.5251714846242634,-1397.7277238479676
998,-205.78763764709905,0.9705908561583046,0.10553360242920393,4.0,15.0,0.0,206.40656340009264,0.6295131623360993,0.37048683766390067,-1.2982595451240622,-1.6854965472366945,-1407.5663164289997
999,-204.53226397372933,0.9873587845302032,0.17120086053166572,4.0,31.0,0.0,204.77736773590192,0.3062223014424484,0.6937776985575517,-1.62385628194068,-1.5203475966451259,-1397.885621371396
