draws,lp__,accept_stat__,stepsize__,treedepth__,n_leapfrog__,divergent__,energy__,rho.1,rho.2,mu.1,mu.2,log_prob_data
0,-196.43849388427287,0.9902815125551326,0.2667625526958215,2.0,3.0,0.0,196.48633168640072,0.504869450257565,0.495130549742435,0.7006697862832822,0.28292741078306727,-1346.8791767236398
1,-198.79930627174505,0.966891361909099,0.2043115756572915,4.0,15.0,0.0,200.02067534053535,0.04328963562361399,0.956710364376386,-0.7161691078503017,0.47841898466399035,-1350.621490281242
2,-197.44005306233896,0.9687333988627103,0.23426416705072348,3.0,15.0,0.0,199.14600740795746,0.19226289957917916,0.8077371004208208,1.0862791580063338,0.3793400950842862,-1349.8593465126241
3,-199.6086250956765,0.9780723696521338,0.13603514294473784,2.0,3.0,0.0,199.87672490590379,0.12373135201809426,0.8762686479819057,1.4420467743902554,0.2598000306927941,-1361.646535710901
4,-197.17333681436466,0.8218192721017864,0.2667625526958215,2.0,3.0,0.0,197.74186092387572,0.5017432474916073,0.49825675250839274,0.8171046484640775,0.20729067824219016,-1351.835285317815
5,-198.33794856423393,0.9635924633484806,0.2043115756572915,3.0,7.0,0.0,199.49461081457795,0.07218205023629784,0.9278179497637021,-0.4760449532818037,0.4987905226582947,-1350.9845053291326
6,-196.25952338287516,0.9774361859288844,0.23426416705072348,3.0,7.0,0.0,197.77177977041333,0.3292964573001735,0.6707035426998265,0.6704921393857939,0.4697057388297165,-1344.7018119775673
7,-197.68966326009502,0.9995352284728531,0.13603514294473784,4.0,15.0,0.0,199.75799182452099,0.08809596578405597,0.911904034215944,1.055862464838738,0.5128552635750645,-1346.983825966131
8,-197.67118627654966,0.974554445073052,0.2667625526958215,3.0,15.0,0.0,198.3873196226092,0.5918369828652492,0.4081630171347508,0.7340085128585816,0.04090480728843869,-1355.184280879379
9,-204.38291542023197,0.5157865638015459,0.2043115756572915,3.0,15.0,0.0,208.0964031257564,0.01674097586349444,0.9832590241365056,-0.9718983994207722,0.7843073192972994,-1382.1117669363596
10,-196.09868747292063,1.0,0.23426416705072348,2.0,3.0,0.0,196.25997446198886,0.34948292489519317,0.6505170751048068,0.5985964351194056,0.41895610369187936,-1343.908410315635
11,-197.3299445607871,0.9998871196332969,0.13603514294473784,3.0,7.0,0.0,197.84742755686895,0.08062625845727572,0.9193737415427243,0.8763884932271553,0.4509348868134895,-1344.2942588635813
12,-199.38526148842283,0.34342466203994565,0.2667625526958215,2.0,7.0,0.0,203.20059238775963,0.7336908205695221,0.26630917943047794,0.82913924570561,0.2879060571376918,-1365.3606685347422
13,-202.92719894797304,1.0,0.2043115756572915,2.0,7.0,0.0,205.79759347096996,0.031272740256476916,0.968727259743523,-1.073170122939677,0.7586739087824017,-1376.125071150272
14,-196.3198543824392,0.9900135662946373,0.23426416705072348,2.0,7.0,0.0,196.89180925153414,0.34429442923839,0.65570557076161,0.31607897765725534,0.6317099004195771,-1345.4178483422209
15,-197.19740405698116,0.9289253286076506,0.13603514294473784,3.0,13.0,0.0,198.30174946583912,0.08854018804741912,0.9114598119525809,0.5847169447131214,0.5367129694434947,-1344.2605972855583
16,-197.74370807601252,0.981447170354078,0.2667625526958215,2.0,3.0,0.0,199.86668812742982,0.5103531221118709,0.4896468778881291,0.4259360915741914,0.24756129547218225,-1356.1764277688862
17,-199.4556808581907,1.0,0.2043115756572915,2.0,3.0,0.0,202.95735460730938,0.02151281206249561,0.9784871879375044,-1.1064417713266594,0.5701468663309197,-1349.7834397938527
18,-197.4899900804822,0.9944520051511581,0.23426416705072348,4.0,15.0,0.0,197.71977627927146,0.9391302585764266,0.060869741423573376,0.5271202274865721,0.6001742485967063,-1343.892818623909
19,-200.09691090223606,0.8109390167346279,0.13603514294473784,4.0,23.0,0.0,202.22092017241675,0.008428090088388596,0.9915719099116114,-0.892008953088881,0.5883852065342962,-1348.1833329215826
20,-197.000658397095,0.8972733332027196,0.2667625526958215,3.0,11.0,0.0,199.43172807242124,0.8463167920580479,0.15368320794195212,0.5186212187359484,0.7887036482426509,-1345.973058067769
21,-199.344136072871,0.9987695675991192,0.2043115756572915,3.0,7.0,0.0,199.53778014149637,0.03456306339765049,0.9654369366023495,-1.0213053161294132,0.4691001108669096,-1352.4424792615894
22,-198.03191802821465,0.8900578615366406,0.23426416705072348,2.0,7.0,0.0,199.49693064511325,0.33562790124467834,0.6643720987553217,0.35919791993408556,0.7850514909591687,-1356.9462313507383
23,-200.28534051005914,0.9998125209229017,0.13603514294473784,2.0,7.0,0.0,200.89289125522274,0.004033599434260753,0.9959664005657393,-0.8710082797938843,0.4630116481678428,-1344.570893632049
24,-197.2707753645455,0.5963977205280623,0.2667625526958215,2.0,7.0,0.0,199.8981961850444,0.41629810492794156,0.5837018950720585,0.14973706595660227,0.7795256367775357,-1352.3816543113558
25,-199.4887339128114,0.9914230252944172,0.2043115756572915,2.0,7.0,0.0,199.65938271075768,0.028185721846647083,0.971814278153353,-1.056658426825994,0.45079389220877153,-1352.0289387961363
26,-197.57482523931517,1.0,0.23426416705072348,3.0,7.0,0.0,198.40708570228784,0.935596633843869,0.06440336615613096,0.5648625982241867,0.3715268617777445,-1344.9988571395288
27,-200.546147065396,0.9986532563477509,0.13603514294473784,4.0,23.0,0.0,201.72439474620253,0.014197972182215442,0.9858020278177846,-2.040892199648572,0.5484530178902183,-1351.9785133413818
28,-196.99199717895198,0.9922161719555698,0.2667625526958215,3.0,7.0,0.0,198.11772791207846,0.12128632888487245,0.8787136711151275,0.4419634928360068,0.4367452737672732,-1344.9733867396922
29,-197.55927433509848,0.9506031153336582,0.2043115756572915,4.0,19.0,0.0,200.22282018218272,0.07663843179188144,0.9233615682081185,0.1214511717658581,0.5878919329020622,-1346.0855171584108
30,-197.3361411707691,0.7577825895017082,0.23426416705072348,2.0,3.0,0.0,198.45307207763196,0.9341003530300707,0.06589964696992934,0.47504080798220616,0.43524007254483715,-1343.5339508145203
31,-201.62233608195535,0.8573001294608532,0.13603514294473784,3.0,7.0,0.0,204.1571938606577,0.002479208052546376,0.9975207919474536,-1.6122550170326087,0.4011530298464314,-1348.9119220708571
32,-196.55166260178723,0.9853962124180875,0.2667625526958215,4.0,15.0,0.0,197.62384763131342,0.2202065014739164,0.7797934985260836,0.23292547359266313,0.5924895801118504,-1345.2099400828358
33,-197.28237250297514,0.9714081451329938,0.2043115756572915,3.0,15.0,0.0,198.01819278820625,0.14451274508127834,0.8554872549187217,-0.08063211175828763,0.570524892101199,-1348.0512114708197
34,-196.05535089590785,0.9992833746531344,0.23426416705072348,2.0,7.0,0.0,197.8638006423753,0.4861156913812652,0.5138843086187348,0.5568398574660608,0.378658583352734,-1344.3293315839787
35,-199.62088982957974,0.9944386466452338,0.13603514294473784,4.0,15.0,0.0,201.88168555502168,0.017400637217397,0.982599362782603,-1.218801820467759,0.5647023981516347,-1349.2679497992876
36,-196.60600305225148,0.9562852697797251,0.2667625526958215,2.0,3.0,0.0,197.11438199757205,0.2784882579690782,0.7215117420309218,0.1626279443615744,0.5746657094087808,-1346.7126968101275
37,-196.53978629469103,0.9585904720712377,0.2043115756572915,3.0,11.0,0.0,199.62164032101686,0.6308404804275435,0.3691595195724565,0.38341090331164884,0.7864275961335326,-1346.9216053066139
38,-197.1239129319871,0.8006646368394784,0.23426416705072348,2.0,3.0,0.0,197.74223253287008,0.5743214555856934,0.42567854441430664,0.7532100181055787,0.40193009422668197,-1351.323872084069
39,-199.05675500113367,0.965905270881354,0.13603514294473784,5.0,31.0,0.0,201.45512812192538,0.9862385226521794,0.013761477347820628,0.4722466782928564,-0.4798647008522434,-1344.9424049880545
40,-197.84360428167946,0.9212150295030515,0.2667625526958215,2.0,7.0,0.0,198.3580299459796,0.7043847546985221,0.29561524530147787,0.7172046467311525,0.4729976275604816,-1355.1787213708615
41,-196.93342792622062,0.916595918072432,0.2043115756572915,2.0,3.0,0.0,197.2746080562208,0.654537933086508,0.345462066913492,0.4325346368309438,0.8451298989611093,-1349.3199076842823
42,-197.4468316171019,0.9489281471085455,0.23426416705072348,4.0,15.0,0.0,199.0941007809291,0.1907841975321227,0.8092158024678773,0.013448390425761889,0.4882146280171652,-1350.8026533385173
43,-196.7475768416816,0.9856792650550592,0.13603514294473784,4.0,23.0,0.0,200.12411259544254,0.4887165501750245,0.5112834498249754,0.7594827715626981,0.3977040495402626,-1348.869776605639
44,-196.51904247665172,0.9563003021688008,0.2667625526958215,1.0,3.0,0.0,200.25483996586755,0.47972376773755687,0.5202762322624431,0.6554318119127188,0.2602587754516785,-1347.4884763788953
45,-196.93865347897292,0.993781458975217,0.2043115756572915,4.0,15.0,0.0,197.36351874234583,0.5400340240849618,0.4599659759150382,0.7758299139899112,0.22751955695735177,-1350.2189833061661
46,-198.13605541982386,0.9274758964797649,0.23426416705072348,4.0,15.0,0.0,199.31832654398454,0.3480702342555944,0.6519297657444056,0.35862652652436555,0.3043514054727381,-1358.2389748880855
47,-196.76742037563278,0.9993873229365994,0.13603514294473784,3.0,7.0,0.0,196.92075760709284,0.4967698152340199,0.5032301847659801,0.7686848237605745,0.3706366965701415,-1349.0158965285796
48,-197.77252627285148,0.8865550585875691,0.2667625526958215,3.0,7.0,0.0,199.40429404367868,0.7731057537999892,0.22689424620001075,0.265908021204854,0.9734540313861293,-1353.261211793048
49,-196.7964794767353,0.9935352886662188,0.2043115756572915,4.0,15.0,0.0,197.43684845994218,0.7702433163645772,0.2297566836354228,0.39412358080399224,0.4563072834214314,-1347.145271056514
50,-197.19164117226705,0.9952981731841142,0.23426416705072348,4.0,23.0,0.0,198.41589291957794,0.8906317522451384,0.10936824775486165,0.4225672085773668,0.45113494947348054,-1345.734493492884
51,-196.0590556434025,1.0,0.13603514294473784,3.0,7.0,0.0,196.8779433497623,0.6503484529408597,0.34965154705914026,0.5499820121096557,0.4633897163268604,-1343.6505455842648
52,-197.77252627285148,0.553006888973058,0.2667625526958215,2.0,7.0,0.0,202.38784882616994,0.7731057537999892,0.22689424620001075,0.265908021204854,0.9734540313861293,-1353.261211793048
53,-196.5091111354627,0.9159791797310399,0.2043115756572915,2.0,7.0,0.0,197.778236885009,0.6053070794768489,0.3946929205231511,0.6780302476826767,0.24409858350984284,-1347.098839656728
54,-196.33842543303908,1.0,0.23426416705072348,3.0,15.0,0.0,197.35924387858805,0.20499663313897554,0.7950033668610245,0.4539020176790408,0.5161161123058694,-1343.3180424083664
55,-197.38638146069437,0.9938997215215327,0.13603514294473784,4.0,15.0,0.0,197.65094445166946,0.9238743275309288,0.0761256724690712,0.4317136580766689,0.6734066688627439,-1344.6073503602195
56,-198.11786649492856,0.9264479321162408,0.2667625526958215,3.0,7.0,0.0,199.16543918422383,0.46611235033448734,0.5338876496655127,0.2549342067365591,0.9055707098515345,-1358.1775387411308
57,-196.3111611973203,0.8732523489504399,0.2043115756572915,3.0,7.0,0.0,197.82921877552533,0.33201986039171705,0.667980139608283,0.522351675941181,0.393845100686407,-1345.296449732752
58,-196.2818825580593,0.9670612938991422,0.23426416705072348,4.0,15.0,0.0,197.133113940074,0.6060660330101858,0.3939339669898142,0.5355846458988447,0.599977809222975,-1345.4144548781044
59,-198.96629891006228,0.9755501704747709,0.13603514294473784,3.0,15.0,0.0,200.50332709232123,0.8743147108804789,0.12568528911952115,0.319892579595672,1.4747229316449595,-1357.189941166037
60,-198.4239923670644,1.0,0.2667625526958215,3.0,7.0,0.0,198.7712065596686,0.970705612204631,0.02929438779536897,0.42412804901833046,0.7697855629363312,-1345.4051501013096
61,-199.74601417358807,0.5531559422338436,0.2043115756572915,3.0,7.0,0.0,202.17048491653088,0.5534745936906608,0.44652540630933923,0.6483251584653267,0.8144787162533245,-1369.2051917881772
62,-196.95655193159254,0.7370542997794641,0.23426416705072348,3.0,7.0,0.0,200.08967698191458,0.5537940039433376,0.44620599605666245,0.21744960218638898,0.6599127257887372,-1350.4541978878124
63,-198.39602245965003,0.9952055180343172,0.13603514294473784,2.0,3.0,0.0,199.29113212203745,0.907544465543807,0.09245553445619303,0.3788491994825244,1.4496526891213681,-1351.4149705961415
64,-197.99962037962106,0.9824209896253265,0.2667625526958215,1.0,3.0,0.0,198.86016158979416,0.9513528263617144,0.048647173638285635,0.41276845093006975,0.7618829153971913,-1345.856840664648
65,-196.74194281830165,1.0,0.2043115756572915,3.0,7.0,0.0,200.40990361405218,0.2653663197958623,0.7346336802041378,0.4204889274096099,0.6345969366314119,-1347.2504237471012
66,-196.2619939145713,0.9079964847634613,0.23426416705072348,2.0,3.0,0.0,197.56292210005006,0.4691944352605381,0.5308055647394618,0.40479687540015796,0.6637563888491086,-1345.605461625328
67,-198.63311140266083,0.8973321733394436,0.13603514294473784,3.0,7.0,0.0,199.52273575030532,0.8494496575853145,0.15055034241468546,0.4753152718791577,1.3378860936865795,-1356.1616294262835
68,-197.84746996841952,0.9831282252322887,0.2667625526958215,4.0,15.0,0.0,198.7604958461912,0.7028096542896423,0.29719034571035774,0.5417350928614938,-0.015289553272363686,-1355.6103934585021
69,-197.60603410399364,0.9640144067095933,0.2043115756572915,3.0,9.0,0.0,198.64533388713568,0.11032448527274755,0.8896755147272525,-0.20963189270630422,0.5619284216074809,-1348.6690534326372
70,-196.7964440766292,0.9512456090238756,0.23426416705072348,2.0,7.0,0.0,198.0773480461634,0.8714699133177869,0.1285300866822131,0.45166536437168026,0.6520913440481421,-1343.7561347675555
71,-198.56157744939244,0.9254426806559949,0.13603514294473784,2.0,3.0,0.0,199.60792424803452,0.8095141891385765,0.19048581086142347,0.36366952756795423,1.3260235521235877,-1357.0682762874642
72,-200.40770861197083,0.9800771588586185,0.2667625526958215,4.0,19.0,0.0,201.764176196314,0.9778911754719951,0.02210882452800489,0.6304821682936633,-1.2974468311452783,-1356.085365682386
73,-197.8448995994484,0.8792258941080698,0.2043115756572915,4.0,23.0,0.0,201.1837732022793,0.05695095806343644,0.9430490419365636,0.8865346879694231,0.4140955925223595,-1345.6377775553178
74,-196.26569230614822,0.9958223851758193,0.23426416705072348,2.0,7.0,0.0,197.82959103224,0.7298216525262022,0.27017834747379776,0.45689198410544607,0.6601164901691928,-1343.9832371376667
75,-200.60106678267886,0.7752443302847325,0.13603514294473784,4.0,31.0,0.0,202.13436081952696,0.8158477016243638,0.18415229837563618,0.6801027812429958,-0.6084634285826912,-1371.8902222756556
76,-200.50540775138205,0.9933693154186439,0.2667625526958215,3.0,7.0,0.0,200.75650839741473,0.9635404268496413,0.03645957315035875,0.4161984817166359,-1.2831012933126256,-1360.3392005424766
77,-198.8183702910527,0.6318555702752492,0.2043115756572915,3.0,7.0,0.0,203.70693943452642,0.2897174761168629,0.7102825238831372,1.0640138361844178,0.49612487361042634,-1361.27779986353
78,-196.39455732094152,0.726301880888373,0.23426416705072348,3.0,7.0,0.0,197.94380338318695,0.4729426484714813,0.5270573515285186,0.2658558334043898,0.6400695689217202,-1346.6343161517889
79,-198.94422883873503,1.0,0.13603514294473784,3.0,7.0,0.0,200.9385455206084,0.9848397546913964,0.015160245308603604,0.4980096275239389,-0.5483540957096145,-1344.7416004869847
80,-199.7992123103021,0.8861165839556252,0.2667625526958215,4.0,17.0,0.0,202.39071332006512,0.9945262311258591,0.005473768874140861,0.5204735036189959,-0.3682435713818413,-1343.801027093751
81,-199.77625336373723,0.7131814278891329,0.2043115756572915,4.0,27.0,0.0,202.6923714408794,0.020266630016130886,0.9797333699838691,-1.4412913745081863,0.47754506876275093,-1350.9416019213634
82,-196.31661302344386,0.9794132083417046,0.23426416705072348,4.0,15.0,0.0,196.88626416755412,0.46397135093268826,0.5360286490673117,0.5168078019149851,0.34922687855293644,-1346.1590449840767
83,-199.3731196240236,0.9086646076964711,0.13603514294473784,3.0,7.0,0.0,199.886128955364,0.9908935226630339,0.009106477336966123,0.503777877747965,-0.5911201279673688,-1344.178719646333
84,-197.26246564334036,0.9496736738102705,0.2667625526958215,3.0,11.0,0.0,200.28709211419786,0.8887304940127777,0.1112695059872223,0.5454509744343903,-0.05105826419179879,-1346.398794022118
85,-199.6662898039196,0.925272338604983,0.2043115756572915,3.0,15.0,0.0,201.43521519590584,0.03887880675169431,0.9611211932483057,-0.8813475134073383,0.6356265080513555,-1355.5207669808278
86,-198.43527559897666,0.9151638242009065,0.23426416705072348,4.0,15.0,0.0,199.23101300267842,0.708735230682735,0.29126476931726497,0.17232982838455543,0.8971913889662747,-1359.122600388334
87,-199.54715662628777,0.997465844762531,0.13603514294473784,3.0,11.0,0.0,200.4084386127655,0.9903550370755131,0.00964496292448691,0.5055305866220035,-1.010036823694928,-1345.1933184217955
88,-197.0902173052971,0.8564094127551374,0.2667625526958215,3.0,11.0,0.0,198.22940782641192,0.8276761674603347,0.17232383253966532,0.6358306701789747,0.23333262922305548,-1347.601950139035
89,-199.25051622008132,0.9460187112583667,0.2043115756572915,3.0,15.0,0.0,201.15309519115237,0.022112234356388476,0.9778877656436116,0.1205779849389379,0.61559261222827,-1349.5498084074206
90,-197.6524681508347,1.0,0.23426416705072348,4.0,15.0,0.0,198.69970278050127,0.9170288653662269,0.08297113463377315,0.39544742817415063,0.5709268549129034,-1347.1248571389908
91,-199.94525122872457,0.9617143607135753,0.13603514294473784,3.0,7.0,0.0,200.49256750828832,0.9151609364129675,0.08483906358703253,0.5679318906964286,-0.9520382608344341,-1362.4578907835214
92,-196.68618026479143,1.0,0.2667625526958215,1.0,1.0,0.0,197.02407211058815,0.812014820485466,0.18798517951453397,0.5957432069273656,0.25473130069362865,-1345.3135012583778
93,-199.86272615709123,1.0,0.2043115756572915,3.0,7.0,0.0,200.92321095554124,0.14739456131072112,0.8526054386892788,-0.3816464528031695,0.4317157684100718,-1365.9887224383713
94,-199.89582027035246,0.9327992268059278,0.23426416705072348,3.0,13.0,0.0,200.67205334136372,0.6421940764493914,0.3578059235506086,0.6267686823290506,-0.19835983180186723,-1370.2994815411878
95,-199.32287852159567,0.9757090944709736,0.13603514294473784,4.0,15.0,0.0,201.15206876536638,0.991154291435553,0.008845708564446997,0.5104478825218125,-0.3526932549605441,-1343.82125508113
96,-197.70532055088898,0.9781740386885985,0.2667625526958215,3.0,15.0,0.0,198.79373750892466,0.09286047438965697,0.9071395256103431,0.4038860098025393,0.6116952685172365,-1348.1454446957405
97,-199.85347698551945,1.0,0.2043115756572915,2.0,3.0,0.0,200.30253132466063,0.041917466353586674,0.9580825336464134,-0.456750689329357,0.6813936348358569,-1357.7503030723994
98,-198.62103081631636,0.40424826026715277,0.23426416705072348,2.0,7.0,0.0,203.0405209368991,0.981936600104778,0.018063399895221988,0.5032506192711519,-0.1714352038319959,-1343.9286808385598
99,-198.83082678867476,0.7767487098708776,0.13603514294473784,4.0,17.0,0.0,201.40546034391804,0.9859967287331535,0.014003271266846529,0.5230090902015606,0.1367798330353921,-1343.6394250889955
100,-197.79714065580228,0.999966369788811,0.2667625526958215,3.0,7.0,0.0,199.43201370426095,0.04385393605993537,0.9561460639400646,0.5028168398242645,0.5353285556306153,-1343.9589139854809
101,-198.68904213025795,0.9560604407807611,0.2043115756572915,2.0,7.0,0.0,202.02935153312268,0.08691470270679462,0.9130852972932054,-0.025813067826568892,0.3855390397961417,-1354.8638050162806
102,-199.07003066587282,0.33865613038269776,0.23426416705072348,3.0,15.0,0.0,204.83543805663302,0.14103687836567397,0.8589631216343261,0.9202352878121085,0.24327573088265697,-1359.7641026741169
103,-198.3776064486356,0.6847781730520618,0.13603514294473784,4.0,15.0,0.0,201.71171469431474,0.9162129692335573,0.08378703076644267,0.41414957612533443,-0.09567827598013129,-1352.45585777671
104,-198.6824077351956,0.9273990850747571,0.2667625526958215,2.0,7.0,0.0,199.97368406570922,0.020612527701907593,0.9793874722980924,1.0364566309643632,0.4478581846724515,-1344.389896169904
105,-197.51612012029906,0.9413271574946097,0.2043115756572915,2.0,3.0,0.0,199.57960522009932,0.17457326624499397,0.8254267337550061,0.0944228798004589,0.6764755463725036,-1350.608026652006
106,-199.4783245770514,0.9369316266295054,0.23426416705072348,4.0,15.0,0.0,200.78714987613023,0.03894646363802881,0.9610535363619712,0.944462077059889,0.630073291530745,-1354.1404403618908
107,-199.6755787232985,0.9713808587488654,0.13603514294473784,3.0,15.0,0.0,200.12648020750228,0.9712008496683846,0.028799150331615397,0.3855688582556404,-0.5299921527031041,-1354.23263109899
108,-197.54089979709948,0.9993591557980971,0.2667625526958215,3.0,15.0,0.0,198.79374605745627,0.14532365514606277,0.8546763448539372,1.0359150105874617,0.49784392601708255,-1349.0152133788786
109,-198.58662116620323,0.835190950527565,0.2043115756572915,3.0,7.0,0.0,200.47489846671306,0.03067960589439368,0.9693203941056063,0.07603504735328424,0.5932730493329452,-1347.1959197293631
110,-198.73568674506677,0.9913029500319344,0.23426416705072348,2.0,7.0,0.0,200.94974115539222,0.09076089830816145,0.9092391016918385,0.86765945558879,0.6226310782097535,-1354.6001034884648
111,-200.93174754224128,0.9946204523702427,0.13603514294473784,4.0,23.0,0.0,202.22758375479313,0.9964189492052551,0.003581050794744911,0.5809371446450118,-1.2330622661547255,-1347.4531305874873
112,-198.99807967143815,0.6217236929305221,0.2667625526958215,3.0,7.0,0.0,203.19175311454603,0.6654638759707517,0.33453612402924826,0.8178645850926631,-0.10585510452978486,-1363.6653912709755
113,-197.20449591285944,1.0,0.2043115756572915,2.0,7.0,0.0,198.96473865760814,0.10923314593110073,0.8907668540688993,0.010317448214707356,0.516179073631719,-1345.9155642542696
114,-196.41746195886103,0.9833111785438604,0.23426416705072348,3.0,11.0,0.0,198.43081531575012,0.7961714291378599,0.20382857086214012,0.524309510213804,0.31321659383322237,-1343.9205034705435
115,-201.4097609728701,0.8173451615155741,0.13603514294473784,5.0,35.0,0.0,204.3873819878795,0.9919923571795711,0.008007642820428873,0.47645925140516665,-2.9593112968068684,-1350.1297159231224
116,-197.21365408759766,0.6301828647085008,0.2667625526958215,2.0,3.0,0.0,200.09607647577684,0.9140037913669266,0.08599620863307345,0.5359425461924745,0.09944577451737936,-1344.4781070310723
117,-198.169865289166,0.8091538310284841,0.2043115756572915,2.0,3.0,0.0,198.4002754349044,0.09523477693076841,0.9047652230692316,0.09664203428931534,0.6599688257616488,-1351.5904845763714
118,-197.33975082463817,0.7729286922401541,0.23426416705072348,3.0,7.0,0.0,198.22636909216564,0.9253054758870382,0.07469452411296185,0.5507556578268009,0.4060460623723787,-1344.3130417556383
119,-198.40788459241304,0.8789385482615412,0.13603514294473784,5.0,47.0,0.0,203.76373275487293,0.927356293037587,0.07264370696241296,0.6427528097277738,-0.23396537691332248,-1351.5147181666355
120,-196.9853449794121,0.9753712293210802,0.2667625526958215,3.0,15.0,0.0,197.58449475823343,0.6155235516583178,0.38447644834168215,0.7186086504247473,0.14303784050653864,-1350.3078512393145
121,-198.6649646590637,0.9951561238088328,0.2043115756572915,2.0,3.0,0.0,198.92408514339337,0.07163351909370062,0.9283664809062994,0.15629768617430936,0.3699203899577073,-1353.4660916886721
122,-195.95935440296213,0.9942893222998009,0.23426416705072348,4.0,15.0,0.0,198.2404935063001,0.5304050988952749,0.4695949011047251,0.5135807004040793,0.5302053591648137,-1343.5670015739388
123,-198.63142314150707,1.0,0.13603514294473784,2.0,3.0,0.0,198.93722418389441,0.8721002535229786,0.1278997464770214,0.493863922163132,-0.3757057538173912,-1356.6135870837436
124,-196.48021928265652,0.6979179739790757,0.2667625526958215,2.0,7.0,0.0,198.72469318398154,0.36679307208671197,0.633206927913288,0.5425272431455148,0.34896948395712046,-1346.7932303903642
125,-198.23691985399702,1.0,0.2043115756572915,3.0,11.0,0.0,200.05866424284926,0.9732391884294604,0.026760811570539556,0.48129002943593957,0.7848409212991175,-1343.4411482512253
126,-196.0186503026061,0.9749584733499803,0.23426416705072348,3.0,7.0,0.0,196.90138988359726,0.38752921643708116,0.6124707835629188,0.4893741042652586,0.45091017722939986,-1343.7316576147175
127,-198.0951247452769,0.9009078940974373,0.13603514294473784,2.0,7.0,0.0,199.24749185732472,0.9463173506717693,0.05368264932823075,0.5628811257408759,-0.36983967202424506,-1347.4169353147352
128,-198.92222449906845,0.7620458669430187,0.2667625526958215,2.0,3.0,0.0,199.834932274076,0.21613294150836648,0.7838670584916335,0.6384092716650768,0.22647938466999343,-1361.445962585192
129,-204.90575140888225,0.22898125559868962,0.2043115756572915,3.0,15.0,0.0,205.31643944546232,0.9771185977110995,0.022881402288900454,0.7942478372919974,0.8461990879476652,-1388.022330903655
130,-197.4343086350353,0.9601124750734733,0.23426416705072348,3.0,7.0,0.0,197.55937726940925,0.09686327474257526,0.9031367252574247,0.8485777702486902,0.5330401470522552,-1346.1311639435019
131,-197.21092130689365,0.8633272128058963,0.13603514294473784,4.0,31.0,0.0,199.79877388119797,0.37228193091941203,0.6277180690805879,0.20291740337966305,0.7673106174731599,-1351.698574454448
132,-198.853923744261,0.9946787729622734,0.2667625526958215,3.0,15.0,0.0,203.5672314667137,0.9830066737869582,0.016993326213041837,0.5596294665308574,0.20566546996439455,-1345.060246946274
133,-198.4106844604235,0.9833105163347517,0.2043115756572915,4.0,15.0,0.0,203.87380454734458,0.03914955506691942,0.9608504449330806,-0.5703020573141224,0.5286347657286006,-1347.3907852820496
134,-196.5780832569269,0.9938691359810463,0.23426416705072348,3.0,15.0,0.0,197.874627474251,0.41161091971201624,0.5883890802879838,0.7043273206099977,0.2813158344549469,-1347.6211131749415
135,-196.33232344877925,0.9622273952547452,0.13603514294473784,4.0,31.0,0.0,198.47291292443597,0.266716741893022,0.7332832581069779,0.6327354316717699,0.40579248366982135,-1344.4557499118985
136,-198.44182611247157,1.0,0.2667625526958215,2.0,3.0,0.0,198.970018730288,0.9738407036836313,0.026159296316368708,0.4427148892529327,0.16274648953096674,-1345.243600895831
137,-198.03388852377046,0.9780603323426433,0.2043115756572915,3.0,7.0,0.0,198.92765210506488,0.057181779564448296,0.9428182204355517,-0.3098939273789434,0.48906736009716084,-1347.5067650534022
138,-196.8014636777368,0.8808906040895689,0.23426416705072348,3.0,7.0,0.0,197.96596107071048,0.6817247204241071,0.31827527957589286,0.43215632014940525,0.31314187314857006,-1348.655590262748
139,-196.58628562432202,0.9769443024894914,0.13603514294473784,3.0,7.0,0.0,197.1814594519607,0.34176029027193366,0.6582397097280663,0.7160113682790307,0.3145163228795103,-1347.1366515866973
140,-198.15650889745592,0.570579459409062,0.2667625526958215,2.0,7.0,0.0,201.5641231907036,0.9592168601195787,0.04078313988042126,0.5722795292032998,-0.1540753069183019,-1346.124487064366
141,-197.4152625604877,0.9994912589856841,0.2043115756572915,2.0,7.0,0.0,198.23215854874752,0.13094482252354475,0.8690551774764552,-0.10239449003259796,0.5989666894282215,-1348.3646723917477
142,-196.31300620596934,0.8875704509856345,0.23426416705072348,2.0,3.0,0.0,198.0576010347157,0.6038930701660946,0.3961069298339054,0.6118803584944219,0.2649712261081609,-1345.8172451867736
143,-197.26465890285763,0.9877852228790678,0.13603514294473784,2.0,3.0,0.0,197.42251655344538,0.44167602769660635,0.5583239723033937,0.8775113515066656,0.2654435402202013,-1352.259434992836
144,-200.7751440256908,0.8638415181136173,0.2667625526958215,4.0,21.0,0.0,201.76639189967457,0.995206443180858,0.004793556819141953,0.5685280902330159,-1.6300878618635763,-1347.4081284727756
145,-196.45811232903156,0.953413745492557,0.2043115756572915,3.0,15.0,0.0,198.97693278825574,0.7961744634186609,0.20382553658133906,0.5512992229130066,0.47025710276821886,-1344.0699241569648
146,-196.0786116497525,0.9905235667338398,0.23426416705072348,2.0,7.0,0.0,196.76982264517775,0.6754128441425997,0.3245871558574003,0.49913207097618956,0.4194356709637267,-1343.6126063202685
147,-197.8809670412504,0.8137033663591561,0.13603514294473784,2.0,3.0,0.0,198.865341705023,0.4857374128064822,0.5142625871935178,0.9128165635490743,0.3050204582770692,-1356.531682313087
148,-199.8238828314244,0.9256436860015119,0.2667625526958215,4.0,23.0,0.0,201.43400701196933,0.9747732292339818,0.025226770766018203,0.5932796566267162,-1.2480845882883058,-1353.0895215377604
149,-196.55105670847158,0.9772216539663486,0.2043115756572915,3.0,7.0,0.0,197.88096456924993,0.5662453579860571,0.43375464201394287,0.5984759045555026,0.2275250156760395,-1347.6741116597832
150,-197.6646355332628,0.63050337289843,0.23426416705072348,2.0,3.0,0.0,198.7526702428153,0.6711094571540166,0.3288905428459834,0.6961735945838607,0.5323863351703271,-1354.3190999361516
151,-196.87581256786387,1.0,0.13603514294473784,3.0,7.0,0.0,198.29719072146636,0.26984483695010836,0.7301551630498917,0.7703134047967101,0.31594098947233973,-1348.1503735863519
152,-199.79381537492412,0.8971639268414797,0.2667625526958215,4.0,27.0,0.0,201.68142645541906,0.991822287867146,0.00817771213285401,0.43020669645825443,-0.5011166719321521,-1346.4923790746254
153,-196.80359070539518,0.9662737151288169,0.2043115756572915,4.0,15.0,0.0,197.65694108930686,0.18879056076723846,0.8112094392327616,0.13344947793849937,0.5996053336220312,-1346.18388590094
154,-198.39543530253871,0.9258663807218028,0.23426416705072348,2.0,7.0,0.0,198.8687651359104,0.591748950264175,0.40825104973582504,0.37003466246856376,0.22795503397251426,-1360.4912329217202
155,-197.13973316940658,0.9893670164313306,0.13603514294473784,4.0,15.0,0.0,197.6104026409181,0.8277116338979484,0.17228836610205156,0.5851280395507955,0.6170594857494653,-1347.7145556723046
156,-202.3828486374298,0.4922627499255196,0.2667625526958215,4.0,23.0,0.0,204.9244397086055,0.9990688549212411,0.0009311450787589104,0.40865912560716117,-1.5816624674668949,-1347.490567483594
157,-196.45785597904762,0.9892684933228099,0.2043115756572915,2.0,7.0,0.0,198.13953100464164,0.17783546998615518,0.8221645300138448,0.48514972244372623,0.4770484362387205,-1343.4014338562881
158,-196.571267936272,0.839581100708508,0.23426416705072348,2.0,3.0,0.0,199.59271447194908,0.6882421854464249,0.3117578145535751,0.628149277098379,0.4522402802567065,-1346.716891495721
159,-196.1730114150301,1.0,0.13603514294473784,4.0,15.0,0.0,197.2569093482055,0.25877664302292364,0.7412233569770763,0.4832953853013069,0.5105894958208465,-1343.2819786989232
160,-202.3828486374298,0.14974848822950598,0.2667625526958215,1.0,1.0,0.0,204.48309075093408,0.9990688549212411,0.0009311450787589104,0.40865912560716117,-1.5816624674668949,-1347.490567483594
161,-197.4379814717586,0.8975693290525552,0.2043115756572915,2.0,3.0,0.0,197.4984321993971,0.13374013635482088,0.8662598636451792,0.5859955359631486,0.5990432675326667,-1348.3577307799824
162,-196.36718559862365,0.9092387573056421,0.23426416705072348,2.0,7.0,0.0,198.08302805123583,0.7777208838812654,0.22227911611873463,0.4548148479189992,0.6564644513585144,-1343.7811861685661
163,-196.16329681380168,0.997554714122027,0.13603514294473784,4.0,15.0,0.0,196.6325388235439,0.4039047899886519,0.5960952100113481,0.6121866987690382,0.3687880380503331,-1344.7708419466012
164,-202.68472948500738,0.7531070866575388,0.2667625526958215,1.0,3.0,0.0,203.77896508145966,0.998400923584142,0.0015990764158579918,0.3603122556325581,-1.6098248416069967,-1353.2612417447915
165,-197.6615103474549,0.9832404300875631,0.2043115756572915,2.0,7.0,0.0,198.1207503547299,0.1336036131680376,0.8663963868319624,0.5026570889059891,0.627502943680486,-1349.94404546995
166,-196.92786479924226,0.793602562922423,0.23426416705072348,3.0,9.0,0.0,197.5499078519448,0.16630512339078438,0.8336948766092156,0.24987376139055434,0.45616920711054193,-1346.4474323206693
167,-197.67439935509546,0.942554013510178,0.13603514294473784,3.0,11.0,0.0,198.47541495990006,0.6846710253209155,0.3153289746790845,0.2356219399322791,0.956283509681873,-1354.059531560637
168,-202.23898261308915,0.8661211948398444,0.2667625526958215,3.0,7.0,0.0,203.4026650749373,0.9980561438332336,0.0019438561667664,0.6176098504835242,-1.6693947133299163,-1351.1425314304165
169,-196.70161809812018,0.9728540910307846,0.2043115756572915,2.0,7.0,0.0,199.16830329254861,0.1514709416526775,0.8485290583473225,0.29085352809673565,0.5600112135594945,-1344.2507635280278
170,-198.9356599080535,0.8795619551398539,0.23426416705072348,3.0,7.0,0.0,200.89820477842156,0.03641265769087059,0.9635873423091295,-0.31042331725736744,0.6259470923366095,-1350.6368296314222
171,-196.53619473271314,1.0,0.13603514294473784,4.0,15.0,0.0,197.8540194667556,0.7644446510494184,0.2355553489505816,0.5184618494680665,0.2278501918752543,-1345.5042467381938
172,-203.97190699243413,0.37438085475175015,0.2667625526958215,2.0,3.0,0.0,206.4710325237955,0.9994918748883753,0.0005081251116246799,0.34842711941559834,-1.552695564220785,-1354.4041492262763
173,-198.288168776833,0.8939296008435268,0.2043115756572915,3.0,11.0,0.0,199.2837085255591,0.11945555870526073,0.8805444412947393,-0.06791751659514814,0.4204821122467019,-1354.0130529752435
174,-197.26444462322962,0.9119999613403529,0.23426416705072348,2.0,7.0,0.0,200.28886950207945,0.13976325377262389,0.8602367462273761,0.1533198154512517,0.45072822398030987,-1347.8257282869972
175,-196.37541030154827,0.6756172736180382,0.13603514294473784,4.0,15.0,0.0,199.6808593773454,0.404431493679322,0.5955685063206779,0.5089962937711366,0.3635834866861475,-1346.3421563699505
176,-202.95745454276783,0.9964773391149239,0.2667625526958215,3.0,7.0,0.0,204.3081185750613,0.9985811364775864,0.0014188635224136048,0.6397101245891363,-1.67704916236467,-1353.8883988226826
177,-201.56132564564996,0.8240376955445335,0.2043115756572915,2.0,3.0,0.0,201.62364871778453,0.07603205305092228,0.9239679469490777,-0.060112805484916446,0.789322315870263,-1373.4504490468057
178,-198.70798926784775,0.9925618878965976,0.23426416705072348,3.0,7.0,0.0,198.8391296275902,0.22931193348286638,0.7706880665171336,-0.27443051664703044,0.6770527204665978,-1360.1931854539985
179,-196.2705636856475,0.9593369353950297,0.13603514294473784,3.0,11.0,0.0,197.62350627690026,0.7009783401887725,0.2990216598112275,0.46682585342155475,0.671693700068214,-1344.4177871473007
180,-200.68032970440865,0.9609577702918948,0.2667625526958215,4.0,23.0,0.0,204.29864007694488,0.9956769199283277,0.004323080071672258,0.5960646814285249,-0.38252866524777673,-1348.1831953223475
181,-196.82274457708647,0.8129314583191808,0.2043115756572915,2.0,7.0,0.0,204.22432858445225,0.34464929190547977,0.6553507080945202,0.17418454210026185,0.6969415870661229,-1348.8802982062102
182,-198.7307568423005,0.7657318634525462,0.23426416705072348,2.0,3.0,0.0,199.90839652521538,0.19701674857674956,0.8029832514232504,-0.17680682324200175,0.7471014844317541,-1359.5373606491275
183,-196.40434223638235,0.9081421411502292,0.13603514294473784,4.0,23.0,0.0,197.81236801233575,0.7564857768718686,0.24351422312813142,0.5602904161497523,0.2528244892739739,-1344.701359404068
184,-199.62139169615457,0.530421587957823,0.2667625526958215,2.0,5.0,0.0,203.10650655163528,0.9780643574455875,0.021935642554412493,0.39165019401987605,-0.4853601433949802,-1352.061495496991
185,-197.58992797888547,0.7763093630640455,0.2043115756572915,3.0,7.0,0.0,198.67814646089366,0.05687380015011165,0.9431261998498883,0.6078539207225144,0.5335122521019563,-1344.1295839405109
186,-196.51020301686154,0.9907835919727203,0.23426416705072348,4.0,15.0,0.0,199.65639099769703,0.2723903379312399,0.7276096620687601,0.26270419445351895,0.6259943960282264,-1345.8661652211617
187,-197.16660592804294,0.8642024467836749,0.13603514294473784,3.0,7.0,0.0,198.9792314403009,0.18324432313811959,0.8167556768618804,0.4951997181966562,0.6177280466960944,-1348.3171847334274
188,-198.92589291014707,0.9841573317082959,0.2667625526958215,3.0,15.0,0.0,199.87135882811813,0.9467763849160648,0.05322361508393525,0.6140435884038321,-0.6641835344597498,-1352.7849096150599
189,-197.27014625302743,0.9836423163771139,0.2043115756572915,3.0,15.0,0.0,198.16838280141317,0.11866078737442473,0.8813392126255752,0.2830154504689165,0.4305312925756504,-1346.8683584425055
190,-196.9193894748948,0.9012633170204979,0.23426416705072348,3.0,7.0,0.0,197.63892446494958,0.3541150890143168,0.6458849109856832,0.33330378679766715,0.40888820339010407,-1349.839879893055
191,-198.4496012696207,0.9863693734292576,0.13603514294473784,3.0,15.0,0.0,199.4706453144853,0.03720956361853435,0.9627904363814657,0.03245422841751586,0.42065781463460744,-1347.6909077446705
192,-198.70778990555516,0.8177407223582627,0.2667625526958215,3.0,15.0,0.0,200.4965738620046,0.9721411434070281,0.027858856592971937,0.5912301522628798,-0.18428698809716673,-1347.3645191665134
193,-197.2461873408084,0.920961235796364,0.2043115756572915,2.0,3.0,0.0,198.1950977578084,0.1501780861355181,0.8498219138644819,0.425970571715806,0.616829503303457,-1347.822450178051
194,-196.25592529243121,0.9817116220517773,0.23426416705072348,2.0,7.0,0.0,197.49130600232726,0.6408789765761614,0.35912102342383856,0.5613391722135188,0.5452533747158581,-1345.0115479029605
195,-198.05985066621756,0.9080291630522804,0.13603514294473784,2.0,3.0,0.0,199.63044720007508,0.0368403027382785,0.9631596972617215,0.10108577086756453,0.5568105596824442,-1344.8095325112165
196,-198.26965360298544,0.9118603144514461,0.2667625526958215,2.0,3.0,0.0,199.07598944421704,0.9470562376688247,0.05294376233117526,0.438442061159406,-0.17264414619500015,-1348.7321523015594
197,-197.3179742480452,0.8829081938646132,0.2043115756572915,3.0,7.0,0.0,199.65771465322177,0.7569137322571491,0.24308626774285091,0.6410774483294863,-0.028378248049538674,-1350.974955811604
198,-196.09509435210694,0.9987632420837588,0.23426416705072348,3.0,15.0,0.0,196.4786356870428,0.696706745055905,0.303293254944095,0.49800800173642196,0.4343336757523901,-1343.4621514428143
199,-197.6041741044679,1.0,0.13603514294473784,3.0,7.0,0.0,198.0659610917534,0.06101182645437737,0.9389881735456226,0.06485765675846573,0.4755967986866039,-1345.0486415031542
200,-197.35892411196542,0.9994343580037276,0.2667625526958215,4.0,15.0,0.0,198.45095322374263,0.06995071501258941,0.9300492849874106,0.20099406578215495,0.5438760303067852,-1344.1415343426484
201,-198.59465742525146,0.8195083967648044,0.2043115756572915,3.0,15.0,0.0,200.0400827705251,0.8013300769567072,0.19866992304329278,0.4677376244639996,-0.14509534461104867,-1358.9425646727475
202,-198.62773309026812,0.930253970638948,0.23426416705072348,3.0,7.0,0.0,199.07602393144643,0.9829616042696723,0.017038395730327727,0.5203936064782471,0.21546619793141591,-1343.5487831487885
203,-198.07114964915527,0.9810348386650128,0.13603514294473784,3.0,15.0,0.0,198.96254672779304,0.029233709510233286,0.9707662904897667,0.3907282671054515,0.5011112564636938,-1343.2722458302517
204,-196.28641180965516,0.837146162954774,0.2667625526958215,3.0,7.0,0.0,199.29384485192952,0.40409764479187943,0.5959023552081206,0.674563946742181,0.3415704132055518,-1345.5697415524166
205,-196.1309242638088,1.0,0.2043115756572915,4.0,15.0,0.0,199.49930862826054,0.43390314194338503,0.566096858056615,0.38514724017747815,0.625158793157733,-1344.660913984637
206,-197.18618688092215,0.9157638530524762,0.23426416705072348,4.0,15.0,0.0,199.65175368292873,0.40843790071326014,0.5915620992867399,0.2995785110426396,0.7798318215292769,-1351.6995177678284
207,-199.33582564593098,0.9937683762112612,0.13603514294473784,4.0,15.0,0.0,199.69426669858737,0.008590645702744606,0.9914093542972554,0.7847442640552201,0.4901706618008208,-1343.303541212314
208,-196.381550522306,0.9790433090760684,0.2667625526958215,3.0,7.0,0.0,196.58061131681507,0.6379627133635567,0.3620372866364433,0.4430461235811586,0.38201675197350343,-1346.1369885977408
209,-196.43672683919868,0.923486013246044,0.2043115756572915,3.0,11.0,0.0,197.25176296328289,0.41269580365184794,0.587304196348152,0.6386378022441286,0.30690949088203157,-1346.7132668374738
210,-197.64638736220292,0.93982701155866,0.23426416705072348,2.0,3.0,0.0,197.9271838905186,0.5301034441872041,0.4698965558127959,0.1309441430389285,0.6773732636790847,-1355.2806133253289
211,-198.60856559626146,0.8762691490359048,0.13603514294473784,4.0,15.0,0.0,201.05768003030767,0.4019333395584399,0.5980666604415601,0.03670614042100859,0.5187827144051037,-1361.8586560774072
212,-196.02699497899988,1.0,0.2667625526958215,3.0,11.0,0.0,196.47980607313258,0.36126075038070393,0.6387392496192961,0.4306957958378287,0.5501781458090043,-1343.555337290497
213,-197.09143583703147,0.8897707427353646,0.2043115756572915,3.0,7.0,0.0,197.6119179048922,0.6887314487430968,0.3112685512569032,0.2799801092440085,0.6608237982744651,-1350.376688718129
214,-198.9257108078618,0.9419872902167874,0.23426416705072348,2.0,7.0,0.0,199.52111618320177,0.7996210516992769,0.20037894830072311,0.627407246970906,0.882597180932393,-1360.4683883674027
215,-198.60856559626146,0.7661991532146664,0.13603514294473784,1.0,1.0,0.0,199.72544216862977,0.4019333395584399,0.5980666604415601,0.03670614042100859,0.5187827144051037,-1361.8586560774072
216,-196.70593888947482,0.9866941316679821,0.2667625526958215,3.0,7.0,0.0,196.75536551245654,0.13355219780536798,0.866447802194632,0.3464826226914876,0.5014081717371207,-1343.578365519719
217,-197.5816312844464,0.9634334436821178,0.2043115756572915,3.0,15.0,0.0,199.0039691079193,0.7643971434814673,0.23560285651853274,0.2705696689536419,0.7859441167765223,-1352.4071759385313
218,-196.87261596071843,0.9655732319394489,0.23426416705072348,2.0,7.0,0.0,200.37604099863165,0.8734296755443205,0.1265703244556795,0.49877718456905507,0.715507055737412,-1344.0781410632471
219,-199.99199710348688,0.800383609975115,0.13603514294473784,2.0,3.0,0.0,202.69138778446447,0.2656077450278175,0.7343922549721825,0.030243507006084636,0.3556842948823308,-1370.0953875726545
220,-196.12585374985582,0.6862736824026147,0.2667625526958215,3.0,7.0,0.0,199.69221543090725,0.47103899272792726,0.5289610072720727,0.3896040278069424,0.6359597486641414,-1344.709712332604
221,-198.18836674535558,0.9928204621301683,0.2043115756572915,3.0,9.0,0.0,199.10041266010043,0.7735519394915774,0.2264480605084226,0.35959680235175373,0.2388068880561747,-1356.8425144923715
222,-197.2710891684175,0.9967619354249276,0.23426416705072348,3.0,15.0,0.0,197.6605057420268,0.8882823088850018,0.11171769111499819,0.4786104963718827,0.9724671020560555,-1345.727424889816
223,-196.5088728689662,1.0,0.13603514294473784,2.0,7.0,0.0,199.54348881316227,0.21072971923187328,0.7892702807681267,0.22840046196697988,0.5450215986446988,-1344.7423604911965
224,-195.93501012329236,0.8881515996406041,0.2667625526958215,2.0,3.0,0.0,196.95607832027164,0.4937953795930353,0.5062046204069647,0.4359713023874341,0.5392054257133736,-1343.4786868021765
225,-198.049314986921,0.9875232662145607,0.2043115756572915,2.0,3.0,0.0,198.43171215065536,0.7456904674681218,0.25430953253187816,0.7614097967326803,0.2248140773909819,-1356.0468040204094
226,-197.28738992227454,0.69404664832739,0.23426416705072348,2.0,3.0,0.0,198.2249371383727,0.8396279768169954,0.1603720231830046,0.3516708641800116,0.9229314049980987,-1348.120284644048
227,-196.54869888017762,0.9802555553533543,0.13603514294473784,3.0,15.0,0.0,197.86005126598855,0.19680885877197501,0.803191141228025,0.6584151522427146,0.41690799864931355,-1344.44327616706
228,-197.00221706885418,0.8537568653458726,0.2667625526958215,2.0,7.0,0.0,197.3698122617449,0.4341018806677693,0.5658981193322308,0.7125871598415434,0.53428271684406,-1350.4609417970457
229,-196.73639235593603,0.6266672146588977,0.2043115756572915,3.0,11.0,0.0,201.6717170150396,0.5089750070738036,0.4910249929261964,0.4924628382767286,0.29276077378312887,-1349.1450293306712
230,-196.7719262987741,0.9907639834409342,0.23426416705072348,3.0,7.0,0.0,197.3381048954705,0.7493062516543718,0.2506937483456282,0.3832096442549532,0.8730741409922882,-1346.9166558884212
231,-197.6652843730698,0.7978543320412746,0.13603514294473784,3.0,7.0,0.0,199.50540841782885,0.1643073126675842,0.8356926873324158,0.7473018009003092,0.31553595422776737,-1351.1398042978026
232,-196.39690596384085,0.9658938777694565,0.2667625526958215,3.0,15.0,0.0,197.71042488315035,0.35575944566408996,0.64424055433591,0.2509282456253882,0.5533736072052833,-1346.166590312929
233,-199.91792255511933,0.7540085876632743,0.2043115756572915,3.0,9.0,0.0,202.66888557484052,0.005557347610614423,0.9944426523893856,0.4721600226056143,0.5490826525568687,-1344.6233152641216
234,-198.8169321728788,0.7435167575207325,0.23426416705072348,4.0,31.0,0.0,198.84938168794685,0.02995580353853576,0.9700441964614642,1.4822520131251815,0.5291066928604697,-1346.7971595608185
235,-196.73121853934612,0.9803463154307783,0.13603514294473784,2.0,7.0,0.0,202.3741181855321,0.2962883182542599,0.7037116817457401,0.19257884588782653,0.5145630270427065,-1347.880425527484
236,-196.58805610260308,1.0,0.2667625526958215,3.0,7.0,0.0,196.80616133827928,0.17377001268192713,0.8262299873180728,0.2639530419109009,0.5133605091697364,-1344.2871706039284
237,-198.1589904573813,0.956081820365574,0.2043115756572915,4.0,23.0,0.0,201.64826829597988,0.9529942955734131,0.047005704426586914,0.400723427132857,0.7745235929679266,-1346.7242227236798
238,-199.87930290076864,0.8576130525659654,0.23426416705072348,3.0,7.0,0.0,200.96130027830404,0.07032253236069462,0.9296774676393054,2.0457714965112688,0.420511216250048,-1358.1093878433749
239,-196.3480402430538,0.9644524101050167,0.13603514294473784,4.0,15.0,0.0,197.60478363094694,0.24266517219943554,0.7573348278005645,0.5880292633033453,0.5189621714825653,-1344.0911985281764
240,-196.72374867249601,0.955209574239197,0.2667625526958215,3.0,7.0,0.0,197.64763479593722,0.24519667331292366,0.7548033266870764,0.8598003447640575,0.40958440503512,-1346.4830000764246
241,-199.17523970098247,1.0,0.2043115756572915,3.0,15.0,0.0,199.79452698930848,0.9874822126453541,0.012517787354645926,0.5339418301673264,1.0068478466373667,-1344.3851474053401
242,-199.8834906669853,0.7688736366179356,0.23426416705072348,3.0,15.0,0.0,202.24595268747743,0.005526104410058751,0.9944738955899413,1.164694853293248,0.4880221114028864,-1343.4226099275265
243,-196.11471151315797,1.0,0.13603514294473784,3.0,7.0,0.0,196.39880605319212,0.4020271982807431,0.5979728017192569,0.4177792248213722,0.4655163851163318,-1344.5279766871577
244,-197.6175419451132,0.9361606598634257,0.2667625526958215,3.0,11.0,0.0,199.69062422790475,0.20410102548231826,0.7958989745176818,1.1204692492759611,0.36986093610841536,-1351.3371399222765
245,-198.94100979666447,0.9830584860169921,0.2043115756572915,3.0,15.0,0.0,201.5968722804483,0.055150337779724876,0.9448496622202751,0.5533593463841198,0.34267884765334844,-1353.461591253818
246,-198.84042898060056,0.9475075227070608,0.23426416705072348,4.0,15.0,0.0,200.29124121008587,0.018888146147695715,0.9811118538523043,1.1374236029052938,0.44207108489195956,-1344.7050512922592
247,-195.98689408785472,0.9892131503641047,0.13603514294473784,3.0,15.0,0.0,196.3943015961154,0.3585427414768157,0.6414572585231844,0.48241501883714966,0.4944511550501881,-1343.2649823255772
248,-197.46250157363738,0.982762924689842,0.2667625526958215,3.0,7.0,0.0,197.97867312092413,0.07503226769725484,0.9249677323027452,0.8866149918001172,0.5057645834578891,-1344.6942621358808
249,-197.37373883197364,0.9322608163421867,0.2043115756572915,2.0,3.0,0.0,199.6951490533772,0.07649522215588601,0.923504777844114,0.6837994015059747,0.4330309571372567,-1344.537543963832
250,-200.5935879057111,0.8659616557549545,0.23426416705072348,3.0,7.0,0.0,201.34529080086554,0.005178489957070053,0.99482151004293,1.0751198260171007,0.39547409455051163,-1348.1252492067522
251,-197.54958887676528,0.8687111128281974,0.13603514294473784,2.0,7.0,0.0,198.80036859238044,0.13038545376091712,0.8696145462390829,0.7559926162082274,0.5757375371850703,-1348.806559550488
252,-198.76344404510473,0.8547057737675862,0.2667625526958215,3.0,7.0,0.0,199.70828431170526,0.6113315693873621,0.3886684306126379,0.08906869259149583,0.7839294300168125,-1362.5442964085266
253,-197.2814618437129,0.9887806102932508,0.2043115756572915,3.0,15.0,0.0,198.48528447942735,0.07979868229428738,0.9202013177057127,0.13850997001409235,0.5488747872583151,-1344.4563731933556
254,-199.66795412807255,0.9763589517849957,0.23426416705072348,3.0,15.0,0.0,202.24052453330808,0.04872906051165178,0.9512709394883482,1.66674032503431,0.5778707690238736,-1355.35355503637
255,-196.6718924382572,0.9703487944636592,0.13603514294473784,3.0,11.0,0.0,198.98369368145032,0.1546310346941008,0.8453689653058992,0.28041026482042053,0.49834102662637025,-1344.2237926959347
256,-198.80380765234594,0.9641821243828907,0.2667625526958215,3.0,7.0,0.0,200.03808158301553,0.06293683105006367,0.9370631689499364,0.8284906679783592,0.3322071346736457,-1353.0467875933257
257,-197.37441371161967,0.9275299171955763,0.2043115756572915,2.0,3.0,0.0,198.02347365785928,0.06910772464543356,0.9308922753545664,0.16890465456689516,0.48742641095655376,-1344.231556079696
258,-201.08498519647935,0.9693115313175406,0.23426416705072348,3.0,15.0,0.0,203.31488388956487,0.011020081092708515,0.9889799189072915,2.4434388955621498,0.3645783572264715,-1352.558888795382
259,-197.41097784056905,0.9918360563465074,0.13603514294473784,3.0,7.0,0.0,198.28800257938488,0.47253060915616274,0.5274693908438373,0.8067257622764072,0.45539318742674173,-1353.3286408151725
260,-196.8334631988237,1.0,0.2667625526958215,2.0,7.0,0.0,199.0416220017493,0.16352571309852137,0.8364742869014786,0.6264355465079492,0.5469151096138862,-1345.3383677071783
261,-196.09929965818145,0.9966893508739505,0.2043115756572915,3.0,7.0,0.0,197.59348651884906,0.5809563560277665,0.4190436439722335,0.5089428175309555,0.5841817119788639,-1344.3279493884672
262,-200.90660049923898,0.9617233076424381,0.23426416705072348,3.0,7.0,0.0,202.9690108930356,0.0035047933942300652,0.99649520660577,1.7244672516421022,0.4222048479762751,-1346.0138346223068
263,-198.55058319849027,0.9594572179597801,0.13603514294473784,3.0,15.0,0.0,200.66069770979792,0.03558272639742212,0.9644172736025779,0.9759853672662442,0.3951961076135953,-1347.2876645218737
264,-196.45800907331443,0.9609551043836163,0.2667625526958215,2.0,3.0,0.0,197.1520346843166,0.18410907133141421,0.8158909286685858,0.5540993984026679,0.45888239657754254,-1343.5418760409534
265,-196.1905159022777,0.9981747774327451,0.2043115756572915,4.0,15.0,0.0,196.34368689343447,0.3094667003574514,0.6905332996425486,0.32427439601383634,0.5512771008499238,-1344.2228414402912
266,-202.6061001596878,0.8976830181385104,0.23426416705072348,2.0,3.0,0.0,202.791933080009,0.0022032772884154513,0.9977967227115846,1.748744413147128,0.3444696007118028,-1354.534751056693
267,-196.85938651779588,0.9979554645529158,0.13603514294473784,3.0,15.0,0.0,199.39059931071213,0.13599933863187172,0.8640006613681283,0.448697094241686,0.5617658458818395,-1344.6186439230169
268,-196.9341351156051,0.971377483664897,0.2667625526958215,3.0,7.0,0.0,197.15534570765263,0.19884912349727676,0.8011508765027232,0.7710011195806542,0.52457097821305,-1346.932964771187
269,-196.62210773017867,0.9769686042136347,0.2043115756572915,4.0,15.0,0.0,196.81511782482153,0.6076385120174144,0.39236148798258563,0.6826364298319183,0.4101510516715067,-1347.7658039786515
270,-200.6280826881184,1.0,0.23426416705072348,3.0,7.0,0.0,202.8658470073712,0.01791191287282132,0.9820880871271787,1.5051186009017072,0.6342288105954771,-1355.6764394144323
271,-198.31020999881207,0.901398279652152,0.13603514294473784,3.0,15.0,0.0,199.07286607413852,0.198254591037543,0.8017454089624569,0.058850037147622394,0.40711346510411156,-1357.0277784055736
272,-196.14417560418545,0.9127657598780982,0.2667625526958215,3.0,15.0,0.0,198.01463565028575,0.6977505737399163,0.30224942626008366,0.4949092154032414,0.4019629398483679,-1343.8137515303274
273,-196.49739122073024,0.8531256946149043,0.2043115756572915,2.0,3.0,0.0,197.83277388040267,0.6360592221959427,0.3639407778040573,0.6560266444955609,0.4063036010275904,-1346.7341165143564
274,-198.53969782090425,1.0,0.23426416705072348,3.0,7.0,0.0,200.78970974375088,0.054041598408811176,0.9459584015911888,1.5948863214955262,0.42665516644241014,-1348.5694796344333
275,-197.8446247139096,0.9969277110421881,0.13603514294473784,2.0,5.0,0.0,198.60863416055963,0.1877243944224153,0.8122756055775847,-0.0005520410343579918,0.45618365568566027,-1353.491172049596
276,-197.45382632274365,0.9543263202812008,0.2667625526958215,3.0,7.0,0.0,197.62177423875332,0.934316976866156,0.065683023133844,0.4492591367596147,0.4534252200373385,-1344.3323707586794
277,-197.32058660006848,0.7774815544194357,0.2043115756572915,3.0,11.0,0.0,199.9502334091287,0.7527437639047688,0.24725623609523117,0.5862729392980609,-0.02446412277792232,-1351.1305919885745
278,-198.80291094544862,0.9634710435049216,0.23426416705072348,2.0,3.0,0.0,199.03913539616545,0.036359354396188405,0.9636406456038116,1.6575339902100326,0.5040118179596225,-1347.5399593487423
279,-196.73458412150993,0.9979503524382186,0.13603514294473784,3.0,15.0,0.0,199.0682177654927,0.1275557008954651,0.8724442991045349,0.36267002609761745,0.5219855781857159,-1343.478449347548
280,-196.1751573372359,1.0,0.2667625526958215,3.0,7.0,0.0,197.4414288421588,0.5542874882733699,0.44571251172663007,0.5179585821431387,0.35159150110909565,-1345.1334888163453
281,-196.60814022143006,0.9421435169187222,0.2043115756572915,3.0,13.0,0.0,198.71621825065856,0.22687660323496364,0.7731233967650364,0.17349268142609237,0.58909856413265,-1345.7711802861575
282,-198.78501625449226,0.962109454343552,0.23426416705072348,2.0,3.0,0.0,199.13469195116022,0.03321904134511229,0.9667809586548877,1.622601138271261,0.42750281225758624,-1346.9753350504036
283,-196.38626377581278,0.9609589542838101,0.13603514294473784,3.0,7.0,0.0,197.39785655149714,0.5876398169145582,0.41236018308544176,0.6731176369122372,0.29334402673292503,-1346.3309838083874
284,-196.51017875766712,0.9188180947131895,0.2667625526958215,3.0,15.0,0.0,197.42920275910748,0.7557412383532174,0.24425876164678262,0.4630454303245052,0.7514900953536915,-1345.1002255034166
285,-197.14747383876872,0.9089552212412139,0.2043115756572915,3.0,7.0,0.0,197.53598569136656,0.11127103323486183,0.8887289667651381,0.2295449677466782,0.5860799742293601,-1345.5215995101498
286,-197.96522260921526,0.9815804656947816,0.23426416705072348,3.0,15.0,0.0,198.98260850387388,0.08392422921093386,0.9160757707890661,1.3280101121109753,0.42537820586620034,-1348.094419370895
287,-200.61521354604196,0.8417573924617543,0.13603514294473784,5.0,39.0,0.0,203.47667319293535,0.9956238188416894,0.004376181158310621,0.4138514127783197,-0.7964152257738202,-1347.5549192872443
288,-196.72456275495304,0.9781771313219647,0.2667625526958215,3.0,11.0,0.0,197.2477606067381,0.4995728096060883,0.5004271903939117,0.7677528510278191,0.27335308088243937,-1348.7754623185226
289,-196.46001892728322,0.9404881785152042,0.2043115756572915,3.0,11.0,0.0,197.8735044692433,0.5622439404347842,0.4377560595652158,0.6690442118677771,0.4400508673938699,-1346.8599487595886
290,-199.8696264550358,0.7135679671197491,0.23426416705072348,2.0,3.0,0.0,200.83762942166675,0.09717489737044946,0.9028251026295505,1.3434697165708807,0.6041328886710748,-1361.9670255203566
291,-199.58489142959417,0.999458604037475,0.13603514294473784,4.0,15.0,0.0,201.4527289363472,0.9893870517932576,0.010612948206742412,0.581505458007164,-0.2960773189982189,-1346.8417612617263
292,-196.07581869151454,0.9912970728007208,0.2667625526958215,3.0,7.0,0.0,197.66331336181767,0.5838360648181322,0.4161639351818678,0.5864648968189867,0.356728010435006,-1344.2637397364444
293,-197.0065292263535,0.9854097787498767,0.2043115756572915,3.0,7.0,0.0,197.02183252040393,0.44628787266430076,0.5537121273356993,0.5416237714519029,0.6736534665428392,-1350.571376865328
294,-197.4717957310182,0.976892801813249,0.23426416705072348,4.0,23.0,0.0,200.73858749544456,0.9210198653243961,0.07898013467560394,0.41661279820399955,0.8194144877949743,-1345.2531321270494
295,-198.67146754719406,0.9531659979648703,0.13603514294473784,3.0,15.0,0.0,200.01400266751784,0.9766658775648972,0.0233341224351028,0.4419188075778697,-0.12045149194499524,-1346.0713966210487
296,-196.34384692924124,0.824325057860402,0.2667625526958215,3.0,7.0,0.0,197.45632779156318,0.7062113587905096,0.29378864120949044,0.6093068426842774,0.33233572542118883,-1345.015239112912
297,-197.32972781336048,0.8984132559694128,0.2043115756572915,3.0,7.0,0.0,199.03295319925604,0.9171933116563791,0.08280668834362093,0.5613846482847291,0.08312472100479065,-1345.0213713802266
298,-197.7905513662956,0.881174590378409,0.23426416705072348,3.0,11.0,0.0,198.58799592741912,0.8789416194608126,0.12105838053918738,0.5456519770388473,0.9759416536663862,-1349.7322593390716
299,-199.6639806863292,0.9116239227733746,0.13603514294473784,3.0,7.0,0.0,199.77125093498387,0.9852840013236581,0.01471599867634188,0.614250772099037,-0.09743549145319921,-1349.650942382446
300,-198.10295130432135,0.909986918199322,0.2667625526958215,4.0,15.0,0.0,198.5327508336871,0.8129047487603104,0.18709525123968962,0.6073058350126896,0.8041581086532331,-1354.560633730317
301,-197.86752399184095,0.8783521855575857,0.2043115756572915,2.0,3.0,0.0,198.36874705067333,0.9476990530167282,0.05230094698327181,0.5762534651337723,0.047658555619507895,-1345.7776734629606
302,-198.02955343165308,0.8890743909204054,0.23426416705072348,3.0,9.0,0.0,201.25865164307197,0.8185744290773932,0.1814255709226068,0.33722513583373515,0.385773820813658,-1354.5392107224452
303,-199.40210099086622,0.9664339827414654,0.13603514294473784,3.0,7.0,0.0,200.2107246352973,0.9823124156043562,0.017687584395643774,0.6101797161188969,-0.007096143242234971,-1349.1040621929205
304,-198.80280978789506,0.990802240061461,0.2667625526958215,3.0,15.0,0.0,199.56478599584767,0.9536710067300991,0.04632899326990092,0.35706226900966087,0.6959249087789826,-1351.2046674860762
305,-198.74093784007383,0.9112211202947306,0.2043115756572915,3.0,7.0,0.0,199.2121549016129,0.967003062360401,0.03299693763959899,0.6111861681037553,0.007842872830645206,-1348.7346760091189
306,-198.95048981380157,0.9229344716162817,0.23426416705072348,2.0,3.0,0.0,199.79393552139734,0.7433352343681849,0.25666476563181506,0.28267774528706247,0.3471538462800268,-1362.6849012552148
307,-198.18385442971982,0.9402228119429061,0.13603514294473784,4.0,15.0,0.0,201.71727016876034,0.9622511759394425,0.03774882406055746,0.44395905222441256,0.04871555171518559,-1345.9321800565565
308,-196.45978596120062,1.0,0.2667625526958215,3.0,7.0,0.0,198.87646731555535,0.5682981218581582,0.4317018781418418,0.42780054763261366,0.3835712582157086,-1347.104769219171
309,-197.83615325855132,0.975509463339887,0.2043115756572915,2.0,3.0,0.0,198.8530540368108,0.9503899839306947,0.04961001606930526,0.46953317902444996,-0.00021834370093528482,-1345.3140090015409
310,-197.4297409009942,0.9985377732907518,0.23426416705072348,4.0,15.0,0.0,199.31032936231705,0.4086495677865801,0.5913504322134199,0.47517119470750696,0.27373838082147606,-1353.7259756173896
311,-198.28419741141022,0.5646285427939658,0.13603514294473784,2.0,3.0,0.0,202.24445257589286,0.9608818343338626,0.03911816566613735,0.4496862463716337,-0.16422293701159094,-1346.8359719773928
312,-196.7168744719135,0.9886404804048121,0.2667625526958215,2.0,3.0,0.0,196.73680541731116,0.677479298789477,0.322520701210523,0.6758082993060999,0.3508154342937237,-1347.8649498769887
313,-196.48003217360116,0.9686361323867594,0.2043115756572915,3.0,15.0,0.0,199.03966339028048,0.6658724579222528,0.3341275420777472,0.6477266208430147,0.24110578385229214,-1346.4419221018693
314,-197.11483459355642,0.9553416717281475,0.23426416705072348,2.0,7.0,0.0,199.180366872799,0.24807754107476643,0.7519224589252336,0.4311836007355315,0.36660854782363217,-1349.745391240764
315,-197.85753112930803,0.8721706584397214,0.13603514294473784,3.0,11.0,0.0,200.8982262246895,0.8425489271746522,0.15745107282534776,0.6803895804958562,-0.06622285694485935,-1352.3944751356628
316,-197.06939034055472,0.8356138172048598,0.2667625526958215,2.0,7.0,0.0,198.02417907748884,0.33387470543659786,0.6661252945634022,0.4091345972445606,0.35738930281357634,-1350.6680954267085
317,-196.5616306632871,0.999223764813916,0.2043115756572915,3.0,7.0,0.0,196.99074723468416,0.4029365579661441,0.5970634420338559,0.3276265399654939,0.7009096423986828,-1347.4412228326028
318,-198.09259600199994,0.9839111531317516,0.23426416705072348,4.0,15.0,0.0,198.17937072053024,0.4876388680675471,0.5123611319324529,0.8110554519590276,0.5148416409062775,-1357.9978978398854
319,-197.96893740553023,0.9884069784256769,0.13603514294473784,3.0,15.0,0.0,198.69093585199855,0.925271595313141,0.07472840468685904,0.4399634539129144,-0.057309072940392405,-1348.8964933526179
320,-196.98831002246237,0.8935744236282289,0.2667625526958215,2.0,5.0,0.0,198.8062583322827,0.20327407038892,0.79672592961108,0.1979185596418471,0.46188663236186756,-1347.9538167963467
321,-196.90489556418885,0.9658414719986949,0.2043115756572915,3.0,7.0,0.0,197.1319963778171,0.41211906768087975,0.5878809323191203,0.4091731162203671,0.7225245598604418,-1349.7825565781743
322,-199.04362832351478,1.0,0.23426416705072348,2.0,7.0,0.0,201.25014274918482,0.0768827617042175,0.9231172382957825,1.0197717980733347,0.30084093178815763,-1355.6942966231572
323,-197.96893740553023,0.8557810886797589,0.13603514294473784,1.0,3.0,0.0,198.79304713580615,0.925271595313141,0.07472840468685904,0.4399634539129144,-0.057309072940392405,-1348.8964933526179
324,-196.7575366251571,1.0,0.2667625526958215,2.0,3.0,0.0,197.05221353866645,0.21147448667998336,0.7885255133200166,0.2584219516464965,0.6249540161083048,-1346.3845475870592
325,-199.8818628031105,0.9665952605680044,0.2043115756572915,3.0,7.0,0.0,200.22039628062566,0.09297962193209586,0.9070203780679041,0.446490541832144,0.28056893510730674,-1363.4122466141541
326,-197.97306624261606,1.0,0.23426416705072348,3.0,11.0,0.0,199.34074576719053,0.3649451842207518,0.6350548157792482,0.8673211840244887,0.5212976488378409,-1356.565805160395
327,-196.70120739456434,0.9907987892738793,0.13603514294473784,3.0,15.0,0.0,198.77292639498216,0.7980478782867189,0.20195212171328114,0.6068129264326172,0.33590197830626417,-1345.739626136322
328,-196.60353168930243,0.9618740931332371,0.2667625526958215,3.0,7.0,0.0,197.20197122094635,0.7140152904066571,0.2859847095933429,0.64449406022892,0.3447337627994489,-1346.653677860906
329,-195.95007500803547,0.9929865202864363,0.2043115756572915,2.0,5.0,0.0,200.53843076464355,0.3976847794124001,0.6023152205875999,0.4699400303127056,0.5157171574883834,-1343.2831559198996
330,-198.08323700950146,0.9919837265232695,0.23426416705072348,3.0,11.0,0.0,198.92906276308722,0.0396203963403807,0.9603796036596193,0.6382567647385713,0.42692319916293864,-1345.2210620788048
331,-197.66787025136432,0.7740532785540939,0.13603514294473784,3.0,15.0,0.0,200.6000823592012,0.816999923529473,0.18300007647052696,0.511798613701218,-0.08919077932670433,-1352.0808356042933
332,-196.45324103812098,1.0,0.2667625526958215,2.0,7.0,0.0,197.17756213241705,0.3706813057989717,0.6293186942010283,0.619035059405861,0.32819383288893894,-1346.5725766452479
333,-196.27809426860648,0.9696467318937597,0.2043115756572915,2.0,7.0,0.0,196.487375788968,0.36317220636139064,0.6368277936386093,0.2793040055750954,0.5616047061962983,-1345.3874633698447
334,-198.52776050067513,0.9572808445631046,0.23426416705072348,4.0,15.0,0.0,200.27296268142297,0.07800227979930072,0.9219977202006993,1.3546353914882874,0.5312026423576938,-1351.3702377428294
335,-197.50749904135975,0.9948386716253504,0.13603514294473784,3.0,15.0,0.0,198.02552381555728,0.7776278107030221,0.22237218929697788,0.6896421211004906,-0.003622924383611413,-1351.8002973023606
336,-197.7912340223191,0.9257405412715446,0.2667625526958215,2.0,3.0,0.0,197.9771249100451,0.6122088714948798,0.3877911285051202,0.8203951070207475,0.28584019632722923,-1355.7085889802859
337,-196.14970675200925,1.0,0.2043115756572915,4.0,15.0,0.0,196.42795651981086,0.28016999392737085,0.7198300060726291,0.5466166133081801,0.5000586736808452,-1343.4202588537019
338,-198.60954030937216,0.9478852445841709,0.23426416705072348,3.0,7.0,0.0,199.66803214344068,0.027157367698786905,0.9728426323012132,1.1822896655661057,0.5317071410898038,-1345.3947269487207
339,-198.47962012602596,0.999040468943593,0.13603514294473784,4.0,15.0,0.0,198.90860303470785,0.9768124048000453,0.023187595199954725,0.4758503623173606,-0.17884852683325278,-1344.6617021550915
340,-197.45819921860436,0.8652848709427968,0.2667625526958215,3.0,7.0,0.0,198.7092724208737,0.9345621992472526,0.06543780075274741,0.5497279784593048,0.1530135203566919,-1344.4091966868416
341,-195.9251737422586,0.9904862550357233,0.2043115756572915,3.0,7.0,0.0,196.26288119503786,0.507847000466221,0.492152999533779,0.5375423151152646,0.4474616925635879,-1343.4028828791588
342,-196.1616986119412,0.9975270393128424,0.23426416705072348,3.0,15.0,0.0,199.44993745956904,0.49772788861506845,0.5022721113849316,0.6416814974657078,0.3448989493185621,-1345.0024320618297
343,-198.71465545249967,0.888315521404654,0.13603514294473784,3.0,7.0,0.0,199.77596219516872,0.9774322860000164,0.022567713999983585,0.45267521388883014,-0.3015192758770445,-1346.070169492999
344,-199.965472132601,0.7745321859999382,0.2667625526958215,3.0,15.0,0.0,200.27246321068407,0.8687694574073173,0.13123054259268274,0.4846025339188199,-0.600671995957933,-1365.7981906945095
345,-196.49880781541086,0.9487499613938305,0.2043115756572915,3.0,7.0,0.0,196.53283447892372,0.41260809624745676,0.5873919037525432,0.48414145748209264,0.35747817586831016,-1347.262442144211
346,-195.9921772542137,0.9838613273193018,0.23426416705072348,3.0,7.0,0.0,196.2841179269973,0.6017476200659948,0.3982523799340052,0.55501151308556,0.4303141220851868,-1343.5718010093194
347,-198.86598736953962,0.6110542939383746,0.13603514294473784,2.0,3.0,0.0,201.03331063796645,0.9673688764082861,0.03263112359171394,0.41612164660551826,-0.2760520574700272,-1349.6313755247281
348,-199.50024381495479,1.0,0.2667625526958215,2.0,7.0,0.0,200.4897839874737,0.9590666746187094,0.040933325381290575,0.6425777074656182,-0.728742722134877,-1354.91918538534
349,-196.81380513723792,0.9606392677450271,0.2043115756572915,2.0,3.0,0.0,197.27092728933675,0.3405056897270211,0.6594943102729789,0.6709244458825605,0.5594719613907702,-1348.5651856057389
350,-196.24478003418076,0.7654255063572035,0.23426416705072348,2.0,7.0,0.0,197.7386300389327,0.3114391092783386,0.6885608907216614,0.30364598097521983,0.5383785849343485,-1344.6451334534743
351,-196.70334075015765,0.9947288657475006,0.13603514294473784,4.0,15.0,0.0,199.1282845994756,0.7559548274700135,0.24404517252998648,0.40651940409722026,0.4285934429573279,-1346.8019131117026
352,-198.67547699783063,1.0,0.2667625526958215,1.0,1.0,0.0,199.11032356080653,0.956938259986304,0.043061740013696004,0.5436400100005097,-0.7414023875784737,-1349.641975283359
353,-196.74879535915588,0.9900947566344634,0.2043115756572915,4.0,15.0,0.0,197.21343942570908,0.24959986675748297,0.750400133242517,0.23804037388702498,0.4746404452568302,-1347.2782772502349
354,-195.980778454805,0.9807894880590678,0.23426416705072348,2.0,7.0,0.0,196.69219580217677,0.4822274973506372,0.5177725026493628,0.44820204428745536,0.4753285004635,-1343.833793694048
355,-196.98256857896678,0.9867056124925725,0.13603514294473784,3.0,15.0,0.0,197.6567054702785,0.5748004396657849,0.42519956033421513,0.7664568501808761,0.21846330850175144,-1350.4263805456003
356,-198.55991459170497,0.40587587257604285,0.2667625526958215,3.0,15.0,0.0,201.88709516037048,0.9734688326164292,0.026531167383570753,0.5008619152739624,-0.5333323601692536,-1345.88408238501
357,-198.4057804660438,0.8908372802053142,0.2043115756572915,2.0,7.0,0.0,199.34098806833507,0.27159260127948254,0.7284073987205175,-0.09086112439409696,0.7662662515558613,-1358.8314908448374
358,-196.38968798940488,0.8472860135795334,0.23426416705072348,2.0,7.0,0.0,197.44222053558235,0.3859971239457381,0.614002876054262,0.6020221101140901,0.5515940622843243,-1346.0912762193982
359,-199.44718044123832,0.5568415436711199,0.13603514294473784,2.0,3.0,0.0,201.38889799998316,0.6058218244650045,0.39417817553499546,0.9345846195461021,0.25601654318417805,-1367.028776365327
360,-198.9892252847246,0.9747224584424187,0.2667625526958215,2.0,3.0,0.0,199.03992331099218,0.9849852424218115,0.015014757578188487,0.5331331160430877,-0.5369289366542069,-1344.9662678507611
361,-199.7465429411399,0.9431437221777027,0.2043115756572915,3.0,15.0,0.0,200.34350124067382,0.324186044569412,0.675813955430588,-0.09537695154813858,0.8822880467022642,-1368.6323559659038
362,-198.24206519946458,0.8998848938233456,0.23426416705072348,4.0,31.0,0.0,199.0794736472983,0.9662692562366894,0.033730743763310644,0.5114645925296422,-0.3513814472919733,-1345.425386688831
363,-196.40810159120906,0.9565710215603018,0.13603514294473784,3.0,15.0,0.0,200.14475757362518,0.31156203879449,0.68843796120551,0.3793440893334179,0.4464919103663951,-1345.8083101519571
364,-198.69210636830493,1.0,0.2667625526958215,2.0,3.0,0.0,199.05841557814782,0.9786831646286439,0.02131683537135609,0.5057925166777486,-0.5421912609430575,-1345.3100443947844
365,-196.90875703402241,1.0,0.2043115756572915,3.0,7.0,0.0,199.69869821034442,0.17365734416032821,0.8263426558396718,0.6355044706220186,0.3831894710044043,-1346.3111599208448
366,-197.08239928219962,0.9527379118202598,0.23426416705072348,3.0,15.0,0.0,198.59307507892697,0.7353958762005043,0.2646041237994957,0.6766563988346118,0.0840960111622006,-1349.6884510013037
367,-196.40810159120906,0.7963797042304203,0.13603514294473784,2.0,5.0,0.0,198.92938440679384,0.31156203879449,0.68843796120551,0.3793440893334179,0.4464919103663951,-1345.8083101519571
368,-198.9770539106615,0.9910130099130361,0.2667625526958215,3.0,7.0,0.0,199.1043647536374,0.8939306038963294,0.10606939610367061,0.6034759456094805,-0.6116497797015236,-1357.574083366396
369,-197.33657397029123,0.7409204515646521,0.2043115756572915,2.0,7.0,0.0,200.34165840031127,0.45966956970526085,0.5403304302947392,0.5098050642456162,0.7296806639727647,-1352.8473313869963
370,-196.112689350624,1.0,0.23426416705072348,3.0,11.0,0.0,197.07607538788767,0.6096933378108234,0.39030666218917665,0.4632547473045896,0.6295246733719918,-1344.254042819536
371,-199.0946025820946,0.9114571350805064,0.13603514294473784,3.0,9.0,0.0,199.45599475844693,0.07361716356864434,0.9263828364313557,-0.18192894753802602,0.6892249155061813,-1356.3083334717212
372,-199.0896748804388,0.9688060697893724,0.2667625526958215,3.0,7.0,0.0,199.30857047573886,0.9861687572226896,0.013831242777310404,0.5382734546751521,-0.559540151894586,-1345.075129863822
373,-196.41396462345435,0.9921561398031776,0.2043115756572915,2.0,7.0,0.0,197.838207065135,0.7592116127630284,0.2407883872369716,0.4193494381548889,0.7102876046404399,-1344.4537006656058
374,-196.7852623401472,0.9904861861442367,0.23426416705072348,2.0,7.0,0.0,197.2883339444021,0.614120977424163,0.38587902257583695,0.2883253845995319,0.8095163948331577,-1348.7610577096768
375,-198.11144970712687,0.9975064642686516,0.13603514294473784,4.0,15.0,0.0,200.65029796612484,0.0992460411484373,0.9007539588515627,0.8827328798794705,0.5858851889071565,-1350.856192915183
376,-197.7273281669975,0.9695303219826398,0.2667625526958215,4.0,23.0,0.0,200.31726080180664,0.05461413818861073,0.9453858618113893,0.4337969084787501,0.5603544983939556,-1344.946387031071
377,-197.1548232846354,0.9793301899090213,0.2043115756572915,3.0,11.0,0.0,198.25801600216496,0.8615069631513852,0.1384930368486148,0.5747805917879852,-0.020156116612145336,-1346.9257151382826
378,-197.41968107421746,0.8041199610943619,0.23426416705072348,1.0,1.0,0.0,197.42829787853617,0.6728066412980216,0.3271933587019784,0.22696752368405745,0.8103716144227368,-1352.660424514616
379,-197.05416638890483,0.9988490099452757,0.13603514294473784,3.0,7.0,0.0,198.323993879499,0.25956039909205236,0.7404396009079477,0.6231954837023862,0.31886922592874856,-1349.386012410422
380,-196.80572193132875,0.9566949870271223,0.2667625526958215,2.0,3.0,0.0,198.2222943525872,0.1367865041414384,0.8632134958585616,0.5511215976121192,0.4371803962934364,-1344.3005506387585
381,-196.2506149395779,0.9608099633673015,0.2043115756572915,3.0,15.0,0.0,198.1056518364905,0.7003571850596686,0.2996428149403314,0.4835938566615717,0.6456054813067595,-1344.304109952209
382,-197.32931287435585,0.9801760920281273,0.23426416705072348,3.0,15.0,0.0,198.0672189538149,0.8740278876068419,0.1259721123931581,0.37280360264485574,0.8361628781006818,-1347.1380440055887
383,-196.2796237323388,1.0,0.13603514294473784,3.0,7.0,0.0,197.2944429468363,0.3409524685839708,0.6590475314160291,0.4980702135142878,0.5827995401336221,-1345.031036799733
384,-196.4856747106651,0.8599338829420221,0.2667625526958215,2.0,7.0,0.0,198.73041667876436,0.41870637802115324,0.5812936219788467,0.399997759055368,0.6806837390814878,-1346.9754886360283
385,-196.61714673215576,0.9319896265424532,0.2043115756572915,3.0,15.0,0.0,197.97914879653115,0.7936931825620845,0.20630681743791546,0.4518796237265831,0.3567552402111344,-1345.3976877582913
386,-197.31044084469988,0.9548324482610155,0.23426416705072348,1.0,3.0,0.0,198.04861836711203,0.830265862037377,0.16973413796262304,0.33959695353970437,0.9003965842660036,-1348.6366695410638
387,-196.31979273958166,0.9912290874436892,0.13603514294473784,2.0,3.0,0.0,196.54303645741362,0.3171198445159117,0.6828801554840883,0.4440605081359191,0.5990018696747499,-1345.08074804658
388,-196.33501573406804,0.6387966277046017,0.2667625526958215,3.0,7.0,0.0,203.0973605433188,0.692031695285217,0.307968304714783,0.41808560813104034,0.47007831685773904,-1345.2139327257298
389,-197.16971229977761,0.9800896415794561,0.2043115756572915,2.0,3.0,0.0,197.1987574382157,0.8776114700632053,0.12238852993679472,0.5945957371413866,0.3677707823623403,-1346.1661239116822
390,-197.22269623057392,0.9163550045378059,0.23426416705072348,3.0,7.0,0.0,199.44147359623602,0.1216205547336871,0.878379445266313,0.48329383993411523,0.40572598818715644,-1346.5729255780939
391,-196.62305466746918,0.9951518759308265,0.13603514294473784,4.0,23.0,0.0,197.1396480495789,0.8324535080935662,0.16754649190643378,0.5496434670697815,0.47811213943573655,-1344.1583055287826
392,-196.0742459448034,0.9687901601722967,0.2667625526958215,3.0,7.0,0.0,196.70738629425074,0.48311495468717486,0.5168850453128251,0.6025274835327994,0.4733284493838991,-1344.3419181542909
393,-198.84092251660684,0.9581998233551275,0.2043115756572915,3.0,7.0,0.0,199.38423467839004,0.9862135643211305,0.013786435678869502,0.5152539915954975,0.48863036088413575,-1343.419827253774
394,-197.13273070890372,0.8037583652378636,0.23426416705072348,3.0,7.0,0.0,200.02120163939608,0.16575582491416171,0.8342441750858383,0.9982504447917437,0.4227465067495819,-1347.0631186678525
395,-196.99379298505247,0.9200502760093691,0.13603514294473784,1.0,1.0,0.0,196.9985919479636,0.8432908505797019,0.15670914942029812,0.5905107583971876,0.4776900748051405,-1346.306821677655
396,-199.4692612008545,0.7346210531227433,0.2667625526958215,2.0,7.0,0.0,200.00599915792307,0.9535558974441699,0.04644410255583009,0.32868199861543623,0.5017013499469472,-1356.0423124236736
397,-196.0190559613365,0.9484046906541727,0.2043115756572915,3.0,15.0,0.0,199.60177628420783,0.5997921682780948,0.4002078317219052,0.4396728067428894,0.5022508628937801,-1343.8099586578073
398,-197.70979072154657,0.9284949730358789,0.23426416705072348,3.0,11.0,0.0,200.17816046009395,0.90314778093281,0.09685221906718999,0.44308958013274113,0.027890429236679795,-1348.7303374703101
399,-196.45132139756095,0.8898957184722948,0.13603514294473784,3.0,15.0,0.0,199.61308372495066,0.20984482468347343,0.7901551753165266,0.6974363660054945,0.44905715390588274,-1344.0308907807878
400,-196.41014467164672,1.0,0.2667625526958215,4.0,15.0,0.0,199.20654361681852,0.2870473224834463,0.7129526775165538,0.6441618403862341,0.37569412875969055,-1345.314249057142
401,-196.65081968685593,0.9251041932363812,0.2043115756572915,2.0,5.0,0.0,197.65627425733132,0.5313423063371985,0.4686576936628015,0.7415332178981175,0.34908827986311486,-1348.2323372055735
402,-198.2817158999862,0.8199506293966576,0.23426416705072348,3.0,15.0,0.0,199.56588000039062,0.9277538938370742,0.07224610616292582,0.642297785832123,0.13635672061329032,-1350.6399411084678
403,-197.12123182451148,0.9827749276240096,0.13603514294473784,3.0,7.0,0.0,197.38152270145824,0.26210131408890464,0.7378986859110954,0.958252508771546,0.3454347218903979,-1349.4200624456546
404,-197.7525792286326,0.944571268589862,0.2667625526958215,2.0,7.0,0.0,198.2205759505227,0.1619607620323448,0.8380392379676552,0.8936834028229195,0.5607826056625055,-1351.2698349604311
405,-196.6541176401023,0.9520495817032624,0.2043115756572915,2.0,7.0,0.0,198.98275210439095,0.556252622889593,0.443747377110407,0.6522790242223022,0.5167789804796679,-1348.1763674543836
406,-196.10440346141164,0.9847969656075162,0.23426416705072348,4.0,15.0,0.0,199.11230775545476,0.7136299399062461,0.2863700600937539,0.4997101760059922,0.49389083678977685,-1343.2464304610373
407,-196.65793093352875,0.9926037540839244,0.13603514294473784,3.0,7.0,0.0,197.6097364078778,0.38005806406415976,0.6199419359358402,0.7557752504905972,0.2901266261623878,-1347.913389360974
408,-198.07140065315406,0.9365744603857175,0.2667625526958215,3.0,11.0,0.0,199.50147254392934,0.0348085578210292,0.9651914421789708,0.16169856557118778,0.4594374133286528,-1344.583693546533
409,-198.50072908366897,0.8610050252376386,0.2043115756572915,3.0,15.0,0.0,200.1362760283206,0.9539147540676116,0.046085245932388386,0.44179064280950564,-0.333091043429344,-1349.3472361735114
410,-196.06268635532214,0.9989814628552602,0.23426416705072348,4.0,15.0,0.0,196.30056466299197,0.45223198303268813,0.5477680169673118,0.6077765159654361,0.384003429052332,-1344.2672520331728
411,-198.74500968561208,0.5809676542710357,0.13603514294473784,3.0,7.0,0.0,201.22021998889196,0.741484339354741,0.258515660645259,0.2179805474640405,0.6016093440402155,-1361.1174202460854
412,-198.83473247590925,0.9938857196494587,0.2667625526958215,3.0,7.0,0.0,199.89422591249098,0.34082190562027537,0.6591780943797246,1.0055798143819723,0.49493294075605726,-1362.1026649853573
413,-197.30305672517764,0.8022219075536658,0.2043115756572915,4.0,19.0,0.0,200.0821778891552,0.13657164444387793,0.8634283555561221,0.5219241665930677,0.5996724179933693,-1347.608452914249
414,-196.14944188310918,0.9516589348249462,0.23426416705072348,2.0,7.0,0.0,197.0775193400795,0.28602729010458083,0.7139727098954192,0.3914354805336451,0.5153357829410398,-1343.6172157959054
415,-196.14103704242243,0.8447912474924527,0.13603514294473784,2.0,3.0,0.0,199.99955547232202,0.6104727603550223,0.3895272396449777,0.4352466303796477,0.6554514877799996,-1344.437841355964
416,-198.14290719240384,0.9803502337785872,0.2667625526958215,3.0,15.0,0.0,199.60322017536367,0.27506654928548224,0.7249334507145178,0.28573582888564886,0.3441776786847679,-1357.4117437052419
417,-198.49393236787685,0.998897113322819,0.2043115756572915,4.0,19.0,0.0,198.916836042261,0.9803250475442293,0.019674952455770667,0.514787302585297,0.03855252689236025,-1343.643649351328
418,-197.58147491441485,0.858670158264453,0.23426416705072348,3.0,7.0,0.0,198.2010542127641,0.2021313905813481,0.7978686094186519,0.407145018588047,0.3532815219039706,-1351.9893472142867
419,-196.970205542488,0.9909571790109459,0.13603514294473784,3.0,15.0,0.0,197.15977777100107,0.7780567117185375,0.22194328828146248,0.3721111200103545,0.9303928452875535,-1347.6229532886334
420,-197.65395921907998,0.8371481730155973,0.2667625526958215,3.0,15.0,0.0,201.59673807677984,0.4554951888591093,0.5445048111408908,0.13782546786881322,0.8372089334179069,-1355.0924276200883
421,-198.9853126748142,0.9884687740230054,0.2043115756572915,3.0,15.0,0.0,199.8174714603856,0.988314181182039,0.011685818817961047,0.5145938677926211,0.11956072330412792,-1343.4844272952666
422,-196.7210897623846,0.9587448477212891,0.23426416705072348,2.0,7.0,0.0,199.58282837076106,0.14789699543495474,0.8521030045650453,0.2560831668068449,0.5013810817801607,-1344.31951536162
423,-196.25052107151393,0.9854197642630993,0.13603514294473784,3.0,9.0,0.0,197.22427110706775,0.6182496569682584,0.3817503430317416,0.46685240240388187,0.37865825328048186,-1345.3648008567336
424,-196.44317874742651,0.8007411784890586,0.2667625526958215,2.0,3.0,0.0,198.27929652326577,0.5129751662395753,0.4870248337604247,0.39439722041206776,0.7170938306731293,-1346.8222411719735
425,-197.334696587574,0.6002024619377853,0.2043115756572915,3.0,15.0,0.0,201.88789061484357,0.45340657779118504,0.5465934222088149,0.20189619837855255,0.821246483653577,-1352.8858023270082
426,-197.87176634948884,0.8367077865136204,0.23426416705072348,2.0,7.0,0.0,199.80508104129134,0.06960978405698431,0.9303902159430157,0.7229407820485438,0.5736919756910451,-1347.2077293465031
427,-196.41418714664644,0.9940809556589288,0.13603514294473784,4.0,15.0,0.0,197.0073326948848,0.3989907528985295,0.6010092471014705,0.7275022729662487,0.3295587666870525,-1346.366346140258
428,-196.29001849156293,1.0,0.2667625526958215,2.0,3.0,0.0,196.42862255265828,0.5128961017900036,0.48710389820999644,0.3659534449490788,0.6934143704392595,-1345.811818567512
429,-196.9555662565738,0.9730688166830558,0.2043115756572915,4.0,31.0,0.0,198.24122599642263,0.15902353581638132,0.8409764641836187,0.41969931134937905,0.4173726670278182,-1346.3206622054656
430,-196.8905714223873,0.9207298724255844,0.23426416705072348,3.0,15.0,0.0,200.1566854020983,0.8922808309830393,0.10771916901696066,0.4919644461226429,0.3516376400099356,-1343.5767734777585
431,-196.6787011849233,0.9105821823550512,0.13603514294473784,4.0,15.0,0.0,198.36752953152293,0.7717236929643639,0.22827630703563606,0.420456155460551,0.839636787602829,-1345.852828608763
432,-196.11839880836163,0.9996143597458473,0.2667625526958215,4.0,15.0,0.0,196.4875906537051,0.510601697597489,0.48939830240251103,0.5656163568362773,0.3506058301505385,-1344.7762319253347
433,-197.07358136969683,0.9989806163886271,0.2043115756572915,3.0,15.0,0.0,197.56453032574774,0.8589283951515768,0.14107160484842318,0.48234849886477427,0.9025203968474634,-1345.8526301509014
434,-196.86700023864307,0.9946095916588823,0.23426416705072348,3.0,15.0,0.0,197.55365803718493,0.11836333766218331,0.8816366623378167,0.5034977978702342,0.5338747838451899,-1343.8327238594857
435,-197.34461285769913,0.9748956332797601,0.13603514294473784,4.0,15.0,0.0,198.0504514805766,0.09438563192380559,0.9056143680761944,0.5826799175675019,0.5637443033962939,-1345.6510322382312
436,-197.00132093170055,0.9095480467894049,0.2667625526958215,3.0,11.0,0.0,197.82813542765425,0.7753346053369143,0.22466539466308566,0.33929476538107395,0.8783018051744715,-1347.9994000097586
437,-196.96293621951114,0.9843662972182415,0.2043115756572915,3.0,7.0,0.0,197.607427545773,0.8740975944091881,0.1259024055908119,0.42857067560034806,0.8026796985235175,-1344.6127241801157
438,-196.9651920237483,0.9998744255624737,0.23426416705072348,3.0,7.0,0.0,197.0763317560931,0.1005232314663674,0.8994767685336326,0.5366332628294631,0.46574576754764724,-1343.5499173396645
439,-197.44170647497853,0.9696012630033367,0.13603514294473784,3.0,7.0,0.0,198.04922111430602,0.1141991151881362,0.8858008848118638,0.43062760778424397,0.39748563781742235,-1347.756260433131
440,-196.60924218689888,0.8609248008245841,0.2667625526958215,3.0,7.0,0.0,198.123663699499,0.5078880723162932,0.4921119276837068,0.7481950861178268,0.29382173402063616,-1347.9927179750532
441,-196.81013933839805,0.9919826567275324,0.2043115756572915,3.0,7.0,0.0,197.15780942551052,0.739780671338429,0.26021932866157105,0.3637620518552006,0.8757148800901446,-1347.3584094528373
442,-196.2707722174859,0.9978112030132229,0.23426416705072348,3.0,7.0,0.0,197.16747475482308,0.554104982513244,0.445895017486756,0.3693942206636371,0.5044018165049408,-1345.795410644929
443,-196.02919715062802,0.997983195892416,0.13603514294473784,2.0,7.0,0.0,197.88536384854308,0.3639260590930417,0.6360739409069582,0.4570162456196162,0.548568135130367,-1343.5737940728711
444,-196.46099445447737,1.0,0.2667625526958215,2.0,3.0,0.0,196.59646786248487,0.5094217714523038,0.49057822854769617,0.7098020338183518,0.2852745570026818,-1347.0205334001205
445,-196.82682029535331,0.9818003905440966,0.2043115756572915,3.0,7.0,0.0,197.0954467757958,0.7198561553713737,0.2801438446286263,0.3247436080589823,0.826758974721614,-1347.8898457829064
446,-196.10431421390956,0.9955642733855379,0.23426416705072348,2.0,5.0,0.0,196.64290281523427,0.42711579424645,0.5728842057535499,0.3604911156067083,0.5276426190623362,-1344.563461871492
447,-196.40679158175308,0.9968807180776743,0.13603514294473784,3.0,15.0,0.0,196.44231232373062,0.22136798345919856,0.7786320165408014,0.29222603601317226,0.5214708284324564,-1344.2766701143044
448,-196.38448682692447,0.9482632959104632,0.2667625526958215,2.0,3.0,0.0,196.71820748185965,0.5040221096657592,0.4959778903342408,0.705776677351384,0.3177035307508132,-1346.4820796378522
449,-196.1157273775115,0.9909720603802235,0.2043115756572915,3.0,11.0,0.0,197.4887282708301,0.5942188751380302,0.4057811248619698,0.5739805281205858,0.3347480389829047,-1344.5122917790502
450,-196.10570457276637,0.9602712393103825,0.23426416705072348,3.0,7.0,0.0,196.8143985875057,0.4711938150600657,0.5288061849399344,0.45950839127737503,0.6084344801368063,-1344.5490978354999
451,-198.5665836650243,0.9782086202764655,0.13603514294473784,3.0,7.0,0.0,199.55719208758336,0.1441094258990298,0.8558905741009701,1.219205113029269,0.2831840885700768,-1355.8400919715891
452,-197.1935608236911,0.7858719091561785,0.2667625526958215,3.0,15.0,0.0,198.54242698611588,0.30343561161320987,0.6965643883867901,0.8091123663741271,0.518861634504084,-1350.6312172200705
453,-196.03427052543537,0.8862534733322888,0.2043115756572915,2.0,3.0,0.0,196.92144312354534,0.4759652121227322,0.5240347878772678,0.5232224955343222,0.4019268482297945,-1344.1887305287446
454,-196.40414702522312,0.9912511694468397,0.23426416705072348,3.0,15.0,0.0,196.52973010010257,0.30740379532801454,0.6925962046719855,0.23532985097543532,0.5583989203189921,-1345.7091114070518
455,-197.98371957512023,0.98390727999437,0.13603514294473784,3.0,11.0,0.0,201.65362880345003,0.07546564086185185,0.9245343591381482,1.2925294988733629,0.40949387383989144,-1347.6435582941633
456,-196.5269906843679,0.9965087174838826,0.2667625526958215,3.0,7.0,0.0,197.5038432888441,0.2974582719477165,0.7025417280522834,0.20255473353970077,0.6245102362867383,-1346.3738556515007
457,-196.07067605949305,0.9660928778170036,0.2043115756572915,2.0,3.0,0.0,196.45310795768285,0.4562974638771697,0.5437025361228303,0.6152523419213337,0.38189755449115365,-1344.326302873853
458,-196.3871273606527,0.9540596773696938,0.23426416705072348,3.0,7.0,0.0,197.07066464647156,0.3102237935651648,0.6897762064348352,0.352688799348697,0.6254127487806399,-1345.4983526065523
459,-197.80917234324113,0.8484203248416895,0.13603514294473784,4.0,27.0,0.0,199.80373825611707,0.8614318469151928,0.1385681530848072,0.5185169356916415,1.064880720123972,-1350.5232577057388
460,-197.41520704144963,0.7546794404532309,0.2667625526958215,2.0,7.0,0.0,200.1292900883193,0.06533547052130882,0.9346645294786912,0.6301402451147695,0.45374114469097226,-1343.8626850602418
461,-196.25473355717523,0.9974063256114681,0.2043115756572915,3.0,11.0,0.0,196.3026835822051,0.5276245004402801,0.4723754995597199,0.3398618934761928,0.6804569322800578,-1345.5828307153229
462,-196.44639936153808,0.9690072818219023,0.23426416705072348,3.0,7.0,0.0,197.03001047420213,0.21782561249463464,0.7821743875053654,0.33742758416368246,0.4845883099689451,-1344.4776576548686
463,-199.4223029558528,0.9988751907520069,0.13603514294473784,4.0,23.0,0.0,199.81891685926843,0.9771943485102914,0.02280565148970859,0.39136676710564045,1.6790057768494768,-1348.7182033678162
464,-196.89445204775762,0.994182676477842,0.2667625526958215,3.0,7.0,0.0,197.56996240294478,0.14050003105185255,0.8594999689481475,0.7240102466412006,0.5156199729139607,-1344.8138388902753
465,-198.0711108800634,0.8140084240738564,0.2043115756572915,3.0,11.0,0.0,199.5594209974103,0.46898876703392123,0.5310112329660788,0.3212637255170677,0.32231416888183073,-1358.4451339491861
466,-196.77837096108925,0.9155136427556642,0.23426416705072348,3.0,7.0,0.0,198.35930348579194,0.47271036275487993,0.5272896372451201,0.21871653930394988,0.7407476082650819,-1349.1849429546694
467,-202.72022837512745,0.9486589638463964,0.13603514294473784,5.0,63.0,0.0,204.43507309816366,0.9957664254580605,0.004233574541939511,0.4439797331950975,4.211630506932865,-1347.077271189303
468,-198.1601992102896,0.9268813909950637,0.2667625526958215,3.0,11.0,0.0,199.15485530458497,0.037966474500708836,0.9620335254992911,0.11665574422243341,0.44122642664557693,-1345.7993142355713
469,-200.98264984808418,0.712684269711966,0.2043115756572915,2.0,3.0,0.0,202.38809930131592,0.4105370375849039,0.5894629624150961,0.8068830994925476,0.7235397003668687,-1377.5238073585592
470,-197.01249360017735,0.9515789613817598,0.23426416705072348,3.0,15.0,0.0,197.70230791001396,0.8802317183144618,0.11976828168553821,0.4451669594986718,0.8545738655249996,-1344.5715508805808
471,-198.8213446975396,0.9953103389331833,0.13603514294473784,5.0,31.0,0.0,202.8945781598661,0.9649993273826399,0.03500067261736006,0.4543042885299283,1.7407709648344687,-1347.2108382024148
472,-199.5355176417042,0.8958942480029751,0.2667625526958215,2.0,3.0,0.0,199.65090625350857,0.026886455606643638,0.9731135443933564,0.08394761230130883,0.3646437355062861,-1353.0540023076435
473,-196.80263215721035,1.0,0.2043115756572915,2.0,3.0,0.0,200.98292619674066,0.3295908731406242,0.6704091268593758,0.6707251429681493,0.5585984702924482,-1348.3774163235234
474,-197.98978302247312,0.8982184205933991,0.23426416705072348,2.0,7.0,0.0,199.0921798145233,0.9258274458000862,0.07417255419991375,0.5822919428375644,0.7648616814571729,-1348.3651278230916
475,-197.7754823661462,0.9795936266234626,0.13603514294473784,4.0,15.0,0.0,199.6545272795457,0.9424837459520707,0.05751625404792926,0.42258516294561055,0.8949417039102272,-1345.2032813498715
476,-198.1751816145474,0.97288164139465,0.2667625526958215,4.0,19.0,0.0,201.16850016613748,0.9301899194954182,0.06981008050458182,0.41441508232857294,0.02349548282088626,-1349.9087134049676
477,-196.26903509179002,0.9933010625850829,0.2043115756572915,3.0,7.0,0.0,197.09950959622324,0.23914037883005287,0.7608596211699471,0.3927887180096296,0.5428980304419042,-1343.6198565445009
478,-197.29855955439814,0.8752319854716964,0.23426416705072348,3.0,15.0,0.0,202.58337512723716,0.07644640756996975,0.9235535924300302,0.10548273074985026,0.5343684357278696,-1344.323665259126
479,-196.81096247887805,0.9884932755312044,0.13603514294473784,4.0,15.0,0.0,198.24491549277224,0.2544678014897291,0.745532198510271,0.7063817570699076,0.33448884282935987,-1347.512175064604
480,-196.66628788456453,0.9628029811128862,0.2667625526958215,3.0,11.0,0.0,198.7648532769136,0.6225480202970552,0.37745197970294475,0.6466382743595475,0.4937560001331299,-1347.9468948350195
481,-197.41866732879348,0.8990827792444297,0.2043115756572915,3.0,15.0,0.0,199.52766936716375,0.14073407115383027,0.8592659288461697,1.0902498902579714,0.39299546125277174,-1347.9670764643854
482,-197.23299754805802,0.9916938897063631,0.23426416705072348,2.0,7.0,0.0,197.99448812140787,0.10456302128441633,0.8954369787155837,-0.0189185504139667,0.539504535969746,-1345.825257059992
483,-196.3002584800029,0.9816022098738721,0.13603514294473784,3.0,15.0,0.0,197.89117264316405,0.24106365425169526,0.7589363457483047,0.3284375649853736,0.5419648023147593,-1343.9143391809737
484,-196.683806383189,0.9829455003630455,0.2667625526958215,3.0,15.0,0.0,197.40632454379744,0.295309265865798,0.704690734134202,0.15332049768836878,0.5653975806811268,-1347.5039756532046
485,-196.3135784604429,0.9391025942162651,0.2043115756572915,3.0,7.0,0.0,198.3186411754529,0.43005559575681235,0.5699444042431876,0.40466211663803026,0.43369784910415543,-1346.0696509727657
486,-197.48493446969152,0.7602635335502425,0.23426416705072348,4.0,15.0,0.0,200.88580302968214,0.09792859024426119,0.9020714097557389,-0.025131817238179338,0.47949196500122354,-1347.21632150513
487,-196.31866453433113,0.9891189726272694,0.13603514294473784,3.0,7.0,0.0,196.5110829685674,0.22538118554225522,0.7746188144577448,0.3497716867022485,0.523659977491839,-1343.7224482293116
488,-196.79987350880498,0.8872370919680765,0.2667625526958215,4.0,15.0,0.0,197.96656051670104,0.4458835884602644,0.5541164115397357,0.7841232148461745,0.25709217732501966,-1349.1998097265093
489,-196.0384203125463,0.9497867357104227,0.2043115756572915,2.0,7.0,0.0,197.06843347463126,0.36855654842115976,0.6314434515788403,0.47711754308810744,0.5477851705498907,-1343.6588998188438
490,-197.6241866922165,0.9741516931688828,0.23426416705072348,3.0,7.0,0.0,198.89937734469478,0.06448097968215238,0.9355190203178476,0.1364652576094391,0.4563332167728134,-1345.5463850456379
491,-196.9206916238142,0.9074116032457822,0.13603514294473784,3.0,7.0,0.0,197.54095978193808,0.2381073771473961,0.761892622852604,0.3365383889367219,0.41593320526104677,-1348.2413494846057
492,-196.37133530927295,0.995350449369443,0.2667625526958215,3.0,7.0,0.0,197.28711174304044,0.38353408632058966,0.6164659136794104,0.7146817076105785,0.34052699959504446,-1345.9824381480569
493,-195.97065956401073,0.9982770504826544,0.2043115756572915,3.0,7.0,0.0,196.13632219405164,0.5056164664276744,0.49438353357232556,0.5586702983250813,0.41025236715773605,-1343.725476722334
494,-196.9210281055597,0.9756132078078437,0.23426416705072348,3.0,15.0,0.0,198.27937709677667,0.27445935659585735,0.7255406434041427,0.7077626403265843,0.5519580592038569,-1348.4390045477219
495,-197.71803836875372,0.9502550204792215,0.13603514294473784,3.0,15.0,0.0,200.02111894143883,0.04760521256571286,0.9523947874342872,0.7761616174142746,0.5026179790370917,-1343.6797589618761
496,-196.4112986954474,0.9855012241715515,0.2667625526958215,3.0,15.0,0.0,196.8755838304933,0.7819141432682268,0.21808585673177316,0.5174465731392135,0.5910606060777502,-1344.0093673450451
497,-196.04497325282364,0.9572149137368715,0.2043115756572915,2.0,3.0,0.0,196.4344061630167,0.6080075780911289,0.39199242190887107,0.5776015360380031,0.4157087503344988,-1343.887127232826
498,-196.0699202651363,0.9861867190550623,0.23426416705072348,2.0,3.0,0.0,197.08946296970953,0.4048141487273259,0.5951858512726741,0.4737585390214984,0.4383767568485806,-1344.2121090454984
499,-196.25904531084774,0.9767608010401119,0.13603514294473784,4.0,15.0,0.0,198.88102645935004,0.22602994991724598,0.773970050082754,0.4731432900106324,0.502567021280202,-1343.2557085540398
500,-197.1001057873016,0.5722842216425758,0.2667625526958215,2.0,7.0,0.0,199.2581009499094,0.6107977898426081,0.38920221015739187,0.22440681600731777,0.7674553441831898,-1351.0432443711006
501,-197.15296682072488,0.7533380535972223,0.2043115756572915,3.0,7.0,0.0,198.3864874289593,0.2404037736606001,0.7595962263393999,0.04343328824607306,0.6625359804367112,-1349.7578228744183
502,-197.09518821868787,0.9645205959501363,0.23426416705072348,2.0,7.0,0.0,198.46952142222634,0.5092385039882145,0.49076149601178554,0.8008035923564614,0.2057871988989583,-1351.3164882723834
503,-196.17764217237985,0.9962691767340845,0.13603514294473784,4.0,15.0,0.0,196.55360166362613,0.5680281135975122,0.43197188640248785,0.3548578590644531,0.5980725031043925,-1345.0243046861276
504,-196.06917125951284,0.6554149915859586,0.2667625526958215,2.0,7.0,0.0,199.21467760274678,0.5431671370580511,0.4568328629419489,0.3957171039424851,0.526373182036152,-1344.3955372920418
505,-197.61441415365329,0.9636974977339076,0.2043115756572915,2.0,3.0,0.0,197.9934116272084,0.3143417165059928,0.6856582834940073,-0.02499145225027033,0.6842260314396913,-1354.0662366595027
506,-196.71417671148672,0.7964670207610587,0.23426416705072348,3.0,7.0,0.0,198.45473118636528,0.2998930178045776,0.7001069821954224,0.8394822168385506,0.41697279049788943,-1347.312770381231
507,-195.96662957195355,0.9999968176449726,0.13603514294473784,3.0,15.0,0.0,196.2252281496288,0.418371432163032,0.5816285678369679,0.5640311628660294,0.4560602769687491,-1343.4724376759723
508,-196.06671180299045,0.9986118913729655,0.2667625526958215,2.0,5.0,0.0,196.1803836019599,0.5902685649264447,0.40973143507355525,0.4039766813861558,0.5479809391339081,-1344.1755803259064
509,-197.28019588936948,0.9461086354110789,0.2043115756572915,3.0,15.0,0.0,199.70277855382565,0.2051167164388065,0.7948832835611935,0.008880695793737826,0.5193342528295933,-1350.0015166990477
510,-196.2025809393337,0.9657136752027835,0.23426416705072348,3.0,7.0,0.0,197.36698961029447,0.6268964414046225,0.37310355859537747,0.44924218552145145,0.4188905742834414,-1344.9575453468206
511,-196.03365413371156,0.998034630548355,0.13603514294473784,3.0,15.0,0.0,196.18412738426002,0.41596928691714735,0.5840307130828526,0.6108387112426703,0.4281662610985841,-1343.8979337617995
512,-196.05145182991973,0.9973705671037185,0.2667625526958215,3.0,15.0,0.0,196.1576356674936,0.3756644032602149,0.6243355967397851,0.5183094270988298,0.5350217127660691,-1343.7792005571046
513,-196.66549407810658,0.9090359190880907,0.2043115756572915,3.0,7.0,0.0,198.67062512130803,0.3020916174422152,0.6979083825577848,0.7780890034784954,0.33004626113735425,-1347.1470329115825
514,-196.92917054827845,0.9362474836254503,0.23426416705072348,3.0,11.0,0.0,200.79973589361245,0.8946725224493769,0.1053274775506231,0.532488643576092,0.4139630197226048,-1343.6297477061046
515,-196.74162735219093,0.9676335676875014,0.13603514294473784,3.0,13.0,0.0,197.53356453567807,0.12958697237767275,0.8704130276223272,0.433898801910987,0.5305460116738033,-1343.563364912362
516,-196.51926852442398,0.9617369651640096,0.2667625526958215,2.0,7.0,0.0,196.77983646252585,0.2732050344172809,0.726794965582719,0.6472293398285062,0.532695168616438,-1345.7329022397366
517,-196.29028892907638,0.9928233734982326,0.2043115756572915,3.0,15.0,0.0,197.39174710378853,0.5680102679682646,0.4319897320317354,0.32650071531811004,0.6244302792686112,-1345.7913695780046
518,-197.2799688238362,0.7807957289246437,0.23426416705072348,3.0,7.0,0.0,198.7114382313562,0.827890582930543,0.17210941706945704,0.4489326651118508,0.14767552464030145,-1349.1091361897234
519,-195.96806373354627,0.9212825138512277,0.13603514294473784,3.0,15.0,0.0,197.79958590329431,0.3962712966070984,0.6037287033929015,0.5487064451648298,0.46964725427260845,-1343.3689307514098
520,-196.23950365376606,0.9295728635285656,0.2667625526958215,3.0,7.0,0.0,197.9929570290304,0.39549281924755175,0.6045071807524482,0.49357201778916987,0.5955618928476517,-1345.1730955157434
521,-197.23067724033115,0.7422078458023463,0.2043115756572915,2.0,7.0,0.0,198.72819626723353,0.5536234186290776,0.4463765813709224,0.5581500708613105,0.710186438634983,-1352.0606555543357
522,-196.71447407518124,0.9994684699517524,0.23426416705072348,3.0,7.0,0.0,197.35911278977338,0.8048072589420316,0.19519274105796836,0.4985145057789,0.20437806842908787,-1345.8190885590325
523,-195.93854806973548,0.9981661257772755,0.13603514294473784,3.0,15.0,0.0,196.22769977023847,0.4487901784714293,0.5512098215285707,0.43729242428017967,0.53335226077655,-1343.4357708517443
524,-196.2111949800918,0.9936364791394746,0.2667625526958215,2.0,7.0,0.0,196.85359306471668,0.2744413773120059,0.7255586226879941,0.47756021143297156,0.5452159701001398,-1343.7773668599013
525,-196.36305021127956,0.824170720929248,0.2043115756572915,3.0,7.0,0.0,200.569804720359,0.5334590576120579,0.4665409423879421,0.3379490907743977,0.715052584697884,-1346.28060330489
526,-197.05852823586505,0.9730872824280795,0.23426416705072348,3.0,7.0,0.0,198.00911486419744,0.5073217220802968,0.4926782779197032,0.7587030179978534,0.17643161519386819,-1351.130507802466
527,-196.20553599503464,0.9971544769089573,0.13603514294473784,4.0,15.0,0.0,196.24952587026766,0.6923491488096993,0.30765085119030067,0.4539199250741348,0.6563248422804046,-1344.1074346834873
528,-196.4572773772257,0.940907376959885,0.2667625526958215,3.0,7.0,0.0,198.61719158091736,0.48932660868894207,0.5106733913110579,0.38462172526745875,0.429422901219947,-1347.212500616897
529,-196.79449360865934,0.9341376411660608,0.2043115756572915,3.0,15.0,0.0,197.30312395953402,0.7457212872601671,0.25427871273983293,0.36106132755842296,0.5486388403612483,-1347.550011530418
530,-198.9769364519717,0.7977882012357497,0.23426416705072348,3.0,15.0,0.0,202.63979242574132,0.9645007203583896,0.03549927964161037,0.4237062554266777,-0.48111746509789793,-1350.819652796198
531,-196.59953025784978,0.9705581985968563,0.13603514294473784,4.0,15.0,0.0,196.79128911002627,0.4789480821014987,0.5210519178985014,0.37524052561506394,0.7322790229163373,-1347.8884027010895
532,-196.1270641881422,0.9860307689022468,0.2667625526958215,3.0,7.0,0.0,197.0387823768946,0.4617481309803847,0.5382518690196153,0.33957944244235644,0.6126265054990702,-1344.7573921128949
533,-196.4665869808596,0.9959466589261436,0.2043115756572915,3.0,7.0,0.0,196.99939659877836,0.503437834066949,0.496562165933051,0.3820285439153658,0.4320103195978946,-1347.279423043764
534,-200.8291843681487,0.9725410712593753,0.23426416705072348,2.0,3.0,0.0,201.02611210810292,0.8592170327247093,0.14078296727529072,0.7099140683161365,-0.7159897671460272,-1371.8099976979643
535,-195.95828902171095,0.9733879316115931,0.13603514294473784,3.0,11.0,0.0,197.22212163616098,0.38998864525536076,0.6100113547446393,0.4598697773807016,0.5135742636100037,-1343.3025994121513
536,-196.12117357637518,0.9568611566359494,0.2667625526958215,2.0,7.0,0.0,196.89510072605,0.5515690319940089,0.44843096800599114,0.6256626976515386,0.36410109912672806,-1344.654537114999
537,-196.50274803458507,0.9563156023577557,0.2043115756572915,2.0,3.0,0.0,197.26222870033934,0.39465153994743324,0.6053484600525667,0.3256980997764926,0.4665148687225572,-1347.2235220961904
538,-198.06915975769698,0.6919154877684822,0.23426416705072348,3.0,11.0,0.0,202.22755056092595,0.9703056162016797,0.029694383798320345,0.5102987488052494,0.22837784119592364,-1343.4419927098193
539,-196.53417065413578,0.9753280691578287,0.13603514294473784,3.0,15.0,0.0,197.2352597158573,0.3468135491921698,0.6531864508078302,0.20091793748915995,0.5794394596709539,-1347.02813452668
540,-196.85006841264905,0.9827679876248698,0.2667625526958215,3.0,11.0,0.0,197.02893326236148,0.12187550880189753,0.8781244911981024,0.6855568784988363,0.4926933880777005,-1343.7397611179756
541,-195.99059959436337,0.9955011956995065,0.2043115756572915,4.0,15.0,0.0,196.7034782903843,0.5222509600953086,0.4777490399046914,0.40459138476871653,0.5639119054821705,-1343.8492976673347
542,-199.4981806923158,0.8142948227960332,0.23426416705072348,3.0,15.0,0.0,200.9460869734952,0.992824387867995,0.007175612132005016,0.4798080859529412,0.6440927477982941,-1343.3738133945258
543,-196.6661986244211,0.9996058561096718,0.13603514294473784,4.0,15.0,0.0,196.947885289245,0.23096928745403486,0.7690307125459651,0.8346465211150373,0.42420451814043914,-1345.8278113310944
544,-196.9938855366917,0.8114674367727046,0.2667625526958215,3.0,7.0,0.0,199.27906958536087,0.28075566328522694,0.7192443367147731,0.9090505180299936,0.41842211067444923,-1348.8696341145903
545,-196.3155544730237,0.9890747119440059,0.2043115756572915,3.0,15.0,0.0,196.71109947055822,0.29603826247973686,0.7039617375202631,0.6861987273583294,0.39499204485688927,-1344.72509195718
546,-197.75865279228125,0.9482127728358903,0.23426416705072348,3.0,7.0,0.0,199.9006634519527,0.9489210123184552,0.05107898768154484,0.4363969746687941,0.5641024942125149,-1344.7206955995396
547,-197.37823139318706,0.9606758042608955,0.13603514294473784,3.0,7.0,0.0,197.72265802843935,0.21521999404811032,0.7847800059518897,1.0557073729549595,0.386608557306597,-1350.0640356785802
548,-198.07855466193925,0.9564145908055474,0.2667625526958215,3.0,7.0,0.0,199.2523977875715,0.17396311697025515,0.8260368830297449,1.249702400656369,0.352555263212219,-1353.4210904276867
549,-196.2939172530997,0.9924085178628167,0.2043115756572915,3.0,11.0,0.0,196.55560096370868,0.5463998422184329,0.45360015778156715,0.3158104228104199,0.6469120559398729,-1345.8669382498176
550,-196.56001378515109,0.9545492189763201,0.23426416705072348,2.0,7.0,0.0,199.30795277864448,0.8251241346060105,0.17487586539398947,0.5552538934830386,0.3081288252280665,-1344.0675528382012
551,-197.26360934047938,0.9428694811353124,0.13603514294473784,3.0,15.0,0.0,198.910344742459,0.07701191365871764,0.9229880863412824,0.4133240045836871,0.5421303762786177,-1343.9837984800195
552,-198.88038973691107,0.903939498163541,0.2667625526958215,4.0,15.0,0.0,200.41268407802303,0.31119331301525166,0.6888066869847483,0.005917952145454486,0.45025261320698823,-1363.0031031598724
553,-196.36390405690096,0.9992136000144287,0.2043115756572915,3.0,15.0,0.0,196.6413857677258,0.6433721028586268,0.3566278971413732,0.3962283635579923,0.7407926088995856,-1345.6555158684846
554,-196.42715719068102,0.8740014418519773,0.23426416705072348,4.0,15.0,0.0,197.43366236236216,0.485581411806783,0.5144185881932171,0.26819937329043975,0.6120709947330221,-1346.9032106088048
555,-197.63873653792535,0.9428642835337967,0.13603514294473784,3.0,11.0,0.0,198.63254340296103,0.15599305228371638,0.8440069477162836,-0.0639148970642187,0.48537769269777753,-1351.0273334000328
556,-197.88863713781228,0.9992830398049745,0.2667625526958215,3.0,11.0,0.0,200.18808415522852,0.15418454166823026,0.8458154583317697,1.1364831395911257,0.49042960198337837,-1351.5718372097926
557,-196.70489436465613,0.8944690437302434,0.2043115756572915,2.0,3.0,0.0,196.90193763922244,0.6934362447932163,0.3065637552067837,0.31750303362277743,0.6960410059094162,-1347.5877554903705
558,-196.267203947174,0.9155756428314951,0.23426416705072348,2.0,3.0,0.0,197.12232280665438,0.47627853930241165,0.5237214606975884,0.33843692029563116,0.519377468150651,-1345.842241431993
559,-196.17999164460028,0.9856871440776871,0.13603514294473784,3.0,11.0,0.0,198.8535174080493,0.3132586452128752,0.6867413547871248,0.4190303380279571,0.5756106588093177,-1344.11173891883
560,-198.46709474641096,0.9810105362065064,0.2667625526958215,2.0,7.0,0.0,199.0993035530463,0.10231218905249134,0.8976878109475086,1.2216728863572819,0.5448437370676434,-1352.9237149451371
561,-196.53096924205818,0.9926647242232945,0.2043115756572915,2.0,5.0,0.0,196.9626211830192,0.7662627796504277,0.23373722034957234,0.47281425985313125,0.7442093046529612,-1345.036704510422
562,-197.56016626929795,0.9978390940608782,0.23426416705072348,3.0,7.0,0.0,197.7670981431542,0.1996232348816252,0.8003767651183749,0.13520847394180852,0.6976255857583066,-1351.592464468255
563,-196.1932180711508,0.9738874492371771,0.13603514294473784,2.0,3.0,0.0,196.54942950967018,0.27693003583893455,0.7230699641610654,0.44853767170481096,0.5490240927921684,-1343.7114203455237
564,-198.05257925759906,0.9973819696783235,0.2667625526958215,2.0,7.0,0.0,199.29605736123506,0.1239763673351281,0.8760236326648719,1.0717832617067917,0.5422888072213317,-1351.5175392627325
565,-196.34034642815294,0.4532383423029381,0.2043115756572915,2.0,3.0,0.0,201.57270292965862,0.6892473429953746,0.3107526570046254,0.38028906303017146,0.5954781212516831,-1345.1957580500814
566,-198.01179964755468,0.9418705690230198,0.23426416705072348,4.0,15.0,0.0,198.66996513649175,0.8199099784313626,0.1800900215686374,0.6628190488169889,0.5455070379842163,-1353.967194683044
567,-196.11069450488804,0.9932719854632941,0.13603514294473784,2.0,7.0,0.0,196.3876101128736,0.4372546144763567,0.5627453855236433,0.4126602150911022,0.4683574505035859,-1344.6624061166422
568,-197.30217163323,0.9780791884326517,0.2667625526958215,3.0,15.0,0.0,198.98042833976785,0.30419754091613016,0.6958024590838698,0.7443501528717137,0.25367542270518395,-1351.6550032898992
569,-197.59811069295696,0.9305564166891261,0.2043115756572915,3.0,7.0,0.0,198.1913748342557,0.9507557259105435,0.04924427408945653,0.5172301040646606,0.43921989217037277,-1343.4139969770386
570,-196.58480808597938,0.9947754746619516,0.23426416705072348,3.0,7.0,0.0,198.3354583152647,0.5679764769782628,0.4320235230217372,0.6286993574767914,0.2122197773127751,-1347.8745058009747
571,-198.12368453115275,0.9084018666741956,0.13603514294473784,4.0,15.0,0.0,199.33418692854548,0.967034902553617,0.032965097446382985,0.541725313222114,-0.05382282400243209,-1344.5311001132443
572,-196.17661133825933,0.9193775120613313,0.2667625526958215,2.0,3.0,0.0,198.20210195451966,0.6802372512633974,0.3197627487366026,0.575881597029557,0.43166446616881715,-1344.1550591173564
573,-197.7938073157549,0.9990543801896004,0.2043115756572915,2.0,3.0,0.0,197.86923987547627,0.9597776439156867,0.04022235608431335,0.5189945882922543,0.41457436088399463,-1343.4497285872983
574,-196.89200105359794,0.9984458799215594,0.23426416705072348,4.0,15.0,0.0,196.90362221165793,0.5981614407644186,0.4018385592355814,0.735043802482658,0.19229724080469657,-1349.735614549988
575,-196.89864938894107,0.9896676104115468,0.13603514294473784,4.0,15.0,0.0,198.39242757614784,0.805024074316258,0.194975925683742,0.6117083840583535,0.09250517756515304,-1347.0056760189716
576,-196.94537740331046,0.9937523373431795,0.2667625526958215,3.0,15.0,0.0,196.98241226843484,0.7770928959800691,0.22290710401993086,0.640326353910281,0.09862632868580005,-1347.9773876751049
577,-197.75518285867676,0.9772686442797535,0.2043115756572915,3.0,15.0,0.0,199.23773336738432,0.6669046676900934,0.3330953323099066,0.4733064646168285,0.9260852006091561,-1354.718167367553
578,-197.49375945641705,0.6666970675418736,0.23426416705072348,3.0,7.0,0.0,199.40060976019706,0.44334533577128743,0.5566546642287126,0.6233589334921948,0.6565046365886675,-1353.8654366242642
579,-197.27355719938618,0.9246299868916446,0.13603514294473784,2.0,7.0,0.0,198.1186290205409,0.8482248386395513,0.15177516136044866,0.6390485065042922,0.1756551593455739,-1348.1775340646022
580,-196.78010118232515,0.8891289197847386,0.2667625526958215,2.0,7.0,0.0,197.53374052812129,0.6068362025157885,0.3931637974842115,0.6512857052790998,0.15653762165505333,-1349.0223754466838
581,-196.38371591478838,0.9261223684194905,0.2043115756572915,3.0,7.0,0.0,199.32763708613498,0.33062226405346073,0.6693777359465393,0.2797062148815094,0.634188705518403,-1345.7376365845444
582,-196.05260002150888,1.0,0.23426416705072348,2.0,3.0,0.0,197.48756359034576,0.5590517690763345,0.44094823092366553,0.44931595466665575,0.6153094663073104,-1344.1089339707578
583,-197.69271719661043,0.717285172247461,0.13603514294473784,4.0,19.0,0.0,200.9662062003967,0.2501700983405068,0.7498299016594931,-0.07698502895010888,0.6815721027165784,-1353.6463887787584
584,-197.0958507676279,0.9322570108047905,0.2667625526958215,4.0,15.0,0.0,198.31345928564676,0.13377418768360483,0.8662258123163952,0.8800379766884637,0.4938728335738029,-1345.7228909078394
585,-196.50949659415096,0.9549361728422114,0.2043115756572915,3.0,7.0,0.0,197.16475207515003,0.6360349565765084,0.36396504342349156,0.31509570883090887,0.6957817464982737,-1346.8283445058962
586,-196.28451656020144,0.9507482339589696,0.23426416705072348,3.0,15.0,0.0,196.9146301626888,0.7785145816158092,0.22148541838419078,0.4798455683636456,0.4941652107526105,-1343.3335135837233
587,-197.93005371100173,0.9955707824634848,0.13603514294473784,3.0,15.0,0.0,198.46665324873322,0.16561561639004746,0.8343843836099525,-0.20155695815919147,0.6525090206488771,-1353.1781951365722
588,-198.2010076374563,0.945854154461051,0.2667625526958215,3.0,15.0,0.0,199.8372246972193,0.9093380822869591,0.09066191771304088,0.3717213396913036,0.31339543026571814,-1351.6805559550057
589,-196.62831170010412,0.6892089410841586,0.2043115756572915,2.0,7.0,0.0,201.3163500348697,0.8412087067518331,0.15879129324816688,0.5182714020490351,0.26778079555045914,-1344.0605450069106
590,-196.4943462215079,0.9201559546866875,0.23426416705072348,4.0,15.0,0.0,197.28758761882335,0.23664237431773982,0.7633576256822602,0.2791769742105375,0.49560818875493606,-1345.23468200488
591,-198.71656745427893,0.9147039827711514,0.13603514294473784,3.0,15.0,0.0,200.39203169043833,0.7984017606348617,0.20159823936513832,0.6882287590763019,0.6239973374878591,-1359.3223599980092
592,-198.6358888199261,0.8293354452741332,0.2667625526958215,2.0,7.0,0.0,200.8222361611461,0.9316836238848706,0.06831637611512942,0.35027555426340196,0.4679072492298957,-1352.8066240005694
593,-197.8260811800863,0.6611176746195512,0.2043115756572915,2.0,3.0,0.0,198.96066262582005,0.9156491834205867,0.08435081657941335,0.39774001359460176,0.3390251371060212,-1348.6082922228254
594,-196.63813530499846,0.9971934911384369,0.23426416705072348,3.0,7.0,0.0,197.07109103216274,0.24746301003312926,0.7525369899668708,0.1768692180191302,0.5329935784072,-1346.4452591113331
595,-198.33124628784347,0.7290187996216558,0.13603514294473784,3.0,7.0,0.0,204.1645282925787,0.04646493408917704,0.9535350659108229,-0.5301150305522428,0.5486551697170157,-1347.992174174832
596,-196.99336131749422,1.0,0.2667625526958215,3.0,7.0,0.0,198.36455291747197,0.8576994102266001,0.14230058977339988,0.5908673958627729,0.39207744531644273,-1345.8185501028986
597,-196.19983122664456,0.9948564426192336,0.2043115756572915,3.0,13.0,0.0,198.04763047528024,0.65882921273944,0.34117078726056005,0.3908062298762294,0.6290678156760244,-1344.5158941791422
598,-197.68676745932711,1.0,0.23426416705072348,3.0,7.0,0.0,197.7969308725027,0.05623172472173659,0.9437682752782635,-0.09795029274356185,0.5326308535500969,-1345.0363672939154
599,-199.25714483924614,0.8812886769043271,0.13603514294473784,3.0,15.0,0.0,201.60204002327592,0.060138652283732774,0.9398613477162672,-0.7281706247370133,0.45352109029311893,-1355.9373077058808
600,-199.385565150813,0.45181903941785295,0.2667625526958215,2.0,7.0,0.0,203.26681941753554,0.8498295832102291,0.15017041678977094,0.253465307171506,0.5834666288763178,-1362.736240044106
601,-196.35959703055198,0.9539036921501082,0.2043115756572915,2.0,7.0,0.0,197.91185019412202,0.4867725096662067,0.5132274903337932,0.28041241376798637,0.6175325591707258,-1346.425848007218
602,-199.1232220621698,0.9724538927396517,0.23426416705072348,3.0,11.0,0.0,200.47773555694468,0.12276813387601138,0.8772318661239886,-0.5651308679278018,0.5344163669744811,-1359.5785819220441
603,-198.74927495925553,0.916204952019885,0.13603514294473784,2.0,3.0,0.0,200.27094726094245,0.04426588915026269,0.9557341108497374,-0.7642268946902937,0.5566067576055486,-1350.2915759888044
604,-197.97199538172586,1.0,0.2667625526958215,1.0,1.0,0.0,199.33692021557022,0.8572685261571905,0.1427314738428095,0.3243859072250106,0.601679262573186,-1352.626872268269
605,-196.06761567415575,0.9986494292466841,0.2043115756572915,3.0,15.0,0.0,196.47803958816795,0.6346435581949665,0.36535644180503346,0.5105850595926946,0.5587277740422847,-1343.796255347259
606,-200.2054916907586,0.9452639427447644,0.23426416705072348,3.0,15.0,0.0,200.38777652640385,0.004994198230811218,0.9950058017691887,-0.6505679201484921,0.5619321598340472,-1345.690347726425
607,-199.15233629140926,0.9494660486006173,0.13603514294473784,2.0,3.0,0.0,199.44745506890948,0.0399670459895052,0.9600329540104948,-0.8947624420000042,0.47220802750892205,-1352.2891211029628
608,-198.30239029635138,0.9581718233476344,0.2667625526958215,3.0,11.0,0.0,199.20001152340507,0.8096006916657312,0.19039930833426877,0.24802896499304455,0.8955069014149186,-1356.1623819046827
609,-197.10702910300202,0.974090449350453,0.2043115756572915,4.0,15.0,0.0,197.59202169873973,0.5639794611317351,0.43602053886826486,0.6005811281442415,0.6497325962745791,-1351.2009312530195
610,-201.40508537179593,0.9934077279068253,0.23426416705072348,3.0,15.0,0.0,202.70337610388725,0.001181697405446712,0.9988183025945533,0.027256405147548596,0.44663972869278856,-1344.512161307205
611,-199.3694678404713,0.9844953229524539,0.13603514294473784,3.0,11.0,0.0,200.2272523243719,0.023602171673406655,0.9763978283265934,-1.0845999747046253,0.46752139107513785,-1349.9466900805953
612,-198.30239029635138,0.42717710621293176,0.2667625526958215,1.0,1.0,0.0,199.89118895621596,0.8096006916657312,0.19039930833426877,0.24802896499304455,0.8955069014149186,-1356.1623819046827
613,-196.0594068327072,0.9912080395565567,0.2043115756572915,2.0,3.0,0.0,197.24881270515718,0.5474914668942358,0.4525085331057642,0.4553087806804666,0.6135010754731516,-1344.1876192740617
614,-198.98468977989396,0.9798212889952191,0.23426416705072348,3.0,7.0,0.0,201.75422470565994,0.020391299093892486,0.9796087009061075,-0.18754845559167352,0.42488444036337625,-1347.3195230421375
615,-199.8079270421737,0.9404522710953226,0.13603514294473784,2.0,3.0,0.0,200.1354417811436,0.017210543097523425,0.9827894569024765,-1.0805459244375133,0.4242041301641281,-1350.8798796645262
616,-198.79328181855246,0.937377848032435,0.2667625526958215,2.0,3.0,0.0,199.09209480392764,0.7547592654026526,0.2452407345973474,0.6223066679718166,0.8548883280087228,-1360.5974022860075
617,-196.31221242700644,0.9822102990302085,0.2043115756572915,2.0,7.0,0.0,196.63292162427956,0.36881158302332145,0.6311884169766786,0.38127928993584503,0.6373492062895948,-1345.531558522486
618,-198.5517286077856,0.9802127492631006,0.23426416705072348,3.0,7.0,0.0,199.45837725787868,0.039761700533099076,0.960238299466901,-0.10416427375532525,0.6108997110330202,-1348.658380914888
619,-200.58703428440094,1.0,0.13603514294473784,4.0,15.0,0.0,201.02594235913278,0.00557214902020699,0.994427850979793,-1.5388306209576073,0.5671041322123548,-1347.394079511613
620,-196.89867089231277,0.9320056447569657,0.2667625526958215,2.0,3.0,0.0,198.4037638923385,0.8686132240762283,0.13138677592377168,0.4321297020574862,0.7795158461870216,-1344.448853629565
621,-196.4100486991459,0.9825183988153522,0.2043115756572915,3.0,11.0,0.0,196.83811498731973,0.5172070455317564,0.48279295446824355,0.31245108107109243,0.7152056877507053,-1346.6422047000765
622,-197.5579234173187,0.9968522672022377,0.23426416705072348,2.0,7.0,0.0,198.88703821867267,0.2421895239093782,0.7578104760906218,0.09806591099502432,0.45850377559243816,-1352.780852090535
623,-200.0355558982616,0.906907933071059,0.13603514294473784,3.0,7.0,0.0,201.45899583375316,0.010681071757724073,0.989318928242276,-1.6751621352672978,0.49993817752308645,-1347.7273839098748
624,-196.5296053353689,0.7013422754008409,0.2667625526958215,3.0,11.0,0.0,198.80358869372208,0.27482129911374154,0.7251787008862585,0.719125659990314,0.36206434921371816,-1345.8766783674885
625,-196.45763874878196,0.9502943245525317,0.2043115756572915,4.0,15.0,0.0,196.96298203153393,0.8244938627482418,0.17550613725175823,0.50965506752224,0.48901936392134093,-1343.2973637226303
626,-198.49693027700013,0.7937386832129215,0.23426416705072348,3.0,15.0,0.0,200.59138601772344,0.2714515472683931,0.7285484527316068,1.0388258946231077,0.5042005173627776,-1358.8216765445848
627,-200.41062249674536,0.9330054844228983,0.13603514294473784,3.0,11.0,0.0,201.0712328470153,0.020613771235555165,0.9793862287644448,-1.5660473920441755,0.6017089651676577,-1354.9988714040726
628,-196.9588161668898,0.8562090685717253,0.2667625526958215,3.0,7.0,0.0,197.66131349675197,0.2922747481514732,0.7077252518485269,0.6408599502782578,0.30630056376575315,-1349.2226965326204
629,-197.52109964439396,0.7833451500413485,0.2043115756572915,2.0,3.0,0.0,197.63720627441128,0.8299021887301544,0.17009781126984558,0.6399814135001407,0.48294587739001754,-1350.3481653353883
630,-203.13155822550902,0.20350547843228167,0.23426416705072348,4.0,15.0,0.0,206.62947796517327,0.00044376181267897244,0.999556238187321,0.5878794978230737,0.6056556572053166,-1349.2354653708906
631,-200.72985329611635,0.99669514287872,0.13603514294473784,3.0,7.0,0.0,200.82363116307297,0.00845207656502032,0.9915479234349797,-1.6740520052007863,0.4108455455945751,-1350.995406147025
632,-197.49631290542393,0.987455588017675,0.2667625526958215,3.0,13.0,0.0,198.5060093595116,0.9283270870214714,0.07167291297852862,0.5565478491187035,0.5440135289013416,-1345.0130876241724
633,-197.8272406545108,0.9185369092244066,0.2043115756572915,3.0,11.0,0.0,198.6746763960349,0.18579561664841088,0.8142043833515891,0.3195200799340315,0.6931618309617666,-1352.9927925277134
634,-198.99545884069852,0.8698015401488143,0.23426416705072348,3.0,15.0,0.0,204.6771222346717,0.169407752311886,0.830592247688114,-0.12184905170004773,0.4139835696278372,-1360.9045843494898
635,-198.78222483205914,0.9610829541045949,0.13603514294473784,4.0,19.0,0.0,201.9689434434417,0.02660059212257183,0.9733994078774282,-0.5706700093481293,0.5702133376361102,-1347.3375745792712
636,-197.46288692934738,0.9792512714782007,0.2667625526958215,3.0,11.0,0.0,199.4888838749566,0.7807454396790134,0.21925456032098656,0.40525892413504877,1.0649482537636374,-1350.7118331528852
637,-196.72953087823106,0.9944901845299463,0.2043115756572915,3.0,9.0,0.0,197.78193341171308,0.769843139791518,0.23015686020848203,0.5156580473950017,0.16857869465358616,-1346.751013779929
638,-198.92612408382556,0.9791632544815516,0.23426416705072348,2.0,3.0,0.0,199.69164590084554,0.10858711888677923,0.8914128811132208,-0.017672215417207454,0.71542005124244,-1357.5601229999813
639,-197.27564447840322,0.974410847515746,0.13603514294473784,4.0,15.0,0.0,199.69718399687747,0.199792336504912,0.800207663495088,0.44972340446654835,0.6430043670653329,-1349.535823902453
640,-197.22430464610866,0.7068168217859391,0.2667625526958215,3.0,11.0,0.0,200.01023578756877,0.6627054425667634,0.33729455743323655,0.39395309666544776,0.31132781499078443,-1351.8101699718745
641,-196.60520044485898,0.9972652132588083,0.2043115756572915,4.0,31.0,0.0,197.59577815966685,0.3817563573172224,0.6182436426827775,0.5463776882429578,0.61382667222596,-1347.543769948967
642,-197.74661432213628,1.0,0.23426416705072348,2.0,3.0,0.0,198.82903920110667,0.21739287565861903,0.782607124341381,-0.12839982108860176,0.5727512551024535,-1353.4528940447422
643,-198.2087911709626,0.977834034243324,0.13603514294473784,3.0,9.0,0.0,198.77253825399328,0.13548382842537132,0.8645161715746287,-0.04944913888518837,0.42586331006570954,-1354.2055136449042
644,-196.87973404529245,0.9726998798537023,0.2667625526958215,1.0,3.0,0.0,197.4429528728549,0.712190002670144,0.287809997329856,0.43943938441854297,0.28207344132886386,-1348.813716302651
645,-196.1109989160423,0.9973914438315331,0.2043115756572915,2.0,7.0,0.0,196.7523129555934,0.2981586913980583,0.7018413086019417,0.4273550609568879,0.5374921842160544,-1343.4746816478919
646,-197.3034632007356,0.9905067671071986,0.23426416705072348,4.0,23.0,0.0,199.54623424349592,0.4066484082259755,0.5933515917740245,0.660052646888752,0.6115123286186355,-1352.4036899483758
647,-197.72540894354825,0.9965053762884293,0.13603514294473784,3.0,11.0,0.0,198.89360494008085,0.1020531949756619,0.8979468050243381,0.3728590761448507,0.6237136402436598,-1348.8739062361365
648,-196.35143241464812,0.9000677563260356,0.2667625526958215,3.0,7.0,0.0,199.97716277600944,0.2662547938527914,0.7337452061472086,0.6274726351229849,0.4017613098476811,-1344.5886634763403
649,-196.7765927948065,0.9751757473584189,0.2043115756572915,4.0,15.0,0.0,197.04709659608912,0.5507273608450383,0.44927263915496174,0.2330170645698245,0.706858745334013,-1349.1585794335263
650,-198.28638343843025,0.8744250815305427,0.23426416705072348,3.0,7.0,0.0,200.52762854735232,0.5789802069744634,0.4210197930255366,0.8365522444876405,0.4065824601311032,-1359.216071808179
651,-196.92591807829345,0.8714105527672419,0.13603514294473784,3.0,7.0,0.0,199.52477082177657,0.559913120806204,0.44008687919379597,0.7718778791442071,0.2690785784076459,-1350.0629960449503
652,-198.7108299801088,0.8794367297345904,0.2667625526958215,3.0,15.0,0.0,199.447590724645,0.9309036963048379,0.06909630369516206,0.3301400483997925,1.1432387032618723,-1352.4692547378193
653,-198.0660746352471,0.9488577918484217,0.2043115756572915,3.0,15.0,0.0,198.33619572231035,0.6705637188183663,0.3294362811816337,0.4084502300766528,0.1746999288217903,-1357.5907937671977
654,-197.31635866606928,1.0,0.23426416705072348,2.0,7.0,0.0,199.435694990689,0.38869824029475414,0.6113017597052459,0.9200741187128603,0.32474687890253334,-1352.2638486792162
655,-196.1357523338056,0.9404160460427581,0.13603514294473784,2.0,7.0,0.0,199.29393983492434,0.7247264505912939,0.2752735494087061,0.5061655577596909,0.5021632807940589,-1343.2838525918264
656,-198.25095976995755,1.0,0.2667625526958215,2.0,3.0,0.0,199.01541738343658,0.868566252609112,0.13143374739088798,0.5438446915179099,1.112118686751651,-1353.154821896725
657,-196.5924062945682,0.9859135183414828,0.2043115756572915,2.0,3.0,0.0,198.15651098362002,0.6988758840687501,0.3011241159312499,0.5934051692098187,0.16685707703844677,-1346.91829976125
658,-196.06329846676132,1.0,0.23426416705072348,3.0,7.0,0.0,197.506735699854,0.5867978780193807,0.41320212198061934,0.556043360794001,0.35993332611633,-1344.1908978316687
659,-196.3374359262771,0.9560433007879297,0.13603514294473784,2.0,7.0,0.0,197.0541606763818,0.6859062373974526,0.3140937626025474,0.5991297647833148,0.4485324920664587,-1345.1633539127827
660,-198.8146987387208,0.7401199809950928,0.2667625526958215,2.0,7.0,0.0,200.51093752741303,0.9717400545637944,0.02825994543620558,0.3995004821179353,1.1756953614471801,-1347.1987158141837
661,-200.7674382842129,0.5869750800129475,0.2043115756572915,2.0,3.0,0.0,202.27754246954606,0.6087086262561728,0.39129137374382716,0.9379284047604216,-0.14555554971017576,-1376.1637520483516
662,-196.6008153600379,0.8807954454176364,0.23426416705072348,2.0,3.0,0.0,196.76309350121213,0.545396270955471,0.45460372904452895,0.4496657434972881,0.33870760492475344,-1348.163306811197
663,-197.07582659090292,0.9496793191943289,0.13603514294473784,3.0,15.0,0.0,197.41478536213623,0.7338801454935634,0.2661198545064366,0.6693575581372659,0.4041380023815005,-1349.5418141682162
664,-198.8703083443305,0.9994118399782921,0.2667625526958215,2.0,3.0,0.0,199.01861788091327,0.9711638576558929,0.02883614234410714,0.5615112021402221,1.21011125653749,-1347.5128466019
665,-197.14475581649555,0.7333354304347397,0.2043115756572915,2.0,3.0,0.0,201.56271979204016,0.592353883415714,0.40764611658428596,0.7147237141737794,0.11220111018253714,-1351.5598035153278
666,-197.9869051573217,0.8565460413629566,0.23426416705072348,3.0,11.0,0.0,199.72970398212783,0.9613306223398932,0.03866937766010681,0.44295095249429806,0.6001279686171499,-1344.423364009008
667,-198.0316915941967,0.8059823328003031,0.13603514294473784,1.0,1.0,0.0,198.1442995892196,0.7586312229228503,0.24136877707714965,0.7256439663769871,0.38556874804107416,-1355.6443484106067
668,-197.2018772762314,0.9996384318797461,0.2667625526958215,3.0,7.0,0.0,198.79623903194343,0.8270036613251284,0.17299633867487163,0.4581555735411419,0.9900870316146168,-1347.762972201847
669,-198.99350495555782,0.6588012282895714,0.2043115756572915,3.0,7.0,0.0,200.04985427345633,0.30141322204796683,0.6985867779520332,0.6338108799554818,0.7209746563922725,-1363.0406608441438
670,-196.15538884631002,0.7341404415396559,0.23426416705072348,3.0,15.0,0.0,200.5362968414722,0.4499488970467543,0.5500511029532458,0.6620001365885516,0.3814753617465312,-1344.8436071556594
671,-196.0445826164225,1.0,0.13603514294473784,3.0,15.0,0.0,198.0920151683917,0.6318704244005615,0.3681295755994385,0.4653360186572144,0.5931082816841294,-1343.6630681404408
672,-197.53720434033082,0.9390663509810581,0.2667625526958215,3.0,11.0,0.0,198.71365467932193,0.9455589440744889,0.05444105592551107,0.527179856333194,0.4528034324156528,-1343.6289982630663
673,-196.19194851669292,0.9121966253947794,0.2043115756572915,2.0,3.0,0.0,200.47844376057654,0.2523960916955245,0.7476039083044754,0.46688985103477154,0.5162370343544,-1343.3079960269004
674,-196.21141809765044,0.9614133864739929,0.23426416705072348,3.0,7.0,0.0,197.19061554913793,0.7344784823038975,0.26552151769610255,0.4609331226282454,0.4798282648441302,-1343.706416369501
675,-197.05494052731788,0.904491104073926,0.13603514294473784,2.0,7.0,0.0,197.41429654688744,0.7061012951728564,0.29389870482714364,0.3520969407300793,0.4489297672711677,-1350.0636771407808
676,-197.81624171939256,1.0,0.2667625526958215,4.0,15.0,0.0,198.03886758358593,0.04484253927198476,0.9551574607280152,0.7560746642514499,0.4509083448185173,-1344.034302517712
677,-197.40761767285383,0.9108791127967013,0.2043115756572915,2.0,7.0,0.0,198.89162283855296,0.11039346847646662,0.8896065315235334,0.8122395194376357,0.5447600182509087,-1346.7869158603874
678,-196.09982773951796,0.9991021103758622,0.23426416705072348,2.0,7.0,0.0,196.57722436943254,0.328707354270479,0.671292645729521,0.5231492014746315,0.5276589274074063,-1343.6943227791094
679,-197.99902116664754,0.984333927623545,0.13603514294473784,4.0,15.0,0.0,199.23663691536896,0.06792946716295037,0.9320705328370497,1.1701539685420848,0.5176353982972389,-1347.2522422430654
680,-200.21559282997967,0.8988573802331538,0.2667625526958215,4.0,15.0,0.0,200.73141752077004,0.10592830829535832,0.8940716917046416,1.833639721578237,0.3298214206054457,-1363.7618843293487
681,-198.31334983872142,0.8680965224580383,0.2043115756572915,4.0,15.0,0.0,200.6494774351545,0.9032906174415763,0.09670938255842365,0.3776549638660728,0.1823810130534392,-1352.908796503293
682,-196.03937442669155,1.0,0.23426416705072348,3.0,7.0,0.0,196.1186815094551,0.3239649166302971,0.6760350833697029,0.46777318016207997,0.4961270955558165,-1343.3002232994038
683,-197.7596646397613,0.959148773602287,0.13603514294473784,3.0,11.0,0.0,198.5594524354135,0.10568832958589762,0.8943116704141024,0.9769973673903016,0.3554840120127484,-1348.8469191376087
684,-199.92481909098657,1.0,0.2667625526958215,1.0,1.0,0.0,200.28446221872994,0.08579180555510728,0.9142081944448928,1.8059911900554297,0.32251000712276556,-1360.54172770802
685,-197.17838041746583,0.8746306789554996,0.2043115756572915,2.0,3.0,0.0,199.26227053369942,0.9029975667731471,0.09700243322685287,0.512309924724877,0.06868922651854821,-1345.0085352414476
686,-196.80961952365408,0.9365274233392189,0.23426416705072348,3.0,7.0,0.0,196.9092148328571,0.5548732177012652,0.4451267822987348,0.6064140508422942,0.6043711503717262,-1349.2198767668297
687,-197.19735736503023,0.9869869186448511,0.13603514294473784,3.0,11.0,0.0,199.1794394006253,0.07551567338356552,0.9244843266164344,0.2930921084360041,0.5084509717446093,-1343.5056953249857
688,-200.57354675160525,0.8237045057879312,0.2667625526958215,2.0,7.0,0.0,203.3626749883926,0.009164557951793295,0.9908354420482067,1.4933382352888476,0.6079094212527643,-1350.79066052625
689,-197.1592681930435,0.9867748595976074,0.2043115756572915,2.0,3.0,0.0,197.27924417687785,0.8852224933665424,0.11477750663345765,0.49555867209339155,0.07172940360464769,-1345.915685303352
690,-196.9444608714337,0.9865194408780772,0.23426416705072348,2.0,7.0,0.0,197.79018719521565,0.5986873828556062,0.4013126171443938,0.556039438382517,0.688375980050111,-1349.9173388270233
691,-197.26762756789648,0.8986502890974045,0.13603514294473784,3.0,11.0,0.0,199.97675879135457,0.11640911777374474,0.8835908822262553,0.8204469722025134,0.3898290870442608,-1346.2530102488463
692,-205.37233911244175,0.9133970437197126,0.2667625526958215,4.0,15.0,0.0,207.26935173080798,0.9989976146944136,0.001002385305586384,0.2625224869539125,-0.4383821148062596,-1370.7288572323182
693,-197.04421805037487,0.988292614623303,0.2043115756572915,2.0,7.0,0.0,198.02482917156217,0.8983128989110832,0.10168710108891676,0.5514224174621676,0.400920987025743,-1344.201001650022
694,-196.7461895913928,0.9259366439823796,0.23426416705072348,2.0,7.0,0.0,198.6404958968383,0.29321092151823486,0.7067890784817652,0.5765907092926235,0.5949552302350057,-1347.6098000182274
695,-196.7327064629181,0.9561235712409715,0.13603514294473784,3.0,15.0,0.0,197.80319868528886,0.4560039971166918,0.5439960028833082,0.4121938860483958,0.36842730464702284,-1349.0876044304798
696,-201.26093650164918,1.0,0.2667625526958215,1.0,3.0,0.0,204.1957140432397,0.9981132830482934,0.001886716951706613,0.41730419046071726,-0.4495629340804658,-1346.5915955665198
697,-196.87794092878926,0.9949976665856457,0.2043115756572915,2.0,7.0,0.0,198.20534077283898,0.8802410898523493,0.11975891014765072,0.5505067042262329,0.27078311013326334,-1344.1183389185733
698,-196.52113995647758,0.9940497492349961,0.23426416705072348,2.0,7.0,0.0,197.6103475423274,0.4674436082368482,0.5325563917631517,0.5750201042790528,0.5963865765454043,-1347.3217901789935
699,-197.70522855229174,0.9868582448207929,0.13603514294473784,4.0,15.0,0.0,197.9032688311808,0.8954931373704816,0.10450686262951836,0.365981018688009,0.6457510616861698,-1348.8599535237809
700,-199.11899960532185,0.7917852228960954,0.2667625526958215,3.0,7.0,0.0,201.95498516256748,0.9814172013910537,0.018582798608946294,0.4510153020084344,-0.6678111752100757,-1347.244032685031
701,-196.10339446291087,0.8890113236180188,0.2043115756572915,4.0,15.0,0.0,197.84972160638316,0.690445438990551,0.309554561009449,0.4933573904630306,0.5622995848264131,-1343.4921386356696
702,-196.3444334525884,0.9532202427250702,0.23426416705072348,3.0,15.0,0.0,197.46705880195762,0.6636142227180588,0.3363857772819412,0.4714570482948051,0.3498705374196977,-1345.6431442810213
703,-196.76304388780864,0.782436397625433,0.13603514294473784,4.0,31.0,0.0,200.0252734247237,0.6255917588569125,0.37440824114308746,0.39647923895264237,0.8233099774595454,-1348.443557408696
704,-198.8401959990564,0.9878189875912907,0.2667625526958215,3.0,7.0,0.0,199.3151115749072,0.9669599589598602,0.0330400410401398,0.578588043801448,-0.6950137690594774,-1349.0454851982818
705,-196.97712347638208,0.8793972081879884,0.2043115756572915,3.0,15.0,0.0,197.65589376489328,0.5751052855260573,0.42489471447394267,0.2205685407927289,0.6992704296054842,-1350.471709173059
706,-196.6718515634731,0.9570563224398102,0.23426416705072348,2.0,7.0,0.0,197.64305944924982,0.6755607610848384,0.3244392389151616,0.5873479778648688,0.15743839387520142,-1347.7566716834845
707,-195.99185332341756,0.9604056955757272,0.13603514294473784,3.0,11.0,0.0,198.34751567100207,0.4647871449241997,0.5352128550758003,0.5135487111175004,0.4235575847570845,-1343.8705989902453
708,-199.17822060830696,0.9048489913061953,0.2667625526958215,2.0,3.0,0.0,199.33004993304235,0.9524429017304153,0.04755709826958465,0.6240441078070316,-0.7252377385663541,-1353.707594711555
709,-198.3180202117343,0.6663899362039637,0.2043115756572915,1.0,1.0,0.0,198.3710651312427,0.6403773858813329,0.35962261411866714,0.15140111151565278,0.7061158697848471,-1359.3387008311631
710,-196.13720095180918,0.999504176220629,0.23426416705072348,3.0,15.0,0.0,196.75951198241998,0.7266564959262255,0.2733435040737745,0.49591005852883363,0.4623869338831012,-1343.3056295025249
711,-197.07714736563184,0.9678531093641182,0.13603514294473784,3.0,13.0,0.0,198.96390738600869,0.8119022280439385,0.18809777195606148,0.5610920662685837,0.002844293602105974,-1348.1080191358096
712,-198.26746210537584,0.6390511646905986,0.2667625526958215,4.0,15.0,0.0,201.49647357566084,0.11639977188867823,0.8836002281113218,0.11162936808836732,0.6845063710666089,-1353.4562520784812
713,-198.76268869550793,1.0,0.2043115756572915,2.0,3.0,0.0,199.0867144899257,0.7164332079513196,0.2835667920486804,0.6426983049781618,0.7878745968039854,-1361.101923658636
714,-197.59260099235559,0.9546544343513196,0.23426416705072348,3.0,7.0,0.0,198.52700802261637,0.7647657107776139,0.2352342892223861,0.4462012327980117,0.11346948486441868,-1352.8890217818346
715,-197.1040926915798,0.9988619415524692,0.13603514294473784,2.0,3.0,0.0,197.15905311136203,0.79235368098705,0.20764631901295005,0.5963306548056059,-0.004278548771711543,-1348.773568182519
716,-196.93113349199334,0.8503538540614015,0.2667625526958215,2.0,7.0,0.0,199.71935472560799,0.2379960109243069,0.7620039890756931,0.1378091978376752,0.5031416315544991,-1348.323445804334
717,-198.24490117005158,0.9619006460133399,0.2043115756572915,3.0,7.0,0.0,199.82954551619346,0.4672570714778238,0.5327429285221762,0.514638935063209,0.7993915058072931,-1359.0409207555215
718,-196.50399799064988,0.791373530068924,0.23426416705072348,2.0,7.0,0.0,199.97196539708895,0.5298168369934116,0.47018316300658836,0.49136498488025193,0.3183325222172381,-1347.504762449235
719,-197.27443144661504,0.8447049050696179,0.13603514294473784,3.0,7.0,0.0,198.4750368772826,0.7417550593979032,0.2582449406020968,0.7079886806479602,0.23395643206702899,-1350.8277817421633
720,-196.85095963695292,0.974117967929166,0.2667625526958215,3.0,7.0,0.0,197.35742678787759,0.2711930423672762,0.7288069576327239,0.1983226979987265,0.67245008823047,-1348.1745005622709
721,-199.3170751342334,0.8405459364816532,0.2043115756572915,3.0,15.0,0.0,201.57993656468076,0.9857716833413528,0.014228316658647211,0.58606128943716,0.2715943031812664,-1346.9989442761314
722,-198.2277221973826,0.7586362666908043,0.23426416705072348,2.0,7.0,0.0,200.00467315051196,0.40294328107894195,0.597056718921058,1.018150190289417,0.29012477260347774,-1358.4993189121683
723,-196.87330995973159,0.8655489798746057,0.13603514294473784,3.0,11.0,0.0,199.79135876554193,0.5023466471143215,0.49765335288567847,0.7773626857518744,0.37480349038692284,-1349.7332253557347
724,-197.28388367525758,0.9158348220959532,0.2667625526958215,3.0,7.0,0.0,198.01908144410154,0.23338849178177248,0.7666115082182275,0.44326842196261584,0.3548557724716381,-1350.6233534071398
725,-197.98323040835663,0.999804201844659,0.2043115756572915,4.0,15.0,0.0,199.95029194927673,0.2975223599856565,0.7024776400143435,-0.08384037228340124,0.6077603646141887,-1356.4812408589612
726,-196.1997295719439,0.939131185933854,0.23426416705072348,2.0,7.0,0.0,202.23384916471753,0.4619055794787263,0.5380944205212737,0.6741794621218666,0.39660627685778393,-1345.155037850378
727,-196.1848782874332,1.0,0.13603514294473784,3.0,7.0,0.0,197.00974078538636,0.5030155881752632,0.49698441182473685,0.5427452621715537,0.3469220473907102,-1345.2624181266426
728,-196.09115565912964,0.9677430308195697,0.2667625526958215,3.0,7.0,0.0,197.75681844577178,0.5000978021010247,0.4999021978989753,0.3880492198857513,0.6317126300763054,-1344.49893325563
729,-197.25949443519758,0.6243522678550872,0.2043115756572915,2.0,3.0,0.0,200.03178183350067,0.26031016296465875,0.7396898370353413,0.025719111886778306,0.5508804214462409,-1350.9778307216277
730,-196.98733899605614,0.9640392133252674,0.23426416705072348,4.0,23.0,0.0,197.46293141860312,0.7974265215799036,0.20257347842009643,0.5651798478739682,0.6719848800606206,-1347.4816393870494
731,-196.47466170281652,0.977342734229178,0.13603514294473784,3.0,7.0,0.0,197.73961256695847,0.27245905344679816,0.7275409465532019,0.7673322456938827,0.39731608971945254,-1345.3749853553386
732,-196.2219372670521,0.97680084851059,0.2667625526958215,2.0,3.0,0.0,196.30235792934675,0.5029055516863188,0.4970944483136812,0.4291996860589949,0.6580062768508014,-1345.3437874969281
733,-198.02262858639057,0.8356110482150229,0.2043115756572915,4.0,15.0,0.0,199.99825082403962,0.9613661035263519,0.03863389647364812,0.4388837629483539,0.5013473245846866,-1344.7610927405995
734,-197.61748775790403,1.0,0.23426416705072348,3.0,11.0,0.0,198.0553638095626,0.9202510521433768,0.07974894785662323,0.39693405510599655,0.7723607787839947,-1346.3991818372535
735,-195.95149757840537,0.9704686175288442,0.13603514294473784,3.0,7.0,0.0,196.8471106646403,0.45727255891054874,0.5427274410894513,0.5322360295293951,0.43600072740081086,-1343.5494383152386
736,-196.43927520350263,0.9666925871809638,0.2667625526958215,2.0,7.0,0.0,197.2149503107582,0.6871323377100522,0.3128676622899478,0.35408632530252426,0.6770214266705098,-1345.8317782538238
737,-197.17178944050525,1.0,0.2043115756572915,3.0,7.0,0.0,198.14076720686552,0.9166428619671796,0.08335713803282041,0.46798489238862284,0.375267132850627,-1343.9393758646088
738,-197.12428072506847,0.9741431834139038,0.23426416705072348,3.0,11.0,0.0,198.74097669218997,0.854377247682567,0.14562275231743305,0.5836655396259058,0.5556240271924445,-1346.7289885902026
739,-197.85519240246057,0.8911659071328027,0.13603514294473784,3.0,7.0,0.0,199.40036526940574,0.8674533934269371,0.13254660657306294,0.6651199676456083,-0.055218802283768534,-1351.409057002454
740,-196.06606852431167,0.9149236927155041,0.2667625526958215,3.0,7.0,0.0,197.01737197367157,0.6540171890598127,0.34598281094018735,0.5102621072453507,0.5472093335519286,-1343.6282047036086
741,-196.92532293338962,0.9320804068185095,0.2043115756572915,4.0,15.0,0.0,197.76616229690399,0.1416733626299455,0.8583266373700544,0.14042676692694417,0.5024765828442257,-1345.5222485721806
742,-196.1612585772795,0.975088406297738,0.23426416705072348,3.0,15.0,0.0,197.9996422045047,0.3389339436693475,0.6610660563306525,0.3453292494515433,0.5219555382824403,-1344.3627807533258
743,-198.40136703864204,0.6486041168483773,0.13603514294473784,3.0,11.0,0.0,202.50472805979672,0.8038050961409517,0.19619490385904825,0.3991351139498174,0.06526095613779918,-1357.6079187219316
744,-196.80775465173073,0.9528419303602059,0.2667625526958215,4.0,15.0,0.0,197.11824265856882,0.2841238114509282,0.7158761885490719,0.10420163413632685,0.6019077255176429,-1348.1763574828042
745,-196.93766514472094,0.972123317185017,0.2043115756572915,3.0,11.0,0.0,197.71482596358015,0.5114160091204841,0.4885839908795159,0.6740869553538354,0.5457605097284344,-1350.1678689564264
746,-196.413791393823,0.9938707183655592,0.23426416705072348,3.0,15.0,0.0,196.61391803804568,0.7178132047021679,0.2821867952978321,0.5012930649587377,0.6738947701698629,-1345.1394546240335
747,-197.64625593710178,0.9944098790725917,0.13603514294473784,4.0,31.0,0.0,199.281663604038,0.19365894024318472,0.8063410597568152,0.2944328432059199,0.6895713344592986,-1351.97947932822
748,-196.16856050907367,0.9285544143705716,0.2667625526958215,3.0,7.0,0.0,197.35274716315882,0.7216070349086869,0.27839296509131306,0.5376264536978702,0.467419277797661,-1343.5592580114692
749,-196.04820877344628,0.9962788169843138,0.2043115756572915,2.0,3.0,0.0,197.0247482850387,0.44613373258681244,0.5538662674131876,0.5991992525262393,0.47318724092911263,-1344.0928685744655
750,-196.29289941240737,0.9839416317090599,0.23426416705072348,3.0,7.0,0.0,196.70101642767432,0.3450823371639588,0.6549176628360411,0.3369131973218648,0.6269540201119181,-1345.232556301985
751,-197.02186659174035,1.0,0.13603514294473784,3.0,7.0,0.0,197.91740045734122,0.7778530666174953,0.22214693338250469,0.6604898401166593,0.2740178180377479,-1348.4098297204366
752,-196.96456294018017,0.5730268337539798,0.2667625526958215,2.0,3.0,0.0,198.63896815124707,0.722157210718077,0.27784278928192296,0.6029235116416674,0.6002710747103619,-1348.8626627289163
753,-196.38256640094366,0.9760452457009061,0.2043115756572915,4.0,15.0,0.0,197.3140178153733,0.47033766037111446,0.5296623396288855,0.2840181718398843,0.5730091041414971,-1346.609009450011
754,-196.2838354290597,0.9969928378257799,0.23426416705072348,3.0,7.0,0.0,196.435481472028,0.41954999243247537,0.5804500075675246,0.2842254305652817,0.5777295971677066,-1345.7653728702642
755,-197.76533598480114,0.827018988296911,0.13603514294473784,3.0,15.0,0.0,200.05246280823897,0.949355270548001,0.05064472945199905,0.5206244666828431,-0.11392842580151519,-1344.9049995439368
756,-197.2786126808777,0.9415700631425393,0.2667625526958215,3.0,9.0,0.0,198.73385886559745,0.7310512832804702,0.2689487167195298,0.5894112147734316,0.0012783975795721825,-1351.2168956883509
757,-196.05213968134424,0.9729953759769174,0.2043115756572915,3.0,15.0,0.0,196.89870951802473,0.5317182086623915,0.4682817913376085,0.5778141111715438,0.4882320016869492,-1344.1820551020671
758,-196.47721463939814,0.9890547982695975,0.23426416705072348,4.0,15.0,0.0,196.79403495121232,0.20245813624789022,0.7975418637521098,0.6851314930425716,0.476040977360222,-1344.0196257929458
759,-198.90140424191432,0.9908344016814942,0.13603514294473784,4.0,23.0,0.0,199.7675927752294,0.9712704226948122,0.02872957730518777,0.5220878380384163,-0.8791444267195081,-1348.3367858249733
760,-197.70358163302308,0.9626035449888001,0.2667625526958215,2.0,3.0,0.0,197.82870066797395,0.7098143097158042,0.29018569028419583,0.5990370139616907,-0.05017950854796591,-1354.4617760014746
761,-197.14323162322165,0.8725036603459183,0.2043115756572915,2.0,3.0,0.0,197.3442930737785,0.537785233269745,0.46221476673025497,0.706048516906973,0.5203904776229635,-1351.537177919389
762,-197.9616320984735,0.837294055435321,0.23426416705072348,3.0,7.0,0.0,198.4012369292144,0.0954284313043162,0.9045715686956838,0.46890732569073573,0.3688372478455464,-1350.2414487912993
763,-199.62950124536454,0.9735490554440368,0.13603514294473784,3.0,15.0,0.0,201.2488535050421,0.981509238645264,0.01849076135473604,0.48445027746821057,-1.3578616691125542,-1349.502824195596
764,-197.5549686685227,0.9637113879716107,0.2667625526958215,2.0,3.0,0.0,198.36869642457475,0.7891978326478404,0.21080216735215962,0.6248816247824986,-0.10980944270886639,-1351.924234570662
765,-196.0351076823128,0.9900673584770568,0.2043115756572915,2.0,3.0,0.0,197.404029364657,0.4170390751509796,0.5829609248490204,0.6006059275183182,0.464048967803466,-1343.8961121873565
766,-197.7131792151665,0.9981863282623314,0.23426416705072348,3.0,11.0,0.0,200.0890445476871,0.9551046783010466,0.04489532169895338,0.4985139653152334,0.6735440795892749,-1343.392967743646
767,-205.15497742124245,0.8685391152486198,0.13603514294473784,2.0,3.0,0.0,206.17225000900848,0.8514742391010864,0.14852576089891356,0.6250600316998813,-1.292424451176372,-1401.0969769551484
768,-199.30921403109085,0.8866402712694323,0.2667625526958215,4.0,15.0,0.0,199.38047089132343,0.9901656340169298,0.009834365983070192,0.46468764543672614,-0.32572227060826736,-1344.506180277183
769,-196.00720625285248,0.9801374572942451,0.2043115756572915,1.0,3.0,0.0,196.2326654805215,0.40980067283934574,0.5901993271606543,0.5310410369209997,0.42865157085510946,-1343.7629303867868
770,-198.35332723764782,0.7107718217558153,0.23426416705072348,2.0,3.0,0.0,199.07018357302564,0.9765867962768897,0.023413203723110287,0.5060838390161952,0.7099850112657334,-1343.4213207432051
771,-201.90582010417523,0.8396583632274207,0.13603514294473784,5.0,43.0,0.0,209.60393826524006,0.9967928269275041,0.0032071730724958503,0.4320283598971624,3.1845588013882917,-1346.108983166724
772,-197.2652005163288,0.9267120941747953,0.2667625526958215,3.0,7.0,0.0,199.70834817116057,0.6297324077560957,0.37026759224390426,0.6758997505120243,0.0638646642226051,-1352.2041206964457
773,-196.0596689898138,0.80684953934972,0.2043115756572915,3.0,7.0,0.0,197.98432780223501,0.3948925517941289,0.6051074482058711,0.4854738820119652,0.43749585845679556,-1344.0750482667952
774,-202.20819249375288,0.7275923186034763,0.23426416705072348,3.0,7.0,0.0,204.5942126568259,0.09775341755340965,0.9022465824465904,0.43837946867800637,0.20346101109864506,-1379.8297905525455
775,-201.95557431879232,0.9384433005408753,0.13603514294473784,4.0,15.0,0.0,203.66287130503514,0.9884675713503029,0.011532428649697057,0.417114302551523,3.6707579571923508,-1352.3680451684368
776,-196.78688063442405,0.6950902756929719,0.2667625526958215,2.0,3.0,0.0,198.22884230589247,0.633293758095489,0.36670624190451095,0.6260842511031705,0.14401964025988007,-1348.913812891291
777,-196.03295871565578,0.9381537670585146,0.2043115756572915,2.0,3.0,0.0,196.69543006417922,0.3651130246631476,0.6348869753368525,0.46017443437385075,0.4707409172806135,-1343.6753667843002
778,-198.0512912228927,0.9828712975144559,0.23426416705072348,3.0,7.0,0.0,202.48323577537226,0.5424736707243057,0.45752632927569425,0.6528672624756782,0.6818074942924408,-1357.6942077258614
779,-202.24998294279567,0.9672705509674734,0.13603514294473784,3.0,11.0,0.0,202.43170762897813,0.9922287894860096,0.007771210513990434,0.41131344767181366,3.8093581426619534,-1350.810187563849
780,-196.4077077180677,0.7350578223257804,0.2667625526958215,2.0,7.0,0.0,198.71980563732114,0.3398055256489888,0.6601944743510112,0.613432644153154,0.35123092322598426,-1345.9805870445427
781,-196.3476183261474,0.7780767315702221,0.2043115756572915,2.0,5.0,0.0,199.71110748767018,0.7978668973199278,0.20213310268007223,0.4816828156174734,0.5118441767062367,-1343.2905577747347
782,-197.2971987509499,0.9063369640404845,0.23426416705072348,3.0,7.0,0.0,199.42888103548486,0.7854424591345663,0.21455754086543366,0.6696969952415088,0.35106582829435545,-1350.0865461312958
783,-202.86991009658288,0.9898193175216274,0.13603514294473784,3.0,15.0,0.0,204.24538072811066,0.9769779125053119,0.023022087494688148,0.5326666770571225,3.9955785672308575,-1361.133595798248
784,-198.26578405222767,0.661879858257338,0.2667625526958215,2.0,3.0,0.0,199.28999916733758,0.3232954682039801,0.6767045317960199,0.4003790279401426,0.28230072117280747,-1358.8665073987722
785,-196.52770480159512,0.9980030923611357,0.2043115756572915,3.0,7.0,0.0,196.65722227289146,0.8392316095939266,0.16076839040607338,0.49222827102700334,0.5372649681768579,-1343.2701959616822
786,-196.70963904935564,0.8671656019666837,0.23426416705072348,3.0,7.0,0.0,199.74842949645415,0.8087214673882093,0.19127853261179073,0.43579280775669305,0.3917901790085552,-1345.6334005690014
787,-201.8066590448193,0.8079028194842095,0.13603514294473784,3.0,15.0,0.0,204.5272894261256,0.9856502696810753,0.014349730318924725,0.5182119305125088,3.7048222904271815,-1352.530883403743
788,-196.45712598919755,0.9981100798780772,0.2667625526958215,2.0,7.0,0.0,198.6828564904097,0.22749733495150784,0.7725026650484922,0.7153170225747634,0.4672404122778443,-1344.4366565866817
789,-196.4726205674379,0.983893683536068,0.2043115756572915,2.0,7.0,0.0,197.55286260682286,0.7782680533895059,0.2217319466104941,0.4935114354737896,0.30125609611087556,-1344.7593953131252
790,-198.45026734514212,0.5748269968642491,0.23426416705072348,2.0,3.0,0.0,199.1898562691448,0.8493113745893325,0.15068862541066752,0.689375841264312,0.44839422938899,-1356.0604802330363
791,-200.94938065839648,0.8926972429620442,0.13603514294473784,4.0,31.0,0.0,202.98357148211443,0.986706542637686,0.01329345736231402,0.41004227064863297,2.9196194054141884,-1350.6663143800763
792,-197.99938358595264,0.7948332336806236,0.2667625526958215,2.0,7.0,0.0,198.86268139105763,0.25761122057600644,0.7423887794239936,0.7111144532877947,0.6320415173900924,-1355.5229973648438
793,-196.99290495525665,0.9364466182382294,0.2043115756572915,4.0,15.0,0.0,197.3993187763433,0.20793845906850353,0.7920615409314965,0.028649547603870507,0.5909593505084321,-1348.0174886035124
794,-195.95885080226583,0.9635346586824606,0.23426416705072348,2.0,7.0,0.0,199.0373777534459,0.5602021181288873,0.4397978818711127,0.45250750412471585,0.4973631976460708,-1343.568324760606
795,-198.26884029864962,0.9701940114124971,0.13603514294473784,4.0,23.0,0.0,201.90042182052153,0.8784484578715847,0.12155154212841535,0.4832534440875777,1.3133270119208251,-1352.4488910571222
796,-199.6997466393621,0.8861175080197451,0.2667625526958215,4.0,27.0,0.0,200.61551706560033,0.9671638881380302,0.032836111861969774,0.4934317576008642,-1.3039227723669993,-1353.9695752894986
797,-197.06622274063858,0.9938779361067134,0.2043115756572915,2.0,3.0,0.0,197.08477244597975,0.22921104683575416,0.7707889531642458,0.01635060800881786,0.5892190325402243,-1349.0109635609401
798,-196.90989745124068,0.8817907012663058,0.23426416705072348,2.0,7.0,0.0,197.8780749178143,0.6820819277114799,0.3179180722885201,0.3817593373506673,0.39307956487881046,-1349.3871582115175
799,-197.8684199429299,0.9974233953926039,0.13603514294473784,4.0,15.0,0.0,198.35651757749952,0.943275545713331,0.056724454286668946,0.49973508204418404,1.1045063865463185,-1345.3320684212802
800,-196.87565865928775,0.9993775074553831,0.2667625526958215,4.0,23.0,0.0,199.74483197887287,0.4378828005058442,0.5621171994941558,0.5495022553771959,0.6531662228954702,-1349.656135765171
801,-198.86075582675062,0.966825550171644,0.2043115756572915,4.0,15.0,0.0,199.38621540359566,0.07543752360108981,0.9245624763989102,-0.6950698558101046,0.5835993547278957,-1354.5756284492575
802,-197.65819033528894,0.9048575571208669,0.23426416705072348,3.0,15.0,0.0,199.1751013343007,0.05819650508039074,0.9418034949196092,0.7266595333538313,0.5344401055220387,-1344.6124850891667
803,-198.68788258478853,0.7492634186714855,0.13603514294473784,1.0,3.0,0.0,199.3785394399185,0.9331941129149448,0.0668058870850552,0.33357362542130836,1.109823806306318,-1352.1578934877853
804,-198.6071753384609,0.965398215848003,0.2667625526958215,3.0,7.0,0.0,198.97422871259994,0.10338285548039552,0.8966171445196045,0.7708587540069608,0.30459517193988833,-1354.9068606749124
805,-199.79301230585446,0.9668355438642233,0.2043115756572915,4.0,15.0,0.0,200.41285707390733,0.10228489981294335,0.8977151001870567,-0.8172969731923748,0.5673508289971066,-1362.7715210624463
806,-198.66123540306882,0.9623452070817368,0.23426416705072348,3.0,7.0,0.0,200.5431160986665,0.054102892456469216,0.9458971075435307,-0.4427169835504933,0.6230975906733685,-1351.2654891518
807,-199.34091942395835,0.9958019450772368,0.13603514294473784,3.0,15.0,0.0,200.2034830932708,0.9178091815113666,0.08219081848863341,0.5674442645322257,1.4499652578257631,-1357.0519621556139
808,-197.69772698626713,0.9989561737792403,0.2667625526958215,2.0,7.0,0.0,199.8370869184882,0.16147349695603608,0.8385265030439639,0.30364080901646684,0.6713711401657312,-1351.3664898376485
809,-196.0057284288196,0.9941530915273222,0.2043115756572915,4.0,15.0,0.0,199.85773482857982,0.3750274144919111,0.6249725855080889,0.5139231414605449,0.5199653833259373,-1343.476300746421
810,-198.41574752752325,0.9484384179376999,0.23426416705072348,2.0,3.0,0.0,199.3734941050054,0.03466711256654306,0.9653328874334569,-0.3611551733720225,0.5702859173892536,-1346.746635175638
811,-197.52146841971762,0.9982421242831119,0.13603514294473784,4.0,19.0,0.0,199.79730093913875,0.7794058232637329,0.22059417673626713,0.47307849921939493,1.0027678169688687,-1351.2062961827764
812,-196.80122698061547,0.8590384162287025,0.2667625526958215,2.0,3.0,0.0,199.32583519402812,0.4628671108759638,0.5371328891240361,0.2901596581535756,0.47452366733654416,-1349.5732003608387
813,-196.06290808105837,0.9991135349791688,0.2043115756572915,3.0,7.0,0.0,196.168862049228,0.4678382396541596,0.5321617603458404,0.36664432894907495,0.6004230601173502,-1344.3224038618614
814,-197.65758139160386,0.9923835543361406,0.23426416705072348,3.0,7.0,0.0,198.6950842628732,0.05813817547870703,0.941861824521293,-0.060410086416603045,0.4992366352625455,-1345.085990383092
815,-198.43255254999139,0.6614108882013793,0.13603514294473784,4.0,27.0,0.0,201.90462427635265,0.028740694009491356,0.9712593059905087,1.2572903228631531,0.48389887048562863,-1344.436255668987
816,-196.66545585807063,0.8151665877109383,0.2667625526958215,2.0,3.0,0.0,199.04146749411888,0.3794773864120158,0.6205226135879842,0.48179358454196897,0.6528275049923855,-1347.9587368858436
817,-195.9892296833726,0.9881564114265674,0.2043115756572915,3.0,7.0,0.0,196.44314995229396,0.433943434743919,0.566056565256081,0.4062096859152531,0.566142311979964,-1343.7285874370518
818,-196.15540777390683,0.95609477840856,0.23426416705072348,3.0,7.0,0.0,199.51581501222734,0.43708661141669714,0.5629133885833029,0.58632636515063,0.5220274770128948,-1344.774981477488
819,-198.44639287536006,0.9995355608500294,0.13603514294473784,2.0,3.0,0.0,198.49275823683027,0.02893394726244036,0.9710660527375596,1.2772058481509443,0.48673718580786807,-1344.5308159849403
820,-196.99503189356787,0.9102344055356392,0.2667625526958215,2.0,3.0,0.0,197.73657166998163,0.4640417486021814,0.5359582513978186,0.3469021643065455,0.3944834189420116,-1350.9431882676677
821,-196.399972033223,0.9842536288425578,0.2043115756572915,3.0,11.0,0.0,196.6660044865881,0.805709912131283,0.19429008786871704,0.46593168277694713,0.5425616959773145,-1343.4313294045526
822,-196.72052927104698,0.8174676133791066,0.23426416705072348,2.0,7.0,0.0,199.9005730420312,0.8234259288703635,0.17657407112963652,0.44082565948022034,0.8137480908628933,-1344.8375012366355
823,-198.20040863257725,0.9959229928277952,0.13603514294473784,3.0,7.0,0.0,198.5667403732602,0.04746729004268753,0.9525327099573124,1.3554416283534807,0.44619269687266283,-1345.9728323286322
824,-196.73488180813484,0.9851282377523141,0.2667625526958215,2.0,7.0,0.0,197.47302048381061,0.48346204928729264,0.5165379507127074,0.7326357480399346,0.4483770016359337,-1348.775609647437
825,-196.9290536077492,0.8774137686958469,0.2043115756572915,2.0,7.0,0.0,198.2716270779545,0.8125433858875782,0.18745661411242176,0.3646744088650246,0.7759470029556234,-1346.7040183411273
826,-197.22123216888332,0.5509989959114237,0.23426416705072348,2.0,7.0,0.0,200.00526835925191,0.7249987074889411,0.27500129251105887,0.6285923793683794,0.5867923908346762,-1350.5783083821063
827,-201.12200385642575,0.8392798882256104,0.13603514294473784,5.0,31.0,0.0,203.69153825278073,0.9959614437781354,0.004038556221864553,0.5900229505744864,1.721422968160441,-1348.339681163388
828,-196.71742808567078,0.9944068050683368,0.2667625526958215,3.0,9.0,0.0,197.10260588989715,0.16399087041562543,0.8360091295843746,0.5254874261154727,0.42688785480982544,-1344.7539375709825
829,-196.8988540024944,0.8053933485428136,0.2043115756572915,2.0,7.0,0.0,198.27984994660667,0.7185879503589434,0.2814120496410566,0.5352497050525629,0.7355461192938034,-1348.3731864400074
830,-196.48551271014296,1.0,0.23426416705072348,3.0,7.0,0.0,197.3037882228963,0.1940282109566457,0.8059717890433543,0.35139397474342327,0.48493735996671783,-1344.1471097665599
831,-201.3180902960932,0.9677499922304381,0.13603514294473784,3.0,15.0,0.0,201.78957569116648,0.9960242811746087,0.003975718825391272,0.6038422328774546,1.6702451720489813,-1349.721942395163
832,-197.46794268980366,0.9172229634738239,0.2667625526958215,2.0,7.0,0.0,198.29811304345765,0.16052001408603808,0.8394799859139619,0.2972938979669866,0.6553524477646382,-1349.767780144394
833,-196.8116768660229,0.9967711669544127,0.2043115756572915,4.0,15.0,0.0,197.55688097820544,0.2015396861970711,0.7984603138029289,0.15895808684626678,0.5036223503950784,-1346.6667189175694
834,-197.98036772640322,0.8402148345082946,0.23426416705072348,3.0,7.0,0.0,200.9295649260639,0.11253843851575407,0.8874615614842459,-0.14260317909925513,0.6514829180446127,-1351.301453236116
835,-197.7782570674916,0.9944782039562379,0.13603514294473784,4.0,15.0,0.0,201.47265923693067,0.9445033720569768,0.055496627943023236,0.5622807477487872,0.5310992584012231,-1345.319532382265
836,-198.92738749843377,0.9639806371045592,0.2667625526958215,3.0,15.0,0.0,200.30131965413196,0.9646045895213948,0.03539541047860517,0.38574982959645476,0.10517544663540274,-1350.6747316661122
837,-196.77664132115737,0.9818542494466616,0.2043115756572915,3.0,15.0,0.0,198.00107764713212,0.8758201910031297,0.12417980899687031,0.47442276600668015,0.6231853613391699,-1343.4295205944397
838,-196.734760657618,0.9478012526562807,0.23426416705072348,3.0,11.0,0.0,199.16210522404606,0.3180753159661048,0.6819246840338953,0.848857668848271,0.3879030468239484,-1347.6863312564185
839,-197.91330504682128,0.9123010321305358,0.13603514294473784,3.0,7.0,0.0,199.1759022992493,0.9608317065135819,0.03916829348641815,0.5321903723200432,0.5716279650690719,-1343.9536165375023
840,-196.70964423197498,0.4250505899919147,0.2667625526958215,2.0,7.0,0.0,204.3790246259662,0.674603380030277,0.325396619969723,0.5927139359911207,0.1475812047153143,-1348.0254202622182
841,-197.98648881378537,0.6563638057508637,0.2043115756572915,1.0,3.0,0.0,198.6613913158089,0.8367603348480157,0.1632396651519843,0.31007375885772626,0.6100580089701221,-1353.4861989300393
842,-196.3806158608554,0.9655982110721494,0.23426416705072348,4.0,15.0,0.0,197.65574718274414,0.7981302022224069,0.20186979777759306,0.5160610280484308,0.523191619779002,-1343.472012786477
843,-198.73302998067558,0.5737644289454108,0.13603514294473784,3.0,15.0,0.0,200.817255842738,0.9499972347966421,0.05000276520335789,0.3553423229196998,0.7182048711365343,-1351.1969699468573
844,-196.51602128824152,0.9536744767075106,0.2667625526958215,2.0,7.0,0.0,198.39899565104835,0.5111542445334943,0.48884575546650566,0.4841770790454599,0.6768564949409347,-1347.3069563995628
845,-198.54051114049406,0.8924032312023502,0.2043115756572915,4.0,19.0,0.0,200.2831847556614,0.050688098123758685,0.9493119018762413,1.474250604060202,0.514154024649387,-1348.4056287120989
846,-195.94912945345473,0.998302698950324,0.23426416705072348,3.0,11.0,0.0,196.77376509876285,0.537270855023293,0.46272914497670703,0.46058969467750194,0.5615379933187515,-1343.4985091621104
847,-198.2325870512076,0.9994537157469029,0.13603514294473784,3.0,11.0,0.0,199.62074378666603,0.9354157011755675,0.0645842988244325,0.3755325343493734,1.193612728412787,-1348.6032863710877
848,-196.1235288493965,0.992334099314993,0.2667625526958215,3.0,7.0,0.0,196.6595729499044,0.5160962635726032,0.4839037364273968,0.538651780147233,0.3596841963974308,-1344.8277555673212
849,-196.04057273731493,0.9660190888353358,0.2043115756572915,3.0,13.0,0.0,199.0706898055137,0.5109751579873262,0.4890248420126738,0.4461702780446171,0.45592357532683825,-1344.2694147041095
850,-196.14286458106668,0.8893897980633935,0.23426416705072348,3.0,7.0,0.0,196.80658209312773,0.3765598869773748,0.6234401130226253,0.3505445118552128,0.5201544236246256,-1344.5565970672487
851,-198.19895443139217,0.9822798003292252,0.13603514294473784,2.0,3.0,0.0,198.5101159634642,0.9147335465954654,0.08526645340453465,0.5492412006442401,1.1236669524972314,-1350.1368030416672
852,-196.68270298585912,0.9747408213239664,0.2667625526958215,3.0,7.0,0.0,197.03665223072588,0.8583655560509368,0.14163444394906322,0.4636041755137817,0.6349986979470081,-1343.545987629954
853,-196.1469788342598,0.9255279388930145,0.2043115756572915,3.0,7.0,0.0,196.80053369628382,0.7066118324058542,0.29338816759414577,0.5505986838570609,0.4240611678977632,-1343.6487064658038
854,-196.29372276855054,0.9860058283740474,0.23426416705072348,2.0,7.0,0.0,196.8966677638788,0.4044115760952945,0.5955884239047056,0.7129969005944747,0.37467385364587935,-1345.5554479925397
855,-198.17312161387937,0.9119514499086696,0.13603514294473784,2.0,3.0,0.0,198.89876015373278,0.8944921056368375,0.10550789436316255,0.3233250613851917,0.9897952163438141,-1351.689684238055
856,-196.51042488238934,0.999463689885033,0.2667625526958215,4.0,15.0,0.0,196.81148605448905,0.17467376743344562,0.8253262325665544,0.5656951861021269,0.5105743495992854,-1343.5654888621568
857,-197.05353496950084,0.971333579869325,0.2043115756572915,3.0,15.0,0.0,197.918359906687,0.7718736963482551,0.2281263036517449,0.6020906204856171,0.018289458431896416,-1348.88696701716
858,-196.43390457619432,0.9448094162071763,0.23426416705072348,3.0,7.0,0.0,197.03885322635603,0.6636171099167976,0.33638289008320243,0.6498866631947317,0.3128237219984665,-1346.1095947006468
859,-197.60051686713055,0.9991107779282072,0.13603514294473784,3.0,7.0,0.0,198.29193501840098,0.8322777069154378,0.1677222930845622,0.5610106154576343,0.8511867948527699,-1350.4770408114975
860,-196.6638295603468,0.9175984688318503,0.2667625526958215,2.0,3.0,0.0,197.45865941292774,0.15318259748443624,0.8468174025155637,0.6935178922168499,0.4756576702998476,-1343.786582803007
861,-198.26323950375917,0.7501040810658063,0.2043115756572915,2.0,7.0,0.0,202.00195517818403,0.9279567734928665,0.07204322650713346,0.6399868691379544,-0.07136442053025949,-1350.5086113802008
862,-197.08185627524074,0.9916140446003612,0.23426416705072348,3.0,15.0,0.0,197.21898718282972,0.6589608854697634,0.3410391145302366,0.578091379262229,0.09909381608469177,-1350.7839546661755
863,-196.81045947226713,1.0,0.13603514294473784,3.0,7.0,0.0,197.45655295398865,0.8196368155967217,0.18036318440327825,0.39424949996866254,0.8148610562069522,-1345.605541680166
864,-196.34334174476706,0.9910288214375823,0.2667625526958215,3.0,7.0,0.0,197.2818393911767,0.2972347620093124,0.7027652379906876,0.29744771835165984,0.5105392371720214,-1345.172990560265
865,-198.59031527364425,0.7848005412426805,0.2043115756572915,3.0,7.0,0.0,200.09956050787915,0.9820448300775914,0.017955169922408643,0.48373255377883484,0.048849830566470534,-1343.7157039911824
866,-197.21980945416152,0.9797208015669729,0.23426416705072348,3.0,7.0,0.0,197.91500299193578,0.7824137889370829,0.2175862110629171,0.5580333589888902,-0.011530316944256951,-1349.846780148435
867,-197.2936930596011,0.9736429935978027,0.13603514294473784,3.0,15.0,0.0,197.35977885596694,0.8098467885875226,0.19015321141247743,0.5121137477454584,0.9033792327903033,-1349.0021507939784
868,-200.4946989898458,0.9103577604385125,0.2667625526958215,4.0,23.0,0.0,201.52315061615695,0.011692937919447912,0.9883070620805521,-1.4220088363428802,0.40437241314193073,-1352.268830164948
869,-198.25127547155088,0.6996258477317409,0.2043115756572915,4.0,15.0,0.0,200.95337771621712,0.9098879420810144,0.09011205791898558,0.3529175088190893,0.4939863362695163,-1351.8758136132083
870,-197.10665866686605,1.0,0.23426416705072348,3.0,7.0,0.0,197.27781587820752,0.8650263566160382,0.13497364338396178,0.5841775071209994,0.02931140516729137,-1346.433563523366
871,-196.65327136482935,0.991565666246823,0.13603514294473784,3.0,11.0,0.0,198.14708503653242,0.7904408339552429,0.2095591660447571,0.6065117917266306,0.32566653969014914,-1345.6039146727537
872,-197.8312745479557,0.9856569227614311,0.2667625526958215,3.0,15.0,0.0,202.75066226948053,0.07220932488229266,0.9277906751177073,-0.26683913976739077,0.5687286841821415,-1347.5566615826756
873,-197.60890133590755,1.0,0.2043115756572915,2.0,3.0,0.0,198.32709918475345,0.8725662444215939,0.12743375557840608,0.6305715705573314,0.4174809851248466,-1349.367389865866
874,-197.0387077600638,0.9596682224730394,0.23426416705072348,2.0,7.0,0.0,199.0876944912092,0.6929378139709673,0.3070621860290327,0.6602332427615204,0.07084658177185557,-1350.0245570498146
875,-197.35046784239208,0.9765336796657722,0.13603514294473784,4.0,15.0,0.0,199.3417910885063,0.6800418216793065,0.3199581783206935,0.47801921195078845,0.15052813961046826,-1352.496392887551
876,-198.29203055122596,0.6209032258960349,0.2667625526958215,2.0,3.0,0.0,202.47848559239048,0.028621446322646977,0.971378553677353,-0.037079715362259416,0.46546928111515207,-1344.8165663811117
877,-197.71180863021254,0.891586363826731,0.2043115756572915,3.0,7.0,0.0,198.81260280904363,0.1346105881140302,0.8653894118859697,0.4343640001065696,0.6402828919855684,-1350.3765942594937
878,-197.04766458455643,0.9455359363697389,0.23426416705072348,4.0,15.0,0.0,198.09046522211256,0.4977331368204349,0.502266863179565,0.19208589313155267,0.7786959401605774,-1351.025281970481
879,-197.383435380926,0.9672617602062364,0.13603514294473784,3.0,15.0,0.0,198.52501300057762,0.90401315489828,0.09598684510171995,0.54866763024772,0.7281353903720337,-1345.873036669291
880,-197.68531306758143,1.0,0.2667625526958215,3.0,7.0,0.0,198.486552288168,0.11163883296087432,0.8883611670391257,-0.19790927153584448,0.5155306742666192,-1349.335580968388
881,-197.53252181081203,0.993711726249307,0.2043115756572915,3.0,15.0,0.0,198.75446083067558,0.6654667162081643,0.33453328379183567,0.7635793887259635,0.09169765945915948,-1353.618190027933
882,-196.74718150171145,0.9860533795846954,0.23426416705072348,3.0,7.0,0.0,198.1399923595515,0.41217691254024796,0.5878230874597521,0.1717377130937918,0.6612138289010079,-1348.8857485315139
883,-197.45878751730208,0.981979219395322,0.13603514294473784,4.0,15.0,0.0,199.74930012807536,0.9342681657683256,0.06573183423167439,0.5198014866941797,0.030944046414867935,-1344.4890831418813
884,-198.46625430641345,0.8094328788120858,0.2667625526958215,3.0,11.0,0.0,200.4951704844308,0.02398067254580434,0.9760193274541956,1.0742295131993904,0.4873351751801493,-1343.8177275658543
885,-198.34850771388543,0.5945148041365715,0.2043115756572915,2.0,3.0,0.0,201.40294953559186,0.6895342476030776,0.3104657523969224,0.8222005171076996,0.15923288719756215,-1358.8895844823971
886,-196.56868979015738,0.9775938394040194,0.23426416705072348,4.0,15.0,0.0,197.20784885496192,0.8090580604186998,0.19094193958130024,0.566031529603119,0.23723096822180031,-1344.621750782397
887,-197.66514196694914,0.982179161401477,0.13603514294473784,4.0,15.0,0.0,198.13088921456975,0.8104084478454867,0.1895915521545133,0.6336688097811473,-0.14541886853114674,-1352.118536782139
888,-197.92822605859584,0.9720775442743118,0.2667625526958215,4.0,15.0,0.0,198.84697335213826,0.06966083191480459,0.9303391680851955,1.281908191348464,0.46546447597970464,-1346.731891548279
889,-196.44384272719057,0.9671581485296373,0.2043115756572915,4.0,15.0,0.0,199.24164263690574,0.5732575128892207,0.42674248711077933,0.5755646973763112,0.25381963014691034,-1346.9182341996584
890,-199.4302319175842,0.9172499340227154,0.23426416705072348,4.0,23.0,0.0,200.0487998892351,0.9334499489724878,0.06655005102751221,0.38728286665127654,-0.3615017366743932,-1358.1785212699137
891,-196.9234226471828,0.992855022697368,0.13603514294473784,4.0,15.0,0.0,197.88186343114447,0.8294651879551943,0.1705348120448057,0.5395837753082952,0.06797639697772008,-1346.533304301898
892,-197.59255961507435,0.9763676484458894,0.2667625526958215,2.0,7.0,0.0,198.36216295837963,0.08671510269465263,0.9132848973053473,1.0600995570469145,0.49574152111169384,-1346.221539377093
893,-196.80185278632447,0.9930144059251551,0.2043115756572915,4.0,15.0,0.0,197.11271453734622,0.11780941613739611,0.8821905838626038,0.5561594682487786,0.4755087835351784,-1343.3573225259224
894,-197.92469248865126,0.9976477058679308,0.23426416705072348,2.0,7.0,0.0,199.3091163770702,0.9258238652412493,0.07417613475875073,0.6104942575865085,-0.12899051339933715,-1348.3775328347954
895,-197.45021881194597,0.981490850550667,0.13603514294473784,3.0,7.0,0.0,197.90310518221904,0.612489988185341,0.38751001181465905,0.7532788238731508,0.0775709727627601,-1353.5076538173182
896,-198.26305004197036,0.9686999730945854,0.2667625526958215,4.0,23.0,0.0,198.66317251751832,0.9383902245816538,0.061609775418346224,0.3689058223956994,0.73137400609047,-1349.2825199688473
897,-197.17650717189588,0.9831404637243407,0.2043115756572915,4.0,15.0,0.0,197.9590116774583,0.3792190075794193,0.6207809924205807,0.7796426957696769,0.22174411045431447,-1351.488243785835
898,-199.9522224757996,0.9378188810175204,0.23426416705072348,4.0,31.0,0.0,200.4290549234828,0.9669174638685372,0.033082536131462836,0.40310964694677237,-0.9246176741815787,-1356.5633127057977
899,-198.06711398333078,0.9584133060510333,0.13603514294473784,4.0,15.0,0.0,198.60143922741793,0.6955678848540187,0.30443211514598134,0.7693901269863064,-0.02055877782260794,-1356.9645047405738
900,-199.6731471686452,0.6886491536620178,0.2667625526958215,2.0,7.0,0.0,200.77704512886143,0.9488824948190268,0.051117505180973244,0.3042214626345762,0.834762559142349,-1357.7080831586927
901,-199.88915774192944,0.9026472678954651,0.2043115756572915,3.0,7.0,0.0,200.4988113219234,0.0301316483600055,0.9698683516399945,1.09328594810056,0.6334330043157056,-1355.0033064062245
902,-201.1770177179801,0.9448876603056019,0.23426416705072348,4.0,27.0,0.0,202.3399633576223,0.9837688631567695,0.01623113684323052,0.3821148178793318,-1.7272010726726752,-1358.400923867017
903,-196.93717947071679,1.0,0.13603514294473784,2.0,3.0,0.0,198.15830115951184,0.6744828978023022,0.3255171021976978,0.5962433629413868,0.10181866123699032,-1349.6047329196374
904,-197.20891517839846,1.0,0.2667625526958215,2.0,7.0,0.0,200.07969187401548,0.8747154467521975,0.12528455324780252,0.38644278012097655,0.7895634742389589,-1346.330465052913
905,-197.82793365162638,1.0,0.2043115756572915,2.0,3.0,0.0,199.91155611124165,0.049870903829400376,0.9501290961705996,1.0405838853805787,0.4747927190038354,-1344.3522985697648
906,-200.9796611825853,0.9846308666605665,0.23426416705072348,3.0,7.0,0.0,202.5472805207219,0.9941170193553277,0.005882980644672298,0.424758621672615,-1.9954803336816647,-1349.207383666248
907,-197.31031546507202,0.9992238675558807,0.13603514294473784,3.0,15.0,0.0,197.755047114104,0.8373388174713922,0.16266118252860784,0.6224378161848338,-0.04230575282449002,-1348.8639085349016
908,-196.8508629000468,0.5037715987407038,0.2667625526958215,3.0,7.0,0.0,199.64364009548768,0.6618231112603239,0.3381768887396761,0.29377207476380784,0.6336428262122377,-1349.0358655474497
909,-197.32690063825305,0.9716735783111424,0.2043115756572915,2.0,7.0,0.0,199.97887935994123,0.1285176854491497,0.8714823145508503,1.0569046892457032,0.41433824706635297,-1346.8503734549543
910,-200.94817109726267,1.0,0.23426416705072348,3.0,7.0,0.0,201.0441911573634,0.993624296253717,0.006375703746283046,0.5735917523874383,-2.034699686591288,-1349.2772487068435
911,-200.9645813126757,0.8487310571234341,0.13603514294473784,5.0,63.0,0.0,204.2258722578554,0.012409503715457551,0.9875904962845424,-2.3215279625623815,0.5605458295942494,-1352.8827560162786
912,-196.86523538846495,0.984978201233564,0.2667625526958215,2.0,7.0,0.0,197.37516908569143,0.7479426303325524,0.25205736966744763,0.516779863390068,0.7683144261778981,-1347.6307774732784
913,-197.20658878116618,0.9939156348395422,0.2043115756572915,2.0,3.0,0.0,197.38051570322344,0.16940063863654867,0.8305993613634514,1.0132787447949618,0.44039902857067137,-1347.6540561339555
914,-200.7564467857734,0.9916014340550964,0.23426416705072348,2.0,7.0,0.0,201.28398500919408,0.9936262175037287,0.006373782496271296,0.4423974998164333,-1.9751611284836368,-1348.272034905186
915,-201.28163929004404,0.765622870728995,0.13603514294473784,3.0,15.0,0.0,204.24674796836064,0.014000337173337644,0.9859996628266624,-2.678019278533342,0.5332606687389757,-1354.381796591009
916,-196.68281484187773,0.9487088140369927,0.2667625526958215,4.0,15.0,0.0,198.3686664983432,0.3726116326799301,0.62738836732007,0.6389259733838425,0.2930029117028016,-1348.1703443906936
917,-196.99324630309718,0.8576437369802918,0.2043115756572915,3.0,15.0,0.0,198.7448172655294,0.46670272477126085,0.5332972752287392,0.2625028166360313,0.4816949665242198,-1350.914401444006
918,-201.0260196212039,1.0,0.23426416705072348,3.0,7.0,0.0,201.37232503612384,0.972038062116656,0.027961937883344,0.47380115767363035,-2.0268803258029964,-1359.993034883372
919,-203.86514673471544,0.9487192562252821,0.13603514294473784,4.0,31.0,0.0,204.66686238038483,0.00446206152513865,0.9955379384748614,-4.697770022595148,0.5833270807783082,-1351.4841258964782
920,-196.64369184194814,0.9526985969059132,0.2667625526958215,2.0,7.0,0.0,197.55327365778413,0.821849741788278,0.17815025821172203,0.5052780600027985,0.23638107984172027,-1344.8257570286803
921,-196.5565269027737,0.9894765101670321,0.2043115756572915,3.0,11.0,0.0,197.81320788758194,0.32146813776092853,0.6785318622390715,0.21792707534447003,0.5348387628189964,-1346.9580751271317
922,-200.68641376332906,0.9501739414136153,0.23426416705072348,2.0,3.0,0.0,201.623391188273,0.9876031309013756,0.012396869098624363,0.4464045254252593,-2.0805651040486386,-1351.9694542625778
923,-204.03080610889853,0.9331291008714979,0.13603514294473784,2.0,3.0,0.0,204.90875026935169,0.0049204504651424695,0.9950795495348576,-4.791550023808098,0.5897165192781952,-1352.5259023088024
924,-197.24048873222046,0.6726034265272752,0.2667625526958215,3.0,7.0,0.0,198.6853631341638,0.6764261662817522,0.32357383371824777,0.6441178158812301,0.5787942811880693,-1351.346843855004
925,-196.3324205024391,1.0,0.2043115756572915,2.0,3.0,0.0,196.55972557022065,0.30499088990495116,0.6950091100950488,0.25795668103220687,0.5864102786860492,-1345.1459038939727
926,-201.99513896769636,0.6552622365261717,0.23426416705072348,2.0,3.0,0.0,202.32777793055035,0.9912512550933419,0.008748744906658112,0.6484804439161008,-2.0610349285901455,-1358.5064921038713
927,-206.71107769961566,0.7615229692558112,0.13603514294473784,2.0,7.0,0.0,207.19011102769375,0.010007055124572062,0.9899929448754279,-4.847245666575476,0.28454483487740806,-1375.6757389795264
928,-196.37841859504078,0.8520409188023642,0.2667625526958215,2.0,3.0,0.0,199.2284563989587,0.5444690516293478,0.4555309483706522,0.37922024107001195,0.7219325516356706,-1346.3288155444852
929,-196.05493699169833,0.9804068860371103,0.2043115756572915,3.0,7.0,0.0,196.56357260652754,0.3714183555249913,0.6285816444750087,0.5245909100518481,0.4313871053871297,-1343.8523966559526
930,-201.16141492570688,1.0,0.23426416705072348,2.0,3.0,0.0,201.95838706649832,0.9770085447947127,0.022991455205287337,0.42300442345283784,-1.990226942583762,-1359.778021129558
931,-204.10324040824264,1.0,0.13603514294473784,2.0,3.0,0.0,206.63385466417085,0.009847251683373016,0.990152748316627,-4.913668415574059,0.4090100473396587,-1356.9169861191074
932,-196.7553815655531,0.968885037570292,0.2667625526958215,2.0,3.0,0.0,196.92780729895503,0.5102357280707914,0.48976427192920857,0.21759784550727873,0.7056889410606589,-1349.0880586407984
933,-196.0724535668062,0.9986295145652136,0.2043115756572915,2.0,7.0,0.0,196.23980778567466,0.35155405561102904,0.648445944388971,0.5882267197320384,0.4288160024897586,-1343.7493902087917
934,-201.6273768292348,0.9244514886650171,0.23426416705072348,3.0,7.0,0.0,202.98569738004838,0.9934362456317996,0.006563754368200447,0.3802406150072086,-2.084917014013509,-1354.1491385086463
935,-203.76020825916325,0.9994704524532423,0.13603514294473784,2.0,7.0,0.0,204.49938785975206,0.005813342431687715,0.9941866575683123,-5.037163080847476,0.5338690784490843,-1349.7720993442967
936,-197.3571765763334,0.9737085251959531,0.2667625526958215,2.0,3.0,0.0,197.64030055435353,0.5239637647157563,0.47603623528424366,0.15155335500867367,0.7755978858555957,-1353.1637561032942
937,-196.1074332929461,0.967199140727318,0.2043115756572915,3.0,7.0,0.0,196.46193167215029,0.508008167088909,0.49199183291109105,0.4776018333656719,0.606757538013805,-1344.5693524262192
938,-200.5876095423178,1.0,0.23426416705072348,3.0,9.0,0.0,201.41850120074804,0.9769722161684612,0.023027783831538806,0.5268781648136271,-1.9687639694322194,-1355.813137181846
939,-203.2213740702952,0.7412766743092488,0.13603514294473784,4.0,31.0,0.0,209.8906831288268,0.005470271053716738,0.9945297289462832,-2.899993825540299,0.33827417758554895,-1360.4265355216353
940,-196.46108217775264,0.7723363066452488,0.2667625526958215,2.0,3.0,0.0,198.45614138704616,0.36854851271906797,0.631451487280932,0.5041593222162343,0.614884904853288,-1346.4882058360713
941,-197.51221285678963,0.8939005115060145,0.2043115756572915,3.0,11.0,0.0,201.07944129482794,0.07940638543959337,0.9205936145604067,0.18619595152687657,0.44647522344293566,-1346.0938839978714
942,-200.82956290511595,0.6611789271840472,0.23426416705072348,2.0,3.0,0.0,201.84528090435347,0.9746004279075954,0.02539957209240462,0.48875746951711746,-2.0313689250082327,-1357.962068287484
943,-202.28243321460772,0.9980882732574976,0.13603514294473784,2.0,7.0,0.0,203.59261488521568,0.011099923199099807,0.9889000768009002,-2.648727513921887,0.6302818375516693,-1359.748988949912
944,-195.96404536422827,0.7907773721022743,0.2667625526958215,2.0,3.0,0.0,198.63117836445917,0.4497725839433448,0.5502274160566551,0.522323917403297,0.5202082579049909,-1343.5561823381836
945,-197.73888641133345,0.9463548130658682,0.2043115756572915,3.0,15.0,0.0,199.66323872821818,0.1408596900395025,0.8591403099604975,1.1234835731067383,0.34577818828794893,-1350.1508190837376
946,-200.61088804069334,0.9650390469810216,0.23426416705072348,2.0,3.0,0.0,201.0064912186386,0.9905766152437601,0.009423384756239939,0.556711473413101,-2.015069244490435,-1349.7101382504916
947,-200.3983046030349,0.9429330212306837,0.13603514294473784,4.0,23.0,0.0,203.76940770777216,0.004647527443623491,0.9953524725563765,-1.5074965871478705,0.48478365163746573,-1345.000610958471
948,-198.5074239991978,0.9112743332962336,0.2667625526958215,3.0,7.0,0.0,199.30982526820603,0.19940661092595194,0.8005933890740481,1.29229428108672,0.3936754621326236,-1356.9904423192118
949,-198.3116702430548,0.9856033525238183,0.2043115756572915,3.0,11.0,0.0,198.71791340784185,0.08170976174248751,0.9182902382575124,1.2282926762940556,0.5383126884679105,-1350.445684083011
950,-200.85078144314573,0.992457909780476,0.23426416705072348,3.0,15.0,0.0,201.07101384287046,0.9932325007780685,0.006767499221931539,0.4431795319448525,-2.1271777720282867,-1348.7959006201993
951,-200.66902702695015,0.9836594829051483,0.13603514294473784,2.0,3.0,0.0,200.69832909226278,0.00411726086436303,0.995882739135637,-1.5565859692490922,0.5471511966856633,-1345.8520687292532
952,-197.54389024552938,0.595633242446279,0.2667625526958215,3.0,7.0,0.0,200.18707673166477,0.12024776251745786,0.8797522374825422,1.0945726614614397,0.47997825973313346,-1347.8344111033875
953,-199.13475681530758,0.9182755255888148,0.2043115756572915,3.0,7.0,0.0,199.36341678445953,0.10905719359820687,0.8909428064017931,1.2198191285876179,0.26961011163775495,-1358.1221459283008
954,-200.7445891134044,0.8746521096742079,0.23426416705072348,4.0,31.0,0.0,201.45891005914876,0.9844717059482713,0.01552829405172873,0.4119093865830297,-1.7682651888418484,-1354.9685877639865
955,-200.71382382892844,0.781829039297968,0.13603514294473784,3.0,7.0,0.0,202.79606377124645,0.003857276330959237,0.9961427236690408,-1.7410277654680149,0.524350167068442,-1345.2086647646975
956,-196.4778292799065,0.9966314719473802,0.2667625526958215,2.0,7.0,0.0,198.25379445436815,0.3856266147963479,0.6143733852036521,0.6850816498440832,0.30972086842323926,-1346.7852434604633
957,-196.05213794582684,0.9283830779142326,0.2043115756572915,3.0,7.0,0.0,200.90946813798976,0.5890936647227998,0.4109063352772002,0.4302134598726458,0.6202971632575165,-1343.9890751042894
958,-200.3042407746787,0.9758731569929713,0.23426416705072348,2.0,5.0,0.0,200.90333561369494,0.9898219177755013,0.010178082224498675,0.549091929518067,-1.7895464872956734,-1348.8669740276928
959,-201.48525050376827,0.8398855202349856,0.13603514294473784,3.0,11.0,0.0,202.84367100628384,0.011269684200828137,0.9887303157991718,-1.3739691541721695,0.6635691271072302,-1358.736560027665
960,-196.63997018883808,0.9722528664963094,0.2667625526958215,3.0,7.0,0.0,197.30818824664684,0.6692747255996871,0.33072527440031285,0.45674843509025864,0.30407040058570683,-1347.66373294133
961,-196.5358071749812,0.9717452014988961,0.2043115756572915,3.0,7.0,0.0,197.71553749069022,0.6143801353984796,0.3856198646015204,0.30487998417702844,0.7309376286395477,-1347.1321969375736
962,-202.90911262599087,0.5964112682978331,0.23426416705072348,4.0,19.0,0.0,204.83313533811844,0.9993460921375664,0.0006539078624335781,0.47041306739094535,-2.7873048208552142,-1344.091126656754
963,-202.62206959264523,0.9926558951988131,0.13603514294473784,2.0,7.0,0.0,203.0102119617115,0.002951408619750049,0.9970485913802499,-1.2764186129291801,0.33211926588890794,-1357.9002669380227
964,-197.02419048901328,0.9886065215122981,0.2667625526958215,2.0,7.0,0.0,197.78179000766997,0.8802584789061615,0.11974152109383851,0.5500825077180592,0.0804805968591485,-1345.1858513854288
965,-197.6904765601833,0.9721845685019538,0.2043115756572915,2.0,7.0,0.0,198.92352196797077,0.9324408325650412,0.06755916743495882,0.5255011486884448,0.9236786546687381,-1345.5244093960823
966,-201.29099176671576,0.9810725257272184,0.23426416705072348,3.0,7.0,0.0,203.08768304847226,0.9956124843327036,0.004387515667296449,0.4653715741007972,-2.5880811776424224,-1346.9657253988669
967,-201.17376813923033,0.9891574492910515,0.13603514294473784,3.0,15.0,0.0,203.32397824669582,0.0036748584243814194,0.9963251415756186,-0.8623935468247153,0.6105599097169334,-1349.9431196800463
968,-198.01847446345295,0.8948439095887942,0.2667625526958215,4.0,23.0,0.0,198.9226936552368,0.09813182598763988,0.9018681740123601,-0.37007717352000347,0.5722914180993098,-1350.712658088121
969,-197.87688660410663,0.9767738500183903,0.2043115756572915,3.0,11.0,0.0,198.78293983316456,0.9349512160542726,0.06504878394572744,0.4702407973562249,1.2294851184075755,-1346.0480458841316
970,-202.71532503768307,0.8110621473441014,0.23426416705072348,4.0,23.0,0.0,205.12407596873317,0.9994087370669237,0.0005912629330763197,0.4343259965832564,-1.957912734662474,-1345.4837740525602
971,-199.97498426046388,0.9730970000163813,0.13603514294473784,4.0,19.0,0.0,202.02489978991304,0.0746869055068167,0.9253130944931833,-0.7264370442000941,0.6862819170441004,-1362.0578811552502
972,-196.96000346306909,0.980150343756127,0.2667625526958215,4.0,19.0,0.0,198.43159414787337,0.4305291777941819,0.569470822205818,0.7781486293593118,0.4593535837545185,-1350.1356238879875
973,-198.04094101445534,0.7232891497983036,0.2043115756572915,3.0,11.0,0.0,199.8878237909282,0.860591787408849,0.139408212591151,0.6003126632890647,0.810694199924598,-1352.491905300843
974,-203.7847647643182,0.9461793534320173,0.23426416705072348,3.0,11.0,0.0,204.78575813199743,0.9998261976260764,0.00017380237392361497,0.4297233658440483,-1.5969443377384553,-1345.5280624333636
975,-202.0353808361116,0.994562189207705,0.13603514294473784,4.0,15.0,0.0,202.53557614152305,0.003216662381204125,0.9967833376187959,-1.4765348105131981,0.36014817810330363,-1353.9477712864884
976,-199.01778896206125,0.804465681714926,0.2667625526958215,3.0,7.0,0.0,199.28680611057302,0.7611426827061144,0.2388573172938856,0.7893206905201152,0.3131898297276694,-1362.3670190621847
977,-198.4454569451719,0.95838562425538,0.2043115756572915,2.0,3.0,0.0,198.812799791691,0.8458588672653018,0.1541411327346982,0.6213980470088978,0.8243810095425015,-1355.8193226208573
978,-200.36762463617532,0.9970810741475515,0.23426416705072348,3.0,7.0,0.0,203.72590185296514,0.9938572507370498,0.00614274926295022,0.5227787941042611,-1.7183786189685908,-1346.0846695846085
979,-201.9645784358534,0.9575643368014193,0.13603514294473784,2.0,3.0,0.0,202.84194333144757,0.0032570742344958767,0.9967429257655042,-1.3823206037147968,0.6362895951216418,-1353.5396297616041
980,-196.79801713067977,1.0,0.2667625526958215,3.0,7.0,0.0,198.5308533805809,0.16587918911504687,0.8341208108849532,0.70724502262253,0.5200103840049626,-1345.1044871111305
981,-197.09048038230287,1.0,0.2043115756572915,4.0,15.0,0.0,198.9865754697777,0.888258689939764,0.11174131006023602,0.5654463151080229,0.46991066112424973,-1345.028725175046
982,-200.00778405865321,0.9468468434483203,0.23426416705072348,3.0,7.0,0.0,200.53317827973368,0.9852590236532865,0.014740976346713452,0.5407734264791769,-1.6405163216623184,-1349.7950201604176
983,-200.03600199161957,0.9954248375296844,0.13603514294473784,3.0,7.0,0.0,202.19657888899448,0.007376762351491275,0.9926232376485087,-1.452827397419034,0.5141269227095697,-1345.7847588655236
984,-196.79801713067977,0.6581949562810662,0.2667625526958215,2.0,7.0,0.0,200.34506785384607,0.16587918911504687,0.8341208108849532,0.70724502262253,0.5200103840049626,-1345.1044871111305
985,-196.00814821742696,0.9704293654170641,0.2043115756572915,2.0,7.0,0.0,197.74387707710804,0.463448133283543,0.536551866716457,0.4312521411332124,0.48206152819141473,-1344.001880712028
986,-200.00778405865321,0.46708663300454284,0.23426416705072348,1.0,3.0,0.0,201.81500052674178,0.9852590236532865,0.014740976346713452,0.5407734264791769,-1.6405163216623184,-1349.7950201604176
987,-198.74990627945814,0.9950925126050516,0.13603514294473784,4.0,15.0,0.0,200.25318300112505,0.08220004869837932,0.9177999513016206,-0.644908542657985,0.5412036936351602,-1354.4514483396638
988,-196.0395168470099,0.8805752177945907,0.2667625526958215,2.0,7.0,0.0,197.83078977556818,0.5687396464966573,0.4312603535033427,0.421275701940829,0.5061536520221039,-1344.1105589454507
989,-197.29170437135798,0.8737662404153077,0.2043115756572915,2.0,7.0,0.0,198.05447748839777,0.4701594611175456,0.5298405388824544,0.17317100696516796,0.5619151353212947,-1352.943448834451
990,-202.60982985492,0.8019764222198154,0.23426416705072348,2.0,3.0,0.0,203.25401107600865,0.9239329053381502,0.0760670946618498,0.5121706970582004,-1.597477134138367,-1378.8072472241504
991,-198.60923317744215,0.9284086419320784,0.13603514294473784,1.0,3.0,0.0,199.4543861251965,0.06090372543369718,0.9390962745663028,-0.5713601851328911,0.6017824240362288,-1351.5842507983482
992,-197.38810847372363,0.9090503072557679,0.2667625526958215,3.0,15.0,0.0,199.8500352212231,0.8885483416157804,0.11145165838421955,0.45298790310097065,0.11663511366731455,-1347.346806005327
993,-196.5217901702566,0.8880337925012647,0.2043115756572915,2.0,3.0,0.0,198.30867187420878,0.4376456738385351,0.562354326161465,0.24685544630176665,0.5714801966433036,-1347.5053581022125
994,-200.6950887317122,0.666723692820281,0.23426416705072348,2.0,3.0,0.0,204.58759480555156,0.9962518172856277,0.0037481827143722724,0.5227520750940338,-1.684774188872501,-1345.049666042747
995,-197.70551812692275,0.8920692918179556,0.13603514294473784,3.0,15.0,0.0,200.60689466662467,0.1070538910589815,0.8929461089410184,0.29200723373561716,0.6322063407600973,-1349.0655891206052
996,-196.58546627354485,0.9902317116584822,0.2667625526958215,3.0,11.0,0.0,198.53401796750552,0.7109610117386133,0.28903898826138674,0.4070492898030418,0.813418979540826,-1346.319552083813
997,-197.8132237735396,0.8203621925864408,0.2043115756572915,3.0,11.0,0.0,199.28947278121242,0.13238240131868992,0.86761759868131,1.1202661325409875,0.341443363285749,-1350.3121936791263
998,-200.2793629373061,0.9270715584380944,0.23426416705072348,4.0,29.0,0.0,201.47461248847998,0.9911658700580998,0.008834129941900248,0.48444045532109536,-1.8410506308970072,-1347.6224977299878
999,-198.77451256637454,0.9637750244860275,0.13603514294473784,3.0,15.0,0.0,199.39163854522107,0.08901838483938562,0.9109816151606144,-0.15288962636490586,0.39959625015667716,-1355.5743460107633
