draws,lp__,accept_stat__,stepsize__,treedepth__,n_leapfrog__,divergent__,energy__,rho.1,rho.2,mu.1,mu.2,log_prob_data
0,-211.17784436937606,0.9612531050912315,0.1530709667148982,4.0,31.0,0.0,212.6032566974023,0.6618050014603971,0.3381949985396029,0.019941787172833868,0.05094582328857555,-1448.4219487379055
1,-212.88147111796232,0.866177200271919,0.19283228769673263,3.0,15.0,0.0,213.91689757056218,0.0961707940748233,0.9038292059251767,-0.6902666591944041,0.03601202246428799,-1453.2466897732993
2,-211.82359790600069,0.9579489394967274,0.16462928917163913,2.0,7.0,0.0,212.14256379317953,0.3347690528459024,0.6652309471540976,0.7191757316145506,-0.0682928124047607,-1452.3999491569054
3,-211.2901381681851,0.9483639272487011,0.1537566894965502,4.0,23.0,0.0,212.55021574169942,0.28865332750657874,0.7113466724934212,0.04015457040908768,0.022313225742087526,-1448.602910256585
4,-211.33607113147454,0.9882204163515278,0.1530709667148982,4.0,19.0,0.0,211.6603336914879,0.4211587868548858,0.5788412131451142,0.0873806406625903,0.233210297826084,-1450.0542003872836
5,-212.37853427871704,1.0,0.19283228769673263,2.0,7.0,0.0,213.61009346014035,0.10791677826949549,0.8920832217305045,-0.9543072258457427,0.2738023468297166,-1450.0396171371071
6,-211.0573874036734,0.9366911273959234,0.16462928917163913,4.0,15.0,0.0,212.5042126548587,0.6976113646915271,0.30238863530847293,-0.022510229324813724,0.21983844506890582,-1447.1412118566036
7,-211.23032298968224,0.9983988897435889,0.1537566894965502,2.0,3.0,0.0,211.3676485687379,0.3237326508173069,0.6762673491826932,0.07065711603504082,0.18934157514220695,-1448.5992040817816
8,-215.8443916689679,0.622403098730311,0.1530709667148982,2.0,3.0,0.0,218.87034227224885,0.5205639237224774,0.4794360762775226,0.44500749706017395,0.25324788944522336,-1481.1859869739383
9,-211.07182472864582,0.8607812597700917,0.19283228769673263,4.0,19.0,0.0,213.21086936611462,0.5557012349267889,0.4442987650732111,0.3578069115054046,-0.3579130982100309,-1448.1489058196237
10,-211.14778976239307,0.9961920274300125,0.16462928917163913,3.0,15.0,0.0,211.9775642504566,0.7715329900438628,0.22846700995613722,0.001022202390820296,0.4966652122204964,-1446.354198674701
11,-211.4790967421488,0.9925912538399009,0.1537566894965502,3.0,15.0,0.0,212.31638124481594,0.18708683434114975,0.8129131656588502,0.3191874579113575,0.09576426617401515,-1447.7404893398175
12,-210.86268326325535,1.0,0.1530709667148982,3.0,7.0,0.0,215.3956708244306,0.5092046551247962,0.4907953448752038,0.07652341199351487,0.05413692541346504,-1447.001702812884
13,-213.8601752561626,0.46340240167884744,0.19283228769673263,1.0,3.0,0.0,214.75613049415537,0.41036431949226415,0.5896356805077358,0.18871057062796248,-0.3431421895215073,-1467.3595035689573
14,-212.3392593061075,0.8832441173028464,0.16462928917163913,2.0,7.0,0.0,213.08126734898704,0.8146767419758794,0.18532325802412064,0.1414258638346636,0.5096396789307591,-1453.4861746198355
15,-211.66798898937762,0.5554221863367139,0.1537566894965502,3.0,11.0,0.0,214.23939473530223,0.2680653833253124,0.7319346166746876,0.6680241847176059,0.008469662848400034,-1450.5153872476485
16,-211.06136989897857,0.9967244626472673,0.1530709667148982,5.0,31.0,0.0,211.58735456512002,0.31203258255433214,0.6879674174456678,-0.4231389057866615,0.3315420020635416,-1447.0820813974335
17,-212.38397526208487,0.9627715303824722,0.19283228769673263,4.0,15.0,0.0,214.58255308709744,0.43879690378664016,0.5612030962133598,-0.37256022943104555,0.6252422172913258,-1456.958655321197
18,-211.43056858148327,0.6458594125380184,0.16462928917163913,3.0,11.0,0.0,216.2700910297557,0.18614471653783862,0.8138552834621614,-0.38798828511894856,0.259679427750403,-1447.286076826442
19,-211.70739564138233,0.5303538323902178,0.1537566894965502,4.0,15.0,0.0,215.33945867020003,0.3724061734238726,0.6275938265761274,0.02727718725021913,0.3003879623675864,-1452.3029881523742
20,-211.322860983492,0.981040828789594,0.1530709667148982,4.0,19.0,0.0,211.71667150964313,0.8097424892783462,0.19025751072165376,0.05037256253413399,0.39907863497699897,-1446.7065235586217
21,-212.86298919862776,0.808885422791035,0.19283228769673263,3.0,15.0,0.0,216.7696116700469,0.24534067720355596,0.754659322796444,-0.6530590747102464,0.11593150826254547,-1458.3749794489697
22,-210.9671946448939,1.0,0.16462928917163913,3.0,15.0,0.0,211.74553088317606,0.34024700685529563,0.6597529931447044,-0.20344291076951698,0.177524612200728,-1446.9268008540637
23,-210.8822432177821,1.0,0.1537566894965502,2.0,7.0,0.0,211.7912047192047,0.5118470491569876,0.48815295084301236,0.012896018453338631,0.10621672552038144,-1447.1329822091395
24,-212.37500347942637,0.6996036892577139,0.1530709667148982,2.0,3.0,0.0,212.88652231445406,0.8172497041801284,0.18275029581987157,-0.11785613704401723,0.3245214078287714,-1453.7969043963717
25,-213.67000203166182,0.507475392818658,0.19283228769673263,3.0,7.0,0.0,218.15664403221518,0.023090705578380444,0.9769092944216196,-0.2785702120424739,0.17775619227988718,-1449.6937518967345
26,-212.9556163484359,0.8791225636910193,0.16462928917163913,4.0,19.0,0.0,213.97949575940774,0.9532178258477763,0.04678217415222374,0.19227822563940822,-0.35524613712402764,-1449.4201322439585
27,-211.21673054330066,0.9446318406086808,0.1537566894965502,3.0,15.0,0.0,211.9009977066519,0.5756463174121368,0.4243536825878632,-0.02480626222856097,0.4332549077560893,-1449.134737733639
28,-213.16048643601192,0.8734081579036882,0.1530709667148982,4.0,23.0,0.0,216.68412715099734,0.8494939506981731,0.15050604930182687,0.016048620668558132,1.3055899940847133,-1456.7800829736382
29,-214.04915509656107,0.835801328235222,0.19283228769673263,2.0,3.0,0.0,214.63563190040898,0.01907443758123712,0.9809255624187628,-0.2393094529711972,-0.0002892273008281432,-1451.0660875793826
30,-213.37664717639623,0.9965978182604833,0.16462928917163913,4.0,15.0,0.0,213.71000659588717,0.9704964556241932,0.029503544375806823,0.02134672972268338,-0.18077002393726851,-1449.3804676148573
31,-210.9312330617375,0.8771084071745314,0.1537566894965502,2.0,7.0,0.0,212.55673232958168,0.6682505939310738,0.3317494060689262,-0.020589088987526104,0.2435136285547781,-1446.6034615245828
32,-211.8003331639365,0.9926898167617141,0.1530709667148982,4.0,31.0,0.0,214.67388750516346,0.8021507169780195,0.19784928302198046,-0.10067348454247732,0.38653805025561516,-1450.2119418695788
33,-213.3891595967262,0.5436961851457917,0.19283228769673263,3.0,15.0,0.0,217.7750220798548,0.06154564698913299,0.938454353010867,-0.8713432735748544,0.2821916272069278,-1453.6183091132227
34,-214.48341549056536,0.7143304859336995,0.16462928917163913,4.0,15.0,0.0,217.3172961659452,0.9915909784897781,0.008409021510221937,0.1496473086098159,-0.8784065533116757,-1447.8466600797838
35,-211.9242740938582,0.9552922233270867,0.1537566894965502,3.0,15.0,0.0,211.96349316448288,0.7847717140315271,0.21522828596847288,0.07746245830897051,0.617962481237434,-1451.301222960113
36,-212.2781557933411,0.8976922507215089,0.1530709667148982,4.0,23.0,0.0,213.41249739075792,0.1412614662645965,0.8587385337354034,0.7133420523996679,0.10824435787560964,-1451.34460125324
37,-213.68739265780943,0.882179400130786,0.19283228769673263,3.0,11.0,0.0,215.7589074279493,0.6230505943085484,0.37694940569145163,0.3910546630706684,0.11843359346473836,-1465.948296802546
38,-215.272620025474,0.9867047402009768,0.16462928917163913,4.0,15.0,0.0,215.54937014324162,0.9964620054032778,0.003537994596722216,0.13458553852726157,-0.7064494101515136,-1447.590802609347
39,-211.5240924649418,0.9765224367263791,0.1537566894965502,4.0,15.0,0.0,212.84629412534707,0.6475511174985358,0.3524488825014642,0.41057347127535,-0.22505289952316646,-1450.7618095745845
40,-211.84476847143983,0.9996702585573337,0.1530709667148982,3.0,7.0,0.0,213.19183325697725,0.34076717578404675,0.6592328242159533,0.7890197899623621,-0.2301898716043527,-1452.4736127506837
41,-211.06865881456082,0.9632405249175809,0.19283228769673263,3.0,7.0,0.0,213.63849424041177,0.7126506734225299,0.28734932657747014,0.31544558525184546,-0.39601468931496037,-1446.8348456610743
42,-212.23195059894698,0.7732827014249437,0.16462928917163913,4.0,19.0,0.0,216.61924219334446,0.06653677290632745,0.9334632270936726,0.8770706120123295,0.014159812245186476,-1446.1863327911576
43,-211.88970431679823,0.9824012466884227,0.1537566894965502,3.0,15.0,0.0,213.44517929339648,0.3529143430524923,0.6470856569475076,0.466210031699701,-0.29523566908899346,-1453.217865445222
44,-211.8890162887731,0.91898198648645,0.1530709667148982,4.0,31.0,0.0,214.10383301186982,0.3484859700764803,0.6515140299235197,0.5925150705848133,-0.31659624447899015,-1453.0462484817128
45,-210.97861849080303,0.9781121424497194,0.19283228769673263,3.0,11.0,0.0,212.4058486765484,0.7051894096236889,0.2948105903763111,-0.047650597149867524,0.5000608006285061,-1446.320697712535
46,-211.8399960090447,1.0,0.16462928917163913,3.0,7.0,0.0,212.2895935742771,0.11601622177946039,0.8839837782205396,0.9837031712593803,-0.011238541730764266,-1446.7718665703974
47,-211.69705285172884,1.0,0.1537566894965502,4.0,19.0,0.0,213.01673927536777,0.8110914490068598,0.1889085509931402,0.06340785598307706,0.6182883315026395,-1449.0598471110777
48,-210.94673318697076,0.9703406669388517,0.1530709667148982,3.0,7.0,0.0,212.66742568674115,0.6676063396247108,0.33239366037528917,0.25416835745001376,-0.33934318049170176,-1446.6136270335433
49,-211.01051525678318,0.9544644721232095,0.19283228769673263,3.0,15.0,0.0,211.2813011037777,0.630165273698471,0.369834726301529,-0.12149832489308666,0.29972474210853955,-1447.4577309574788
50,-212.16399427502373,0.8183688849934715,0.16462928917163913,4.0,19.0,0.0,213.27527039236472,0.3087527015076735,0.6912472984923266,0.8350183323199555,-0.08300775906588066,-1454.3001065008518
51,-214.0812429591869,0.8775612466172233,0.1537566894965502,3.0,11.0,0.0,215.36599276393892,0.783672281195986,0.21632771880401402,0.05363893503170515,1.121982945470338,-1465.4720099977992
52,-211.02432951774028,0.9765530949691859,0.1530709667148982,3.0,11.0,0.0,211.3566286762942,0.6254986311684503,0.3745013688315497,0.3777951368451603,-0.2656363850574231,-1447.4945743672533
53,-210.94707728529028,1.0,0.19283228769673263,2.0,3.0,0.0,211.04736530164914,0.6004448579234261,0.39955514207657394,-0.03647692838140672,0.3988066431249096,-1447.1715682861661
54,-213.50848988279603,0.7694601864489341,0.16462928917163913,2.0,3.0,0.0,214.05665382197637,0.2614155725574872,0.7385844274425128,0.7553751476586453,-0.3528874308770499,-1462.9032474283324
55,-211.77116789849637,1.0,0.1537566894965502,3.0,7.0,0.0,214.41046246943884,0.851820067111994,0.14817993288800602,-0.07749223984031803,0.5773573059712267,-1448.2733516823184
56,-211.0725469609631,0.9980458414976124,0.1530709667148982,4.0,23.0,0.0,211.4471847173153,0.5622151362929863,0.43778486370701375,0.28607059997283785,-0.017930487863883342,-1448.2825888571367
57,-211.77984581607282,0.6232158255476179,0.19283228769673263,2.0,7.0,0.0,214.08234305107763,0.3090014422917072,0.6909985577082929,-0.06899621920814475,0.3205964760343808,-1452.164728380856
58,-212.15250379933426,0.9620341596615312,0.16462928917163913,2.0,3.0,0.0,213.47416720089328,0.3597670458966227,0.6402329541033773,0.8194165172152815,-0.20991164566293433,-1454.737643837942
59,-213.35523448876364,0.9540030988528433,0.1537566894965502,2.0,3.0,0.0,214.03312979266963,0.6966095107773422,0.30339048922265777,-0.08304487147579578,0.9973820381475257,-1462.2043571263753
60,-212.96225489302998,0.9041399946631825,0.1530709667148982,4.0,15.0,0.0,213.60352258615586,0.030973787770390566,0.9690262122296094,-0.22342958346512193,0.1175667002564543,-1446.8169745011146
61,-210.8089702510746,0.9450022620841796,0.19283228769673263,2.0,7.0,0.0,212.61273270174627,0.6200929193143394,0.3799070806856606,-0.08519076400258677,0.33742363364606975,-1446.125558322484
62,-216.2493656954261,0.4395043136045005,0.16462928917163913,2.0,3.0,0.0,216.5673891429258,0.5061896125990731,0.49381038740092686,0.8361864873969403,-0.10940356251291587,-1483.6063770380251
63,-211.6728409047293,0.9880784353047499,0.1537566894965502,4.0,15.0,0.0,213.36337114751285,0.14048642014314025,0.8595135798568597,-0.015202787841847358,0.1552759527809277,-1447.5599424947054
64,-211.46175943655285,0.9018619199711453,0.1530709667148982,4.0,27.0,0.0,215.7208627420626,0.8136078490077956,0.1863921509922044,0.12617460268872926,0.15485336252244083,-1447.662368140972
65,-211.06169366480748,0.998211659064426,0.19283228769673263,3.0,15.0,0.0,211.08424153064018,0.2458077409875849,0.754192259012415,-0.18188806325979867,0.19010709634821427,-1446.2610222650562
66,-212.78368092447877,1.0,0.16462928917163913,2.0,3.0,0.0,216.4180558505928,0.2074622349618997,0.7925377650381003,0.7580885131725672,-0.2534037951425421,-1456.8351982959189
67,-212.29747772791438,0.9934108296540806,0.1537566894965502,4.0,15.0,0.0,212.3650397227785,0.07330838195193354,0.9266916180480664,-0.08085133124708811,0.15613627760009718,-1447.8958904632666
68,-212.26554530740606,0.8452405224657498,0.1530709667148982,4.0,31.0,0.0,214.19871320912196,0.11482144590361257,0.8851785540963875,0.004406309646359904,0.0016702599261480058,-1450.4849247338352
69,-215.18167826308556,0.9440226836755986,0.19283228769673263,4.0,23.0,0.0,217.20990186604323,0.01968347713518201,0.980316522864818,-2.8156315651370187,0.11406250621173833,-1452.2949238827646
70,-211.966254604656,0.9981095864292772,0.16462928917163913,3.0,11.0,0.0,214.224987033372,0.5740787128403684,0.4259212871596316,-0.16278341665211904,0.12437329693467063,-1454.4452761901764
71,-211.33783918489235,0.9761785392437118,0.1537566894965502,4.0,15.0,0.0,213.4041753889639,0.7792362238649583,0.22076377613504172,-0.10795968937960256,0.5377078730508771,-1447.451994282285
72,-212.23521448214382,0.9666735838753397,0.1530709667148982,4.0,15.0,0.0,213.89518758335797,0.22798198019232876,0.7720180198076713,-0.6878869539906759,0.4054435905515653,-1453.5179968044577
73,-215.82266388913766,0.87963456587458,0.19283228769673263,4.0,15.0,0.0,216.45088274052307,0.004034354693804891,0.9959656453061951,-2.3147003742556884,0.035099629912521094,-1448.1130025832592
74,-211.61100352454687,1.0,0.16462928917163913,2.0,3.0,0.0,212.06850258252436,0.5452191502672434,0.45478084973275656,0.019040103056208346,0.41544345397153015,-1451.974771013938
75,-210.78682428115354,0.9664019399358551,0.1537566894965502,4.0,15.0,0.0,213.89336849683667,0.46236157432138714,0.5376384256786129,0.22814218064832203,-0.06024233581063687,-1446.4002848901964
76,-212.27398976197367,0.8916377107379803,0.1530709667148982,4.0,15.0,0.0,216.0366778364914,0.9387042150202065,0.06129578497979349,0.1107095404528805,-0.4938817778467406,-1446.3918663169388
77,-216.72094843282284,0.7445198078504035,0.19283228769673263,2.0,3.0,0.0,217.49703700571357,0.0034153665007389403,0.9965846334992611,-2.2163204335073985,0.21911988736328272,-1453.5163647764302
78,-210.75852286532725,0.9632258770585854,0.16462928917163913,2.0,7.0,0.0,212.3080199031122,0.5273374205444239,0.4726625794555761,-0.08172608822441699,0.25861859289014133,-1446.2079170120019
79,-211.15215081966656,0.9942576905170566,0.1537566894965502,3.0,15.0,0.0,211.37764432918888,0.7627222528445471,0.2372777471554529,0.2725275466259887,-0.45646681628060126,-1446.5353245160732
80,-211.50094254588475,0.8863778758234453,0.1530709667148982,4.0,31.0,0.0,214.0024098524143,0.29978314302339315,0.7002168569766068,0.7688495636703706,-0.1388860012493764,-1449.6862460883472
81,-215.73066466710952,0.667371371853288,0.19283228769673263,2.0,3.0,0.0,218.9108368439101,0.006606304349211783,0.9933936956507882,-2.0881082245346105,0.20809203014290045,-1451.691493022175
82,-213.26352078151893,0.7595064971703921,0.16462928917163913,4.0,31.0,0.0,219.13086694431516,0.971054215708868,0.028945784291132037,0.1337777933861161,0.5378412504308436,-1448.2345248729478
83,-211.75536443018544,0.9125587286176847,0.1537566894965502,3.0,7.0,0.0,212.43624950605698,0.7605023197708238,0.23949768022917617,0.24616356618279223,-0.6990615644423435,-1450.5161249002877
84,-211.66532926472362,0.9394186603753372,0.1530709667148982,4.0,15.0,0.0,212.35408322317895,0.20219506846014096,0.797804931539859,0.07067371071371914,-0.000919618745450157,-1449.5253799163138
85,-214.5169546122325,0.9915908685404551,0.19283228769673263,2.0,5.0,0.0,216.02902449548267,0.011302203011391702,0.9886977969886083,-2.066301439460838,0.07685339463526006,-1447.0945452266944
86,-213.16485770778837,0.9987918055989401,0.16462928917163913,3.0,7.0,0.0,213.31789241464134,0.9690126172389869,0.030987382761013094,0.01745710150097088,0.5348621369870528,-1448.0271970930303
87,-211.75922117994747,0.9633661251529042,0.1537566894965502,4.0,15.0,0.0,212.4153261109173,0.25317407911329587,0.7468259208867041,0.2165629571104145,0.17185580590685495,-1451.2093146472328
88,-211.71208105357158,0.8939875117249144,0.1530709667148982,3.0,15.0,0.0,215.13772133496676,0.1474310390192621,0.8525689609807379,0.9126998413007898,-0.07518022166033357,-1447.4051114603544
89,-214.82481635816887,0.8742087702184321,0.19283228769673263,2.0,3.0,0.0,215.16092945959596,0.012788859673225367,0.9872111403267746,-1.9856621197078896,0.19845008989335478,-1450.3176534300792
90,-213.00237175966626,0.9992835838485521,0.16462928917163913,3.0,7.0,0.0,213.46087001984822,0.9703582598833271,0.029641740116672866,0.06834676777904249,0.3661188758355533,-1446.73519575037
91,-211.10533977979173,0.9333868452729557,0.1537566894965502,4.0,31.0,0.0,213.0841471123552,0.5372583854069354,0.4627416145930646,-0.20963898530570801,0.27637446695441276,-1448.545476732537
92,-211.8687885484064,0.9694314993859285,0.1530709667148982,3.0,15.0,0.0,213.58405673147007,0.15304111659732356,0.8469588834026764,0.38544027264128145,0.12306933203257042,-1449.2827911986446
93,-213.19168398427402,0.8954217902657381,0.19283228769673263,4.0,31.0,0.0,218.34582521376902,0.8884322412660259,0.11156775873397407,0.22833156569732196,0.23480193379199946,-1456.6166343152245
94,-211.97438394660293,0.8964531962982637,0.16462928917163913,3.0,15.0,0.0,214.64054112311862,0.9177391423706053,0.08226085762939472,0.1524168053701826,-0.5147786627954378,-1446.1707127182794
95,-211.2961199845769,0.9758635941877389,0.1537566894965502,3.0,11.0,0.0,211.59832340877074,0.5929738109241409,0.4070261890758591,-0.19720692486636113,0.2889566949089609,-1449.6569559442532
96,-211.61261504939242,0.9989440211714471,0.1530709667148982,4.0,15.0,0.0,213.17979468064655,0.17425783482325094,0.825742165176749,0.8665913996150219,-0.09743547631608984,-1447.7195026982965
97,-212.4162455765998,0.9244304259148585,0.19283228769673263,3.0,7.0,0.0,216.25930911389557,0.9184089530465138,0.08159104695348618,-0.04770001014251765,1.2302914301187562,-1448.1114971191917
98,-211.48049393938868,0.7358826153148317,0.16462928917163913,4.0,19.0,0.0,215.22589374379947,0.846409531422317,0.153590468577683,0.08683239150025564,0.06529848638640756,-1446.751983226521
99,-211.5914238624822,0.9991800811906955,0.1537566894965502,4.0,15.0,0.0,212.09401454400364,0.7645913534675439,0.23540864653245608,-0.05935137927465929,0.8261344453416744,-1449.183679939781
100,-211.87955291534155,0.9905476532278423,0.1530709667148982,4.0,31.0,0.0,213.47394584211435,0.860350170552101,0.13964982944789905,0.14773516924100996,0.19752608089974466,-1448.9218033228858
101,-213.04458722419596,0.9006549763898092,0.19283228769673263,3.0,7.0,0.0,214.03839934323653,0.9588059029449705,0.04119409705502952,0.12194521777401313,0.9847781821357882,-1448.487052189565
102,-212.64130349363396,0.9269384954861268,0.16462928917163913,3.0,15.0,0.0,214.0065177142959,0.9570994513783603,0.04290054862163972,0.06107439116713302,0.43404619557863616,-1446.653672633383
103,-213.4453477540264,0.9516834086156117,0.1537566894965502,3.0,15.0,0.0,215.14700546562588,0.9643334841286209,0.035666515871379145,-0.040564856263431884,1.4338877567371222,-1449.373308748738
104,-210.96973902662563,0.5097957652305267,0.1530709667148982,3.0,7.0,0.0,215.9718148884303,0.5048887709955171,0.4951112290044829,-0.14071319667915827,0.43324849268022503,-1447.5713121064423
105,-212.30933632914144,0.6461493607105971,0.19283228769673263,2.0,7.0,0.0,215.1186801153436,0.9213730690232286,0.07862693097677143,-0.011140061782292043,1.2267918284907129,-1447.1489117092574
106,-214.24257881569707,0.9818856975708407,0.16462928917163913,4.0,31.0,0.0,216.49637004005976,0.00840900479605131,0.9915909952039487,0.14351787040255806,0.10237727987692054,-1446.8417584717072
107,-211.63284734206127,0.9212906511071605,0.1537566894965502,3.0,15.0,0.0,216.8068242694807,0.8721010850837478,0.12789891491625216,0.10113517637758797,0.04485329294425516,-1446.7461208373254
108,-210.81750108806398,0.9987954328191908,0.1530709667148982,3.0,15.0,0.0,211.03924329102085,0.47347814136594313,0.5265218586340569,-0.24087976616686682,0.3314277369920575,-1446.535112178428
109,-211.57155873447357,0.8714244240051026,0.19283228769673263,3.0,15.0,0.0,213.65333382704344,0.27657809971236785,0.7234219002876321,-0.017573445743005518,0.011237224058027157,-1450.3694269927369
110,-213.1870410171343,0.9095907701471581,0.16462928917163913,3.0,11.0,0.0,216.53533785242038,0.025711961526164943,0.974288038473835,0.8693423515946537,0.0478823085755333,-1446.5215174031396
111,-212.8630290838798,0.9112882986279751,0.1537566894965502,4.0,15.0,0.0,215.00164993082637,0.3225389428219035,0.6774610571780966,0.036837818157607186,-0.1283476734524291,-1459.884073017309
112,-211.35184361670693,0.9885624518787846,0.1530709667148982,3.0,15.0,0.0,212.70106072352328,0.18423004390132228,0.8157699560986778,-0.5024862410349908,0.2513479998622484,-1446.6027145339588
113,-212.38750843884316,0.718294506696644,0.19283228769673263,2.0,3.0,0.0,214.56786188100116,0.1319595664106963,0.8680404335893037,-0.052101494786586794,-0.01001239299254908,-1452.1509389057721
114,-211.35555544526315,0.9042817401948899,0.16462928917163913,4.0,23.0,0.0,215.0631096336347,0.5750889576564098,0.42491104234359023,0.3747125524325323,-0.4418565307035095,-1449.968873910813
115,-213.19183827608896,1.0,0.1537566894965502,2.0,7.0,0.0,214.02500819888488,0.17688106684190805,0.8231189331580919,0.02897335465370511,0.2968201443010511,-1459.2894712058405
116,-212.03905884461062,0.9909138474901694,0.1530709667148982,3.0,7.0,0.0,212.62350529646292,0.2491156573770134,0.7508843426229865,-0.7767448593762665,0.3134773859361308,-1452.5283595288995
117,-212.38750843884316,0.6222578170792311,0.19283228769673263,1.0,3.0,0.0,214.24242293956792,0.1319595664106963,0.8680404335893037,-0.052101494786586794,-0.01001239299254908,-1452.1509389057721
118,-212.21516576298484,0.969657780938581,0.16462928917163913,3.0,11.0,0.0,213.30980129544517,0.9144170523182714,0.08558294768172858,0.11403735081342742,-0.8402511671196188,-1447.710425312158
119,-212.16638325278018,1.0,0.1537566894965502,4.0,19.0,0.0,213.6450432576084,0.83559737912517,0.16440262087483004,0.12590139096991926,-0.729463712122355,-1451.408093190287
120,-212.73357074692726,0.9208299686058217,0.1530709667148982,2.0,3.0,0.0,212.95553140775547,0.1772395184924789,0.8227604815075211,-0.6517222361473118,0.39681166512860006,-1455.7089322277996
121,-212.10607247341446,0.9360151979282645,0.19283228769673263,4.0,19.0,0.0,214.29071265086392,0.8624189963948332,0.13758100360516679,0.30110962489981186,-0.7116605534059477,-1449.9369698294047
122,-212.07766256505306,0.9813420210985162,0.16462928917163913,3.0,7.0,0.0,212.41774876211042,0.888860830599453,0.11113916940054702,0.24727189886816675,-0.8797992344842455,-1448.269452095852
123,-211.7126516636917,0.9880260448129171,0.1537566894965502,2.0,3.0,0.0,212.37027562645508,0.8634714985601635,0.13652850143983652,0.1508980737247096,-0.657100341965733,-1447.297802999551
124,-216.99769108593173,0.9346982557933412,0.1530709667148982,3.0,7.0,0.0,218.4108339060312,0.4731561819270653,0.5268438180729347,-0.8499030003888964,0.5482725117133039,-1488.4875489833262
125,-211.20764818762794,0.9093557766138594,0.19283228769673263,4.0,15.0,0.0,213.695982129601,0.2907499672178012,0.7092500327821988,0.11362788990001269,0.15013143729221046,-1448.0339043199613
126,-212.54747691298323,0.999016443016452,0.16462928917163913,3.0,7.0,0.0,212.6410927500888,0.9459937838383627,0.054006216161637255,0.18691558458037835,-0.8448661029021834,-1447.0345690425872
127,-213.34673129224134,0.8936156816013953,0.1537566894965502,2.0,3.0,0.0,213.4792668063435,0.8410010637436932,0.1589989362563068,0.03550051874970008,-0.6923960873830288,-1459.4334206132596
128,-214.0156355757276,0.8560612748213376,0.1530709667148982,2.0,3.0,0.0,218.37323186545092,0.3293490210984593,0.6706509789015407,-0.5992300104828794,0.622625180720697,-1467.291147522194
129,-211.42893651442103,0.9984277056207427,0.19283228769673263,3.0,7.0,0.0,211.74742341856293,0.20867532088820917,0.7913246791117908,0.21782434376667795,0.11909797674794334,-1448.0051114525988
130,-212.98636715239215,0.8912441264256806,0.16462928917163913,1.0,3.0,0.0,213.28257564472693,0.9372889013877154,0.06271109861228463,0.2566302777705501,-0.8543194700564519,-1450.9941772974946
131,-212.60752371636875,0.9690638666973126,0.1537566894965502,2.0,7.0,0.0,214.57187595891915,0.7610576960256644,0.23894230397433558,0.06734414303739256,-0.47013442967786245,-1456.671162296587
132,-212.6526261404072,0.9979425829991696,0.1530709667148982,4.0,31.0,0.0,215.9878877849114,0.30051943720044777,0.6994805627995522,-0.7952712227475175,0.35119822353978725,-1457.5259432393073
133,-210.8871261821644,0.9630129392821115,0.19283228769673263,3.0,15.0,0.0,212.19982598984765,0.5899204766967684,0.4100795233032316,-0.03671678502963486,0.3664715576800312,-1446.8362390312673
134,-213.92141023389271,0.9422479220068939,0.16462928917163913,4.0,23.0,0.0,216.66394865079778,0.9651985595826387,0.03480144041736133,0.19291752105465076,-1.8774288745810848,-1451.1995190239893
135,-211.19914567420315,0.9985713853299554,0.1537566894965502,2.0,7.0,0.0,212.71880771764432,0.7357528107917687,0.2642471892082313,0.12670551988275564,-0.2116149381756952,-1447.546436672046
136,-212.75794327861354,0.9999467776840227,0.1530709667148982,5.0,31.0,0.0,213.87152689208983,0.04090470328065103,0.959095296719349,-0.37011865066176525,0.07059851846653098,-1447.188005696127
137,-217.1082800639599,0.9133212936024925,0.19283228769673263,4.0,23.0,0.0,218.35691025416187,0.9798546578767351,0.02014534212326491,0.13959129378575974,3.749534326869743,-1460.4606597255622
138,-213.61303057325242,0.9904157014923075,0.16462928917163913,3.0,15.0,0.0,214.20307369496055,0.9717973520260172,0.028202647973982753,0.19799753787647062,-1.4559510370512763,-1448.8754799093556
139,-211.95283989565849,0.9531066079589903,0.1537566894965502,4.0,23.0,0.0,213.2367616093514,0.1835241946987684,0.8164758053012315,0.7663744964743728,0.05509366933074686,-1450.496514896549
140,-212.02677008957818,0.9940660115922364,0.1530709667148982,3.0,15.0,0.0,213.46741333823198,0.08267823503537805,0.9173217649646219,-0.35819868245698583,0.15959765404730314,-1446.68049490861
141,-217.19775572456007,0.7429561134729915,0.19283228769673263,1.0,3.0,0.0,220.26060293366075,0.9931340877891569,0.006865912210843095,0.17036758587032455,3.716486497479568,-1453.9409990842403
142,-213.5008856336735,0.9978372820479532,0.16462928917163913,3.0,11.0,0.0,214.04593208989508,0.968229999791274,0.031770000208726,0.18892488851383676,-1.5522130006255337,-1448.6511597871572
143,-212.05095512855468,1.0,0.1537566894965502,2.0,7.0,0.0,213.18151946756745,0.295055024133174,0.704944975866826,0.8391096214800643,-0.24608784371209452,-1453.2890832857513
144,-211.5435825585049,0.9764827761248548,0.1530709667148982,4.0,15.0,0.0,212.6976392491555,0.45876190105959935,0.5412380989404006,0.20114362978535127,0.1754040272484652,-1451.606466737143
145,-216.92667397220936,0.9805513074147003,0.19283228769673263,2.0,7.0,0.0,217.6035552065769,0.9869081263733693,0.013091873626630668,-0.009143645720205429,3.690786154833938,-1456.6727826439112
146,-211.69423659209778,0.8034841424664776,0.16462928917163913,4.0,19.0,0.0,215.95647675462854,0.8148582488300908,0.18514175116990916,0.15799182174270945,-0.6188686807249035,-1448.914566381108
147,-211.3722709745824,0.8810262246044883,0.1537566894965502,4.0,19.0,0.0,213.29676554003245,0.3477169679549592,0.6522830320450408,0.6382655663451743,-0.2462329360892388,-1449.4551614084844
148,-213.69832004977442,0.9600932592254133,0.1530709667148982,5.0,31.0,0.0,214.1344315802725,0.9681044115773726,0.03189558842262741,0.20156907861161405,-1.6434485845714746,-1449.785330370896
149,-214.23189985494488,0.9890828560899492,0.19283228769673263,4.0,15.0,0.0,220.26514985276427,0.9857351760660229,0.0142648239339771,-0.0033044195791528674,1.398229445883742,-1448.7164839734628
150,-211.73571774931526,0.8699526762583709,0.16462928917163913,4.0,15.0,0.0,213.13644884647516,0.6370839747549077,0.36291602524509226,0.23726794116046257,0.12407119356249469,-1452.4406435024168
151,-211.0161489523479,0.8736347869774067,0.1537566894965502,2.0,7.0,0.0,212.11425550461573,0.28188359425602455,0.7181164057439755,0.5594707070847446,-0.06818878321506947,-1446.3392871766087
152,-213.0632559894998,0.8984023261659121,0.1530709667148982,3.0,15.0,0.0,214.9229462480865,0.9527245312397239,0.04727546876027611,0.19667046580611397,-1.38837412949212,-1448.6756481501939
153,-214.23189985494488,0.448294793296233,0.19283228769673263,1.0,1.0,0.0,215.53592845799693,0.9857351760660229,0.0142648239339771,-0.0033044195791528674,1.398229445883742,-1448.7164839734628
154,-211.8112031355489,0.99488660476257,0.16462928917163913,4.0,15.0,0.0,212.54720911972797,0.8508390846799239,0.14916091532007614,0.057011570813522344,-0.1881427464129561,-1448.8471695726969
155,-212.52510099444643,0.7635160963079937,0.1537566894965502,2.0,7.0,0.0,213.59527243976626,0.26457907489130095,0.735420925108699,0.5028073233982252,0.13732125067135575,-1456.5293138897189
156,-214.0646159733394,0.8740511779274382,0.1530709667148982,3.0,13.0,0.0,214.48143313799136,0.9493971298330522,0.050602870166947755,0.24670695908861773,-1.7270017923089567,-1455.1083981076715
157,-213.63438667422452,0.5157683415949047,0.19283228769673263,3.0,7.0,0.0,216.73610296882035,0.893833797564133,0.10616620243586705,-0.014899898394870714,1.6624604225526307,-1457.079776411543
158,-212.61579350350758,0.7648581327804332,0.16462928917163913,2.0,3.0,0.0,213.96356385019132,0.8199877916009342,0.18001220839906584,-0.041756122554470504,-0.05243487678140907,-1455.4780976490113
159,-213.05547246868045,0.9893895770271306,0.1537566894965502,4.0,19.0,0.0,214.80783371341758,0.4471379800758896,0.5528620199241103,-0.6332994102800286,0.4819698964734359,-1461.534346087322
160,-214.1245002730871,0.9916907887317049,0.1530709667148982,3.0,15.0,0.0,215.2719080656193,0.9752554374428651,0.024744562557134864,0.12440106939608127,-2.1345676222051355,-1449.446091299249
161,-215.39666955342867,0.8539231738511166,0.19283228769673263,3.0,7.0,0.0,215.6992914103385,0.9949883357626306,0.005011664237369429,0.022452294903871187,1.9569766161276738,-1447.982077297548
162,-211.1445727516081,0.8923224848014669,0.16462928917163913,2.0,7.0,0.0,213.940109530607,0.7558545281964397,0.24414547180356028,0.14613005809683854,-0.004925749260702848,-1446.8431800364801
163,-211.6427632052972,0.9341892051747459,0.1537566894965502,2.0,3.0,0.0,214.71076903162546,0.3199413672546058,0.6800586327453941,-0.59468031738614,0.30876899106059785,-1451.053066294782
164,-216.22214927796,0.8340953461481999,0.1530709667148982,4.0,15.0,0.0,216.56849359302936,0.9959947857042174,0.0040052142957826,0.19902618894472426,-2.2135304619346408,-1451.1851095247541
165,-216.45538266440732,0.6162649698557475,0.19283228769673263,1.0,1.0,0.0,216.56589344367657,0.9952391194767681,0.00476088052323187,-0.05256283639985444,1.968639161061629,-1454.9010545081674
166,-212.48321720528804,0.9386574763047231,0.16462928917163913,4.0,15.0,0.0,213.06114176884824,0.8160530556622698,0.18394694433773018,0.04100675479170694,-0.41501726834917985,-1454.5321346641717
167,-212.43448681471008,0.7355039935542145,0.1537566894965502,3.0,11.0,0.0,213.82637190699663,0.15144725255015137,0.8485527474498487,-0.7933353851339966,0.3440704998501587,-1452.6268509354177
168,-214.94494943539047,0.9942102512523573,0.1530709667148982,3.0,11.0,0.0,216.15714345673814,0.9923619474547032,0.007638052545296814,0.09922415673090469,-2.300530600001719,-1446.4831516561724
169,-216.29523378032187,1.0,0.19283228769673263,2.0,3.0,0.0,217.0979956442934,0.995343058092697,0.004656941907303036,-0.04363764648361587,1.9065259349051848,-1453.8516048579247
170,-212.11930801147398,0.9478507641527629,0.16462928917163913,4.0,31.0,0.0,216.0206205337194,0.290890561015344,0.709109438984656,0.9059207946090275,-0.17113364720517968,-1453.6300768923736
171,-211.00149818647733,0.9696091130237794,0.1537566894965502,4.0,25.0,0.0,213.424696578114,0.4437919650711948,0.5562080349288052,-0.1200652583788372,0.36410176105165626,-1447.7557609079042
172,-214.38627490806297,0.841489229091028,0.1530709667148982,4.0,23.0,0.0,215.73311383280262,0.9804731861768001,0.019526813823199873,0.17320367810069537,-2.135245971952466,-1449.6403082866047
173,-215.56134296792146,0.9979779424338561,0.19283228769673263,3.0,15.0,0.0,216.84885760514348,0.9963010322770939,0.0036989677229061213,0.10492663420837828,2.0304200511600143,-1446.7687880882454
174,-212.31850648643834,0.72956284306277,0.16462928917163913,2.0,3.0,0.0,213.6614828634494,0.21458062015083654,0.7854193798491634,0.7267386803469331,-0.22707962991365055,-1453.8437195349331
175,-211.6572826044518,0.9746659534192751,0.1537566894965502,4.0,15.0,0.0,211.96308875069477,0.2599086739254094,0.7400913260745906,-0.4336299732645068,0.38323059626016936,-1450.400745042285
176,-212.78850099505226,0.6758549482087697,0.1530709667148982,4.0,27.0,0.0,217.34987390733482,0.9147837836825377,0.08521621631746235,0.16536041808367413,-1.3041074967713548,-1450.7727379791131
177,-215.05480445132682,0.8444345662206807,0.19283228769673263,3.0,7.0,0.0,216.33873812375666,0.9948265180021852,0.005173481997814755,0.09073418253175751,1.7505789200462991,-1446.4930274983444
178,-211.01124569371302,0.6234659646989408,0.16462928917163913,2.0,3.0,0.0,214.821239529589,0.29530027023046357,0.7046997297695364,0.5780880964933446,-0.09293643760034127,-1446.4746075534235
179,-211.47436771967827,0.9883589472549464,0.1537566894965502,4.0,31.0,0.0,212.70354337104547,0.8296508359175221,0.1703491640824779,0.10936609949456756,0.1793881516571005,-1447.2589689488734
180,-212.95235599135282,0.9765544227046289,0.1530709667148982,4.0,15.0,0.0,213.06706459733053,0.941205281425487,0.058794718574513016,0.2107015621894062,-1.3465026418440593,-1449.4258003141235
181,-213.17152268389484,0.9964778259283761,0.19283228769673263,2.0,7.0,0.0,215.82356898503068,0.933092854891865,0.066907145108135,0.04612449210087456,1.661190457562662,-1450.9920425732503
182,-212.79308613431155,0.8303582918948482,0.16462928917163913,4.0,15.0,0.0,214.64671940070184,0.07915948011516534,0.9208405198848346,-0.43129038404453435,0.02087398354741915,-1451.671825395632
183,-211.36675327995223,0.9713474616531101,0.1537566894965502,4.0,15.0,0.0,212.51896045759767,0.4250967218442369,0.574903278155763,-0.21210940593453678,0.4619045267592653,-1450.1137596771225
184,-212.9760807629118,0.9974043396762631,0.1530709667148982,4.0,15.0,0.0,213.17256253167463,0.9622356335926598,0.037764366407340155,0.16666605956893268,-1.2454224450497196,-1446.9249375848901
185,-212.19512957424195,0.9103964444592809,0.19283228769673263,3.0,11.0,0.0,213.8929513008653,0.8978299537965473,0.10217004620345271,-0.07676405776019282,0.8311063749173618,-1448.6886306878523
186,-213.58582227381208,0.8077513774840678,0.16462928917163913,2.0,3.0,0.0,214.03451142357076,0.09382072302788212,0.9061792769721179,-0.27049133878908144,0.2995027720590331,-1458.2311196750707
187,-214.32626020712956,0.9619989998944177,0.1537566894965502,4.0,31.0,0.0,215.4717769135921,0.08709801048999236,0.9129019895100077,0.3032805260315087,0.26488027845375434,-1462.8839655616807
188,-213.19201793527628,0.9939615068115821,0.1530709667148982,5.0,47.0,0.0,215.0394377385532,0.028837351518129484,0.9711626484818705,-0.7663962260994286,0.1656327609005978,-1447.4498194450582
189,-213.3713252524766,0.7995883095303188,0.19283228769673263,3.0,11.0,0.0,214.5784037879108,0.8837551774916227,0.11624482250837731,-0.11213804203185898,0.2834075671651327,-1458.1171777896861
190,-213.4961307162248,1.0,0.16462928917163913,4.0,15.0,0.0,213.79760727798143,0.9662159694711108,0.03378403052888923,-0.04081496813778063,1.0637818910667374,-1450.1611852259757
191,-211.26672268401535,0.999931620562056,0.1537566894965502,4.0,31.0,0.0,214.39230298106708,0.5319507735256708,0.4680492264743292,0.4884045656892253,-0.20157116136924386,-1449.5333170588726
192,-213.41230780152696,0.999962994989354,0.1530709667148982,3.0,7.0,0.0,213.4978649225348,0.02459444354686591,0.9754055564531341,-0.723935876726603,0.05101148786903048,-1447.9783478559107
193,-211.30866274880006,1.0,0.19283228769673263,2.0,7.0,0.0,213.2760289015352,0.8085781833677286,0.19142181663227142,0.023288621006805288,0.25892662340988487,-1446.7220025679417
194,-213.43499200877682,0.8388286013609071,0.16462928917163913,2.0,7.0,0.0,215.5639348301983,0.9573369000953111,0.04266309990468886,0.14411160532312847,1.2108075318750195,-1450.981721393445
195,-211.3815511402967,0.9172894322480297,0.1537566894965502,1.0,3.0,0.0,212.02829583510294,0.4546359050745104,0.5453640949254897,0.4569558735554413,-0.3435813379926519,-1450.2565154903677
196,-210.83647130434474,0.9913071128310569,0.1530709667148982,4.0,31.0,0.0,213.90941676019565,0.450967985986668,0.549032014013332,0.0364724713415089,0.11300749268235312,-1446.7516394681356
197,-211.23299609490297,0.947798991479016,0.19283228769673263,2.0,7.0,0.0,214.84190329026265,0.7189977242719667,0.28100227572803327,0.003974232332153747,0.5273042965104976,-1447.8582415576705
198,-212.08712380381013,0.9435216688792654,0.16462928917163913,3.0,15.0,0.0,215.58232109437375,0.8635616571717896,0.13643834282821043,-0.10611644437001533,0.6629832559865647,-1449.8839554627111
199,-211.2490417343592,0.9204183211302274,0.1537566894965502,2.0,7.0,0.0,212.96514605103349,0.2636367872469533,0.7363632127530467,0.4728413356305661,0.030769935831576112,-1447.7395180278268
200,-211.38158764639064,0.9530285319068876,0.1530709667148982,2.0,3.0,0.0,211.41575277922252,0.4299285161387226,0.5700714838612774,-0.05748306882713803,0.04582188164527924,-1450.4544109653891
201,-211.1085493779391,0.9883908433512557,0.19283228769673263,2.0,3.0,0.0,211.35754401992114,0.7687130923367,0.23128690766329996,-0.06271296945361592,0.5433842312335483,-1446.0972294017984
202,-213.1144476956383,0.9749730571564421,0.16462928917163913,3.0,15.0,0.0,215.197016288439,0.10164846059829545,0.8983515394017045,-0.09968414936663382,-0.038457992332514554,-1455.5993740306214
203,-210.80824562017588,0.9877659436028952,0.1537566894965502,4.0,31.0,0.0,212.56002310943936,0.5045284527403312,0.4954715472596688,0.018952415482383106,0.15827344369912444,-1446.6130822162606
204,-213.11305907809074,0.9659531476072257,0.1530709667148982,3.0,15.0,0.0,213.5257754876797,0.40571019627968025,0.5942898037203197,0.17738149777166573,-0.282725300018554,-1462.2103582101047
205,-212.4238469683037,0.9694189427033131,0.19283228769673263,5.0,31.0,0.0,213.13070583016375,0.053010844233313335,0.9469891557666866,-0.10973682181133974,0.10358252672900595,-1446.6861738369805
206,-211.82303814005633,0.999169818521784,0.16462928917163913,4.0,15.0,0.0,213.58909242799956,0.6274524155636478,0.37254758443635216,-0.2544109856201092,0.33954883245168976,-1453.0259996040334
207,-211.03931183668897,0.9786486652716122,0.1537566894965502,4.0,15.0,0.0,211.36570176690955,0.39416890427859486,0.6058310957214051,-0.015112098871829302,0.24718498628842828,-1447.8621625366263
208,-211.0909210547031,0.9801516868377781,0.1530709667148982,3.0,15.0,0.0,218.41604052190368,0.5153169055529715,0.4846830944470285,-0.04124036499528642,0.37303913395173927,-1448.4601291727804
209,-212.95084623570457,0.9987721129221191,0.19283228769673263,3.0,7.0,0.0,212.97528229685278,0.030642313419434724,0.9693576865805653,-0.13925213760850771,0.09674049131750981,-1446.696420434686
210,-211.3477005698263,0.968919968588629,0.16462928917163913,2.0,7.0,0.0,212.56745334737658,0.428521165123956,0.571478834876044,-0.3446784756581814,0.49737384089873465,-1449.9031878456328
211,-211.55611304191817,0.8426690356574623,0.1537566894965502,4.0,31.0,0.0,213.09662188999724,0.32901992406509145,0.6709800759349085,-0.5382263747496182,0.41745981996656023,-1450.5420212161546
212,-211.61796237029728,0.9851785511811028,0.1530709667148982,3.0,15.0,0.0,212.1064290938137,0.8093340052683102,0.19066599473168977,-0.04740989970021512,0.2918153714864475,-1448.820580980817
213,-212.9853524160353,0.9958268346710915,0.19283228769673263,2.0,3.0,0.0,213.10557356155778,0.029593538890593785,0.9704064611094062,-0.20400281307573612,0.10283870346223702,-1446.6814399380594
214,-211.24283508455446,0.9345100996727567,0.16462928917163913,3.0,7.0,0.0,212.1005279528956,0.46615004601003995,0.53384995398996,-0.3704473990697169,0.36043743909301384,-1449.3752213113096
215,-211.27045617404812,0.6029460676404024,0.1537566894965502,2.0,3.0,0.0,213.00502975830724,0.28081774424968986,0.7191822557503101,-0.5288203469130994,0.3312711350243185,-1448.0181150090991
216,-212.09770913355524,0.9956339660018871,0.1530709667148982,3.0,7.0,0.0,212.48978340737025,0.9181416788814308,0.08185832111856917,0.04227212994340629,0.21321103765006538,-1447.1998372892033
217,-213.60101444825412,0.7822476164459743,0.19283228769673263,3.0,7.0,0.0,214.8039602550608,0.05210072243354374,0.9478992775664563,-0.23922218150846314,-0.026997350818977126,-1454.6743871903607
218,-211.54445380361855,0.9991775951694002,0.16462928917163913,3.0,15.0,0.0,212.51495842036027,0.7548553216041786,0.24514467839582144,0.021590353648491434,0.6342146700605136,-1449.2952813365284
219,-210.9233764942677,0.9882377762924809,0.1537566894965502,4.0,19.0,0.0,212.2228699841188,0.6629514972373203,0.3370485027626797,0.1613646625115728,-0.017958525665471903,-1446.632468562195
220,-211.85192090689,0.9672002234960583,0.1530709667148982,2.0,3.0,0.0,212.2169412644078,0.9008210250092498,0.09917897499075023,0.07384811634728916,0.21556385119156093,-1446.6922437743015
221,-211.0651394942132,0.9978779487965875,0.19283228769673263,4.0,15.0,0.0,213.78248553964693,0.4676710728729258,0.5323289271270741,0.07614831989222481,-0.009776100172251972,-1448.376120590737
222,-212.57411718757427,0.8938794272147439,0.16462928917163913,2.0,7.0,0.0,212.69854320121755,0.7953214142127363,0.20467858578726372,-0.21610688023779076,0.5929958494694358,-1455.5262108717434
223,-211.53358823275158,0.9900431893761931,0.1537566894965502,4.0,19.0,0.0,211.99092449230417,0.5523559685936245,0.44764403140637554,0.5348293392230037,-0.2868831385226134,-1451.2518655244908
224,-211.12587816209543,0.9962289068624294,0.1530709667148982,4.0,19.0,0.0,212.69625729291027,0.7693738906977694,0.2306261093022306,0.1801185930490522,-0.3251464533418126,-1446.3421538374196
225,-211.08683416005903,0.9108816579172367,0.19283228769673263,2.0,7.0,0.0,212.07814818636888,0.6503344883649972,0.3496655116350028,0.21268429594332508,0.007744207959854532,-1447.8663742530077
226,-212.24348064889176,0.9985884145918006,0.16462928917163913,3.0,7.0,0.0,213.16933360317202,0.8557904297210569,0.1442095702789431,-0.14206536868602693,0.7842118874235027,-1451.125047171601
227,-214.5462827154638,0.9445191099487432,0.1537566894965502,5.0,47.0,0.0,216.59540619020134,0.012417430873196945,0.9875825691268031,1.9069823400881794,9.9161412668523e-05,-1448.4910780376265
228,-212.23419717170535,0.9936104234298232,0.1530709667148982,4.0,15.0,0.0,212.76503775270197,0.06453139264946897,0.9354686073505311,-0.3552281183559861,0.13800211057322243,-1446.544274387844
229,-211.28469084487404,0.8552202686292384,0.19283228769673263,3.0,7.0,0.0,212.3049699821221,0.48087343129224674,0.5191265687077533,0.3708521848690648,-0.004420378847536044,-1449.7978698423915
230,-213.18342403870037,0.6361918925168881,0.16462928917163913,2.0,3.0,0.0,215.8713940482929,0.836765635099347,0.16323436490065302,-0.23333343459550318,0.9181634873471584,-1458.0921681453162
231,-214.76358861586954,0.5762302383580759,0.1537566894965502,2.0,5.0,0.0,216.10059669935487,0.02576816937304182,0.9742318306269582,1.9151727436673347,0.17772079468800944,-1454.8867798145748
232,-212.05437394473307,0.9831795065959421,0.1530709667148982,5.0,31.0,0.0,213.1302332340875,0.9158076575735612,0.0841923424264388,0.04578773018603087,0.21836893426951431,-1447.074921012998
233,-210.82671236566492,1.0,0.19283228769673263,2.0,3.0,0.0,211.28211193849404,0.37388101820641945,0.6261189817935806,0.30719908555963116,-0.06524691827629417,-1446.2238873184021
234,-213.14154455818934,1.0,0.16462928917163913,2.0,3.0,0.0,213.37786703301313,0.8089677257318886,0.19103227426811142,0.07671869995125859,0.9837523553714675,-1458.5899941381997
235,-216.41286306410603,0.8929080304149876,0.1537566894965502,5.0,39.0,0.0,216.82053427477547,0.05088785664199407,0.949112143358006,2.5548491662673714,-0.10373247334890927,-1468.3487413133666
236,-211.88033679246436,0.990355520742423,0.1530709667148982,4.0,23.0,0.0,213.09223926377976,0.14023436193258002,0.85976563806742,-0.8648574089786463,0.2100635524874187,-1448.319953742896
237,-210.79795873033575,0.9994053103398983,0.19283228769673263,4.0,15.0,0.0,211.04375608798242,0.42886916215411874,0.5711308378458813,0.4331578512808685,-0.1595230123069262,-1446.239311867266
238,-211.89087980767414,0.9696401315373873,0.16462928917163913,2.0,3.0,0.0,213.72317914922152,0.8917248823748946,0.10827511762510544,0.019743614162965342,0.9502784151150964,-1446.7621647154465
239,-215.0751390860628,1.0,0.1537566894965502,1.0,1.0,0.0,215.81728721499155,0.04627606004416943,0.9537239399558306,2.5471613416354075,0.010480492392043711,-1458.5283863218654
240,-210.88702177395865,0.9593818634992146,0.1530709667148982,4.0,15.0,0.0,213.36469852106913,0.3723806709659983,0.6276193290340017,-0.19153199320584866,0.31045384621038663,-1446.5995112015812
241,-210.88661516496845,0.9334207799430827,0.19283228769673263,4.0,15.0,0.0,211.16551685329657,0.640668757226885,0.359331242773115,0.15026156005496133,-0.0609103998390135,-1446.584641058301
242,-212.15647331073615,0.9208870336620526,0.16462928917163913,2.0,7.0,0.0,212.5993810030287,0.8434039186700879,0.1565960813299121,0.02837786986198266,0.9919743471729735,-1450.6906139725509
243,-211.76232030751743,0.8242791930203294,0.1537566894965502,5.0,47.0,0.0,216.0196020122358,0.11829704248481995,0.88170295751518,0.3603905126486408,0.08892511048113041,-1447.0686285986963
244,-211.45070057137937,0.9813026255518503,0.1530709667148982,4.0,23.0,0.0,212.49158043561178,0.8507557952107376,0.14924420478926237,0.200786705148021,-0.5191588937421912,-1446.125918892225
245,-211.3168418094807,0.9458058184797247,0.19283228769673263,2.0,7.0,0.0,211.43575654254917,0.7472901677608994,0.2527098322391006,0.2059207300112302,-0.02743138274412171,-1448.1738151300415
246,-212.25963269844942,0.9470346239459942,0.16462928917163913,4.0,19.0,0.0,212.93558361996415,0.2895760431376012,0.7104239568623988,0.27413097608756676,0.1965981109907121,-1455.2165818805481
247,-211.50852396402226,0.9819104185297441,0.1537566894965502,3.0,7.0,0.0,211.97792084386467,0.169104063514066,0.830895936485934,0.4411264129948712,0.07139252165158093,-1447.3202847868897
248,-211.37161363794704,0.956592167823838,0.1530709667148982,4.0,31.0,0.0,213.03397034650843,0.45211735144657045,0.5478826485534296,0.17957614162671826,0.16975034263365005,-1450.410828656422
249,-211.30880598459328,0.9976833055147278,0.19283228769673263,3.0,11.0,0.0,212.13128329596148,0.19077262073058565,0.8092273792694143,0.19967079697860318,0.07451628248774156,-1446.7242070085645
250,-211.21081716410333,0.9969114292550366,0.16462928917163913,3.0,11.0,0.0,213.48785269956372,0.37365407894174907,0.6263459210582509,-0.35676590268273006,0.23380644133665104,-1448.8035550554298
251,-212.58841840544355,0.979777679200888,0.1537566894965502,3.0,7.0,0.0,213.14547293299017,0.3219474443039059,0.6780525556960941,0.847528809257187,-0.3142990871628462,-1457.2903430497051
252,-211.31812075383795,0.998091025089806,0.1530709667148982,4.0,31.0,0.0,212.3797582886633,0.738826038217141,0.261173961782859,0.32928938290299103,-0.5407682179326069,-1448.0226694614744
253,-211.11874727608557,0.9810262356760611,0.19283228769673263,4.0,23.0,0.0,211.5665817233594,0.39723609953642036,0.6027639004635796,-0.03591666414765288,0.07059244544527804,-1448.4769046220422
254,-211.28980162053057,0.9836801409837962,0.16462928917163913,4.0,15.0,0.0,212.3998625342859,0.7925126428453083,0.2074873571546917,-0.019781573113508463,0.6673633702837124,-1446.6832392017807
255,-213.54198197418447,0.9710193636428536,0.1537566894965502,2.0,3.0,0.0,213.83735864384758,0.39457748976318663,0.6054225102368134,0.916626111706826,-0.22589218067884198,-1464.4358968606755
256,-212.53216791418015,0.7390805853552653,0.1530709667148982,4.0,25.0,0.0,215.04947090258048,0.27627280904506346,0.7237271909549365,0.6125011249451047,0.09551426557293898,-1456.6689267115114
257,-211.95127156544095,0.839472516087091,0.19283228769673263,2.0,3.0,0.0,212.83932761897137,0.38988238958597726,0.6101176104140227,0.0020473536864427933,-0.05660269605426849,-1454.1851138575094
258,-212.12107512096344,0.8276684914649699,0.16462928917163913,3.0,15.0,0.0,213.18148890507953,0.6075786597657703,0.3924213402342297,-0.2744901270072215,0.2935214431306752,-1455.2374274204437
259,-211.41474743419218,0.9940435861045026,0.1537566894965502,3.0,7.0,0.0,214.46084812412272,0.2431947926679783,0.7568052073320217,0.7528376355832739,-0.14934358349272067,-1448.2010300425811
260,-211.97521968603564,0.9787465846351773,0.1530709667148982,4.0,19.0,0.0,214.3761337477182,0.5049537035200137,0.4950462964799863,0.10200814278458989,-0.1895381684713438,-1454.656077667935
261,-212.86774652726845,0.901164653953349,0.19283228769673263,2.0,7.0,0.0,213.4388582457634,0.2970803429075518,0.7029196570924482,-0.05906434139937752,-0.07737762790359311,-1459.610739973993
262,-212.34340241448703,0.9386632516082147,0.16462928917163913,3.0,11.0,0.0,214.30752792671288,0.09614465249691152,0.9038553475030885,-0.22881509889895674,0.21587137106199922,-1449.85525391606
263,-212.2213308356449,0.5351100103785221,0.1537566894965502,2.0,3.0,0.0,213.15554600160772,0.3445249295982378,0.6554750704017622,0.752969715461112,-0.061129395512739285,-1455.2016080438614
264,-212.54640554321276,0.9810134170090828,0.1530709667148982,3.0,15.0,0.0,213.06747069495907,0.31710554301141264,0.6828944569885873,0.4048713301431891,0.160746316149843,-1457.4862822561688
265,-212.9125898723473,0.9860049871171601,0.19283228769673263,4.0,15.0,0.0,213.30780012795154,0.7117442216442146,0.2882557783557854,0.04324608617535791,0.781816051253483,-1459.2771721245572
266,-214.28215590249155,0.9754270879498829,0.16462928917163913,4.0,31.0,0.0,216.7524902760359,0.013518420740337019,0.986481579259663,-1.9938491991765264,0.0908053384714757,-1446.9459683474556
267,-214.58733888717552,0.41245615348266323,0.1537566894965502,1.0,1.0,0.0,214.82790475657433,0.35354518719654376,0.6464548128034562,0.7468682995016659,0.09273259830153101,-1471.6319250876318
268,-212.13810293236753,0.9395756441885394,0.1530709667148982,3.0,7.0,0.0,214.29731298232147,0.2626149262826568,0.7373850737173432,0.441747699129701,-0.21156416262069952,-1453.8504123522393
269,-211.1164221759156,0.9887414691824818,0.19283228769673263,3.0,11.0,0.0,213.48034320212952,0.22846467043578436,0.7715353295642157,-0.3073821075203495,0.1805706902498549,-1446.2407297185111
270,-214.31585470107552,0.9019872000530337,0.16462928917163913,3.0,7.0,0.0,216.95134664091384,0.06183296316024964,0.9381670368397503,-1.7924812840828537,0.24994757698023137,-1457.9458272247325
271,-211.548622614811,0.9017329265263555,0.1537566894965502,3.0,11.0,0.0,215.07150963435984,0.21293029510942751,0.7870697048905725,0.7480232105504386,-0.002855784628111799,-1448.504131012897
272,-211.39759310643296,0.9982535896119935,0.1530709667148982,4.0,31.0,0.0,214.1826100407506,0.8210505836824129,0.1789494163175871,0.16886780180260935,-0.09852956427635493,-1447.0019845148195
273,-211.31743591090904,0.8938831966009001,0.19283228769673263,2.0,3.0,0.0,211.55369177831082,0.23317804236749673,0.7668219576325033,-0.24338988965434943,0.2669738602650469,-1447.7250585549539
274,-214.7626127647416,0.8218093818653103,0.16462928917163913,3.0,7.0,0.0,216.29847714419117,0.021351335527069745,0.9786486644729303,-1.8601955960891134,0.23874191633586256,-1453.7697274852837
275,-211.62354631367222,0.9978162111683054,0.1537566894965502,2.0,7.0,0.0,212.04696082387767,0.1542969645683919,0.8457030354316081,0.6684544159130282,-0.07853537684744834,-1447.385128943756
276,-212.5147940336559,0.6266987771933011,0.1530709667148982,2.0,3.0,0.0,214.1397054657545,0.8619440402294875,0.13805595977051255,0.2590067361749552,-0.11869950474404237,-1453.2258290820675
277,-210.86543409567398,0.9877704157250016,0.19283228769673263,3.0,11.0,0.0,211.48355116067205,0.5603098573211952,0.4396901426788048,0.04430246243544558,0.20171229025748827,-1446.8925658823525
278,-215.01585722249044,0.9711559114646093,0.16462928917163913,2.0,5.0,0.0,215.37202521466392,0.039420756635426345,0.9605792433645737,-1.937754530098792,0.00784431667431354,-1459.4208435232647
279,-211.61234399793398,0.9772568338027418,0.1537566894965502,4.0,15.0,0.0,212.08319908026715,0.18525233883372114,0.8147476611662788,0.5628305012918495,0.06626227891120601,-1448.4270010732705
280,-213.1817725214699,0.9320193288154742,0.1530709667148982,2.0,3.0,0.0,213.26917788197738,0.8441595611702052,0.15584043882979481,-0.04896308521502982,-0.15635129556535676,-1458.5730850317125
281,-210.96727166514358,0.9946792566741518,0.19283228769673263,3.0,15.0,0.0,212.50957983659384,0.5329772448503132,0.46702275514968683,-0.24124678092333163,0.4951257863825024,-1447.4420550411069
282,-213.14692390920007,0.9999776410407775,0.16462928917163913,4.0,15.0,0.0,215.1400517917752,0.09309431062227563,0.9069056893777243,-1.0873859278333544,0.3104987103358987,-1454.1875717410703
283,-211.01028016208696,0.995624070119232,0.1537566894965502,4.0,31.0,0.0,212.22960572766584,0.37856700418292105,0.621432995817079,0.2816242321274466,-0.11761013982624159,-1447.5308101024832
284,-212.7891511517,0.9839944282001506,0.1530709667148982,4.0,27.0,0.0,215.20905732747818,0.22742245790699658,0.7725775420930034,0.937987526349537,0.0300213539111773,-1457.1225345893818
285,-211.6352138136052,0.9758281918654069,0.19283228769673263,3.0,15.0,0.0,212.31284744555504,0.7069824385834995,0.2930175614165005,-0.13046972386284975,0.8046884636979685,-1450.4757633904337
286,-215.1549193014939,0.7907194266669905,0.16462928917163913,2.0,3.0,0.0,215.84886046557824,0.1480610254876893,0.8519389745123107,-1.25979715543446,0.06524721131815732,-1470.5618338016443
287,-211.3752250595458,0.9262353694679304,0.1537566894965502,4.0,31.0,0.0,212.73578505625792,0.8388212616930383,0.16117873830696172,0.1578100722971691,-0.34101874744805494,-1446.183995453548
288,-212.88778652535763,0.9785422433322035,0.1530709667148982,3.0,7.0,0.0,213.76086897232193,0.04934364117766782,0.9506563588223322,0.5661360079700406,-0.015847453078003067,-1449.1651480164235
289,-211.91111861677797,0.8903028908353814,0.19283228769673263,3.0,11.0,0.0,213.85510959117656,0.5320844030950436,0.46791559690495643,-0.4179950251814905,0.5827722334047707,-1453.7813440471746
290,-212.84046067987296,0.9163501326563861,0.16462928917163913,3.0,11.0,0.0,215.97415609109584,0.10064388590000846,0.8993561140999915,-0.9632111745474661,0.3070963918824731,-1452.7731703227419
291,-211.7488741027865,0.9833251076478497,0.1537566894965502,3.0,15.0,0.0,213.04303942212456,0.587152674084983,0.41284732591501705,0.4297305030908096,-0.5263030048079033,-1452.5214605104186
292,-211.84953278827726,0.9880733580013134,0.1530709667148982,3.0,15.0,0.0,214.15362570812633,0.12351001956355503,0.876489980436445,-0.09034282999338225,0.1758278513614547,-1448.0132297095765
293,-212.14729677867538,0.4426340544724134,0.19283228769673263,2.0,3.0,0.0,214.71530443567414,0.7306414513690339,0.2693585486309661,-0.199085673833863,0.3829434667183931,-1454.0718990934681
294,-213.118343275132,0.9238345284289464,0.16462928917163913,3.0,7.0,0.0,214.02268373526042,0.10773165833225848,0.8922683416677415,-0.8676901184502073,0.33910447365256535,-1455.2413200466808
295,-211.59699519111416,0.8235682790830218,0.1537566894965502,2.0,3.0,0.0,213.0301743045466,0.5770066732277909,0.42299332677220913,0.404588520033506,-0.0817365894578409,-1451.7711393960813
296,-212.81548452105488,0.9936783420015163,0.1530709667148982,4.0,15.0,0.0,213.8814862034019,0.036429377394819565,0.9635706226051804,-0.6653130059566568,0.1424920215219097,-1446.5400954032928
297,-212.44281595249086,0.9996216501938302,0.19283228769673263,4.0,15.0,0.0,213.64702504337268,0.1278231952453112,0.8721768047546888,-0.19272818826234855,0.007137063887319432,-1452.3161468893845
298,-212.55491255201213,0.7611185708051603,0.16462928917163913,3.0,11.0,0.0,214.94626928341492,0.21364864956228916,0.7863513504377109,-0.3990460233101494,0.39869535523438443,-1455.6806926308886
299,-212.01650047287546,0.9710872046146162,0.1537566894965502,4.0,17.0,0.0,213.01987548719484,0.3641933213242246,0.6358066786757754,0.6897558290102461,-0.05938687055443238,-1454.0386776485136
300,-210.79582038607248,0.8874377825858428,0.1530709667148982,4.0,23.0,0.0,216.22705166184363,0.5410822486074303,0.45891775139256974,0.1817468450624105,-0.03222339290974793,-1446.4735478244472
301,-214.00621472827336,0.9609349309588925,0.19283228769673263,4.0,19.0,0.0,215.9805286943433,0.11040766956875514,0.8895923304312449,-1.51324175098142,0.1649216765136748,-1460.2719013048684
302,-211.17044708571703,0.9871582621459606,0.16462928917163913,2.0,7.0,0.0,212.5191983246991,0.22534523708818668,0.7746547629118133,-0.4613886798593308,0.22138927062578753,-1446.4304273168582
303,-214.59447050785826,0.6701630171370336,0.1537566894965502,4.0,23.0,0.0,219.43112902280365,0.9864526233730305,0.013547376626969476,-0.0075369747786855484,-0.7155138878259194,-1452.1156138123176
304,-211.33589158738545,0.7867795862635703,0.1530709667148982,2.0,3.0,0.0,213.35696249050662,0.6180002469046882,0.38199975309531176,0.23144502401079897,0.06916364819188808,-1449.8341894261828
305,-212.20733058813033,0.992836463944488,0.19283228769673263,3.0,15.0,0.0,214.8310561713544,0.10183240084873275,0.8981675991512672,-0.21223870935890696,0.20839224637816617,-1449.27776923946
306,-211.64696943914248,0.894585875382412,0.16462928917163913,2.0,7.0,0.0,211.8871471549609,0.1991673232466313,0.8008326767533687,-0.39924422307032353,0.30779740326795485,-1449.1053746781988
307,-214.1881818642986,0.9659661924714612,0.1537566894965502,3.0,15.0,0.0,216.693468866815,0.963525579680213,0.03647442031978698,0.24641948546058323,-0.22759554432118706,-1456.3331451982276
308,-211.95845217264963,0.9934588438342468,0.1530709667148982,4.0,31.0,0.0,212.5683619959145,0.6988958754470405,0.30110412455295954,-0.2802550793616182,0.6395911461365005,-1452.9699718558295
309,-211.94369503887253,0.9933129829683066,0.19283228769673263,3.0,15.0,0.0,212.81663271397298,0.1196173940532293,0.8803826059467708,-0.6433818088706584,0.25535161439472565,-1448.093091208396
310,-213.82123426140686,0.7312379600968155,0.16462928917163913,2.0,3.0,0.0,214.20610316353722,0.2577729855975654,0.7422270144024345,-0.5187305402325655,0.027127711730435038,-1465.3679000630495
311,-212.41520611318882,0.9807423169080911,0.1537566894965502,2.0,3.0,0.0,214.7867925834513,0.9230308146789858,0.07696918532101416,0.19190853124546364,-0.2211893255341187,-1448.9710521266175
312,-211.40803394260197,0.7899954305273419,0.1530709667148982,3.0,11.0,0.0,214.2595334624621,0.5786081211473442,0.42139187885265583,-0.06507957007128329,0.08651342158615527,-1450.5957763844574
313,-212.30255067950068,0.9752542866919184,0.19283228769673263,3.0,7.0,0.0,212.88046700944926,0.06250524362635305,0.937494756373647,-0.8306730820155854,0.12812022670081713,-1446.3264424840777
314,-213.3737616396685,0.989996048565024,0.16462928917163913,2.0,7.0,0.0,214.43026222711762,0.3285821222518558,0.6714178777481442,-0.36225336821091253,0.5698300984913137,-1463.100131503433
315,-210.94990699027366,0.9699633070014678,0.1537566894965502,3.0,15.0,0.0,214.00076583075074,0.41182473517973983,0.5881752648202602,0.07763230668530409,0.15847221616948484,-1447.369023560786
316,-212.45202941411392,0.8260959906151536,0.1530709667148982,2.0,7.0,0.0,213.99343294454675,0.5226990141297478,0.47730098587025216,-0.2703847017171526,0.15175940737555957,-1457.8931811644468
317,-212.75690650457597,0.8944880592052483,0.19283228769673263,2.0,3.0,0.0,213.05622595219285,0.04214410171846633,0.9578558982815337,-0.8765017612191214,0.09128693873308645,-1446.8301337944881
318,-213.47174989176372,0.9872004427321077,0.16462928917163913,4.0,15.0,0.0,214.1548085417563,0.749190746912931,0.25080925308706903,0.3193068664199732,0.12396695720715213,-1462.9607482650636
319,-212.86901313465458,0.9711637429954194,0.1537566894965502,4.0,31.0,0.0,213.98735633800212,0.929280009226272,0.07071999077372804,-0.05846938582120305,0.5623835552781258,-1451.3655225707482
320,-211.37078621794691,0.9674809719562508,0.1530709667148982,3.0,15.0,0.0,213.68840182169333,0.5921847325006695,0.4078152674993305,0.05125318643896756,0.362392122553628,-1450.1669233949574
321,-213.68501898578478,0.7165890304524621,0.19283228769673263,2.0,3.0,0.0,213.97613102822226,0.03878479221680755,0.9612152077831925,-0.9093133430918423,0.24929070725027036,-1452.594627532754
322,-213.81960831746326,0.9687934402109588,0.16462928917163913,3.0,15.0,0.0,215.57082398247857,0.8999694339971224,0.10003056600287763,-0.04803331071139705,-0.3462495160389487,-1460.2763931661443
323,-214.31372547881594,0.9498238732663765,0.1537566894965502,3.0,15.0,0.0,214.5379970223418,0.9698801426075119,0.030119857392488125,0.20235733286067198,0.8775615653996528,-1455.3202816426572
324,-211.04814376387606,0.9868698216471182,0.1530709667148982,2.0,7.0,0.0,211.9929847524313,0.747525137146991,0.252474862853009,-0.021268352579665972,0.36695418881430286,-1446.2340629829023
325,-212.5002783579187,0.9951973700105644,0.19283228769673263,3.0,7.0,0.0,213.70315256293748,0.0845848312464151,0.9154151687535849,-0.8365332448397663,0.2579274780556599,-1449.5655820205911
326,-211.16312514876287,0.9933358615638511,0.16462928917163913,4.0,31.0,0.0,215.0045409434928,0.22428939925449184,0.7757106007455081,0.3051261842669319,0.004752592429777186,-1446.5025421937464
327,-213.35942970730127,0.9995008133930197,0.1537566894965502,4.0,15.0,0.0,214.674040608233,0.9745583635222022,0.025441636477797847,0.013542021366473006,1.112048320390148,-1447.2278257770276
328,-211.3557248061806,0.9986772421864097,0.1530709667148982,5.0,31.0,0.0,211.81310883451874,0.8196152924857871,0.18038470751421287,0.01576738776044983,0.592836179788225,-1446.485186648298
329,-213.20126008491562,0.9491824019289181,0.19283228769673263,2.0,3.0,0.0,213.24387081393067,0.07973834388122934,0.9202616561187706,-0.8276692038538223,0.026824392462400037,-1454.1062396181921
330,-211.5994311923238,0.8382883688861662,0.16462928917163913,2.0,7.0,0.0,212.86834295285715,0.3279924332114526,0.6720075667885475,0.309557841334903,0.12371828947158502,-1451.1348727174839
331,-212.10427989318563,0.9914202120180836,0.1537566894965502,4.0,31.0,0.0,213.5743982232216,0.10713570097922917,0.8928642990207708,-0.31111937191720157,0.057832217992058066,-1448.865630138831
332,-211.23806236209754,0.9990002213669987,0.1530709667148982,3.0,7.0,0.0,211.4076396461991,0.8018443888741991,0.19815561112580093,0.0011461537256244256,0.5443336332502038,-1446.2178786941333
333,-214.62416188567556,0.9390465530186367,0.19283228769673263,4.0,15.0,0.0,215.76196536442995,0.016416753730556965,0.983583246269443,-0.67403594063407,0.2245040324399335,-1453.6339323346697
334,-211.93565366673795,0.9487520249931756,0.16462928917163913,4.0,15.0,0.0,213.73577358290868,0.6407205672406315,0.35927943275936847,0.220878422036649,-0.4904362022550946,-1453.6035896494134
335,-212.17388380373944,0.7882885377973399,0.1537566894965502,4.0,31.0,0.0,215.18188606570308,0.7765688454079428,0.2234311545920572,-0.06446207273334921,0.9926822370413116,-1452.6917147413876
336,-212.26394666496165,0.9128563881305105,0.1530709667148982,4.0,19.0,0.0,213.05916712733585,0.9049815366618834,0.09501846333811659,0.008055800480119252,1.2233634794355477,-1448.0267092042652
337,-213.40034880952925,1.0,0.19283228769673263,2.0,3.0,0.0,214.3924943974471,0.028662254234887233,0.9713377457651128,-0.6890934636324942,0.037153440844558246,-1448.9677410194454
338,-211.07042587518268,1.0,0.16462928917163913,2.0,3.0,0.0,211.84270824544285,0.6574080782209937,0.3425919217790063,0.27331987021272697,-0.40252882012701624,-1447.521283514702
339,-213.46220201747963,0.9903901489624217,0.1537566894965502,4.0,23.0,0.0,214.4371039949136,0.9795191310975258,0.020480868902474247,0.05702705346100824,-0.34100730577312466,-1447.4393131428571
340,-212.18619248539108,0.8369909295275795,0.1530709667148982,2.0,7.0,0.0,212.99459714817968,0.8971016511026915,0.10289834889730853,0.024843783317986798,1.1385306028921087,-1448.152068209649
341,-211.10095365871533,0.9953397482614119,0.19283228769673263,3.0,15.0,0.0,214.87940758253785,0.7272927060626466,0.2727072939373534,0.08566270400740111,0.1918358980289367,-1447.0203686367515
342,-211.16525767300686,0.9966445596494525,0.16462928917163913,4.0,15.0,0.0,212.1920764208551,0.22040614279087756,0.7795938572091224,0.29804508815219277,0.025912607660256028,-1446.4342496917423
343,-211.1447832103342,0.9931739571809624,0.1537566894965502,4.0,15.0,0.0,213.88131045419945,0.2822203310779423,0.7177796689220577,0.17278296407084817,-0.004109138048153993,-1447.4813629815783
344,-210.94925951808807,0.9968751344625134,0.1530709667148982,4.0,27.0,0.0,213.66010692204796,0.60508729840899,0.39491270159101,-0.15585141622103285,0.5302352843197327,-1447.0338579461534
345,-211.73558843854894,0.9163192742289369,0.19283228769673263,4.0,19.0,0.0,213.19883195135904,0.12392969942922688,0.8760703005707731,-0.7118071681986817,0.22279148929381323,-1446.799643277181
346,-211.09801927782544,0.8206060740562232,0.16462928917163913,4.0,15.0,0.0,213.1809250903098,0.5489261716780897,0.45107382832191034,-0.23585061830402096,0.5457807030615484,-1448.2655756047627
347,-210.89169028860593,0.9994917354271109,0.1537566894965502,4.0,23.0,0.0,211.42572239560218,0.4844380407934271,0.5155619592065729,-0.07616709949378915,0.16595703418027832,-1447.1765191170784
348,-211.3844029092079,0.9437446783038815,0.1530709667148982,5.0,31.0,0.0,211.70571860858627,0.19563829316418263,0.8043617068358173,0.2823833015377989,-0.01294534219718452,-1447.3489474761006
349,-210.88207893690873,0.9998166255980544,0.19283228769673263,3.0,15.0,0.0,211.92830628835694,0.37087065136577524,0.6291293486342248,-0.2041343410209317,0.31363907963434406,-1446.547876827862
350,-210.8952730022359,0.8080452185215983,0.16462928917163913,3.0,7.0,0.0,212.3950778044799,0.6801011045901458,0.31989889540985417,-0.09655510860013483,0.44183607356883636,-1446.100168534904
351,-211.43961373995057,0.9841243973763395,0.1537566894965502,3.0,11.0,0.0,212.92338442313002,0.17753242226551563,0.8224675777344843,0.2075383674122897,0.01917283373031288,-1447.2447446808808
352,-210.99623213774086,0.9963379306046475,0.1530709667148982,4.0,23.0,0.0,212.9239577326018,0.3961471528069426,0.6038528471930573,-0.3703380939780725,0.3317728267957473,-1447.4160528159896
353,-211.5848993790864,0.8900264079684491,0.19283228769673263,2.0,7.0,0.0,213.09281894238978,0.12825289785912286,0.8717471021408771,-0.28248716418024056,0.13205559473655526,-1446.3578028967377
354,-210.88728136143564,0.9997843982897449,0.16462928917163913,4.0,19.0,0.0,211.01827635107213,0.3825164027679451,0.6174835972320549,0.044465641758274235,0.13695650672017892,-1446.7713391698428
355,-212.77462066684978,0.9473730451766835,0.1537566894965502,4.0,23.0,0.0,213.80645583920005,0.3420781781148017,0.6579218218851983,-0.6486609520176359,0.5278651242738639,-1458.8889727791802
356,-211.72953817418386,0.9673223009190307,0.1530709667148982,4.0,15.0,0.0,212.15372815890595,0.7921228708909399,0.2078771291090601,-0.07849862366745006,0.30031783193998446,-1450.0321046554204
357,-211.00515153230882,0.9919826924329754,0.19283228769673263,3.0,15.0,0.0,211.9267180514587,0.2943268016613773,0.7056731983386226,-0.03714881234502827,0.16705388103000343,-1446.689965776868
358,-211.11262272526068,0.976386581263402,0.16462928917163913,4.0,23.0,0.0,211.23571500644988,0.5861883896416326,0.41381161035836744,-0.09597152012265518,0.5107824598060918,-1448.2965542400468
359,-216.33206338403096,0.9157281675758663,0.1537566894965502,4.0,23.0,0.0,217.23099843872774,0.006643845053095811,0.9933561549469042,-1.3762023516799864,0.25432557131439404,-1457.9957721460942
360,-211.21432628315614,0.9543084784515238,0.1530709667148982,2.0,7.0,0.0,212.58176993820535,0.5707147787037705,0.4292852212962295,0.08457847186386376,0.26553595506806377,-1449.2340639736894
361,-212.2561032239078,0.7869403017639426,0.19283228769673263,2.0,7.0,0.0,213.46848742105308,0.2462974930480126,0.7537025069519874,0.16881171017091545,0.22791676441503486,-1454.511285818431
362,-211.41431720044653,0.9832993652604552,0.16462928917163913,3.0,15.0,0.0,211.81722262436867,0.8336101117892684,0.16638988821073164,0.06985748133582784,0.2582145674046149,-1446.6909245355516
363,-216.51631213318512,0.8604050913924441,0.1537566894965502,4.0,15.0,0.0,217.6964922596781,0.1285439268973813,0.8714560731026186,-1.6929257933558488,0.3590998004175191,-1477.934059760011
364,-211.19823507140438,0.9736796694793424,0.1530709667148982,2.0,3.0,0.0,211.7319291077971,0.5664454210183719,0.4335545789816281,0.11736789979906426,0.21329200056512737,-1449.1552835030427
365,-211.32149011356094,0.9831192773862226,0.19283228769673263,2.0,7.0,0.0,212.771292716264,0.19229043906440393,0.8077095609355961,0.3183036060873664,-0.0033666785259713894,-1446.8053246600025
366,-210.84309451323765,0.9479966942449028,0.16462928917163913,3.0,11.0,0.0,212.8919092754218,0.4512281080724572,0.5487718919275428,0.08190145978393673,0.07416817897892407,-1446.7997345511922
367,-214.47091911929348,1.0,0.1537566894965502,2.0,3.0,0.0,217.78638541703847,0.03768254782463677,0.9623174521753632,-1.685859593535249,0.012248390448283936,-1456.145597451165
368,-211.65400831596622,0.9535286862556873,0.1530709667148982,2.0,3.0,0.0,211.82135481425047,0.5521397634247257,0.4478602365752743,-0.13222349642252565,0.11440268539681547,-1452.3759860738567
369,-211.61465070901258,0.9993554835095331,0.19283228769673263,4.0,15.0,0.0,212.07838973581275,0.5411559461462552,0.4588440538537448,-0.36778186753933356,0.5828857012016093,-1451.7489127496915
370,-213.02219573058892,0.8611946776801797,0.16462928917163913,3.0,11.0,0.0,214.53306990366707,0.805209176769678,0.19479082323032204,0.42151230380548627,-0.4961452204900655,-1458.3427369259364
371,-215.23375699872386,0.9270280629583749,0.1537566894965502,3.0,11.0,0.0,216.08418576764697,0.01931955224863918,0.9806804477513609,-1.597847888242457,0.2694869272632667,-1457.117706398734
372,-213.2693262786289,0.8483269517122917,0.1530709667148982,3.0,15.0,0.0,214.48709006711044,0.24759364687379518,0.7524063531262049,-0.1773750323599365,0.4164677509118528,-1461.4272795166164
373,-211.74593452155497,0.9051735574789946,0.19283228769673263,3.0,7.0,0.0,213.90601608004698,0.4524229167171905,0.5475770832828095,0.6514301406298412,-0.3246920693317407,-1452.592630786165
374,-212.3241128505216,1.0,0.16462928917163913,2.0,7.0,0.0,213.15904850746264,0.6147496977375928,0.3852503022624072,0.30313793194403216,-0.5873605861242727,-1456.3558292324908
375,-214.67654916827843,0.991667733080386,0.1537566894965502,4.0,31.0,0.0,216.6218707373217,0.030392919216313194,0.9696070807836868,-1.8499951450409653,0.2544504267521786,-1455.5761902638328
376,-211.29878135595445,1.0,0.1530709667148982,2.0,7.0,0.0,213.4654204124983,0.24228311087457763,0.7577168891254223,-0.24787527830749262,0.275949247248688,-1447.7721742120054
377,-212.44334487178114,0.9484886316416913,0.19283228769673263,2.0,3.0,0.0,212.5467252724772,0.47756289629550985,0.5224371037044901,0.6992734155011143,-0.3944142850728292,-1457.359984997854
378,-211.72637647114678,0.9837104768603778,0.16462928917163913,4.0,15.0,0.0,213.18038733517432,0.416925553702513,0.5830744462974871,0.18329197423683705,0.2083345784077046,-1452.7179528298366
379,-212.80866667819677,0.7226098803651331,0.1537566894965502,5.0,47.0,0.0,217.24519628144233,0.07617378074281086,0.9238262192571891,-1.2182344694652045,0.2417575906148393,-1450.3652827039766
380,-213.2581136253182,0.855871249260971,0.1530709667148982,2.0,3.0,0.0,213.60383342984977,0.3162465696942471,0.6837534303057529,-0.5045555448158444,0.08969967333692204,-1462.3296196092608
381,-212.35106854238887,0.9586316139002916,0.19283228769673263,4.0,15.0,0.0,213.75671617788427,0.12766295835801636,0.8723370416419837,-0.5730525491239279,0.06414925543190197,-1451.4199918306747
382,-211.21036790657996,0.9492784404081156,0.16462928917163913,3.0,11.0,0.0,212.90018527518868,0.22065865538214474,0.7793413446178552,0.10777572808036685,0.09820918402064541,-1446.8104564256523
383,-211.47052317654604,0.9585607336328353,0.1537566894965502,4.0,31.0,0.0,213.30361342124766,0.19468600553989585,0.8053139944601042,-0.6604330015762339,0.24379516907312135,-1447.5593680835173
384,-215.6027560597587,0.9692662379262263,0.1530709667148982,3.0,7.0,0.0,217.18911461173823,0.20868298063223858,0.7913170193677614,-0.8544852276389704,0.5637935982822615,-1475.9853162467296
385,-211.669435269589,0.8512928677879119,0.19283228769673263,2.0,7.0,0.0,213.1266159775939,0.11426881840806148,0.8857311815919385,-0.38682492101943766,0.14430903150999222,-1446.190960292644
386,-211.27503517366324,0.9072661524187762,0.16462928917163913,2.0,7.0,0.0,211.98960460316522,0.34000430485604627,0.6599956951439537,0.12357964198725603,-0.037230980650835264,-1449.099466070791
387,-210.75722689387283,0.9992596196494311,0.1537566894965502,4.0,31.0,0.0,211.93692584165396,0.48737046391357913,0.5126295360864208,-0.07308690333873773,0.25792799543665396,-1446.2166994796842
388,-212.53026496742143,0.962600883691968,0.1530709667148982,4.0,15.0,0.0,216.31085762434796,0.9527309771021782,0.047269022897821755,0.0979587112496263,-0.18061244279187222,-1446.6543356254726
389,-212.14862543017503,0.9250615479078803,0.19283228769673263,2.0,3.0,0.0,212.24944651222634,0.09898916055728568,0.9010108394427143,-0.42213308778353886,0.06800886934020584,-1448.61699993677
390,-211.25875067776926,0.9759533944080664,0.16462928917163913,4.0,15.0,0.0,212.9320497640413,0.7149202579355377,0.2850797420644623,0.28093201506175414,-0.5282653130038021,-1448.0273668343334
391,-211.83272315542754,0.8147692484355756,0.1537566894965502,3.0,7.0,0.0,212.3154647684253,0.6244031759295042,0.37559682407049577,-0.075607761779088,0.665398126610321,-1452.883757645331
392,-212.5211100783726,0.8397369362613086,0.1530709667148982,3.0,7.0,0.0,213.2001070972878,0.9440020623592955,0.05599793764070449,0.15037311450269752,-0.12671056334092345,-1447.7011659920233
393,-211.82997026552934,1.0,0.19283228769673263,2.0,7.0,0.0,212.9106895382068,0.10260438384487267,0.8973956161551273,-0.2649021699470885,0.10226102480788406,-1446.7240577036762
394,-211.2043371692233,0.9288285603369678,0.16462928917163913,5.0,31.0,0.0,212.1856901740338,0.38543231777223774,0.6145676822277623,-0.2155480913136198,0.39973418545325506,-1448.8210578782666
395,-211.47243485980263,0.9861751454514852,0.1537566894965502,2.0,3.0,0.0,212.28803870247262,0.6846913360605236,0.31530866393947643,-0.14082851077496525,0.29447919429825176,-1450.1183026251072
396,-211.55896741997623,0.9421068727909429,0.1530709667148982,4.0,23.0,0.0,213.08792965003428,0.21202418316992452,0.7879758168300754,0.8574792473871764,-0.06830556510311654,-1448.3983193444417
397,-212.09847131751332,0.9285255902602593,0.19283228769673263,2.0,3.0,0.0,212.3831785822659,0.08058608454658724,0.9194139154534128,-0.21826417172274454,0.07990623275406478,-1447.1006116488268
398,-212.420048535449,0.8863269667418523,0.16462928917163913,2.0,7.0,0.0,213.2091567972228,0.36992045837722115,0.6300795416227789,-0.48978483356410313,0.1863889864656561,-1457.0482846446957
399,-210.89763031219076,0.9231474955659927,0.1537566894965502,3.0,15.0,0.0,213.39583091830443,0.6247546755133659,0.37524532448663406,-0.0438543219567617,0.40699493096011674,-1446.6643363131661
400,-212.8760892342979,0.8922641090826356,0.1530709667148982,4.0,19.0,0.0,214.7782886121628,0.9142862433442515,0.08571375665574854,0.011128093036265219,-0.40876687169457926,-1452.761957833456
401,-211.33803306519204,0.9792763952972393,0.19283228769673263,4.0,15.0,0.0,212.88639697308417,0.8337974458053136,0.16620255419468644,0.18362780306342777,-0.4027502019554334,-1446.0503514611808
402,-211.5636046015489,0.9806147234195631,0.16462928917163913,3.0,7.0,0.0,213.07231989233176,0.3529576453265405,0.6470423546734595,-0.3889396215304367,0.18951625110507248,-1451.0669406058087
403,-210.92669302003242,0.9884382892868985,0.1537566894965502,4.0,19.0,0.0,211.16483782905317,0.4540003383752674,0.5459996616247327,-0.22431680937180903,0.4196294701598907,-1447.1995843321185
404,-211.1587825260879,0.997155273769922,0.1530709667148982,4.0,31.0,0.0,213.59227056726863,0.503803329916336,0.49619667008366397,0.0794550028971511,0.23851981301202038,-1449.0020373934708
405,-211.34531765333526,0.9686877701553236,0.19283228769673263,4.0,15.0,0.0,212.02496437329205,0.7524398368471589,0.24756016315284113,0.18460506347666253,-0.4640225125802631,-1448.0976573644803
406,-212.23379703543975,0.9288971926359598,0.16462928917163913,3.0,11.0,0.0,212.7339538669167,0.30130201249291033,0.6986979875070897,-0.4274962287939153,0.11223585130537578,-1455.126935018966
407,-211.73102461646639,0.9329575041206216,0.1537566894965502,5.0,55.0,0.0,213.53566294967538,0.8518643192478331,0.14813568075216688,0.22169780923914173,-0.7923027690835988,-1447.7028857508974
408,-211.24397765513754,0.9971173672658791,0.1530709667148982,4.0,31.0,0.0,212.34623291078174,0.8031880523481705,0.19681194765182952,0.1521419284978627,-0.13779752625894898,-1446.442769639351
409,-211.21971606407328,0.7977045893737978,0.19283228769673263,3.0,15.0,0.0,212.9632409871587,0.5776838401992725,0.42231615980072745,0.39846859205114854,-0.4217518136154644,-1449.0184452785327
410,-211.73963158978592,0.9961376953019909,0.16462928917163913,2.0,7.0,0.0,212.3559922946072,0.27831209765279896,0.721687902347201,-0.26234395773207775,0.370195986422699,-1451.3796423208785
411,-211.49826359122846,0.9960121381671982,0.1537566894965502,2.0,7.0,0.0,211.92549402189334,0.8237750404867183,0.17622495951328165,0.19362326331237606,-0.6287986341243592,-1447.273526791491
412,-211.68479563796876,0.9069485627126115,0.1530709667148982,4.0,27.0,0.0,212.27876357819102,0.237332924405736,0.7626670755942639,-0.5275127854247963,0.15889109639129032,-1450.1977792451353
413,-211.3275735673757,0.8808911972719157,0.19283228769673263,4.0,31.0,0.0,213.20946471681816,0.4319813879007428,0.5680186120992572,0.48469647389784504,-0.05341083369843372,-1449.8886275667687
414,-213.82612075388113,0.8814940399655574,0.16462928917163913,2.0,3.0,0.0,213.99560165588332,0.24273465263841204,0.757265347361588,-0.35940450714649563,-0.02749212504499715,-1465.2457770482026
415,-211.59636116826778,0.9623520171959531,0.1537566894965502,3.0,7.0,0.0,213.26504160945848,0.5627363284545633,0.43726367154543666,0.12590241552277984,0.27640261198387517,-1451.8904271632066
416,-214.61594679124855,0.9304593220751035,0.1530709667148982,3.0,15.0,0.0,214.88223225770653,0.06160342253050111,0.9383965774694989,-1.3024470285288452,-0.011091293817138748,-1461.3581824203652
417,-212.7931615348162,0.8185760853598676,0.19283228769673263,3.0,15.0,0.0,213.88818953091098,0.8911996915213731,0.10880030847862687,0.3001565942054547,-0.49455614788204505,-1453.515350530548
418,-211.82558628347616,1.0,0.16462928917163913,1.0,1.0,0.0,213.2791341130892,0.223979490132823,0.776020509867177,-0.3538617019536878,0.08637535601978785,-1451.0377156301868
419,-211.5035323185201,0.9452587956975741,0.1537566894965502,3.0,15.0,0.0,213.31060216548138,0.7679281288522698,0.2320718711477302,0.028134239553656223,-0.008065809178509659,-1449.0996318451878
420,-213.1904095381588,0.9932151911329968,0.1530709667148982,3.0,7.0,0.0,215.22764276318958,0.133424785983119,0.866575214016881,-1.0229813557014058,0.3583194925027167,-1456.7497455937187
421,-211.9109930775624,1.0,0.19283228769673263,2.0,3.0,0.0,212.94724772954487,0.8293531086952893,0.17064689130471067,0.09283050793533393,-0.4724684857493107,-1450.122577458187
422,-210.7939433196484,0.9879106733075095,0.16462928917163913,3.0,15.0,0.0,212.52060364921476,0.5707012636454578,0.4292987363545422,-0.09687373586228876,0.28440892749314395,-1446.3193267923116
423,-211.26007033373537,0.9997180768837518,0.1537566894965502,2.0,3.0,0.0,211.53510612615068,0.750966159054439,0.24903384094556102,0.03373636111091212,0.07294965716718518,-1447.746013952492
424,-212.05652419668417,0.9922602392717937,0.1530709667148982,2.0,3.0,0.0,213.3416420548127,0.17649557252304968,0.8235044274769503,-0.8924584467741876,0.2548732226499145,-1450.7681317802565
425,-212.1149820047323,0.9197736408943581,0.19283228769673263,4.0,15.0,0.0,213.20853766748132,0.15588454276950628,0.8441154572304937,-0.8390396771315809,0.3089941574209367,-1450.5384156234397
426,-210.79957036939894,0.9931944095345008,0.16462928917163913,3.0,15.0,0.0,211.84048432584044,0.6006203907669926,0.3993796092330074,0.24682555782471627,-0.11551485473157762,-1446.225964340121
427,-210.8876589757286,0.9956131075752115,0.1537566894965502,4.0,15.0,0.0,211.63471880015,0.6390563051672369,0.3609436948327631,0.005457892475067705,0.20121442693886565,-1446.5930864139946
428,-212.2463582557886,0.9999898159931109,0.1530709667148982,4.0,15.0,0.0,212.69698109434987,0.0717469364150377,0.9282530635849623,-0.9594069586468773,0.15480276188612896,-1446.6168885793434
429,-214.36399080330472,0.5560971739985229,0.19283228769673263,1.0,3.0,0.0,215.32591227706104,0.08505300286513187,0.9149469971348682,-0.7436777691981844,0.36665506554719407,-1462.542306613262
430,-210.75480341053893,0.9999854865311443,0.16462928917163913,4.0,15.0,0.0,210.86639997970798,0.5377429694461309,0.46225703055386913,0.3401803490836785,-0.20399825397470822,-1446.0910932881661
431,-211.98738787540893,0.9758512323849334,0.1537566894965502,3.0,15.0,0.0,212.55387359598538,0.11312002653533408,0.886879973464666,0.10030309165779928,0.020452077765021365,-1448.4645921560882
432,-211.49814967706462,0.9575274421599027,0.1530709667148982,3.0,15.0,0.0,213.66066995322592,0.14387325790271896,0.856126742097281,-0.3452163506854433,0.1369087176884124,-1446.392431221115
433,-214.06410865560542,0.9523249900931517,0.19283228769673263,4.0,15.0,0.0,215.62958216531993,0.8877221972693372,0.11227780273066279,0.38870391847896213,-0.6768552167102432,-1462.2480067425997
434,-211.05586513296808,0.9930761408092271,0.16462928917163913,3.0,15.0,0.0,211.5068227232323,0.7354517916689592,0.26454820833104076,0.2677108990713383,-0.42342650730197284,-1446.3975613197365
435,-212.19333536032497,0.9615823393078257,0.1537566894965502,3.0,7.0,0.0,212.72281911399452,0.06960654995337609,0.9303934500466239,0.22428822541112522,0.060842212846492646,-1446.826166735683
436,-212.1773145799067,0.9261940677407655,0.1530709667148982,4.0,15.0,0.0,213.18868104180308,0.09197523380476733,0.9080247661952326,0.15575754673494438,0.015536083610468335,-1448.4977891744738
437,-213.550210417071,0.8731116333143092,0.19283228769673263,2.0,7.0,0.0,216.42439819501718,0.8559098186318167,0.1440901813681833,0.00017488228121093075,-0.5850397798575214,-1460.3997686134333
438,-214.33384331849297,0.48872633241709806,0.16462928917163913,2.0,3.0,0.0,215.56527137952733,0.7881778885015214,0.21182211149847863,0.497924057170494,-0.44201245072674167,-1467.8178010316506
439,-211.69493714757863,0.9044696287009416,0.1537566894965502,2.0,7.0,0.0,212.59677304920845,0.11873498813881404,0.881265011861186,0.2418850953835027,0.07596784863846837,-1446.6887293198172
440,-211.408475144026,0.9885409300300061,0.1530709667148982,4.0,23.0,0.0,212.50944863329556,0.7985979008426106,0.20140209915738938,0.03254695261728211,0.5817052155586295,-1447.442030146282
441,-212.74966372321404,1.0,0.19283228769673263,2.0,3.0,0.0,213.68509041616912,0.8674264694112707,0.13257353058872934,0.033761030974034795,-0.5445040993074313,-1454.425237203896
442,-211.08237228859178,0.9929428948059998,0.16462928917163913,4.0,15.0,0.0,214.58848955126408,0.305368573942039,0.694631426057961,0.008047251037538422,0.18130700148039924,-1447.3656991302996
443,-214.0475763556918,0.9898615788217534,0.1537566894965502,4.0,15.0,0.0,215.2290406342073,0.010815113103245648,0.9891848868967543,0.8442653212887157,0.06927357908938518,-1446.623448745308
444,-212.13592011389096,0.8902115881013672,0.1530709667148982,4.0,23.0,0.0,213.21706526319963,0.3917147498866932,0.6082852501133068,-0.44909389559935275,0.5559295341599461,-1455.0339916162463
445,-211.74515187743572,0.9814840604215912,0.19283228769673263,4.0,19.0,0.0,214.5873450964158,0.10938029333536325,0.8906197066646367,0.3902496565713617,0.04681803075290939,-1446.4637760622475
446,-211.05371084823898,0.9942050893344201,0.16462928917163913,3.0,7.0,0.0,211.16132583924818,0.37704323585409666,0.6229567641459033,-0.012768417957305106,0.07111996734694505,-1447.8957944723995
447,-214.41695780148166,0.9902473044587374,0.1537566894965502,4.0,17.0,0.0,215.09831380509013,0.0072739677750367345,0.9927260322249633,0.6796665570755763,0.08703516189738085,-1446.6740131062916
448,-210.91538381877353,0.9828780608302318,0.1530709667148982,3.0,7.0,0.0,213.49382607210802,0.6473176846337021,0.3526823153662979,-0.013410592007909075,0.36817633661272076,-1446.6311695930942
449,-211.64345582723985,0.9855099243877237,0.19283228769673263,4.0,23.0,0.0,213.354498690002,0.42930401849692423,0.5706959815030758,-0.48892785180421,0.39415539822380313,-1451.9249602583664
450,-211.38620427786353,0.9681986434118792,0.16462928917163913,4.0,27.0,0.0,212.16965493772923,0.3048982228011427,0.6951017771988572,0.6581139715030264,-0.21466257957167395,-1449.073194642977
451,-215.90910165438598,0.5558480759722352,0.1537566894965502,4.0,31.0,0.0,216.77015300618342,0.007289588873677284,0.9927104111263227,0.4828033369134583,0.23110979617696648,-1457.1541120787667
452,-211.76030105493186,0.9884164018450216,0.1530709667148982,3.0,7.0,0.0,211.86862334535937,0.8789535367395985,0.12104646326040147,0.08897515413910606,0.38986128688468813,-1447.1727169884512
453,-212.91378375508197,0.9525733315686322,0.19283228769673263,2.0,3.0,0.0,212.97292408764895,0.37501349935908,0.62498650064092,-0.5356608400270795,0.5967766419299984,-1460.179139160901
454,-215.96329224187875,0.9518592539800672,0.16462928917163913,5.0,31.0,0.0,217.54756006042302,0.9946675802460655,0.005332419753934503,0.19019764042415252,1.8924102455251062,-1452.5062845583957
455,-214.37663203483655,0.9125813732153082,0.1537566894965502,3.0,7.0,0.0,215.439859115219,0.007965553078649289,0.9920344469213507,0.4272735588192855,0.1187275135303544,-1447.2536404684704
456,-211.8974002263695,0.9180410696805885,0.1530709667148982,4.0,15.0,0.0,212.4501459470232,0.5042785951922955,0.49572140480770455,-0.45458721628315873,0.4883434343043809,-1453.7743418397708
457,-212.07975811240934,0.6321064413936305,0.19283228769673263,3.0,7.0,0.0,215.04136971641293,0.13727246562343676,0.8627275343765632,-0.070309365219175,0.21420428853418522,-1450.2138729481733
458,-211.6961174977344,0.9346171322228977,0.16462928917163913,4.0,23.0,0.0,217.2357747153299,0.11763867242616663,0.8823613275738333,-0.18574877330098433,0.10609689756863479,-1446.65738507415
459,-215.81813790383194,0.49223969789740635,0.1537566894965502,4.0,15.0,0.0,216.82326273825169,0.0017616122940423702,0.9982383877059576,0.5249076780990667,0.08049356532610927,-1446.757488811783
460,-211.16883337962702,0.9604720139486864,0.1530709667148982,2.0,3.0,0.0,212.23862638658557,0.46728989140278565,0.5327101085972143,-0.2995156055866479,0.49793578233110347,-1448.8052639176897
461,-213.6432404108798,0.6327069750323097,0.19283228769673263,3.0,7.0,0.0,216.1644029109883,0.7460326262734145,0.2539673737265855,0.46720982382331167,-0.2523603373072159,-1464.0604530979494
462,-215.06960218114335,0.721010783493876,0.16462928917163913,4.0,15.0,0.0,216.05321819894937,0.011895106617767102,0.988104893382233,-0.536196281653222,-0.03248434881143247,-1454.703751630082
463,-212.83147007802776,0.5575469135730721,0.1537566894965502,4.0,27.0,0.0,219.68775115333113,0.16366782969147958,0.8363321703085205,0.17902205758212272,0.23691821720896472,-1456.3744928280282
464,-211.74711346175062,0.9343444208413468,0.1530709667148982,4.0,31.0,0.0,212.35228563691922,0.12703965071854922,0.8729603492814508,0.3099617999960547,0.006324949688734696,-1447.423256421842
465,-212.03994687941,0.7918432714792755,0.19283228769673263,2.0,7.0,0.0,215.21890211296238,0.7643190427565456,0.2356809572434544,0.09943659005088262,-0.4497572541676228,-1452.6966487704283
466,-215.6457602580899,0.8525115036898129,0.16462928917163913,5.0,51.0,0.0,219.60482273658943,0.003110795442092413,0.9968892045579076,-1.3846531509936755,0.03733675369481834,-1448.072293582925
467,-212.87853756002286,0.9944977942814769,0.1537566894965502,4.0,23.0,0.0,214.46029177389858,0.3006527809528594,0.6993472190471406,0.8051352799825938,0.016656624829626765,-1459.1808611972076
468,-213.0774893628987,0.9246382578688045,0.1530709667148982,4.0,15.0,0.0,213.6176428574383,0.28976924266540754,0.7102307573345925,0.5498477950075258,0.1446385787881446,-1460.6880065519806
469,-211.13830571054737,0.9827147857410129,0.19283228769673263,3.0,7.0,0.0,211.99793340238963,0.7613397912477787,0.23866020875222127,0.24992306573713138,-0.4686058620604807,-1446.4677851413019
470,-214.32698067587648,0.9279676169999246,0.16462928917163913,5.0,31.0,0.0,216.43526178284762,0.9923221043765134,0.007677895623486641,0.07920326380596968,-0.19386722976249357,-1446.7905296751524
471,-212.44198758022915,0.9919120406004477,0.1537566894965502,3.0,11.0,0.0,213.1536896825849,0.15210917648514163,0.8478908235148583,0.6564661668015788,0.1272571953760592,-1452.9629784869935
472,-211.0710872975234,0.9832859806222929,0.1530709667148982,3.0,15.0,0.0,213.56735049775452,0.7164189368460255,0.28358106315397447,0.28203278768929274,-0.24930690621090543,-1446.8958497294038
473,-210.79774473083864,0.984191087720479,0.19283228769673263,3.0,11.0,0.0,211.38211606250067,0.5806599710717477,0.4193400289282523,0.21655504942336531,-0.06827738816250037,-1446.3363842828667
474,-214.42681821638482,0.9941270273730591,0.16462928917163913,3.0,7.0,0.0,214.5065939465844,0.9929464714429013,0.007053528557098732,0.10889853834633498,-0.23076179419947127,-1446.880278719113
475,-211.6894155847279,0.9936659640509309,0.1537566894965502,2.0,7.0,0.0,213.26106197905963,0.1140729240705566,0.8859270759294434,0.5952628772291578,0.0104637109526272,-1446.15978601915
476,-211.19298051378752,0.8136174480104391,0.1530709667148982,2.0,7.0,0.0,212.9430558663267,0.5600803436472108,0.4399196563527892,0.46316918131627915,-0.2359340018115518,-1448.9594772691314
477,-211.64106392914408,0.8374003969198093,0.19283228769673263,3.0,7.0,0.0,214.4311009732642,0.7260307610194013,0.27396923898059866,0.19275019356164225,0.14024004548267066,-1450.760264190514
478,-212.6590243841788,0.9882533363346389,0.16462928917163913,4.0,15.0,0.0,214.7878704310432,0.9583780277251335,0.041621972274866526,0.11152235025998566,-0.739400525231233,-1446.2593880139825
479,-212.4132302247624,0.7082296527109444,0.1537566894965502,3.0,15.0,0.0,213.3454651943046,0.07489379708154449,0.9251062029184555,0.7446581192291527,-0.04000979248244149,-1448.3779563694848
480,-211.06861076743502,0.9947468417039651,0.1530709667148982,4.0,15.0,0.0,211.98043284203337,0.7350608480908788,0.2649391519091212,0.2717418385130362,-0.43523147092981374,-1446.4815026023896
481,-212.37801345038096,0.935826761218035,0.19283228769673263,2.0,3.0,0.0,212.50374860829479,0.7362302088046823,0.26376979119531774,0.2345135762896996,0.1876860189139376,-1455.6563811937156
482,-212.63524751958442,0.9960221459860705,0.16462928917163913,3.0,11.0,0.0,213.17315093604384,0.9545600259703534,0.04543997402964661,0.15795096862182423,-0.9495591744453434,-1446.3565301382068
483,-211.88079325169153,0.7537675477301723,0.1537566894965502,2.0,3.0,0.0,213.08957640851824,0.12133051905081177,0.8786694809491882,0.7662750165554146,0.061453264889242354,-1447.646811429427
484,-210.99376982513212,0.993540434052601,0.1530709667148982,3.0,15.0,0.0,211.91790623811042,0.7182877041036068,0.28171229589639324,0.18549497964000305,-0.11237912154616567,-1446.415818005212
485,-211.6443414232718,0.9625356469433703,0.19283228769673263,4.0,19.0,0.0,212.7177657745361,0.18138967889434043,0.8186103211056596,0.7060612950294605,0.037870831349114564,-1448.3807703271423
486,-213.31575615829095,0.9869412466416929,0.16462928917163913,3.0,11.0,0.0,214.71631727513952,0.977402393773694,0.022597606226306022,0.07639877807167728,-0.6221257047962594,-1446.8561340138576
487,-211.89839820474052,0.5773497491487976,0.1537566894965502,3.0,11.0,0.0,214.44369731254403,0.09196975825121402,0.908030241748786,0.48822167218404217,0.05422112608255217,-1446.3835346006938
488,-212.98319161267892,0.9152118162388797,0.1530709667148982,4.0,15.0,0.0,213.37830211470876,0.9168624012516111,0.08313759874838889,0.2909365328293137,-0.7330303180776616,-1452.9177580360258
489,-211.84193992185402,0.9998993017933115,0.19283228769673263,3.0,7.0,0.0,212.05188855893613,0.10023015096733705,0.899769849032663,0.8251749593051393,0.02262315431669537,-1446.14450302197
490,-212.77363857534883,0.9936713673502594,0.16462928917163913,4.0,15.0,0.0,213.64764725144036,0.9594614896011378,0.04053851039886225,0.06620091520203325,-0.28940932007107745,-1447.2834248423446
491,-211.89839820474052,0.09625226329423713,0.1537566894965502,1.0,1.0,0.0,214.0187231335415,0.09196975825121402,0.908030241748786,0.48822167218404217,0.05422112608255217,-1446.3835346006938
492,-211.99499010715368,0.8168689054221678,0.1530709667148982,2.0,3.0,0.0,214.2024412324298,0.907932113589918,0.09206788641008201,0.15404002753902463,-0.824414263411061,-1446.6583897785185
493,-212.1570950484642,0.942261947012916,0.19283228769673263,4.0,15.0,0.0,212.35629557755433,0.20405030575650365,0.7959496942434964,1.0476711346541374,-0.09503410170947124,-1452.0181467381665
494,-213.30723526310783,0.796035310613496,0.16462928917163913,2.0,3.0,0.0,214.1208919381171,0.9538687663047399,0.046131233695260065,0.2179182979220273,-0.3288304287775086,-1451.763475530991
495,-211.14870789479278,0.610548448149837,0.1537566894965502,3.0,11.0,0.0,213.79535597958036,0.21468812310439314,0.7853118768956069,0.45257927967964995,-0.018108194796897376,-1446.088971125743
496,-212.42851744095668,0.655392774463806,0.1530709667148982,2.0,7.0,0.0,214.0134230893323,0.872434477230212,0.12756552276978805,0.11945496043008341,-0.9058508188356992,-1451.5167398843873
497,-211.51705034359622,0.9587894374698144,0.19283228769673263,4.0,23.0,0.0,214.09522636820813,0.5583741193093124,0.44162588069068764,-0.3378634028989586,0.4247194705596755,-1451.1827127908434
498,-213.11235646561357,0.9525962048737451,0.16462928917163913,3.0,15.0,0.0,214.9989980211141,0.9738965865159479,0.026103413484052096,0.1132307425163887,-0.6096319105860997,-1446.429785415519
499,-210.86000109031193,0.9756761640789072,0.1537566894965502,3.0,15.0,0.0,212.7211283895102,0.6551236014505823,0.34487639854941765,0.28256885004113813,-0.29825040061465224,-1446.148243592198
500,-211.92894006051358,0.9776579204964787,0.1530709667148982,2.0,7.0,0.0,212.53599070346218,0.8703248542768632,0.12967514572313676,0.2534284075462987,-0.8381310585171137,-1448.2212025477425
501,-211.6375190095227,0.967419429183057,0.19283228769673263,2.0,3.0,0.0,212.30598639031118,0.594741446623327,0.40525855337667305,-0.32688463950077495,0.6268918483040944,-1451.6798281345073
502,-213.19300292619232,0.9970402166233824,0.16462928917163913,3.0,11.0,0.0,213.92414182885335,0.9751034474396638,0.024896552560336183,0.09990637802122375,-0.8765264069904347,-1446.3283948265123
503,-212.27374203552992,0.8963489726003002,0.1537566894965502,3.0,15.0,0.0,216.5236158753169,0.25837906197116856,0.7416209380288314,0.3354788534192415,0.17542146643679643,-1454.7980096166227
504,-212.46874103539008,0.8242088202792306,0.1530709667148982,4.0,15.0,0.0,214.14230652241267,0.18053743002231062,0.8194625699776894,-0.1296354310944849,0.29499427830539954,-1454.3922227470339
505,-211.22634413045847,0.9984036382461152,0.19283228769673263,3.0,15.0,0.0,211.94338796527356,0.7009730995029216,0.29902690049707836,-0.10144569188987855,0.6759606752818171,-1447.9030491853264
506,-212.50718513846942,0.9935227559996106,0.16462928917163913,2.0,7.0,0.0,214.18843175685623,0.9422043389765592,0.0577956610234408,0.1492859026089429,-1.104089431585686,-1446.771649519324
507,-211.48675629830956,0.7744756407080573,0.1537566894965502,2.0,7.0,0.0,213.6391219920707,0.3000043477285455,0.6999956522714545,0.29635389833511805,-0.13017331707997995,-1450.0277754211363
508,-212.20948800313337,0.9948094307841965,0.1530709667148982,3.0,7.0,0.0,212.8342878789364,0.21579853557384285,0.7842014644261571,-0.45990179666272196,0.08064970164041868,-1453.4313398998727
509,-211.19678274158514,0.8057277881487256,0.19283228769673263,3.0,11.0,0.0,212.57558716452556,0.4380171216542041,0.5619828783457959,-0.3015037009551223,0.25013133404816146,-1449.080012789162
510,-212.5036310591779,0.807309607492981,0.16462928917163913,2.0,3.0,0.0,213.8338235060528,0.9442237763273047,0.0557762236726953,0.12746945698899453,-1.0290650225648748,-1446.6596089948664
511,-211.12319267768876,0.7390789861324399,0.1537566894965502,2.0,7.0,0.0,213.0344242229778,0.49832732352535103,0.501672676474649,0.20371988334126603,0.10321517368256161,-1448.7660548480537
512,-211.30935926620413,0.9964655495945323,0.1530709667148982,2.0,7.0,0.0,212.47194658876464,0.2674841803416796,0.7325158196583204,-0.34952388816896063,0.1544936416731206,-1448.2878443332609
513,-213.06206826858073,0.927015132286081,0.19283228769673263,4.0,15.0,0.0,214.25643374927574,0.8341963276755159,0.16580367232448412,0.4047965655782803,-0.6717523687222549,-1457.5843171133922
514,-212.1139099109415,0.8653412218739277,0.16462928917163913,3.0,11.0,0.0,213.68863215084312,0.7723371226947682,0.22766287730523183,0.20795934468115337,-0.754250870502228,-1452.6951930185662
515,-212.2733332729458,0.9813194563646246,0.1537566894965502,4.0,23.0,0.0,213.03727197676926,0.26541908665916947,0.7345809133408305,0.6434001628992034,-0.27041793304120926,-1454.618159838336
516,-211.48115409473553,0.9814415424976453,0.1530709667148982,3.0,15.0,0.0,212.41252865153604,0.2895122988841318,0.7104877011158681,0.37497637178476656,0.08972231397280409,-1449.8080417361189
517,-212.40026550623045,1.0,0.19283228769673263,3.0,15.0,0.0,214.23657141383663,0.5708964621858819,0.42910353781411814,-0.3917945045885251,0.3859183485388825,-1457.2314318039444
518,-211.60033710318015,0.9998896769045801,0.16462928917163913,4.0,15.0,0.0,212.38383258309716,0.24256515113977686,0.7574348488602232,0.30895075304389463,0.12555150736184817,-1449.8834876129492
519,-211.00909645172368,1.0,0.1537566894965502,3.0,15.0,0.0,213.1402578489624,0.3649275009208572,0.6350724990791428,0.18763716404524422,-0.04004331987066864,-1447.4677742801673
520,-211.7238013518791,0.9869855803037312,0.1530709667148982,3.0,15.0,0.0,212.11670172600887,0.2510607836236656,0.7489392163763344,0.44593379555560597,0.09764060905861865,-1450.8123194186728
521,-212.66513789116135,0.9751632923186553,0.19283228769673263,3.0,15.0,0.0,214.16979345305955,0.9558530496645543,0.04414695033544569,0.030204796399594863,0.6604665939015512,-1446.795594058578
522,-211.63352247090648,0.9412916320504028,0.16462928917163913,2.0,3.0,0.0,212.1638100252487,0.27872059273221667,0.7212794072677833,0.1536480545985629,-0.06602024503811617,-1450.806500714191
523,-210.8699030847967,0.9939428047755952,0.1537566894965502,4.0,19.0,0.0,211.33225459936924,0.4081119115909968,0.5918880884090032,-0.01848092874111356,0.20693465404534017,-1446.7869026039623
524,-210.8707655746566,0.986698823978407,0.1530709667148982,5.0,31.0,0.0,212.1824470371054,0.6031897511307697,0.39681024886923033,0.03932452948613391,0.13404699634992692,-1446.749943159308
525,-212.69206373215744,0.9067287652570374,0.19283228769673263,3.0,7.0,0.0,213.5141756137668,0.931424845749435,0.06857515425056504,0.13293419908099668,0.7166297766226312,-1449.7637248067576
526,-210.9398364233697,0.9988831139502763,0.16462928917163913,4.0,15.0,0.0,212.1476384749781,0.47957792283393635,0.5204220771660637,-0.0085977165474585,0.2717518749733172,-1447.4692227079547
527,-211.93432345547728,0.9988575852759941,0.1537566894965502,4.0,19.0,0.0,212.5975759332244,0.10386299751827627,0.8961370024817237,0.381956269773603,0.10203852835183783,-1447.4540881400085
528,-211.76642870364526,0.9680416730186795,0.1530709667148982,3.0,11.0,0.0,212.7993788621554,0.3756597889898126,0.6243402110101874,-0.33033267408717537,0.4962241569748199,-1452.5066734213765
529,-212.31869780876434,1.0,0.19283228769673263,2.0,3.0,0.0,212.80956808203743,0.9193084546392298,0.08069154536077017,-0.04136894598351823,0.7333055087438537,-1448.2109751774417
530,-211.62170296879955,0.9100958946257575,0.16462928917163913,4.0,15.0,0.0,212.12401957359185,0.7940013777732263,0.20599862222677368,0.2418030792882943,-0.12246491282815455,-1449.2606229101955
531,-212.08797952230594,0.8244056990701851,0.1537566894965502,3.0,7.0,0.0,212.6188081529385,0.07616454442902366,0.9238354555709763,0.32631321127792073,0.07144404330860885,-1446.6217715577295
532,-211.7585920707761,0.9119479518623723,0.1530709667148982,3.0,15.0,0.0,213.5796228180364,0.43408931330379935,0.5659106866962007,-0.001344353045529656,-0.04169844726035849,-1453.077756772271
533,-213.6491082326884,0.7131211651358759,0.19283228769673263,2.0,7.0,0.0,214.46294395297627,0.9079328568580812,0.09206714314191877,-0.1607380976594812,0.822044030233834,-1458.0861320171057
534,-214.07715632203815,0.8928891163401742,0.16462928917163913,2.0,3.0,0.0,214.77020769086388,0.616211282348055,0.383788717651945,0.11205113692464543,-0.5241970045980062,-1468.5847008925634
535,-210.95280178337666,0.7987123218307329,0.1537566894965502,3.0,11.0,0.0,212.8849596674692,0.29827533729353606,0.7017246627064639,0.2986752829597273,-0.014545994158243078,-1446.3297192723323
536,-212.5659389707335,0.9176143610490455,0.1530709667148982,3.0,7.0,0.0,213.75683580605383,0.3927750710875237,0.6072249289124763,0.2500662294447208,0.23497845567774642,-1458.3504172947084
537,-212.859545051273,1.0,0.19283228769673263,3.0,7.0,0.0,213.76138177639183,0.893904383595719,0.106095616404281,-0.12381624955082078,0.6781911433259192,-1453.6995536170818
538,-211.0644616534103,0.9582490629393335,0.16462928917163913,2.0,3.0,0.0,214.65561354974446,0.6837952288087472,0.3162047711912528,0.3349621586647661,-0.4254311281816233,-1447.1495224575133
539,-213.00129313311922,0.6015310236422827,0.1537566894965502,2.0,3.0,0.0,214.07310895927765,0.1957031270040229,0.8042968729959771,0.3180484421218628,-0.16688782059213864,-1458.4773664695824
540,-213.66809318451965,0.8658888054165929,0.1530709667148982,3.0,15.0,0.0,215.88166322957667,0.2111394081470034,0.7888605918529966,-0.49305832861620047,0.0036865491772299294,-1463.3754952485335
541,-212.60106617967529,0.9210943932607049,0.19283228769673263,3.0,11.0,0.0,215.56955637227364,0.8777327096858883,0.12226729031411165,0.2893896938887779,-0.3679940500342558,-1452.9890682706161
542,-211.59983635703352,0.8825901236355651,0.16462928917163913,3.0,15.0,0.0,212.26835302440512,0.5124273836423284,0.4875726163576716,0.3053270529923465,0.07876433479268874,-1452.0135823784838
543,-211.9722011344851,0.9971299586361277,0.1537566894965502,4.0,23.0,0.0,213.4273734654517,0.9118081222753951,0.0881918777246049,0.08852138404326221,0.2444612264353139,-1446.78226928882
544,-215.50557576212185,0.9800256352988942,0.1530709667148982,4.0,19.0,0.0,216.7607462244308,0.043457334314893,0.956542665685107,1.944383526348629,0.20246185896826563,-1463.3904652211006
545,-211.47351529892765,0.9952068695462187,0.19283228769673263,4.0,15.0,0.0,212.85870560540994,0.7974728533407893,0.20252714665921068,0.15628369176217283,-0.49212893487470544,-1447.982935104894
546,-212.1227897884699,0.8742175908675014,0.16462928917163913,2.0,3.0,0.0,213.50159849849112,0.5000944401476728,0.4999055598523272,0.2299587055225406,0.21378385849832687,-1455.6310137776582
547,-210.90695491942955,0.9872925108733422,0.1537566894965502,3.0,15.0,0.0,214.0294454321524,0.57863652131574,0.42136347868426005,-0.036415941601649834,0.3664673776170033,-1447.0273308171395
548,-216.54077124980407,0.9715498927461796,0.1530709667148982,2.0,7.0,0.0,217.45832897089335,0.03651310380773,0.96348689619227,2.0768018137716133,0.2413987988791118,-1468.9139092293992
549,-210.96863647927427,0.9770883951647998,0.19283228769673263,4.0,15.0,0.0,212.1952610539537,0.3219098298676511,0.678090170132349,0.07496761440263362,0.11076131711667832,-1446.7909474128446
550,-210.86381146803353,1.0,0.16462928917163913,2.0,3.0,0.0,211.9592638345848,0.5525926661387912,0.4474073338612088,0.10396472009845818,0.020562430815214833,-1446.9328735618599
551,-213.5422436764114,0.7966347036549097,0.1537566894965502,4.0,19.0,0.0,214.53940581278692,0.956357309257215,0.04364269074278504,0.24401579194838594,-0.6385349882302189,-1452.7526860220314
552,-213.10390121422907,1.0,0.1530709667148982,3.0,7.0,0.0,216.78065517960297,0.07558833489509148,0.9244116651049086,1.6085304551540982,0.03776625473114169,-1451.4523622733439
553,-210.89127913711974,0.99975771232054,0.19283228769673263,3.0,7.0,0.0,210.9760024613294,0.37893236207796044,0.6210676379220396,0.032170354581691235,0.10339258937664624,-1446.7816843547164
554,-210.86381146803353,0.7938743593395925,0.16462928917163913,2.0,7.0,0.0,212.69191572203013,0.5525926661387912,0.4474073338612088,0.10396472009845818,0.020562430815214833,-1446.9328735618599
555,-214.5693632162066,0.9737969870282143,0.1537566894965502,3.0,7.0,0.0,215.05833544837475,0.9568895620973028,0.043110437902697196,-0.0509729388421003,-0.6379089550632235,-1459.8167177064165
556,-213.08980026645435,0.9709537947245914,0.1530709667148982,3.0,7.0,0.0,214.34345317599764,0.08074492341383203,0.919255076586168,1.5844908639260786,-0.05195726156481477,-1451.837359287467
557,-210.9517858562791,0.9861664848613024,0.19283228769673263,3.0,11.0,0.0,212.0684545393312,0.3450380897955148,0.6549619102044852,0.3588117787852557,0.0020459152121975605,-1446.8183835886564
558,-213.82315935567678,0.6656114903847049,0.16462928917163913,2.0,3.0,0.0,214.36676447584242,0.5641205961705374,0.43587940382946255,-0.16315647671705913,-0.052837743968964866,-1467.3219312661236
559,-214.5798118013632,0.8881929985201428,0.1537566894965502,2.0,3.0,0.0,217.1163826869655,0.940614624241695,0.05938537575830505,-0.0439596258844441,-0.8343131648478408,-1461.7337328351678
560,-213.40982198256765,0.9792019614164374,0.1530709667148982,2.0,3.0,0.0,213.45900447466175,0.07866229302379932,0.9213377069762007,1.6039461257550918,-0.08848539706315078,-1453.8251231623258
561,-211.35302297226988,0.8870188530562022,0.19283228769673263,3.0,15.0,0.0,213.24157737466462,0.7921634722770698,0.20783652772293015,0.2867187855314628,-0.4713232320150864,-1447.2506325267996
562,-210.82126786599008,0.954280505329072,0.16462928917163913,3.0,7.0,0.0,214.50691957767586,0.5697029842220673,0.43029701577793267,-0.09853323775150188,0.4056462507755569,-1446.439510557886
563,-213.26635295845335,1.0,0.1537566894965502,2.0,3.0,0.0,214.61735461922848,0.9507397444510135,0.0492602555489865,0.02789352772624141,-0.8615387216114564,-1451.404501223685
564,-211.68732422252333,0.9517656972259603,0.1530709667148982,3.0,15.0,0.0,215.12990648448385,0.13074547639658143,0.8692545236034186,0.5833573364943381,-0.036720355105558676,-1446.967466330665
565,-211.03548242581337,0.9978545555232677,0.19283228769673263,4.0,19.0,0.0,211.76902615283836,0.26555576433749345,0.7344442356625065,-0.0876770859053656,0.1530505539170522,-1446.4633829144534
566,-211.23295461486683,0.9953513868130803,0.16462928917163913,4.0,15.0,0.0,211.41372441066218,0.20739703807937537,0.7926029619206246,-0.46940103318930565,0.20264279788840592,-1446.4475260584209
567,-213.10519466216198,1.0,0.1537566894965502,1.0,1.0,0.0,213.2692355290913,0.9509510975759874,0.04904890242401261,0.03888085166539083,-0.8390723244654971,-1450.295449563507
568,-211.90116034006795,0.997650754224334,0.1530709667148982,3.0,7.0,0.0,212.14681512762772,0.0917248349645199,0.9082751650354801,0.5778146487384732,0.05159235771121389,-1446.3038280221858
569,-211.05359862460708,0.9605968504967317,0.19283228769673263,3.0,15.0,0.0,211.97539348650045,0.7092290406630538,0.2907709593369462,-0.13386694636671603,0.5202386978652972,-1446.7515023250473
570,-213.58212152710075,0.9942159677599692,0.16462928917163913,4.0,31.0,0.0,214.36686443099404,0.03513949008961894,0.9648605099103811,-1.7976110233425455,0.14427745531328456,-1449.1875984094813
571,-213.26665227325014,0.9972802146645396,0.1537566894965502,4.0,15.0,0.0,214.2363122737532,0.8580643128923033,0.14193568710769666,0.3774287354639421,-0.9745182930670306,-1457.7068301466938
572,-211.14599588567182,0.9990140825197283,0.1530709667148982,4.0,31.0,0.0,212.1011315892552,0.7870792828650515,0.21292071713494853,0.2112120938043645,-0.37620702417243995,-1446.0450808847386
573,-212.5833226370624,0.7967952749991922,0.19283228769673263,3.0,11.0,0.0,212.9484007071133,0.8811077355003073,0.1188922644996927,-0.13932828947912124,0.8817562312450029,-1452.2007889929032
574,-215.312523722627,0.6408459194933597,0.16462928917163913,3.0,7.0,0.0,216.3211400313018,0.02571587187425386,0.9742841281257462,-1.962560106344811,0.2726608179845968,-1458.4694376186062
575,-213.34538193700072,0.9756188344809386,0.1537566894965502,3.0,7.0,0.0,216.4435532523039,0.9671432857019693,0.03285671429803072,0.011685682060403532,-0.07488686570914191,-1449.907826328657
576,-211.73088674363805,0.792202407376315,0.1530709667148982,3.0,11.0,0.0,212.77866798095803,0.5412545788190309,0.45874542118096906,0.139350274967374,-0.22967923715333782,-1452.899463790848
577,-211.8103179669272,1.0,0.19283228769673263,2.0,7.0,0.0,212.61671411651614,0.8820862418083012,0.1179137581916988,-0.022696874076472556,0.9667781040105774,-1446.6922508573418
578,-214.63152150405165,0.949220239780696,0.16462928917163913,4.0,15.0,0.0,216.02240335464313,0.0077427313617289256,0.9922572686382711,-1.7147168050969268,0.12546291001333995,-1446.437318017617
579,-212.5007415650514,1.0,0.1537566894965502,3.0,7.0,0.0,213.48505906246706,0.9492757781297432,0.050724221870256825,0.1333403757657748,-0.24799592910220467,-1446.8806243063411
580,-211.3702860410692,0.9500230910713391,0.1530709667148982,2.0,5.0,0.0,212.79296168535558,0.45592506463744403,0.544074935362556,0.15377284788865866,-0.135255098556494,-1450.4279274472685
581,-213.3197938771947,0.753601069218904,0.19283228769673263,2.0,5.0,0.0,213.8164536055571,0.9117515414681974,0.08824845853180263,0.1528614236972787,1.0051033261866122,-1455.2609986964255
582,-214.34690290345677,0.9994466845170499,0.16462928917163913,3.0,7.0,0.0,214.87369533711563,0.010215488901814129,0.9897845110981859,-1.7389572389772505,0.1196255753963013,-1446.2974416606367
583,-211.7164745440084,0.9999150474658022,0.1537566894965502,3.0,7.0,0.0,212.50882127197568,0.8855401244149992,0.11445987558500081,0.11274888839931017,-0.2842243635091995,-1446.592401028061
584,-212.8627008317306,0.9904851553977758,0.1530709667148982,3.0,15.0,0.0,214.57499935294527,0.06815765082655798,0.931842349173442,0.5691912110238838,0.15665709739072686,-1451.0611192195938
585,-214.00037971459938,0.9793828218230739,0.19283228769673263,3.0,7.0,0.0,214.17818992874132,0.963003145293201,0.03699685470679903,0.1936175807747122,0.8360967437778215,-1454.5915224708046
586,-213.87619268972472,0.42047949459269984,0.16462928917163913,2.0,7.0,0.0,217.77725013215996,0.021368975359944573,0.9786310246400555,-1.6172955735968855,0.1827145656712041,-1448.4018814845572
587,-211.37871295072304,0.9892742208234059,0.1537566894965502,4.0,15.0,0.0,212.587458408795,0.5281702415223304,0.4718297584776696,0.4174810559711527,-0.07541030249024973,-1450.3988714816498
588,-211.90322620169766,0.9622740638696443,0.1530709667148982,4.0,15.0,0.0,214.77691024302646,0.1730344061908883,0.8269655938091117,1.0160670886029148,-0.0959247948653058,-1449.4457933173128
589,-214.74591270000192,0.8309646867993496,0.19283228769673263,3.0,15.0,0.0,217.124822950278,0.9868900680120856,0.013109931987914436,0.17689800545911952,1.3896430954504844,-1451.6857079074016
590,-210.878697630225,0.9652809819921435,0.16462928917163913,4.0,23.0,0.0,214.99907666762013,0.645214764652287,0.354785235347713,-0.08964477221705658,0.3350044866253907,-1446.4096964537332
591,-212.78763055387026,0.6623837140606347,0.1537566894965502,3.0,11.0,0.0,216.09403206927664,0.9531174617440535,0.04688253825594646,0.19585129546944857,-0.9123411944897639,-1447.6628530434614
592,-212.63683758952448,0.9658824338920259,0.1530709667148982,4.0,15.0,0.0,212.9774064172236,0.04869552077200304,0.951304479227997,1.0169208977898978,0.07936385416847538,-1446.7236194253223
593,-213.83007595246184,1.0,0.19283228769673263,3.0,15.0,0.0,214.84368415978727,0.9625265588637725,0.037473441136227525,0.1442467296484285,1.5829349435913855,-1451.9545399871383
594,-210.8911173241198,0.9930134702935056,0.16462928917163913,4.0,23.0,0.0,211.25861937634133,0.441885790568489,0.558114209431511,0.47960390684180837,-0.1709899096860356,-1446.8902326846598
595,-213.64078411902977,0.9553903748460816,0.1537566894965502,2.0,7.0,0.0,216.35917742414208,0.9844839419738671,0.015516058026132873,0.10997182462251329,-0.5404542364325711,-1446.6307007637693
596,-212.26875387308476,0.9830539888420832,0.1530709667148982,3.0,7.0,0.0,213.04637785025298,0.0750126271294782,0.9249873728705218,1.158916129255114,0.02484420186226627,-1446.7099556473956
597,-214.24263047089798,0.9234868113143739,0.19283228769673263,2.0,3.0,0.0,214.7321389105122,0.9577605458868144,0.04223945411318564,0.16528160371837394,1.6408082571775506,-1455.4303703001142
598,-212.28694493541494,0.654293838633042,0.16462928917163913,2.0,7.0,0.0,215.1099849667541,0.7519720521448922,0.24802794785510784,0.36474735156958055,-0.20344266601821498,-1454.6756639802088
599,-213.38272147159063,0.959186004734382,0.1537566894965502,2.0,7.0,0.0,215.28031316813744,0.9702361320600602,0.029763867939939792,0.19441316858570865,-0.8587490727042587,-1448.8404653760256
600,-212.3152689654446,0.9831168859703715,0.1530709667148982,2.0,3.0,0.0,212.47689359696366,0.08793161926459621,0.9120683807354037,1.1784106864249122,0.04094832925065338,-1447.9915161457918
601,-214.3221139959253,1.0,0.19283228769673263,2.0,7.0,0.0,214.72865436791767,0.974358946758032,0.02564105324196797,-0.06985483844412144,1.4696468838209407,-1453.1291137887406
602,-212.40095621744044,0.9973099698413875,0.16462928917163913,2.0,7.0,0.0,212.64586395271155,0.6527972610584515,0.3472027389415485,0.024784072532084304,-0.21132826724699477,-1456.921310480634
603,-212.6697432368776,1.0,0.1537566894965502,3.0,7.0,0.0,213.4546871208088,0.9323052297146758,0.06769477028532422,0.09907907599840599,-1.0977510758140272,-1448.9365028635011
604,-212.11381595937743,0.9997889182850795,0.1530709667148982,3.0,7.0,0.0,212.33894588907995,0.08620098919317237,0.9137990108068277,1.0451081276423597,-0.02453157627598027,-1446.732573141016
605,-212.73314743053757,0.9186551842623839,0.19283228769673263,4.0,23.0,0.0,217.43901578461015,0.9136617316242752,0.08633826837572478,0.11372658608553274,1.0145727977728332,-1451.0643756973973
606,-211.5291376275777,0.9944015087026117,0.16462928917163913,3.0,11.0,0.0,213.43002963508692,0.761404549725652,0.23859545027434803,-0.17057022078859552,0.7405546820938181,-1448.911146518756
607,-212.76923646582867,0.9784116038858212,0.1537566894965502,3.0,7.0,0.0,213.43836233227557,0.9564957651915471,0.04350423480845289,0.09290859053251031,-0.9710330324411398,-1446.9738424404188
608,-212.40816460168386,0.9703693527592444,0.1530709667148982,2.0,7.0,0.0,212.62958284944256,0.12863802330290108,0.8713619766970989,1.0860182329751837,0.051826232981295475,-1451.1256130531688
609,-212.83072076083673,1.0,0.19283228769673263,2.0,7.0,0.0,213.36992005982415,0.9420224609964266,0.057977539003573386,-0.04551989011970709,0.7987645063834415,-1449.5460452007906
610,-211.72155653581206,0.9902282568625831,0.16462928917163913,4.0,31.0,0.0,212.40254810061734,0.11572039003964496,0.884279609960355,0.0965848010709646,0.09408424884903518,-1446.7583562109078
611,-212.60970023780064,0.9990301957758551,0.1537566894965502,4.0,15.0,0.0,213.19865666827582,0.8961620386861948,0.10383796131380518,0.22222149045828624,-1.1968376143593182,-1450.9734244555443
612,-213.74152944585518,0.9813306939775281,0.1530709667148982,4.0,15.0,0.0,214.56544636870348,0.04565600156219726,0.9543439984378027,1.9667663339769947,-0.024214710921551235,-1451.489201790387
613,-211.72628546591136,0.9296322932679967,0.19283228769673263,4.0,23.0,0.0,214.70635862731504,0.1260367555039821,0.8739632444960179,-0.10739031267944943,0.07520629932526719,-1447.3007161057772
614,-211.62410576867214,0.9939224736834086,0.16462928917163913,4.0,15.0,0.0,211.84572529253282,0.12955566648419764,0.8704443335158023,0.02193953592009503,0.10918148800763819,-1446.7613668877614
615,-212.4688297052597,0.998541358415047,0.1537566894965502,3.0,7.0,0.0,212.92077601084466,0.9443408699849835,0.055659130015016545,0.14044199868549936,-1.0135811944439617,-1446.429858133927
616,-215.11425362483524,0.9172857912826842,0.1530709667148982,3.0,7.0,0.0,216.80283579171135,0.05431200974369698,0.945687990256303,2.1568653924349843,-0.10267412507557197,-1461.4224932604366
617,-211.78669874117367,0.9578163440334996,0.19283228769673263,3.0,15.0,0.0,212.79017495322242,0.5172467985823227,0.4827532014176773,-0.42727430155532,0.4748600962856653,-1453.033936868952
618,-212.06834947836094,0.874045787423717,0.16462928917163913,2.0,7.0,0.0,212.65898144340937,0.16657705825674968,0.8334229417432504,0.03150331573212113,0.21552337007790162,-1451.235854389664
619,-212.07771576336015,0.9979701321505926,0.1537566894965502,4.0,15.0,0.0,212.7482597294513,0.8607123119709162,0.13928768802908376,0.2450116676120005,-0.945018842594337,-1449.5052044732538
620,-213.2499609578763,0.9833660078237848,0.1530709667148982,3.0,15.0,0.0,216.18575867096362,0.06934542963172642,0.9306545703682736,1.7039850521761437,-0.03104167874365238,-1451.6397156451294
621,-215.8474903591493,0.8588125675448167,0.19283228769673263,4.0,23.0,0.0,216.66811247124548,0.008580791002658282,0.9914192089973417,-1.460435083487065,0.2465391035991469,-1456.199276942739
622,-214.513719561337,0.8071035451968115,0.16462928917163913,4.0,15.0,0.0,215.47820266089116,0.9627138628478359,0.03728613715216411,0.1984621474856829,1.3393220876075145,-1457.242373114045
623,-211.8342293952029,0.9504971244793868,0.1537566894965502,2.0,7.0,0.0,213.36112262214857,0.8989841032124238,0.10101589678757616,0.16357008217131153,-0.3186654067615222,-1446.6167517334347
624,-214.15944310106073,0.9886643632340081,0.1530709667148982,3.0,11.0,0.0,214.42939132184395,0.012380185735007031,0.987619814264993,1.7339144135002529,0.056144937828353746,-1446.3397643337162
625,-214.56716430556182,0.9715136902533137,0.19283228769673263,2.0,5.0,0.0,217.43468521715064,0.06455728538172054,0.9354427146182794,-1.959678382377104,0.12384982152347014,-1459.4585632633093
626,-211.38305698231142,0.9943411295534187,0.16462928917163913,4.0,15.0,0.0,216.5060180845836,0.8363675092694763,0.16363249073052366,0.022098957860668803,0.40205644398692547,-1446.3041488268502
627,-212.62170623580866,0.9753438839309613,0.1537566894965502,4.0,15.0,0.0,212.7587963354031,0.8956271229313021,0.10437287706869791,0.028177764250968837,-0.4451004318507257,-1452.1954680706049
628,-211.19923325240893,0.9961227327728764,0.1530709667148982,4.0,15.0,0.0,214.5648957320138,0.2363780098073821,0.7636219901926179,0.6840162517863151,-0.07656386479815677,-1446.6774437977645
629,-213.56306104237228,0.9127450670913153,0.19283228769673263,4.0,23.0,0.0,218.60159753216536,0.017417843469126584,0.9825821565308734,-0.5246079297945103,0.07355832504942587,-1446.8994677691744
630,-211.06678586723007,0.9901471075724337,0.16462928917163913,2.0,7.0,0.0,211.91898597086814,0.6929825210432239,0.3070174789567761,0.02064665940748482,0.3904027442562121,-1447.1752814482174
631,-213.77748011112664,0.9242342572838381,0.1537566894965502,3.0,11.0,0.0,214.6897807887509,0.5670710760691545,0.4329289239308455,0.24585460488593336,-0.5919283078758879,-1466.6661700744169
632,-211.02904366264914,0.9971882156631846,0.1530709667148982,3.0,7.0,0.0,211.25588678232532,0.2774208714944675,0.7225791285055325,0.5259124580680261,-0.04073439493124634,-1446.394951639789
633,-219.72169730453223,0.4982308589439458,0.19283228769673263,4.0,27.0,0.0,222.91697383721794,5.7819902231694564e-05,0.9999421800977683,-1.4729620272551183,0.14778499192228273,-1448.4839562745556
634,-210.82322673355338,0.9983410650329606,0.16462928917163913,3.0,15.0,0.0,211.86445336260562,0.6059077378989491,0.39409226210105086,-0.04195126410493662,0.3439562943714752,-1446.318312434012
635,-213.38464408154417,0.5808246655678843,0.1537566894965502,2.0,3.0,0.0,217.51352129300662,0.7985576628346012,0.20144233716539883,0.27762865789270874,0.18724482628275363,-1461.290221747294
636,-211.41542185548724,0.9980763292890179,0.1530709667148982,3.0,7.0,0.0,211.43238932871142,0.15623669707383325,0.8437633029261667,0.45101617993214627,0.012686502027812324,-1446.2332618206176
637,-219.72169730453223,0.5553222684943864,0.19283228769673263,1.0,1.0,0.0,220.70423543754902,5.7819902231694564e-05,0.9999421800977683,-1.4729620272551183,0.14778499192228273,-1448.4839562745556
638,-212.2699760033785,0.7608145713148389,0.16462928917163913,2.0,3.0,0.0,212.78336492160747,0.49933180168045854,0.5006681983195415,0.011503076376465887,0.4625464653293118,-1456.547999906002
639,-211.66993468248558,0.9658695186931219,0.1537566894965502,3.0,11.0,0.0,214.60513057214987,0.7705311325942807,0.22946886740571926,-0.059193999546871115,0.20617088084105306,-1450.1555672679528
640,-212.06045637839804,0.9113415029363183,0.1530709667148982,3.0,15.0,0.0,214.52465030938018,0.8101981640569693,0.18980183594303068,0.08946385474977098,-0.4908627365762859,-1451.713723640284
641,-221.2357663202072,0.6801497299048574,0.19283228769673263,3.0,7.0,0.0,221.97786930454998,9.4933292122352e-05,0.9999050667078776,-1.3394802902120317,-0.09007921397260191,-1462.703676126595
642,-211.08848848076448,0.9959214367885094,0.16462928917163913,2.0,7.0,0.0,212.81299059901292,0.6039993341891919,0.39600066581080806,-0.07699558649049569,0.5026205535044136,-1448.042672736843
643,-211.77464910532683,1.0,0.1537566894965502,2.0,7.0,0.0,212.65318414812035,0.8271005773658395,0.17289942263416047,-0.027618358877119373,0.20383733865428974,-1449.4161997983563
644,-215.36372868843813,0.7099253245207717,0.1530709667148982,3.0,15.0,0.0,215.89389053871574,0.8970268583297871,0.10297314167021288,-0.11947848731561256,-0.24919832222608654,-1471.1600133448794
645,-212.96378761165704,0.9574542868926169,0.19283228769673263,4.0,19.0,0.0,220.01834018645488,0.056938415549567634,0.9430615844504324,-0.5112748324573972,0.025817527163375098,-1450.6743402303428
646,-212.49461808897567,0.9202000648782206,0.16462928917163913,3.0,7.0,0.0,212.975822878909,0.6109277665914712,0.3890722334085288,-0.40960186104939883,0.5958839400330526,-1457.4845201853257
647,-211.59370871291193,0.9528328113865521,0.1537566894965502,3.0,15.0,0.0,213.94433741832222,0.504135981244354,0.495864018755646,0.5894220166373139,-0.27393264880748613,-1451.696124437622
648,-211.29066873786618,0.9859738924085566,0.1530709667148982,4.0,23.0,0.0,216.83920164115978,0.21041843502887092,0.7895815649711291,-0.34613851860451117,0.14797646614888413,-1447.0230767255478
649,-214.26071974940416,0.9481173504203717,0.19283228769673263,4.0,15.0,0.0,214.9222766239963,0.9864496824953367,0.01355031750466329,0.139014830702472,1.4006514401754413,-1448.5430729317202
650,-212.6450648037027,0.9741861955090777,0.16462928917163913,4.0,31.0,0.0,213.65666652131245,0.9558144771554452,0.04418552284455479,0.14434756979803262,-0.4277382258130743,-1446.8641634505134
651,-212.92001131506493,0.8421710536501154,0.1537566894965502,2.0,3.0,0.0,213.61039702857096,0.5542477793782391,0.4457522206217609,0.676592750103971,-0.40836855910639797,-1460.60208098125
652,-210.8835674723319,0.996521377475998,0.1530709667148982,4.0,19.0,0.0,211.56093534038928,0.6263232500948818,0.37367674990511823,-0.16381707030618564,0.4494163275169022,-1446.5026979637285
653,-213.32761423886635,0.9969203956136987,0.19283228769673263,3.0,7.0,0.0,214.42009600565035,0.9642261344354593,0.03577386556454065,0.1274491877267922,1.2248558812599901,-1449.047304166633
654,-212.5294856294257,0.9871717153196156,0.16462928917163913,4.0,31.0,0.0,213.69777011022734,0.5554490908613637,0.44455090913863626,-0.4473433486820134,0.44744451432739896,-1458.0943466207677
655,-211.21437312659495,0.9820043931993334,0.1537566894965502,4.0,31.0,0.0,216.38040090300245,0.7707452832255371,0.22925471677446285,0.16119589320825264,-0.34203487014401546,-1446.9204060852262
656,-210.93952016600502,0.9976993358099552,0.1530709667148982,4.0,15.0,0.0,212.9929949019281,0.3396758275948256,0.6603241724051744,-0.12967617105896018,0.1559157201872018,-1446.757443844337
657,-212.60669436039186,0.41461331980019217,0.19283228769673263,2.0,3.0,0.0,216.17705528746404,0.942583800315207,0.057416199684792946,0.0027145462367274,1.342623868845649,-1446.931607946369
658,-211.28555802924143,0.6857936599282727,0.16462928917163913,2.0,3.0,0.0,214.7160600633232,0.5081541442943085,0.4918458557056915,-0.3089332393188745,0.32621904067785473,-1449.756610491205
659,-210.9799121555632,0.9856767672506386,0.1537566894965502,3.0,11.0,0.0,211.62892926533516,0.571564877985049,0.42843512201495104,0.18244525970503794,0.06732940231889906,-1447.6457809743777
660,-211.05425165038616,0.986286570267013,0.1530709667148982,4.0,31.0,0.0,211.63064316519586,0.720103707419266,0.279896292580734,-0.10672399350488138,0.6046413132261566,-1446.5214841619047
661,-211.88181865560554,0.9711289479502436,0.19283228769673263,5.0,31.0,0.0,213.15993048575905,0.22761511281341942,0.7723848871865806,0.8195672672073798,-0.001562476095998161,-1451.0395203078763
662,-210.98472013356624,0.9956893794749703,0.16462928917163913,4.0,19.0,0.0,211.4093430667753,0.6113703912410626,0.3886296087589374,0.3909147063091898,-0.30158599433267114,-1447.2926341101338
663,-211.05209258324547,0.9959929617439294,0.1537566894965502,3.0,11.0,0.0,211.1015143862943,0.4869530257915944,0.5130469742084056,0.13331949382903982,-0.0721093388530306,-1448.2954822270901
664,-211.0794656921275,0.9643076956006384,0.1530709667148982,2.0,7.0,0.0,211.37065343424155,0.6716748283098284,0.3283251716901716,-0.18270564489890598,0.5636401630185872,-1447.339481029494
665,-210.8160711573289,0.9863907712296174,0.19283228769673263,4.0,23.0,0.0,212.74388391332167,0.44096056556838575,0.5590394344316143,-0.08071812701489665,0.18459732594713502,-1446.5576067138797
666,-211.01705560515174,0.945596478993985,0.16462928917163913,2.0,3.0,0.0,211.52468747457723,0.5724266920634287,0.42757330793657133,0.41008951020154805,-0.35556826354146664,-1447.6771334063349
667,-210.83583323916147,0.9920881315933686,0.1537566894965502,4.0,23.0,0.0,211.47569071376256,0.4545415820775656,0.5454584179224344,0.12438159410541433,0.07240447297252887,-1446.7509367526475
668,-211.00164220253623,0.9213996112326416,0.1530709667148982,3.0,15.0,0.0,213.13172710443823,0.3306675308311366,0.6693324691688634,-0.3837919611764893,0.2694690776724667,-1446.9401245534227
669,-211.1865825777693,0.9812507713651549,0.19283228769673263,3.0,15.0,0.0,211.23661790679776,0.2670883327326935,0.7329116672673065,0.029869829911928103,0.16764385369827883,-1447.5342938408385
670,-210.74443898000953,0.9528334769147309,0.16462928917163913,2.0,7.0,0.0,212.94939796352884,0.5536710392412879,0.4463289607587121,0.2940718144360915,-0.17253384814038672,-1446.0143982024788
671,-212.0393856964042,0.8838233607763343,0.1537566894965502,4.0,31.0,0.0,214.72385869539582,0.48090200063000005,0.51909799937,-0.4526090512095529,0.3528157937852512,-1454.8455486045348
672,-211.02445174683956,0.9977451632273012,0.1530709667148982,3.0,7.0,0.0,211.06037364674478,0.3040867928755917,0.6959132071244083,-0.3004052887358931,0.311693383048444,-1446.8159061464169
673,-211.39248272322126,0.8208083582255998,0.19283228769673263,3.0,11.0,0.0,213.1037611523359,0.2293476263544217,0.7706523736455783,-0.4953880130008146,0.18066038476542595,-1448.036076216277
674,-211.56412730216985,0.926859372456488,0.16462928917163913,4.0,15.0,0.0,212.183609708045,0.25915044483909266,0.7408495551609073,0.35917437026013305,0.10692583648363599,-1449.9120544225223
675,-211.5919159029803,0.9574137907300958,0.1537566894965502,4.0,15.0,0.0,213.36213097303397,0.37489695931933115,0.6251030406806688,0.29083070501935454,-0.20514790425009627,-1451.4930418981933
676,-211.2323300938913,0.9929796597286755,0.1530709667148982,4.0,15.0,0.0,212.06754612392174,0.4627332929128319,0.5372667070871682,0.5454685815343437,-0.30685013447744447,-1449.188365048317
677,-211.08960209442904,0.9944911498775765,0.19283228769673263,2.0,7.0,0.0,212.234435156706,0.31473996063767196,0.685260039362328,-0.44350897866769823,0.2831704166463416,-1447.3199733120543
678,-212.34538761106393,0.9521650697075367,0.16462928917163913,2.0,3.0,0.0,212.46113300293808,0.16052197636595242,0.8394780236340476,0.3005532996956258,-0.09061244166072024,-1452.899673682029
679,-211.456366217208,0.939449502195847,0.1537566894965502,3.0,11.0,0.0,212.95405277775262,0.789704021420662,0.21029597857933802,0.16440420763506913,-0.5011240742416652,-1448.0469081219048
680,-210.83042388718826,0.9984603671180563,0.1530709667148982,3.0,7.0,0.0,211.50064401499188,0.45244716417710934,0.5475528358228907,0.44528492332875913,-0.20015414996619094,-1446.520226237392
681,-211.48494258275514,0.946774713252068,0.19283228769673263,3.0,15.0,0.0,211.7545621013232,0.7673017914623733,0.23269820853762668,0.11732969475727002,0.2853195951828758,-1448.9027604964763
682,-212.6742324320958,0.986458041772,0.16462928917163913,4.0,15.0,0.0,213.4174191522328,0.8232999722133173,0.1767000277866827,0.17053228255694924,0.47690850780165817,-1455.563720737165
683,-211.2307224551307,0.9790437499786422,0.1537566894965502,4.0,31.0,0.0,212.43731939053544,0.1938366496905178,0.8061633503094822,0.5756268758897415,-0.03279112418285135,-1446.0208690702982
684,-210.86222587498577,0.9784825385465019,0.1530709667148982,4.0,31.0,0.0,211.31380891704475,0.45650393544544027,0.5434960645545597,-0.031832755823521866,0.2544822796254799,-1446.8992032748572
685,-211.28756713217237,0.9929574865711865,0.19283228769673263,5.0,31.0,0.0,213.90162559211768,0.769314525398826,0.23068547460117395,0.05779979922554291,0.012667999058123047,-1447.5765827358844
686,-211.80267401391714,0.9938149605797114,0.16462928917163913,4.0,31.0,0.0,214.68046418025315,0.1182244526568583,0.8817755473431417,-0.385398794427739,0.2086312410785437,-1447.296850069833
687,-210.93168029994533,0.8282185487496941,0.1537566894965502,4.0,23.0,0.0,213.82685177541055,0.3263290009254158,0.6736709990745842,0.40332818812488863,-0.10933626361660012,-1446.4493418577306
688,-211.26705001691136,0.9573411464948527,0.1530709667148982,4.0,15.0,0.0,211.95718256611386,0.2808137651108448,0.7191862348891551,-0.5409676523874654,0.30909166909166774,-1447.995569399421
689,-214.18946855734106,0.6547868681751059,0.19283228769673263,2.0,3.0,0.0,214.55617041618842,0.8366972052977866,0.16330279470221343,-0.11798442892253863,-0.05009935333493,-1465.804757471266
690,-210.9505637120223,1.0,0.16462928917163913,3.0,15.0,0.0,212.45272769104182,0.5455307648999458,0.4544692351000542,-0.17936709298233172,0.49208718902662535,-1447.3242996167335
691,-211.39824299966742,0.5316597060405545,0.1537566894965502,2.0,7.0,0.0,214.08075896071108,0.42943720371185073,0.5705627962881492,0.47790012397005244,-0.32524257912268834,-1450.2836338521533
692,-212.35847232121878,0.9668018191160349,0.1530709667148982,4.0,23.0,0.0,213.55613978724924,0.7798124206231566,0.2201875793768434,0.4148198283522302,-0.6174992684714208,-1454.2712225381013
693,-212.0933020204411,0.9251817609677266,0.19283228769673263,2.0,7.0,0.0,214.91226748088258,0.6124238068058374,0.3875761931941626,0.5165844442006748,-0.5438798779925288,-1454.6682317935001
694,-210.8369520913209,0.7427380261037015,0.16462928917163913,3.0,11.0,0.0,212.72492455962507,0.5704956398211788,0.4295043601788212,0.13684027881170258,-0.001721859414402921,-1446.6790160921832
695,-211.25592683912743,0.9540440896821809,0.1537566894965502,4.0,31.0,0.0,212.74328688669897,0.40580307237319063,0.5941969276268093,-0.02856060755157465,0.043153971352924675,-1449.4761209432522
696,-211.40354190175054,0.9825606514655782,0.1530709667148982,4.0,31.0,0.0,214.28714698591742,0.6590101133596227,0.3409898866403773,-0.14953227341732517,0.28466111043107684,-1449.9219387453238
697,-210.84590063757213,0.9547855406109818,0.19283228769673263,2.0,7.0,0.0,214.32733223804308,0.495669421165552,0.504330578834448,0.06463161928958797,0.14968139698991834,-1446.8722302379704
698,-211.48501525433173,0.9628263889274647,0.16462928917163913,3.0,15.0,0.0,212.30850719252965,0.8219559138982814,0.17804408610171862,0.19792962095829028,-0.1384809754014072,-1447.5610714220675
699,-211.4481218551527,0.972221959943812,0.1537566894965502,3.0,11.0,0.0,213.50267337366907,0.4687590996743287,0.5312409003256713,0.04993579845429638,-0.053350673399478146,-1451.024066478151
700,-211.3658961366243,0.8611100336480356,0.1530709667148982,4.0,29.0,0.0,214.27929347190846,0.7925251761187623,0.20747482388123772,-0.08093394125842873,0.4759235037772195,-1447.3922435052045
701,-210.7773552550093,0.8623642001455939,0.19283228769673263,3.0,11.0,0.0,211.8675479331653,0.4448888452281389,0.5551111547718611,0.340445163934119,-0.15100648049281518,-1446.2180020135952
702,-211.1720721177876,0.9960510401041908,0.16462928917163913,2.0,7.0,0.0,213.06470608783533,0.7925593603807204,0.2074406396192796,0.21669546350448654,-0.3393334007605886,-1446.1137769644822
703,-212.9644087931977,1.0,0.1537566894965502,3.0,7.0,0.0,214.08111734623898,0.8716395867234021,0.12836041327659786,0.30124299845080416,-0.2501530555453128,-1455.8436239928917
704,-211.11691061981352,0.7067257188489532,0.1530709667148982,3.0,11.0,0.0,213.82989128809712,0.24948735526670812,0.7505126447332919,-0.011641040637746028,0.14346593077019903,-1446.7531855014913
705,-212.65304168690585,0.9590147650304675,0.19283228769673263,3.0,7.0,0.0,213.85147099106803,0.513755220899994,0.48624477910000596,0.6166482932015125,-0.5162259314066118,-1458.815315231199
706,-211.00605004195825,0.9952783014027666,0.16462928917163913,4.0,23.0,0.0,211.5605827744674,0.2577075051072748,0.7422924948927252,-0.2657859409843456,0.20791830262615385,-1446.054804661618
707,-212.1826164905929,0.9887103267043632,0.1537566894965502,3.0,15.0,0.0,213.42210754159254,0.7532487033661704,0.24675129663382955,-0.03059917139284306,-0.03885572235852411,-1454.0795612254858
708,-211.63293063473228,0.9729925778568532,0.1530709667148982,4.0,23.0,0.0,212.21287897822876,0.8119010339957025,0.18809896600429754,0.192212378647517,0.002469376218430592,-1448.8957830284676
709,-210.8475411141154,0.5843196842514498,0.19283228769673263,3.0,7.0,0.0,215.27917356611388,0.5533555326290096,0.4466444673709904,0.3388424105052472,-0.13542205825982878,-1446.712947549437
710,-210.957204540463,0.9999704555254375,0.16462928917163913,3.0,7.0,0.0,211.05275641789316,0.29144544594215416,0.7085545540578458,-0.3466036565078334,0.2500652383937549,-1446.1865111868444
711,-210.84227819663576,0.9735851707714412,0.1537566894965502,4.0,15.0,0.0,212.32203691750757,0.43310334272774953,0.5668966572722505,0.3231014130390509,-0.15495756497136756,-1446.635029640178
712,-215.4228298822967,0.7903427423741547,0.1530709667148982,3.0,15.0,0.0,216.45229344947703,0.7237996630556077,0.2762003369443923,-0.453216763158679,0.9006519805874009,-1476.089820895167
713,-210.94951626680748,0.8703198075110046,0.19283228769673263,2.0,3.0,0.0,211.62785742407323,0.4831709669349325,0.5168290330650676,0.35248253123679407,-0.05226112293255926,-1447.4939832401633
714,-211.412601067225,0.9401310289646008,0.16462928917163913,4.0,15.0,0.0,212.60291026879173,0.8268663909574334,0.17313360904256658,0.2398856028929263,-0.4134632427446059,-1446.7618897546074
715,-212.05424776838447,0.9443993824773628,0.1537566894965502,4.0,19.0,0.0,212.1968898683195,0.23814396645172337,0.7618560335482767,0.8340523109326301,0.00012804723999700063,-1452.4274902855514
716,-214.46942139437743,1.0,0.1530709667148982,2.0,3.0,0.0,216.0886981791078,0.6270721359699336,0.3729278640300664,-0.4081653440257178,0.9626717055262035,-1470.5208055400483
717,-210.90135362030279,0.9184573274634922,0.19283228769673263,3.0,11.0,0.0,211.5381528712162,0.42824836933198984,0.5717516306680102,0.03825683386442176,0.181414997392042,-1447.1053370424313
718,-210.90021746883687,0.9901455840105634,0.16462928917163913,3.0,15.0,0.0,212.10550362005702,0.6013648403005217,0.39863515969947827,0.13484553718896453,0.0740375861569636,-1446.9605713165272
719,-211.9890783709605,1.0,0.1537566894965502,1.0,1.0,0.0,212.2450692170657,0.2398309076414156,0.7601690923585844,0.833883029291413,-0.008546160206815647,-1452.010944308372
720,-213.2253886646392,0.44100791096066855,0.1530709667148982,2.0,3.0,0.0,217.8050402620105,0.7284675115266425,0.27153248847335754,-0.3363129238646555,0.8702567814659807,-1460.9632755206005
721,-211.3041423473551,0.9611821923965115,0.19283228769673263,2.0,5.0,0.0,211.65005433330685,0.3330855823614037,0.6669144176385964,0.08326719366720653,0.19823026028776128,-1449.2050196675118
722,-214.41525617741877,0.8577059955054046,0.16462928917163913,4.0,15.0,0.0,215.677915604015,0.22489979313140782,0.7751002068685922,1.0948573283087326,0.07135781096469324,-1468.0217652141387
723,-212.28396337159066,0.8741748293518166,0.1537566894965502,2.0,3.0,0.0,212.73493213450814,0.19439133470757808,0.8056086652924219,0.849001463553922,-0.20490349948312367,-1452.9397750336734
724,-213.71106981843522,0.9249731766975365,0.1530709667148982,3.0,7.0,0.0,214.55989733303247,0.6069498952793129,0.39305010472068713,-0.10127298569723303,0.863261631984465,-1465.7117474452953
725,-210.87480384048777,0.8691790358814734,0.19283228769673263,2.0,7.0,0.0,213.6289698071121,0.4601652665718362,0.5398347334281638,-0.16976185373446812,0.22782837156571553,-1446.9816689916713
726,-212.04826465697633,0.8213664771471528,0.16462928917163913,2.0,3.0,0.0,215.7776682063704,0.12196737420570954,0.8780326257942904,1.060943527590922,-0.07806406555628481,-1448.3679043365814
727,-213.14548487630225,0.8192744236891526,0.1537566894965502,4.0,19.0,0.0,215.15824290677529,0.08492037673421769,0.9150796232657823,0.5324265633680271,-0.09600956856480936,-1454.4562820478104
728,-211.93124295672914,1.0,0.1530709667148982,2.0,3.0,0.0,214.09309869846382,0.813052228171612,0.18694777182838795,-0.16466416104618864,0.7459111721632539,-1450.4519068938473
729,-211.17090400308194,0.8689270295738515,0.19283228769673263,2.0,3.0,0.0,211.59477611231333,0.349985373541955,0.650014626458045,-0.13301564024372903,0.3158201209646493,-1448.3877343974702
730,-212.67173364593828,0.9408941873099983,0.16462928917163913,1.0,3.0,0.0,213.93690178331445,0.1769799069870155,0.8230200930129845,1.1671863228606147,-0.1547865959280314,-1454.5795307082385
731,-213.79693175565632,0.9789555207178472,0.1537566894965502,4.0,15.0,0.0,214.60498957044868,0.01939866704013254,0.9806013329598675,0.29649093133733806,0.1587732520846789,-1449.3897169306574
732,-211.55701394332053,1.0,0.1530709667148982,1.0,1.0,0.0,211.84787751103872,0.8032925004833763,0.1967074995166237,-0.13075856270811717,0.7519493391710984,-1448.1357685499008
733,-210.95084481626333,0.9899052783676716,0.19283228769673263,2.0,7.0,0.0,212.33438624255683,0.43424626264375055,0.5657537373562495,0.20291304979804015,-0.08572885849050853,-1447.4582221464425
734,-212.04723142482365,0.9400931205551714,0.16462928917163913,3.0,15.0,0.0,213.68016408450586,0.25721020027657737,0.7427897997234226,0.9161631143282561,-0.08462087732806826,-1452.6056991321434
735,-212.06094524787773,0.9940176228504249,0.1537566894965502,3.0,11.0,0.0,215.38951714324352,0.07817040143634758,0.9218295985636524,0.5127555676871043,0.06555609881367211,-1446.465195147619
736,-210.87913911567614,0.9123742210168003,0.1530709667148982,4.0,19.0,0.0,213.38670972099712,0.6028659882696462,0.3971340117303538,0.08421111917140825,0.1263449858832435,-1446.8066543277657
737,-211.1682520497487,0.9178425776673685,0.19283228769673263,3.0,11.0,0.0,211.84606239741112,0.52984454812837,0.47015545187163,-0.19742549904570877,0.5352521982363473,-1448.8167359494903
738,-212.09981378200817,0.995643283549949,0.16462928917163913,3.0,7.0,0.0,212.58106918418946,0.1305458732684653,0.8694541267315347,0.951609141696007,0.051308030673619075,-1449.318686970047
739,-212.2194381378838,0.9981880195120103,0.1537566894965502,4.0,31.0,0.0,212.41691734248153,0.06673705460373155,0.9332629453962684,0.4532480466440567,0.0452878107509503,-1446.6044219161522
740,-210.89715462035812,0.8113242474104293,0.1530709667148982,4.0,19.0,0.0,213.45670393410435,0.36443168516271396,0.635568314837286,-0.12003151047340724,0.2604816600971632,-1446.6512645390035
741,-211.37451941201496,0.4341296322856487,0.19283228769673263,3.0,7.0,0.0,214.45898565006297,0.6264020287978269,0.3735979712021731,-0.18468146993614004,0.30131200949793024,-1449.9832135009228
742,-211.34865763402632,0.9495768051156994,0.16462928917163913,4.0,15.0,0.0,212.52168510951444,0.18282260442026668,0.8171773955797333,0.6073372254849296,-0.06436735103651911,-1446.490133563755
743,-212.341379369791,0.8111204835446787,0.1537566894965502,4.0,31.0,0.0,213.18686638110788,0.06506493208928295,0.934935067910717,0.6245133069859126,0.0936582454548162,-1447.1186608831008
744,-210.90872051253066,0.9980917511039419,0.1530709667148982,4.0,31.0,0.0,211.2619892912362,0.42696996030544987,0.5730300396945501,0.32072758210870367,-0.1671052709915185,-1447.06775027269
745,-212.56495918840534,0.875870218018179,0.19283228769673263,3.0,11.0,0.0,214.98496392598645,0.08838940960038369,0.9116105903996163,-0.586101680457727,0.26052359575292927,-1450.5940023985531
746,-211.13762119111178,0.8824261850761825,0.16462928917163913,2.0,7.0,0.0,212.26743583180618,0.3099640330213768,0.6900359669786231,0.6293899119540205,-0.1670668406040811,-1447.4669652598088
747,-213.60485263955297,0.6961935458645448,0.1537566894965502,1.0,3.0,0.0,213.80396350503074,0.050748046123355296,0.9492519538766447,0.6256570110344618,-0.07535758646631517,-1454.23617530849
748,-211.11315216460704,0.9835270636560544,0.1530709667148982,4.0,19.0,0.0,211.43420943617852,0.649511145673459,0.350488854326541,0.23050251779225642,-0.35260327511378176,-1447.941546696413
749,-211.87825150772952,0.9618968648059907,0.19283228769673263,3.0,7.0,0.0,212.90626882509667,0.13163803645271224,0.8683619635472878,-0.8151407790711969,0.16922573677123331,-1448.0227899431989
750,-212.45358196825282,0.6753995454987198,0.16462928917163913,2.0,7.0,0.0,213.71198086925565,0.36122204431800325,0.6387779556819968,0.5731675267884278,0.05527780984177527,-1457.1610937480202
751,-213.77512830257967,0.910652798350925,0.1537566894965502,5.0,31.0,0.0,216.34601646215245,0.03109383694545061,0.9689061630545494,-0.1786670923183779,-0.013792234239693946,-1452.4852828144776
752,-211.35043504901557,0.992580934462748,0.1530709667148982,4.0,19.0,0.0,211.90745717939353,0.30118516254652045,0.6988148374534795,-0.4570396455017426,0.3859982868831569,-1448.8830225992026
753,-211.13522521985433,0.6592710399452886,0.19283228769673263,3.0,15.0,0.0,215.87702216175964,0.2817079280891715,0.7182920719108286,-0.12349612557574394,0.11091626556027376,-1447.4097157741646
754,-213.24811979909887,0.8415115041210184,0.16462928917163913,2.0,3.0,0.0,214.22029954751827,0.18123703447119974,0.8187629655288002,0.3765233476481559,-0.1822804756156853,-1459.7353449747197
755,-216.2327390124089,0.6470426010444016,0.1537566894965502,3.0,11.0,0.0,218.58489195738034,0.015610151519135751,0.9843898484808642,-0.16720783575344864,0.28614433361789315,-1464.7442077247695
756,-211.12167709622503,0.9979377084320452,0.1530709667148982,2.0,3.0,0.0,211.407472761296,0.33505576744323484,0.6649442325567652,-0.4530938148884804,0.31049968794235344,-1447.744300892772
757,-211.43976511638564,0.9185577151757953,0.19283228769673263,3.0,15.0,0.0,212.27641859033338,0.49728982242377967,0.5027101775762204,-0.12427445469789847,0.4943406822064305,-1450.7734246213527
758,-211.32416959567638,0.9006025630795723,0.16462928917163913,3.0,15.0,0.0,215.68863521254397,0.7257009693179689,0.2742990306820311,0.12650090266234415,0.21118609082532114,-1448.5731416809351
759,-211.52746027213,0.9123872154168204,0.1537566894965502,3.0,11.0,0.0,217.5644033655992,0.14392728872594077,0.8560727112740593,-0.14413074279664634,0.10758273105787342,-1446.6882163474033
760,-212.72426930316985,0.9198790735449173,0.1530709667148982,3.0,15.0,0.0,215.7289396742659,0.12341251796298487,0.8765874820370151,-0.8279543000414488,0.3333566607471014,-1453.396880656482
761,-211.60141644972592,0.9751254576810863,0.19283228769673263,3.0,15.0,0.0,213.41307423514564,0.8672357485297736,0.1327642514702264,0.08852073318532833,0.10443243008950753,-1446.742643932616
762,-211.71448151827065,0.9497110475470142,0.16462928917163913,3.0,7.0,0.0,212.03403950220167,0.7601613854990235,0.23983861450097654,-0.11108438582111847,0.31828883642922917,-1450.6166031661842
763,-211.6878553775182,0.9994534379761902,0.1537566894965502,2.0,3.0,0.0,211.6945212880556,0.11917943402810713,0.8808205659718928,-0.14589013824970018,0.14064416698561025,-1446.682179473535
764,-214.4036249329317,0.9788043950267633,0.1530709667148982,3.0,15.0,0.0,215.00754154778582,0.07050746155934291,0.929492538440657,-1.4838893338714239,0.02943832736215278,-1460.3210349263327
765,-211.48649319884805,0.9962869672404363,0.19283228769673263,3.0,15.0,0.0,212.36477959669523,0.6031383672089856,0.3968616327910144,0.4025839394875833,-0.49873401322737254,-1450.6656741046288
766,-212.85369683682146,0.6899381627115889,0.16462928917163913,2.0,3.0,0.0,216.38982289238103,0.8175868246129018,0.18241317538709823,0.11884046179637955,0.7770061574904185,-1456.6631199053957
767,-211.26483028516466,0.9760814599468599,0.1537566894965502,3.0,15.0,0.0,212.14208116794615,0.5356640834203507,0.46433591657964934,-0.3075594169455996,0.37788264215812506,-1449.5493527789076
768,-214.96804934432075,0.9911345677947254,0.1530709667148982,3.0,9.0,0.0,215.7508975967356,0.03202625151085894,0.9679737484891411,-1.8141359356401756,0.2768359903315631,-1458.0429355352333
769,-211.32883466985612,0.5357212937111285,0.19283228769673263,2.0,7.0,0.0,212.94960809210454,0.7523365712564265,0.2476634287435735,0.3300529828494995,-0.47253549826875285,-1447.9142095344953
770,-214.32561838877623,0.9811773938441725,0.16462928917163913,3.0,15.0,0.0,216.26772307266063,0.9104128456143051,0.08958715438569487,-0.1877498446250771,1.41002849537834,-1461.4481507455778
771,-212.1658023692415,0.7212640764936793,0.1537566894965502,4.0,15.0,0.0,214.34166118154354,0.6076566147740055,0.39234338522599455,0.017098722345678254,-0.14560041754989908,-1455.6667986427353
772,-212.88845797400037,0.9992603640162631,0.1530709667148982,4.0,31.0,0.0,215.7242120135503,0.04757618104968434,0.9524238189503157,-0.6006964164390529,0.20119413498473054,-1448.8610892568613
773,-211.9134960923999,0.7575767286192512,0.19283228769673263,3.0,7.0,0.0,213.85259565095168,0.4703903777244265,0.5296096222755735,0.4763288122635887,-0.00957059033344329,-1454.0501306937613
774,-212.81810485981762,0.9950646456982734,0.16462928917163913,2.0,7.0,0.0,215.7022487553577,0.9430046918116373,0.05699530818836274,-0.02845079180016763,1.427190132474693,-1448.1412942634927
775,-211.2913090035633,0.9830192273692473,0.1537566894965502,2.0,7.0,0.0,212.65255718194211,0.5415985524082906,0.4584014475917094,0.003708941791223547,0.014629268654118704,-1449.9242962497242
776,-216.83919852460036,0.9518832640395039,0.1530709667148982,4.0,31.0,0.0,222.3421767090595,0.003764591062280286,0.9962354089377197,-3.6474558292931287,0.13185051621454003,-1447.7836217173253
777,-210.94906619586249,1.0,0.19283228769673263,2.0,7.0,0.0,212.07944795931226,0.39650999411287485,0.6034900058871251,0.5144808402577457,-0.12960482301199838,-1447.062827877421
778,-214.5656955629609,0.6824378070116316,0.16462928917163913,2.0,7.0,0.0,216.9015190986616,0.9833033576079186,0.01669664239208135,-0.045071902967070074,1.5153550133425622,-1451.7961490226228
779,-212.53591369108634,0.9198585218261859,0.1537566894965502,4.0,23.0,0.0,213.35396942219538,0.5193778634610231,0.4806221365389769,0.4757147822169333,-0.5455029109929703,-1458.10716167921
780,-211.33978075061478,0.9652790257691145,0.1530709667148982,4.0,23.0,0.0,218.4219524622163,0.1709729178793117,0.8290270821206883,-0.4640280325675995,0.18398117877503256,-1446.172289924365
781,-212.10938922982086,0.9686228446628051,0.19283228769673263,3.0,15.0,0.0,213.4442718058395,0.07524860803822929,0.9247513919617707,0.8646420057250565,0.009745109824996899,-1446.1436684641697
782,-216.17835151761133,0.9692177639053123,0.16462928917163913,4.0,23.0,0.0,217.67438025733523,0.9657596256770504,0.034240374322949574,-0.1052485542032615,2.5675560641851876,-1464.055445566344
783,-210.9849719993504,0.9665913926260126,0.1537566894965502,3.0,13.0,0.0,212.82343262220058,0.29795142542789566,0.7020485745721043,0.560532042315,-0.09658624491383111,-1446.3454816911255
784,-211.08166708884255,0.9752127323447691,0.1530709667148982,3.0,15.0,0.0,212.20967653341387,0.4746674919826229,0.5253325080173771,-0.19196131200826233,0.4592257448427451,-1448.2926496282919
785,-211.84090570176852,0.9883836567597274,0.19283228769673263,1.0,3.0,0.0,212.45281575471458,0.10682736551587806,0.893172634484122,0.8666717860073531,-0.03012445964466659,-1446.4658965940675
786,-214.19574073197214,1.0,0.16462928917163913,3.0,7.0,0.0,216.05009867107512,0.9814697945035242,0.01853020549647577,0.10191054458315721,2.1147170835062186,-1448.0615608638525
787,-211.52878767213835,0.9546321570633575,0.1537566894965502,4.0,15.0,0.0,212.6028307000923,0.15612757241153416,0.8438724275884658,0.23250114213440995,0.022329481329188522,-1447.1411072183976
788,-211.27747320788416,0.9045885602063755,0.1530709667148982,4.0,19.0,0.0,212.30772959801487,0.19986610189626602,0.800133898103734,0.4933892908749991,-0.05553736603739298,-1446.577726221919
789,-211.37866539823017,0.9033959593143603,0.19283228769673263,3.0,15.0,0.0,212.7425107379633,0.30521315573617136,0.6947868442638286,0.43612605284801975,0.05154320310485214,-1449.2723572822151
790,-214.64398048357722,0.9837077174914123,0.16462928917163913,2.0,7.0,0.0,216.00780195070894,0.9517660285753895,0.0482339714246105,0.024473468060765897,2.3840820380621146,-1456.51606749163
791,-211.0481158051581,0.9816321957409261,0.1537566894965502,3.0,11.0,0.0,212.06078258802458,0.2747802768282833,0.7252197231717167,0.2565810799977271,0.04845233224215624,-1446.6672114150297
792,-211.10099106369452,0.9732246357286869,0.1530709667148982,3.0,15.0,0.0,212.53905834426794,0.5293112234566025,0.47068877654339747,0.31920793897118327,-0.3124687713175802,-1448.461734778789
793,-211.07019951799117,0.9872030203253975,0.19283228769673263,3.0,15.0,0.0,211.53128081697093,0.3064723054943099,0.6935276945056901,0.5422948898972193,-0.15859812834817832,-1447.048338975844
794,-214.13739265053545,0.8163808434963803,0.16462928917163913,4.0,23.0,0.0,216.3634075503546,0.9654268672976238,0.034573132702376164,0.15669689592808259,1.686564123073029,-1453.2459415691621
795,-210.99532340462164,0.8495666626236378,0.1537566894965502,3.0,11.0,0.0,212.41077766433347,0.6288353482734339,0.3711646517265661,0.20980906442323285,-0.2599560690539714,-1447.3569467951138
796,-210.81645728055517,0.984132967549655,0.1530709667148982,4.0,31.0,0.0,213.13044046611336,0.5607148108125757,0.4392851891874243,0.24200470196226176,-0.0541915256463717,-1446.5365932146617
797,-211.45983906710745,0.8927189841272345,0.19283228769673263,4.0,15.0,0.0,214.7586292448085,0.7996574407694281,0.20034255923057187,0.2804776531800822,-0.3712417305752105,-1447.8757273727742
798,-213.57851604671927,0.9957353658599992,0.16462928917163913,3.0,11.0,0.0,214.84631138052816,0.9794280492034007,0.020571950796599348,0.033440312378522935,1.4744068258822431,-1446.497968388227
799,-211.04848254167385,0.9874909911272046,0.1537566894965502,4.0,25.0,0.0,211.64105910421483,0.337598390773468,0.662401609226532,0.3952978703539854,-0.14832169368263864,-1447.3710393066658
800,-214.93323033501233,0.9354983208870858,0.1530709667148982,4.0,31.0,0.0,217.94931707663528,0.6437794734348234,0.35622052656517655,-0.2544013015738495,1.0961874587067053,-1473.4403142911128
801,-213.1017614565707,0.9135947429768816,0.19283228769673263,2.0,7.0,0.0,213.835375421067,0.5724954674684478,0.4275045325315522,0.31482349205218024,-0.605172556275104,-1461.9300564683099
802,-211.624822952998,0.9816622962174502,0.16462928917163913,4.0,31.0,0.0,215.63603802593332,0.8601440903557007,0.13985590964429928,0.048813055708950344,0.11059604304237158,-1447.2106389649637
803,-211.56455071556113,0.9721419534333932,0.1537566894965502,3.0,15.0,0.0,212.04879479791262,0.3142508182037298,0.6857491817962702,0.6794495706840781,-0.24582619348961812,-1450.3832676783416
804,-215.7115990112978,0.7175030876962837,0.1530709667148982,3.0,11.0,0.0,222.5882007098646,0.9973983988526699,0.0026016011473301015,0.15526900572950333,-0.19347500974428758,-1448.8994122572442
805,-211.4869224275208,1.0,0.19283228769673263,3.0,15.0,0.0,212.53802804594469,0.7072650299576548,0.29273497004234517,0.3543477212414628,-0.5902552002207635,-1449.6120602297703
806,-211.82199529398784,0.9849165901021312,0.16462928917163913,4.0,15.0,0.0,212.45700403966177,0.7167512405600658,0.2832487594399342,-0.20455097959968108,0.8378171963216362,-1451.558162743546
807,-211.8973227495132,0.5128893849203704,0.1537566894965502,4.0,19.0,0.0,215.98894822143905,0.9067621326780695,0.09323786732193051,0.053526296681059654,0.36096426260698233,-1446.5544232127918
808,-218.18921333488925,0.4404783062136824,0.1530709667148982,4.0,23.0,0.0,220.79919627602692,0.9929029631822176,0.007097036817782398,-0.14304022595354432,0.21649156687215707,-1472.9102427697464
809,-212.22629347068812,0.7895412832860159,0.19283228769673263,3.0,7.0,0.0,212.85958789601844,0.9353805815337867,0.06461941846621333,0.11119021050872885,-0.497807755447476,-1446.399192987776
810,-212.25953850909104,0.9349896786966896,0.16462928917163913,4.0,15.0,0.0,212.70107248797663,0.929920401228779,0.07007959877122105,0.023390742929451917,0.4033405850401414,-1447.2324440025207
811,-210.82599419441817,0.9786345209520143,0.1537566894965502,4.0,27.0,0.0,212.74839622425972,0.6404158586553828,0.35958414134461725,0.22203966939198105,-0.16765057052328008,-1446.1238785942685
812,-214.87281555841722,0.9845816576706609,0.1530709667148982,3.0,15.0,0.0,218.41370980583585,0.9923767642307874,0.007623235769212644,0.00048160479777437093,0.11113156118438093,-1450.5392564435729
813,-213.02780574337976,0.941821048515101,0.19283228769673263,3.0,15.0,0.0,214.2144436390538,0.92989534734389,0.07010465265610999,0.14202677961272575,-1.4261005721872655,-1450.9091642555554
814,-211.46929055979757,0.9995755119896608,0.16462928917163913,4.0,15.0,0.0,212.54403744095507,0.8280619295560067,0.17193807044399334,0.09824213272618741,0.2421209838279563,-1447.2539493817421
815,-211.4884409748743,0.9878559999398762,0.1537566894965502,4.0,27.0,0.0,212.50316131901963,0.1541114730444464,0.8458885269555536,0.41241648623098504,-0.006274236672590021,-1446.6893116130314
816,-215.0450972603416,0.9695432481607008,0.1530709667148982,1.0,3.0,0.0,215.41847712577805,0.9936161782430438,0.006383821756956176,0.0008813226706630133,0.12321279986820163,-1450.509842610345
817,-213.58416158186944,0.9722850048987141,0.19283228769673263,3.0,7.0,0.0,213.64347868467857,0.9805156869576277,0.019484313042372303,0.0904667764973208,-1.3351462980668347,-1446.501151353043
818,-211.42928227653132,0.9979174015309416,0.16462928917163913,3.0,11.0,0.0,212.2168930716812,0.8381751153926071,0.16182488460739286,0.10450172670430985,-0.028645234118384016,-1446.6915052246256
819,-211.29715316507296,0.9703714062814266,0.1537566894965502,4.0,15.0,0.0,211.65120548958308,0.19948468027758506,0.800515319722415,0.44501264025507486,-0.047375796574365296,-1446.7436913715571
820,-212.11621013760265,0.9177635635125216,0.1530709667148982,4.0,31.0,0.0,216.1654006604586,0.86200113051336,0.13799886948663997,0.08136258883545486,-0.5473333086832519,-1450.2758119238279
821,-212.03742577287025,0.7469600960350304,0.19283228769673263,3.0,15.0,0.0,214.6726719287087,0.853943783560411,0.146056216439589,0.23687694365659112,-0.9284921777949856,-1449.530248692641
822,-211.65069413343147,0.9707947516106205,0.16462928917163913,3.0,15.0,0.0,213.1973999867545,0.7147665501238492,0.28523344987615085,0.12602565180869488,-0.3603031506170781,-1450.9203571172814
823,-211.68137515296974,0.7492179461349079,0.1537566894965502,3.0,15.0,0.0,215.29989573286383,0.7109486933824655,0.28905130661753453,0.06297270383031446,-0.19180091621851808,-1451.2777643414383
824,-211.15568542800793,1.0,0.1530709667148982,4.0,19.0,0.0,212.2783209954537,0.6287218796145786,0.3712781203854214,0.19251653821733733,-0.28078383686391983,-1448.461835898202
825,-210.9122781322865,0.9897341340928938,0.19283228769673263,4.0,23.0,0.0,212.29002980952754,0.37100382956082584,0.6289961704391742,-0.26165333434537474,0.34572605654684835,-1446.7161009367003
826,-211.85786917497109,0.7705471439246662,0.16462928917163913,1.0,3.0,0.0,214.04430647924966,0.7649564434880914,0.23504355651190856,0.3147334193523941,-0.19300499143694994,-1451.4914552614791
827,-211.92945834742875,0.9990366140188188,0.1537566894965502,4.0,15.0,0.0,212.3521276369748,0.7999710895139226,0.2000289104860774,-0.12894425480793728,0.9820034508614535,-1450.451532507973
828,-211.92900931105996,0.9939782964883339,0.1530709667148982,4.0,31.0,0.0,213.26847901254968,0.14594659379033634,0.8540534062096636,-0.8173641932480091,0.169487188216429,-1448.968205084951
829,-210.97427869370475,0.9992585788184084,0.19283228769673263,3.0,7.0,0.0,210.9907145000079,0.3856963124560256,0.6143036875439745,-0.3385099448495167,0.2834351634560427,-1447.2434098662266
830,-212.62800497359885,0.9463067667029411,0.16462928917163913,2.0,7.0,0.0,213.32913598449375,0.4929430256822406,0.5070569743177594,0.1993465163578908,-0.34849492048003583,-1459.0654847526594
831,-211.58051420911877,0.9890568055827094,0.1537566894965502,3.0,7.0,0.0,212.64450935483944,0.8196252354307563,0.18037476456924373,-0.07623191311980324,0.8868141723745001,-1447.6572807140844
832,-213.39932676826353,0.840116419315524,0.1530709667148982,2.0,7.0,0.0,214.60873505315277,0.21010281618767718,0.7898971838123228,-0.7678714148040349,0.09015513890975159,-1461.1877805423635
833,-211.7467106870424,0.8193027585991174,0.19283228769673263,3.0,13.0,0.0,212.96109048828282,0.11955164789012801,0.880448352109872,-0.30970916826763506,0.18939385366936146,-1447.0290197976617
834,-211.85761804824745,0.9547870018949344,0.16462928917163913,3.0,15.0,0.0,214.3157440488413,0.18572655097213295,0.814273449027867,0.6775810653091063,0.06701016964672049,-1450.0119419464472
835,-213.14878149260153,0.9503657400094744,0.1537566894965502,3.0,7.0,0.0,213.48589877516957,0.7899103904997552,0.2100896095002448,-0.2549956426689701,1.0444869950252818,-1458.9747492578506
836,-210.8022604210081,0.9659249508518847,0.1530709667148982,4.0,27.0,0.0,215.24422803332686,0.4810263989161978,0.5189736010838022,0.18170280065387256,-0.020649914511133433,-1446.5554143588843
837,-211.46260086053024,0.9863832353654426,0.19283228769673263,4.0,23.0,0.0,212.17883594149305,0.8465399045128216,0.15346009548717843,0.11921667283376516,-0.19861530573832256,-1446.5874379500415
838,-213.77361808928788,0.9837227769908642,0.16462928917163913,3.0,15.0,0.0,215.0768734122912,0.02538624455170293,0.9746137554482971,1.1603487912642245,0.15019383389772048,-1449.9601817997152
839,-213.18464542796937,0.8890008476079352,0.1537566894965502,4.0,15.0,0.0,214.9614507239135,0.961181908204425,0.03881809179557505,0.1482307373211718,-1.5362948205660905,-1447.8545452972355
840,-211.12725494589714,0.9851705985990006,0.1530709667148982,3.0,11.0,0.0,211.37753826505173,0.47096607405407476,0.5290339259459252,0.5284791807033802,-0.2025234006971767,-1448.5393218416627
841,-210.93064053835008,0.9858849988823077,0.19283228769673263,3.0,11.0,0.0,211.9096662677423,0.649569122775048,0.35043087722495203,0.04295590146998184,0.12836847747992491,-1446.8176846264935
842,-213.27576507676568,0.774162306457987,0.16462928917163913,3.0,11.0,0.0,214.86579638716876,0.04587168772578249,0.9541283122742175,1.3425555032826124,0.12366321256827184,-1450.0737935587333
843,-214.7012856009762,0.9985802483276471,0.1537566894965502,4.0,15.0,0.0,215.08298404597772,0.9895643572029431,0.010435642797056888,0.07718220091507154,-2.2300939993609807,-1447.215192726325
844,-211.12390529331753,1.0,0.1530709667148982,3.0,7.0,0.0,211.26002482440686,0.44466079798965175,0.5553392020103483,0.5545373912139279,-0.20754586380392795,-1448.4282274272307
845,-212.47837266992994,0.7438791515390932,0.19283228769673263,3.0,15.0,0.0,214.437081404221,0.12668689002275643,0.8733131099772435,0.5112737209405211,-0.10374581880348298,-1452.3061871500458
846,-215.98753036675345,0.6295996207110576,0.16462928917163913,5.0,35.0,0.0,218.04208725800024,0.9979857158437163,0.0020142841562836855,0.08324386673471892,1.6962386010018022,-1446.6048637968495
847,-215.32510104446845,0.9991850255736155,0.1537566894965502,4.0,15.0,0.0,215.68494574773507,0.9755770060425528,0.02442299395744718,0.08544891627645991,-2.78863426550488,-1454.8780650035096
848,-211.12390529331753,0.7892860814504328,0.1530709667148982,2.0,3.0,0.0,212.5737380927042,0.44466079798965175,0.5553392020103483,0.5545373912139279,-0.20754586380392795,-1448.4282274272307
849,-214.52926246594112,0.7921246488714572,0.19283228769673263,4.0,27.0,0.0,217.27921907010958,0.03659080136525726,0.9634091986347427,2.196494365163041,0.12876523171168763,-1454.627377095003
850,-214.39742437549788,0.9998627195144583,0.16462928917163913,4.0,15.0,0.0,216.24053897984697,0.9917599814304429,0.00824001856955714,0.07567829594334866,1.2437718529353596,-1446.4584698464853
851,-215.3074868480332,0.9440727270588487,0.1537566894965502,4.0,19.0,0.0,216.8336697879843,0.9951668813333444,0.004833118666655589,0.03295036836060564,-1.547113313438763,-1448.356288759094
852,-210.95551664418954,0.8673758768342282,0.1530709667148982,4.0,15.0,0.0,213.38314480223644,0.5716252321098025,0.42837476789019746,0.1120267263335,0.14740566247619327,-1447.4800765983507
853,-213.43352104553026,0.975579535625003,0.19283228769673263,4.0,15.0,0.0,215.38336884909327,0.02333419854259698,0.976665801457403,1.521021486473399,0.05974602741614175,-1446.2245039599381
854,-215.84777115468202,0.9104034688492173,0.16462928917163913,4.0,31.0,0.0,220.18763294311586,0.9953396045330607,0.004660395466939304,0.028691981989612904,2.6145606376375325,-1448.0026328476442
855,-212.268102060611,0.9909192047091746,0.1537566894965502,4.0,31.0,0.0,217.79603585068256,0.698236197281931,0.301763802718069,0.13490117458033135,0.4307545211725382,-1455.3626664411597
856,-213.7418236093549,0.8813924161607003,0.1530709667148982,4.0,31.0,0.0,214.735547056727,0.8328918665365722,0.1671081334634278,0.4219580456370795,-0.9902091168916092,-1461.853970962313
857,-211.78956204197186,0.9990451542103719,0.19283228769673263,4.0,15.0,0.0,214.40364423620719,0.21769431638623704,0.782305683613763,0.9295594844927794,-0.08327748731077364,-1450.0104467697777
858,-216.56529489629443,0.859937769474968,0.16462928917163913,4.0,15.0,0.0,218.46796319468862,0.9848077311576636,0.015192268842336376,0.02072670332594853,3.6376184753832885,-1455.525725002229
859,-211.5142514476621,0.9486724210447885,0.1537566894965502,2.0,5.0,0.0,213.27839667555853,0.7795490730436019,0.22045092695639812,0.015363995415270629,0.047305051321816116,-1448.9211663519911
860,-212.2374635393382,0.9969865761713078,0.1530709667148982,3.0,11.0,0.0,213.63222967231235,0.9089745037003535,0.09102549629964651,0.19395191720437605,-1.0446922857354455,-1447.8951045347405
861,-211.14220919196632,0.9493027777559607,0.19283228769673263,4.0,19.0,0.0,212.22147962324738,0.7693204859197392,0.23067951408026077,0.00920437113992021,0.46231505607203793,-1446.3907569810794
862,-215.73763706976774,0.5965454082759218,0.16462928917163913,3.0,11.0,0.0,219.78210853669427,0.9805946371551685,0.01940536284483152,0.15715615990885687,2.8811288171774807,-1455.7067410578354
863,-213.39325280145573,0.9078224452139059,0.1537566894965502,4.0,15.0,0.0,215.52021862625338,0.972684630471729,0.02731536952827096,0.11295496146816869,1.2518979211692665,-1447.6427367477938
864,-212.06069948037202,0.9531018695870818,0.1530709667148982,4.0,27.0,0.0,214.28440751935804,0.34286641594999934,0.6571335840500007,0.19408113090844165,0.22300100131124467,-1454.4934461429468
865,-210.7786254350927,0.9973868978365857,0.19283228769673263,3.0,15.0,0.0,211.56761874248403,0.5952211624817005,0.40477883751829946,-0.12342540630667964,0.3889685849004834,-1446.031997943543
866,-212.5529023053413,0.849457624537106,0.16462928917163913,4.0,23.0,0.0,218.19154315513572,0.8949268684497989,0.10507313155020115,0.18427151006139855,0.23622570218724515,-1451.8552223403967
867,-213.21826828003083,0.9931741092225186,0.1537566894965502,2.0,7.0,0.0,214.508818234601,0.9469314879716348,0.053068512028365156,-0.0069632817460321406,1.7438989534794593,-1449.574583351257
868,-210.89746941723706,0.9416717017548214,0.1530709667148982,2.0,5.0,0.0,213.01669185945678,0.3733912249789939,0.6266087750210061,0.032907759245356216,0.1457874905546828,-1446.7748814610516
869,-211.32527893473048,0.714870128536106,0.19283228769673263,3.0,7.0,0.0,212.53079981725583,0.39707792995720287,0.6029220700427971,-0.31631025105044,0.2069873677387294,-1449.7846666644884
870,-213.13013375131447,0.9419649488515017,0.16462928917163913,4.0,15.0,0.0,214.83692125820417,0.0345754474210329,0.9654245525789671,-1.2594417417758939,0.17841616372240698,-1447.3687127228018
871,-214.09560001512708,0.9328422416061508,0.1537566894965502,3.0,7.0,0.0,214.4558830248039,0.9194739942351896,0.0805260057648104,0.10681628016783554,1.692227032831507,-1458.4557249418867
872,-212.7300684511447,0.9879428600467113,0.1530709667148982,4.0,15.0,0.0,213.5354299892178,0.05366299468743922,0.9463370053125608,0.7120097853358117,-0.019435037077966788,-1448.4627740425078
873,-212.2004138648285,0.9899075712425537,0.19283228769673263,4.0,15.0,0.0,212.53464086119757,0.7915112266790274,0.2084887733209726,-0.1974700339474844,0.9330614322286316,-1452.5975454746579
874,-213.35836974109475,0.9506248569494993,0.16462928917163913,4.0,15.0,0.0,213.49688892431908,0.03396932204826147,0.9660306779517386,-1.223963188998624,0.20680555981303544,-1448.8941112710495
875,-212.86939818473536,0.9346725296265297,0.1537566894965502,3.0,15.0,0.0,219.38076740134275,0.940663778076086,0.05933622192391397,-0.05338955868970578,0.8220366539056926,-1449.9300204292822
876,-210.82260599422105,1.0,0.1530709667148982,3.0,15.0,0.0,212.98947193419895,0.4481685583349411,0.5518314416650589,0.2556901041715446,-0.10339680069198663,-1446.594472205728
877,-210.7526053269412,1.0,0.19283228769673263,3.0,15.0,0.0,212.68326725733718,0.5194776632524487,0.4805223367475513,0.28059426369838114,-0.15343866107758575,-1446.1524365300909
878,-211.9807437984078,1.0,0.16462928917163913,4.0,15.0,0.0,213.3807603094902,0.09038380881062053,0.9096161911893794,-0.7492204695898002,0.19618509708579793,-1446.5346834888703
879,-211.37741748416897,0.9957372035879305,0.1537566894965502,3.0,15.0,0.0,215.00310471408494,0.8359413781685999,0.16405862183140008,0.21491181397018128,-0.463289739185972,-1446.194424941113
880,-210.83149941192718,0.9711665931917679,0.1530709667148982,4.0,15.0,0.0,211.3056881013681,0.36769673943058434,0.6323032605694157,0.3322257820940027,-0.0796496891276541,-1446.1940144179994
881,-211.4153368928354,0.9391564722626321,0.19283228769673263,3.0,7.0,0.0,211.63408120297777,0.8357425959436396,0.16425740405636036,0.11406676639485624,-0.02261044049493581,-1446.67662257698
882,-212.16086893797845,0.9855944087859825,0.16462928917163913,4.0,15.0,0.0,213.05782643860218,0.0725033101888522,0.9274966898111479,-0.39683703326910896,0.0957462488709621,-1446.764748433386
883,-211.11521666505325,0.9969388317407795,0.1537566894965502,4.0,15.0,0.0,212.29422871300565,0.775320933046396,0.22467906695360396,0.21243773054819848,-0.2762241210716399,-1446.1556814697817
884,-211.23500187109855,0.9664173384001705,0.1530709667148982,2.0,7.0,0.0,211.3514662729852,0.4316248914865834,0.5683751085134165,0.38662960509671374,0.006017970351577605,-1449.3240098348974
885,-210.98909115685657,0.7214909026001709,0.19283228769673263,3.0,15.0,0.0,212.70458107713438,0.5309921027587448,0.46900789724125524,0.20055318460003313,-0.16400056329109325,-1447.8002809198647
886,-212.2617562326329,0.9498196594529904,0.16462928917163913,4.0,31.0,0.0,214.33682125330196,0.8742531850988974,0.12574681490110262,0.1298559069328611,0.5559950679649163,-1450.7193560413198
887,-211.8848519791807,0.9411076078266459,0.1537566894965502,2.0,3.0,0.0,212.16672205847374,0.8463184506149403,0.15368154938505973,0.2717198986733482,-0.3759461938179805,-1449.3729432466455
888,-211.36502182176596,0.9982847719746385,0.1530709667148982,4.0,23.0,0.0,211.68654134179582,0.5123649281596904,0.48763507184030963,0.5503593767356957,-0.29457569380655024,-1450.140968881815
889,-212.24331966637635,0.8482631085108585,0.19283228769673263,3.0,7.0,0.0,214.1622690000259,0.4533245039535909,0.5466754960464091,0.718862581937023,-0.32561141445332625,-1455.9505120056294
890,-213.2149542992424,0.9596117087474373,0.16462928917163913,2.0,3.0,0.0,213.4529559264833,0.9296099544504022,0.07039004554959782,-0.08679397578536284,0.6267437758938286,-1453.6557117795444
891,-211.47493071640824,0.9905094815314437,0.1537566894965502,3.0,15.0,0.0,212.40081288777236,0.7072647052790505,0.2927352947209495,0.044384620331268526,-0.08191917644626584,-1449.930986347217
892,-212.73764624072092,0.823127375305585,0.1530709667148982,3.0,15.0,0.0,214.96561117652098,0.561942090244296,0.438057909755704,0.5084327823919236,-0.6103309069523376,-1459.3117235418872
893,-213.5761980099834,0.9684450300941608,0.19283228769673263,4.0,23.0,0.0,214.84396188453027,0.9739174443981705,0.026082555601829482,-0.0027697679955856896,0.42608618432528267,-1449.8037264316038
894,-213.51356325230668,0.9490679752913235,0.16462928917163913,3.0,11.0,0.0,214.5427020250768,0.8988587281585986,0.10114127184140143,0.21999492064980825,0.422005534066054,-1458.1400052394688
895,-212.97200611546154,0.8256402491596735,0.1537566894965502,4.0,31.0,0.0,215.16156833454704,0.9066442502005885,0.09335574979941152,0.09377320978371509,1.2582338476858024,-1452.7262861970696
896,-211.76575466440963,0.96820651671559,0.1530709667148982,3.0,7.0,0.0,213.2540001500838,0.875798306806003,0.12420169319399699,0.11498922789831717,-0.499259283464642,-1447.274730619643
897,-214.33254598953326,0.8890008896267698,0.19283228769673263,3.0,11.0,0.0,215.91680282700847,0.9832267121906605,0.01677328780933951,-0.03035909300119552,1.044966758469656,-1451.2575812401662
898,-218.10423610607907,0.6649901530155137,0.16462928917163913,3.0,11.0,0.0,219.7890530388019,0.8919607485462053,0.10803925145379467,-0.3203551963320236,0.6177850201363766,-1490.0311807428766
899,-212.5054588090101,0.9972428918107621,0.1537566894965502,3.0,15.0,0.0,213.81259863959352,0.9281319455214736,0.0718680544785264,0.10246790239427045,0.9037103782660546,-1448.5186692933964
900,-212.91294107009864,0.6674689450014528,0.1530709667148982,2.0,7.0,0.0,216.22371297548872,0.9568941540064686,0.0431058459935314,0.04771921346199812,-0.5057256827869683,-1448.5046636127436
901,-214.03207361337383,0.7424951405341702,0.19283228769673263,2.0,7.0,0.0,216.06437861421054,0.9812521581539679,0.018747841846032065,0.1468450110589207,1.307436901748166,-1449.3859160491434
902,-212.59770099571267,1.0,0.16462928917163913,2.0,3.0,0.0,217.53162576714138,0.8938542957465268,0.10614570425347325,-0.09426468612156,0.5756673676131132,-1452.0102362803327
903,-211.19830184652585,0.9952651387128323,0.1537566894965502,3.0,11.0,0.0,214.0846837229927,0.7398312745434386,0.26016872545656144,-0.08091069723774597,0.6822144352813745,-1447.1163495101703
904,-211.92487565570823,0.9968874427428152,0.1530709667148982,4.0,15.0,0.0,213.08534199259606,0.6874561095293992,0.3125438904706008,0.40181823644097203,-0.6535475326099073,-1452.7944330835587
905,-212.2772857125789,0.9786120132692294,0.19283228769673263,4.0,15.0,0.0,214.92205889391897,0.06904985216748842,0.9309501478325116,-0.3325836460917649,0.07594087713321064,-1447.3008821707117
906,-210.8990769020795,1.0,0.16462928917163913,3.0,11.0,0.0,212.61889509137987,0.6120280835246332,0.3879719164753668,-0.146159416015322,0.35468224657107494,-1446.7801752424637
907,-210.77096835251157,0.9519983580629733,0.1537566894965502,4.0,15.0,0.0,211.72258715757116,0.5258412818089742,0.47415871819102584,-0.09511468170239384,0.25499289118528595,-1446.2956555923672
908,-212.24189667318305,0.9527043954977144,0.1530709667148982,4.0,23.0,0.0,214.3317706744639,0.14506274064354957,0.8549372593564504,-0.9968195714703981,0.2215921495622489,-1450.7960284051533
909,-211.37976297033913,0.9190874332771968,0.19283228769673263,3.0,7.0,0.0,212.59466946452474,0.2012078362174448,0.7987921637825552,-0.5228397624083951,0.1828380510404034,-1447.2668990012667
910,-211.2370648498083,0.9967696526015483,0.16462928917163913,3.0,7.0,0.0,211.4131946650503,0.5103981839585865,0.4896018160414135,-0.3437254084343122,0.40980392818409866,-1449.3477525991143
911,-212.04296410447174,0.95387823256605,0.1537566894965502,4.0,27.0,0.0,212.42489213759103,0.5381081699137735,0.4618918300862265,0.5848749017498062,-0.22735343927102003,-1454.7844719753052
912,-211.7357211896843,0.9460890501949929,0.1530709667148982,4.0,27.0,0.0,214.01847516470087,0.8524698457973083,0.14753015420269167,0.021736877656901715,0.0949414123251274,-1448.2882283788629
913,-210.96075095532274,0.9996153243032647,0.19283228769673263,2.0,7.0,0.0,211.6157275296405,0.3518296527437076,0.6481703472562924,-0.32560991861183214,0.35103931987221954,-1446.856178121216
914,-211.56527554950438,0.5549261182800882,0.16462928917163913,2.0,7.0,0.0,215.13790810786887,0.7045452584022834,0.29545474159771656,0.08438408756079524,0.41150470677032175,-1450.4474605053006
915,-211.23186081434446,1.0,0.1537566894965502,2.0,3.0,0.0,211.9824139942147,0.4709177570473729,0.5290822429526272,0.5607125423175371,-0.2560075992732571,-1449.2103449139097
916,-214.39096674599443,0.5047439163831714,0.1530709667148982,2.0,3.0,0.0,216.22836453376146,0.8838270964794361,0.11617290352056386,0.2865787724307468,0.2325917264019302,-1465.119483333679
917,-211.03283185373556,0.9874420561694927,0.19283228769673263,4.0,15.0,0.0,211.15517040124163,0.3554807343498085,0.6445192656501915,-0.3077015918738639,0.221723153762641,-1447.4601378872244
918,-211.49168420329644,0.996310579579536,0.16462928917163913,4.0,19.0,0.0,211.91516119883335,0.30472393074132187,0.6952760692586781,0.6295659944162607,-0.021037571618692727,-1449.870754371569
919,-212.59855009374985,0.9115998008004393,0.1537566894965502,4.0,31.0,0.0,213.7099253713421,0.08166749019094728,0.9183325098090527,0.95206802638457,-0.08287473675288858,-1449.8970245209684
920,-211.5127899755961,0.9867190483374082,0.1530709667148982,3.0,11.0,0.0,215.39612294051807,0.8231210332364859,0.1768789667635141,0.08549566375932688,-0.18127888240328427,-1447.7330635530643
921,-212.4406405646058,0.7096241062069832,0.19283228769673263,2.0,5.0,0.0,213.21774787835798,0.21184661244010985,0.7881533875598902,-0.057090259038259566,0.2974757261565522,-1455.0441585657995
922,-212.02217186489415,0.9110362218845712,0.16462928917163913,3.0,15.0,0.0,214.61304358124954,0.21542315258140865,0.7845768474185913,0.7854280845431573,-0.20449267526878728,-1451.7481537384713
923,-211.72619631768563,0.985260901926483,0.1537566894965502,3.0,15.0,0.0,212.83001186123224,0.11533765536969963,0.8846623446303004,0.7878937878749172,-0.02305728144143185,-1446.249728828016
924,-211.2072302045031,0.875257983626745,0.1530709667148982,3.0,15.0,0.0,213.69416519649047,0.7898014820809178,0.21019851791908217,0.0385510063442257,0.3324467297129334,-1446.4670507843039
925,-212.10038586322395,0.8875426480618468,0.19283228769673263,3.0,11.0,0.0,216.9938746041278,0.08598817662527795,0.9140118233747221,1.0819840411928663,0.006093616146802122,-1446.5570933052668
926,-211.9044169315596,0.9648542545018189,0.16462928917163913,2.0,7.0,0.0,212.89875507328037,0.10894180896070235,0.8910581910392976,0.8427623038414411,0.048205036056833975,-1447.0577030890204
927,-211.80320516962325,0.7536305535667809,0.1537566894965502,3.0,15.0,0.0,212.88178342281253,0.4042319522372269,0.5957680477627731,0.6321380139900471,-0.34857662876405726,-1452.800385134323
928,-211.67478545775163,0.9942762430449079,0.1530709667148982,4.0,19.0,0.0,211.74809234547715,0.12362709356395844,0.8763729064360416,-0.6690066445167818,0.17341938966236492,-1446.433050754983
929,-213.86321233683006,0.5959197019162136,0.19283228769673263,3.0,11.0,0.0,218.6076572896563,0.9621281291148037,0.03787187088519628,0.24484132743642045,-0.5264717816715073,-1454.1440901259152
930,-211.39842767618822,0.8912013150622959,0.16462928917163913,4.0,19.0,0.0,214.3274854546332,0.8315364013510655,0.16846359864893445,0.16945843798948373,-0.4873212583949111,-1446.4814487128824
931,-211.7304204768268,0.899052796084683,0.1537566894965502,4.0,23.0,0.0,213.43635589588553,0.3901851287601336,0.6098148712398663,0.41585895668564227,0.06646537086464013,-1452.5110901339283
932,-211.99295389308915,0.8161032029433367,0.1530709667148982,3.0,11.0,0.0,215.14507818178387,0.4350133074840041,0.5649866925159959,-0.536530861338046,0.43873664427041337,-1454.2868019769503
933,-211.35191242732972,1.0,0.19283228769673263,3.0,15.0,0.0,213.89376553340145,0.216677848473503,0.783322151526497,0.765760587765177,-0.06555636865852008,-1447.205965950413
934,-212.2697870896245,0.9406500613367493,0.16462928917163913,3.0,7.0,0.0,215.3778384961145,0.9353139308259459,0.06468606917405406,0.05533062222944168,0.26023815182916776,-1446.8697981198795
935,-211.9553171270168,0.7981152798059871,0.1537566894965502,3.0,11.0,0.0,213.91762487779494,0.9162348049696019,0.08376519503039814,0.14762994321369333,-0.5782856535373669,-1446.0941557169795
936,-210.9969593645612,0.9957067776404283,0.1530709667148982,3.0,11.0,0.0,213.40380589867362,0.35438442142007126,0.6456155785799287,0.00833945709382139,0.19287864241681446,-1447.2947625142767
937,-211.7692932486005,0.9656950799300099,0.19283228769673263,3.0,15.0,0.0,213.5443452509185,0.8763239471124313,0.12367605288756867,0.11272903433319395,-0.4852791516814612,-1447.2863514646247
938,-212.26501055797178,0.9998502017137331,0.16462928917163913,3.0,7.0,0.0,212.38604051617358,0.9369476975152292,0.06305230248477078,0.07268440264389739,0.33670901264766906,-1446.630814600317
939,-213.2616054889069,0.9912391482753634,0.1537566894965502,4.0,15.0,0.0,213.76156769898557,0.9206677467925906,0.07933225320740944,0.2097098474348421,-1.4882792791459452,-1453.1324608476884
940,-211.64847949594153,0.971381011457115,0.1530709667148982,4.0,19.0,0.0,211.85434917021144,0.5988477845594783,0.4011522154405217,0.23375124953114718,-0.4039178766493262,-1451.976267918978
941,-213.1426968154564,0.76707576903289,0.19283228769673263,4.0,23.0,0.0,214.03662580813418,0.06584252766139555,0.9341574723386045,-0.6658584681897313,0.2668820745107701,-1452.6302898010651
942,-214.4350524679974,0.850571176419222,0.16462928917163913,3.0,15.0,0.0,215.4276605234794,0.9807192604886176,0.019280739511382428,0.1893240347321168,0.9392522288474175,-1453.0613818692514
943,-213.52214946108728,0.9800464129407123,0.1537566894965502,4.0,15.0,0.0,214.51177253961276,0.9461504245961919,0.05384957540380808,0.07432499716085678,-1.5130049693132055,-1452.4135480914624
944,-210.97344730105266,0.9884025788918195,0.1530709667148982,3.0,11.0,0.0,211.84168972136075,0.7236288076078818,0.27637119239211816,0.19202314144735194,-0.21591503580352284,-1446.1629081374704
945,-212.7899806022344,0.9804036487884303,0.19283228769673263,2.0,7.0,0.0,214.833925567123,0.042283508991997,0.957716491008003,-0.5573027925394182,0.06761901469746104,-1447.4788390014266
946,-212.2345291276249,0.950001572618761,0.16462928917163913,4.0,15.0,0.0,214.8890396905126,0.12597169357322216,0.8740283064267779,-0.08846674870793513,0.010303932648378145,-1450.8164787544754
947,-211.87984772104753,0.9440245754563549,0.1537566894965502,4.0,15.0,0.0,214.84535777781878,0.1744051164071043,0.8255948835928957,-0.00283161958952529,0.006675653904490458,-1450.2266852388898
948,-210.93958827091328,0.9812674046221551,0.1530709667148982,3.0,11.0,0.0,211.21813834183556,0.6465699646238913,0.35343003537610873,0.19829902826068713,-0.22692844613078297,-1446.8437962370476
949,-212.33809093865764,0.9600790947025515,0.19283228769673263,3.0,11.0,0.0,213.5649393002829,0.05728898447856375,0.9427110155214362,-0.28749132816859424,0.11804399912851311,-1446.5349023258955
950,-211.15163244476,1.0,0.16462928917163913,3.0,15.0,0.0,212.6732221377239,0.7702602816166084,0.22973971838339158,-0.07090835495196571,0.6318790327461548,-1446.2716109743044
951,-211.1311416867828,0.9981747609802535,0.1537566894965502,4.0,15.0,0.0,211.979142096806,0.5606734584817756,0.43932654151822437,-0.10775376956614421,0.17855172803173636,-1448.7260491517413
952,-210.90860634081503,0.9853598504905735,0.1530709667148982,3.0,15.0,0.0,212.57153734941167,0.33735910490116056,0.6626408950988394,0.5022615309309804,-0.09091067461866512,-1446.3313667078999
953,-212.14861946153474,0.5803831376615054,0.19283228769673263,3.0,11.0,0.0,216.40323937155927,0.09160499889686079,0.9083950011031392,0.931793491093666,0.06507942416609164,-1447.5423254096122
954,-210.9584129402094,0.9783165960602,0.16462928917163913,3.0,7.0,0.0,212.48759422218788,0.6523584587429565,0.3476415412570435,-0.13466785897957756,0.5531441203953023,-1446.7198931867244
955,-214.4023240854844,0.9927018878387072,0.1537566894965502,3.0,7.0,0.0,215.19877303327593,0.9546893527260631,0.045310647273936855,0.26242652146903805,-0.055765865753294674,-1459.282260225935
956,-211.73932742727973,0.740360796182134,0.1530709667148982,3.0,7.0,0.0,214.4466965810266,0.2807050580885236,0.7192949419114765,-0.1467782664337477,0.04065864751851077,-1451.5714704427385
957,-211.95099558161368,0.9957423853701162,0.19283228769673263,3.0,15.0,0.0,212.4772472201654,0.09139272111118775,0.9086072788888122,0.7265654207835823,-0.008370747667783715,-1446.46024733331
958,-211.05908656867447,0.9706996015232295,0.16462928917163913,4.0,31.0,0.0,211.77402988759195,0.4892020347994731,0.5107979652005269,-0.33090416224389346,0.4365050640501032,-1448.1060444268783
959,-212.58953617994186,0.9447834918747343,0.1537566894965502,2.0,3.0,0.0,215.8188984519492,0.9406041565221435,0.059395843477856536,0.16208290909338835,-0.041000989305962236,-1448.5651119476206
960,-212.85265812369818,0.9457313065596222,0.1530709667148982,4.0,19.0,0.0,213.84576601057813,0.8123909731657822,0.18760902683421776,0.15271815662378607,0.6080661678602934,-1457.0000182832182
961,-214.86308566372261,0.9334724254727729,0.19283228769673263,4.0,15.0,0.0,215.7902559807937,0.006332439442512287,0.9936675605574877,0.1421967129107169,0.017665507564354144,-1449.1924645272668
962,-211.08924108871253,0.967751297398096,0.16462928917163913,3.0,15.0,0.0,211.91501389111016,0.2542295448549847,0.7457704551450153,-0.036184341645373874,0.14701864584900862,-1446.6464291935536
963,-211.7261001216646,0.9442059920195229,0.1537566894965502,4.0,31.0,0.0,213.36367400039,0.5700980369224309,0.4299019630775691,-0.09978817646892717,0.5996586465974714,-1452.5196865346645
964,-212.5311922293586,0.9743690287021167,0.1530709667148982,3.0,15.0,0.0,214.37184281181587,0.8094721085504145,0.19052789144958548,-0.10838508506762547,1.1549397103492176,-1454.0386803624701
965,-211.64488043602734,0.9494244982148081,0.19283228769673263,4.0,15.0,0.0,214.75087424642632,0.7224612437308858,0.2775387562691142,-0.03258353451507137,0.7288810936956946,-1450.4314134036608
966,-210.9798647043366,0.6776706027912863,0.16462928917163913,3.0,7.0,0.0,213.05900306811876,0.3126123082080459,0.6873876917919541,0.10471930581657922,0.09014791475395058,-1446.7590899204702
967,-211.3895114503998,0.9998420032035006,0.1537566894965502,3.0,15.0,0.0,212.41785568457456,0.8079472627690554,0.19205273723094463,0.048848998887185385,0.07337851296054364,-1447.3494720007864
968,-212.5323828936906,0.8121083639802597,0.1530709667148982,2.0,3.0,0.0,213.2267047712311,0.8237267001120306,0.17627329988796936,-0.027907766616926948,1.148737250338525,-1453.6521313634341
969,-212.0402793878344,0.8546177913157147,0.19283228769673263,4.0,15.0,0.0,212.9752530769213,0.856613127174908,0.143386872825092,-0.12375901611571218,0.9037282889586195,-1449.5185078732584
970,-211.27476223645837,0.9658412396119568,0.16462928917163913,3.0,15.0,0.0,214.55561367713395,0.36849783646779094,0.6315021635322091,0.3365894612118813,0.0656612106741688,-1449.2614768080202
971,-211.5735915869135,0.9717159208177261,0.1537566894965502,3.0,11.0,0.0,212.24709685089147,0.3812881996559201,0.6187118003440799,-0.032566373875090135,0.33197298680061693,-1451.4255410725173
972,-211.18019874818475,0.9664016156448956,0.1530709667148982,4.0,25.0,0.0,212.97757205909193,0.7820641458517377,0.21793585414826233,-0.05053849544471478,0.46419778228502173,-1446.3704714492226
973,-212.8349842382634,0.7423121791116796,0.19283228769673263,2.0,5.0,0.0,213.78796306785762,0.7340082670545489,0.2659917329454511,0.02176318975221951,0.8657198627228633,-1458.2804405748816
974,-211.01412398510263,1.0,0.16462928917163913,1.0,1.0,0.0,211.22018771178696,0.36089940279674926,0.6391005972032507,0.3288981792423586,0.027820147028804927,-1447.407218762624
975,-210.90942158679601,1.0,0.1537566894965502,2.0,3.0,0.0,211.48126459916676,0.4295083535439519,0.5704916464560481,-0.07966761843479327,0.1474316416458466,-1447.1715559278061
976,-211.0465490045336,0.9810536727925574,0.1530709667148982,3.0,15.0,0.0,211.55463476017712,0.7352756056916384,0.2647243943083616,0.02298512196664171,0.335082721580776,-1446.455440338188
977,-217.46318142221241,0.561553068665407,0.19283228769673263,2.0,3.0,0.0,219.23878285969596,0.5016456331771731,0.49835436682282686,-0.3098207053649593,1.0028085535753233,-1491.654972560507
978,-212.30178443913394,0.8701323491726389,0.16462928917163913,4.0,15.0,0.0,213.49222567120503,0.07045080675366634,0.9295491932463337,0.575761658292567,0.10038808999160502,-1447.404005520639
979,-211.38912688465794,0.9218214499399874,0.1537566894965502,1.0,3.0,0.0,211.4774289036263,0.4644581213763205,0.5355418786236795,-0.08202956355283998,0.06872645187766104,-1450.6032936810036
980,-211.48986825557915,0.9121999429991231,0.1530709667148982,3.0,15.0,0.0,212.9511999809669,0.8101100227580786,0.18988997724192136,0.21692340330274937,-0.1533109382496903,-1447.9287304168668
981,-215.66804236864556,1.0,0.19283228769673263,2.0,3.0,0.0,217.27402492019502,0.5963378330485979,0.4036621669514021,-0.5170279375230853,0.9369141116395551,-1478.95577059586
982,-214.50748102881326,0.556268998089623,0.16462928917163913,4.0,15.0,0.0,215.518485579192,0.8949584737140759,0.10504152628592411,-0.1499353849989864,0.25030239663755144,-1465.359134650136
983,-212.28203318598153,0.8902691942477411,0.1537566894965502,3.0,7.0,0.0,212.62311077271147,0.780321783152441,0.21967821684755895,-0.08603366047449357,0.14204874569893922,-1454.1857252219877
984,-211.11768314263574,0.9874057025469303,0.1530709667148982,3.0,15.0,0.0,212.672580043101,0.7274933040455005,0.2725066959544995,0.021621968422656374,0.4241928840156129,-1447.015090488839
985,-212.7464859712109,1.0,0.19283228769673263,4.0,15.0,0.0,216.1073972721544,0.9255105376058446,0.07448946239415544,0.1459112654207062,0.6449044645715891,-1450.7483173522025
986,-214.61203623870082,0.9292107347098647,0.16462928917163913,2.0,3.0,0.0,215.81111026259384,0.7924853103950413,0.20751468960495867,0.2710834375245786,0.4306496805245847,-1469.7944077691454
987,-212.43986786572157,0.9741629735919412,0.1537566894965502,2.0,7.0,0.0,213.19390050779288,0.8427166113278511,0.15728338867214886,-0.046032757121797094,0.06611073255104148,-1453.5176117118597
988,-210.77600408836938,1.0,0.1530709667148982,3.0,15.0,0.0,211.80142360459243,0.5074095067352346,0.49259049326476545,-0.18842167861895248,0.3269741607977339,-1446.2883847515543
989,-211.02940153097188,1.0,0.19283228769673263,3.0,15.0,0.0,213.23363636684837,0.7099587735514968,0.29004122644850316,-0.06824059543424311,0.3479637273990898,-1446.7147021257565
990,-213.36051574221824,0.9744585724384606,0.16462928917163913,3.0,7.0,0.0,215.89155599260752,0.7045711891957833,0.2954288108042167,-0.3773118437428162,0.6895941839249697,-1462.4670118972222
991,-212.07957392650698,0.9801483961941233,0.1537566894965502,3.0,15.0,0.0,213.72616766372403,0.9185013776524752,0.08149862234752481,0.020489356615520066,0.994522735753011,-1446.2332452021474
992,-211.27410077369296,0.905627905205767,0.1530709667148982,2.0,7.0,0.0,212.87906242472772,0.5580749227436901,0.4419250772563099,0.02542935917078651,0.35908593727017474,-1449.6478809157773
993,-211.38786711482905,0.783564227467606,0.19283228769673263,2.0,7.0,0.0,220.19642202870847,0.7876974509094409,0.21230254909055912,-0.09100425348049765,0.788233857768437,-1447.318299691391
994,-212.09117718656788,1.0,0.16462928917163913,2.0,3.0,0.0,213.16374610452792,0.65563425371115,0.34436574628884997,-0.3326884236879876,0.6490340629547489,-1454.3345031066322
995,-212.49998494783546,0.952769393863456,0.1537566894965502,3.0,11.0,0.0,213.51978393283645,0.9121948035923363,0.08780519640766371,0.07126376760231926,1.1590372269042744,-1449.294672092235
996,-212.76714948839202,0.9343924351736793,0.1530709667148982,4.0,23.0,0.0,214.43394231361705,0.9095986161554114,0.09040138384458862,-0.08310247007298754,1.3593080425994946,-1450.8847058757083
997,-213.65884170880244,0.9110014797124767,0.19283228769673263,4.0,19.0,0.0,214.31546946685276,0.20957890918053762,0.7904210908194624,0.9195288800543023,0.10772240285582506,-1462.743810544636
998,-212.59226081116765,0.7856143421773883,0.16462928917163913,2.0,3.0,0.0,213.31013198985417,0.5568630997370744,0.4431369002629256,-0.13498153768146448,0.7080346561519598,-1458.4206034963763
999,-212.73982107761074,0.9660266715081659,0.1537566894965502,3.0,15.0,0.0,214.655368841692,0.8495484909184629,0.15045150908153715,0.05854497073951201,1.091949851077674,-1454.311710589724
