draws,lp__,accept_stat__,stepsize__,treedepth__,n_leapfrog__,divergent__,energy__,rho.1,rho.2,gamma.1,gamma.2,nu.1,nu.2,mu.1,mu.2,log_prob_data
0,-412.9356612989841,0.9581974577720342,0.14763308084387175,4.0,15.0,0.0,414.1886258904404,0.3622256803105418,0.6377743196894582,0.9988233459487722,0.001176654051227799,0.6024012005125394,0.903589013197934,-1.2900149324093644,-0.6517164661195635,-2792.9133291489293
1,-406.1255272472398,0.9061045316319484,0.12152810673938115,4.0,15.0,0.0,410.0218988502757,0.10454294048161097,0.895457059518389,0.5739812132690717,0.4260187867309283,0.42998554199344435,0.4657962893038549,-0.5584629228533129,-0.8114258921317501,-2778.1402954730956
2,-408.833650833925,0.8819403831547427,0.1408622771501794,5.0,31.0,0.0,412.98605416867053,0.09440416388484976,0.9055958361151503,0.03321499401947184,0.9667850059805282,1.4416700314528323,0.5054135368611294,-0.7959410000929672,-0.7960153756253587,-2780.272430939369
3,-407.18368811106745,0.9004743541526679,0.11564723672224476,5.0,47.0,0.0,413.57207409408477,0.8473892873788963,0.1526107126211037,0.9501426905101745,0.049857309489825474,0.45595509405328505,0.4273885139037754,-0.6998843195497333,-0.7835979372077719,-2776.2385367936745
4,-409.18487295457123,0.9900762869365035,0.14763308084387175,4.0,15.0,0.0,415.18785864423944,0.158725736158018,0.841274263841982,0.9938592479555104,0.006140752044489606,0.4888295745431383,0.5156283249729895,-0.9680640113001375,-0.6394142693513865,-2775.8202352491567
5,-409.14986887121336,0.9606130665951165,0.12152810673938115,4.0,19.0,0.0,411.04532299066915,0.13081534605228484,0.8691846539477152,0.10206190141515037,0.8979380985848496,1.28124696038621,0.4543296641458845,0.5410449802794463,-0.9620586824065096,-2792.132531812114
6,-409.0822232302844,0.8166766527763382,0.1408622771501794,4.0,31.0,0.0,410.5159734994555,0.05712706986456137,0.9428729301354386,0.06458303589166922,0.9354169641083308,1.2984496187669456,0.3650302264627742,-0.7492747689151418,-0.6594046268749275,-2783.8421299250185
7,-407.6138789834996,0.9582740899165471,0.11564723672224476,4.0,15.0,0.0,411.5028961637986,0.8967861179134702,0.10321388208652982,0.9380488950314857,0.0619511049685143,0.4185416706238519,0.4462706576461638,-0.7064127931907646,-0.9283390426339456,-2778.103892751189
8,-409.4072013142349,0.9591963256985082,0.14763308084387175,5.0,59.0,0.0,413.5388727219144,0.8892870641964882,0.11071293580351182,0.02026813336730257,0.9797318666326974,0.21617398038687258,0.3888006526735698,-0.6953779755889086,-0.2724889422657594,-2784.3462742369716
9,-410.8664382918678,0.9693934077806536,0.12152810673938115,5.0,47.0,0.0,413.50845594259727,0.030661453613903964,0.9693385463860961,0.2103427245991847,0.7896572754008153,1.3866487672523522,0.2694648201374673,0.997824833250486,-0.8313350296003548,-2798.2978316044782
10,-407.2678155877376,0.9820437903816532,0.1408622771501794,5.0,63.0,0.0,410.5410698875836,0.6506621957843519,0.3493378042156481,0.23363985991238242,0.7663601400876175,0.9669645651574512,0.37637860781339955,-0.9964517017563166,-0.01975109506555038,-2789.4034527515537
11,-407.95076385611003,0.9928325216084525,0.11564723672224476,5.0,31.0,0.0,409.22354585875155,0.478964665651092,0.521035334348908,0.5003149597724451,0.4996850402275549,0.7673712645162911,0.0927526790088079,-1.2437258347346556,-0.26069085044338847,-2796.949206190974
12,-409.67129133731055,0.8154613872892914,0.14763308084387175,4.0,15.0,0.0,411.29333856637857,0.7507450279929131,0.2492549720070869,0.015816331104814223,0.9841836688951858,0.29281682705296724,0.3347414441977958,-0.8915739582980199,-0.2947923103234064,-2788.6450439934333
13,-412.7084413439714,0.822802047981999,0.12152810673938115,2.0,3.0,0.0,413.91732860679014,0.03534471548499473,0.9646552845150053,0.2042299856395131,0.7957700143604869,1.3346115253000919,0.11555498497818381,0.9759653213000137,-0.8257138146695492,-2812.0386555380887
14,-407.9407003138274,0.9626949577559892,0.1408622771501794,5.0,31.0,0.0,408.61544663872013,0.8767939587126867,0.12320604128731327,0.15628815372997093,0.843711846270029,1.103939362141573,0.4229899323216365,-0.6588388272145723,-0.288584861656788,-2786.9335407222115
15,-408.541048095337,0.8619346008564077,0.11564723672224476,4.0,19.0,0.0,411.3743756110504,0.09676424307041777,0.9032357569295822,0.7977356797222367,0.2022643202777633,0.4552668874325332,0.7026360191482661,-0.4631421356690716,-0.5606483032797137,-2791.6029346673845
16,-408.74737201344277,0.8019230859892922,0.14763308084387175,4.0,15.0,0.0,412.25987660737735,0.5536537747908287,0.44634622520917133,0.8126173627531164,0.18738263724688364,0.21138464496171644,0.5833876941020455,-0.8099699502890738,-0.5815600354681343,-2799.678588972023
17,-409.2340028953119,0.9748936566169282,0.12152810673938115,5.0,43.0,0.0,415.6169637294753,0.7771279572599147,0.22287204274008532,0.16887613600445048,0.8311238639955495,1.4725214554842112,0.4392452562480861,-0.8256350762049519,0.00169064571760566,-2798.5856096593398
18,-409.1129342743119,0.944868704764019,0.1408622771501794,5.0,63.0,0.0,410.7738915365147,0.7911562489226197,0.2088437510773803,0.026243641015352013,0.973756358984648,1.8422590037310085,0.5386236550146628,-0.7097455785403362,-0.364158342568396,-2784.554365829142
19,-405.3594349729564,0.9481495354900059,0.11564723672224476,4.0,15.0,0.0,411.2054718554029,0.37149714708407106,0.6285028529159289,0.18854771334580273,0.8114522866541973,0.6137535680025658,0.5066131124140624,-0.5436907567093452,-0.8365881074471033,-2775.7009495096913
20,-407.4002725779027,0.9755741533536515,0.14763308084387175,4.0,31.0,0.0,411.7746809325931,0.2405119207523536,0.7594880792476464,0.8264517996657587,0.17354820033424134,0.3957633334920164,1.2905791963349271,-0.9573822918278564,-0.6705463293363475,-2786.3101532939827
21,-407.22928768983303,0.9526187634693225,0.12152810673938115,4.0,19.0,0.0,411.730411762148,0.2462464950427907,0.7537535049572093,0.030738965827513346,0.9692610341724867,0.6768702455312972,0.47353227722605273,-0.7364327463865784,-0.7006042735402689,-2775.655467249418
22,-409.1331560754601,0.955073950555081,0.1408622771501794,4.0,15.0,0.0,410.1190152887577,0.523934916535311,0.476065083464689,0.022810307912830032,0.97718969208717,1.739628846017028,0.3976021635261632,-1.102736678360065,-0.22966365043832043,-2786.4800563470194
23,-405.89629927241685,0.9850524152213346,0.11564723672224476,5.0,31.0,0.0,408.15932131220364,0.3043661212558254,0.6956338787441746,0.8212049557947473,0.17879504420525272,0.5615082444419782,0.6209332607362766,-0.9898769632510549,-0.6022508161662741,-2778.091383241654
24,-407.1525407900588,0.6475374333055384,0.14763308084387175,4.0,31.0,0.0,413.59544857114594,0.2562478921944165,0.7437521078055835,0.8175642539818089,0.18243574601819113,0.6839483984306499,-0.07937894921264838,-1.1865352575058354,-0.6324085729388076,-2785.945116658543
25,-408.2858639161733,0.8834311859508169,0.12152810673938115,5.0,31.0,0.0,413.1024454993191,0.13267640701803682,0.8673235929819632,0.9605199996806981,0.03948000031930188,0.5380598258508671,-0.4604149142159675,-1.5228440189292751,-0.6238470532193254,-2780.0276381958342
26,-411.0278338269551,0.8806461508730609,0.1408622771501794,4.0,15.0,0.0,412.1375973886495,0.7231180638179268,0.27688193618207324,0.0028722345575677593,0.9971277654424322,1.7948116675868582,0.36179436404781057,-0.8290589557416694,-0.3941054745499286,-2784.098806374434
27,-408.3686972904051,0.740132452423865,0.11564723672224476,4.0,31.0,0.0,409.60698095437635,0.6745178801595361,0.32548211984046393,0.054045589544608134,0.9459544104553919,-0.013151589682577514,0.36928655966924856,-0.5151017096230137,-1.217098595015197,-2788.271234067856
28,-410.8675166440047,0.7918847411599209,0.14763308084387175,5.0,31.0,0.0,412.9475737664655,0.8184138466008593,0.18158615339914075,0.997089346855533,0.0029106531444670347,0.5141817463256587,2.3391990384035055,-0.6835408762500608,-0.48878440421667724,-2779.083307713388
29,-409.47087329295624,0.8221623978528787,0.12152810673938115,4.0,15.0,0.0,412.1394320445021,0.12434014124539615,0.8756598587546038,0.985684026649715,0.014315973350285005,0.5752394298001386,-0.33028108061592215,-1.2137529357104657,-0.7521881495813675,-2781.6334873677506
30,-410.70877916742177,0.9490740556415329,0.1408622771501794,5.0,63.0,0.0,413.3790718527502,0.9360815830810877,0.06391841691891231,0.008362273021143734,0.9916377269788562,1.3608982981697955,0.5856931269886582,-0.8544687972481206,0.12536055534267648,-2781.9778447270655
31,-409.7755764584028,0.9840886572468525,0.11564723672224476,4.0,15.0,0.0,410.72921095122877,0.8697393420904533,0.13026065790954666,0.024384058820317647,0.9756159411796823,-0.6479595801629052,0.6454746070384009,-0.6646032458384643,-1.4026125535952716,-2786.95871061306
32,-412.64151230895163,0.9285118356129705,0.14763308084387175,5.0,47.0,0.0,417.275220735662,0.04304116820015663,0.9569588317998434,0.9931963253002445,0.006803674699755513,0.4237459197415368,-1.5821453415473103,1.0822910606856535,-0.6685600346493387,-2790.1609355145233
33,-409.1917890577049,1.0,0.12152810673938115,3.0,15.0,0.0,410.5974445385713,0.13530594480062083,0.8646940551993791,0.9873767763875039,0.012623223612496126,0.4412673672974123,-0.16348985769974575,-1.4783471119337055,-0.6550020467810237,-2779.036743048556
34,-410.3480644259593,0.9679816282413021,0.1408622771501794,4.0,15.0,0.0,412.52564474964555,0.17198482948739602,0.828015170512604,0.20310949556488989,0.7968905044351101,1.5705645039294347,0.4211815794764893,-1.0292236450896781,-0.6272652466936687,-2805.003448773135
35,-410.37990192135453,0.6877502250563529,0.11564723672224476,5.0,31.0,0.0,414.7494087383179,0.7497563012866073,0.2502436987133927,0.017250434527743344,0.9827495654722567,-0.5274812130736051,0.48283673615043066,-0.46590341578531336,-0.77134671450713,-2793.9371550053243
36,-412.28489212332516,0.9388951511550778,0.14763308084387175,4.0,31.0,0.0,414.3892528515979,0.01819144412221692,0.981808555877783,0.9689461637006053,0.031053836299394733,0.5897615802968272,-1.60479520395758,1.1213260410696326,-0.8088512827711389,-2791.7817318362845
37,-410.35713288767494,0.7594433766665375,0.12152810673938115,4.0,15.0,0.0,412.99129017612495,0.02433268844011113,0.9756673115598888,0.9139728045164023,0.08602719548359772,0.5317501164971536,-0.6400733257752077,-1.6785093343440682,-0.6661819707223262,-2787.8271289197314
38,-408.98816834510126,0.9310982719948903,0.1408622771501794,4.0,31.0,0.0,416.64049269244236,0.8599724301247942,0.14002756987520582,0.13276745083258482,0.8672325491674152,1.3562356607813266,0.5527026999026472,-0.805357643042876,-0.38587826045916024,-2793.0955736950255
39,-407.6794639331592,0.9903188317554338,0.11564723672224476,5.0,31.0,0.0,412.8888935401092,0.4349545619449899,0.5650454380550101,0.0165600475581557,0.9834399524418443,0.0019941382179398046,0.5197347083349296,-0.4587588850294907,-1.001654164440866,-2776.7321680782657
40,-413.01942926553244,0.9897058013286131,0.14763308084387175,3.0,7.0,0.0,414.19984036308773,0.007213171363760133,0.9927868286362399,0.9776481450030111,0.022351854996988885,0.5747980016976678,-1.8315935824323204,1.0719274287909335,-0.7238090590774929,-2787.881162380286
41,-405.2012742310366,0.9863506406802587,0.12152810673938115,5.0,31.0,0.0,412.66462716439554,0.4093868129590761,0.5906131870409239,0.5655168960403537,0.4344831039596463,0.5947912659679244,0.26988290293497463,-0.7481049940388782,-0.7142266443548693,-2778.236470329053
42,-408.5221690776558,0.88405649647096,0.1408622771501794,4.0,31.0,0.0,411.7372232211046,0.05552128468261553,0.9444787153173845,0.1934635483914507,0.8065364516085494,0.6476950513534797,0.305159472463572,-1.0816339717603405,-0.6282904918285339,-2786.980299539914
43,-406.163717372837,0.9959969423569874,0.11564723672224476,4.0,15.0,0.0,408.3870063805768,0.4795283020928666,0.5204716979071333,0.06667391459668887,0.9333260854033112,0.5966158526983201,0.5035534908829536,-0.6296916344675053,-0.7813239666462022,-2775.51356015058
44,-412.8901596642564,0.9439039493488119,0.14763308084387175,4.0,15.0,0.0,418.8963890997213,0.006394007964538381,0.9936059920354616,0.9626840828982076,0.037315917101792384,0.6810072368792494,-0.6701642056093952,1.4973669910752536,-0.7285298034455813,-2791.0389151641375
45,-407.0731503521589,0.8360820133894661,0.12152810673938115,4.0,23.0,0.0,408.709644736424,0.4717136449987226,0.5282863550012774,0.80241211734886,0.19758788265114002,0.6142574992191391,0.11977183587305092,-0.8308258655052935,-0.8929364360796779,-2788.018644233173
46,-409.4603957005184,0.9804672641884444,0.1408622771501794,4.0,15.0,0.0,412.5216328712691,0.3924302354540054,0.6075697645459945,0.8580195622087292,0.14198043779127079,0.38549861275019787,0.32813657486926306,-0.017139509636757325,-0.8573584851400929,-2803.150247915872
47,-407.02325639257003,0.9673030273552569,0.11564723672224476,4.0,31.0,0.0,409.4091029632671,0.8170920639150318,0.18290793608496825,0.9143749165065904,0.08562508349340958,0.42842897138073494,0.22605199819442381,-0.6874680649080892,-0.6972394322280729,-2779.860417016013
48,-413.0740597439511,0.9758184896264787,0.14763308084387175,4.0,31.0,0.0,415.7867691521952,0.0041409088193144735,0.9958590911806855,0.954594841800673,0.045405158199327,0.5490710105040963,-1.3024592600246407,1.4311469117130537,-0.7318185313659166,-2789.847351487759
49,-407.4382930179558,0.9320091365901895,0.12152810673938115,5.0,31.0,0.0,410.6175740759831,0.3197672113444605,0.6802327886555395,0.845364356270237,0.15463564372976302,0.4840365364245581,0.050006251809368386,-0.564371514412571,-0.6098000984795523,-2789.0907739211384
50,-414.6200020392057,0.6724663824756713,0.1408622771501794,4.0,19.0,0.0,417.52249019231,0.003424144507756877,0.9965758554922431,0.8022808063161168,0.19771919368388324,0.6230313707887739,-0.05905584138971748,0.11726954353903798,-0.4865038365675871,-2811.5821376999056
51,-406.5625814742049,0.9991796828271006,0.11564723672224476,4.0,15.0,0.0,407.85478884064094,0.5396051860589769,0.4603948139410231,0.5583540506662599,0.44164594933374013,0.8258260249045619,0.13451005934113414,-0.7224658020412649,-0.6381226066280503,-2787.7374426682204
52,-413.58439753668017,0.7919386960215111,0.14763308084387175,4.0,15.0,0.0,416.02416498446644,0.002244351020936385,0.9977556489790637,0.9843658205559661,0.01563417944403389,0.558734881424877,-1.2956154171627203,1.636557643379484,-0.765609385535637,-2781.420428642115
53,-407.52016597018684,0.9924896613075718,0.12152810673938115,3.0,15.0,0.0,410.01164586209114,0.3163955733132153,0.6836044266867847,0.6299377069195281,0.3700622930804719,0.5851961464424765,0.06770237280334081,-0.3345150701226845,-1.0746110610258715,-2793.020248261834
54,-409.37738752157605,1.0,0.1408622771501794,4.0,23.0,0.0,415.3594320185794,0.00574627939693658,0.9942537206030634,0.7941687662339361,0.20583123376606394,0.5936572923599887,0.1146924951339448,-0.08545637916695625,-0.7618602171512814,-2778.8662953857106
55,-407.13353296350795,0.7831202263551152,0.11564723672224476,3.0,11.0,0.0,409.92911376624545,0.76582330810319,0.23417669189681,0.8665531554395077,0.13344684456049227,0.39908391323612397,0.1419302040283256,-0.6586544081256,-0.941455311557423,-2784.311123482736
56,-412.1351925619145,0.9830523712263133,0.14763308084387175,5.0,63.0,0.0,418.3910983233012,0.21847226434613964,0.7815277356538604,0.9877697285715096,0.012230271428490425,0.6453567013793142,2.007864546818732,-1.052773237658136,-0.8103986429548415,-2798.8484296189304
57,-407.5177502632301,0.840144889611294,0.12152810673938115,4.0,19.0,0.0,412.42540139496657,0.8349572742684513,0.16504272573154866,0.8937468602779042,0.10625313972209582,0.5940453648064361,0.7805785057025119,-0.6675353614713397,-0.7658584825165531,-2783.357508972625
58,-407.5063962767178,0.9716017516652956,0.1408622771501794,5.0,31.0,0.0,412.394487287612,0.04364142781972984,0.9563585721802702,0.2441285732460291,0.7558714267539709,0.4199985825417314,0.6392461851810238,-0.4136144649693165,-0.7141093297941086,-2780.245939805799
59,-409.7341182324125,0.6675361962827395,0.11564723672224476,5.0,31.0,0.0,414.33730436930404,0.1270114888028056,0.8729885111971945,0.023056886505138867,0.9769431134948612,-0.8433146778836719,0.4464039142389379,-0.587736520373946,-0.8733469364943817,-2787.2057691393993
60,-409.9218221564187,0.9836581016598857,0.14763308084387175,4.0,23.0,0.0,415.34963553006645,0.017917290197043884,0.9820827098029561,0.35625414520361254,0.6437458547963875,0.5754925559793087,0.28126036785101316,-1.8459784708555722,-0.8286853093307239,-2789.6700931642254
61,-406.810055758014,0.9881149539088717,0.12152810673938115,4.0,31.0,0.0,409.0977784945961,0.1347284489354674,0.8652715510645326,0.42635725190195056,0.5736427480980495,0.20562939672968233,0.546368437480961,-1.436054728951466,-0.660110535159932,-2783.119222434384
62,-407.0233521496151,0.8108692052577063,0.1408622771501794,3.0,15.0,0.0,411.7416075991741,0.0544047971202778,0.9455952028797222,0.6352812113057884,0.3647187886942116,0.3369084840956394,0.7787944757922742,-1.092612094972546,-0.7123677923872213,-2778.9286780130815
63,-408.96419319727903,0.9869998884825387,0.11564723672224476,4.0,27.0,0.0,411.1171065716073,0.6967266623274432,0.3032733376725568,0.016335332472038614,0.9836646675279613,-1.598309581060373,0.5083550505917139,-0.5917553483272353,-1.0938651179610823,-2781.986867999049
64,-408.35414024375643,1.0,0.14763308084387175,4.0,15.0,0.0,410.42180111734524,0.03349440455189299,0.966505595448107,0.6995836034570735,0.3004163965429265,0.42030995351698114,0.32861937429873467,-1.7707158116068331,-0.7606978157832419,-2782.885895555513
65,-408.14435587259726,0.7151404451929768,0.12152810673938115,4.0,15.0,0.0,410.6537620011906,0.344401282026269,0.655598717973731,0.2969616690431111,0.7030383309568888,0.6750001037382847,0.521804739868895,-1.3924384493862219,-0.6636756199532576,-2795.577532450161
66,-407.5717508240366,0.9925595689556015,0.1408622771501794,4.0,31.0,0.0,408.97693137910244,0.016976212293927363,0.9830237877060727,0.33933051533736114,0.6606694846626389,0.4529267520714556,0.5517743559584539,-0.5154617485814934,-0.7264089652463452,-2775.6779105359237
67,-409.30332704513324,0.9657768699911584,0.11564723672224476,5.0,31.0,0.0,410.206880372498,0.167876570619037,0.832123429380963,0.015435377666439615,0.9845646223335603,-1.3341221139626525,0.44278191229556574,-0.5367981687526016,-0.7374114292621692,-2782.4258260968936
68,-408.81030058056143,0.932733385195705,0.14763308084387175,4.0,15.0,0.0,411.5893084450622,0.28134289484123737,0.7186571051587627,0.9639546130761701,0.03604538692382986,0.41384051737247207,0.7525044794888333,-1.1664240769008767,-0.37772021458469623,-2787.7763925214017
69,-409.46038251805993,0.9752473798809731,0.12152810673938115,4.0,15.0,0.0,410.5515887455078,0.11026006454824598,0.889739935451754,0.13129408797595532,0.8687059120240447,0.9023571570778726,0.3417232540511091,-1.3085276772878558,-0.4687179306114389,-2794.9448343685967
70,-407.7044618743126,0.8469145808488027,0.1408622771501794,4.0,15.0,0.0,409.4910825548933,0.07144945220983788,0.9285505477901621,0.7795842855868591,0.2204157144131409,0.6494208797747353,0.3780452309380158,-0.4826830960252945,-0.6527262023807683,-2784.3598268805426
71,-411.5517375761699,0.9650198541480409,0.11564723672224476,3.0,15.0,0.0,412.32861680846787,0.49200969691092705,0.5079903030890729,0.001022407333745373,0.9989775926662546,-1.0773582009831928,0.5538674651788449,-0.3050808927714411,-0.9168847287338006,-2783.6762862674072
72,-407.2257564965557,1.0,0.14763308084387175,4.0,15.0,0.0,409.34898566198206,0.574236245388365,0.42576375461163496,0.9321661316825443,0.06783386831745575,0.5046393226950205,0.5661909951771164,-1.085683827642709,-0.5263389110633886,-2782.4601401503733
73,-408.1577794057486,1.0,0.12152810673938115,3.0,15.0,0.0,410.68781316845997,0.13971569712467194,0.8602843028753281,0.7105472889436116,0.28945271105638837,0.40933310416130003,0.4899702998730236,-1.570995343345963,-0.7847442733334425,-2790.8797426857927
74,-407.47118803094537,0.9873985973876794,0.1408622771501794,5.0,63.0,0.0,410.0582329358777,0.5851566005032224,0.4148433994967776,0.9228620560052048,0.07713794399479523,0.35372181131433833,0.5073584593247855,-0.8543615281135679,-0.6811412102352499,-2785.3172470794643
75,-409.1260390006955,0.8936620326900965,0.11564723672224476,5.0,31.0,0.0,417.74410034355435,0.9521957359027167,0.04780426409728333,0.08707379552695883,0.9129262044730412,1.2247311116724486,0.39731181567090346,-0.6467506220720451,-2.0736661595442674,-2781.8034035046235
76,-407.28222318908973,0.9414256476220302,0.14763308084387175,4.0,31.0,0.0,410.23145844316076,0.25773996259291815,0.7422600374070818,0.03300209287763968,0.9669979071223603,0.47841488856242254,0.5560678152710614,-0.4950569456120119,-0.7804251257845507,-2776.983871519282
77,-408.779044792957,0.9304641999510926,0.12152810673938115,2.0,7.0,0.0,410.53234597700043,0.15481209803401638,0.8451879019659836,0.7077558014255699,0.29224419857443007,0.5981623132991788,0.5776339460186809,-1.5162011626439864,-0.3980989152015133,-2796.0927401786585
78,-407.30613573601204,0.9942791530120028,0.1408622771501794,4.0,23.0,0.0,409.55172468349156,0.33250632158839577,0.6674936784116042,0.9207271646206525,0.07927283537934748,0.5215914341705267,1.3035970397395267,-0.6661889754601945,-0.7115962590276408,-2782.5692898563398
79,-408.53084232158943,0.95803943389247,0.11564723672224476,4.0,15.0,0.0,410.58501076374534,0.9523367542659972,0.047663245734002824,0.35632506278412013,0.6436749372158799,0.12216116685418507,0.5014768341603536,-0.7524896103302902,-1.5035082942079214,-2787.826972477604
80,-410.35640203809754,0.4284242582131885,0.14763308084387175,4.0,15.0,0.0,414.3801050169544,0.045184827297659436,0.9548151727023406,0.006445691754394666,0.9935543082456053,0.35861291714919036,0.44880075880131676,-0.8028006918160369,-0.6958375078139193,-2776.779624049246
81,-407.44490592766806,0.6730459274569375,0.12152810673938115,4.0,31.0,0.0,412.96261470290733,0.041138330986560334,0.9588616690134397,0.5967060756503348,0.40329392434966516,0.5243876566277527,0.3454483454047288,-1.7600105077701584,-0.6191547098343115,-2779.012391509642
82,-409.08728748487397,0.9632194950382863,0.1408622771501794,5.0,31.0,0.0,410.7516806014381,0.020073550973748126,0.9799264490262519,0.1551405824031184,0.8448594175968815,0.8633650031747188,0.31012575153820043,-0.2308083607221038,-0.7562550956126451,-2783.4337247873073
83,-411.2639661273906,0.8346345367304893,0.11564723672224476,4.0,15.0,0.0,414.7008803396812,0.9916778192448851,0.008322180755114927,0.04986118831539443,0.9501388116846056,0.5142784386757228,0.40141812962302925,-0.7661554632574429,-2.468560225962521,-2780.5705695095476
84,-409.9928281761911,0.8622967689203578,0.14763308084387175,5.0,31.0,0.0,413.6853637241154,0.872007154295578,0.12799284570442204,0.8168639215835298,0.18313607841647017,0.32560473680749313,0.7521111764822973,-0.5541450584441996,-0.2852168626374446,-2802.9444322617783
85,-406.7022139216186,0.9896523071999488,0.12152810673938115,5.0,63.0,0.0,411.46592964925344,0.8095264458696062,0.1904735541303938,0.8938931863805857,0.10610681361941432,0.45521559776398174,0.8962500490318542,-0.6163884705273279,-1.318886894119913,-2777.5113631563745
86,-411.45900291088856,0.6235499335195701,0.1408622771501794,4.0,31.0,0.0,416.9645451811739,0.002627906332943894,0.9973720936670561,0.2542983383546658,0.7457016616453342,0.2687710107212925,0.7606149201563379,0.27540723442966547,-0.7187508566463146,-2788.6381749458037
87,-405.7023704802804,0.9968278874251506,0.11564723672224476,5.0,31.0,0.0,413.4315116045952,0.6846408664531559,0.3153591335468441,0.7885536548191772,0.21144634518082284,0.44496660302965396,0.37382673960381246,-0.5795126964509283,-0.9177380445294405,-2778.2207711124274
88,-406.5848799877514,0.9942280903067034,0.14763308084387175,4.0,15.0,0.0,410.95578564786666,0.13034278648395714,0.8696572135160429,0.17687828216312806,0.8231217178368719,0.5435954043860654,0.4799688646131114,-0.8921741459543664,-0.6057684162282928,-2778.77989900975
89,-406.5449900053597,0.8871043026959775,0.12152810673938115,4.0,15.0,0.0,409.3863267769446,0.3937948869000875,0.6062051130999124,0.9089709560265579,0.09102904397344214,0.5010448983123023,0.5448934824920428,-0.7394717687351526,-0.8739561446298337,-2779.599127376777
90,-408.90550805547247,0.9615969343051043,0.1408622771501794,3.0,15.0,0.0,415.1711185030337,0.021037012326547918,0.9789629876734521,0.6363879441287188,0.3636120558712812,0.3404762973669018,0.3446001146403368,0.44416953386188907,-0.7438665643541811,-2786.8371438851846
91,-404.86445286175365,0.9863651704353187,0.11564723672224476,4.0,15.0,0.0,407.05362438299977,0.40898265147548196,0.591017348524518,0.4661048118592508,0.5338951881407492,0.4461869708060606,0.519860952894431,-0.4463033989086249,-0.8540822323669324,-2776.080486827449
92,-407.27414775664045,0.8608585836996955,0.14763308084387175,4.0,31.0,0.0,409.09824353097895,0.6836407576938343,0.31635924230616574,0.9021406542023818,0.09785934579761824,0.43854387278638784,0.3100600371482464,-0.4104233039655056,-1.0567527097157061,-2784.647644330627
93,-407.7326486758899,0.979548614804807,0.12152810673938115,3.0,15.0,0.0,409.89251974704615,0.6617037054649582,0.33829629453504184,0.9706575954869049,0.02934240451309511,0.4122586246353044,0.7982051039224974,-0.7305745392894489,-0.5299546390134088,-2780.1964925472466
94,-406.6438867244869,0.9851940662918098,0.1408622771501794,4.0,31.0,0.0,411.5615810168372,0.381023080744059,0.618976919255941,0.825493030319817,0.17450696968018298,0.41626615101567777,0.955877631863465,-0.2518979703248941,-1.0954108353357703,-2783.603945313831
95,-409.55010014927853,0.7967605139773541,0.11564723672224476,4.0,31.0,0.0,411.0997262398497,0.976188408691787,0.023811591308212976,0.08086061614502887,0.9191393838549711,0.6620271774735247,0.610905560029644,-0.7187746349595832,-1.401949936057018,-2782.287528224832
96,-407.41229394736706,1.0,0.14763308084387175,4.0,31.0,0.0,409.2027283725857,0.030760183173269857,0.9692398168267301,0.3336960997722952,0.6663039002277048,0.6561099745699788,0.5166160216645567,-0.5133698957956732,-0.7676338853296123,-2778.3144373885316
97,-408.4540270993428,0.9934378394569972,0.12152810673938115,3.0,15.0,0.0,410.8470020267353,0.6804563604688028,0.31954363953119724,0.9832339897355562,0.016766010264443798,0.5908787438932079,0.5696187111269346,-0.9738462330822255,-0.27685955276951596,-2781.135051524321
98,-408.14142177910537,0.9418296516001867,0.1408622771501794,4.0,31.0,0.0,412.43676505542373,0.9433215808131172,0.05667841918688277,0.7747408431677728,0.2252591568322272,0.5158475793453327,0.1758981840540198,-0.8482458435541111,-0.8251760636327168,-2785.5854536184197
99,-410.8089714164429,0.9484795799191204,0.11564723672224476,4.0,31.0,0.0,413.77088860506956,0.9834850675426766,0.016514932457323384,0.19081823778586945,0.8091817622141305,1.1072745980866106,0.21560882347354954,-0.7225185197280071,-1.68394718228644,-2792.403985502155
100,-406.2838225099802,0.8451668459645377,0.14763308084387175,4.0,15.0,0.0,409.63336131614557,0.7972966336549376,0.20270336634506236,0.6789679441467106,0.3210320558532894,0.43646202879260965,0.4177746353931717,-0.7328431644775812,-1.162624174348414,-2781.450236586504
101,-409.20128241209966,0.9444643142337318,0.12152810673938115,2.0,3.0,0.0,409.7477082204965,0.7104518346512726,0.2895481653487274,0.9812502030925625,0.0187497969074375,0.6347994107844424,0.571671953998676,-0.9450874521172876,-0.15561001642248362,-2786.7169397461475
102,-407.0817398124763,0.9216399292928266,0.1408622771501794,4.0,15.0,0.0,411.44938452893894,0.6622554964918099,0.3377445035081901,0.4030496835747807,0.5969503164252192,0.5212266892776402,0.5470981318321413,-0.7583407495269717,-0.14691271240848863,-2790.827052937205
103,-410.66262310295804,0.8686662527959289,0.11564723672224476,5.0,63.0,0.0,413.9401341941121,0.8531918049421129,0.14680819505788711,0.8952392911073123,0.10476070889268774,0.4845766675416475,1.0298758874212413,-0.6380075184259475,-2.2221873553964078,-2800.3238912252764
104,-406.1821583244793,0.8868238151805782,0.14763308084387175,4.0,15.0,0.0,408.8031080300686,0.2755441367479966,0.7244558632520034,0.5437150540380616,0.45628494596193836,0.3576354433440011,0.8475854255221599,-0.4603002603323799,-0.825815565624717,-2783.5444369324427
105,-414.0455212686466,0.6809549564972863,0.12152810673938115,4.0,15.0,0.0,416.57557458983155,0.8764176159991709,0.1235823840008291,0.4246282456877256,0.5753717543122744,0.3274280929211195,0.1774345579679833,-0.5236768308199543,-0.3022943717732729,-2834.6004344890907
106,-406.8606387978213,0.9242531554066964,0.1408622771501794,5.0,31.0,0.0,410.862262844146,0.04852138816950026,0.9514786118304998,0.367512630239233,0.632487369760767,0.45187655598477217,0.6121915305900713,-0.7029058611154686,-0.7586559916118152,-2777.7464264741493
107,-413.89922380073233,0.7186416631962177,0.11564723672224476,6.0,63.0,0.0,421.1580885774439,0.005522812200998825,0.9944771877990012,0.01636219731221237,0.9836378026877877,2.056860339322206,0.4032705968961082,0.25771706960393753,-0.8742135164404932,-2790.1289962008273
108,-405.8165012933954,1.0,0.14763308084387175,4.0,15.0,0.0,406.9378516168016,0.2779830563971605,0.7220169436028395,0.8380044952791176,0.16199550472088242,0.5330180000757885,0.24281361573765595,-0.6163541647553958,-0.704636934790341,-2777.340701161659
109,-409.35498764661276,0.9338070453708293,0.12152810673938115,4.0,15.0,0.0,415.3858528196644,0.5143424926430896,0.4856575073569104,0.7931351883319245,0.20686481166807547,0.6928693947228317,0.7327256727133077,-1.0222696827241655,-0.2197187444857449,-2803.8346260660837
110,-406.50394846846535,1.0,0.1408622771501794,2.0,3.0,0.0,406.8807481079441,0.05333849205548372,0.9466615079445163,0.3814418885829987,0.6185581114170013,0.44735276203225155,0.5687311322467734,-0.7205724131443058,-0.7475154783678444,-2776.045026930241
111,-414.2563893990585,0.994401249522466,0.11564723672224476,4.0,31.0,0.0,415.27517212816076,0.0039030216091357033,0.9960969783908643,0.029577100375235994,0.970422899624764,2.151985420124963,0.3938863077203804,0.4206171598771771,-0.5850868107152829,-2794.135320856203
112,-407.00232017423934,0.9378570856362974,0.14763308084387175,4.0,31.0,0.0,410.15201576572457,0.8691264489386131,0.13087355106138687,0.4787312596303272,0.5212687403696727,0.44226471101768544,0.6375803942671496,-0.49601342977691876,-1.422158452864578,-2784.388984980331
113,-405.9528335426672,0.984894827957776,0.12152810673938115,4.0,15.0,0.0,413.63433819864514,0.636411580443019,0.36358841955698096,0.09343983636993315,0.9065601636300669,0.3637132692543008,0.483551938480191,-0.7879444014352066,-0.6777403454823873,-2775.811471730135
114,-405.53401949014756,0.9251723835414779,0.1408622771501794,4.0,31.0,0.0,407.9053953672291,0.6423765439631993,0.3576234560368007,0.32250772950055573,0.6774922704994443,0.18172022970103935,0.560490609730109,-0.6402144993943489,-0.8804317056225284,-2779.3398478463378
115,-415.6160545067445,0.9831884758094543,0.11564723672224476,5.0,31.0,0.0,417.30438384108203,0.0004399566735392291,0.9995600433264608,0.08879495329769244,0.9112050467023076,-0.7313775684170476,0.657167433253401,0.49262632344850876,-0.8345656917222378,-2798.567370014171
116,-409.4926568265821,0.9040617440058254,0.14763308084387175,3.0,7.0,0.0,409.95430620937435,0.9154737719770158,0.08452622802298415,0.7925484871636274,0.20745151283637264,0.3767867899858744,0.3921900267822732,-0.8497067794386446,-1.4103727627595433,-2795.930692515628
117,-406.4130079473581,0.8991894213123931,0.12152810673938115,4.0,15.0,0.0,408.9583048219172,0.32075209053540726,0.6792479094645927,0.17841587096819495,0.8215841290318051,0.6112983502535954,0.45557960023161714,-0.15053146264745537,-0.8315611118598816,-2782.492657553666
118,-405.24399193213253,0.9787516339287958,0.1408622771501794,4.0,31.0,0.0,406.52738722121137,0.6201226258631038,0.37987737413689615,0.40676665959175157,0.5932333404082484,0.35827272681901123,0.5856689598930209,-1.0147249712163753,-0.293115557786708,-2778.14855100904
119,-414.2051130983608,0.9339705085075317,0.11564723672224476,4.0,15.0,0.0,418.4354893145625,0.2145783534855174,0.7854216465144825,0.04272055528215971,0.9572794447178403,-0.1250236087568956,0.5741225519581218,0.868787619433262,-1.027106302561681,-2824.9844761780296
120,-407.4603967215756,0.9446272838086791,0.14763308084387175,3.0,15.0,0.0,414.30912371750355,0.7861743474784247,0.21382565252157526,0.8753868307684216,0.12461316923157839,0.4904440275945028,0.10174742227393013,-0.7237928547620395,-1.29883551851632,-2784.888329882026
121,-407.232698621926,0.9975250155890886,0.12152810673938115,4.0,15.0,0.0,407.80865772989364,0.17822221514649006,0.8217777848535099,0.07992237744247621,0.9200776225575238,0.9117241346270438,0.4811757565933028,-0.10005054135427198,-0.752740114364118,-2780.349172350615
122,-407.8753601291889,0.8412826304444873,0.1408622771501794,4.0,15.0,0.0,408.4407880827381,0.17354338904216662,0.8264566109578334,0.11647505935276399,0.883524940647236,0.4379187908155469,0.44576632664184157,-0.8592194866590827,-0.8726034383750648,-2786.749007811848
123,-416.3521967524601,0.9976413047522632,0.11564723672224476,5.0,39.0,0.0,419.7969648322228,0.0024417031144179395,0.9975582968855821,0.8206587118652219,0.17934128813477812,0.6672088052022074,0.5425649137914764,-6.07005856565378,-0.7415595861332938,-2788.3271390083846
124,-406.5845951154075,0.9740714079214461,0.14763308084387175,4.0,15.0,0.0,410.01190419669325,0.7608920264962086,0.23910797350379143,0.8203555370057578,0.1796444629942422,0.5351688443123247,0.027393016301394568,-0.5785799723714227,-1.3262807361383293,-2781.5325675580407
125,-408.48307834430784,0.9736576909873946,0.12152810673938115,4.0,23.0,0.0,411.0547494916898,0.14017976030461665,0.8598202396953833,0.11994317221020592,0.8800568277897941,-0.20733668794907667,0.6634491256470546,0.20330198213693534,-0.7613836351995139,-2790.5997230507896
126,-405.79375119534467,1.0,0.1408622771501794,4.0,31.0,0.0,408.38261841457813,0.19809919118002126,0.8019008088199787,0.2982053058305826,0.7017946941694174,0.4439614404178336,0.48269312015296406,-1.1130562053159523,-0.5476936183216056,-2777.9108631756694
127,-414.69127310036333,0.75786794138427,0.11564723672224476,4.0,31.0,0.0,420.3421300490101,0.01486219505040298,0.985137804949597,0.3438613995982231,0.6561386004017769,-0.043713951022124414,0.6419054336954222,-4.980717755868825,-0.6359397158492018,-2802.995950544405
128,-405.5805661512463,0.9796789518472124,0.14763308084387175,5.0,31.0,0.0,407.7006937947044,0.24705396873220536,0.7529460312677947,0.23705482637043834,0.7629451736295616,0.6651741044328439,0.49078211017029216,-0.9136879150830941,-0.630418644224473,-2776.5665417229357
129,-406.5087840789975,0.998731981781022,0.12152810673938115,4.0,15.0,0.0,411.1206935364675,0.04695337222342584,0.9530466277765741,0.5386067592480093,0.46139324075199073,0.5747562709524554,0.48882342239928556,0.2080033226890484,-0.7578863752695024,-2775.960548973706
130,-407.22218542601087,0.9898568947638068,0.1408622771501794,4.0,15.0,0.0,408.0082262131724,0.621794140932037,0.378205859067963,0.0383479605871537,0.9616520394128463,0.3413950544867731,0.5405279722900047,-0.7562472858020985,-0.46469563864653374,-2779.1626041198856
131,-415.4235185600755,0.9582844339290228,0.11564723672224476,2.0,3.0,0.0,415.78522284838016,0.01490828858065579,0.9850917114193443,0.3900338394520272,0.6099661605479728,-0.0936938195743742,0.6357822249711871,-4.950997604280702,-0.6663396061274094,-2808.6629962389757
132,-406.2400323037552,0.975044622866429,0.14763308084387175,5.0,31.0,0.0,407.5206277944198,0.30268194965999745,0.6973180503400025,0.6473092708010927,0.3526907291989073,0.23615778790640507,0.7703444589308186,-0.3322136476711746,-0.8429934854316614,-2783.9882312418413
133,-407.43083251973405,0.7640578342872439,0.12152810673938115,3.0,7.0,0.0,409.10786994026654,0.12691392240246555,0.8730860775975344,0.8460326885869438,0.1539673114130562,0.36914183583471033,0.6025843032212981,0.31284396082215826,-0.7968124869598594,-2784.092248686998
134,-408.7515347442365,0.9551312211235873,0.1408622771501794,4.0,15.0,0.0,410.4171279030262,0.9356779472809723,0.06432205271902769,0.4858336982918033,0.5141663017081968,0.9523920506601954,0.13860653451333824,-0.7532004014517019,-0.718587139308676,-2792.825202070579
135,-416.7580518667576,0.9615494297019255,0.11564723672224476,3.0,15.0,0.0,420.0673815107482,0.006921525551313371,0.9930784744486866,0.016519166760148418,0.9834808332398516,-0.1639998861299134,0.5127094580886405,-4.7670093952128525,-0.9007464736013541,-2795.429783917773
136,-405.57431133711924,0.9587212872100679,0.14763308084387175,3.0,7.0,0.0,407.1427442439554,0.23221862151667744,0.7677813784833225,0.4057276815888322,0.5942723184111678,0.31710296505053337,0.6044704075317836,-0.4528220226953701,-0.8926275587891639,-2778.603273741726
137,-407.3422462506966,0.8572675326717628,0.12152810673938115,3.0,15.0,0.0,410.48478791991715,0.22096180692192355,0.7790381930780764,0.6310739819022283,0.3689260180977717,0.3907477528082498,0.8054473976261104,0.06388900326990282,-1.0584883855725444,-2789.935671799324
138,-408.55894023265097,0.9477542525506457,0.1408622771501794,3.0,7.0,0.0,411.4693440352288,0.962513721099967,0.03748627890003298,0.18066233636159065,0.8193376636384093,0.9046692958435236,0.5439886356097483,-0.797205741795642,-0.4233984719188508,-2784.415467314062
139,-414.8606652062619,1.0,0.11564723672224476,4.0,15.0,0.0,421.21380751695006,0.012553209282050252,0.9874467907179497,0.1665773362595112,0.8334226637404888,0.8675490639595116,0.5017946846658707,-4.661498858172288,-0.5432294693203277,-2801.9036983702513
140,-408.1723933295929,0.75959091817978,0.14763308084387175,3.0,15.0,0.0,409.78408692489705,0.6997233239246173,0.30027667607538266,0.2812295432277444,0.7187704567722556,0.2201400519091248,0.33704784936214843,-0.5324359069852771,-0.9264674065334916,-2796.608097048555
141,-412.85160549309694,0.9381896249098312,0.12152810673938115,4.0,31.0,0.0,413.9714796879949,0.028028603369200506,0.9719713966307995,0.9981177142743365,0.0018822857256635128,0.4766679821831582,1.145427443245199,0.4151575504808147,-0.878408422458936,-2781.484323058511
142,-408.05520228411956,0.9232964092567398,0.1408622771501794,2.0,3.0,0.0,409.3119717599522,0.9645100052524648,0.035489994747535225,0.16922787817745907,0.8307721218225409,0.9137774186590805,0.375038045036142,-0.6793624888404283,-0.4940181410515984,-2780.4302169113516
143,-417.94911087513697,0.9710365125852716,0.11564723672224476,4.0,15.0,0.0,421.1549710077416,0.0014352582276900732,0.9985647417723099,0.17548194484433505,0.824518055155665,-0.08353161854558189,0.6535783167936636,-5.753173357651211,-0.8996462005140691,-2798.851645425189
144,-405.5659803323696,0.9839427622777863,0.14763308084387175,3.0,15.0,0.0,410.4363679057656,0.62780780013638,0.37219219986361995,0.319805408461488,0.6801945915385119,0.17150208139045,0.5832889141898141,-0.5719320450762669,-1.0352905014742912,-2779.4432622653744
145,-412.3161257743259,0.9809762574527497,0.12152810673938115,5.0,31.0,0.0,415.64365978491037,0.9799279916028996,0.020072008397100438,0.9763101139050843,0.023689886094915735,0.6410611617101081,1.6609774623879374,-0.6960796228456989,0.4367337347006813,-2791.700942863664
146,-408.47899822174264,0.8301494031258185,0.1408622771501794,4.0,27.0,0.0,411.63092215512177,0.019878385348074266,0.9801216146519257,0.7479218966898444,0.25207810331015557,0.3884747761474194,0.9833242021395965,0.08313894766519103,-0.7576819662903689,-2781.476534271725
147,-412.49554603514275,0.9659664238018084,0.11564723672224476,5.0,63.0,0.0,421.29321890838526,0.0157212045127511,0.984278795487249,0.19126901308174526,0.8087309869182547,1.131163571568436,0.3291043304718975,-1.1970484040214298,-0.5106874113871408,-2805.0694592151585
148,-408.0314579634383,0.9280342908045247,0.14763308084387175,4.0,27.0,0.0,409.41040477900435,0.8172589918228885,0.18274100817711147,0.021303357268799714,0.9786966427312003,-0.24029026988534063,0.48272275126044345,-0.7065573369308724,-0.5496377319735934,-2777.767542011778
149,-412.6599874709194,0.993954978179692,0.12152810673938115,4.0,31.0,0.0,415.1457330534812,0.9700207089190694,0.02997929108093056,0.9860158857105387,0.013984114289461336,0.34904071245805796,1.450589380033267,-0.6837248388064842,1.4894080617127763,-2792.2832551286747
150,-405.45280845898526,0.9807163364579953,0.1408622771501794,4.0,31.0,0.0,410.0957163647277,0.6858411815690423,0.3141588184309577,0.3138556647265578,0.6861443352734422,0.7493910230478377,0.4215543166858218,-0.7603536075061772,-0.7537403853225597,-2777.930704280474
151,-408.5963144420387,0.993118611178915,0.11564723672224476,5.0,47.0,0.0,414.9600759490022,0.9383818014199398,0.061618198580060235,0.02327246312496755,0.9767275368750324,0.22157159032937673,0.4791589453033684,-0.7496842719824085,0.14856675724942658,-2775.9093510908883
152,-407.4381107735848,0.7001239073296073,0.14763308084387175,5.0,31.0,0.0,411.2249746426382,0.34247878061046694,0.657521219389533,0.9637143801739684,0.03628561982603162,0.46462742889242375,-0.20888601006847315,-0.23511381699421124,-0.9219958317905405,-2780.0149526893133
153,-410.60166857167445,0.9803340680389661,0.12152810673938115,4.0,15.0,0.0,414.52553835268174,0.9697073003551921,0.030292699644807852,0.9376345966931682,0.062365403306831824,0.40607894355350094,1.5992242092464724,-0.6645786225611061,1.1008312857249234,-2788.5774324637664
154,-407.08676667130743,0.9209922094881587,0.1408622771501794,4.0,15.0,0.0,410.37953755884445,0.8324116088836925,0.16758839111630752,0.5581326405007466,0.4418673594992534,0.8200827368598699,0.2338185868612449,-0.6819465527233479,-0.5178613485705004,-2787.518505966753
155,-407.1074492123766,0.9666770313099446,0.11564723672224476,5.0,31.0,0.0,409.6726049228002,0.32426953026191147,0.6757304697380886,0.9568050516800368,0.04319494831996318,0.5387110411101722,0.6417479867715583,-0.6769705731397093,-0.8400535067695133,-2778.091021871781
156,-405.9081528562668,0.8238573680580333,0.14763308084387175,4.0,31.0,0.0,411.30611487541677,0.8942534996302302,0.10574650036976985,0.3738957318682271,0.6261042681317729,0.5192748181399096,0.42151132440393724,-0.8452802451990541,-0.012661376994015205,-2776.5888993485205
157,-407.2040451943704,0.8480278925744316,0.12152810673938115,5.0,31.0,0.0,414.0750891135676,0.5253651154109209,0.4746348845890791,0.05905364892833687,0.9409463510716631,0.7669569710127753,0.3659165552712055,-0.9122947511059849,-0.4751385105101654,-2781.770156740437
158,-406.10597557477683,0.9402390687775392,0.1408622771501794,3.0,7.0,0.0,408.4310912376617,0.6179507215242384,0.38204927847576164,0.2404753892608105,0.7595246107391895,0.7546428080795137,0.5548877224965767,-0.8303296574017413,-0.6430342589084399,-2781.8544735164237
159,-406.66034292427804,0.7944735637680834,0.11564723672224476,4.0,15.0,0.0,409.1151110982215,0.2675774028699627,0.7324225971300373,0.6420039412145754,0.3579960587854246,0.23302368024696932,0.7964732664706485,-0.27765778412341513,-0.9806798345583037,-2786.203494554546
160,-408.5960679589537,0.9724713667268393,0.14763308084387175,4.0,23.0,0.0,410.57196280066216,0.8836491027147177,0.11635089728528225,0.9529620915206286,0.04703790847937139,0.4147148805258461,0.5437365314189982,-0.8900766139491754,0.5070577601778635,-2784.009287612887
161,-407.48012790279466,0.954348840173736,0.12152810673938115,4.0,31.0,0.0,410.88112796175045,0.5486480115167871,0.4513519884832129,0.09264956171247477,0.9073504382875253,1.2690658612390262,0.38770358364364965,-0.39615830495835014,-1.204236537665891,-2785.1182894476797
162,-408.3923798500662,0.9765782988209123,0.1408622771501794,5.0,47.0,0.0,410.1655302365906,0.9014318419176675,0.09856815808233255,0.11013845057308068,0.8898615494269193,1.0497042577282067,0.5848202776804977,-0.7385606482439729,-0.43337302250979487,-2786.427862610636
163,-405.459137510843,0.9740198237489662,0.11564723672224476,5.0,31.0,0.0,408.03075184472414,0.2758107800839823,0.7241892199160177,0.408369262263244,0.591630737736756,0.6662502368412404,0.41930858265199294,-0.22780194879370674,-0.9655663402632342,-2778.4887808659737
164,-407.6869644696998,0.9458416034051423,0.14763308084387175,4.0,15.0,0.0,409.95652019286894,0.9150307266454617,0.0849692733545383,0.8821833855971324,0.11781661440286761,0.44049261730668826,0.4334959848946724,-0.9020779964141016,0.4961878445302633,-2781.673490810522
165,-406.85714547541653,0.9979998841708835,0.12152810673938115,5.0,31.0,0.0,409.99502102483746,0.891524007574995,0.10847599242500505,0.4559728276703169,0.5440271723296831,0.15116339526698636,0.6755986160355665,-0.6893505666693289,-1.1106657463957008,-2782.813458370626
166,-407.86226981470776,0.9054223662107617,0.1408622771501794,4.0,15.0,0.0,410.3399784490509,0.6904054453042863,0.30959455469571373,0.16798774091653643,0.8320122590834635,1.1813015039878185,0.32165962135323023,-0.7148372835548806,-1.1073867388383603,-2790.367021502308
167,-409.7602000939505,0.8033851246547554,0.11564723672224476,2.0,7.0,0.0,411.5625273110917,0.28443380034007554,0.7155661996599245,0.2406760732599211,0.7593239267400789,0.4892980288307254,0.24073159662050947,-0.07730175388042235,-1.1183435754606794,-2806.4439932568334
168,-408.13227697586655,0.9289548387634983,0.14763308084387175,4.0,15.0,0.0,409.72424525032574,0.9785750040173085,0.02142499598269154,0.8178291975858014,0.18217080241419858,0.440895116247256,0.8822182697967058,-0.7151034471588232,0.2892785077310424,-2778.074952531895
169,-405.9165852039813,0.840842903185427,0.12152810673938115,3.0,7.0,0.0,409.1869849055099,0.7995067563769812,0.2004932436230188,0.2959006099347354,0.7040993900652646,0.271638462625167,0.6428795959284361,-0.7488821222277307,-0.8299152441850155,-2778.991327478881
170,-407.1482755884957,0.9726193082684709,0.1408622771501794,4.0,31.0,0.0,410.4142139541815,0.17504181837880955,0.8249581816211904,0.4733241137543721,0.5266758862456279,0.17946074855059063,0.5741846885321299,-0.6393014580415551,-0.8569965084235266,-2788.217655348661
171,-407.13229615221786,0.9870070801840074,0.11564723672224476,4.0,15.0,0.0,413.9477866519392,0.5662627173008734,0.4337372826991266,0.47900401562856154,0.5209959843714385,0.36434744012164577,0.37309601037372564,-1.1817756844457417,-0.3646764904886004,-2791.5277452536134
172,-409.1099677064438,0.9053336037091463,0.14763308084387175,4.0,15.0,0.0,410.83349380368696,0.9590773599717748,0.04092264002822521,0.8685906675494462,0.13140933245055375,0.5544498804679749,1.111316005859466,-0.8100556725172735,0.4867919895109675,-2786.570115735317
173,-408.1930029927892,0.9265905316631425,0.12152810673938115,4.0,31.0,0.0,410.4378999256907,0.4000281246940986,0.5999718753059013,0.30483953555624227,0.6951604644437577,0.4332237392526817,0.60008604224853,-0.6661120839439035,-0.4238316740858531,-2798.110181251386
174,-405.6631382945639,0.9934496651743836,0.1408622771501794,4.0,15.0,0.0,408.2024560525601,0.6918529235105593,0.30814707648944073,0.45366503678246567,0.5463349632175343,0.4999004244756733,0.34093603954514856,-0.6580106291759887,-0.6993491657109246,-2780.7972491013056
175,-408.61631424625693,0.9663382161242168,0.11564723672224476,4.0,23.0,0.0,410.66278255477255,0.9251055085124348,0.07489449148756522,0.1584477153070908,0.8415522846929092,0.796025173950593,0.5678923653753144,-0.9112271880089883,-0.11929066651129365,-2788.708218854133
176,-408.1301614376944,0.987551149633934,0.14763308084387175,5.0,31.0,0.0,410.52914179106705,0.3670041878586607,0.6329958121413393,0.026219864693119172,0.9737801353068808,0.8886607913732942,0.4823527491193221,-0.5780485641573054,-0.9963920682005262,-2781.815326437355
177,-405.4739295664405,0.9929624360488034,0.12152810673938115,2.0,7.0,0.0,411.66246571514637,0.6662283278054529,0.33377167219454706,0.47780563777894325,0.5221943622210568,0.256094459789241,0.5829900515215204,-0.8721729849914364,-0.3954838365713577,-2779.7976212000076
178,-405.97100311927943,0.99188442759663,0.1408622771501794,4.0,15.0,0.0,407.06239368334855,0.34542594983301284,0.6545740501669872,0.571820518611416,0.42817948138858397,0.7450835671361141,0.3840983570951543,-0.890960745767419,-0.6921652823003863,-2782.6521955166368
179,-407.71271430638825,1.0,0.11564723672224476,3.0,7.0,0.0,409.3916246184824,0.93058397280855,0.06941602719145001,0.13983174873028442,0.8601682512697155,0.6840326141967183,0.5363204778872348,-0.8750483243035442,-0.13815639793587048,-2781.495039794429
180,-407.02253320862695,0.9289461307905913,0.14763308084387175,4.0,15.0,0.0,409.4646794297131,0.2724847730199663,0.7275152269800337,0.3651419620106029,0.6348580379893971,0.9883279911818108,0.24694235185844646,-0.1953883339702969,-0.8727969904443946,-2788.7485476803718
181,-408.08453840476176,0.8678153111193476,0.12152810673938115,4.0,31.0,0.0,413.417266525279,0.9009948509717739,0.0990051490282261,0.28423597052544886,0.7157640294745511,0.3768357997834232,0.4040364849863268,-0.9481297193623245,-0.1905954739827771,-2790.1824333220893
182,-406.3477784473544,0.9915147375526526,0.1408622771501794,4.0,15.0,0.0,407.338133464709,0.4379524005124536,0.5620475994875465,0.5829725392491335,0.4170274607508665,0.3942026852390046,0.6837586298354688,-0.3795456275303559,-1.187810676857235,-2785.6180257268234
183,-405.38522825866914,0.98376622046121,0.11564723672224476,4.0,15.0,0.0,409.98159648641695,0.4374657154731864,0.5625342845268135,0.32829596272781525,0.6717040372721848,0.5208807604567222,0.592925568287847,-0.9831004898830988,-0.5913732413554756,-2778.4995334466053
184,-409.6772817504217,0.8197449260792851,0.14763308084387175,5.0,31.0,0.0,411.6163194898232,0.2824010950274162,0.7175989049725837,0.07812456306979203,0.921875436930208,0.08632120965638321,0.3278819389998347,-1.2262000169813996,-0.41066960007515724,-2799.2076890927815
185,-406.18650828025005,0.9993517707431933,0.12152810673938115,3.0,7.0,0.0,408.44213090892674,0.895697701607215,0.10430229839278504,0.2752484206998562,0.7247515793001438,0.3544839890474799,0.5061700323678517,-0.847059779538212,-0.2290189733606427,-2777.3314529669706
186,-407.61528166084605,0.8520761816464311,0.1408622771501794,4.0,15.0,0.0,410.6326376555653,0.48888858017402487,0.5111114198259752,0.19288255829138165,0.8071174417086183,0.19981723741169843,0.5458633277583526,-0.21146770450323712,-0.8769757466159631,-2792.2844149458715
187,-407.7530149385416,0.748744181467411,0.11564723672224476,4.0,15.0,0.0,412.26580584515625,0.6721798155591253,0.3278201844408747,0.06337082399572148,0.9366291760042785,0.8662166171795502,0.4127456114383414,-1.0304734131329747,-0.4780071685363296,-2784.791730282512
188,-406.8338179239172,1.0,0.14763308084387175,2.0,7.0,0.0,409.63965938756456,0.3498279674978902,0.6501720325021099,0.14939257569564798,0.850607424304352,0.026348920987548256,0.659036745484951,-1.0524796645540015,-0.6544610492117346,-2784.126704429245
189,-407.26565387868794,0.949026652144861,0.12152810673938115,4.0,23.0,0.0,410.56797119371817,0.22565051095063898,0.774349489049361,0.14588101022609243,0.8541189897739075,0.2855243929818543,0.5279226213622376,-1.0265697210008538,-0.8172443803116695,-2785.0567555322127
190,-408.43278383794984,0.9466909987401273,0.1408622771501794,3.0,15.0,0.0,410.75433933329987,0.3643386665690316,0.6356613334309684,0.08444281531942194,0.9155571846805781,0.46362331497174875,0.4971955691409491,-0.8050109345915847,-0.9708843940128058,-2791.793602558641
191,-409.62278004740847,0.9649428854116777,0.11564723672224476,4.0,15.0,0.0,412.58598294469886,0.5820045311806327,0.41799546881936733,0.005216156576384618,0.9947838434236154,1.8372647216736693,0.5429996202796494,-0.758535902184316,-0.5127801309850645,-2779.5729996674195
192,-406.7441614051291,0.8957816459320239,0.14763308084387175,5.0,31.0,0.0,409.21920508668586,0.6661571402976937,0.3338428597023063,0.10218009340965292,0.897819906590347,0.1409285125511468,0.6155181023384654,-0.5155531672473962,-0.9580427272208073,-2781.4370011340584
193,-408.6771327103428,0.7754823713794058,0.12152810673938115,3.0,7.0,0.0,411.3305282930456,0.1763379417380973,0.8236620582619028,0.18118507180053756,0.8188149281994624,0.31865330428430266,0.5735919876961659,-0.7424074639356821,-0.9586238783452475,-2794.8920624774437
194,-407.1656923786608,0.6153117523391407,0.1408622771501794,4.0,15.0,0.0,411.9488932985451,0.3906556221998987,0.6093443778001013,0.9216584259055686,0.07834157409443143,0.3899001591228685,0.9326927574899653,-0.5474777533632879,-0.6931239933183928,-2782.9748464706854
195,-407.4800439850674,0.9880217828447191,0.11564723672224476,3.0,15.0,0.0,410.12602050269345,0.674286097181949,0.325713902818051,0.11146574112519594,0.8885342588748041,1.4845121986899026,0.40624062530875404,-0.8263970154578076,-0.42545081188747275,-2785.5377665567576
196,-405.450578475749,1.0,0.14763308084387175,4.0,31.0,0.0,407.5736907481867,0.5622765747124407,0.43772342528755925,0.6881437060376012,0.3118562939623988,0.531818961793131,0.3889581549974967,-0.6684298003513146,-0.6064523368843778,-2779.360140981688
197,-409.528610805849,1.0,0.12152810673938115,4.0,31.0,0.0,412.47867372131225,0.7934770131121782,0.20652298688782178,0.18934592790518892,0.8106540720948111,-0.029814961718187385,0.5602860597357602,-1.1369526941733201,0.1482734300485199,-2802.0767795096685
198,-407.22857994470195,0.8092216958951137,0.1408622771501794,4.0,15.0,0.0,417.8352887140756,0.7092589399865741,0.2907410600134259,0.9322943783791177,0.06770562162088234,0.5139359061642675,0.994166092919544,-0.7538391490258363,-0.9414823826127301,-2780.70746210088
199,-411.9285835130936,0.8240857928239308,0.11564723672224476,5.0,31.0,0.0,413.90607540829575,0.7045971920137151,0.29540280798628493,0.00504861595659391,0.9949513840434061,-1.9628667625378975,0.5597454794696402,-1.0410604630426175,0.1615851555237901,-2793.536485409626
200,-405.7202256741285,0.9713643497554221,0.14763308084387175,2.0,7.0,0.0,406.9252756684228,0.5054065071710074,0.49459349282899256,0.6522250117584889,0.3477749882415111,0.4883484240410809,0.2871875348892387,-0.6790382901390397,-0.6258316331161718,-2781.777464493995
201,-408.07356068961224,0.9994041462973742,0.12152810673938115,4.0,15.0,0.0,410.5118135141784,0.5931732336735528,0.4068267663264472,0.1956760525135505,0.8043239474864495,0.11951665639690767,0.5160381707752956,-0.20159649025476734,-1.1336680095057319,-2794.8921065918853
202,-407.2639327400227,0.988054254949723,0.1408622771501794,5.0,31.0,0.0,408.76673423679046,0.5583422078863999,0.4416577921136001,0.7582975227273077,0.24170247727269234,0.6513796792309079,-0.12401227206213375,-0.7223940520611744,-0.9414499328945161,-2790.2925590285167
203,-412.66600471513044,0.9985640617229121,0.11564723672224476,5.0,63.0,0.0,413.78770733555393,0.9537184880310164,0.04628151196898356,0.005154455379971025,0.9948455446200289,-3.4000622625705814,0.47215820920292056,-0.8083456540311247,-0.3181488817371855,-2781.789619799146
204,-408.5203691255762,0.9037125361441863,0.14763308084387175,3.0,15.0,0.0,409.4709802385245,0.7851982347218449,0.2148017652781551,0.846057716738743,0.15394228326125703,0.46328776068670413,0.884433742062845,-1.09872794632549,-0.17500464456555054,-2793.6539326104908
205,-406.7284815463566,0.9436897826409785,0.12152810673938115,4.0,15.0,0.0,409.8013609483184,0.06604149596630902,0.933958504033691,0.1656529106960197,0.8343470893039803,0.6624557762465013,0.4640555292221786,-0.2517303101226212,-0.7729057754915782,-2775.531591872058
206,-408.5143228198537,0.9478205010053945,0.1408622771501794,5.0,31.0,0.0,410.4414820598009,0.07743316623723032,0.9225668337627697,0.9694923002003629,0.030507699799637078,0.41600734423239594,0.4181539666170644,0.17641285044130522,-0.8020238538476783,-2778.4846017423665
207,-414.0063574981269,0.9646799359568144,0.11564723672224476,3.0,15.0,0.0,415.64217549139636,0.9787764314200216,0.021223568579978425,0.0030520342251415724,0.9969479657748584,-3.5194134029936204,0.4172796603309088,-0.7643349114501082,-0.37170275552653465,-2781.593573937034
208,-407.51033728521594,0.9970010795526568,0.14763308084387175,4.0,15.0,0.0,409.8484083215843,0.9114706305784309,0.08852936942156908,0.2759378548586542,0.7240621451413458,0.4725959949090629,0.6293268262245002,-0.6338429292209082,-0.48242156469380704,-2785.386716400007
209,-406.3478467778333,0.9031826997465936,0.12152810673938115,3.0,15.0,0.0,410.86000091932857,0.2308951991170149,0.769104800882985,0.5064425882899991,0.4935574117100009,0.19329139489953495,0.669986603427065,-0.2027029019925251,-0.9467690870446607,-2784.2060224505794
210,-407.90631706744455,0.9567837925400476,0.1408622771501794,4.0,15.0,0.0,412.05931987271947,0.03400040537895472,0.9659995946210452,0.1218937373375365,0.8781062626624635,0.692634451867906,0.40234668991083516,0.4375416241497648,-0.7820164446232322,-2777.4368910380326
211,-412.79056934109576,0.873787314985729,0.11564723672224476,4.0,15.0,0.0,415.4247769209126,0.13972376001463804,0.860276239985362,0.016548367551648707,0.9834516324483513,-3.0730396395271162,0.4374602058393364,-1.127798132612288,-0.8010352584791607,-2798.4025284404506
212,-408.86452220749425,0.9544112977366714,0.14763308084387175,4.0,15.0,0.0,411.0746980979807,0.042056153359293434,0.9579438466407065,0.39705083188450424,0.6029491681154957,0.7707263018577677,0.30743452315798225,-0.8718904217291301,-0.5646673022013569,-2790.7486477622174
213,-410.50955345819887,0.8327051074420754,0.12152810673938115,3.0,15.0,0.0,412.54556025776964,0.8722893649018346,0.12771063509816538,0.1980377797585254,0.8019622202414746,0.393619726446754,0.5180307465633006,-0.9039071454603279,-1.4588016266102009,-2804.9208647597843
214,-410.3696109328756,0.8997153422115053,0.1408622771501794,5.0,31.0,0.0,412.9648026748605,0.009714501772519955,0.99028549822748,0.9108883005705894,0.08911169942941055,0.4521808766981208,0.7281945572530839,0.6162220866856651,-0.6095578749274492,-2784.024048913088
215,-414.79474511587466,0.9408309305236101,0.11564723672224476,4.0,15.0,0.0,418.5604032468527,0.004857853068715881,0.9951421469312841,0.0019262232945326616,0.9980737767054674,-2.4827314176005557,0.4741714995698134,0.41212583267960085,-0.8023772077871556,-2779.047202049119
216,-408.5860785113894,0.9881574771338142,0.14763308084387175,4.0,31.0,0.0,412.3894060407625,0.2963637914160329,0.7036362085839671,0.2424085698929745,0.7575914301070255,-0.0561669363767736,0.5756348157668972,-0.2015590455903498,-1.1515575007542667,-2798.407806458183
217,-406.678197778934,0.9536690111804422,0.12152810673938115,5.0,31.0,0.0,413.15383142957734,0.15341516800512822,0.8465848319948718,0.3435136982673845,0.6564863017326155,0.8001056061806872,0.3043045224381726,-1.0701797803115611,-0.5743013733885363,-2782.9389675238353
218,-408.55159430123814,0.958323192610684,0.1408622771501794,5.0,31.0,0.0,412.56483053186884,0.10957319789648728,0.8904268021035127,0.13931380638182966,0.8606861936181703,0.7475527247563132,0.5037318137689251,-1.4360152699528388,-0.8160724264419684,-2788.389600643727
219,-415.0030865940531,0.9879607003191472,0.11564723672224476,4.0,31.0,0.0,416.67160063933784,0.0057229020039857225,0.9942770979960143,0.0013526965215099626,0.9986473034784901,-2.576408081637401,0.43354245318118795,0.42082634446817313,-0.7736836300503172,-2778.8301673315646
220,-407.8434515011031,0.9995063573641515,0.14763308084387175,4.0,15.0,0.0,409.1804777916896,0.6195229141049142,0.3804770858950858,0.11107876577457922,0.8889212342254208,0.08879052639443269,0.5880539107562277,-1.1908776455088192,-0.291505541843029,-2789.7035123363476
221,-408.4745976300054,0.8933645749540635,0.12152810673938115,5.0,63.0,0.0,412.0956375578965,0.6872943824744452,0.3127056175255548,0.33236465121053527,0.6676353487894647,0.10144882482516528,0.4241682618409772,-0.4079347982620004,-1.3379508843030836,-2798.7684723606912
222,-410.11439862548013,0.9791845812121481,0.1408622771501794,5.0,63.0,0.0,412.71665700389406,0.06468489220620056,0.9353151077937994,0.011290863950494768,0.9887091360495053,1.2958662406040353,0.5199109663615028,-0.4924757105875617,-0.647306106107499,-2780.287180081223
223,-408.07858195246774,0.8258517583172531,0.11564723672224476,5.0,63.0,0.0,418.8269455406785,0.01979592158580036,0.9802040784141997,0.19195975097627557,0.8080402490237244,0.5449988330452766,0.5757769713982782,0.2144973576004186,-0.7400059432872641,-2777.746035122335
224,-407.32652390421896,0.9618324831218792,0.14763308084387175,4.0,15.0,0.0,409.04130323283,0.5851720383825552,0.41482796161744484,0.8359655052760436,0.16403449472395637,0.6015282022780541,0.3406156159285455,-0.5805847086532384,-1.2677489997732978,-2788.1162780390173
225,-409.54620409029275,1.0,0.12152810673938115,4.0,15.0,0.0,410.51566564113836,0.8973186634176543,0.10268133658234568,0.0924608929298165,0.9075391070701835,-0.19196306041769287,0.3622212950523788,-0.6980241305598874,-0.6834437202613193,-2794.487141602315
226,-411.48021541802774,0.9187555745906508,0.1408622771501794,5.0,39.0,0.0,415.58390514973524,0.12012367389057756,0.8798763261094225,0.06744494702669912,0.9325550529733009,2.4733130127448946,0.5193092821920311,-0.4764378586226075,-0.7589107826223883,-2801.564493625
227,-409.04625231306125,0.9267343564585253,0.11564723672224476,4.0,15.0,0.0,410.45830091503524,0.11002612002965045,0.8899738799703496,0.4504477848662339,0.5495522151337662,0.5235663863757083,0.39536845859673914,1.1304913498655749,-0.8238288719368403,-2797.834956026654
228,-406.9537885169988,0.9800017041726713,0.14763308084387175,4.0,15.0,0.0,409.3112646017419,0.9270821705341773,0.0729178294658227,0.7785009603983208,0.22149903960167916,0.5478884674637158,0.6190043900306935,-0.7458619260071528,-1.0523320757044006,-2778.3582251110306
229,-408.0472104703882,0.9657657557403437,0.12152810673938115,3.0,7.0,0.0,412.15267011813614,0.923230086309654,0.07676991369034603,0.0632301583704124,0.9367698416295875,-0.2995451402057153,0.5339229122752124,-0.7975548049092925,-0.45490274506138995,-2779.8318020944102
230,-412.79838024698654,0.8939950704577297,0.1408622771501794,4.0,31.0,0.0,414.8334370117128,0.2287816864272514,0.7712183135727486,0.004888772407538345,0.9951112275924616,1.9106376888622931,0.6132221000178225,-0.18933600367251432,-1.1002207872923808,-2798.18508530226
231,-409.30930836654824,0.8799539097154799,0.11564723672224476,4.0,31.0,0.0,412.460068062943,0.008160518539148709,0.9918394814608513,0.8153657082334985,0.18463429176650148,0.41227579610882736,0.9911129408494965,-0.306294519149877,-0.7234423319831108,-2779.528666471723
232,-408.41016794628786,0.9420082344004125,0.14763308084387175,4.0,31.0,0.0,410.10789927508625,0.4011692050889461,0.5988307949110538,0.06029518676458144,0.9397048132354185,0.8077979998521253,0.2987256726492924,-0.5080599912890627,-0.8533459118137672,-2790.0238093568687
233,-408.0394450184982,0.8943620501607519,0.12152810673938115,5.0,31.0,0.0,410.1983807762556,0.41315883448810514,0.5868411655118948,0.06394147528140798,0.936058524718592,-0.3301111810693535,0.5385530744976256,-1.0020991954841487,-0.757646444205348,-2787.6902731056043
234,-410.5166177184388,0.9909059445342936,0.1408622771501794,4.0,31.0,0.0,414.85736481411686,0.07710067552738095,0.922899324472619,0.01263644271266911,0.9873635572873309,1.4626640381733975,0.3931261379010214,-0.06090179177102752,-0.8888882501460676,-2784.542964268681
235,-413.1382569478429,0.9076673837398895,0.11564723672224476,3.0,7.0,0.0,415.5903737817839,0.0054220122548311964,0.9945779877451688,0.4711745445872882,0.5288254554127119,0.23813450651375676,1.043440744215839,-0.40259910133578947,-0.8045020470882779,-2806.493591637585
236,-406.7838511351323,0.9240489526622737,0.14763308084387175,4.0,15.0,0.0,409.10805640509284,0.48060180091208726,0.5193981990879127,0.05200254568823963,0.9479974543117604,0.8493778772145183,0.41024838871678493,-0.6671857567821906,-0.7839337047127224,-2777.902011718237
237,-407.51832091723935,0.9890983499426853,0.12152810673938115,4.0,31.0,0.0,410.9273822818929,0.48399117313666357,0.5160088268633365,0.05066022329188102,0.949339776708119,-0.3999810176935593,0.5108865318628235,-1.0564082299892799,-0.5882303647237849,-2782.865356727717
238,-410.8439458582631,0.9966081821542339,0.1408622771501794,4.0,15.0,0.0,412.8467633523433,0.16931939619196115,0.8306806038080389,0.06545333888941385,0.9345466611105862,1.7343030409297209,0.5217289290065419,0.15762354252385166,-1.0652476240049364,-2801.32552126198
239,-410.72727808607686,0.9785756557629722,0.11564723672224476,5.0,39.0,0.0,416.47694107383313,0.01219796951244696,0.987802030487553,0.7135256874639633,0.2864743125360367,0.4344199271832935,0.03355250381626765,0.9815410902628197,-0.8030271048572868,-2794.16014507506
240,-406.0024770713639,0.9265061679548322,0.14763308084387175,4.0,15.0,0.0,408.9908546382995,0.6092719205033834,0.3907280794966166,0.24220117727103488,0.7577988227289651,0.827007221267012,0.48590069488940435,-0.47409581591968664,-0.9791319449176598,-2781.124312508724
241,-406.8689287610218,0.8502917402234035,0.12152810673938115,4.0,23.0,0.0,411.61070494247076,0.8184699439013544,0.1815300560986456,0.08963770782234048,0.9103622921776595,0.1752905267282706,0.5128739427367868,-0.9291423681886246,-0.2402179755822591,-2779.0212905782223
242,-410.25733504118085,0.8876287881490306,0.1408622771501794,3.0,7.0,0.0,417.72582438841675,0.15989748074340004,0.8401025192566,0.026317393775579997,0.97368260622442,1.7025700811960274,0.5658993494492477,0.022142650132439406,-1.0100884619291683,-2791.1180099812277
243,-410.22928068212116,0.8793220413026005,0.11564723672224476,3.0,11.0,0.0,413.17435296259725,0.0065430267708962205,0.9934569732291038,0.9097759633754933,0.09022403662450673,0.5111893746176808,-0.08777578173983003,0.9777469079901233,-0.8017576111746252,-2780.0942674181097
244,-407.70192845028026,0.959531477797925,0.14763308084387175,3.0,7.0,0.0,408.4049791225649,0.5069593716514963,0.4930406283485037,0.10801900736451467,0.8919809926354854,0.9143084671278107,0.3573065467819434,-0.36930350047487437,-1.2429720842178957,-2788.2812783904246
245,-405.6737793700593,0.9410372769223602,0.12152810673938115,4.0,15.0,0.0,408.3342738360768,0.44935745611979827,0.5506425438802017,0.8799278405224192,0.12007215947758076,0.49295186033283217,0.41782882258917825,-0.6782018667523816,-0.7079996102458276,-2775.931506476298
246,-408.3085016975448,0.968466196377906,0.1408622771501794,4.0,15.0,0.0,411.6053361782682,0.42027041231077195,0.5797295876892281,0.04444914884017643,0.9555508511598235,1.6018468214480988,0.46028491331279575,-0.4840218115207475,-0.7038389026797147,-2785.891792816215
247,-410.2912461787224,0.9811038932406507,0.11564723672224476,4.0,15.0,0.0,413.7366989111652,0.00840404306004369,0.9915959569399563,0.7699580153343254,0.2300419846656746,0.4782311441680322,0.219532670924382,1.9837309258309133,-0.6416453680761,-2785.1715394771754
248,-407.0911354703053,0.9973791869791298,0.14763308084387175,4.0,31.0,0.0,409.61175378165024,0.5986239186975898,0.4013760813024102,0.04248370329117961,0.9575162967088204,1.1489474288761143,0.4330254800373896,-0.5135474712366481,-0.9692834033747367,-2777.775951995814
249,-405.8977222487387,0.9256408030342981,0.12152810673938115,4.0,15.0,0.0,407.32593965571897,0.5845893833328816,0.4154106166671184,0.8517444626563342,0.1482555373436658,0.5147279148810351,0.25128691146987364,-0.7103762344758121,-0.9148864282251241,-2778.3294605971505
250,-409.98984631834315,0.9258506563721502,0.1408622771501794,5.0,39.0,0.0,414.74949479061837,0.12313245204219322,0.8768675479578067,0.03547167778384268,0.9645283222161574,0.6487073676937101,0.4571634740977774,-2.035620322231587,-0.5038861425090079,-2789.0779078794785
251,-410.9556975084508,0.976130719415662,0.11564723672224476,5.0,31.0,0.0,414.0938785386424,0.023531531426954487,0.9764684685730455,0.22328412827736382,0.7767158717226361,0.9556814011702806,0.2753102492559481,1.9880588508565855,-0.8682303306221928,-2795.6967987215476
252,-405.28268900681013,0.991208748728531,0.14763308084387175,4.0,31.0,0.0,408.0864781005523,0.36441433127729295,0.635585668722707,0.7819056845637903,0.21809431543620972,0.454968978588103,0.4819030224797203,-0.607394738130889,-0.8282230097472509,-2775.9809607756765
253,-406.52252647683326,0.997943612273916,0.12152810673938115,4.0,15.0,0.0,407.6571704199327,0.27716029257626934,0.7228397074237307,0.2984132998200947,0.7015867001799053,0.3950679351115627,0.7123181975772004,-0.23913764529396772,-0.9142441252652957,-2784.9067841739425
254,-408.12978872610375,0.9910045383551424,0.1408622771501794,5.0,63.0,0.0,411.1094553071834,0.06249502085533332,0.9375049791446667,0.1639940283297297,0.8360059716702704,0.9346279614274596,0.47492831740348246,-1.2660904580723296,-0.589298376588387,-2783.3029738941955
255,-413.5785335416819,0.9772081963614899,0.11564723672224476,5.0,31.0,0.0,415.1121455829689,0.013154393016918103,0.9868456069830819,0.9664316468069332,0.033568353193066836,0.5056389123545793,1.1067608372681708,3.3719409980498267,-0.626398095389411,-2791.7734908074085
256,-405.60344727021175,0.9896361535773563,0.14763308084387175,4.0,15.0,0.0,407.153986804546,0.7244154071026799,0.27558459289732007,0.6022056338293548,0.39779436617064523,0.6732488586755921,0.3602703090596957,-0.6985528535392904,-0.6398267280848229,-2779.5299164030025
257,-406.27142629579515,0.9830897217640587,0.12152810673938115,4.0,31.0,0.0,408.08845144004977,0.183544661269134,0.816455338730866,0.18395811079962365,0.8160418892003763,0.19336324098924015,0.4917418724995819,-0.37213617958028666,-0.7397740432432636,-2779.3794796756333
258,-408.74273505942284,0.9388224602982932,0.1408622771501794,3.0,7.0,0.0,411.97700882094665,0.25216663924796223,0.7478333607520378,0.22789873448846432,0.7721012655115357,0.8712056402933457,0.41462118691730765,-1.7714825967870527,-0.46431808295737437,-2796.2691450240773
259,-413.0317283075467,0.7032550659576492,0.11564723672224476,2.0,3.0,0.0,417.5903954238528,0.021387223838383575,0.9786127761616165,0.9478400360860745,0.05215996391392552,0.4035808434183448,1.1070791689151334,3.2874046578521323,-0.6981273394807351,-2794.6897140151914
260,-407.117401562364,0.8602172007977035,0.14763308084387175,3.0,15.0,0.0,410.42864184220343,0.2348750661951469,0.7651249338048531,0.8571242676168203,0.14287573238317974,0.4277359476749124,0.03800723275665999,-0.7819028714015194,-0.7494425904449225,-2784.7327222556696
261,-406.237529250637,0.8872571659381918,0.12152810673938115,3.0,15.0,0.0,408.4429005079516,0.6007619406381871,0.3992380593618129,0.5226337972317769,0.47736620276822306,0.44871566800457463,0.5631037312437353,-0.3075412017842421,-1.0341901069588197,-2785.283669587012
262,-408.1715231523255,0.9333352076778378,0.1408622771501794,4.0,31.0,0.0,411.84161991479397,0.06701633060336161,0.9329836693966383,0.9506687202390302,0.04933127976096985,0.4615429358729313,0.48838782989529506,-0.6221774620295636,-0.6619810270312244,-2778.1606143152017
263,-412.1406608536449,0.9079911376634844,0.11564723672224476,5.0,47.0,0.0,419.60874053594586,0.006684971821011895,0.9933150281789881,0.17154406751998205,0.8284559324800179,0.9412571705713827,0.23096833972104058,1.4321410421678071,-0.6411632509079723,-2795.9123929501943
264,-405.36533612210314,0.9170867716153196,0.14763308084387175,4.0,31.0,0.0,408.79903930759593,0.5189990549210631,0.48100094507893687,0.31552039829408796,0.684479601705912,0.7290579060350908,0.3935478860423737,-0.8967511463823122,-0.6518661202855791,-2778.337382092552
265,-406.0652679596517,0.9851913041986907,0.12152810673938115,4.0,31.0,0.0,407.7929818833013,0.7684315394421127,0.23156846055788727,0.12940563288874068,0.8705943671112593,0.3505086707633206,0.47408214227728607,-0.6623238210901499,-0.7838078994398436,-2776.7830743573754
266,-405.7866271815733,0.9798344362650339,0.1408622771501794,4.0,15.0,0.0,409.01566318661764,0.766673816052713,0.233326183947287,0.5164581280736282,0.48354187192637177,0.6991257185765265,0.34319628575212063,-0.7320487980452801,-0.9578880683254435,-2779.82396594517
267,-411.6897801171658,0.9797842910596547,0.11564723672224476,5.0,31.0,0.0,414.9945586568384,0.011500031974652465,0.9884999680253476,0.9898647863489088,0.010135213651091157,0.5561745477693827,0.32179774105989667,1.0871383399930963,-0.8194961722428779,-2779.1805384295467
268,-406.3373596808306,0.7723097635095354,0.14763308084387175,3.0,15.0,0.0,408.04717324565513,0.7986039398605185,0.20139606013948153,0.583402203276247,0.41659779672375297,0.6160836366763999,0.6255904538309515,-0.868223996707902,-0.20523482372676521,-2783.1319638078426
269,-406.4120608193858,0.9930030340484537,0.12152810673938115,5.0,31.0,0.0,407.9948221612961,0.08170456895812594,0.918295431041874,0.3435586941629173,0.6564413058370827,0.5587715799792122,0.48186040460695817,0.413845142754596,-0.75771955992445,-2778.1032161245835
270,-405.9650552041732,0.9124800946939061,0.1408622771501794,3.0,7.0,0.0,407.35780563559484,0.645011326615193,0.354988673384807,0.6107929254750639,0.3892070745249361,0.6413759594659456,0.5219480253567914,-0.5693788634025961,-0.814866120133005,-2782.756460141543
271,-407.66282422992134,0.9911239496824746,0.11564723672224476,5.0,31.0,0.0,413.22543105051153,0.5237031012851775,0.4762968987148225,0.5420538121034316,0.4579461878965684,0.09525761009472865,0.8214274004409032,-1.0605945020337044,-0.24505871609633398,-2795.204487925634
272,-409.6758132131003,0.8633344583812407,0.14763308084387175,3.0,7.0,0.0,411.8886384774179,0.6282328948026551,0.3717671051973449,0.5986087279992106,0.4013912720007894,0.7549586382663465,-0.15612606967982795,-1.033343581657736,-0.07747848304744741,-2808.6034820805144
273,-407.44560501584385,0.9697458007400592,0.12152810673938115,4.0,15.0,0.0,408.4371658652825,0.07951849338218682,0.9204815066178131,0.09471208132286947,0.9052879186771305,0.6959114672373704,0.4024849577028885,0.23499403408686634,-0.7851259244107749,-2778.367031882671
274,-406.9147175226858,0.9381117320573708,0.1408622771501794,4.0,31.0,0.0,408.7383014261177,0.506255164528319,0.493744835471681,0.9568769792336664,0.043123020766333564,0.48857409707114086,-0.23057427198109473,-0.5458053145014501,-0.8479545185101671,-2778.1395209292323
275,-406.4581014652587,0.851580020006738,0.11564723672224476,4.0,15.0,0.0,410.71571197290575,0.18237291811131498,0.817627081888685,0.40858375530909014,0.5914162446909099,0.5801266603817443,0.25700072066392965,-0.8667081096242432,-0.7331160047379666,-2783.295915195389
276,-407.9542419813864,0.8873486821575383,0.14763308084387175,4.0,15.0,0.0,412.97559024114145,0.9260604825983497,0.07393951740165028,0.3451759734776659,0.6548240265223342,0.07136551120900132,0.7417625368536129,-0.6717809164464097,-1.7011985515354515,-2785.885580089534
277,-407.2814253148121,0.5781115729473804,0.12152810673938115,5.0,31.0,0.0,412.5929653312697,0.1301105788856249,0.8698894211143751,0.4536603494307517,0.5463396505692484,0.8638493252420997,0.43161740119591396,-0.44690487513395066,-0.7727311398055168,-2787.2210490147845
278,-407.97706473372745,0.965535973443638,0.1408622771501794,3.0,7.0,0.0,409.01268984401736,0.20722576371375218,0.7927742362862478,0.882012115574744,0.11798788442525598,0.5913383390426867,-0.51786653278317,-0.5808298075187901,-0.8015794767924297,-2788.7192369122145
279,-407.0788662657001,0.9923249473790966,0.11564723672224476,4.0,31.0,0.0,408.5553728904431,0.05477311464817786,0.9452268853518221,0.6629524851865731,0.3370475148134269,0.4275636148031495,0.5051446824717876,-1.534844891702449,-0.7501860377687861,-2778.298020460512
280,-406.5880706369063,0.9576786535037233,0.14763308084387175,4.0,15.0,0.0,409.4720414250891,0.44978383511641434,0.5502161648835857,0.09034713721080108,0.9096528627891989,0.26275999804493,0.5787612638453341,-0.7620124993105762,-0.5506822772858188,-2780.5915812787302
281,-407.0218574459272,0.9965882307933238,0.12152810673938115,5.0,63.0,0.0,409.4405245706529,0.4818138848948287,0.5181861151051713,0.16616524858008141,0.8338347514199186,-0.16667704956768886,0.631644045401906,-0.349063575674834,-1.1171497825569434,-2786.817600558274
282,-408.0440363538141,0.8312847560371138,0.1408622771501794,3.0,7.0,0.0,410.9590088995502,0.16846874976121792,0.831531250238782,0.9774619588965727,0.022538041103427275,0.5605989325329963,0.14538747908090588,-0.7212068882920767,-0.691101239698627,-2777.5845813892765
283,-406.94655701924455,0.9561401447264081,0.11564723672224476,4.0,23.0,0.0,409.72700469655024,0.15123154338816838,0.8487684566118316,0.6927714772976857,0.30722852270231427,0.2970776042127298,0.7385031007964727,-0.8692827282139125,-0.5938400609219692,-2784.714294104165
284,-408.6501947273199,0.8610675957874294,0.14763308084387175,4.0,31.0,0.0,411.79473271581753,0.44089489195468934,0.5591051080453107,0.014616951325327207,0.9853830486746727,-0.32218043376840566,0.5413595988859226,-0.9681491981925497,-0.3517182857003793,-2782.6323654104112
285,-409.791458270708,0.8052375630675136,0.12152810673938115,5.0,31.0,0.0,412.19548717988494,0.23812253977531875,0.7618774602246813,0.0051032859363774495,0.9948967140636226,-0.6653086248476267,0.5813719436662443,-0.8876878022840277,-0.5980201424165511,-2780.7911530394913
286,-407.21560376291626,0.9843890579300367,0.1408622771501794,4.0,15.0,0.0,409.9408768814171,0.3732526315336132,0.6267473684663868,0.8808307181863294,0.11916928181367059,0.5754149183899475,-0.2408630966853785,-1.2574074161462345,-0.45497516628654416,-2785.46004939135
287,-406.9545687999125,0.6736838769030147,0.11564723672224476,3.0,11.0,0.0,412.10748552549614,0.17727062823771803,0.822729371762282,0.20533530021838756,0.7946646997816125,0.6050174264730435,0.6085812260711954,-0.5610159981850009,-0.8487673557395317,-2783.7906437455636
288,-405.5205245349,0.7087656195829619,0.14763308084387175,5.0,47.0,0.0,410.85920650137484,0.4473637845763503,0.5526362154236497,0.3725894732116989,0.6274105267883011,0.6852414163548741,0.4449582720599591,-0.33830002698647804,-0.9059889646283141,-2780.159451893298
289,-413.1474467044776,0.714322029695315,0.12152810673938115,4.0,15.0,0.0,418.0798323864412,0.8243097885364198,0.17569021146358021,0.0002022446326471215,0.9997977553673528,-0.7917850256308515,0.5570403778685408,-0.542583049013635,-1.2933834500506973,-2779.3071059610984
290,-408.38796120921694,0.8815886344182217,0.1408622771501794,5.0,31.0,0.0,412.20750303320955,0.08396116344137533,0.9160388365586247,0.21052238738271958,0.7894776126172804,0.18796699693039803,0.4233268318335842,-1.8669092198401898,-0.581348840062833,-2787.4421742791965
291,-406.8616767679973,0.9872519790313543,0.11564723672224476,5.0,47.0,0.0,409.61781462136753,0.7570587871325412,0.24294121286745884,0.8685927216238369,0.13140727837616306,0.44891635527310914,-0.0022038046627891605,-0.8753266694162956,-0.24614889049728345,-2782.924276556684
292,-406.2666344491747,0.9172696117646618,0.14763308084387175,4.0,15.0,0.0,408.25940688700473,0.13431012017579166,0.8656898798242083,0.6232410181709834,0.37675898182901657,0.6721516585625498,0.19930890354087272,-0.37433610524093663,-0.829808696725402,-2780.3770451977825
293,-410.94893665984006,0.9806353840676971,0.12152810673938115,5.0,39.0,0.0,415.8805258167129,0.19646743159919655,0.8035325684008034,0.13945764575717193,0.8605423542428281,-0.18056914661486095,0.7668419626380819,-1.7436007463482643,-0.45319573889347603,-2807.998935732017
294,-410.8718689830394,0.8823996016175447,0.1408622771501794,4.0,15.0,0.0,412.6128132611864,0.11241541837855645,0.8875845816214436,0.7780338054337517,0.22196619456624833,0.7834980698931586,-0.07806874528740722,-1.4713364563871913,-0.8286468903906028,-2807.152290444013
295,-408.5883826517863,0.8530553087090625,0.11564723672224476,2.0,3.0,0.0,409.1732682172334,0.7793566889474892,0.22064331105251078,0.8779984201750821,0.12200157982491788,0.3917561191453781,-0.01102835842724652,-0.9954429642382231,-0.23766208873593844,-2793.799716760764
296,-406.53457186502476,0.7096998658986772,0.14763308084387175,4.0,15.0,0.0,411.806993008365,0.6392068102546472,0.3607931897453528,0.12528335619211553,0.8747166438078845,0.5824093822940128,0.5912967484334435,-0.6414555439186524,-1.0298041485026852,-2780.968761156572
297,-408.1433931147289,0.8372086201332786,0.12152810673938115,4.0,15.0,0.0,414.26284074176,0.07983437815466912,0.9201656218453309,0.38277339060779103,0.617226609392209,0.6699705204210232,0.22710307469275265,-1.3813482496698435,-0.7807565137554904,-2788.745714637407
298,-408.8334033252147,0.9977495497905535,0.1408622771501794,5.0,31.0,0.0,412.5007752196155,0.02647275566738004,0.97352724433262,0.8879903378273752,0.11200966217262476,0.38357430534288733,1.012132999579324,-1.4731412166105717,-0.6740041950168034,-2779.6287364300665
299,-409.332557655972,0.9883111111674955,0.11564723672224476,5.0,31.0,0.0,413.1810327721741,0.43366074579675035,0.5663392542032497,0.9960816295420606,0.003918370457939413,0.48525105455725764,-1.0613847969923218,-0.7891213314571955,-0.7649303703519439,-2777.340845059959
300,-407.0511185252814,0.9071707071144584,0.14763308084387175,4.0,15.0,0.0,410.03839342353234,0.75527282106404,0.24472717893595997,0.11004061225488077,0.8899593877451193,0.46398770745241497,0.5979344974178635,-0.4948484091134081,-1.3016979259949655,-2781.9280448279414
301,-405.86766368326573,0.9982011277901229,0.12152810673938115,4.0,15.0,0.0,408.9729047352519,0.31421097349897803,0.685789026501022,0.7700559350351099,0.22994406496489006,0.5663807659750716,0.413828170819078,-1.0713572699920495,-0.688242775537415,-2779.248200793048
302,-408.9115970800229,0.7780057299192985,0.1408622771501794,4.0,15.0,0.0,412.84115083244916,0.5229571732714204,0.47704282672857956,0.10336545540536615,0.8966345445946339,0.3849146383567784,0.6423956160580009,-1.3029320112782572,-0.3399697144335606,-2796.5898430236516
303,-409.6530668273056,0.9075665831769454,0.11564723672224476,3.0,15.0,0.0,411.6213986561179,0.6544029242143414,0.34559707578565857,0.9958597799274154,0.004140220072584633,0.46682798686045246,-1.1264436803133215,-0.7993246385207265,-0.7938691320817521,-2779.2034258170784
304,-407.6284213420393,0.9193198890318912,0.14763308084387175,4.0,31.0,0.0,411.1357059234113,0.4998198499947826,0.5001801500052174,0.3682091930273828,0.6317908069726172,1.0660942660193733,0.20098465670988938,-0.7801770792254096,-0.7753011854908756,-2794.086750251509
305,-407.8846089961742,0.9095784910243185,0.12152810673938115,4.0,15.0,0.0,408.9077300441832,0.4854139744880216,0.5145860255119784,0.8562413536768152,0.1437586463231848,0.454090576849053,0.462547498729618,-1.1533623027135307,-0.1150055486455307,-2791.9916456547953
306,-410.49315391367,0.9254197943232733,0.1408622771501794,4.0,15.0,0.0,417.795013852778,0.2170507159573069,0.782949284042693,0.5030673797425554,0.49693262025744456,0.5639672615289014,0.37231428462978294,-1.7547319115948192,-0.2610389317166159,-2810.6552545027507
307,-411.0898659529095,0.8414938784583789,0.11564723672224476,4.0,23.0,0.0,412.05005177705834,0.22865562866336397,0.771344371336636,0.9956820646021319,0.004317935397868067,0.3726619380938752,-1.2818460058113146,-0.8273229952743469,-0.7962580660125389,-2787.402490491524
308,-407.3320939241574,0.9856086506652723,0.14763308084387175,4.0,15.0,0.0,408.3080917319324,0.7278753116851522,0.2721246883148478,0.04710068032423803,0.952899319675762,0.7989434314746177,0.5489383920922098,-0.9280095352347196,-0.42696809586429246,-2779.4138515037193
309,-407.7604895219628,0.9955210288952885,0.12152810673938115,4.0,15.0,0.0,409.27747889535914,0.5519054411993644,0.44809455880063565,0.2286265659726303,0.7713734340273697,0.28842548049461164,0.4987461843784059,-0.44588882854899375,-1.3958461817905192,-2792.9313146147565
310,-408.91160769868134,0.9910035298348375,0.1408622771501794,4.0,15.0,0.0,414.295445067987,0.0383141604169645,0.9616858395830356,0.91645717141588,0.08354282858411999,0.5524537946303383,1.0471120401856304,0.4664093646705082,-0.8218410448435566,-2782.127054417206
311,-412.63339730847906,0.7106082501659935,0.11564723672224476,3.0,11.0,0.0,420.060406493341,0.4184683554289751,0.5815316445710249,0.9962418204781596,0.0037581795218404324,0.4641423451591632,-1.2383287337853126,-1.5152407942167743,-0.41030201274407785,-2798.3725503322185
312,-406.17344763927514,1.0,0.14763308084387175,4.0,31.0,0.0,408.4708336067038,0.8632723890907859,0.13672761090921415,0.5133107210416001,0.48668927895839986,0.6749292753462868,0.2931727900056695,-0.7949508446091047,0.11125156060140749,-2780.381373036646
313,-406.2676566216101,0.9668959309735204,0.12152810673938115,4.0,15.0,0.0,408.93276245879497,0.8250733614715299,0.17492663852847012,0.23460975720125232,0.7653902427987477,0.33453802012299977,0.6312190398833961,-0.6022115274990721,-1.083119755465064,-2779.397601646686
314,-408.40640711409856,0.9837006205220967,0.1408622771501794,5.0,31.0,0.0,410.37176292830674,0.0587566129117296,0.9412433870882704,0.20222200377488225,0.7977779962251177,0.661219757151537,0.39583007903896855,1.1160462698282156,-0.8821630119749314,-2786.3120308653383
315,-410.4048046136001,0.7012631877958048,0.11564723672224476,3.0,7.0,0.0,417.25370392007665,0.03367684863117036,0.9663231513688296,0.9804445657837906,0.019555434216209422,0.59447289428459,-0.9233860450582074,-0.766588213894014,-0.7240534710577763,-2781.9990214865475
316,-407.8024611244267,0.8037971665125754,0.14763308084387175,5.0,31.0,0.0,408.7833162095252,0.8937286250030351,0.10627137499696493,0.6304088127872108,0.36959118721278916,0.43809496181321517,0.24773289726001765,-0.7435531477748307,0.36803459165752556,-2789.862076667508
317,-406.53104663458083,0.9924829704233483,0.12152810673938115,4.0,15.0,0.0,408.1031866189881,0.9167425581558601,0.08325744184413986,0.4378100911715799,0.5621899088284201,0.6092459770746476,0.45331508040835616,-0.6019346663853983,-1.58331907608986,-2777.7857693889405
318,-407.98102050017235,0.8933520971191954,0.1408622771501794,5.0,31.0,0.0,411.2273608299151,0.030842395891757995,0.969157604108242,0.3235525494467303,0.6764474505532697,0.5053551674518062,0.4143987386649956,1.1296669771032746,-0.8569210004840946,-2781.385812227312
319,-410.14321682160767,0.9991964911766459,0.11564723672224476,4.0,23.0,0.0,411.6442242294189,0.03822488987218752,0.9617751101278125,0.9803109582430884,0.01968904175691155,0.5418930175613185,-0.9585376983955012,-1.4186524530238926,-0.6656800534402229,-2779.914737372422
320,-409.39908785809564,0.8009754613354296,0.14763308084387175,3.0,11.0,0.0,412.2686179998824,0.9178566569405419,0.08214334305945814,0.9434141737405416,0.056585826259458405,0.5564816154238122,1.3787798368080664,-0.869841034191026,0.5854730593481182,-2787.0725352469185
321,-406.4708927218818,0.9513769087443068,0.12152810673938115,4.0,15.0,0.0,410.6510287622126,0.4586855985585858,0.5413144014414142,0.8145065134529356,0.18549348654706443,0.5878291664831296,-0.15534900621288097,-0.8736078093733337,-0.5747138102885967,-2783.8595272067964
322,-408.87358773606195,0.9304722994153182,0.1408622771501794,4.0,23.0,0.0,410.9992784708737,0.055227897781948046,0.944772102218052,0.22278491740158476,0.7772150825984152,1.0400551727191036,0.3436131054893363,0.6902801765571159,-0.9137341542068897,-2789.717725953254
323,-409.79058799435523,0.989389356546269,0.11564723672224476,5.0,47.0,0.0,412.77759665984604,0.052928454568852104,0.9470715454311479,0.9810377158975129,0.018962284102487126,0.4902951144818216,-0.7608858096498524,-1.4821940542397183,-0.6295748608590791,-2779.5865746051572
324,-408.70866587536483,0.9803951958488779,0.14763308084387175,4.0,31.0,0.0,413.34873508110945,0.8597427910317479,0.1402572089682521,0.9684248649816183,0.03157513501838172,0.5558957518675446,1.6141326666920086,-0.8109002559617082,-0.18285972167968262,-2781.4430076908066
325,-409.04231302883767,0.9997197764961371,0.12152810673938115,5.0,31.0,0.0,409.5485815642258,0.18952491545069033,0.8104750845493096,0.9556843954203439,0.04431560457965611,0.5196413468247792,-1.095404755865079,-1.3607869895500468,-0.5889882890766095,-2787.6151391897974
326,-411.2319275403451,0.8243662180671604,0.1408622771501794,5.0,31.0,0.0,413.27488194573635,0.027766774778024333,0.9722332252219756,0.9774625643005771,0.022537435699422903,0.43431161816393704,0.34109408142340386,1.4917399744637185,-0.6523076247177972,-2786.8303157997334
327,-412.0594345021419,0.8573824817905247,0.11564723672224476,4.0,15.0,0.0,413.73556249556196,0.37882506395770804,0.621174936042292,0.9557239312741865,0.04427606872581347,0.4267694846737533,-1.0862540153210662,-0.023756993931650205,-0.8257537521275204,-2812.799610655176
328,-406.74464807636895,0.9458602736697054,0.14763308084387175,4.0,31.0,0.0,411.7047315959573,0.9157677751515765,0.08423222484842352,0.7607236944351028,0.2392763055648972,0.415999948282573,0.6388819766400895,-0.6139787908429314,-1.2307899914470943,-2778.0900513497013
329,-406.9461051426172,0.9354583351086764,0.12152810673938115,5.0,63.0,0.0,415.40093229104235,0.09447345940737191,0.905526540592628,0.8213202971927974,0.17867970280720258,0.47868897893722984,0.727199934915394,-1.3223368237608584,-0.7364010317244148,-2778.211614289738
330,-412.79296794837825,0.772312268304087,0.1408622771501794,4.0,15.0,0.0,416.32452156850655,0.027106588466363195,0.9728934115336368,0.8160566747739945,0.18394332522600554,0.7507248133623515,-0.3595855203150605,1.1347432760342648,-0.9365904868278055,-2810.7925148250315
331,-411.0174500343881,1.0,0.11564723672224476,3.0,7.0,0.0,412.8083107770891,0.06504885339681919,0.9349511466031808,0.9713156731961067,0.028684326803893323,0.41217484986557773,-1.1259802754099892,-0.34916956398713683,-0.8640951986571311,-2793.1423968880426
332,-411.76220315254596,0.9601920241428883,0.14763308084387175,5.0,31.0,0.0,412.6883591900187,0.022697986732213727,0.9773020132677863,0.9527235972258298,0.04727640277417022,0.47140731663936863,0.9398338741023226,-2.2570965681955024,-0.5198923638796461,-2791.0426306334625
333,-405.19318913956005,0.834716631899727,0.12152810673938115,4.0,15.0,0.0,409.01564053813615,0.7413218603513735,0.2586781396486265,0.5157929481839542,0.48420705181604584,0.458924933836129,0.6265632164488597,-0.7875063061966113,-0.5003121702890394,-2776.7117470581356
334,-413.37628532747675,0.9804950980734531,0.1408622771501794,3.0,7.0,0.0,415.5600487945892,0.04106285082520427,0.9589371491747958,0.8225277711165835,0.17747222888341652,0.7616515412605183,-0.4150128587957927,1.2191206110051138,-0.9593366287957448,-2817.138190634404
335,-409.92147147196033,0.987744385460827,0.11564723672224476,5.0,35.0,0.0,413.2514043333716,0.08192010711239926,0.9180798928876007,0.9490021247970993,0.05099787520290067,0.4260482741310615,-0.4128535121522776,-0.18680582246207753,-0.6359155689264663,-2792.161435280782
336,-410.60949796023937,0.997882147308578,0.14763308084387175,5.0,31.0,0.0,413.1765037099962,0.07928419972509018,0.9207158002749098,0.0142294458384293,0.9857705541615707,0.4796345758748856,0.4991658287440409,-1.9508101442216794,-0.5168820500474915,-2784.905742198167
337,-404.9820696797372,0.99049344680257,0.12152810673938115,5.0,31.0,0.0,405.6166285223891,0.551894307596799,0.448105692403201,0.5143723146450819,0.48562768535491807,0.617834737104437,0.4417586153698781,-0.9632169670146069,-0.485621028387617,-2776.781285191048
338,-413.7618161248318,0.9770320710228892,0.1408622771501794,1.0,1.0,0.0,414.1032978716521,0.04250831045171183,0.9574916895482881,0.8183194390904863,0.18168056090951368,0.7705355209112078,-0.444198201935933,1.2167423080786297,-0.9641667604550913,-2820.119931507816
339,-409.62957133490534,0.8255693408652058,0.11564723672224476,5.0,47.0,0.0,416.3057490785462,0.9809110286118075,0.019088971388192544,0.03841260831049784,0.9615873916895021,0.40890511586330386,0.4136429041643132,-0.7480005240212151,0.538910451449218,-2778.3308438473696
340,-408.5920937733913,0.9704276107166193,0.14763308084387175,5.0,31.0,0.0,412.6835679225831,0.7113150473491431,0.2886849526508569,0.6998438162824401,0.3001561837175599,0.2412588917242945,1.1170818575824122,-0.4085510081144594,-1.3818112252086603,-2797.8196949593457
341,-405.2914890981737,0.9496708997438646,0.12152810673938115,4.0,31.0,0.0,406.5632040078464,0.5354375048701319,0.46456249512986814,0.7765313121233669,0.2234686878766331,0.5087628396771977,0.35464919300993997,-0.66393658966163,-0.7056183693942669,-2776.802545374537
342,-411.8306259508856,0.9809644462545802,0.1408622771501794,5.0,47.0,0.0,417.0765307759273,0.014753348416179448,0.9852466515838205,0.10219230945478099,0.897807690545219,0.0726349731032737,0.5398529075121163,1.9471495937526533,-0.9314694259927004,-2794.8177661791224
343,-409.6379558764206,0.8571864693652762,0.11564723672224476,4.0,15.0,0.0,413.7097176335766,0.8044267153843238,0.19557328461567625,0.032368535077742434,0.9676314649222576,0.5614067590763476,0.5047953537497587,-1.007593145108591,0.4351768703933401,-2791.44608599903
344,-406.4445232503663,0.7824024795273458,0.14763308084387175,4.0,15.0,0.0,411.64705883531605,0.6354817544717006,0.36451824552829937,0.3996117282741933,0.6003882717258067,0.46322198255590735,0.3839192371303828,-0.6109235386257454,-0.5818691754920451,-2786.7287836210367
345,-407.2963010750673,0.9513488588353249,0.12152810673938115,4.0,27.0,0.0,409.12151061349726,0.09980786327594773,0.9001921367240523,0.8687678436103616,0.13123215638963837,0.496455530157502,0.4932101669813131,-1.7825445651863119,-0.5959551495938588,-2778.3847259546105
346,-410.12143459968235,0.9731064743843562,0.1408622771501794,5.0,31.0,0.0,413.2255313329106,0.014612839437658932,0.9853871605623411,0.39959633804130373,0.6004036619586963,0.17870254297713928,0.7462851221537938,2.169617684575647,-0.8235133667075618,-2788.706530877705
347,-406.29682394008233,0.9505141012354678,0.11564723672224476,4.0,23.0,0.0,414.67902688990927,0.8359210615960566,0.1640789384039434,0.3861702702711194,0.6138297297288806,0.5758508400668811,0.5521119683784139,-0.8321265147287338,0.20554025993362857,-2781.748156509574
348,-407.87019579708556,0.9860231766124449,0.14763308084387175,4.0,31.0,0.0,408.34556927440354,0.5022009097793435,0.4977990902206565,0.9470237023890412,0.05297629761095879,0.5075444574426039,0.9798942178226021,-0.4196655354019016,-0.7656503928614073,-2785.5110320826875
349,-408.32304007945794,0.9327842675473589,0.12152810673938115,4.0,31.0,0.0,410.93700631638785,0.16954070276583677,0.8304592972341632,0.8389402236476253,0.16105977635237467,0.27375003232317247,1.173470682900792,-1.3929949194350209,-0.6559403144211352,-2789.9261191055843
350,-409.4559854066679,0.9978850941675604,0.1408622771501794,3.0,15.0,0.0,411.4583959042989,0.01301750845867211,0.9869824915413279,0.6893823792412411,0.31061762075875887,0.39955431587860746,0.6150744146707648,2.3030957938653307,-0.6809846252282861,-2782.2505941547493
351,-410.54644488268315,0.7402429808984593,0.11564723672224476,3.0,7.0,0.0,413.12506227529883,0.8036114791935941,0.1963885208064059,0.23613720307625605,0.7638627969237439,0.06902645688955142,0.7094041016832989,-1.1617994663783244,0.14372282276174808,-2809.7476215151437
352,-409.92598256204445,0.9976186197085635,0.14763308084387175,4.0,31.0,0.0,412.95323823782843,0.0017096360650271025,0.998290363934973,0.5187721164895901,0.4812278835104099,0.4359947832217553,0.48385062510305055,0.3880381076401995,-0.7765574009946274,-2777.0410260787385
353,-407.5454900494891,0.9984882308546343,0.12152810673938115,5.0,31.0,0.0,409.95358344250474,0.7645063756582868,0.23549362434171317,0.5522406748120522,0.4477593251879478,0.7772570430278579,0.0090191885039549,-0.8478551403486674,-0.16958223615142604,-2792.561233334009
354,-412.424901589106,0.8184710978148936,0.1408622771501794,4.0,23.0,0.0,417.13406019208975,0.020547441315951105,0.9794525586840489,0.8518554028573045,0.14814459714269546,0.3216944971419006,1.120516158703972,2.460004259787619,-0.6142469293158241,-2800.92705080495
355,-410.57541949593906,0.9442134716115916,0.11564723672224476,4.0,15.0,0.0,416.1311195589953,0.6308811892144321,0.36911881078556785,0.9036067975984164,0.09639320240158356,0.6693487051596381,-0.2616566683256075,-0.19767571475017415,-1.3915160411504937,-2807.076736218262
356,-406.70600931062353,0.941974843465205,0.14763308084387175,4.0,15.0,0.0,411.2869633997427,0.1803426223993149,0.8196573776006851,0.8643805592069663,0.13561944079303367,0.5347603781579133,0.03899185009468602,-0.10204968129986441,-0.7761161399025077,-2780.6344542317293
357,-408.04307879487607,0.97603509237184,0.12152810673938115,4.0,31.0,0.0,409.46141721983224,0.9311239165468228,0.0688760834531772,0.6508952638215836,0.3491047361784164,0.8095928879629569,0.08997427073819936,-0.7538919177896314,-0.21998417744557683,-2788.346119958898
358,-411.5803828981843,0.9490231988031218,0.1408622771501794,5.0,63.0,0.0,420.30055139303346,0.005284393892037738,0.9947156061079623,0.21566206462061852,0.7843379353793815,0.08043814142977934,0.43638329614934523,1.5057953646043425,-0.8480563036837495,-2791.8189574896433
359,-407.5278847861859,0.8484452034857194,0.11564723672224476,3.0,15.0,0.0,416.16395906084574,0.5134161612299578,0.4865838387700422,0.8082285841080696,0.19177141589193036,0.7207287861061601,-0.12863554858494922,-0.9697543872960676,-0.3384928033111677,-2791.269408828194
360,-405.2973527007328,0.984793940650808,0.14763308084387175,5.0,31.0,0.0,407.73007032815497,0.35558288879727235,0.6444171112027277,0.24720466461260068,0.7527953353873993,0.42960492407264766,0.4601677747947904,-0.3604340715069845,-0.944400945010509,-2776.677101573877
361,-405.70807972439593,0.9393933463446896,0.12152810673938115,4.0,15.0,0.0,410.36357490453076,0.3994560040755435,0.6005439959244565,0.6611235519741915,0.3388764480258085,0.5473746848348348,0.22366985813501433,-0.9182077249724848,-0.4849899022227923,-2781.104263964551
362,-413.1556077273525,0.7261435167443434,0.1408622771501794,3.0,15.0,0.0,418.00467804389876,0.005622605634224272,0.9943773943657758,0.24917344995103186,0.7508265500489681,0.12027776368700398,0.6253543996027279,1.23920374339185,-0.9656430732181261,-2804.0901002640558
363,-410.0484315865217,0.7701864328609753,0.11564723672224476,5.0,31.0,0.0,412.0057764966946,0.5540154590005972,0.44598454099940277,0.1591546120839076,0.8408453879160924,-0.10485309806168054,0.6958025027200303,-0.8978929977780429,-0.9754758890769687,-2807.018571550246
364,-405.4053520373481,0.9218350941418448,0.14763308084387175,4.0,15.0,0.0,406.4228677972046,0.62861809387879,0.37138190612121,0.7586663857313407,0.2413336142686593,0.3890378822527207,0.6735325228864528,-0.6543364078289695,-0.8850158455816033,-2777.0956864617324
365,-405.9308646220532,0.9269943210389028,0.12152810673938115,2.0,7.0,0.0,408.935560589667,0.5051336249158588,0.4948663750841412,0.861475787138837,0.138524212861163,0.5900970918770839,0.36865188337698107,-0.8912597941267216,-0.47420918513475857,-2778.511443127523
366,-408.34224409077024,0.9997915995939485,0.1408622771501794,4.0,15.0,0.0,415.1495325829683,0.015283158323424945,0.984716841676575,0.7827443493609099,0.21725565063909014,0.5130334996357115,0.5792549844049666,1.1046266036792136,-0.6915908487904925,-2777.5189753019654
367,-405.98861529302485,0.8940774006650188,0.11564723672224476,5.0,31.0,0.0,414.051105732455,0.09331665292298501,0.906683347077015,0.41238304777425844,0.5876169522257415,0.41532867233023757,0.5697359733448827,-1.1451567708233166,-0.6792880863371891,-2775.6581642799933
368,-405.10060363702473,0.9654555680523654,0.14763308084387175,4.0,15.0,0.0,406.17827094478224,0.25812451382994295,0.741875486170057,0.42058426840334406,0.5794157315966559,0.5635801862781673,0.4125551695569782,-0.6644277925508948,-0.7443119588063359,-2775.8846363996013
369,-408.78851748283677,0.9895361393869104,0.12152810673938115,5.0,31.0,0.0,409.8109345716581,0.6189911527027139,0.3810088472972861,0.018949620640477987,0.981050379359522,0.10570048166859157,0.36519084295183346,-0.7818177857138674,-0.7315457088249058,-2785.18931908872
370,-406.34328901665293,0.9845150575320983,0.1408622771501794,4.0,31.0,0.0,410.0602281172694,0.06384092047650093,0.9361590795234991,0.35669105121448147,0.6433089487855186,0.5460609583196573,0.5454945726029309,0.022127810310651308,-0.7877839159846932,-2776.239541556084
371,-407.4392732300326,0.8793673249157167,0.11564723672224476,2.0,7.0,0.0,407.74091071125997,0.1110102738680673,0.8889897261319327,0.45798646298256046,0.5420135370174395,0.5125199386307919,0.569578070072322,-1.106147048317504,-0.8425584579467655,-2786.692240327066
372,-405.19528342779927,0.9938531230058044,0.14763308084387175,3.0,15.0,0.0,407.6215030675706,0.2169370861597101,0.7830629138402899,0.573765365310287,0.426234634689713,0.5457931630004184,0.3889966831380227,-0.5894611815576395,-0.7590903566496774,-2775.830906910099
373,-406.5541298442669,1.0,0.12152810673938115,3.0,7.0,0.0,409.14216779962027,0.470620092460381,0.529379907539619,0.06739420136823475,0.9326057986317653,0.020217723265141256,0.5742124003070135,-0.7429887341057713,-0.635758998845991,-2778.552093882891
374,-406.79915343866026,0.9085907085446618,0.1408622771501794,4.0,15.0,0.0,407.83786662534703,0.06163330337957896,0.938366696620421,0.5054596192188252,0.4945403807811748,0.5368915182379974,0.2798945544477133,-0.05832995452238584,-0.7639935772890837,-2779.98025972413
375,-408.6553822045026,0.9624257294872689,0.11564723672224476,5.0,31.0,0.0,409.3301956287603,0.7275899801120426,0.27241001988795743,0.27523754326037847,0.7247624567396216,0.5741441216741899,0.5721558090530138,-0.6865737834305671,-1.5489253305959505,-2797.5299561544734
376,-406.6415318122251,0.9860062465479913,0.14763308084387175,4.0,31.0,0.0,408.24947932687326,0.8850191411441264,0.11498085885587361,0.5326923326228583,0.4673076673771417,0.4134812479870547,0.5371051281027143,-0.7018600884009296,0.12907347026591232,-2782.7527963924967
377,-406.5962829461535,0.8712346410770812,0.12152810673938115,3.0,15.0,0.0,409.2586130136001,0.5104389719998169,0.4895610280001831,0.06575200677567326,0.9342479932243267,0.295135031769296,0.5019871579453317,-0.9089325523794087,-0.6978444705034156,-2778.3899688822876
378,-407.2486726840399,0.9982441041215261,0.1408622771501794,4.0,15.0,0.0,407.9191645313586,0.045557752740762694,0.9544422472592373,0.3973535118863851,0.6026464881136149,0.5830491426535717,0.6123313978095392,0.12996928697112142,-0.7804323441650926,-2780.4841569216105
379,-406.8933992309651,0.9892650858101437,0.11564723672224476,4.0,15.0,0.0,410.7219352844997,0.8862763859839929,0.11372361401600706,0.8367817804883565,0.1632182195116435,0.507868152321315,0.6014482958486714,-0.5638390190408529,-1.3732049552651195,-2778.678546275679
380,-408.6916202493596,0.8674093566925077,0.14763308084387175,3.0,15.0,0.0,409.66355091733783,0.9598695768898494,0.04013042311015058,0.6313864738947759,0.36861352610522413,0.4008510034948066,0.4397238751746431,-0.9245139799340968,0.16642616428380164,-2789.5079758251914
381,-406.7437120022727,0.9804002272968273,0.12152810673938115,4.0,31.0,0.0,409.9033046994047,0.820473223911535,0.179526776088465,0.14748066308487057,0.8525193369151294,-0.02465182953470263,0.5286805731945329,-0.8658841792104435,0.021953083061503842,-2781.241849077748
382,-410.5647649017738,0.9509563016537721,0.1408622771501794,4.0,31.0,0.0,412.85670876418226,0.042944698405909636,0.9570553015940904,0.617580833924225,0.382419166075775,0.17576619552148287,0.5710033658791113,1.581242891291714,-0.7482378058397078,-2801.1134476174543
383,-409.7505699047757,0.5938259451543845,0.11564723672224476,3.0,15.0,0.0,413.4552416216539,0.918061126933549,0.08193887306645098,0.8846081509223737,0.11539184907762634,0.6777380492344706,0.7650210299759683,-0.6920900039441299,-1.3823708371871493,-2793.8550879712166
384,-408.7777119603448,0.9525793280368632,0.14763308084387175,2.0,7.0,0.0,410.7985112550617,0.9481805992697715,0.051819400730228504,0.5681489499757694,0.43185105002423063,0.4297625427083497,0.5477292942354373,-0.9740011194286693,0.2006329745832477,-2791.943788854441
385,-406.89376370731424,0.978983886773762,0.12152810673938115,4.0,31.0,0.0,409.85360788603884,0.9555743291154408,0.044425670884559176,0.27241409829680185,0.7275859017031981,0.49530114021287586,0.5344726588551322,-0.7431839870134075,0.5610155286405393,-2776.511255341562
386,-411.9906510466733,0.9253793894799919,0.1408622771501794,5.0,63.0,0.0,415.22085604225515,0.008765775067734946,0.9912342249322651,0.9908966420790151,0.009103357920984934,0.4231435599577053,-0.09244828236013458,1.1497368095939007,-0.778604391324797,-2778.798083935532
387,-409.9710491053509,0.9969210237414772,0.11564723672224476,5.0,47.0,0.0,411.8088936513618,0.8976374683642707,0.10236253163572928,0.03436199092261006,0.96563800907739,1.9514705085557045,0.3600047626436437,-0.7399752638319291,-1.179374432827948,-2786.889064144131
388,-407.3978296545261,0.932748664791431,0.14763308084387175,3.0,15.0,0.0,415.54203622642217,0.9312846309969444,0.06871536900305564,0.8275732389874803,0.17242676101251975,0.4969482294463405,0.8680699897981103,-0.6778774908455151,-0.64726379500797,-2780.143164927866
389,-406.05960688657916,0.9829837147301135,0.12152810673938115,4.0,31.0,0.0,408.2406250010151,0.9265163803611233,0.07348361963887673,0.44624242087773325,0.5537575791222668,0.47317106891871025,0.5669246773026222,-0.8032270785182147,0.07694805619404435,-2775.7095989041018
390,-411.964370663992,0.9822575802069892,0.1408622771501794,4.0,15.0,0.0,413.4474834606809,0.05125277456889731,0.9487472254311027,0.9927660078759865,0.007233992124013544,0.5867001704920348,0.24063794321246673,1.3886008782642616,-0.8287486799262374,-2788.1593216448937
391,-410.3469855885842,0.9818545593328603,0.11564723672224476,4.0,31.0,0.0,411.1390436120553,0.9375262957217968,0.0624737042782032,0.042213224042695494,0.9577867759573045,1.664170754649198,0.5731611488720263,-0.7953334142690767,-1.0012535022271642,-2788.7276974231513
392,-407.97961616070154,0.9402575107693235,0.14763308084387175,4.0,15.0,0.0,410.1845310726122,0.48984861029956445,0.5101513897004355,0.6680667857930626,0.33193321420693744,0.6761246925715626,-0.14786404036742723,-0.6273716205013035,-0.6685031785418987,-2797.100586750368
393,-406.806501139642,0.9639816127545634,0.12152810673938115,4.0,15.0,0.0,407.45886143450014,0.8732104647039162,0.12678953529608383,0.5355325237025658,0.46446747629743423,0.2528588052225077,0.5486213101803964,-0.8010176697223718,0.16600454882841958,-2784.4130518467887
394,-414.7413555051804,0.8931487220118605,0.1408622771501794,4.0,19.0,0.0,415.8887326619826,0.021990603218299085,0.978009396781701,0.0661731306617407,0.9338268693382593,0.6956535488730861,0.7324098957728368,2.0785689886389878,-0.8653259199051562,-2813.9213270258606
395,-408.9576035125402,0.9904426516899807,0.11564723672224476,3.0,15.0,0.0,412.85445467122594,0.7396879502443435,0.26031204975565647,0.02800144835817645,0.9719985516418236,0.97501059338588,0.3336678336492006,-0.5923770427575786,-1.0384365237828659,-2786.553231691843
396,-406.64933444582687,0.9821341416572068,0.14763308084387175,4.0,31.0,0.0,409.80551249271235,0.14902795057452617,0.8509720494254738,0.26554785894441885,0.7344521410555811,0.21724519337385223,0.45289623667673956,-1.149676982820154,-0.6762354478755968,-2781.724218953784
397,-407.44194499116196,0.9101968997051793,0.12152810673938115,5.0,47.0,0.0,410.65781365642147,0.9045925001535098,0.09540749984649022,0.912572048453613,0.08742795154638705,0.4662373788913866,0.9785986041097157,-0.6401741933381773,-1.3546956333027673,-2777.1672735529764
398,-409.77629271577825,0.9948593306451937,0.1408622771501794,4.0,31.0,0.0,416.4076595925491,0.01671660283053128,0.9832833971694688,0.4345819695539092,0.5654180304460907,0.8417201584236159,0.38634633209785824,1.2011649335640908,-0.87405857925665,-2789.914251538533
399,-407.2860952791987,0.9840423821521581,0.11564723672224476,3.0,7.0,0.0,409.91277725099417,0.7286899370911673,0.27131006290883275,0.03312063543656183,0.9668793645634381,1.0559109568582274,0.5040282051629466,-0.65331983918216,-0.9348175231514126,-2776.158474802462
400,-407.2066279679864,0.9094786450290486,0.14763308084387175,4.0,31.0,0.0,410.8024804594949,0.8751443954269493,0.12485560457305067,0.9148180118592163,0.0851819881407837,0.5061479544688878,0.9052210250995899,-0.8742793668438781,-0.10705080355151793,-2778.362996842415
401,-408.7702035089511,0.9432879353567993,0.12152810673938115,3.0,15.0,0.0,411.30474109208535,0.8735500539113403,0.12644994608865967,0.569594757792162,0.43040524220783805,0.27543902345316335,0.9040490805905034,-0.5990717479826069,-1.9965566044664482,-2794.2316319403194
402,-410.9585944161248,0.8157706669353363,0.1408622771501794,3.0,15.0,0.0,414.28741468593597,0.016547635230198365,0.9834523647698017,0.7070357439119623,0.29296425608803767,0.4344855030224081,0.23018185126489824,1.134852825105903,-0.5796440149046391,-2797.86754944145
403,-409.0179137363987,0.9131341292218905,0.11564723672224476,5.0,31.0,0.0,410.12131932536516,0.949700319146099,0.05029968085390102,0.8611593411081564,0.1388406588918436,0.5583851131503572,1.029459776521807,-0.8085533470169591,-0.6169112063590737,-2787.6377980207712
404,-407.1541143218565,0.9493747220975802,0.14763308084387175,4.0,31.0,0.0,411.68709784164923,0.8346849875649002,0.16531501243509983,0.891118748818154,0.108881251181846,0.5199996332126781,0.6633201812448868,-0.7621999829376496,-1.128990814081752,-2780.5095904407594
405,-410.6183411537217,0.9000722965973317,0.12152810673938115,4.0,15.0,0.0,412.64394230838695,0.9874580107189053,0.012541989281094734,0.31047718838608196,0.689522811613918,0.4368481300194116,0.2782758399499591,-0.7903486845860663,-1.6272212713526684,-2792.412060229042
406,-409.4375418160623,1.0,0.1408622771501794,4.0,31.0,0.0,411.6205081205506,0.09327430283846128,0.9067256971615387,0.4015995808590698,0.5984004191409302,0.5603105416028992,0.4239907279313127,1.0631657678653834,-0.6808385349913088,-2799.5797128564245
407,-409.31738039257334,0.9840677477607591,0.11564723672224476,4.0,15.0,0.0,411.0665609404023,0.6226435696078361,0.37735643039216393,0.19446516694588986,0.8055348330541101,0.5379519567018487,0.2648745348862297,-1.018994810186654,-0.008733445517242332,-2803.4471050056927
408,-406.7834112330838,1.0,0.14763308084387175,4.0,15.0,0.0,408.2692060309149,0.7679643888437503,0.2320356111562497,0.9168925543778184,0.08310744562218164,0.4801134651070076,1.0139124150298222,-0.648270848255203,-0.790636449291132,-2778.272667293188
409,-409.0600968559297,1.0,0.12152810673938115,3.0,7.0,0.0,411.19524600238725,0.9907491103869952,0.009250889613004798,0.41929449101403216,0.5807055089859678,0.5407510145621641,0.41091678966200573,-0.6263685428042047,-1.7916297325498272,-2780.0062985492486
410,-407.8489991778939,0.9992011667380304,0.1408622771501794,4.0,31.0,0.0,411.87844731607913,0.08701959076984486,0.9129804092301551,0.7512066620254041,0.2487933379745959,0.5370605797145119,0.20098225405261527,-0.30686125778266526,-0.9213712541491655,-2787.1420639101034
411,-407.8619506320531,0.9978859357344049,0.11564723672224476,3.0,7.0,0.0,410.0979287663217,0.6775130732892838,0.3224869267107162,0.28319375669492425,0.7168062433050757,0.9133737230060408,0.591212294644441,-0.7763219818609258,-0.5407931419563432,-2794.093709222236
412,-407.1196733187206,0.9521921983524684,0.14763308084387175,3.0,15.0,0.0,408.4374151539501,0.8455580104274504,0.15444198957254962,0.863307015127651,0.13669298487234904,0.39178883518156965,1.1675352257170273,-0.6782735427452629,-0.9684426263178451,-2780.942451322954
413,-406.25667623203105,0.9713419561259226,0.12152810673938115,4.0,15.0,0.0,412.41799301108654,0.19015847140240788,0.8098415285975922,0.8516009012646957,0.14839909873530432,0.554259548575253,0.18381762767724316,-0.98391326556127,-0.6089091415567209,-2777.659471592226
414,-407.08543458295566,0.9978460418098207,0.1408622771501794,5.0,31.0,0.0,409.85791372384364,0.6797930906660299,0.3202069093339701,0.1777467887729424,0.8222532112270576,0.3820001153165919,0.3794560686697843,-0.4188304269700724,-1.1232658111682787,-2786.73834820593
415,-406.99349612268276,1.0,0.11564723672224476,4.0,15.0,0.0,409.0178791549762,0.6229178068108892,0.37708219318911085,0.05089183832660136,0.9491081616733986,0.24569283465916114,0.5234574531283892,-1.0014515491913623,-0.1906995917975256,-2779.2861019668417
416,-407.97337809482906,0.9418095840371801,0.14763308084387175,3.0,15.0,0.0,409.75158531356266,0.441873863888811,0.558126136111189,0.9732806693690216,0.026719330630978422,0.49939714945539476,0.9935219961036937,-0.4893766714041179,-1.0916700795243606,-2780.997077556257
417,-405.5294801820495,0.9987444119974362,0.12152810673938115,4.0,15.0,0.0,406.80580994438526,0.31531647455590656,0.6846835254440935,0.6933796124988879,0.3066203875011121,0.6435862984886495,0.21492640628193166,-0.7185113807696939,-0.7197088725714843,-2778.72297213154
418,-407.3681783970057,0.9843312239307958,0.1408622771501794,4.0,31.0,0.0,409.0018199003105,0.7230095773994271,0.27699042260057294,0.11247871805916669,0.8875212819408334,0.3172572840414628,0.5437286464314721,-0.7886025622438266,-1.065536322241405,-2785.1141219412934
419,-407.6079429887784,0.9767050099094621,0.11564723672224476,4.0,15.0,0.0,409.9318042006427,0.5246476343723443,0.4753523656276557,0.23248354280121836,0.7675164571987816,1.2282463992756014,0.39956252692358596,-1.0096256605534364,-0.35137226092040474,-2791.7299474632114
420,-405.8826228176136,0.9983085854748336,0.14763308084387175,3.0,11.0,0.0,408.9731029830691,0.640565981785689,0.359434018214311,0.7838080367328669,0.21619196326713308,0.43144481756320807,0.7522166450237534,-0.5169860762081149,-0.8731164450580933,-2779.792061026189
421,-406.0977260159074,0.7320552443128362,0.12152810673938115,5.0,31.0,0.0,410.5712100034176,0.09362427583904616,0.9063757241609538,0.48736718537333973,0.5126328146266603,0.5663851993890056,0.49911620455243083,-0.28190967016488094,-0.8387464635193494,-2777.4351265898517
422,-406.6210428159068,0.8818638343777911,0.1408622771501794,3.0,7.0,0.0,408.9935003216237,0.835420635019254,0.164579364980746,0.09280431763326939,0.9071956823667306,0.380711742607669,0.5507437933330833,-0.6933297704996815,-1.032799087794425,-2776.3148947467307
423,-405.57168806256675,0.9984335601275074,0.11564723672224476,4.0,15.0,0.0,408.7579891670767,0.6909484774009838,0.30905152259901625,0.20293649716962872,0.7970635028303713,0.4399562623268376,0.4450730000179293,-0.5938388673402359,-0.9259753920266582,-2776.9580453323115
424,-406.15058879621864,0.9839274235643058,0.14763308084387175,4.0,31.0,0.0,407.65566098804044,0.15429420784436865,0.8457057921556314,0.21155755014495906,0.788442449855041,0.7311563921622554,0.4364097903588754,-1.0619755276664349,-0.7158881572240139,-2777.107520061192
425,-406.4955366141897,0.6656494401660313,0.12152810673938115,3.0,15.0,0.0,412.3011818405174,0.473514566074321,0.526485433925679,0.8574683211963443,0.1425316788036557,0.5399198906279695,0.6841120374184713,-0.3710349793872647,-1.149436132678777,-2781.9407429324874
426,-407.8171270068155,0.7982310213204538,0.1408622771501794,4.0,31.0,0.0,413.9190695026191,0.8171665508114787,0.1828334491885213,0.1343470176411119,0.8656529823588881,1.1344816403769589,0.31106344762380767,-0.8114212874446397,0.004664165236058088,-2787.3424975207085
427,-407.11710975930407,0.9821425110143336,0.11564723672224476,5.0,31.0,0.0,409.5317191329069,0.04857812149711275,0.9514218785028873,0.3486027698939179,0.6513972301060821,0.4800825039333128,0.4557283698383072,0.3879891342785231,-0.8767374170209726,-2779.6157965035572
428,-405.13103619034945,0.9697949467096418,0.14763308084387175,3.0,15.0,0.0,408.6162869273965,0.4176394336058237,0.5823605663941763,0.5754104866110941,0.42458951338890594,0.6459921158100168,0.3969314721059893,-0.8686278207223492,-0.5816789054444236,-2777.6046966260456
429,-405.9808593931339,0.9176042281948603,0.12152810673938115,5.0,31.0,0.0,408.47536633886654,0.8351084913097199,0.16489150869028013,0.15662628408798318,0.8433737159120168,0.5681656221978693,0.4668403446266477,-0.7701874973488939,-0.5829710412036456,-2775.4651694371137
430,-407.70585570369303,0.9769513764129009,0.1408622771501794,4.0,31.0,0.0,409.4788771939516,0.8231892942227794,0.17681070577722058,0.2503033589300233,0.7496966410699767,0.9231638189074617,0.24919958200549108,-0.928480842178206,-0.3290472545106282,-2789.834141223283
431,-408.4297888786866,0.9732013254243905,0.11564723672224476,4.0,27.0,0.0,409.6666507544317,0.1461924211973272,0.8538075788026728,0.23698633963308693,0.7630136603669131,0.35392362883896733,0.6433055057961211,0.3754520753535268,-0.7182229503122833,-2794.112314782903
432,-405.6601950957022,0.9652837044195199,0.14763308084387175,3.0,15.0,0.0,409.8729835544674,0.44990909919668937,0.5500909008033106,0.6995524609569499,0.3004475390430501,0.6203622323254758,0.472647056860193,-0.980200477481509,-0.43414757355018885,-2780.263233326878
433,-405.7645414493772,0.9776815040480861,0.12152810673938115,4.0,15.0,0.0,406.8580646398583,0.48089204260274776,0.5191079573972522,0.7826146453897637,0.21738535461023634,0.38727027032378536,0.4586051923245538,-0.7476266431751395,-0.7416657328454707,-2779.8321644052926
434,-407.0925408930317,0.9967929869007993,0.1408622771501794,4.0,31.0,0.0,409.38480345030905,0.9129677082539277,0.0870322917460723,0.2784038853083571,0.721596114691643,0.6266579208626533,0.4453884443715683,-0.9238435455005479,0.4850394227272976,-2782.064316591523
435,-409.4244768652123,0.9079146144717826,0.11564723672224476,4.0,15.0,0.0,413.7686252461794,0.17924768850110837,0.8207523114988916,0.36777102153233787,0.6322289784676621,0.36775148725877016,0.8373232055412662,0.27524492643424653,-0.7882547201037967,-2803.564120903474
436,-405.7392532314619,0.9962562807524912,0.14763308084387175,5.0,31.0,0.0,406.52361626348005,0.7603847698293394,0.23961523017066055,0.6451648024972677,0.3548351975027323,0.37301327201504103,0.4896653282406112,-0.8497001856772868,-0.1870922268408293,-2779.8206909233286
437,-408.44128635201037,0.9882969294358933,0.12152810673938115,5.0,31.0,0.0,409.42909402513,0.3336485840948433,0.6663514159051567,0.03602489971087155,0.9639751002891285,0.8590974866462142,0.6336487981210173,-0.38729886350295717,-0.8984059505286907,-2786.0038065700023
438,-406.45622554070815,0.8978880543377407,0.1408622771501794,4.0,31.0,0.0,409.5648244036706,0.8112221147405844,0.18877788525941563,0.6786339342292166,0.3213660657707834,0.6406479811576081,0.39161907918669014,-0.8004438731481262,0.061427656440923045,-2783.1756703650017
439,-408.69517064150637,1.0,0.11564723672224476,5.0,31.0,0.0,411.63255364277336,0.935931115443364,0.06406888455663595,0.9071410341059462,0.09285896589405385,0.498965854767608,-0.059130195412220324,-0.6640580550783586,0.31573469036583485,-2785.9522021275725
440,-406.4373830218589,0.9846116308208723,0.14763308084387175,4.0,15.0,0.0,407.37073618094087,0.10831449399105685,0.8916855060089431,0.7617337414024589,0.23826625859754114,0.443854105378998,0.41951116477889494,-0.9040444666499906,-0.6478802986960214,-2778.2456040269303
441,-406.91700468231227,0.9953599021857319,0.12152810673938115,5.0,31.0,0.0,409.454084078595,0.277057260580639,0.722942739419361,0.7845510411486384,0.21544895885136162,0.5008443265950765,-0.045810308435440594,-0.2718876521322159,-0.9335915967084661,-2786.4611418330132
442,-405.95076468875675,0.9854583577491335,0.1408622771501794,4.0,31.0,0.0,411.2910809079015,0.8271063751723139,0.1728936248276861,0.15329986807226306,0.846700131927737,0.6404581373560216,0.49149210987023684,-0.7984406722108587,-0.3631570433193313,-2775.442493260776
443,-409.7877568845801,0.9866766832491617,0.11564723672224476,5.0,63.0,0.0,412.1591156367032,0.9911099580435819,0.008890041956418071,0.21145437427812244,0.7885456257218776,0.09661691080398976,0.6266841499680471,-0.8394348395092084,0.07833265138397488,-2784.6928927380022
444,-410.0160349471515,0.9580908475967908,0.14763308084387175,4.0,31.0,0.0,411.4991508503545,0.27189014092756425,0.7281098590724357,0.0072760006128643655,0.9927239993871356,0.9422955741441039,0.4625775176611309,-1.5198801283592347,-0.4690905014009097,-2783.907582045377
445,-407.6975848459227,0.8699462922704116,0.12152810673938115,4.0,15.0,0.0,410.7933502460896,0.22064449701097122,0.7793555029890288,0.16083138918149487,0.8391686108185051,0.559865411058588,0.606733601066697,-0.20103585853057873,-1.0303406794675376,-2788.739575175451
446,-406.43750043754085,0.7353751802826217,0.1408622771501794,4.0,31.0,0.0,408.9552537996229,0.23896176178425352,0.7610382382157465,0.8903710799150387,0.10962892008496128,0.462183175642693,0.15547147299504044,-1.0243457864536585,-0.655259265303148,-2778.2415058360857
447,-407.1283026410009,0.9962770174255562,0.11564723672224476,4.0,23.0,0.0,411.6262775183384,0.8421093974325233,0.15789060256747667,0.870167461556101,0.12983253844389897,0.5846726863440188,0.11826618164708524,-0.8471559012635714,-0.6816579159985682,-2782.0138533778036
448,-413.46371635919894,0.33096745831876245,0.14763308084387175,3.0,7.0,0.0,415.62330125786394,0.18837222388918634,0.8116277761108137,0.008801880727688755,0.9911981192723113,0.9553644094034043,0.4872119380680402,-1.4957238693515396,-0.27242180641082364,-2807.390143735569
449,-408.2658847741078,0.981960178726892,0.12152810673938115,4.0,15.0,0.0,410.220701608578,0.2260512506626566,0.7739487493373434,0.04839103989047906,0.9516089601095209,0.31387612995241043,0.5191788720600425,-0.35153573526935583,-0.6465954001394814,-2786.111042688069
450,-406.745635731332,0.9958682490835463,0.1408622771501794,4.0,15.0,0.0,408.0498141505628,0.1577182881773123,0.8422817118226877,0.7505600175051795,0.24943998249482047,0.5140840915006862,0.1656880813802915,-1.5231212660462932,-0.5835591746834198,-2781.632550027941
451,-409.46808320072677,0.44437692372999177,0.11564723672224476,2.0,7.0,0.0,413.90177425846184,0.8627565676205176,0.13724343237948244,0.7714652225408399,0.22853477745916007,0.8216362272311848,0.042406618488080826,-0.8553926393037291,-0.6025945898122388,-2800.2483461143643
452,-411.81014410328316,0.98396400146073,0.14763308084387175,4.0,31.0,0.0,416.1614741526821,0.006386203221089086,0.9936137967789109,0.023510836873838314,0.9764891631261616,1.197690333409282,0.42480539476523804,-1.094803482555674,-0.8038461460388436,-2780.672511999839
453,-411.6267556045634,0.9353189038610148,0.12152810673938115,4.0,27.0,0.0,414.3355251740312,0.13398731961269314,0.8660126803873068,0.9572147383610186,0.04278526163898144,0.6455276466434342,0.2639535171028426,0.7060818027424718,-0.7308954090727422,-2805.1545122657544
454,-409.2409479692904,0.9438674127615719,0.1408622771501794,3.0,15.0,0.0,410.01459839749094,0.04240090465518821,0.9575990953448118,0.6759973713847058,0.32400262861529416,0.36999122152214814,1.025020143975125,-1.6602480236813706,-0.5964077117398774,-2790.6019260806897
455,-407.7282239742713,0.9798115265441651,0.11564723672224476,4.0,31.0,0.0,411.3535985680631,0.19880450848432749,0.8011954915156725,0.2847238659325084,0.7152761340674916,0.7777219662912472,0.6267265365241708,-0.12771211031457513,-0.8419369118289189,-2791.3166140582307
456,-410.769017875551,0.9421631892191827,0.14763308084387175,2.0,3.0,0.0,412.62869415131223,0.013305842264051388,0.9866941577359486,0.029449946717729922,0.9705500532822701,1.202343160230589,0.5475295764106834,-1.0626146745759033,-0.6655303862671786,-2780.139591731146
457,-415.50353620384107,0.9716521893015142,0.12152810673938115,5.0,31.0,0.0,418.4408046677342,0.040432455499287784,0.9595675445007122,0.9981723414690614,0.0018276585309385807,0.326872605842473,-0.4725804133452863,-0.06224719274688639,-0.929896613149914,-2803.1515302188204
458,-407.14029623632126,0.9939641854371727,0.1408622771501794,4.0,31.0,0.0,411.3517780149369,0.5219316096062445,0.4780683903937555,0.651627013050985,0.348372986949015,0.6932283009208059,0.03495072356931864,-0.2877667854195386,-1.005033221399155,-2791.233775419835
459,-409.29272804661224,0.9742295049257028,0.11564723672224476,5.0,31.0,0.0,410.5069620652179,0.8992718440233554,0.10072815597664464,0.026116430720825708,0.9738835692791743,-1.0675176767045138,0.45002089598215983,-0.8226572549317813,0.017306935557738434,-2783.598643558973
460,-408.10829597016493,0.7134840561310827,0.14763308084387175,4.0,15.0,0.0,413.413566288554,0.13858816275489275,0.8614118372451073,0.34610011663419604,0.653899883365804,1.0315273248162429,0.23662400916296125,-0.8251124521111695,-0.617013715630162,-2792.282832939959
461,-416.3147957924076,0.5612635583337799,0.12152810673938115,5.0,31.0,0.0,424.0867331347181,0.9996987077368997,0.00030129226310027235,0.37468669780040764,0.6253133021995924,0.3112766073544308,0.2507448238484559,-0.713948313318249,3.1939008102460695,-2800.3838594086055
462,-411.2549617292049,0.8620256043903566,0.1408622771501794,5.0,31.0,0.0,414.56447635787146,0.9878321831528513,0.012167816847148738,0.9816935521986166,0.018306447801383352,0.5547014787535253,1.321500630373089,-0.7120476415392458,-1.453813715265385,-2778.5095143515978
463,-410.5470994246527,0.971249694783923,0.11564723672224476,3.0,7.0,0.0,410.70765671801087,0.9212958949515433,0.07870410504845671,0.03906723067625259,0.9609327693237474,-1.33226266268084,0.6111659834834141,-0.859299316222681,0.08902917242455051,-2792.6596863872383
464,-411.50734574744126,0.7379081662782515,0.14763308084387175,4.0,15.0,0.0,412.6959854719744,0.9764483226189994,0.023551677381000613,0.07324573511072917,0.9267542648892708,0.6592958510599357,0.6780479093547706,-0.8235980779105861,-0.7832143543579484,-2796.0637242023927
465,-410.5693984180541,0.9975632981972159,0.12152810673938115,4.0,15.0,0.0,418.7405506016799,0.996393825991465,0.0036061740085350236,0.7725893218043199,0.22741067819568006,0.6455897687580732,0.4033241338294171,-0.6847508811941648,1.7247271501271877,-2781.7447230829575
466,-408.0453214564671,0.9192385890575601,0.1408622771501794,4.0,23.0,0.0,414.21979923017216,0.9776131742020716,0.02238682579792839,0.3187202772397952,0.6812797227602048,0.25976587725110456,0.5829512092403303,-0.6717156016061213,-1.9545556128695425,-2777.6866203133595
467,-409.1834062674613,0.989060887489379,0.11564723672224476,4.0,31.0,0.0,413.73070288552736,0.9669899638746451,0.033010036125354913,0.0400534604398732,0.9599465395601268,0.293387247008016,0.46761088748261415,-0.6956188655130753,0.7933496105923057,-2779.0122222567175
468,-406.9209106026254,1.0,0.14763308084387175,4.0,15.0,0.0,413.4614045615059,0.8398005295399137,0.1601994704600863,0.21910273154099297,0.780897268459007,0.3661980446004463,0.6852430526777031,-0.7987368633735399,-0.21480853698988825,-2783.745835589896
469,-411.69937930367155,1.0,0.12152810673938115,3.0,7.0,0.0,412.2173484886516,0.9985904261769153,0.0014095738230847088,0.6920349483134414,0.30796505168655863,0.47416745883957356,0.1330343712769638,-0.738812545095216,1.5656956194853102,-2785.0870140723946
470,-408.4688039613769,0.8071784983735032,0.1408622771501794,4.0,31.0,0.0,410.9135041457726,0.7020928119276121,0.2979071880723879,0.885802383789341,0.11419761621065905,0.6891327550146378,-0.23224373021489247,-0.5142186553650738,-1.3959680287014917,-2792.600341529434
471,-409.5769976439968,0.8413523361608204,0.11564723672224476,5.0,31.0,0.0,412.68438646215475,0.3108480428456264,0.6891519571543736,0.020850466866586467,0.9791495331334136,-0.5747739148091668,0.5341474408094425,-0.6876909538313932,-0.9772621736843062,-2789.9687783601844
472,-408.946619919654,0.7776123780789554,0.14763308084387175,4.0,15.0,0.0,410.9909949810899,0.09538297802690948,0.9046170219730905,0.979262032234351,0.020737967765648957,0.45107809465152615,1.0756277749724772,-0.25974322011577783,-0.8654329437529696,-2779.181052989802
473,-410.32602010572504,0.9491503360345006,0.12152810673938115,3.0,11.0,0.0,416.4172688034869,0.9893557229489333,0.010644277051066742,0.9395884139483525,0.06041158605164754,0.5119073524361334,0.22691528121235288,-0.6795596488925466,1.9485243102221415,-2779.2122896897313
474,-407.9151223675885,0.8174998713414258,0.1408622771501794,3.0,7.0,0.0,411.19493404742053,0.830020444798458,0.16997955520154195,0.8643105920891503,0.1356894079108497,0.44765875781348974,-0.1418913132085916,-0.5751371166953956,-1.261957676613022,-2787.5938965632286
475,-407.7076855131984,1.0,0.11564723672224476,3.0,15.0,0.0,410.2766154153509,0.3906864221116865,0.6093135778883134,0.02467908510168294,0.9753209148983171,-0.1887203877225645,0.5226137918692868,-0.4048473594844889,-0.793897100404825,-2779.7343357436444
476,-412.7212247804507,0.91480295966421,0.14763308084387175,4.0,19.0,0.0,414.0757680899023,0.18658276151389067,0.8134172384861094,0.9850776545038464,0.014922345496153566,0.4577798017642585,2.5826710165323385,0.3071051305676047,-0.6982824007483566,-2802.3602321355206
477,-408.69282179061935,0.855748273615407,0.12152810673938115,4.0,31.0,0.0,413.7943261037384,0.9865739199067703,0.013426080093229653,0.1950858378276813,0.8049141621723187,0.5832365365845249,0.5320125840406121,-0.6797820671094943,1.0881247066999342,-2778.5322972096146
478,-410.48561012672576,0.9644183303167412,0.1408622771501794,4.0,15.0,0.0,411.3264120792305,0.817036448024921,0.18296355197507896,0.9972472370446535,0.002752762955346544,0.4292997154557147,-0.403689434540241,-0.5464948555522544,-1.2274395927019732,-2779.805737504679
479,-406.1644706506483,0.9620582571517812,0.11564723672224476,3.0,15.0,0.0,411.5923807609786,0.25993799128842765,0.7400620087115723,0.09731677131530667,0.9026832286846933,0.3954001914493879,0.49630486321651474,-0.17710868484422176,-0.9035295273408821,-2776.4179879399994
480,-412.482991263401,0.9052831354045797,0.14763308084387175,2.0,3.0,0.0,414.9164741466536,0.08172692252454049,0.9182730774754595,0.993150683314237,0.006849316685763052,0.4492204359349578,2.742292362066122,0.33900816717109344,-0.9755633629539271,-2789.3813031717186
481,-406.07359789238865,0.979927859549453,0.12152810673938115,5.0,31.0,0.0,409.4225798308441,0.4257160806157664,0.5742839193842336,0.5745563538764803,0.4254436461235197,0.6481306400968069,0.37193610823487555,-0.378294991450845,-1.1461378336076309,-2783.8551526785795
482,-408.3141972739831,0.9803049543887477,0.1408622771501794,4.0,23.0,0.0,412.01427767810225,0.40465643747113694,0.595343562528863,0.9857226274879194,0.01427737251208061,0.5821282416877422,0.4567601804078917,-0.6836608606310114,-0.6768716980534986,-2779.9796424264896
483,-408.4132355471681,0.8113989338657486,0.11564723672224476,4.0,15.0,0.0,411.85393889436517,0.16670268962047247,0.8332973103795276,0.08928581989524118,0.9107141801047588,1.023970258232185,0.37167271804983326,-0.06636885977526913,-0.6961924963046153,-2788.80186644615
484,-409.55582611984147,0.9998404325734,0.14763308084387175,4.0,31.0,0.0,412.5728478637857,0.20692616370441397,0.793073836295586,0.979831403305649,0.020168596694351004,0.5022494662523488,2.627897782230289,-0.338730939112857,-0.8807380330898849,-2782.571780330277
485,-405.1783943352697,0.981063150094469,0.12152810673938115,4.0,15.0,0.0,407.1122458205829,0.3784924117779734,0.6215075882220267,0.570543767071706,0.42945623292829405,0.39140479053609045,0.4710349918892667,-0.7861163932860785,-0.6717174812917244,-2777.914378097759
486,-407.0160309539617,0.967049176909413,0.1408622771501794,5.0,31.0,0.0,409.50555700251795,0.7399059413813794,0.26009405861862056,0.2586764699121135,0.7413235300878864,0.18393721599024893,0.3987702786725209,-0.6295274521136107,-0.9869602436063364,-2787.4256011557195
487,-407.1357419588494,0.9938346094215056,0.11564723672224476,3.0,11.0,0.0,409.7947272604382,0.19249117658235962,0.8075088234176404,0.20460996459926017,0.7953900354007398,0.8091249649150699,0.41890358846176956,-0.5497732626188546,-0.9312881536476684,-2785.2670213992737
488,-412.3610930958668,0.8979855993028664,0.14763308084387175,4.0,23.0,0.0,416.01930179796483,0.13515683161886868,0.8648431683811313,0.9772742893019967,0.022725710698003332,0.6171121094828357,3.2941812357117515,-0.7389755071527185,-0.7140412423628671,-2796.7516569433374
489,-405.7303627753798,0.9969252553391222,0.12152810673938115,4.0,31.0,0.0,406.04653190601357,0.19957772681905742,0.8004222731809426,0.5630202434911395,0.43697975650886045,0.4719955066692961,0.6930359935817948,-0.5665824877641429,-0.7937312829286953,-2778.901006882494
490,-406.91035346045015,0.8344483473638775,0.1408622771501794,4.0,15.0,0.0,410.4500841028579,0.605926756119282,0.39407324388071796,0.7013444981379499,0.29865550186205014,0.6012680420921741,0.6836692560239386,-0.3680799436637275,-1.1038016229827523,-2788.2606379460176
491,-410.7868461649688,0.9590953918942694,0.11564723672224476,5.0,31.0,0.0,412.4079672777853,0.971394397747355,0.028605602252644968,0.7886783336355165,0.21132166636448346,0.6306028630900334,0.9901495759882918,-0.740817035215591,0.5902600121144865,-2798.521565208298
492,-411.2367236095779,0.987142645375626,0.14763308084387175,3.0,7.0,0.0,413.3608152280651,0.13205998422395676,0.8679400157760433,0.9811761251159121,0.018823874884087877,0.5540070918110281,3.2607685370576855,-0.7706255577544731,-0.6876641790675505,-2787.819263271168
493,-408.0350142804012,0.7761727024006461,0.12152810673938115,4.0,15.0,0.0,409.2009078312735,0.9453888523090705,0.05461114769092945,0.8633290619452619,0.13667093805473807,0.5569574327450982,0.6820335740958905,-0.8358853147175184,-0.4230554097769729,-2781.943484719135
494,-407.5497255471691,0.890655805444076,0.1408622771501794,5.0,31.0,0.0,411.4782117964534,0.868347013224333,0.13165298677566695,0.8545992788131679,0.14540072118683212,0.5836522207552599,0.738775802226586,-0.8885731833165018,-0.27042985467323316,-2784.3569281764508
495,-412.0385130593048,0.6397138497008256,0.11564723672224476,2.0,3.0,0.0,417.7234666955939,0.9699484482609653,0.030051551739034732,0.7098245024289468,0.2901754975710532,0.6006362336278301,1.0110732797838389,-0.8890572261732996,0.45523458635961933,-2808.8699003581296
496,-410.99551189258676,0.9628836259914885,0.14763308084387175,4.0,31.0,0.0,413.2531816538948,0.17148674312334997,0.82851325687665,0.9764372766286875,0.02356272337131249,0.5144318313139264,3.25037798007393,-0.8799502816704816,-0.7459313533254467,-2789.0211535895546
497,-409.6735783107522,0.9072831925229651,0.12152810673938115,5.0,39.0,0.0,413.6963927992716,0.06028296756471028,0.9397170324352897,0.9808920720129574,0.01910792798704264,0.5793871533878354,-0.9393739574848767,-0.01957700368087764,-0.7418498413511032,-2781.0943735201936
498,-406.1636957776697,1.0,0.1408622771501794,2.0,3.0,0.0,407.61134939612623,0.8174763549495483,0.1825236450504517,0.8525987851141722,0.1474012148858278,0.5150860148984151,0.7197975916060754,-0.85133189549922,-0.22545850939338383,-2776.864751603501
499,-406.82209609472534,0.9857663066518584,0.11564723672224476,4.0,23.0,0.0,413.53209449986093,0.8821371410654638,0.11786285893453619,0.915942945901004,0.084057054098996,0.5123478912261256,0.41055854837891914,-0.838188176304803,0.09417553413933594,-2775.8923953295516
500,-410.2264612216701,0.8020966021010193,0.14763308084387175,4.0,15.0,0.0,413.72804996459905,0.8557033892368282,0.1442966107631718,0.992738497269111,0.007261502730888991,0.43728250984256717,2.647103613848805,-0.7601022522153297,-0.5191127197441302,-2778.2756046168374
501,-407.32484470752604,0.9634874025617346,0.12152810673938115,4.0,23.0,0.0,412.6112188524591,0.2200310483881758,0.7799689516118242,0.953239223108589,0.046760776891411004,0.5367313058329047,-0.38449028510199096,-0.8495768671475071,-0.6794747515843458,-2778.639963902984
502,-407.7578467696995,0.9631005378285153,0.1408622771501794,4.0,31.0,0.0,408.82951046347927,0.14174399931535578,0.8582560006846442,0.029774987303602285,0.9702250126963977,0.022513720638571665,0.5130274914015801,-0.8470622569459453,-0.6664539836909109,-2776.425617006218
503,-407.78280750020923,0.8890059750379256,0.11564723672224476,5.0,31.0,0.0,410.3548317089148,0.8305969433721337,0.16940305662786626,0.9694615393778245,0.030538460622175467,0.506548521823474,0.7551853348174906,-0.7250762862639911,-0.32880307493894917,-2777.7420395033073
504,-410.92768156821535,0.7906924156259659,0.14763308084387175,3.0,7.0,0.0,415.65732189085963,0.6164726002511957,0.38352739974880434,0.9831875933439604,0.016812406656039558,0.520240790817779,3.520128625614328,-0.42125716201445984,-1.1498170385172073,-2788.0585592455163
505,-409.1885548970558,0.859629969613051,0.12152810673938115,4.0,31.0,0.0,411.965134350066,0.9021513530387012,0.0978486469612988,0.2836850996238965,0.7163149003761036,0.2005859464171501,0.8170487889790972,-0.9181720084550167,-0.006654281300404616,-2797.4603310023917
506,-406.78345300525297,0.8548743575648466,0.1408622771501794,4.0,15.0,0.0,410.583784969787,0.7658441732664799,0.2341558267335201,0.8522480458145826,0.14775195418541742,0.48162845471511995,0.7818595696395159,-0.7054470311077468,-0.31957433007956265,-2782.529677524993
507,-405.30514703486944,0.9970976557125877,0.11564723672224476,4.0,31.0,0.0,408.9989641564987,0.6198906201987188,0.38010937980128123,0.6319290837406017,0.36807091625939825,0.35918584812181353,0.7448731724197389,-0.5687705867626122,-0.9480569349563747,-2778.042968117916
508,-411.7110399137493,0.9752429842069288,0.14763308084387175,5.0,31.0,0.0,414.0116214348304,0.02029222497876811,0.9797077750212319,0.9840141455989512,0.015985854401048827,0.5468158616683814,2.315634853804823,-0.22889622753898373,-0.6729492107575641,-2782.927729386566
509,-410.67419837840066,0.9679789929789955,0.12152810673938115,3.0,7.0,0.0,411.63527025600735,0.913817399897293,0.08618260010270695,0.26579796881779677,0.7342020311822033,0.13052328379171105,0.8566772055330059,-0.9388410498558305,-0.019013314001284094,-2806.584410928218
510,-411.09371909847397,0.8822610486139694,0.1408622771501794,3.0,7.0,0.0,412.2376423273568,0.700823616265139,0.299176383734861,0.7086485264949035,0.2913514735050965,0.20273838155245688,1.270395780686889,-1.0516039408486122,-0.5694276644472284,-2815.3816384721217
511,-406.7752033726652,0.9092960831159035,0.11564723672224476,2.0,7.0,0.0,407.66722584649216,0.7446583221128138,0.2553416778871862,0.7530945300742266,0.24690546992577345,0.41014861029455724,0.7951537621209706,-0.47580219897816534,-0.9668219850826758,-2785.1219881563884
512,-408.86016732913583,0.9532356150797302,0.14763308084387175,5.0,31.0,0.0,414.12026290319005,0.9112361810134566,0.0887638189865434,0.4801516342724682,0.5198483657275318,0.8687414271355761,0.4293748083599883,-0.7446504254761228,-1.6219294827303592,-2793.786618484952
513,-409.91989632548484,0.9975915359414639,0.12152810673938115,4.0,15.0,0.0,412.2162815876643,0.3787968208577887,0.6212031791422112,0.6161062283471501,0.3838937716528499,0.8159897634267385,0.18674989635035283,-0.626241910856016,-0.4365594673910414,-2810.5644962817664
514,-407.39028060104573,0.9311852802295901,0.1408622771501794,3.0,15.0,0.0,413.85597574404045,0.7552866794354385,0.24471332056456152,0.6363973708062378,0.3636026291937622,0.3134674578417985,0.9974815034510035,-0.9537384139753513,-0.38209355847704873,-2790.523990594848
515,-406.7939710474788,0.9977427689856478,0.11564723672224476,4.0,15.0,0.0,408.01812004063044,0.4289180495725882,0.5710819504274118,0.8508674278579168,0.1491325721420832,0.4268810755665099,1.019074916197256,-1.2091068326157486,-0.5016182952556527,-2783.5218012141127
516,-410.7737118680984,0.9605297824894578,0.14763308084387175,5.0,31.0,0.0,413.959431742841,0.9928142322846918,0.007185767715308211,0.29072985135167456,0.7092701486483255,0.4491181725420663,0.5852947695862372,-0.5737691099523765,-2.4594651357419473,-2786.4963338927973
517,-406.8216288590565,1.0,0.12152810673938115,2.0,3.0,0.0,410.2188979575141,0.4852645340389969,0.5147354659610031,0.49785394816306017,0.5021460518369398,0.8448857466664109,0.15285982219686045,-0.7380859560369222,-0.8619240146850948,-2789.3173368658204
518,-405.476002533508,0.9311156727901125,0.1408622771501794,2.0,7.0,0.0,410.7906457819433,0.7401122456956536,0.2598877543043464,0.3751289886390942,0.6248710113609057,0.36204987523766297,0.5618678782815604,-0.78925714623947,-0.2689726756241244,-2778.5346736871084
519,-405.73002393184737,0.9431643274910622,0.11564723672224476,4.0,31.0,0.0,408.2372191843187,0.11144009912246287,0.8885599008775371,0.5634812843106143,0.4365187156893857,0.4800850579099273,0.5297408142564145,-0.697482932559457,-0.7607426692910103,-2775.66053235968
520,-409.07548885189465,0.9975155120449214,0.14763308084387175,3.0,15.0,0.0,411.95698765307765,0.9873934872395349,0.012606512760465094,0.16329725203484505,0.836702747965155,0.6251521573191755,0.5362491214379645,-0.6965357029833241,-2.1134781182206477,-2776.88308138194
521,-406.8701271329422,0.9496122887186365,0.12152810673938115,4.0,31.0,0.0,409.4593188344634,0.18412815911748084,0.8158718408825192,0.8358942781190408,0.16410572188095918,0.4627898675275536,0.20503687700108478,0.05053625523451666,-0.8010313809125204,-2782.96505707325
522,-408.11674444039414,0.8799418309615066,0.1408622771501794,2.0,7.0,0.0,410.6032496189007,0.716591710819357,0.283408289180643,0.16742088577281153,0.8325791142271884,0.3245036950042321,0.5105321728887562,-1.1647358169100366,0.021175925663046144,-2793.059539254532
523,-405.25748475099863,0.9972885176670985,0.11564723672224476,5.0,31.0,0.0,406.49562001457116,0.7544518213695732,0.24554817863042677,0.6377471605978,0.3622528394022,0.4430232917567245,0.5933854168184938,-0.5920890290069907,-1.1270116919966533,-2775.7784985771523
524,-408.2441125058867,0.9526321732409742,0.14763308084387175,4.0,31.0,0.0,410.34494761302994,0.9779109281428471,0.02208907185715292,0.21020041992721628,0.7897995800727837,0.586907234400555,0.4053335687054378,-0.7482902058402434,-1.6778302758556651,-2777.80152224856
525,-407.8697775045764,0.6096657947270893,0.12152810673938115,5.0,31.0,0.0,411.5158237634507,0.9578852287060761,0.042114771293923936,0.26835424031822475,0.7316457596817753,0.05907226981401986,0.5805894696791828,-0.8275641853667256,0.6988540149235489,-2782.7357351567052
526,-409.219586621639,0.8863282754374624,0.1408622771501794,4.0,31.0,0.0,412.99802353572073,0.8942622767089258,0.10573772329107423,0.14828151702043774,0.8517184829795623,0.6146320173413644,0.49344185565795057,-0.6126313299699854,0.2455895777186515,-2795.2907584113377
527,-407.3879384386025,0.9394381775145753,0.11564723672224476,4.0,15.0,0.0,409.41204016436495,0.8922128058710669,0.10778719412893312,0.23996361657391688,0.7600363834260832,0.8217939613888102,0.32495612647563565,-0.6409520113857865,-1.7140580276722037,-2782.6401099016425
528,-406.8878433838054,0.7427840402327222,0.14763308084387175,4.0,15.0,0.0,410.8852450206757,0.5670766170697824,0.4329233829302176,0.9158117717917269,0.0841882282082731,0.3934810318261468,0.27609503521135986,-0.5004465099859964,-0.9623000007867547,-2782.0625386013903
529,-407.0331647903694,0.9981304291431162,0.12152810673938115,4.0,15.0,0.0,408.7872002319509,0.9232475880266372,0.0767524119733628,0.4245003624881308,0.5754996375118693,0.35743926844095697,0.6079429457391623,-0.7683138435600574,0.7677178262569057,-2782.216876226791
530,-409.52993888750774,0.9462313293833982,0.1408622771501794,4.0,31.0,0.0,414.33260412189924,0.9504999176009497,0.04950008239905035,0.08544317892438395,0.9145568210756161,1.468278168878241,0.5393942061302806,-0.8135235309527061,0.12322009371570407,-2787.512029389228
531,-407.2288873855454,0.8253115925578579,0.11564723672224476,2.0,7.0,0.0,412.7364393697216,0.8629613207982051,0.1370386792017949,0.35571727090984934,0.6442827290901507,0.8043436706007026,0.4473542584263877,-0.6439046987514261,-1.6798137713666355,-2784.5875651325346
532,-406.6014948702241,0.9238189514509352,0.14763308084387175,4.0,15.0,0.0,409.6670029754898,0.4366168431273752,0.5633831568726249,0.7432256003736426,0.2567743996263574,0.6854164491023531,0.07917510106112188,-0.7284778655848748,-0.8845210941942533,-2786.029276018321
533,-407.59091172847553,0.9578479386932381,0.12152810673938115,3.0,7.0,0.0,409.12087467605244,0.9634499257409341,0.03655007425906587,0.24884877636925318,0.7511512236307468,0.26924322199817324,0.6290832625406607,-0.7218970697189007,0.6683055774736258,-2779.5981493351865
534,-410.47581928627795,0.7105733032272112,0.1408622771501794,4.0,31.0,0.0,413.8434981033151,0.9096160833387347,0.09038391666126533,0.12417360202604569,0.8758263979739543,0.952709483972948,0.2964983413894437,-1.002973799038144,0.5234034856183407,-2800.917245618099
535,-405.98309542063765,0.9757673955582786,0.11564723672224476,5.0,31.0,0.0,410.5084465033585,0.16272930893846663,0.8372706910615334,0.4519815564431891,0.548018443556811,0.49226788353214235,0.5112703201465821,-0.4549183611503838,-0.6632532980314492,-2780.029134878069
536,-407.70983728977745,0.9880369324997204,0.14763308084387175,5.0,31.0,0.0,408.4526890020818,0.8145233076049925,0.18547669239500753,0.5917711983087032,0.4082288016912968,0.152474289306642,0.6336390310424695,-0.655129014112213,-0.7042467449368673,-2792.3257728765925
537,-408.775952464794,0.9431733993083113,0.12152810673938115,5.0,31.0,0.0,411.3514497039531,0.2906635319384543,0.7093364680615457,0.9499968578417523,0.05000314215824775,0.45744170534129347,0.46547049091577436,-0.6059131498606478,-1.0206921970944527,-2790.1847593774173
538,-408.39583501498197,1.0,0.1408622771501794,4.0,23.0,0.0,413.3167487882615,0.9642822181364172,0.035717781863582765,0.5121812581430908,0.4878187418569092,0.25548776551900965,0.5588967725844439,-0.8863345439503901,0.4814070330999891,-2787.045057268718
539,-407.83108678866694,0.9859189972711112,0.11564723672224476,4.0,23.0,0.0,409.84110488429343,0.9738072271069923,0.0261927728930077,0.537493127136491,0.462506872863509,0.5438079701877683,0.2980829501668849,-0.6553079605290609,-1.3614476182035598,-2779.9355953605086
540,-406.4576206915875,0.9826401229666644,0.14763308084387175,4.0,31.0,0.0,409.0242739255197,0.6586621647851253,0.3413378352148747,0.48261962759109794,0.5173803724089021,0.6037960385935907,0.25075104934779463,-0.8581893711452053,-0.1643853851956158,-2786.787564717812
541,-409.614989143946,1.0,0.12152810673938115,4.0,15.0,0.0,410.6502980176486,0.8951125818961936,0.10488741810380642,0.9075557725179029,0.09244422748209713,0.6918521617859272,-0.36412855241030984,-0.5771394545506838,-1.0642790758749654,-2794.2667052451734
542,-407.9964060612442,0.9999990167820717,0.1408622771501794,4.0,15.0,0.0,408.76539067577716,0.9680640856381654,0.03193591436183463,0.3986634097582053,0.6013365902417946,0.2702476514678247,0.71791068203144,-0.6858397459962902,0.6039810953593414,-2783.2294930445546
543,-412.78495468227936,0.9485944099935134,0.11564723672224476,5.0,31.0,0.0,413.9551353861372,0.9980698036049069,0.0019301963950930645,0.9070636662905635,0.09293633370943655,0.42047968277538195,0.6984583843539632,-0.8907956686481798,0.29101965053803214,-2789.8119750990345
544,-406.7920677161148,0.950919163185228,0.14763308084387175,4.0,15.0,0.0,409.4909964870105,0.5690580978660574,0.43094190213394257,0.6321060059913909,0.3678939940086091,0.4588577745328145,0.763661199300188,-0.5365625739722376,-1.25363258061004,-2787.9437914856535
545,-411.29552931952355,0.9619755908463976,0.12152810673938115,3.0,7.0,0.0,412.1269129850107,0.8083823015034876,0.19161769849651245,0.8156059030831027,0.18439409691689734,0.4979131639109787,-0.4517304909257032,-0.7325954270903001,-1.4984676660228415,-2812.3667866970577
546,-408.1443342077489,0.6793113069262015,0.1408622771501794,3.0,7.0,0.0,412.81048731430883,0.9146726540237234,0.08532734597627656,0.2589731643027164,0.7410268356972836,0.24544887099446583,0.7163005005240072,-0.8908246701932162,0.6063762020152311,-2788.8425600796813
547,-413.8777505391921,0.7751360436544525,0.11564723672224476,3.0,7.0,0.0,416.13094680270694,0.9980032591608325,0.0019967408391674546,0.8172003782243027,0.1827996217756973,0.5173751369212021,0.5988458163612361,-0.9566026754821005,0.20216800359544967,-2801.5126531244555
548,-407.6401204890201,0.9906455773988996,0.14763308084387175,4.0,15.0,0.0,408.98126697726167,0.8395202472881488,0.16047975271185122,0.6622187035116982,0.3377812964883018,0.7736440291765015,0.32897216230269416,-0.6872592254996459,-0.39036322264273454,-2790.537368287273
549,-413.0033278260779,0.6963854288913968,0.12152810673938115,4.0,15.0,0.0,419.31284927176034,0.2667689177601677,0.7332310822398322,0.9997327454868318,0.0002672545131682247,0.49298302220449985,-0.504641284666758,-1.1705017333473626,-0.410892928621449,-2783.0621345254
550,-408.2584510310909,0.9815151408701862,0.1408622771501794,3.0,15.0,0.0,413.4472625856626,0.9392675413398877,0.06073245866011234,0.7004693975566001,0.2995306024433999,0.7411732166492198,0.11610340569431034,-0.8499987334106124,0.771026588770805,-2787.9562229642443
551,-410.8664358544342,0.982187228397477,0.11564723672224476,2.0,7.0,0.0,415.21344497562825,0.9989884477810146,0.001011552218985412,0.8375476677972167,0.16245233220278332,0.4671574957259679,0.6441378151771344,-0.7123626265325135,0.25844998960715254,-2775.6989624042308
552,-407.14042000943175,0.955268506792887,0.14763308084387175,3.0,7.0,0.0,409.3746298449859,0.8748153506376692,0.12518464936233076,0.7407585660187516,0.25924143398124844,0.7183214010345852,0.06833380379139493,-0.8278457047321878,-0.3218719305776853,-2784.6193408544773
553,-413.0191373933705,0.8514734953819454,0.12152810673938115,4.0,15.0,0.0,416.3000470626332,0.3912427381299288,0.6087572618700712,0.99931585669418,0.0006841433058200064,0.5248383865925208,-0.7830361317123754,-0.5786674592078406,-0.5320310243849742,-2791.4793971794843
554,-407.9586386991389,0.9930539494467906,0.1408622771501794,4.0,15.0,0.0,409.5680201961823,0.9637141017304223,0.03628589826957773,0.6453268860657901,0.35467311393420986,0.2757302356693426,0.8230204102621657,-0.8267587924378801,0.7657019893591861,-2782.981889190557
555,-408.0568772842356,0.7344444873334522,0.11564723672224476,5.0,31.0,0.0,414.92648672312777,0.9457571781749862,0.05424282182501383,0.5998392654576834,0.4001607345423166,0.5254198141931169,0.5551707483644027,-0.5846309146800239,-0.4503181749808035,-2787.408659304115
556,-406.7584016501299,0.9396572541188288,0.14763308084387175,3.0,7.0,0.0,410.6145280964568,0.6260580238043779,0.3739419761956221,0.7234519240027322,0.27654807599726783,0.669143449057761,0.4148042900461846,-1.1009081137674581,-0.2360263809718255,-2787.0126341660143
557,-409.75513824399155,1.0,0.12152810673938115,4.0,15.0,0.0,413.5156218031781,0.6404347730621178,0.3595652269378822,0.9964829231376598,0.0035170768623401516,0.5262169617467296,-1.021357548439058,-0.44462126674193514,-1.0504813759708307,-2779.0269941638016
558,-409.2609944158374,0.966899917466777,0.1408622771501794,5.0,63.0,0.0,410.208082999123,0.13472461371930594,0.8652753862806941,0.8564748460214835,0.1435251539785165,0.5499995244752456,-0.025632708545771578,0.15163418595163378,-0.6380673366646367,-2797.1154099022187
559,-408.73126075061083,0.9857562580664385,0.11564723672224476,5.0,31.0,0.0,411.41269223708645,0.9229895601643221,0.0770104398356779,0.2014742405460369,0.7985257594539631,-0.18431156238015012,0.5339645297420665,-0.8728242867139093,-0.15739501906390263,-2791.5759947487527
560,-406.64261845356964,0.99993155355106,0.14763308084387175,5.0,31.0,0.0,407.3125102278114,0.9064047226365779,0.0935952773634221,0.32515642536298656,0.6748435746370134,0.2987542251609909,0.44561765531748765,-0.7338568306805076,-0.41902761597942645,-2780.6036389534124
561,-410.32992249732484,0.9298676247623201,0.12152810673938115,3.0,15.0,0.0,412.80735613827846,0.8505787597782904,0.14942124022170955,0.9976162673618842,0.002383732638115754,0.5032700279436287,-0.8646981689129852,-0.6493101331932988,-1.27081069788332,-2775.8533493416594
562,-409.22599467371015,0.996359432072196,0.1408622771501794,4.0,15.0,0.0,411.9960782830073,0.39385412772049155,0.6061458722795084,0.3516929934473347,0.6483070065526653,0.2149504273762703,0.5150017288516291,-1.5253640956896346,-0.24237832884046454,-2804.397250439889
563,-413.3602504903267,0.8858126932032426,0.11564723672224476,5.0,31.0,0.0,414.1380068777057,0.4030743381762479,0.5969256618237522,0.9886696493813432,0.011330350618656837,0.6970109786286989,0.9433916371277492,-1.1571609724317922,-0.7411729865323607,-2811.704848842108
564,-408.0241603762942,0.6897304761759689,0.14763308084387175,2.0,7.0,0.0,412.2623160301976,0.8790450650011817,0.12095493499881826,0.30361184408482134,0.6963881559151787,0.27100575415203315,0.7048406086050935,-0.6299865032190343,-0.25580354177710796,-2791.4237725988564
565,-409.2932609331185,0.9871934183988125,0.12152810673938115,3.0,15.0,0.0,411.3944746864464,0.6019632233823385,0.39803677661766146,0.9946892819980265,0.005310718001973469,0.5056416188057751,-0.9894279375961037,-0.4105412524888017,-1.1424059933965223,-2778.8697775796336
566,-408.44105337280274,0.8837063723475551,0.1408622771501794,2.0,3.0,0.0,410.63107472024404,0.402403661776119,0.5975963382238809,0.3370515639063554,0.6629484360936446,0.21299555908270137,0.4420965241491851,-1.4305306110978746,-0.316806206123147,-2799.15290282515
567,-408.2026325787282,0.8864400240907165,0.11564723672224476,3.0,7.0,0.0,414.3451111221877,0.473474420762357,0.526525579237643,0.986906135103961,0.013093864896039031,0.44318088062492855,0.9160944755913192,-0.7986735907272193,-0.5426415768911839,-2778.4285607896572
568,-408.604718910117,0.8827449863947187,0.14763308084387175,4.0,31.0,0.0,412.7919551635526,0.9445835620521839,0.055416437947816144,0.780310768395065,0.21968923160493503,0.4030392632532603,0.43102419415776777,-0.8917259336438189,1.0842260338668375,-2787.9794007698238
569,-410.7015396914028,0.9565259003240577,0.12152810673938115,4.0,15.0,0.0,411.3143511763608,0.6856140240919016,0.31438597590809836,0.9973520569898869,0.002647943010113063,0.5884833972660733,-0.9416926705507593,-0.5000170783838271,-1.295869264453215,-2782.685893380558
570,-405.512830385857,0.8521113229079852,0.1408622771501794,3.0,7.0,0.0,410.4301645758207,0.4448490858024811,0.5551509141975188,0.27720791941930745,0.7227920805806926,0.3517925165328553,0.46998725883103776,-0.814212159401359,-0.7674280755951907,-2779.039043069217
571,-408.93635232566675,0.37810232067853167,0.11564723672224476,3.0,15.0,0.0,414.4750277070182,0.37376569672521703,0.626234303274783,0.9792031687989963,0.02079683120100373,0.340718318021096,1.0974472692446755,-0.6758216548518007,-0.7338010967650145,-2785.90298769214
572,-406.6984338320969,0.9915940738760011,0.14763308084387175,4.0,23.0,0.0,410.1781151476191,0.8185633024447355,0.18143669755526448,0.7662999212129104,0.23370007878708965,0.44808099131428414,0.1443536428443767,-0.8281744457358109,-0.3514491096548362,-2783.428920563327
573,-409.7705649685597,0.9876698992242186,0.12152810673938115,3.0,15.0,0.0,412.5971653034762,0.7903238363234282,0.20967616367657183,0.9965046410044354,0.0034953589955646347,0.5258278748962956,-0.7279195012074811,-0.6412221521271015,-1.215217398869347,-2776.754983642085
574,-405.6454154226729,0.7188775640907632,0.1408622771501794,4.0,31.0,0.0,408.5932162751137,0.7313219417636758,0.2686780582363242,0.3215151170274083,0.6784848829725917,0.3811092406625735,0.4265718188360552,-0.7028538102579358,-0.694004092550393,-2779.2166065628676
575,-409.8601803049264,0.921140736485679,0.11564723672224476,4.0,15.0,0.0,411.1759322840244,0.20385081397489158,0.7961491860251084,0.6427675624526223,0.35723243754737766,0.3845727503218661,1.2105108364566972,-1.237687378968966,-0.6526574028226176,-2805.4060405661944
576,-407.86054398051215,0.9680113051382578,0.14763308084387175,3.0,15.0,0.0,409.0835961277237,0.9095877776498484,0.09041222235015156,0.7855319147189742,0.2144680852810258,0.37727833955128803,0.24592156478420238,-0.8076014505557764,-0.38871177382955346,-2786.972890562501
577,-409.2765265902848,0.9445401828939238,0.12152810673938115,5.0,47.0,0.0,413.24726446710326,0.839224300072278,0.160775699927722,0.9922894442393637,0.007710555760636284,0.502300023873968,-1.162093792055951,-0.7163899043261961,-0.6090131439468566,-2777.537517022084
578,-408.1639782961954,0.8045924687400604,0.1408622771501794,3.0,11.0,0.0,411.37578115321867,0.628158744722765,0.371841255277235,0.2121716345574357,0.7878283654425643,0.34253784827369044,0.6297597861630537,-0.3669463768347707,-0.8299369620252778,-2795.9396536278477
579,-407.1786568833804,0.971241439643899,0.11564723672224476,4.0,31.0,0.0,411.6985397130275,0.1339616969651555,0.8660383030348445,0.8502166796071116,0.14978332039288844,0.4483584307788384,0.4642169078936399,-1.6993768856980198,-0.6412644076966089,-2780.366987065064
580,-406.085494747178,0.9868296082525647,0.14763308084387175,4.0,23.0,0.0,408.92273032570756,0.3263579521750569,0.6736420478249431,0.6614605931791552,0.3385394068208448,0.6491632889202644,0.17036532291060302,-0.2867443245298836,-0.8127388015292438,-2783.308039885666
581,-408.6654620255541,0.8508430093038596,0.12152810673938115,4.0,27.0,0.0,414.71171262806826,0.25507416740330074,0.7449258325966992,0.9071704093475425,0.09282959065245755,0.3470771927405884,-0.02335967627572927,-0.8269283749073388,-0.646675366632357,-2793.3408083658273
582,-407.7799879626878,0.947889017763099,0.1408622771501794,4.0,23.0,0.0,411.61603288685694,0.3725589881411197,0.6274410118588802,0.029962706510557057,0.9700372934894429,0.035046847529858934,0.5887030049816147,-0.8098795992429696,-0.5664345656523864,-2781.219294306593
583,-409.7523363603936,0.9112791110434915,0.11564723672224476,4.0,31.0,0.0,411.245919164852,0.04484592131804856,0.9551540786819515,0.8039499158078388,0.1960500841921612,0.4121551994271552,1.31884435520879,-1.178876137253933,-0.6301512919376463,-2792.7524073447344
584,-406.27973225568024,0.9459020174988999,0.14763308084387175,4.0,31.0,0.0,408.59189301352,0.45962502082561146,0.5403749791743886,0.26147235141798925,0.7385276485820107,0.6392997899194132,0.5626269132469095,-0.6910037835351164,-0.9406593811467219,-2783.6970663645875
585,-405.5463760752284,0.9803571045138454,0.12152810673938115,4.0,27.0,0.0,411.58877277243386,0.3845865074467262,0.6154134925532738,0.7700007236882321,0.22999927631176786,0.5837699463155441,0.40048389854589855,-0.9030051327365795,-0.7008334088513015,-2777.942150430378
586,-409.98197929843946,0.5355349108710143,0.1408622771501794,4.0,15.0,0.0,414.5886983922215,0.7084904246125727,0.2915095753874273,0.9854492376095046,0.014550762390495353,0.5951037790853448,0.1880794699338263,-0.718703836781875,-1.243586339300725,-2789.720027599155
587,-408.99308891329724,0.9865711155312408,0.11564723672224476,3.0,7.0,0.0,410.4316986961506,0.1437195530443651,0.8562804469556349,0.9332880926803425,0.06671190731965748,0.514336085367623,1.260328169944297,-1.2694479873242321,-0.7885952028433839,-2788.044864572144
588,-406.2952446362399,0.9782656180172923,0.14763308084387175,2.0,7.0,0.0,407.56402817352244,0.6463543803589864,0.3536456196410136,0.138214542953556,0.861785457046444,0.6377014194547358,0.36453119938135464,-0.6211230932726216,-0.9176267176594443,-2780.1695026999782
589,-405.5871757624165,0.9162327972883004,0.12152810673938115,4.0,15.0,0.0,407.1354521412296,0.5596489068005569,0.4403510931994431,0.572084707269806,0.427915292730194,0.556623474242083,0.2678683190715151,-0.724064118689058,-0.572651290186487,-2781.2351507122676
590,-406.88878394823456,0.9979856530655102,0.1408622771501794,4.0,15.0,0.0,411.36823453715624,0.8950581029831417,0.1049418970168583,0.4353839972525887,0.5646160027474113,0.7658417689708436,0.3861021380723476,-0.6554503383200182,-0.5076584176668784,-2783.4286475660715
591,-410.8186207796143,0.8554681856319223,0.11564723672224476,4.0,15.0,0.0,412.0641728219989,0.12963831991679248,0.8703616800832075,0.7963338203335276,0.20366617966647238,0.5106233923397026,1.2320929623331367,-1.7056120051990011,-0.45410891738793047,-2805.9715932880413
592,-407.2838075525981,0.9764272855592017,0.14763308084387175,4.0,23.0,0.0,409.20670919105754,0.7011198876411799,0.29888011235882006,0.1693932911953268,0.8306067088046731,1.0997860903891385,0.4111395542112095,-1.0582166491403315,-0.21745513701246943,-2786.8763820108425
593,-406.2324635524071,0.9001136700388176,0.12152810673938115,4.0,15.0,0.0,408.2803622351861,0.5311655964672477,0.4688344035327523,0.7207167639550531,0.27928323604494687,0.5512330729666517,0.4526385157610356,-1.2090256947150362,-0.37344120375856005,-2783.6561093607634
594,-406.90012080486,0.8743195711818774,0.1408622771501794,4.0,15.0,0.0,408.74519407131226,0.2552925837546162,0.7447074162453837,0.6821945508903702,0.3178054491096298,0.3412292425050764,0.35379904596899114,-0.9047848033543083,-0.6072725495578524,-2787.504636655131
595,-406.81247773668633,0.9173878572173811,0.11564723672224476,4.0,23.0,0.0,414.3889051899105,0.26024317394629687,0.7397568260537031,0.7659308169255681,0.23406918307443192,0.49402712970084284,0.8498867709278756,-1.3271852314752575,-0.6252908900840336,-2784.2139782730787
596,-407.05888482721355,0.9900168775931654,0.14763308084387175,4.0,31.0,0.0,409.436317504027,0.9176429658460961,0.08235703415390394,0.4161080392930655,0.5838919607069345,0.462351000363202,0.502779801770943,-0.6608869998226363,0.134251461399025,-2783.4539335574364
597,-405.06616120922394,0.9198576569087398,0.12152810673938115,4.0,31.0,0.0,408.6639486571447,0.7132917762888713,0.2867082237111287,0.5864427810002054,0.4135572189997946,0.5499209391121346,0.4259968012735606,-0.6393027063092325,-0.8367138242249926,-2775.973201857333
598,-406.9361314309,0.9873900312184932,0.1408622771501794,4.0,31.0,0.0,409.19205009544567,0.9278486982189718,0.07215130178102824,0.6738307100010222,0.32616928999897776,0.49523728622301955,0.22877798385807838,-0.7078721249530605,-0.4285456449618871,-2781.0232331239645
599,-406.57703702873147,0.978406169846544,0.11564723672224476,4.0,15.0,0.0,408.70421401143835,0.39598200097712954,0.6040179990228705,0.4261189538879754,0.5738810461120246,0.8948410616632336,0.3339730688115971,-0.35230444757172086,-1.0453531776644738,-2787.0857296061345
600,-409.19162891860003,0.6893769530890098,0.14763308084387175,5.0,31.0,0.0,412.5887435395006,0.042916307730741676,0.9570836922692583,0.9201330684664791,0.07986693153352087,0.4637068808210321,0.7249009171631675,0.6607501912583098,-0.9232152996777122,-2784.7575989266375
601,-407.8621600539141,0.951257348509498,0.12152810673938115,4.0,31.0,0.0,409.25271165783323,0.04904350007316704,0.950956499926833,0.5167256076038793,0.4832743923961207,0.6799382933753763,0.43134162594272496,-0.09134734308126573,-0.8889222060112116,-2785.40413914583
602,-407.4004241031068,0.9937792840741694,0.1408622771501794,5.0,31.0,0.0,408.9666856961204,0.07396459747014712,0.9260354025298528,0.8831341363598192,0.11686586364018081,0.48205278163239396,0.511653780262258,0.6513976335191047,-0.7799488372655752,-2778.6967524305383
603,-407.05768233851387,0.9590166609505312,0.11564723672224476,4.0,15.0,0.0,409.8625903793282,0.16157477926703834,0.8384252207329617,0.8113806620942638,0.18861933790573615,0.31711066075534833,0.7881122628020645,-0.8961439143928756,-0.6277658411255599,-2783.4231208953565
604,-406.67094631526254,0.9183215349777131,0.14763308084387175,5.0,31.0,0.0,411.96983549368804,0.6491828145739658,0.35081718542603424,0.7285460427876432,0.27145395721235677,0.40906605044282324,1.011994068295787,-0.9071360801884366,-0.5768496693080276,-2785.7413011810777
605,-405.9448732029165,0.9812391889576182,0.12152810673938115,4.0,23.0,0.0,409.269964437283,0.5675325223654765,0.43246747763452353,0.29421243347539955,0.7057875665246005,0.6369489874087966,0.3645397872210385,-0.34421703815199195,-1.1317136575140316,-2781.9329414294652
606,-407.20668509509386,0.8767311132337575,0.1408622771501794,4.0,31.0,0.0,410.30445794306,0.0412773657025003,0.9587226342974997,0.16524449971975455,0.8347555002802455,0.4608124388063938,0.45333653925539685,0.3668494322588294,-0.7643530021376562,-2775.909508740203
607,-410.9799415663865,0.9397426309552276,0.11564723672224476,4.0,15.0,0.0,413.1923123346635,0.025030035130630124,0.9749699648693699,0.9921581045821315,0.007841895417868505,0.5361646390004244,0.7415648289982699,-1.6651729191150535,-0.6857882354586816,-2776.23171319013
608,-409.03925290733065,0.917627174561815,0.14763308084387175,4.0,15.0,0.0,409.8880361708334,0.6579712428480297,0.34202875715197034,0.9762935299265276,0.023706470073472374,0.5536344530721167,0.3595685192894523,-1.1057931228609736,-0.4285390831684509,-2787.6351497707246
609,-407.6921355014538,0.9403544146291285,0.12152810673938115,4.0,15.0,0.0,408.57130575225113,0.5993006949807294,0.40069930501927065,0.1812147605009409,0.8187852394990591,0.5831228877868438,0.2711443650677742,-0.469912794501898,-1.11738659876037,-2791.577457348792
610,-407.9928753026472,0.9950178575002068,0.1408622771501794,4.0,31.0,0.0,410.460593609018,0.09817958406366689,0.9018204159363331,0.7279702578775774,0.2720297421224226,0.7574399194985889,0.3086987012936474,0.03529806840108818,-0.7496767259379366,-2789.3184629348834
611,-406.49876765557076,0.9767831971571073,0.11564723672224476,4.0,15.0,0.0,411.61588767954873,0.1624349112127744,0.8375650887872256,0.5468285769746168,0.45317142302538316,0.45522791507113336,0.7709309803670901,-1.1625788927392122,-0.6609380518241111,-2782.341448278066
612,-408.6132382576328,0.9184995652516385,0.14763308084387175,4.0,15.0,0.0,412.3793632517264,0.06956191446928496,0.930438085530715,0.18624594045610418,0.8137540595438958,0.4145533190460896,0.6371237887351805,-0.5706451681373728,-0.8801345924150653,-2789.206928996584
613,-405.6586890694988,1.0,0.12152810673938115,3.0,7.0,0.0,408.0334817972185,0.6900086048516368,0.30999139514836316,0.2595798036825242,0.7404201963174758,0.5930926767306296,0.4371915704272731,-0.47973292928447064,-1.248617702976664,-2778.1312314993866
614,-408.12300138236145,0.9812193550521444,0.1408622771501794,3.0,7.0,0.0,409.4244923100519,0.1134625724593392,0.8865374275406608,0.5889608555482825,0.4110391444517175,0.7638254480580167,0.06471698705061599,0.08684342421183594,-0.7052294460134773,-2792.606939487824
615,-408.43044753285153,0.7589505325221119,0.11564723672224476,3.0,15.0,0.0,415.0617326599386,0.49823904094702165,0.5017609590529784,0.9897813080897289,0.010218691910271138,0.41277269197821687,0.3656796147389178,-0.49759277993941065,-0.9358594586826595,-2778.7957787376295
616,-406.27515301236474,0.7566613334137628,0.14763308084387175,4.0,15.0,0.0,412.74847617717825,0.18025532430562763,0.8197446756943724,0.2692481032384451,0.7307518967615549,0.36398620443991414,0.47752431609077106,-0.8258640637061946,-0.8134251942678907,-2780.5385153166317
617,-406.22312828405757,0.9946883259246243,0.12152810673938115,4.0,31.0,0.0,407.41500785302554,0.7449857513561594,0.2550142486438406,0.3547608498259052,0.6452391501740948,0.8857326579042862,0.3786674555110887,-0.7071198895901739,-0.9192512323488169,-2782.46964418607
618,-406.5104100812806,0.990463331100807,0.1408622771501794,5.0,31.0,0.0,409.48869849543206,0.6266285062957591,0.37337149370424094,0.9243942889684231,0.07560571103157687,0.471853978312182,0.24235695368092366,-1.0010515760209129,-0.2581216752842169,-2778.4941306430464
619,-409.5420311737006,0.6864140812427569,0.11564723672224476,4.0,15.0,0.0,412.6441719995443,0.07749206149211678,0.9225079385078833,0.98911769067842,0.010882309321579964,0.4929704661287263,0.4696815338453234,-0.5167291979347876,-0.6582285028355198,-2778.483931680529
620,-407.70502176034773,0.9584522947062248,0.14763308084387175,5.0,31.0,0.0,408.97107490108755,0.8335249080844558,0.16647509191554422,0.5111126563262316,0.4888873436737684,0.7654955386578995,0.4015034348697937,-0.9630573873904957,0.37699297072532145,-2791.535351625125
621,-408.00049138868576,0.989783437157922,0.12152810673938115,3.0,7.0,0.0,408.69441265571174,0.6610065059599645,0.33899349404003554,0.29629587427318993,0.7037041257268101,1.1105589396760287,0.17693803931027116,-0.5674896186332797,-0.9232662714423767,-2795.099125759534
622,-405.8016251085564,0.8754420552234656,0.1408622771501794,5.0,31.0,0.0,409.6328079991503,0.1440591330057515,0.8559408669942485,0.5176297945005891,0.4823702054994109,0.598453580528825,0.4015607771424066,-0.4957810647844731,-0.8408251322754093,-2777.8638353651386
623,-406.3815654176376,0.9921114327307559,0.11564723672224476,4.0,15.0,0.0,411.3627385789396,0.1726180764449661,0.8273819235550339,0.6902446231898173,0.3097553768101827,0.4518691287594535,0.8325580064871956,-0.6031057904734742,-0.8125056306294661,-2781.4253889654224
624,-407.7233723103713,0.947092673209521,0.14763308084387175,4.0,15.0,0.0,410.1908765482342,0.49511460898249665,0.5048853910175033,0.1169555534691905,0.8830444465308095,1.1013195571717473,0.4810677143878724,-0.3476644367780508,-1.250258594514301,-2788.4922425842988
625,-407.55755811819404,0.9202296379810512,0.12152810673938115,3.0,7.0,0.0,409.44896660415145,0.6850031902692789,0.3149968097307211,0.4221598206585944,0.5778401793414056,1.0349407120609992,0.23213841309360908,-0.6666384861171589,-0.8681902050915217,-2792.9630275680624
626,-406.02357403784123,0.9701284906950818,0.1408622771501794,4.0,15.0,0.0,406.8206897596647,0.15674868363548305,0.843251316364517,0.6745022477604435,0.32549775223955646,0.5716766490280016,0.5287377477901181,-0.4913222135307858,-0.8452419669958383,-2778.9106210438604
627,-408.86124140070996,0.9900172019639688,0.11564723672224476,5.0,39.0,0.0,412.1957385620495,0.6210221289712157,0.37897787102878433,0.993112086040452,0.00688791395954802,0.480954224956962,1.6385779628227983,-0.9586603641626847,-0.4210257373794033,-2776.42101147731
628,-410.36296797907323,0.9366110435869168,0.14763308084387175,4.0,15.0,0.0,411.888712049147,0.8045228109459789,0.19547718905402112,0.001831351563116929,0.998168648436883,0.9436086697736631,0.44890677220156816,-0.675450841481862,-0.9123398754747689,-2776.3031933122793
629,-409.94050589861035,0.9923302028165366,0.12152810673938115,5.0,31.0,0.0,411.69006624562326,0.6729430170779429,0.3270569829220571,0.9954451844201172,0.004554815579882798,0.3768566373466931,0.19859849762643159,-0.8339359989969004,-0.3856401686273998,-2783.151534332887
630,-408.2548077706912,0.9807207324979247,0.1408622771501794,4.0,31.0,0.0,409.97075956808516,0.3419952815151181,0.6580047184848818,0.7043955529320758,0.2956044470679242,0.42430574921752073,0.37486082520861586,-1.572321619844487,-0.4857764116336548,-2796.3668681835325
631,-412.41926511791604,0.8918977908050878,0.11564723672224476,6.0,63.0,0.0,417.31615431862303,0.9538495076878383,0.04615049231216173,0.0040046919499732376,0.9959953080500268,-0.18363234864659836,0.34959242938992857,-0.6628104812177523,-0.8077906068255526,-2788.079824951102
632,-411.82549808079744,0.3607645607315497,0.14763308084387175,4.0,15.0,0.0,417.58581243784005,0.8897839529278236,0.11021604707217636,0.0014431133862211265,0.9985568866137788,0.7769864396925488,0.5226570662727903,-0.5511201614331518,-1.1615719586637498,-2781.371601015814
633,-408.25696323113357,0.9578687333653291,0.12152810673938115,4.0,15.0,0.0,414.07113954021787,0.9703504614686941,0.02964953853130592,0.44979960074626885,0.5502003992537312,0.6599413985946532,0.2104407371608611,-0.6649834120572912,-0.6150904646291838,-2784.8586899808456
634,-406.1369913411146,0.9811970721084451,0.1408622771501794,4.0,15.0,0.0,410.27605966735575,0.16083850122109278,0.8391614987789072,0.21241406869918006,0.78758593130082,0.6783056838215737,0.4759434813661302,-1.0175952907156538,-0.6040839383433729,-2777.5075746856423
635,-412.29901354754173,0.8500053834278661,0.11564723672224476,4.0,15.0,0.0,418.0715259637206,0.9624458074501026,0.03755419254989745,0.38755422509472864,0.6124457749052714,-0.19027282019052252,0.6232224521689812,-0.6267079449759704,0.25344758950599866,-2814.429291510678
636,-407.9780918373237,0.9055951658175971,0.14763308084387175,4.0,15.0,0.0,413.2029808310948,0.20631388179430996,0.79368611820569,0.029594188099331703,0.9704058119006683,0.7372112923056096,0.47296802942620775,-0.5096301113186158,-0.6654299729512594,-2779.920682011992
637,-408.49854216911814,0.998117040349323,0.12152810673938115,5.0,31.0,0.0,409.6175166272537,0.02756794526170297,0.9724320547382971,0.5717982416642318,0.42820175833576823,0.487836993630375,0.22193056973267486,-0.453694579607711,-0.6652976198037779,-2786.2803481722863
638,-405.4605404686186,0.9978956733991798,0.1408622771501794,5.0,31.0,0.0,406.6659964259374,0.7826877171803809,0.21731228281961912,0.5444308302420469,0.45556916975795314,0.46877263102891675,0.4911745778981482,-0.5786352103963083,-0.9566198852471024,-2777.4772155496735
639,-408.6437496539788,1.0,0.11564723672224476,3.0,7.0,0.0,413.103784703465,0.9428689081745518,0.05713109182544818,0.09773304014651764,0.9022669598534824,0.13676699697954625,0.5687353620605592,-0.923280111866788,0.421389687540201,-2784.672488111561
640,-408.2529513984988,0.8889464335752063,0.14763308084387175,4.0,31.0,0.0,413.19873895376134,0.8886289364738549,0.11137106352614512,0.10740241324709725,0.8925975867529028,1.4917682523713738,0.4018915652589117,-0.7539431213188176,-0.6414830404191841,-2785.02970013768
641,-408.989271460351,0.980401048743398,0.12152810673938115,4.0,31.0,0.0,409.7187740447881,0.029479189639844385,0.9705208103601556,0.5456977526150067,0.45430224738499325,0.508909006393202,0.16925150531640915,-0.443429983563386,-0.657530003716961,-2790.2220932125474
642,-405.75920774616424,0.9659989929617894,0.1408622771501794,4.0,15.0,0.0,409.39886658132804,0.6222380651344056,0.3777619348655944,0.7016262386219447,0.29837376137805527,0.34566069052067866,0.802340507042802,-0.5139630502539843,-0.9258708262808603,-2780.453999509928
643,-407.52859499080273,0.9905202606055113,0.11564723672224476,4.0,31.0,0.0,412.8304715274811,0.39648428126954866,0.6035157187304514,0.17646600119597247,0.8235339988040276,1.3591879610389221,0.3338853884720632,-0.6250443972640081,-0.8071443429821452,-2789.3141843801727
644,-409.63636023909316,0.7750746642401026,0.14763308084387175,3.0,7.0,0.0,410.23889382000675,0.9227049033084763,0.07729509669152368,0.11748945737284924,0.8825105426271508,1.4618602200627144,0.45661747584797113,-0.6086616746161695,-0.6460958215241113,-2793.0660059713077
645,-408.05793955421177,0.9404772319042862,0.12152810673938115,5.0,31.0,0.0,411.60517102827424,0.9745892321319082,0.02541076786809182,0.44842495415396866,0.5515750458460313,0.3718338864487738,0.7301627799803178,-0.6685900387787976,-0.6675688112960096,-2782.216695390365
646,-410.5917439973847,0.9108143198802807,0.1408622771501794,4.0,15.0,0.0,412.57852419344493,0.990669417286502,0.009330582713497959,0.18035594028510077,0.8196440597148993,0.6519851856650013,0.267709543873632,-0.7260068748615106,-0.6977100925146693,-2789.4025191370874
647,-406.8936638911725,0.9935493309935649,0.11564723672224476,4.0,23.0,0.0,409.67473273304813,0.17512460295696697,0.824875397043033,0.36538226141472097,0.634617738585279,0.046950153806171395,0.7435203098863957,-0.3513736639786375,-0.8354745303149661,-2786.072306460959
648,-410.3577685212396,0.2531422271869343,0.14763308084387175,2.0,3.0,0.0,414.4998510680227,0.8964991343971547,0.10350086560284533,0.08760826940006507,0.912391730599935,1.443989644885569,0.2328477984691259,-0.7167255521894165,-0.6182125968336487,-2798.154608860174
649,-406.7395317178362,0.9989556011262163,0.12152810673938115,4.0,15.0,0.0,408.38588996685564,0.9279688679037614,0.07203113209623857,0.3891384718868667,0.6108615281131333,0.35091528672820155,0.42813508344480233,-0.753223485562718,-0.4571770360526689,-2780.1094406047237
650,-409.183964231078,0.9553474189369273,0.1408622771501794,4.0,15.0,0.0,412.46875962670276,0.9313993073756258,0.06860069262437418,0.6914436910228474,0.3085563089771526,0.8298458506060685,0.22861332287599578,-0.7903821188072931,-0.8777715009584712,-2795.0270489392
651,-405.58549517637596,0.9745252492582902,0.11564723672224476,3.0,7.0,0.0,407.68008952774,0.24187941156239628,0.7581205884376037,0.5855128839432644,0.4144871160567356,0.47919160665432825,0.5759182098773004,-0.19959880453625575,-0.9786735735437194,-2778.840861409934
652,-411.28642931283866,0.9781751394198416,0.14763308084387175,4.0,23.0,0.0,414.07777509860557,0.9949292486721094,0.005070751327890588,0.03475019729391058,0.9652498027060894,1.5753172250592793,0.47905327922514795,-0.7348641686780732,0.4552183822286773,-2778.0908719996305
653,-406.661675068681,0.8448002990727514,0.12152810673938115,3.0,7.0,0.0,409.9024699485826,0.9006689150862356,0.09933108491376441,0.32463464733588293,0.675365352664117,0.563502717330545,0.4879861010339102,-0.595781752803308,-0.9072727481260937,-2780.464642246662
654,-409.4268674194168,0.9819534411949893,0.1408622771501794,4.0,23.0,0.0,411.83085051969385,0.9574836511133571,0.04251634888664291,0.3567979913818237,0.6432020086181762,0.3116216822351257,0.3605026833935476,-0.8099483179278634,-1.5280665379287817,-2793.160607772669
655,-408.6816510056203,0.9967031693985277,0.11564723672224476,4.0,15.0,0.0,409.41486116030046,0.11123475841384473,0.8887652415861553,0.9845107905921239,0.015489209407876126,0.5327381425810005,1.0482803240217935,-0.05013727438628295,-0.812644047582098,-2776.42505563869
656,-410.10040592680525,0.8377792623137407,0.14763308084387175,4.0,31.0,0.0,413.70900482626564,0.9948492221327733,0.00515077786722673,0.18441485351938658,0.8155851464806134,0.9858460168273742,0.41743353793502097,-0.7735439252752679,1.4946242259015126,-2779.9219124621436
657,-406.54200036371435,0.982230246656533,0.12152810673938115,3.0,15.0,0.0,408.66787772460845,0.7727871174195797,0.22721288258042027,0.15817382487446768,0.8418261751255323,0.24543346187741727,0.4726425364890565,-0.8386775545125639,-0.7200036396470213,-2781.0481949226055
658,-409.2578856047993,0.9874418400066081,0.1408622771501794,4.0,19.0,0.0,414.61848232095724,0.023376844426982055,0.9766231555730179,0.7699067826574093,0.2300932173425907,0.4331539987293211,0.5176132330661409,-0.3913642490186498,-0.8918853118796775,-2787.7762258583957
659,-406.7864031603563,0.9828393301136775,0.11564723672224476,4.0,15.0,0.0,410.1447406083003,0.5402373159406082,0.4597626840593918,0.9190077482623538,0.08099225173764624,0.49962733971592976,1.223845455701481,-0.5606827429820038,-0.9458452889525836,-2779.861689188191
660,-410.2975172375694,0.8574898716751559,0.14763308084387175,4.0,31.0,0.0,412.55508285486155,0.9717449584179477,0.028255041582052276,0.03112185180006488,0.9688781481999351,1.1557335787348204,0.4088112132347998,-0.7423926810305617,1.4253591057782085,-2781.6853907044947
661,-406.0137788191887,0.9930646714166116,0.12152810673938115,4.0,15.0,0.0,407.66518705855685,0.1240690490312587,0.8759309509687413,0.7344961121100511,0.26550388788994894,0.5908923520351959,0.32803905972422404,0.04658050085366933,-0.8316774414430502,-2777.0272471837966
662,-408.416957810005,0.9778766826471676,0.1408622771501794,4.0,31.0,0.0,413.00912373475643,0.8094223258898687,0.19057767411013127,0.07830997647025412,0.9216900235297458,0.7730770443983184,0.6266025924812948,-0.8407232141372065,-0.6536621387656223,-2788.3406679628183
663,-407.5744561075785,0.5692716013891589,0.11564723672224476,4.0,31.0,0.0,410.98208934283133,0.5734970525475794,0.42650294745242057,0.8070410905598384,0.19295890944016159,0.5177992855840617,1.0554741791576783,-1.0724712053181715,-0.46949940798558154,-2790.4745281796486
664,-411.7619774420855,0.9233376252527706,0.14763308084387175,4.0,15.0,0.0,413.25335287702967,0.9709296547096381,0.0290703452903619,0.31632200030738034,0.6836779996926197,1.2747018796077552,0.1862572603154932,-0.7148289143435413,1.1700257148600626,-2806.0734578325178
665,-405.8873245211845,0.9599191997403628,0.12152810673938115,5.0,47.0,0.0,407.6789988213653,0.35853665834345466,0.6414633416565454,0.6921972831778977,0.30780271682210225,0.5242459327154994,0.13540389017260396,-0.49236393468069745,-0.8397621606535357,-2781.865768585163
666,-410.2269573490033,0.99470550710917,0.1408622771501794,5.0,47.0,0.0,413.35393088953776,0.07660037841631866,0.9233996215836814,0.10959680929951943,0.8904031907004806,1.7937984954001678,0.38148209816125633,0.40197790689987484,-0.7470361581564167,-2795.8498564858032
667,-408.9670704989209,0.9176536471184055,0.11564723672224476,4.0,15.0,0.0,410.84583939550555,0.9041890237346116,0.09581097626538837,0.9010058689891419,0.09899413101085808,0.5649035471283916,0.8597390842224338,-0.9278247361130387,-0.2941378752577067,-2789.7199861698223
668,-408.9737410171183,0.7604871391771961,0.14763308084387175,5.0,31.0,0.0,415.1784578665707,0.7031933744572004,0.2968066255427996,0.7029047592327771,0.29709524076722293,0.7324603018721241,0.22802382568346677,-0.7767966933545366,-1.2573779844472333,-2801.053965979491
669,-406.53640019742465,0.9748652659701382,0.12152810673938115,5.0,31.0,0.0,408.0260910509731,0.32880755337500805,0.6711924466249919,0.49369949910408695,0.506300500895913,0.42186952988294374,0.8238187996403334,-0.3996869135395804,-0.8574742108774117,-2786.726684014975
670,-408.76969886944846,0.6649640088848588,0.1408622771501794,5.0,63.0,0.0,412.8221971683996,0.09356266023932756,0.9064373397606724,0.06548191257621164,0.9345180874237884,1.205884954863709,0.5297879885595178,0.40287393638394897,-0.9124635160757053,-2784.9818711326357
671,-407.50140087203334,0.9618334550836888,0.11564723672224476,3.0,11.0,0.0,411.34102965962904,0.9300402356923485,0.0699597643076515,0.9113624259653418,0.08863757403465822,0.415496361390843,0.8913623016863687,-0.7472922089632844,-0.27734475878768505,-2777.2817173202698
672,-407.27526641801074,0.9561168484316084,0.14763308084387175,4.0,15.0,0.0,410.5588695277834,0.7614565018812239,0.23854349811877607,0.6145699976980181,0.3854300023019819,0.7473640960944583,0.39795630933080883,-0.7368269233780507,-1.136526221291308,-2789.4232250858677
673,-407.1711789048257,0.9307574402039742,0.12152810673938115,4.0,15.0,0.0,408.07798899203857,0.14699089358682774,0.8530091064131723,0.6348059455888142,0.3651940544111858,0.23696497580879897,0.6273941997382235,-0.3906184503989889,-0.8702864175125272,-2787.0242016339116
674,-407.3404084407777,0.9875388187161295,0.1408622771501794,4.0,15.0,0.0,409.64124899316664,0.13166842026064457,0.8683315797393554,0.1866658054789306,0.8133341945210694,0.9812213701976505,0.4724106815830168,-0.03780808192226683,-0.7300610457679912,-2784.3203975974193
675,-410.2776824825591,0.8371552057699503,0.11564723672224476,5.0,31.0,0.0,412.76612072501104,0.9930627901912729,0.0069372098087271405,0.4202258019581167,0.5797741980418833,0.684771677878698,0.1403722185457135,-0.7293620589801468,0.20367695119107124,-2789.040919688403
676,-409.9082248270007,0.8173592376695906,0.14763308084387175,4.0,15.0,0.0,414.45837148047576,0.9862471431536035,0.013752856846396488,0.6527079618323735,0.34729203816762655,0.49392362588453725,0.3145936925501598,-0.5658964129904016,-0.7912352464996304,-2790.474094545327
677,-406.4169014014107,0.9941573174013371,0.12152810673938115,4.0,15.0,0.0,408.7909160485706,0.2433222494895845,0.7566777505104155,0.11765065295729156,0.8823493470427084,0.27468743196599793,0.5591563833986268,-0.07876620390366185,-0.9538686322248395,-2778.9657015571283
678,-406.1524780352186,0.7952724817323505,0.1408622771501794,4.0,31.0,0.0,410.18146826072245,0.931499216210626,0.06850078378937396,0.39175439523638567,0.6082456047636143,0.5107820450738586,0.4875862514137338,-0.7695099151934559,-0.5143508232726363,-2775.514613503129
679,-407.8487550192659,0.9744244319791604,0.11564723672224476,4.0,31.0,0.0,412.40511158053977,0.923649521341623,0.07635047865837696,0.3368767713602192,0.6631232286397808,-0.009811445515827522,0.6800719804723212,-0.7750937778503472,-0.7260467328166157,-2787.2741805479873
680,-408.5234059087464,0.8513813066008352,0.14763308084387175,3.0,15.0,0.0,414.53038491102103,0.9915800502484947,0.008419949751505285,0.5140084137360055,0.4859915862639945,0.3627613483846003,0.5732046867898568,-0.6709408075248005,-0.5899097559462875,-2778.253789036683
681,-408.86004474249984,0.6908453957994979,0.12152810673938115,4.0,31.0,0.0,410.6900893901305,0.13353100409128513,0.8664689959087148,0.8837170138226274,0.11628298617737265,0.5554452196469976,0.36664893932925574,-0.35685963035313656,-0.9977692727925197,-2792.3372302172875
682,-406.2260826086655,0.9362711279366686,0.1408622771501794,4.0,15.0,0.0,408.161309892011,0.7774179132056619,0.2225820867943381,0.6226764476499045,0.3773235523500955,0.2672271280890602,0.7501001503591944,-0.624307628255859,-0.8284370909700044,-2782.510828337842
683,-409.3806732491746,0.8682326751634423,0.11564723672224476,5.0,39.0,0.0,411.3791233337182,0.1452989648962163,0.8547010351037837,0.024175182470550848,0.9758248175294492,1.8361527607662453,0.3865296558509816,-1.2550087617989387,-0.6950001303454123,-2782.792254944107
684,-408.14156395521104,0.6994451882189383,0.14763308084387175,3.0,7.0,0.0,412.40382450151264,0.9840732866090725,0.01592671339092755,0.8257780785482768,0.17422192145172322,0.4487806996884888,0.5372216778091594,-0.7562282874431812,-0.47265831156342936,-2776.1317590894473
685,-406.7863238727847,0.9920657348420925,0.12152810673938115,4.0,31.0,0.0,411.2415180120046,0.12213104924646372,0.8778689507535363,0.8120826845759654,0.18791731542403456,0.528887620701419,0.530547418185928,-0.17347972924954116,-0.6884543792565379,-2780.6501622634687
686,-406.34647039659905,0.9759179187624082,0.1408622771501794,3.0,15.0,0.0,408.7155837441236,0.7333716610133286,0.2666283389866714,0.8297608693358569,0.1702391306641431,0.35613754857331087,0.7099621253470139,-0.6114012565149071,-0.8814746110757379,-2780.6104259179424
687,-408.8524536753486,0.8644241926704892,0.11564723672224476,3.0,7.0,0.0,411.4558517488374,0.16851092965268077,0.8314890703473192,0.04973205470168337,0.9502679452983166,1.8917929691138637,0.4930832733882952,-1.1944145903817434,-0.5827623465292986,-2784.7683811261695
688,-409.9021602456904,0.9424613460364627,0.14763308084387175,4.0,15.0,0.0,410.98381223787413,0.08503790898176705,0.914962091018233,0.9473267888386878,0.05267321116131218,0.44557663804965364,1.6160753370769008,-1.153817802569026,-0.8324857652526816,-2788.982356995459
689,-407.4658287261446,0.9100231897164328,0.12152810673938115,4.0,31.0,0.0,408.74895626103387,0.25076306238041274,0.7492369376195873,0.06203580686661473,0.9379641931333853,0.3743365545777975,0.5274866669815392,0.010371834862697736,-1.0239770311316272,-2782.2118577502324
690,-406.767944417433,0.9396604275716998,0.1408622771501794,4.0,19.0,0.0,412.0395114039031,0.21769889172538162,0.7823011082746184,0.27632629364764744,0.7236737063523526,0.20374615517219055,0.7463907482642527,-0.27553106521030224,-0.8550177560246932,-2785.29328127787
691,-407.8892463210499,0.9891591630337382,0.11564723672224476,5.0,47.0,0.0,411.9184614368899,0.9113249252751441,0.08867507472485592,0.08065458754246875,0.9193454124575312,0.4711577617700959,0.4477110516078132,-0.6021005040881753,-1.768340593883813,-2778.8721204427948
692,-408.0620593715188,1.0,0.14763308084387175,3.0,7.0,0.0,410.0743912234325,0.21543742035852653,0.7845625796414735,0.9270304236604004,0.07296957633959955,0.4835374380859022,1.3965645127658073,-1.052889414448576,-0.5212550052378894,-2784.829098943676
693,-407.74336782467213,0.9382042860268666,0.12152810673938115,2.0,3.0,0.0,408.4523558586213,0.2834867076460005,0.7165132923539995,0.0525242232715758,0.9474757767284242,0.32735179370792455,0.5120658972688861,0.0562963978036622,-1.0198739946206417,-2783.6347179057557
694,-407.2427632137233,0.9812553951526048,0.1408622771501794,4.0,31.0,0.0,409.19626797271746,0.6602670693674078,0.33973293063259224,0.06446668046009091,0.9355333195399091,-0.29743824633955523,0.46484203795332835,-0.6692594169485876,-0.9597837397436714,-2781.9644730886976
695,-411.3602228055439,0.7001237087881053,0.11564723672224476,4.0,27.0,0.0,415.47791483743424,0.2544493085366789,0.7455506914633211,0.9904806446624038,0.00951935533759618,0.3403093661612898,1.1751986136554975,-0.44248580239528246,-0.639217541907804,-2796.060960249466
696,-408.44072675618736,0.9238798381850908,0.14763308084387175,5.0,31.0,0.0,411.1150219041493,0.17476993557354215,0.8252300644264579,0.19711883344591968,0.8028811665540803,0.8560759657067893,0.6089076871789219,-1.542292330737477,-0.5938926812127695,-2791.9867223623633
697,-405.36707174922066,0.9989719811795604,0.12152810673938115,4.0,31.0,0.0,409.0310298451096,0.45948881243932316,0.5405111875606768,0.5652922294501397,0.4347077705498603,0.29397814687506546,0.6617684430550854,-1.0325000518897733,-0.4923093428423981,-2779.2773059003403
698,-407.6238610846076,0.8550031875532336,0.1408622771501794,4.0,19.0,0.0,409.9190198835757,0.28775947976992794,0.7122405202300721,0.046444930917165714,0.9535550690828343,-0.7247675769624944,0.5344597674972428,-0.42560291613732765,-0.8560949597203001,-2781.7960424223525
699,-409.8308415708098,1.0,0.11564723672224476,3.0,7.0,0.0,411.8717101330211,0.2814216295897638,0.7185783704102362,0.9869210554953433,0.013078944504656742,0.4454400289627949,1.2805995280762146,-0.5934041820378889,-0.9871268801878493,-2787.18897373563
700,-410.94672357918057,0.9273771611185707,0.14763308084387175,2.0,3.0,0.0,412.03909551956724,0.1801205697933941,0.8198794302066059,0.104204071117086,0.895795928882914,0.8386820887525012,0.32035912243096065,-1.674227870525948,-0.35025249043491535,-2805.903139202506
701,-408.3444688916535,0.9169471896908312,0.12152810673938115,4.0,15.0,0.0,409.6698894352801,0.08294748999537559,0.9170525100046244,0.5774859454410208,0.42251405455897917,0.32725358019473116,0.9947727129481573,-0.9486616184362957,-0.7269395632820077,-2791.0239051785734
702,-409.2238528539011,0.7523989457607396,0.1408622771501794,3.0,11.0,0.0,412.68903641434446,0.6960582403871973,0.3039417596128027,0.024256789153002497,0.9757432108469976,-0.6990641205621512,0.5348759278977695,-0.5665101422232603,-0.6229679111586043,-2788.94762620941
703,-408.8482735822601,0.596971993326767,0.11564723672224476,4.0,31.0,0.0,415.0696298653339,0.6344772033957422,0.3655227966042578,0.9833552401784679,0.01664475982153213,0.3801728606021027,1.4317734801906086,-0.7321576845252703,-0.8662290652724096,-2782.715536408925
704,-408.4127068609264,1.0,0.14763308084387175,2.0,3.0,0.0,410.9743338814325,0.20523227458133092,0.7947677254186691,0.13232997836561633,0.8676700216343837,0.8523737377088193,0.35192838681402244,-1.6554337400219918,-0.45757712890170615,-2790.456540109119
705,-408.85349117068387,0.9976825085992888,0.12152810673938115,4.0,15.0,0.0,410.44498243071547,0.41899542443768223,0.5810045755623178,0.9781823598736039,0.021817640126396087,0.5429440916826236,0.9781999524435262,-1.321835576631063,-0.38261063306802623,-2785.2092817590255
706,-409.53682302622343,0.9409143292926221,0.1408622771501794,5.0,31.0,0.0,410.8487037969846,0.15707121164199422,0.8429287883580058,0.010118561279645517,0.9898814387203545,-0.5450482320250206,0.4354621434068616,-1.1111941767450337,-0.5631206630432003,-2781.4527020345326
707,-408.21787245383564,0.9888768912328383,0.11564723672224476,4.0,15.0,0.0,409.73065252769817,0.6611376993505886,0.33886230064941136,0.9711395790604064,0.028860420939593623,0.4053417949533908,1.2181454463048598,-0.5252792931924125,-0.8604620025477465,-2782.5425172375294
708,-406.1664206215837,0.9273495660689021,0.14763308084387175,4.0,15.0,0.0,410.2720390191961,0.2280666643880323,0.7719333356119678,0.12725384495035288,0.8727461550496471,0.7835618831993842,0.5003760179708064,-0.9460945378105052,-0.653989769150286,-2776.630062138755
709,-408.1740562493713,0.9835289415921953,0.12152810673938115,5.0,31.0,0.0,410.2724333599818,0.058425813122767394,0.9415741868772326,0.9426982802999633,0.057301719700036724,0.42976461886360195,0.8860783269709281,-0.046606759212778716,-0.711899926144599,-2778.0958932816698
710,-409.9387585687047,0.4781369053525644,0.1408622771501794,4.0,15.0,0.0,414.32738938367845,0.1685307407466386,0.8314692592533615,0.1366798982266444,0.8633201017733556,-0.5042677762873462,0.7337083290728965,-1.0581067005941593,-0.7609961389915473,-2801.267890012677
711,-408.17150187816947,0.979735443184157,0.11564723672224476,4.0,15.0,0.0,409.99395099804855,0.8050766493694097,0.1949233506305903,0.9711771173622856,0.028822882637714375,0.5022704376813584,1.3193431504398347,-0.5685035475950285,-1.373898422317497,-2778.4251446787075
712,-406.2763921056933,0.9156408094991666,0.14763308084387175,3.0,15.0,0.0,408.17162780497915,0.29555712678169377,0.7044428732183062,0.17998163156956887,0.8200183684304312,0.927785313876881,0.40034717628809713,-0.9318621677420842,-0.547908746420866,-2780.5104671882223
713,-406.7825024690475,0.9705128661940082,0.12152810673938115,4.0,15.0,0.0,410.2279403808356,0.15785163450306042,0.8421483654969396,0.23267473913197578,0.7673252608680242,0.9942046731496553,0.44470201761968753,-0.12608296608369335,-0.8182296202877243,-2782.496984912404
714,-408.1639466025766,0.9737581809921044,0.1408622771501794,4.0,15.0,0.0,412.44188995337487,0.4618280283823368,0.5381719716176632,0.0646275422112773,0.9353724577887227,-0.4814157739624457,0.49777715582243426,-0.5147221839711091,-0.6835944729080599,-2789.45111382799
715,-408.8813193253465,0.8383750412953171,0.11564723672224476,4.0,15.0,0.0,409.7851821670115,0.7315248742401618,0.26847512575983823,0.9069187292181435,0.09308127078185646,0.5505658236909078,1.4259360828952579,-0.46600622457141766,-1.3376355647236249,-2792.3831028459394
716,-407.50423530533686,0.9587225006486839,0.14763308084387175,5.0,51.0,0.0,408.5233696558826,0.7587112984725489,0.24128870152745108,0.6573118320786424,0.3426881679213576,0.2858907054380951,1.0826692023278857,-0.6646573226214827,-0.791730254503608,-2790.909246474616
717,-408.9647818479525,0.9883863218454875,0.12152810673938115,4.0,31.0,0.0,409.44320203020135,0.034539219323518056,0.9654607806764819,0.11087419290440795,0.8891258070955921,1.0774865041623334,0.5514430851523737,0.5981560227334576,-0.7607156287924327,-2783.458599058933
718,-407.22586729308006,0.9795500563056119,0.1408622771501794,3.0,15.0,0.0,408.93280506899043,0.5821921013659418,0.4178078986340582,0.10276353893056374,0.8972364610694362,-0.45979946619805506,0.5638260435375124,-0.6304431266769684,-0.7875361680965708,-2785.449011171169
719,-410.8813614954686,0.9217309644865065,0.11564723672224476,4.0,15.0,0.0,412.2918044619995,0.9583022415466913,0.0416977584533087,0.9725955683211897,0.027404431678810348,0.5135857392851237,1.6436489047591754,-0.8207733749601895,-1.5233703541919303,-2785.8401228977054
720,-408.4645034692617,0.9033711905367082,0.14763308084387175,4.0,23.0,0.0,411.2721136880797,0.6643281875939001,0.3356718124060999,0.14215173758199404,0.8578482624180059,0.198962812780993,0.7109873984402326,-0.9007681169679191,-0.07485055095318295,-2795.495722455582
721,-407.7976934893317,0.7669456157089328,0.12152810673938115,4.0,31.0,0.0,411.04694505329616,0.025168866142595323,0.9748311338574047,0.230488608244723,0.7695113917552769,0.8183790999337262,0.43712566009263515,0.6657598312863419,-0.7894836967471057,-2777.7436764522336
722,-411.1597583095912,0.7364858155592746,0.1408622771501794,5.0,39.0,0.0,411.4731572269165,0.9207798301717128,0.07922016982828717,0.9536264037488303,0.04637359625116966,0.41106962882285264,-0.697714853253105,-0.9372631320484959,-0.1992051292570259,-2799.205150398008
723,-413.08410960946657,0.8223332104555066,0.11564723672224476,4.0,15.0,0.0,414.07577479718464,0.7949811585146012,0.20501884148539884,0.9634353537538164,0.03656464624618361,0.38804616026558086,1.8944574389591624,-0.6986871270858316,-1.9227145572345683,-2810.9972264740754
724,-406.584186457614,0.9704179878782888,0.14763308084387175,3.0,7.0,0.0,409.6332893615817,0.5055263826251272,0.49447361737487283,0.3309711756905765,0.6690288243094236,0.28295983735981795,0.7044878199273088,-0.7808506273568551,-0.43607488662786764,-2787.404185315517
725,-408.64098784690793,0.9827562090651107,0.12152810673938115,4.0,15.0,0.0,409.7216092639567,0.014316330724435264,0.9856836692755647,0.131729601736108,0.868270398263892,0.5828383955708133,0.5444817370992302,0.5905415028945041,-0.7841701069932506,-2777.0003754595123
726,-407.2627190373757,0.8536648717898474,0.1408622771501794,3.0,7.0,0.0,415.9451402448268,0.8028775763890986,0.19712242361090138,0.956973268099635,0.04302673190036499,0.5086970434271315,-0.17971484617724098,-0.743327286584621,-0.4812534676737061,-2777.573312403169
727,-410.3657789301296,0.943459287751344,0.11564723672224476,2.0,3.0,0.0,413.5281342729953,0.8307519532228932,0.1692480467771068,0.9708799109204863,0.02912008907951369,0.4717933438111332,1.895964665951404,-0.5338766363591825,-1.8544846446302352,-2790.0106467466862
728,-408.3309937309987,0.9910115829909901,0.14763308084387175,4.0,15.0,0.0,410.1049378466812,0.7601817981683082,0.23981820183169178,0.434804959730554,0.565195040269446,0.3860111243057427,0.42530602116520283,-1.1346839502645132,-0.2087845866427564,-2797.764234597812
729,-408.8117258666583,0.9884324905079828,0.12152810673938115,4.0,15.0,0.0,410.99334759858675,0.15935590830699195,0.840644091693008,0.03707874155704415,0.9629212584429558,0.09552446579257495,0.5763349647090951,0.374171343656438,-0.9405122190265504,-2785.8859393628863
730,-407.84948322089656,0.9755940482030818,0.1408622771501794,5.0,31.0,0.0,409.2938863420327,0.09971289417384659,0.9002871058261535,0.9658686841282009,0.03413131587179907,0.47606685840129503,0.2704947810357716,-0.9063066441996195,-0.7057902662958979,-2775.703906663749
731,-409.6362077801355,0.8469682919537894,0.11564723672224476,5.0,31.0,0.0,413.4670653497836,0.8035201355147201,0.19647986448527988,0.9743594601940029,0.02564053980599712,0.44238516335745887,1.769779715856535,-1.0006330569756776,0.22502284430639302,-2787.6470101901173
732,-410.2757321566653,0.918786850325251,0.14763308084387175,3.0,11.0,0.0,411.70527380813337,0.8486374776857564,0.15136252231424363,0.5384033252084275,0.4615966747915725,0.40877338044783673,0.6546572287041397,-0.5686262904083337,0.12260902554029612,-2809.4846854742177
733,-408.3027787062662,0.9690977485166126,0.12152810673938115,5.0,31.0,0.0,410.5239620461813,0.034201121773522934,0.965798878226477,0.06537707682955508,0.9346229231704449,0.2791514114462478,0.46034310284107405,0.47568602618926964,-0.7396491065386286,-2776.671613383998
734,-411.4301851675809,0.8564252575431516,0.1408622771501794,4.0,31.0,0.0,419.47145064265254,0.03466771703756072,0.9653322829624393,0.9761203394064346,0.02387966059356539,0.35316239876407884,1.3735009167291714,-0.11397268239035682,-0.6294679723438987,-2790.53627737633
735,-411.9985998814868,0.9713422019762571,0.11564723672224476,3.0,7.0,0.0,413.30987013695085,0.759869756329765,0.24013024367023506,0.8482173145001765,0.15178268549982354,0.4344578626659727,1.7609559361871736,-0.952486351909677,0.2995912351861044,-2816.3723430760665
736,-405.88524414522516,0.9841714841327234,0.14763308084387175,2.0,7.0,0.0,410.9449066090673,0.8861619770976089,0.11383802290239109,0.3933096649444053,0.6066903350555948,0.46002169248153296,0.42124013284609807,-0.80488879502368,-0.013123151890762103,-2777.117117784058
737,-408.12409940918127,0.6516340920473215,0.12152810673938115,4.0,31.0,0.0,411.7341857616199,0.05245129930385932,0.9475487006961407,0.13033934633084052,0.8696606536691595,0.11055727890023224,0.5708372304033552,0.9694831716386056,-0.8426135208488946,-2781.729492432053
738,-410.75285477558987,0.9043379880420322,0.1408622771501794,4.0,15.0,0.0,415.02093401090167,0.04580650350027157,0.9541934964997284,0.9844415284236698,0.015558471576330168,0.5554151124070115,1.3091236238545523,-0.0679983368085606,-0.637646218877166,-2784.7898217868046
739,-410.5961178250286,0.7871684932834929,0.11564723672224476,3.0,7.0,0.0,414.99819235565985,0.8988161612678283,0.10118383873217174,0.9765356195598033,0.02346438044019672,0.3781705196850695,1.6273829811948515,-0.702346006078017,0.38207889673707524,-2790.690140474164
740,-408.8138541060432,0.7780384110740647,0.14763308084387175,2.0,7.0,0.0,410.74377880886533,0.9249653857224115,0.07503461427758851,0.2920345564195874,0.7079654435804126,0.47170216412047955,0.24367173332094536,-0.7331260891832326,-0.04456123498317237,-2793.96001431592
741,-407.5005009422279,0.8419497678162048,0.12152810673938115,4.0,31.0,0.0,411.23105507547046,0.07555030115190255,0.9244496988480975,0.0972217833702283,0.9027782166297718,0.04294659553460255,0.4967636239002425,0.025662270869972692,-0.8477043280170997,-2778.8860829768732
742,-408.41933160715274,1.0,0.1408622771501794,4.0,15.0,0.0,411.58320271737256,0.14559488281955835,0.8544051171804417,0.04673184426120418,0.9532681557387959,0.24627726912204628,0.6129267754851495,0.030786083731346274,-0.934871546791644,-2784.2395523830896
743,-408.57895301134045,0.9904191628508896,0.11564723672224476,5.0,47.0,0.0,411.5133569229436,0.9111729029543078,0.08882709704569225,0.8293597539632193,0.17064024603678074,0.38698901020470805,1.247536102808512,-0.7721729447327988,0.5562595866382869,-2789.2348062731467
744,-409.7958685068913,0.9992455274484052,0.14763308084387175,5.0,31.0,0.0,411.1755771625559,0.9601381564971828,0.039861843502817185,0.8722502540182286,0.12774974598177136,0.3536662980348941,1.3076287224292076,-0.8379375720608738,-0.8426684657644331,-2790.267504914139
745,-409.81132396052743,0.946371458809488,0.12152810673938115,5.0,31.0,0.0,411.494294552734,0.6200165174410902,0.3799834825589098,0.3096255627459297,0.6903744372540703,1.2055245599062663,0.4737440303873584,-0.9609877845484386,-0.5895484115823413,-2807.685980627638
746,-409.07855900809614,0.9673520231819739,0.1408622771501794,5.0,31.0,0.0,412.2722401366307,0.8607015266963319,0.13929847330366807,0.6654762539700688,0.3345237460299312,0.8516660346641166,-0.02662020785338759,-0.9421746771500933,0.06204110574901195,-2799.38797800451
747,-411.2448418935566,0.7159847779824068,0.11564723672224476,5.0,31.0,0.0,412.4679150281241,0.9459422949117345,0.05405770508826546,0.15584884228000945,0.8441511577199905,1.1586931161901173,0.2860065026099592,-0.6185266824605329,0.9044953979526296,-2803.9624546616687
748,-408.94023654870375,0.9339847291823437,0.14763308084387175,4.0,15.0,0.0,415.06758257237436,0.9871734023709713,0.012826597629028713,0.7215884250293522,0.27841157497064783,0.33666868900736985,0.8927034514884704,-0.7806161015426037,-0.7219950022416057,-2781.829205999614
749,-409.6870990703307,0.9989128556674627,0.12152810673938115,5.0,31.0,0.0,412.15918834942147,0.743596519194229,0.256403480805771,0.850882484789524,0.149117515210476,0.36950470348752645,1.671148890478353,-0.63070574134576,-0.6498690244867291,-2801.071718373546
750,-407.62951492313425,0.9563700570634754,0.1408622771501794,3.0,7.0,0.0,410.48753543501715,0.7253453425437981,0.2746546574562019,0.616168899784217,0.38383110021578304,0.7876729283343079,0.3029382857282921,-0.921015322688496,0.07607428702054134,-2793.348393875044
751,-409.48198187407803,0.9650869495509754,0.11564723672224476,4.0,15.0,0.0,413.03028578064846,0.9886469320807735,0.011353067919226523,0.16197285705567754,0.8380271429443225,0.5847484557478031,0.6159864913058088,-0.7307951689379906,1.0678441151254527,-2781.724037988636
752,-406.39115279173564,0.9402820160874269,0.14763308084387175,3.0,7.0,0.0,410.1858867288257,0.9455709163000353,0.05442908369996469,0.616410994083688,0.38358900591631195,0.474379097225279,0.5065394767007027,-0.7487797278343294,-0.6886333810775612,-2775.48593271828
753,-407.71737786569753,1.0,0.12152810673938115,4.0,31.0,0.0,411.08989684198156,0.6632520613594439,0.3367479386405561,0.899027221293918,0.10097277870608201,0.3506616065137366,1.5112166200944048,-0.77014413149411,-0.5649248463965227,-2786.617047657667
754,-405.851587001059,1.0,0.1408622771501794,3.0,7.0,0.0,408.17939624956443,0.8573899747242588,0.14261002527574118,0.46459238479267057,0.5354076152073295,0.6959506021760778,0.34163428264796303,-0.8580747814940979,-0.14349999711320618,-2778.2233130243476
755,-409.9952774911034,0.8582738344233829,0.11564723672224476,3.0,15.0,0.0,412.1335601225635,0.973447042936098,0.02655295706390204,0.6481582496230696,0.35184175037693044,0.21371553112455816,0.5864512617445742,-0.8799737693084498,0.9117193778232558,-2794.9617780705967
756,-409.0085015413119,0.9447399837651924,0.14763308084387175,4.0,31.0,0.0,409.8562111107431,0.7907927149385964,0.20920728506140363,0.8986648533788913,0.10133514662110865,0.4243807214607887,0.5390125824407531,-0.9639560884203585,0.47371869446553116,-2794.9479240735045
757,-409.3364671234969,0.9745059662805626,0.12152810673938115,4.0,15.0,0.0,409.9140846403842,0.477038126649707,0.522961873350293,0.9929273908773555,0.007072609122644513,0.41476720944287415,1.8002692051828757,-1.0552263066842495,-0.43232952680955683,-2779.6825301366353
758,-407.5263702811748,0.9852183632067447,0.1408622771501794,4.0,23.0,0.0,409.27378547471386,0.922204801863351,0.07779519813664904,0.11533401264148031,0.8846659873585196,0.30460269747220636,0.5483298388665787,-0.8661001936502207,0.6144169003647304,-2779.8126829337984
759,-409.16852982305824,0.959461441831711,0.11564723672224476,3.0,7.0,0.0,411.8638871022152,0.9826567427295031,0.017343257270496903,0.6373154107507624,0.36268458924923763,0.5594639102531358,0.6510180164623685,-0.6345168894886435,0.8663295981964971,-2786.557569000266
760,-407.67600095681945,0.9990321823122655,0.14763308084387175,3.0,7.0,0.0,409.89424010032644,0.960097498281731,0.039902501718269034,0.8930560766871067,0.10694392331289326,0.48906391592268744,0.7446921051057185,-0.7262626226177326,0.10867277887352543,-2776.2184230732923
761,-410.65846962546385,0.9587379684431526,0.12152810673938115,4.0,15.0,0.0,411.1640109601683,0.18786448663524583,0.8121355133647542,0.9210149410786109,0.07898505892138907,0.24646376374077505,1.8303497754511113,-0.817051721127215,-0.6673587493922007,-2801.730889338893
762,-406.5181758685007,0.928335093808862,0.1408622771501794,5.0,31.0,0.0,408.9585172089468,0.2600519718112783,0.7399480281887216,0.9204829411704998,0.07951705882950022,0.5084530568849911,0.34317982444712003,-0.7453404767566858,-0.8049450781106079,-2777.3183791082038
763,-411.2586803389412,0.971247246349821,0.11564723672224476,4.0,31.0,0.0,414.0082063385947,0.9736635137524475,0.02633648624755247,0.4297830928595839,0.5702169071404162,-0.09602025056896166,0.8152194890358979,-0.699850159420986,1.358062280994622,-2803.256803201256
764,-407.5641918767421,0.9275799681172666,0.14763308084387175,3.0,15.0,0.0,410.3502582999091,0.7004731002775638,0.2995268997224362,0.46149490050127573,0.5385050994987243,0.4013237604307193,0.5207575500974093,-0.9000112322856462,0.191064892617358,-2793.845435836006
765,-411.2370645005848,0.999933188808866,0.12152810673938115,6.0,79.0,0.0,414.07315266006117,0.4464558128535787,0.5535441871464213,0.9989181234160492,0.0010818765839507583,0.43961871279447934,-1.9408941110753684,-1.121924828713962,-0.44771842705100984,-2779.2086318013203
766,-406.7480528141825,0.9932732002541959,0.1408622771501794,4.0,31.0,0.0,409.14030510405723,0.8305691049369173,0.16943089506308273,0.8884002783792846,0.11159972162071541,0.48743874969080836,0.4966806268777575,-0.6245764498571444,-0.7238977237841858,-2778.9977369453536
767,-409.89859541883055,0.7776328542794092,0.11564723672224476,2.0,3.0,0.0,414.3769023929999,0.961503385291602,0.03849661470839805,0.2863195246492823,0.7136804753507178,0.05230357607004324,0.7996369616517816,-0.8324243153287214,1.2754772835227786,-2795.1813507528605
768,-414.632240511144,0.47697571455922455,0.14763308084387175,4.0,15.0,0.0,416.11385189286955,0.9908553745446641,0.009144625455335897,0.904055344192243,0.09594465580775702,0.735343867984041,-0.3870300781665693,-0.9296699208926311,0.07866656418873887,-2813.449228771677
769,-411.2669571268402,0.9230819624010294,0.12152810673938115,4.0,15.0,0.0,412.37137964541887,0.439474937269918,0.560525062730082,0.9990882835172266,0.0009117164827734392,0.5694417029835253,-1.8687460558870872,-0.9761019983993285,-0.4995818564678741,-2778.5578927528463
770,-407.60459098917664,0.9345456466983999,0.1408622771501794,2.0,7.0,0.0,411.4990043892537,0.6575228567946457,0.3424771432053543,0.9434927835508043,0.05650721644919565,0.5511724568364291,0.8911930679337411,-0.5760068319831717,-0.7258968828098518,-2783.3944758110356
771,-407.73285649893677,0.99678750859677,0.11564723672224476,3.0,7.0,0.0,410.138622967179,0.9538933199501433,0.04610668004985674,0.5827603157047515,0.4172396842952485,0.34474826074325454,0.7196616301432,-0.7740554481691542,1.2021949605479227,-2782.8557498976256
772,-409.30121563236185,0.9938111904053528,0.14763308084387175,4.0,15.0,0.0,417.50023394330105,0.8439351293011711,0.1560648706988289,0.8888027674047538,0.11119723259524616,0.6385348267180316,0.8850648163475744,-0.9667330337370307,-0.03835617507080997,-2795.525967848785
773,-412.9840812921744,0.965394546347468,0.12152810673938115,6.0,95.0,0.0,415.81041373812485,0.3882872360694349,0.6117127639305651,0.9956819524386336,0.004318047561366445,0.4419064672195393,4.495418231063926,-0.5694905243705815,-0.6289823887383121,-2786.980833232551
774,-406.14472464033395,0.9974277177941374,0.1408622771501794,4.0,15.0,0.0,408.3686812851344,0.30647828062493515,0.6935217193750649,0.7591252248590968,0.24087477514090316,0.37989506998119016,0.6694899731631337,-0.7139765960304965,-0.8640089225421127,-2781.518018136156
775,-411.48478424872377,0.8868862304847525,0.11564723672224476,5.0,31.0,0.0,414.957227153451,0.8387188148971313,0.1612811851028687,0.9990114319020404,0.0009885680979595524,0.5889985317415154,0.46868673984488735,-0.7626707358725001,-0.5841170558831597,-2779.5278950584443
776,-407.26500374713544,0.9878374902110577,0.14763308084387175,4.0,15.0,0.0,410.5204977380638,0.8992412365893331,0.10075876341066692,0.6051302267077925,0.3948697732922075,0.3345303617092567,0.4525824947034798,-0.7207287800202237,0.12946616525294166,-2786.07484468082
777,-413.1785579815062,0.9490703655457087,0.12152810673938115,4.0,15.0,0.0,415.6670110013914,0.9313814685099177,0.06861853149008235,0.9943768558022154,0.005623144197784646,0.4989371268708624,4.290285622874517,-0.6321033828905122,-1.734127290775907,-2780.260944852885
778,-407.2455176695187,0.9714898025933778,0.1408622771501794,3.0,11.0,0.0,408.7320788454779,0.5057997887709741,0.4942002112290259,0.87830101861157,0.12169898138843005,0.6018435953968185,0.3060161201746774,-0.6200566688928667,-0.5708412501177362,-2787.1227547194726
779,-409.6819953563105,0.9909251631876058,0.11564723672224476,5.0,31.0,0.0,414.6384835210553,0.9091017460839,0.09089825391609996,0.042727115995228965,0.9572728840047711,0.20606820330806852,0.5302566861294641,-0.8011450761412412,1.0382634644611033,-2788.9140562670304
780,-405.8154098073459,0.9368098131877647,0.14763308084387175,3.0,7.0,0.0,409.1507144972327,0.8163373773834136,0.1836626226165864,0.5963289826251271,0.4036710173748729,0.41047838562675065,0.5928296430181809,-0.9465640634732918,-0.005397171952669512,-2779.1054162087994
781,-407.50555671915777,0.9152644476907625,0.12152810673938115,5.0,47.0,0.0,417.5840220400249,0.5202956459386452,0.4797043540613548,0.8476787813131512,0.15232121868684878,0.4680480635300895,0.7852530838307212,-0.8287651842221786,-0.2696790328628902,-2789.843326722953
782,-406.44609688865495,0.9884965040286818,0.1408622771501794,4.0,31.0,0.0,409.57561499217303,0.1504614812348599,0.8495385187651401,0.27590612784631535,0.7240938721536847,0.3759757938078724,0.518284408086783,-1.0217344990612907,-0.7918423283346917,-2780.498197543759
783,-407.2765805382705,0.8658792112649097,0.11564723672224476,4.0,31.0,0.0,414.19595700761255,0.9285286954272834,0.07147130457271655,0.6306148771978496,0.3693851228021504,0.4968382038666218,0.5431380667200502,-0.5532757476516774,-1.3341606916572357,-2782.2953001629608
784,-405.6957418722499,0.8360570823952228,0.14763308084387175,4.0,23.0,0.0,409.7377650524873,0.4134250362077569,0.586574963792243,0.11988728062244831,0.8801127193775516,0.5910054114401546,0.5135498951762765,-0.8145871602630755,-0.6756948332940605,-2775.629030978335
785,-405.73123190796315,0.9991563751660408,0.12152810673938115,3.0,15.0,0.0,408.2228718503159,0.7115587748915938,0.2884412251084062,0.5512987504342618,0.4487012495657382,0.35579945503095767,0.6810805222118806,-0.781691609276849,-0.8660964206210892,-2780.418753813085
786,-405.3297742389106,0.9952048411450236,0.1408622771501794,3.0,15.0,0.0,407.1672572740488,0.29570632637915073,0.7042936736208493,0.24804042388982675,0.7519595761101733,0.5803680192128087,0.5004777027830107,-0.9184443020327815,-0.6058611678746287,-2775.9287809943207
787,-410.36296052259985,0.998413141985366,0.11564723672224476,5.0,31.0,0.0,410.99413579880655,0.040657192412891445,0.9593428075871085,0.06393202314755814,0.9360679768524418,-0.49175830975703905,0.6285796960317906,-0.809172975377876,-0.6020940660193205,-2791.396933530104
788,-405.6744298449288,0.9877559216780161,0.14763308084387175,3.0,15.0,0.0,406.7150181210209,0.4710564739894836,0.5289435260105164,0.1248093252340094,0.8751906747659906,0.3971741868859908,0.5533967000312972,-0.8545086048154511,-0.6098714385993015,-2776.0523008973196
789,-404.96941564262204,0.9984069179626449,0.12152810673938115,4.0,31.0,0.0,406.51439302550403,0.49162701409142884,0.5083729859085712,0.5620268334297647,0.43797316657023533,0.3931843436942991,0.6668956672079029,-0.5647556165503543,-0.8697562774272543,-2776.7220733783115
790,-406.90454469206855,0.7716515617329884,0.1408622771501794,5.0,31.0,0.0,409.3536463070532,0.5091566965436,0.49084330345640004,0.90466092916121,0.09533907083879001,0.5099377499389969,-0.30598546605264726,-0.44835601575246453,-0.938093745011908,-2783.052164226953
791,-411.7029945744598,0.9760980555185056,0.11564723672224476,4.0,15.0,0.0,413.7954649596565,0.6787036568256841,0.3212963431743159,0.007274673606507298,0.9927253263934928,0.07976605713290191,0.379431580744079,-0.38433753886798144,-0.8822577307123383,-2798.434048698818
792,-409.53128793305825,0.8496112650082933,0.14763308084387175,4.0,31.0,0.0,411.4358179948371,0.47071115899025634,0.5292888410097436,0.05979886326535149,0.9402011367346486,-0.22197203162567652,0.4453788488748336,-1.1549528314960313,-0.6980437840157128,-2797.672141189718
793,-406.546054923263,0.9761556206727805,0.12152810673938115,4.0,15.0,0.0,406.8779859074301,0.8051942094879894,0.19480579051201063,0.7703847197082697,0.22961528029173028,0.37398684375002084,0.8876727036442547,-0.6297463596860302,-1.3639626513755152,-2780.8088658247843
794,-406.8960897729806,0.9976066191214498,0.1408622771501794,4.0,15.0,0.0,407.5924354943417,0.4127418534524728,0.5872581465475273,0.9176302892196683,0.08236971078033173,0.5937345115653699,-0.14490315523867847,-0.2895791810251506,-0.9532837394262823,-2781.929906003521
795,-407.5891410962614,0.9934495093222881,0.11564723672224476,5.0,47.0,0.0,415.9758338676376,0.9541341529202882,0.04586584707971175,0.548129208797218,0.45187079120278195,0.6347529879494535,0.500795570287002,-0.7371341369256179,-1.7971592698696603,-2780.4488347673687
796,-409.14944194970417,1.0,0.14763308084387175,3.0,15.0,0.0,413.31417033432786,0.38733540244047154,0.6126645975595284,0.01853548062132647,0.9814645193786735,0.11593579996511869,0.4055905636135299,-0.3447055717125339,-0.7580244609091333,-2787.937848147235
797,-405.2992422000828,1.0,0.12152810673938115,4.0,15.0,0.0,406.77739037704043,0.7368601945111672,0.26313980548883276,0.6693863133421399,0.33061368665786006,0.47041175887865744,0.5425592196080774,-0.6261144285768009,-1.1469508218530637,-2776.0384031329936
798,-409.0556297508419,0.8401484249722236,0.1408622771501794,4.0,23.0,0.0,411.2074634883556,0.5974917170607235,0.40250828293927654,0.9784817751486712,0.021518224851328815,0.4668649809663169,-1.0929355188661232,-0.4906526191170115,-0.8075732301278122,-2787.153492145727
799,-407.6161687213222,0.9954448492984107,0.11564723672224476,4.0,15.0,0.0,408.24192471534906,0.8886010419248203,0.11139895807517974,0.5136057514307021,0.4863942485692979,0.32939653157315135,0.5665477971200732,-0.6725316799903057,-1.9838869415426086,-2785.99573409076
800,-409.43445770526876,0.646169113236683,0.14763308084387175,4.0,23.0,0.0,413.9880445437847,0.5667817242301371,0.43321827576986294,0.06157235787790062,0.9384276421220994,-0.5919966792808123,0.41533198802308624,-0.9076370957704298,-0.7766772244451345,-2797.1941094036592
801,-407.41483917829703,0.8226575502724786,0.12152810673938115,5.0,47.0,0.0,409.93838583354943,0.4059984373625692,0.5940015626374309,0.06690293806256001,0.93309706193744,0.28682848132326044,0.50259958842741,-0.8124561289326144,-0.8866782288554661,-2783.798826872907
802,-408.7480295213929,0.9936336822916841,0.1408622771501794,5.0,31.0,0.0,409.95357232725996,0.4839185674297341,0.5160814325702658,0.9718657400403261,0.02813425995967389,0.6142279591483949,-1.1233715783163678,-0.6882686869940446,-0.8212529612265335,-2786.6780668838956
803,-406.0413480391351,0.9920902462917747,0.11564723672224476,4.0,31.0,0.0,409.6708142342715,0.45442918824501843,0.5455708117549816,0.5336739123065389,0.46632608769346107,0.583423245679329,0.31257524782726276,-1.139749979973032,-0.2778151806547847,-2784.0262868877567
804,-409.70926543410684,0.6574663479857655,0.14763308084387175,5.0,43.0,0.0,414.3791080164602,0.15109253952563256,0.8489074604743674,0.055503085411893,0.944496914588107,-0.660925954129566,0.4339719715402073,0.13317965986958366,-0.7412251304396301,-2794.5886254322522
805,-411.6328947536158,0.976271920710556,0.12152810673938115,4.0,15.0,0.0,412.6822535141712,0.20828797392705548,0.7917120260729446,0.014801391900436058,0.9851986080995639,0.4941580508201628,0.6306722723161046,-1.2489043689891246,-0.3753616202638385,-2799.7804455353244
806,-405.2271554842618,0.9796948961330482,0.1408622771501794,5.0,31.0,0.0,409.11428061893326,0.34650726669975024,0.6534927333002498,0.5615846648322842,0.4384153351677158,0.5245777773630698,0.6217492169282771,-0.4695517414898519,-0.878128911513357,-2777.8407119699523
807,-406.31794244699864,0.6118215925677332,0.11564723672224476,3.0,15.0,0.0,412.15680617549685,0.25659007684193585,0.7434099231580642,0.6970502587569636,0.3029497412430364,0.4388973251782272,0.5799707374953841,-1.06474540535934,-0.7723153659931823,-2782.6073972765316
808,-417.89895085508937,0.33859310114327873,0.14763308084387175,2.0,3.0,0.0,418.2736519455444,0.06674431938600335,0.9332556806139967,0.05317120771026693,0.946828792289733,-0.6950641488995242,0.6794246949617508,0.07596446991979278,-1.1471627802183828,-2844.9645573454986
809,-406.894128126021,0.9924891051019611,0.12152810673938115,4.0,23.0,0.0,413.4254536670229,0.6167698360915056,0.3832301639084944,0.05565835421788822,0.9443416457821118,0.6741904228572216,0.39939752837900466,-0.8107712943234162,-0.6417740535279312,-2778.9592057311493
810,-407.4499025419293,0.988128975985163,0.1408622771501794,4.0,15.0,0.0,408.4308816754062,0.08392416127014973,0.9160758387298502,0.925853439169069,0.07414656083093096,0.5663824101199607,-0.01623359993688772,-0.13153621429041132,-0.8006206275255598,-2777.492591225793
811,-406.5498194584829,0.9428411923716591,0.11564723672224476,4.0,31.0,0.0,408.8534656585198,0.056680931596331405,0.9433190684036686,0.6815949117168205,0.3184050882831795,0.5720312635191579,0.3152114366409223,-0.5496348006596347,-0.7499390016815164,-2776.4479991070643
812,-419.33656371142445,0.9364344202470807,0.14763308084387175,4.0,23.0,0.0,422.59445703090023,0.0009363553901460162,0.999063644609854,0.04254898963791306,0.9574510103620869,-0.6139829250231266,0.7019249653238924,1.4481992603497866,-0.484433583709873,-2823.6232194415625
813,-406.5195433290529,0.995483021387434,0.12152810673938115,4.0,31.0,0.0,407.8321217723399,0.2253371905379782,0.7746628094620218,0.15178202898432283,0.8482179710156772,0.82953010569963,0.5407410447871157,-0.8570977577448496,-0.7103318046226001,-2780.0030917247395
814,-408.74604214042995,0.9470250889561166,0.1408622771501794,3.0,7.0,0.0,410.78243431209467,0.1321102977005543,0.8678897022994457,0.7856623624471922,0.21433763755280777,0.6087620252227737,-0.36770166221937145,-0.08870509119111127,-0.8038484798901567,-2795.249581224965
815,-410.4243250479894,0.9145410736718335,0.11564723672224476,4.0,15.0,0.0,411.4924997088191,0.17920942358710912,0.8207905764128909,0.6418383365618726,0.3581616634381274,0.5095419512517106,0.07957725859672231,-2.034333609561923,-0.5239284367114474,-2807.674923768429
816,-416.11920894587143,0.9277343053877919,0.14763308084387175,2.0,7.0,0.0,421.9449029516075,0.006112501008416704,0.9938874989915834,0.05010992767421058,0.9498900723257894,-0.651807590356038,0.612298168743421,1.2193304368100863,-0.994221460673194,-2815.333981515116
817,-407.815297959897,0.5074858128703774,0.12152810673938115,4.0,15.0,0.0,414.27280031685126,0.5052722967966243,0.49472770320337567,0.7928885920645685,0.20711140793543148,0.6493747549862748,0.15351397982683318,-0.47045410659478637,-1.2841493538056374,-2793.032509104679
818,-407.9798443883021,0.957542104258461,0.1408622771501794,4.0,31.0,0.0,414.96420157710793,0.2099262290201806,0.7900737709798193,0.8197860666811498,0.18021393331885016,0.7059683354390844,-0.2858099458624018,-0.19992658335594898,-0.8877208341070314,-2791.388551974978
819,-411.17103743944057,0.7199269580838086,0.11564723672224476,5.0,31.0,0.0,416.5361147218923,0.011586109705667471,0.9884138902943326,0.5246185772728449,0.4753814227271551,0.711143006518977,0.6776425214127445,0.08183876377233942,-0.6509836446970654,-2798.5961519114544
820,-414.32603516520186,1.0,0.14763308084387175,4.0,23.0,0.0,417.1563466871014,0.2336314142082414,0.7663685857917586,0.04356046722598843,0.9564395327740116,-0.5449734316229475,0.4818690967762048,-1.6799882031056705,-0.18022134076579427,-2825.304965163862
821,-411.17493065692395,0.9202393157969415,0.12152810673938115,3.0,15.0,0.0,414.64229139003953,0.8581365323251043,0.14186346767489566,0.19698907357700446,0.8030109264229955,0.9999277699775465,0.0934365311816931,-0.7779973657833121,-0.6354056595826173,-2811.26887832215
822,-406.5792248233247,0.9076207011028475,0.1408622771501794,2.0,7.0,0.0,412.1232208939782,0.2839062716147254,0.7160937283852746,0.778485282166437,0.22151471783356302,0.499532832789613,0.06363502358573728,-0.2549885547050237,-0.9787352557549814,-2784.301546293549
823,-408.7631598025805,0.9507815022203417,0.11564723672224476,3.0,15.0,0.0,413.70409764599697,0.02889293204985041,0.9711070679501496,0.5946553211396389,0.4053446788603611,0.15981407082238455,0.7160532273839298,0.03205888283374711,-0.7069398077499672,-2788.225680198362
824,-419.12258562236605,0.8220839386909076,0.14763308084387175,5.0,47.0,0.0,422.5610096124412,0.001284807267152843,0.9987151927328471,0.00393945144944181,0.9960605485505581,-1.438234622941992,0.48686766337432225,2.591421784243032,-0.5016648652051834,-2802.9212156763424
825,-409.58372800328203,1.0,0.12152810673938115,4.0,15.0,0.0,413.7335241867617,0.7917231222244261,0.2082768777755739,0.9060819811678937,0.09391801883210626,0.23511993101258594,0.8768289307747046,-0.7544424414526638,-0.41012565007476665,-2798.4846835085127
826,-406.17453690817416,0.7140131095943726,0.1408622771501794,3.0,7.0,0.0,410.56799110562565,0.20945102901561954,0.7905489709843805,0.7926007228341769,0.20739927716582307,0.5979563463153581,0.49347407791175346,-0.09406528387732582,-0.8644171572513459,-2779.6880260384883
827,-409.5578066257009,0.8922184118024195,0.11564723672224476,4.0,15.0,0.0,412.5005263625203,0.009287388054183027,0.990712611945817,0.6246695905804295,0.3753304094195705,0.32583071808990677,0.5547522920428497,-0.1620637184000005,-0.6196239748022838,-2786.0074175428244
828,-414.629503121014,0.9010247565228539,0.14763308084387175,5.0,63.0,0.0,425.2452906610926,0.00017609644618312627,0.9998239035538169,0.1563522155253062,0.8436477844746938,-0.21716492722167352,0.7004990752624218,-0.9185006425239366,-0.7582200116013754,-2788.7618942181107
829,-406.8555338901202,0.9857654138083942,0.12152810673938115,2.0,7.0,0.0,412.7335763454643,0.7692190857375708,0.2307809142624292,0.9117363497345701,0.08826365026542993,0.4380851566257652,0.7880306813085372,-0.6035872034181071,-0.7906227938996118,-2779.5546407865813
830,-408.6738229993174,0.9236759776270118,0.1408622771501794,3.0,7.0,0.0,411.32887359844557,0.1646343755891972,0.8353656244108028,0.8314958476342371,0.16850415236576288,0.2091879477466132,1.032479477792347,-0.2341505200990558,-0.7986591695520028,-2794.1820239325657
831,-405.3163143701893,0.9938386953866141,0.11564723672224476,4.0,15.0,0.0,410.0301322424454,0.22645144101375034,0.7735485589862496,0.6153561063278352,0.3846438936721648,0.5231777478855937,0.5324542381729949,-0.19240688018138183,-0.8301174981099071,-2776.7305192524527
832,-412.0943109334127,0.9006852030995993,0.14763308084387175,6.0,83.0,0.0,422.7957543733524,0.20899053376556176,0.7910094662344382,0.006513562552966091,0.9934864374470339,3.8362817321696716,0.5027945320059273,-0.7655894182820292,-0.5710978933233095,-2785.68168601653
833,-406.4814577744832,0.997385751058991,0.12152810673938115,4.0,31.0,0.0,407.1879819882903,0.7212011273750835,0.27879887262491654,0.9249775665660045,0.0750224334339955,0.49404893631404606,0.7915888423799313,-0.6686192774289698,-0.7321435555070903,-2776.7634349606737
834,-406.92722355305506,1.0,0.1408622771501794,4.0,15.0,0.0,409.19951492169844,0.19642045825875928,0.8035795417412407,0.6392294183237532,0.36077058167624676,0.36824055722492843,0.9482409548142972,-0.02012990696299436,-0.8822755511400144,-2786.501059560749
835,-406.2859769231339,0.9746474349685758,0.11564723672224476,4.0,15.0,0.0,406.84234666723455,0.1504405671053558,0.8495594328946442,0.22111475384466783,0.7788852461553322,0.10605835607249595,0.5945019245110902,-0.23092624972844944,-0.7711298402426321,-2779.2884067117243
836,-411.74790905295,0.9690076289383199,0.14763308084387175,3.0,15.0,0.0,415.1755737415922,0.22595914698830022,0.7740408530116998,0.003327765256468951,0.9966722347435311,3.6757017299612986,0.5070113032505363,-0.23598337541340642,-0.9637298734286498,-2780.0368285160293
837,-405.4248394830063,0.9821158265384872,0.12152810673938115,4.0,31.0,0.0,407.79593187646975,0.4724468298420537,0.5275531701579463,0.4433024143130004,0.5566975856869996,0.30078281227218295,0.508276053046063,-0.4774197096433121,-1.0071779366437048,-2779.938891970347
838,-407.58870821208984,0.8993627245486083,0.1408622771501794,4.0,31.0,0.0,411.2894575659357,0.19269564614371812,0.8073043538562819,0.5484506303259342,0.4515493696740658,0.3652173223530409,0.8147245506224472,0.07437328400041082,-0.7430763024418667,-2791.85857943849
839,-406.8491296394687,0.9801172965548016,0.11564723672224476,4.0,15.0,0.0,407.8087743554728,0.17605194510776742,0.8239480548922326,0.5708896305222276,0.42911036947777237,0.4763096697522583,0.2114826220151765,-0.14667202115306144,-0.8965576508591838,-2786.414332607558
840,-410.5266717753344,0.7104964633691896,0.14763308084387175,5.0,39.0,0.0,414.7454544042823,0.643259975860391,0.35674002413960904,0.03094294218165652,0.9690570578183435,2.930834026227325,0.4320277812389801,-0.7253711311780047,-0.9580473784915495,-2792.5990456872332
841,-405.3909590696141,0.9997282980193417,0.12152810673938115,4.0,23.0,0.0,405.96522699318336,0.44040146889862825,0.5595985311013718,0.46282219514288125,0.5371778048571187,0.6870741737311843,0.48052884584209443,-0.8493153871373986,-0.6733452017156055,-2779.430682530515
842,-407.49000340118175,0.982962181176903,0.1408622771501794,4.0,23.0,0.0,409.1890121073533,0.07890929651712379,0.9210907034828762,0.46069949933341414,0.5393005006665859,0.4080505466719216,0.6857009864436325,0.4433402527197253,-0.6939712741137316,-2785.977171097467
843,-408.25143983378035,0.9910994950852624,0.11564723672224476,4.0,31.0,0.0,409.467783184547,0.8497352180236123,0.1502647819763877,0.08193280644177332,0.9180671935582266,0.056160075427220874,0.431426450898183,-0.8607860431582611,-0.7163962916157577,-2786.764490171997
844,-412.110922703942,0.773097792513666,0.14763308084387175,6.0,79.0,0.0,413.80182204079745,0.6772630746526441,0.3227369253473559,0.004645626680905918,0.995354373319094,4.417078961679668,0.48715192754449116,-0.7294729700094363,-0.4788874277146887,-2781.40872036338
845,-405.941957853893,0.9717722748301829,0.12152810673938115,4.0,15.0,0.0,406.53827977766974,0.7020661891604417,0.2979338108395583,0.654097571807799,0.34590242819220096,0.39016296902495323,0.4536966890207808,-0.9990999512521467,-0.3079493733018044,-2781.821170801338
846,-408.14793137380985,0.9732150250956146,0.1408622771501794,3.0,15.0,0.0,410.0741143997104,0.17811849192825913,0.8218815080717409,0.6793225364130296,0.32067746358697036,0.4797613374832281,0.5949978563833964,0.4139195525261248,-1.0565239357145522,-2793.969531190238
847,-407.79756782382645,0.9999802757090613,0.11564723672224476,5.0,31.0,0.0,410.8518530453925,0.07951756528471805,0.9204824347152819,0.9311406843684441,0.0688593156315559,0.46237896655956423,0.3959120451880118,-1.5640080431190446,-0.6180032501973094,-2777.1668176088037
848,-410.8801430534502,0.9072131665533336,0.14763308084387175,5.0,55.0,0.0,414.6380340178576,0.2988259221629571,0.7011740778370429,0.005266372994570529,0.9947336270054294,3.168267577188183,0.4168713037756869,-1.1563039271304776,-0.5097660715535075,-2780.9896128915216
849,-407.10405426636436,0.92556086302303,0.12152810673938115,3.0,7.0,0.0,412.1766903314234,0.5642836093899539,0.4357163906100461,0.5358756135484327,0.4641243864515673,0.625860735824425,0.15285693072410056,-1.174453380251314,-0.2543939993766486,-2791.266728116369
850,-406.1838211877607,0.9980434187143564,0.1408622771501794,4.0,31.0,0.0,410.6710699393308,0.22593286720083208,0.774067132799168,0.8010511522605102,0.19894884773948984,0.5208122394816135,0.2870107337003104,-0.028551515833712543,-0.829347606851429,-2780.1876670532574
851,-408.9568835632684,0.8889670455106017,0.11564723672224476,5.0,31.0,0.0,411.62573568295386,0.9870620368663768,0.012937963133623165,0.27024436127558815,0.7297556387244118,0.941490552167521,0.31989673132690233,-0.7177284061331852,-0.7418081547811475,-2781.8637722316435
852,-411.15187146719256,0.6957365284671321,0.14763308084387175,2.0,3.0,0.0,415.3150311792716,0.22997538308074994,0.7700246169192501,0.006103664250752396,0.9938963357492476,3.17299248291641,0.5160331718383805,-1.3747650701748946,-0.47753928087664843,-2782.1622871363866
853,-406.99429059452245,0.9145902571316659,0.12152810673938115,3.0,7.0,0.0,410.02029960173485,0.5922430005073388,0.4077569994926612,0.818770843508565,0.181229156491435,0.47190476770738665,0.17717218056786288,-1.1585173741877945,-0.32913423456941027,-2786.9501174585707
854,-407.19100385673204,0.9122742445489106,0.1408622771501794,3.0,15.0,0.0,410.2145828895958,0.19609482620597504,0.8039051737940249,0.6971541541762684,0.30284584582373164,0.6670706774871121,0.15703620026373555,-0.23231107608549,-1.0016981976548827,-2787.9521841259743
855,-406.4835263638629,0.9342643813719427,0.11564723672224476,4.0,15.0,0.0,409.9932276766963,0.9157720457758461,0.08422795422415386,0.6954907077831031,0.30450929221689693,0.44600894879590836,0.5310631037165605,-0.7954671230891246,-0.7935352924605766,-2777.9620164842077
856,-411.9048853680532,0.9916944980190946,0.14763308084387175,4.0,15.0,0.0,414.584115848297,0.5388399682748376,0.4611600317251624,0.04607592132966672,0.9539240786703332,3.1561948453952695,0.4789674934123971,-0.8843954561608334,-0.3550913455938006,-2804.5520968992732
857,-405.7784073876931,1.0,0.12152810673938115,4.0,31.0,0.0,407.9320305520129,0.4172355271258933,0.5827644728741067,0.7302235208365505,0.2697764791634495,0.47947775918166674,0.2458246268786478,-1.1069053393546677,-0.4526286665461988,-2780.5421876652676
858,-407.69958716990226,0.9792097077507121,0.1408622771501794,5.0,31.0,0.0,408.9222146432437,0.076949695926779,0.923050304073221,0.26751161690321335,0.7324883830967867,0.28326726853691464,0.6305877629581552,-0.19890143553079218,-0.909685186050975,-2785.599916879859
859,-405.9654308988466,0.9819634669915598,0.11564723672224476,4.0,15.0,0.0,407.2934817036477,0.5732348388376258,0.4267651611623742,0.18386129308714996,0.8161387069128501,0.6216101805372141,0.4156109715930638,-0.6962116819062251,-0.5681181589613874,-2780.301593444629
860,-412.0768229266905,0.7990765094928537,0.14763308084387175,3.0,7.0,0.0,414.5275083162222,0.869253586490241,0.13074641350975902,0.00583110304113543,0.9941688969588646,3.2333899855213986,0.5943357259297137,-0.6690699881947343,-0.5265895259012868,-2785.9680598852688
861,-406.18576686629854,0.9563542497063077,0.12152810673938115,4.0,31.0,0.0,407.9155068162961,0.12068507660184502,0.879314923398155,0.39621024625674955,0.6037897537432504,0.2590955983204322,0.6189142821789066,-1.3358555920278388,-0.6373780322201388,-2778.1757046054017
862,-407.2193111996807,0.9789728014475335,0.1408622771501794,5.0,31.0,0.0,410.11714075921446,0.9588781108834371,0.04112188911656289,0.6039502424969226,0.39604975750307736,0.4415148155446252,0.675367271668373,-0.7217625223420001,-1.6313875823934105,-2777.445709140333
863,-405.8197871608684,0.979843006473715,0.11564723672224476,3.0,15.0,0.0,407.6734468793238,0.6203148619104157,0.37968513808958426,0.3965676664328192,0.6034323335671807,0.1893674083673139,0.7078489552894881,-0.8696330140949583,-0.6253708834282393,-2781.9829657954606
864,-411.70759793272777,0.9964118267042048,0.14763308084387175,4.0,31.0,0.0,414.10797749647895,0.1523873299819851,0.8476126700180149,0.013255262265441853,0.9867447377345582,3.5018555178624156,0.3837222538555273,-0.6142594558078848,-0.6985597083615819,-2788.4175854710743
865,-405.67894705089145,0.9733982994546356,0.12152810673938115,4.0,15.0,0.0,407.4711734350955,0.4054849426342539,0.5945150573657461,0.38513166803539817,0.6148683319646018,0.7193311652954345,0.3279729545847183,-1.1748027144466868,-0.4486503239126122,-2780.647413671796
866,-405.68104977068174,0.9357999083498717,0.1408622771501794,4.0,15.0,0.0,408.7547679580976,0.5774251868823598,0.4225748131176402,0.6783011558775763,0.32169884412242367,0.5736746921880066,0.31395561506785497,-0.6745781883131893,-1.018317489125291,-2780.4282755384565
867,-406.22542554269864,0.9970008621845126,0.11564723672224476,5.0,31.0,0.0,406.8883821898899,0.8333045400916499,0.1666954599083501,0.7578791504520064,0.24212084954799362,0.5378052179701045,0.3045975422673196,-0.8223465960868639,0.14314537029270877,-2779.8263966762092
868,-412.74838145706127,0.6025118368745077,0.14763308084387175,5.0,31.0,0.0,416.72472567848166,0.050192860119751666,0.9498071398802483,0.011458624551901293,0.9885413754480987,3.955783867863919,0.541241912302692,-0.9648212935853577,-0.7253116203577503,-2784.1686895985517
869,-405.7515909303286,0.9841061840510537,0.12152810673938115,4.0,15.0,0.0,406.70772861665364,0.3945781007104318,0.6054218992895681,0.33768809134415295,0.6623119086558471,0.6622780523441127,0.3485379381674618,-1.2041333008092872,-0.4878554826676471,-2780.655877469845
870,-405.5827638524144,0.9585288907349361,0.1408622771501794,3.0,15.0,0.0,408.321160288593,0.7543165071511067,0.24568349284889335,0.6534214382872944,0.3465785617127056,0.4743156889680385,0.5488147071935049,-0.9811475585489285,-0.16242442301226473,-2778.454805374854
871,-406.8862772902699,0.9780069929917092,0.11564723672224476,4.0,15.0,0.0,408.2975790261964,0.76978971730882,0.23021028269118005,0.9252258137072735,0.07477418629272647,0.4737007826539183,0.5609163313740244,-0.8878040868460015,0.023648909136863336,-2779.120542667045
872,-411.6980392456688,0.8751057289860978,0.14763308084387175,4.0,27.0,0.0,416.0278124244444,0.3683060130346441,0.631693986965356,0.012964895962234794,0.9870351040377652,3.8147227589406443,0.5596778965101106,-1.2255853169054922,-0.5372727022197301,-2789.346605016583
873,-405.7515909303286,0.7757340667842892,0.12152810673938115,2.0,3.0,0.0,407.26870226637556,0.3945781007104318,0.6054218992895681,0.33768809134415295,0.6623119086558471,0.6622780523441127,0.3485379381674618,-1.2041333008092872,-0.4878554826676471,-2780.655877469845
874,-407.0778979058248,0.9663721862717819,0.1408622771501794,4.0,15.0,0.0,407.94046810199694,0.7883112046509394,0.2116887953490606,0.9494743932171535,0.050525606782846455,0.5256518304426651,0.2674090930485569,-0.922122909498111,-0.2935483111598893,-2777.5375135585796
875,-408.96227016197616,0.46658589480482354,0.11564723672224476,2.0,3.0,0.0,410.47871592960416,0.8032442939797915,0.19675570602020853,0.9141160109794972,0.08588398902050276,0.6497233860648876,0.5763039191840121,-0.7923610954742686,0.11279005159405206,-2793.4856845435693
876,-411.84593707885733,0.6996227669568752,0.14763308084387175,2.0,3.0,0.0,412.74392543905765,0.33289774559702606,0.6671022544029739,0.012972154981820272,0.9870278450181798,3.828048685494689,0.3865584782325978,-1.2049615979862347,-0.49346471676682113,-2790.1863496976275
877,-405.24957185965377,0.9629344687412561,0.12152810673938115,2.0,7.0,0.0,408.05032896979134,0.3072111864345818,0.6927888135654182,0.38130238133408706,0.618697618665913,0.6597652153510235,0.42463876214508184,-0.9635051220005378,-0.6764755667236113,-2776.9716721817795
878,-407.2892643891241,0.9706473816608169,0.1408622771501794,3.0,7.0,0.0,407.9029994051817,0.7055973619068385,0.2944026380931615,0.9517495644145706,0.04825043558542941,0.47631699090451274,0.1674369957047362,-0.8063687499524448,-0.2214652263005926,-2780.4935555155994
879,-407.9772811546874,0.9948000924100123,0.11564723672224476,4.0,31.0,0.0,411.0565031603461,0.9827541862966442,0.01724581370335576,0.3066784936473052,0.6933215063526947,0.29349167705597423,0.652626974880537,-0.7378101580969525,0.3952449882627308,-2778.2984965590167
880,-411.70315577802313,0.9955167840910506,0.14763308084387175,4.0,15.0,0.0,412.5000257914371,0.6537829139170687,0.34621708608293134,0.004055038186377856,0.9959449618136221,3.7093791547243318,0.3997420532165342,-0.7682391007412465,-0.488178930000367,-2782.8731671477935
881,-405.0695354610069,0.9929648646927592,0.12152810673938115,5.0,31.0,0.0,405.88905875044577,0.690850431771161,0.309149568228839,0.5165277558598339,0.4834722441401661,0.3786689006588915,0.6139669012340407,-0.7643079896291207,-0.5530153009720549,-2776.655773744928
882,-406.9017776490882,0.9487996361600657,0.1408622771501794,5.0,31.0,0.0,409.25033167555836,0.8125448644804278,0.18745513551957216,0.1057986516355404,0.8942013483644596,0.39519623453593217,0.5782549051805063,-0.9405170228289841,-0.005930267678056603,-2780.302699722775
883,-409.3130095345824,0.8484328988539043,0.11564723672224476,5.0,31.0,0.0,411.9195997048299,0.05885424721534567,0.9411457527846543,0.13823022691439374,0.8617697730856062,-0.06861584479832619,0.4514316347003662,-1.1925715223181346,-0.8188434455529978,-2790.7635643788594
884,-412.9198222824376,0.9952392278034563,0.14763308084387175,5.0,39.0,0.0,415.6492929449765,0.9513651843780526,0.04863481562194738,0.006368284940813137,0.9936317150591869,3.0075130443845914,0.5214558189294263,-0.5589631027840205,-1.3314589571928332,-2786.301472158347
885,-406.5324124013029,0.9613680128747856,0.12152810673938115,4.0,15.0,0.0,408.4804287036048,0.9253953052698355,0.07460469473016451,0.2014571159252528,0.7985428840747472,0.5111197542362385,0.5043578102138444,-0.836261448897828,0.27213326074784566,-2776.0268995164424
886,-406.0048033319152,0.9809155735737054,0.1408622771501794,3.0,7.0,0.0,407.33607421117006,0.8241861317754914,0.17581386822450862,0.1892416582274554,0.8107583417725446,0.36712945207401937,0.48879679436944146,-0.9040389670035285,-0.062360702629842876,-2777.257753927261
887,-409.15956875922024,0.9989921486735561,0.11564723672224476,3.0,15.0,0.0,412.28635387947753,0.118996648792994,0.881003351207006,0.039613828810332936,0.9603861711896671,-0.09156541450010029,0.5921842234157793,-0.472339936717365,-0.6163591933022322,-2787.3825908261188
888,-417.6949780495835,0.9637611887269194,0.14763308084387175,5.0,39.0,0.0,418.97279126853874,0.9961925955428108,0.0038074044571891896,0.00783050499112656,0.9921694950088734,2.59409709543291,0.5192257519082693,-0.5672457991538931,-4.338659676165344,-2790.696399840074
889,-405.82072741279296,0.9672801722795822,0.12152810673938115,4.0,31.0,0.0,408.3159298410547,0.21879980768199817,0.7812001923180019,0.718584474857768,0.281415525142232,0.526914613792681,0.6582851562542649,-0.7981872810125614,-0.6581505232336488,-2778.5282004691785
890,-413.1183797158418,0.5662741062981897,0.1408622771501794,4.0,15.0,0.0,415.54545362709877,0.9839411348464278,0.016058865153572244,0.5214058492357402,0.4785941507642598,0.6614883585722685,0.6441357689068905,-0.975910705558481,0.0002827707149342289,-2813.922173250295
891,-408.53801737789195,0.9936325683373991,0.11564723672224476,4.0,15.0,0.0,411.58821165034897,0.14592526540613707,0.854074734593863,0.03911540432790809,0.960884595672092,-0.41602378167069465,0.5362386190187363,0.06661584171409446,-0.9627596792527057,-2783.8287194694935
892,-416.76564636784667,0.9755908435594197,0.14763308084387175,6.0,63.0,0.0,421.72849101531114,0.9992488913138009,0.0007511086861990979,0.15490929665825506,0.845090703341745,1.1529126866972514,0.4485139820387873,-0.8663916894853047,-4.953395924730126,-2792.0149749773545
893,-407.7272215049406,0.9741397734366423,0.12152810673938115,5.0,31.0,0.0,409.48533065161945,0.9114947112313907,0.0885052887686093,0.05431835028204006,0.94568164971796,0.2907615557751579,0.4924554364628524,-0.7706049641906746,-0.9150092727268035,-2777.065106291213
894,-408.2876134022065,0.9939558021818251,0.1408622771501794,3.0,15.0,0.0,414.18170299456,0.9825860721919308,0.017413927808069163,0.4288932419906843,0.5711067580093157,0.7210356017657079,0.3817245472913149,-0.8235273831426504,-0.14355018547865359,-2781.3543594784005
895,-406.73846199286044,0.9890708553983345,0.11564723672224476,4.0,15.0,0.0,409.36889174471906,0.13193343893436532,0.8680665610656346,0.27636233574978214,0.7236376642502178,0.5354788539610802,0.645669333782486,-0.16662087204761822,-0.8170928918718183,-2782.3549353795534
896,-415.8191978995555,1.0,0.14763308084387175,3.0,7.0,0.0,417.16312161627354,0.9994921553875944,0.0005078446124056057,0.07646027107670986,0.9235397289232902,1.1670817490467869,0.4885791978104279,-0.6851725449858119,-4.876123463159482,-2779.34898319209
897,-407.4669981071395,0.8231896593529653,0.12152810673938115,5.0,31.0,0.0,413.7495124006459,0.6661228564650896,0.3338771435349104,0.20439439805960394,0.7956056019403961,1.2033375281498522,0.3120923191902202,-0.8531543549849745,-0.6875661551656554,-2789.380068860015
898,-407.3387788601713,0.9575261245707211,0.1408622771501794,3.0,7.0,0.0,409.16273227443355,0.9606331012341944,0.03936689876580557,0.44458826436664706,0.555411735633353,0.5523506829320279,0.38067371915811,-0.8491046446913272,-0.10937100752331877,-2780.4907682160415
899,-407.9811527427468,0.9667378254595135,0.11564723672224476,4.0,15.0,0.0,409.33774593005984,0.16104516425319437,0.8389548357468056,0.6675781495727501,0.3324218504272499,0.5253076275090051,0.4162244426224204,0.18139918514013087,-1.0770451539337087,-2792.5897249493
900,-414.8101427676543,0.9497577074429474,0.14763308084387175,4.0,15.0,0.0,416.7389673232615,0.9708406734469155,0.029159326553084508,0.06553742370899157,0.9344625762910084,1.2101587983753177,0.5263920948666386,-0.6861610557191151,-4.59493601399626,-2801.3498233101614
901,-407.52165484776754,0.9890110037681416,0.12152810673938115,4.0,15.0,0.0,410.2008381592769,0.2851026683516976,0.7148973316483024,0.8274068728499677,0.17259312715003228,0.30197950815350805,0.5636314229969553,-0.15232132349274746,-0.8778252901224026,-2789.5900661532896
902,-407.2890281963914,0.9998505566650817,0.1408622771501794,5.0,31.0,0.0,408.24000490912596,0.7616856683848926,0.2383143316151074,0.428870267162924,0.571129732837076,0.7208735969733369,0.2910513643173715,-1.0783963115121336,0.04276180856481433,-2790.4206280430253
903,-408.1787812016958,0.937495038040931,0.11564723672224476,3.0,15.0,0.0,410.7227238756382,0.33262947687410477,0.6673705231258953,0.8514981766256476,0.14850182337435236,0.4865534806111826,0.42473238192829277,0.009272924378207203,-0.8083056882188603,-2793.9929526686074
904,-413.21206461807077,0.897799390261647,0.14763308084387175,6.0,63.0,0.0,420.08285891740366,0.9925467567701125,0.007453243229887496,0.5478839081948709,0.45211609180512913,0.1398028438741714,0.7608223625884806,-0.543228863575041,2.0026385329355327,-2806.599987717868
905,-407.4057140987362,0.9916685584582767,0.12152810673938115,5.0,31.0,0.0,409.59198017858887,0.8900921088323743,0.10990789116762567,0.8869454837022734,0.11305451629772656,0.4028141723724516,1.1650107098893665,-0.7091144711375628,-0.6535209254141022,-2780.199731503448
906,-408.5629455584218,0.991781964835507,0.1408622771501794,5.0,55.0,0.0,411.8247471259837,0.006989786995101887,0.9930102130048981,0.3948770569070764,0.6051229430929236,0.4682469960451417,0.5806379423075156,-0.9408409635908704,-0.7335268191093727,-2776.3212529724146
907,-405.3121600595368,0.9712566362316967,0.11564723672224476,2.0,7.0,0.0,409.9941180926079,0.21169244964035916,0.7883075503596408,0.6179743538585734,0.38202564614142664,0.5704063929231055,0.37154014887219694,-0.3728861175142605,-0.862947351234361,-2776.2938898228163
908,-410.8354227856093,1.0,0.14763308084387175,4.0,15.0,0.0,414.07808955935377,0.9946216575740939,0.005378342425906069,0.1462522719362987,0.8537477280637014,0.49226660236841663,0.5450437449224282,-0.8687137271638455,1.5466344067606563,-2784.262952719274
909,-408.4181330448687,0.9337854628366934,0.12152810673938115,5.0,31.0,0.0,410.79710921601486,0.1961687707561865,0.8038312292438134,0.9159012481508846,0.08409875184911542,0.37768949776382194,1.5577890778710743,-1.3314841026563002,-0.6556604972471365,-2786.6635309664453
910,-407.32999228870653,0.9023266395897847,0.1408622771501794,3.0,15.0,0.0,412.8690150520441,0.0299335507743401,0.9700664492256599,0.33009673498623854,0.6699032650137615,0.37389413845502256,0.4747646585110297,-0.5322023588841762,-0.7769290678376973,-2777.783355314379
911,-405.7939260640413,0.9554917406467062,0.11564723672224476,2.0,7.0,0.0,406.751010280991,0.2663938066561142,0.7336061933438858,0.5752465828386097,0.42475341716139026,0.7261111184347064,0.3021117516077225,-0.2781201582787126,-0.9197671851502234,-2780.782039258667
912,-412.897131277683,0.9430167474661578,0.14763308084387175,4.0,23.0,0.0,415.88919401166186,0.9752057292932068,0.024794270706793187,0.21030305400941726,0.7896969459905827,-0.0034567975952793373,0.5857114519403773,-0.602913042307972,2.943706514138571,-2805.9859560123873
913,-408.411622040125,0.9959078960405446,0.12152810673938115,4.0,15.0,0.0,409.76886483497776,0.1379952787745808,0.8620047212254192,0.9697715918596956,0.030228408140304364,0.5168327852122048,1.5453419049760833,-0.9991323729613423,-0.6677221013415217,-2778.579001958757
914,-409.823292169168,0.7498461514570623,0.1408622771501794,4.0,31.0,0.0,411.6891891024363,0.03408395990460988,0.9659160400953901,0.22425891103584564,0.7757410889641544,0.4786591156404217,0.7416821395545805,-0.3777656099773308,-0.7767151348847328,-2793.980778530306
915,-406.5119278390786,0.7355059613094426,0.11564723672224476,3.0,7.0,0.0,409.58216486601975,0.14546735216691928,0.8545326478330807,0.4482507067601796,0.5517492932398205,0.5007866571736462,0.28638299554637986,-0.3380846913433326,-0.7460566310822887,-2783.164972066113
916,-409.92229468652977,0.6458380018857653,0.14763308084387175,5.0,31.0,0.0,416.71580739611943,0.9847472779976014,0.015252722002398578,0.774634497058792,0.22536550294120805,0.536396747658575,0.3568110745252004,-0.5919997814998635,1.3119281200102193,-2788.4376827774186
917,-410.6922476729826,0.8325487479330775,0.12152810673938115,5.0,47.0,0.0,415.13531163477614,0.19055771137210256,0.8094422886278975,0.84427229339031,0.15572770660969004,0.3925977661448337,1.3359626615731288,0.6210665888984293,-0.9280728683596837,-2807.2831796191317
918,-408.0364376267665,0.9917312552163,0.1408622771501794,4.0,31.0,0.0,413.12163680453415,0.2161804319871679,0.7838195680128321,0.32805024685868833,0.6719497531413117,0.3809074408416206,0.2782312462641867,-0.1875717758755867,-0.778254413548454,-2795.161959406262
919,-407.4100006178718,0.9372665458408542,0.11564723672224476,3.0,15.0,0.0,409.404215614863,0.14932688156859306,0.8506731184314069,0.6076034822098029,0.39239651779019713,0.779985848639351,0.3702855906272313,-0.5991492123530239,-0.8376311078106454,-2788.5722394608815
920,-410.00312319520714,0.9907524654254238,0.14763308084387175,4.0,15.0,0.0,413.6843768736145,0.9771603252177585,0.02283967478224147,0.43316689603331526,0.5668331039666847,0.1064643695997087,0.5465615616530666,-0.7215806647224514,1.7243233529879134,-2792.950078217106
921,-409.34020375218364,0.6803738142054669,0.12152810673938115,3.0,7.0,0.0,414.23754172115537,0.05041541649371071,0.9495845835062893,0.956165578007771,0.04383442199222898,0.5283745399854353,1.3661342594009689,0.3771969690283151,-0.8610185130542414,-2782.099910920549
922,-405.98229366972157,0.961707150697908,0.1408622771501794,2.0,7.0,0.0,410.6413819833683,0.32680765342839485,0.6731923465716052,0.5722423785014048,0.4277576214985952,0.4583377039299648,0.35244461026934615,-0.2639961112174625,-0.8109304038660506,-2783.328680189302
923,-405.981793664149,0.9613115978362995,0.11564723672224476,3.0,7.0,0.0,408.91641998079626,0.094753512709002,0.905246487290998,0.5725920700634586,0.4274079299365414,0.5130027051115745,0.3601050621576882,-0.34820659133722043,-0.7804722583451987,-2776.7640430462125
924,-409.0038045230853,0.86699231485633,0.14763308084387175,5.0,31.0,0.0,412.62924902833504,0.9541356730479865,0.04586432695201348,0.10779019893195854,0.8922098010680415,0.2457266117707237,0.5044319557711918,-0.9205911843328095,0.9449829632634438,-2785.733649585672
925,-412.52364653889333,0.6004441653001433,0.12152810673938115,3.0,15.0,0.0,415.7163555375784,0.19477815848282767,0.8052218415171724,0.9901119309738893,0.009888069026110724,0.37849998290576603,1.0966789783973736,0.3963597963871725,-0.7510452837044697,-2803.0728652016073
926,-407.6403065507933,0.9221258997072012,0.1408622771501794,4.0,15.0,0.0,410.32559166897516,0.21349022761259537,0.7865097723874046,0.45817546433475254,0.5418245356652475,0.421186941753038,0.29806646721129726,0.042438391656372476,-1.019516033555317,-2792.8002375419055
927,-407.05850399867415,0.9900397460518807,0.11564723672224476,4.0,15.0,0.0,407.8732071915747,0.05007070972408573,0.9499292902759142,0.7135845183160912,0.28641548168390885,0.6312734567743347,0.17780084452146397,-0.2175660070925735,-0.7290193155140157,-2778.982595973825
928,-409.39770830817383,0.7806768773945285,0.14763308084387175,5.0,35.0,0.0,413.8856541197564,0.2544411805930528,0.7455588194069471,0.017548333166832637,0.9824516668331673,-0.38630596133543693,0.5414143143760622,-0.40892740774999775,-0.6390320564968023,-2787.6084639260657
929,-410.317926964975,0.9909094225121687,0.12152810673938115,5.0,31.0,0.0,412.98489699258704,0.10391972449320523,0.8960802755067948,0.975757609629194,0.024242390370806,0.5781352967824712,1.135547266127175,0.5156993611543899,-0.7217357186017763,-2790.0323548168512
930,-407.3508727341942,0.9978266961919332,0.1408622771501794,4.0,31.0,0.0,409.95598899147234,0.41304645988729954,0.5869535401127004,0.8990184371723036,0.10098156282769644,0.4328826145225477,0.5123958711972527,-1.2707240764066936,-0.5531869670622642,-2785.471235199242
931,-406.3012623231642,0.9987780974374452,0.11564723672224476,4.0,23.0,0.0,407.90879045157925,0.9357639019428678,0.06423609805713215,0.5493061593816604,0.4506938406183396,0.4616222770025994,0.5799245825012991,-0.689778861153686,-0.8790979247144547,-2776.011752897972
932,-411.8445876166606,0.9828971914207733,0.14763308084387175,4.0,15.0,0.0,414.5594876167648,0.9125563165824558,0.08744368341754416,0.0009002237044877829,0.9990997762955122,-0.35997370019329844,0.4828476233236713,-0.7497502835086823,-1.1711771526482295,-2777.0246294635695
933,-409.28410956257574,0.9437528303447146,0.12152810673938115,5.0,31.0,0.0,414.10736024708984,0.1710167220447971,0.8289832779552029,0.008764226892273118,0.9912357731077269,-0.34646946901420655,0.5301537816151245,0.12726659266136103,-0.8189268703880392,-2780.0170472302766
934,-407.4238755183956,0.9891911842169229,0.1408622771501794,5.0,31.0,0.0,409.14567751595223,0.2792165211179223,0.7207834788820777,0.9498085158096445,0.05019148419035546,0.5226137530383343,1.2664843379324784,-0.9711184880567494,-0.5835984600475634,-2779.5577023743053
935,-409.62837125082666,0.9043901799255175,0.11564723672224476,5.0,31.0,0.0,412.5312505392777,0.025908107648633168,0.9740918923513668,0.10468610427362403,0.895313895726376,1.16318767674518,0.4294083172716629,1.2075089153232166,-0.6691601953722084,-2784.8694585697463
936,-412.28242978955643,0.9915836661386007,0.14763308084387175,4.0,15.0,0.0,413.1017762133414,0.926485836086866,0.07351416391313403,0.0007858047272851751,0.9992141952727148,-0.366950204861542,0.4654677810599459,-0.7564712393320118,-1.2613693511999329,-2777.8286236485274
937,-407.52965108128615,0.9558972980877376,0.12152810673938115,4.0,31.0,0.0,412.07195222131156,0.5846714809508886,0.4153285190491114,0.17549839055666552,0.8245016094433345,-0.3418907544639992,0.5977084508842476,-0.8920533650216618,-0.6210635860641293,-2790.5549532837226
938,-406.6096440061624,0.9905466426147088,0.1408622771501794,4.0,15.0,0.0,408.4579661091843,0.739928581138993,0.26007141886100704,0.7430146126649089,0.25698538733509113,0.6918509816652205,-0.022587789461609692,-0.8536537017233308,-0.4646127863026782,-2784.708865985786
939,-410.40041828476626,0.9540409447423962,0.11564723672224476,4.0,23.0,0.0,414.2366434445218,0.022559126286164105,0.9774408737138359,0.8270489825046125,0.17295101749538755,0.46564728786178544,0.36719915860573504,2.134557569658656,-0.6315477251628436,-2790.581097258131
940,-412.8072036108193,0.9023645743037464,0.14763308084387175,5.0,31.0,0.0,415.9844003231497,0.9307286638756516,0.06927133612434844,0.9821423632449406,0.01785763675505936,0.698660008108069,1.2214691232731054,-0.5917390454541378,-1.4755318460224875,-2800.8109691844375
941,-408.0184798217256,0.9687677283283607,0.12152810673938115,4.0,15.0,0.0,409.2279447900416,0.5241526431276957,0.4758473568723043,0.00962072825664469,0.9903792717433553,-0.1609042485389525,0.5128832256195225,-0.8897244956958034,-0.5658052178632326,-2775.544782718372
942,-405.37495150771014,0.8935920973223709,0.1408622771501794,4.0,31.0,0.0,409.8202849263491,0.378621624574201,0.621378375425799,0.26853866106654634,0.7314613389334537,0.37831566840217346,0.526492374155775,-0.25212132251136454,-0.9711277423181073,-2777.760891905503
943,-410.2957207129061,0.9839186307672193,0.11564723672224476,4.0,15.0,0.0,412.17624054173,0.014301321993461845,0.9856986780065382,0.8772769903798322,0.1227230096201678,0.6168973654146346,0.2828808055160301,2.2172277262373385,-0.6993915651461348,-2784.3222247711574
944,-412.02164322322085,0.9323091584415696,0.14763308084387175,4.0,23.0,0.0,417.8204980940173,0.9000998104848282,0.09990018951517177,0.03412813493669724,0.9658718650633028,-0.16428742430880686,0.70779457763281,-0.6543669313415614,-2.0634267253151872,-2801.4312870257486
945,-407.9707730487174,0.9202543960048448,0.12152810673938115,4.0,15.0,0.0,409.6933063891779,0.8248068867997743,0.17519311320022568,0.035701618740584536,0.9642983812594155,-0.18320342948046914,0.4867761647482407,-0.6649775081574553,-0.5379765095421424,-2780.6624602680877
946,-405.66017332547733,0.7222800622483743,0.1408622771501794,4.0,15.0,0.0,408.4911126538128,0.47832757935032255,0.5216724206496774,0.37882882078574304,0.6211711792142569,0.5035405934998218,0.5403254232695506,-0.2488953368570784,-1.1001492943777944,-2781.0481575612985
947,-410.1508198502337,0.9983096162378563,0.11564723672224476,3.0,15.0,0.0,412.11053687226644,0.030567439788200347,0.9694325602117997,0.9327068487180638,0.06729315128193625,0.5470070725279058,0.04793607254032302,1.922785660140241,-0.8170384527400144,-2785.761780478191
948,-409.4222917493843,0.988542750703314,0.14763308084387175,4.0,31.0,0.0,413.0253548811923,0.9410650251115005,0.058934974888499525,0.03305310915082869,0.9669468908491713,-0.13723873649009058,0.49231701124885285,-0.639195767720134,-2.1331505821686436,-2779.9187838393123
949,-408.2321275499293,0.8675926684012425,0.12152810673938115,3.0,11.0,0.0,412.5106568330506,0.8284852968035024,0.17151470319649764,0.18087552371370733,0.8191244762862927,-0.3312792341108692,0.6309395072403018,-0.8222430241614981,0.0703488240923196,-2792.2722618589733
950,-406.0646460417312,0.8527801026110127,0.1408622771501794,4.0,31.0,0.0,409.8089879729864,0.15959827819848088,0.8404017218015192,0.34888117245831257,0.6511188275416875,0.33998124187511297,0.5548258480704364,-1.5067578946450457,-0.5864289185685772,-2778.2569235190344
951,-411.59579325911534,0.9389298233845235,0.11564723672224476,5.0,31.0,0.0,412.66383653738484,0.021376872263361296,0.9786231277366387,0.12483644841777032,0.8751635515822297,0.0958908025610435,0.44614779889050743,2.68691845477091,-0.8278025049751846,-2794.1905662958275
952,-412.28907139884865,0.6163086309592447,0.14763308084387175,5.0,31.0,0.0,416.77072035833277,0.998797457364357,0.0012025426356430113,0.07652805127040206,0.9234719487295979,0.4777998284058755,0.47570958762529414,-0.6346388983355473,-1.8191242201102256,-2779.6393936881045
953,-407.98584402377924,0.9838230036387609,0.12152810673938115,4.0,31.0,0.0,411.7166292692069,0.9845185363200963,0.015481463679903662,0.19065147772963076,0.8093485222703692,0.4045582803433787,0.5441122462637485,-0.7366805871512888,0.3863919448145296,-2775.4623680972018
954,-408.7754569220602,0.8579236603045708,0.1408622771501794,5.0,31.0,0.0,411.2776754398302,0.9509861438291396,0.049013856170860404,0.2334652828789314,0.7665347171210686,0.8287418430713231,0.33217108563856595,-0.5673537290171169,-1.1212934128078316,-2788.604917066067
955,-406.6693687037512,0.9697348319804153,0.11564723672224476,5.0,47.0,0.0,413.9329831675185,0.39468249395102095,0.605317506048979,0.7684071014176541,0.23159289858234589,0.41737209354587596,0.3639597768905259,-0.731306463373961,-0.9150328647929161,-2785.909019172995
956,-406.2942611048962,0.9925627735266778,0.14763308084387175,4.0,31.0,0.0,413.64418788704654,0.42887641621630984,0.5711235837836901,0.785682282647331,0.21431771735266902,0.5945078672884683,-0.049179380593787625,-0.557326766500025,-0.9399891933314973,-2783.2193607443014
957,-409.65052387401767,0.9510023124490825,0.12152810673938115,4.0,15.0,0.0,412.04483453092513,0.863430329838426,0.13656967016157395,0.13497203793574375,0.8650279620642563,0.930230236058622,0.39929664506622853,-0.9579414817988026,0.8070612256693065,-2797.923136068422
958,-409.22184999414435,0.9997886962168734,0.1408622771501794,4.0,31.0,0.0,411.78073620935,0.9503485004173126,0.04965149958268744,0.6079862365769456,0.3920137634230544,0.4337731600264173,0.5122556542270374,-0.8130036989608184,-2.3853162193809494,-2789.931668963439
959,-407.06757996355714,0.9592437351607337,0.11564723672224476,4.0,15.0,0.0,409.3437753230275,0.643308971273259,0.35669102872674097,0.7805949575665501,0.21940504243344994,0.37554185714635857,0.5715842701503742,-1.1132776694584596,-0.394086791884167,-2787.957775267034
960,-407.53220286571394,0.935902739762124,0.14763308084387175,3.0,11.0,0.0,409.64296902272457,0.3361510412920113,0.6638489587079888,0.9173797143775303,0.0826202856224697,0.5580410892365794,-0.2638985738066553,-0.6411858753741769,-0.9351312232544968,-2785.5125513506764
961,-411.0229294647127,0.8852109265216941,0.12152810673938115,4.0,15.0,0.0,411.8913995905347,0.9884003510387743,0.011599648961225673,0.14148844574486616,0.8585115542551338,1.0230669220712147,0.3746548810641849,-0.8984388319312944,0.09470376097118374,-2792.086983962146
962,-409.90183771716005,0.9877302810192354,0.1408622771501794,3.0,7.0,0.0,410.17022244813364,0.9603930091403639,0.03960699085963615,0.5108757634431246,0.4891242365568754,0.5292661269927031,0.3134366852523689,-0.823522687887469,-2.5417976839599,-2792.848608571175
963,-406.44400392124385,0.9993419560285999,0.11564723672224476,4.0,15.0,0.0,408.3549776424163,0.668439195433815,0.331560804566185,0.5430536788006769,0.4569463211993231,0.46688722846115066,0.32065881229864585,-1.0211695239000789,-0.4698697265783879,-2786.211780566573
964,-408.39433676607854,0.9798320680377396,0.14763308084387175,4.0,31.0,0.0,410.03491135533,0.26738439032222844,0.7326156096777716,0.9194284764874862,0.08057152351251384,0.5498676039588078,0.8062650060918125,-0.1406530096276638,-0.7226675952526828,-2790.5584732993393
965,-410.4566004011698,0.983458287364046,0.12152810673938115,4.0,31.0,0.0,413.2247740686672,0.9642513759626598,0.03574862403734025,0.09741288061598584,0.9025871193840141,1.27424492725609,0.4968230173490261,-0.6019213200378124,0.19167543982339735,-2793.3164190635293
966,-409.4653170640036,0.821106076335625,0.1408622771501794,4.0,15.0,0.0,414.3848842316243,0.9170863349020039,0.08291366509799614,0.3910268852354941,0.6089731147645059,0.41111027550011725,0.49452381085629754,-0.5711383173111403,-2.6049596612391914,-2794.2778506532986
967,-406.12008595963005,0.9747916856997877,0.11564723672224476,4.0,15.0,0.0,408.7645730224934,0.560864355998113,0.439135644001887,0.5412312209502285,0.45876877904977154,0.6497241120034242,0.19506534154470723,-1.0696001221122873,-0.4649782201707751,-2784.503650349458
968,-408.3501191955432,0.9897095509689805,0.14763308084387175,4.0,15.0,0.0,410.4047059385505,0.12527904688887223,0.8747209531111277,0.038114024406917746,0.9618859755930822,0.243051944028491,0.4726051167640104,-1.4683265612433876,-0.7254709880498632,-2780.1120081801128
969,-411.06921479189003,0.9881796417400681,0.12152810673938115,3.0,7.0,0.0,413.03625404467624,0.9626411120342424,0.03735888796575759,0.13026914258655203,0.8697308574134479,1.5932898333244372,0.2770414921548798,-0.8411312745952069,0.03564622663933498,-2798.682021490367
970,-410.3031746064837,0.9455675833856715,0.1408622771501794,4.0,15.0,0.0,411.16450865173715,0.99561764037608,0.004382359623919974,0.6612925564763612,0.3387074435236388,0.4502591532940706,0.7159441095583966,-0.6514531888552075,-2.5947074763174216,-2779.600671897853
971,-406.81241577767906,0.9556726486702023,0.11564723672224476,4.0,15.0,0.0,408.6380613607086,0.19098905247824202,0.809010947521758,0.8140256485758451,0.18597435142415486,0.4792578386882691,0.5229439481722895,-1.3539610278968761,-0.7213377794584951,-2781.7526137621494
972,-408.6645218707759,0.9642038003121443,0.14763308084387175,4.0,15.0,0.0,415.1313454252921,0.8920971924191825,0.1079028075808175,0.4413565371873211,0.5586434628126788,0.06162569863639323,0.596634565492083,-0.6513384946841116,-0.2994706123807586,-2796.359218495777
973,-410.1709482409632,0.9837348927396817,0.12152810673938115,5.0,31.0,0.0,411.9634223151132,0.7129677487302648,0.2870322512697352,0.868526201175009,0.131473798824991,0.7177114562032889,0.5898628309278011,-0.528467302158101,-0.734680084924432,-2805.9599196366794
974,-411.70572285830553,0.9434370680351706,0.1408622771501794,4.0,23.0,0.0,414.40648259512653,0.9991141439100515,0.0008858560899485113,0.4244043150172186,0.5755956849827815,0.5955725396899818,0.25607914407322574,-0.7541283657050333,-1.6786876681946028,-2782.378816968812
975,-406.51730950009164,0.9400115273907214,0.11564723672224476,4.0,15.0,0.0,408.5056458691921,0.36640611716260446,0.6335938828373955,0.2787530116746105,0.7212469883253896,0.18875150513366584,0.6568487950021392,-1.0568305367678343,-0.7097782062106898,-2785.1501294514715
976,-408.8738645947682,0.9864851413336959,0.14763308084387175,3.0,7.0,0.0,410.2913926274591,0.8657320793411698,0.1342679206588302,0.49165175137298994,0.5083482486270101,0.06099332163940174,0.8820303540714557,-0.8957203770446822,-0.4723362133319309,-2798.3959352125826
977,-406.23870225759106,0.9933776896679727,0.12152810673938115,4.0,15.0,0.0,412.2518426718615,0.721358369846967,0.278641630153033,0.34767408739807887,0.6523259126019212,0.34842458754492456,0.455306266243369,-0.5637084392594972,-1.3740459743084097,-2782.6769241671545
978,-410.2751548673412,0.9859068288210726,0.1408622771501794,4.0,23.0,0.0,413.8640153586064,0.7331380443926997,0.2668619556073003,0.4809882968509194,0.5190117031490806,0.21565985873424473,0.8492506193903333,-0.4786348943385556,-1.8360409779817508,-2809.4530420044766
979,-409.5763860388532,0.9399347166673484,0.11564723672224476,4.0,15.0,0.0,413.1860090165585,0.5096032134247099,0.49039678657529007,0.6505265998119001,0.3494734001880999,0.6028542998993146,-0.13941046741697904,-1.258542849847531,-0.4001937615845289,-2807.605688234365
980,-410.13344637327106,0.5473259475837383,0.14763308084387175,2.0,3.0,0.0,413.908877187286,0.8790347972964491,0.12096520270355093,0.43054547483641725,0.5694545251635827,0.08529625531022457,1.0195401511027273,-0.8361477531758157,-0.4222367654799959,-2806.247702246328
981,-407.3006273479437,0.9447340792926358,0.12152810673938115,5.0,31.0,0.0,409.06729164057856,0.12822752906244278,0.8717724709375572,0.1553778771762614,0.8446221228237386,0.33554468624728556,0.6559083976194789,-1.2057766658266962,-0.6579925812267562,-2782.271016062124
982,-408.1942004191633,0.7547251651856773,0.1408622771501794,4.0,31.0,0.0,414.73461194670784,0.9563545265377945,0.043645473462205486,0.20337736167913867,0.7966226383208613,0.13193281917653552,0.5108634644513073,-0.607419104667496,-1.7865878818665948,-2781.8770214788124
983,-405.91707228894074,0.9945284284219071,0.11564723672224476,4.0,15.0,0.0,411.20146144561204,0.2625203043494019,0.7374796956505981,0.8575183171108627,0.14248168288913732,0.4778529887768482,0.3013529254815624,-0.6847922022595994,-0.7824752515793595,-2776.9026221718595
984,-408.15614337506844,0.9872591467093846,0.14763308084387175,4.0,31.0,0.0,412.58472224698323,0.8983125646601593,0.1016874353398407,0.5735756198009395,0.4264243801990605,0.4097644139929627,0.2472425302811659,-0.6580002183014303,-0.3798072876254584,-2792.488305011486
985,-407.9484320641641,0.9585015417609697,0.12152810673938115,4.0,23.0,0.0,410.05757682608123,0.045186664473933116,0.9548133355260668,0.3704720358923231,0.629527964107677,0.4681901303601649,0.3241746672871297,-1.6979797016141251,-0.7076934368284789,-2783.037513569503
986,-409.8203303880931,0.9513239277403351,0.1408622771501794,5.0,31.0,0.0,414.2732858539471,0.6274904997476323,0.37250950025236773,0.02000661399778142,0.9799933860022185,-0.8952028295386288,0.4583965440542224,-0.5600357150718206,-1.3628586776524605,-2790.9893529350034
987,-407.80387422072835,0.9718444328303223,0.11564723672224476,4.0,15.0,0.0,409.4715869353636,0.3932466266236379,0.6067533733763621,0.5210040697129151,0.47899593028708487,0.4184838962545475,0.7140428976958862,-0.2633431379548552,-1.2567091011863263,-2795.507467499514
988,-409.5076588888687,0.9322718645174448,0.14763308084387175,4.0,31.0,0.0,411.05343722987556,0.491292892276383,0.5087071077236169,0.9892165194940307,0.010783480505969334,0.3892407244928596,1.7038831753827914,-1.1370766265513976,-0.43304466964726857,-2783.9191822590624
989,-406.17299655699924,0.9598892347038158,0.12152810673938115,3.0,15.0,0.0,409.7465421968088,0.3656653644976782,0.6343346355023218,0.5732808316798391,0.4267191683201609,0.5295267169965976,0.6196727091191285,-1.3256154212176046,-0.4730426088016972,-2783.639525677037
990,-408.8167325264555,0.981952175561836,0.1408622771501794,3.0,7.0,0.0,410.28858115557546,0.8079171886656393,0.19208281133436067,0.022976631143043616,0.9770233688569564,-0.880935998748552,0.5986203328689647,-0.6276938811960627,-1.0101475077609323,-2782.7096836241703
991,-409.45082109552817,0.9519618763710054,0.11564723672224476,4.0,31.0,0.0,416.96997919310814,0.04371249652125656,0.9562875034787435,0.9640848548154352,0.035915145184564845,0.5679205622617735,0.5533590317365809,0.3546798017516657,-0.6735922272372767,-2782.1799360947543
992,-411.43089503016427,0.9890790538561673,0.14763308084387175,3.0,15.0,0.0,413.6474451940856,0.24663359768554807,0.753366402314452,0.995807922398787,0.0041920776012129846,0.34965351950295065,1.8501467646196395,-1.2371331466821107,-0.5004748542973382,-2787.9927986990874
993,-405.6929494534358,0.9851606595758823,0.12152810673938115,4.0,15.0,0.0,407.52454050370835,0.27308242291136736,0.7269175770886327,0.34187935848226425,0.6581206415177357,0.3856320899399237,0.574531593466674,-1.3156390521575885,-0.5797011888681326,-2778.7560625107403
994,-407.53721660408655,0.9863884634897081,0.1408622771501794,5.0,31.0,0.0,410.12313446761175,0.36874488214144635,0.6312551178585537,0.0757699039389959,0.9242300960610041,-0.3722056770469034,0.4558487205847884,-0.8170482515066207,-0.7476388606375372,-2785.373160032407
995,-409.3001480448299,0.8328808278100887,0.11564723672224476,4.0,23.0,0.0,413.49741211445166,0.046266797987078556,0.9537332020129214,0.9411363722673539,0.058863627732646084,0.6301501255700727,0.2581145656494951,0.5588448990995345,-0.8539132614479003,-2784.503017507499
996,-412.54146549354806,0.9873622752038683,0.14763308084387175,3.0,7.0,0.0,413.19897110356476,0.3417869731976288,0.6582130268023711,0.9965696681704568,0.0034303318295432206,0.35683825765580346,1.8806495049175331,-1.4400155724223425,-0.5215064765182899,-2795.0153397889526
997,-405.3276922260953,0.8832320950252079,0.12152810673938115,4.0,23.0,0.0,409.028058649359,0.5701303436966527,0.4298696563033473,0.4864209611891196,0.5135790388108804,0.6093807119867918,0.27696589049323705,-0.5935949697639343,-0.950832177086729,-2779.1380167982734
998,-408.61272198393084,0.7821569409634707,0.1408622771501794,3.0,7.0,0.0,412.9603875975021,0.1654983356596787,0.8345016643403214,0.010520022935359292,0.9894799770646407,-0.2437432121641574,0.5208566757372042,-1.0223489332305409,-0.6603638401497105,-2775.8224606823787
999,-407.9685698694744,0.9618478710834376,0.11564723672224476,3.0,7.0,0.0,411.2408228523172,0.061464153724156256,0.9385358462758437,0.9172142668931308,0.08278573310686921,0.5462964127048775,0.2548860615185926,0.5556581140493587,-0.7245340118742575,-2779.599777603372
