draws,lp__,accept_stat__,stepsize__,treedepth__,n_leapfrog__,divergent__,energy__,rho.1,rho.2,mu.1,mu.2,log_prob_data
0,-210.31692291498467,0.9654575522228352,0.1363380680928834,5.0,47.0,0.0,212.29046567832404,0.7306737486485021,0.2693262513514979,0.08790330552510588,-0.08367864909510973,-1441.575731040124
1,-210.2770084261823,0.9821096064781695,0.13241784665761824,3.0,15.0,0.0,210.9901181314398,0.9012188274433004,0.0987811725566996,0.09686243612887704,0.5104338567603981,-1435.6001815936147
2,-209.9239742316806,0.9944064549926687,0.16447015576170898,3.0,15.0,0.0,210.78997249334572,0.1587805521267334,0.8412194478732666,-0.036184377361845446,0.14915545774673644,-1436.1768573467095
3,-209.68504121632827,0.9385004534950323,0.1369746988805607,4.0,19.0,0.0,211.40263441745728,0.2691315844596848,0.7308684155403151,-0.3637280095286224,0.3561302597232977,-1436.9966623962034
4,-214.06477689407438,0.9803552641888879,0.1363380680928834,3.0,15.0,0.0,214.87454884789136,0.9932382578198096,0.006761742180190433,0.024934149439848077,-0.40620814080610385,-1444.0027873906222
5,-209.98204127748866,0.9305194041256484,0.13241784665761824,4.0,15.0,0.0,210.9703927605934,0.7763478680861079,0.2236521319138921,0.17929432376579277,0.3741116693209009,-1438.2617236338797
6,-210.01396099333516,0.9876352729410739,0.16447015576170898,3.0,15.0,0.0,211.0002923452597,0.17438000651296412,0.8256199934870359,0.19366880613973025,0.07356101027522491,-1437.2997981321466
7,-209.64715040805152,0.9982833694802824,0.1369746988805607,5.0,31.0,0.0,210.086995840537,0.7803138563761233,0.21968614362387673,0.27363686064983483,-0.16759692040474522,-1435.9196851866566
8,-214.929398200524,0.9362535080834138,0.1363380680928834,3.0,15.0,0.0,217.71786011122072,0.9924473078460792,0.007552692153920848,-0.023643557088878383,0.022922410207219357,-1450.8761140307265
9,-209.54412236882374,0.9919180068336557,0.13241784665761824,5.0,31.0,0.0,211.08926293796378,0.7520425311663133,0.24795746883368674,0.26700613071375984,-0.24846317379007388,-1435.7633516553367
10,-210.0689142534633,0.9962275916097639,0.16447015576170898,1.0,1.0,0.0,210.08238561943276,0.16955783165601732,0.8304421683439827,0.1931824404848305,0.06960935577122959,-1437.5265685095612
11,-211.11190640934493,0.9843022550858016,0.1369746988805607,4.0,31.0,0.0,211.75162923218312,0.9112158904857328,0.08878410951426718,0.28620068079831884,-1.0198913987321565,-1439.970786509463
12,-210.91269245200147,0.9436535036186681,0.1363380680928834,4.0,23.0,0.0,216.1767612246443,0.13921211744451492,0.8607878825554851,-0.5100125695276294,0.3754533537913526,-1441.9310127847648
13,-211.36998573214083,0.8000560486356828,0.13241784665761824,2.0,7.0,0.0,212.23074197243747,0.8638766906629571,0.13612330933704286,0.36139997799761603,-0.15687841849165277,-1445.1719224725603
14,-210.09246388886763,0.9868015265442773,0.16447015576170898,4.0,27.0,0.0,210.73405051680234,0.2568221348500116,0.7431778651499884,0.09570860288421945,0.048278053927518876,-1439.8168396311605
15,-210.61802983428987,0.9009806477057036,0.1369746988805607,4.0,19.0,0.0,213.7634925582449,0.9076428689026219,0.09235713109737809,0.13920034118273433,-0.4248027165604317,-1437.6009546157718
16,-210.28270834643266,1.0,0.1363380680928834,1.0,1.0,0.0,210.77279811180782,0.15572802559796345,0.8442719744020366,-0.5160124952698911,0.333192520324105,-1438.240397537147
17,-211.34543485877478,0.999554320242041,0.13241784665761824,2.0,3.0,0.0,211.5520294790905,0.8270176474529366,0.1729823525470634,0.03950469874227289,-0.17008324729724272,-1446.4641218656454
18,-209.35824832344602,0.9223762182424539,0.16447015576170898,3.0,7.0,0.0,212.937794969331,0.48626880623105984,0.5137311937689402,0.07351170883767247,0.30837364483359303,-1436.5273740010216
19,-210.91280026224874,0.9387581884599742,0.1369746988805607,1.0,1.0,0.0,210.9277236316179,0.9063122969961928,0.09368770300380724,0.1086912071523355,-0.42287549276920994,-1439.7337723215721
20,-209.7873147070889,0.9050470305874339,0.1363380680928834,4.0,19.0,0.0,212.7956429046757,0.5380281036091905,0.4619718963908095,-0.2138590353404154,0.6081935663890242,-1439.1842859941264
21,-212.96892209734088,0.9382491917052057,0.13241784665761824,3.0,15.0,0.0,213.4669972977833,0.9043472440321575,0.0956527559678425,-0.0017764748873903558,-0.4325111926962571,-1454.0684345948202
22,-209.38527179474937,0.9663596771407673,0.16447015576170898,2.0,3.0,0.0,209.8162799845266,0.43159044751022996,0.5684095524897701,0.0644913305420084,0.29495675949233907,-1436.5967865864898
23,-210.56473881019008,1.0,0.1369746988805607,2.0,3.0,0.0,210.90468123945496,0.9191980099164371,0.08080199008356292,0.23995492590582257,-0.3935340492520342,-1436.3860293870996
24,-209.8259128755673,0.9928874663791669,0.1363380680928834,4.0,23.0,0.0,211.00568164862563,0.20579156547987287,0.7942084345201271,-0.4255831307876207,0.26211624409158785,-1436.6983177584427
25,-214.1687715434465,0.7260848165118835,0.13241784665761824,1.0,1.0,0.0,214.6601859914555,0.8985672529599179,0.1014327470400821,-0.04494694275761738,-0.42680955610647314,-1462.7201865739935
26,-209.53464302073604,0.998445404217081,0.16447015576170898,3.0,11.0,0.0,209.93231455616066,0.3134431134481362,0.6865568865518639,-0.2985297646691125,0.3089695556049874,-1436.6429369481368
27,-210.10856401013254,0.9424754370811871,0.1369746988805607,4.0,15.0,0.0,211.69889866858315,0.38292135944868133,0.6170786405513187,0.12743677739856188,0.33838864800338053,-1441.2999350625705
28,-210.2034769245699,0.9881549829134474,0.1363380680928834,4.0,15.0,0.0,210.61814576316908,0.10666057097128444,0.8933394290287155,-0.2260115263057316,0.17982023249849316,-1435.7227604415218
29,-210.5635433731103,0.9520611505799383,0.13241784665761824,2.0,3.0,0.0,214.69983618867317,0.927036101083581,0.07296389891641897,0.20289393512926027,-0.4633567587577733,-1435.6940895302484
30,-211.46404153818608,0.7641370441964186,0.16447015576170898,2.0,7.0,0.0,212.41080394255403,0.13839822427477674,0.8616017757252232,-0.0802669160135994,0.35640214373346757,-1445.9366969447597
31,-209.25186399374337,0.9986052092893044,0.1369746988805607,2.0,7.0,0.0,210.72388950021815,0.5608953550595566,0.43910464494044343,-0.04645722005759513,0.35734713551264835,-1435.6691298262485
32,-211.9305422229683,0.8436250233923942,0.1363380680928834,4.0,19.0,0.0,213.0698759821491,0.018109742772896106,0.9818902572271039,-0.6175522775054763,0.17718612979899723,-1435.772552204054
33,-210.54711013926521,0.9433705758409792,0.13241784665761824,2.0,7.0,0.0,211.55389404592617,0.894910534168908,0.10508946583109202,0.14796711869290566,-0.4675264373560087,-1437.8705093745298
34,-209.95095010441517,0.9707453735401962,0.16447015576170898,3.0,7.0,0.0,213.1630213553933,0.40700554000839945,0.5929944599916006,0.11117069063744678,0.01337018684943278,-1440.4595928262638
35,-209.98727682031114,0.9750505499187422,0.1369746988805607,4.0,15.0,0.0,210.30922303129145,0.41160681189362097,0.5883931881063791,0.6977567182301065,-0.18122980713626352,-1440.2964485902976
36,-211.80264983853536,0.8776287300443276,0.1363380680928834,4.0,27.0,0.0,213.24873418294126,0.923040138067854,0.07695986193214599,0.26233005370433804,0.5409013255656413,-1444.5008915421395
37,-210.4298267193354,0.9956839805895601,0.13241784665761824,3.0,15.0,0.0,210.97109365792326,0.87351038713512,0.12648961286488003,0.27732985079229877,-0.727298060759632,-1437.8579795007508
38,-209.58459774071704,0.9976970966638862,0.16447015576170898,3.0,11.0,0.0,210.36906637984274,0.7563667388759489,0.24363326112405115,0.1983613410495706,0.10118183343883644,-1436.033070771925
39,-209.38476462350886,0.8692125399093459,0.1369746988805607,2.0,7.0,0.0,211.5757068852021,0.30855549407177485,0.6914445059282252,0.3038501185470491,0.0721483498504387,-1435.6232191352458
40,-211.29170410834382,1.0,0.1363380680928834,2.0,3.0,0.0,211.85972717105,0.9314244762354436,0.06857552376455645,0.2253064359275838,0.5374461477132942,-1440.2558743193656
41,-209.66594257221664,0.9297334072094793,0.13241784665761824,4.0,31.0,0.0,211.07482917743758,0.7560093578866135,0.2439906421133865,0.32316371504513697,-0.3525679519445262,-1436.4471477602224
42,-209.89186493053847,0.997955311205203,0.16447015576170898,4.0,31.0,0.0,210.4286937589302,0.8435472515171212,0.15645274848287882,0.16924161705906984,-0.0772374569827968,-1435.862579058125
43,-209.49400046913982,0.8636365441809334,0.1369746988805607,3.0,7.0,0.0,210.54767812603473,0.3038785421963064,0.6961214578036936,0.29693211594280167,0.02986078564779826,-1436.3261676677296
44,-210.36772122763873,0.9711375100749405,0.1363380680928834,2.0,7.0,0.0,214.42290404068132,0.9054646476183668,0.09453535238163324,0.12094128259246602,0.7265341351072926,-1435.720449591895
45,-210.28158356715932,0.9130632809663781,0.13241784665761824,2.0,7.0,0.0,211.01080011147164,0.7005299391803896,0.29947006081961036,0.38660824825335827,-0.5439530931338397,-1441.4016138419195
46,-209.90222267480115,0.9964788051316897,0.16447015576170898,3.0,7.0,0.0,210.03908664305857,0.8405741234121191,0.15942587658788088,0.2199845656172275,-0.04369727471585442,-1436.0262253558353
47,-210.92032134673954,0.9282096544823538,0.1369746988805607,3.0,15.0,0.0,212.48379116716586,0.21322424023208858,0.7867757597679115,1.065829714359627,-0.13780723483459573,-1443.656787140362
48,-209.99484802681323,0.9993357293423167,0.1363380680928834,4.0,23.0,0.0,210.65497313432385,0.13734069151111342,0.8626593084888866,0.1945252675718993,0.15382453962210754,-1435.805492680317
49,-210.42051597379447,0.9758790402814397,0.13241784665761824,4.0,31.0,0.0,211.28547580370793,0.743675041996368,0.256324958003632,0.29044766044143344,-0.5814951128626654,-1441.7192865858221
50,-209.45469736027067,0.9999925271773421,0.16447015576170898,4.0,23.0,0.0,210.32143022095684,0.33938684800031466,0.6606131519996854,-0.2645456925753953,0.3619289399792064,-1436.35976762819
51,-210.2215516319754,0.9791939867322593,0.1369746988805607,2.0,7.0,0.0,211.46554723440713,0.17460643765889694,0.8253935623411031,0.7924483375234249,0.10781171494345645,-1438.2256385783912
52,-210.14193523036386,0.9981275476554572,0.1363380680928834,3.0,15.0,0.0,211.28171812405768,0.11563139967486587,0.8843686003251341,0.6072964022483944,0.10846920814255087,-1435.5291835929659
53,-209.90389608991762,0.7563198840782448,0.13241784665761824,3.0,15.0,0.0,212.981636577881,0.7194469131132726,0.2805530868867274,0.41185623560472334,-0.29777339670859676,-1438.687478866413
54,-209.70149651376417,0.9315531409644503,0.16447015576170898,4.0,15.0,0.0,210.53150552788793,0.701949684570596,0.29805031542940397,0.006725949344491257,0.26847979524867155,-1437.6979412002333
55,-209.6595060965023,0.9621278079842774,0.1369746988805607,4.0,19.0,0.0,211.31493662389647,0.7378330903406781,0.2621669096593219,0.09463474449793349,0.1256296814182309,-1436.9070587968697
56,-210.70785458392976,0.9971888438143616,0.1363380680928834,4.0,27.0,0.0,210.7517344679938,0.254915449071274,0.745084550928726,1.0282877880982233,-0.0924819432629558,-1443.1235574016034
57,-211.19741539822104,0.8105291547852828,0.13241784665761824,3.0,9.0,0.0,211.7902845207114,0.5932218649370975,0.4067781350629025,0.5070950990874653,0.04084257186929352,-1448.8560062495621
58,-210.37773895252477,0.8542562229734775,0.16447015576170898,3.0,7.0,0.0,211.32379085545688,0.24712220905171342,0.7528777909482866,0.24311169249043632,0.2624892254871111,-1441.510467046305
59,-212.29817729893048,0.802466175544561,0.1369746988805607,3.0,15.0,0.0,213.34681725579918,0.8430324997770927,0.15696750022290729,0.31916678639549734,0.40447799018309355,-1452.3039277848416
60,-211.04847205322562,0.9275637197519978,0.1363380680928834,2.0,3.0,0.0,211.14071720243618,0.23058708137321335,0.7694129186267866,1.0388390769210027,-0.16582030618417137,-1444.9703452493923
61,-211.91960632868884,0.8288048631397482,0.13241784665761824,3.0,7.0,0.0,214.28617788500634,0.2264266165631087,0.7735733834368913,0.11675106461063635,-0.07281281311054517,-1451.8386445498923
62,-212.08518985391098,0.9758600988455365,0.16447015576170898,4.0,31.0,0.0,212.80975742947808,0.054992092171458146,0.9450079078285418,-1.3505173752904018,0.3042893400840521,-1442.9506443943883
63,-209.8658296890776,0.9679841515623929,0.1369746988805607,4.0,23.0,0.0,213.87202679164417,0.7120146629060231,0.2879853370939769,-0.1305929216884748,0.6643689183585544,-1438.3605880855814
64,-211.1453653501289,0.9899450812212102,0.1363380680928834,3.0,11.0,0.0,211.6957100557029,0.04099861470198257,0.9590013852980175,0.9639634247612178,0.10472453911720217,-1435.3746374359844
65,-209.37610572900593,0.9882741036826951,0.13241784665761824,2.0,7.0,0.0,212.38860537605544,0.3794480031242384,0.6205519968757616,0.3767859457184046,0.07283107401089926,-1436.2018524680136
66,-211.21762723242878,0.9944217522500157,0.16447015576170898,4.0,31.0,0.0,213.26282434500587,0.045182139079440804,0.9548178609205592,-0.33247043471576737,0.2315884375813239,-1437.1848589563128
67,-210.69666119919847,0.9421403753607226,0.1369746988805607,2.0,3.0,0.0,210.81225744060214,0.7222164870758018,0.27778351292419823,-0.20699756950135503,0.6708533761360473,-1443.9191482134988
68,-209.650344635629,0.9954475374172457,0.1363380680928834,4.0,23.0,0.0,211.79363779106038,0.7502786984811264,0.24972130151887362,0.2641063341541522,-0.3271633336625167,-1436.49206573088
69,-210.3074806473973,0.950602017850367,0.13241784665761824,4.0,15.0,0.0,211.6015831982377,0.15769138197675134,0.8423086180232486,-0.5465176913194165,0.33722415385593996,-1438.4516603801662
70,-210.48848578200662,0.9607987471343712,0.16447015576170898,3.0,15.0,0.0,213.28548323070197,0.08151001446162154,0.9184899855383785,-0.2836730332281399,0.15938119517751725,-1436.0062585392473
71,-210.66624714797544,0.9899547679715532,0.1369746988805607,3.0,15.0,0.0,212.6020493215692,0.804981335383193,0.19501866461680695,0.12272103787242947,0.8561643804273464,-1441.7945650550619
72,-209.23518621025036,0.9530572570053919,0.1363380680928834,5.0,31.0,0.0,217.38319983084367,0.5379598496024458,0.4620401503975542,0.3548246617718677,-0.10149449408816019,-1435.6117438129054
73,-210.72392733403538,0.8265059521692841,0.13241784665761824,2.0,7.0,0.0,213.5790815465336,0.12090664340179837,0.8790933565982016,-0.1256623510813285,0.2967990750142152,-1440.0551941962274
74,-209.7259485561185,0.9969097885565957,0.16447015576170898,3.0,15.0,0.0,211.64777600371468,0.31648428754050834,0.6835157124594917,0.520538545188415,0.08446999390466987,-1437.9197155443949
75,-210.28628898807017,0.9798851423337102,0.1369746988805607,2.0,7.0,0.0,212.0818537785908,0.88277664305173,0.11722335694827002,0.04102815381054855,0.538118207735656,-1436.685477115685
76,-210.33534757111266,0.8861938862046427,0.1363380680928834,3.0,15.0,0.0,211.88846560291125,0.9015422343612035,0.09845776563879649,0.13972395387954517,-0.06513505292851035,-1436.1955510260211
77,-210.06594503198687,0.9813147723964437,0.13241784665761824,3.0,15.0,0.0,211.77731789664824,0.5347658951841525,0.4652341048158475,-0.1307533555127473,0.23598828248272685,-1441.4116315595518
78,-209.7566626192795,0.9921480476024528,0.16447015576170898,3.0,15.0,0.0,210.27967454472005,0.6100747616898835,0.3899252383101165,0.16327299559549696,-0.08264817761474871,-1438.9994198171
79,-209.4021845229655,1.0,0.1369746988805607,4.0,15.0,0.0,210.4011632949076,0.6995571363213905,0.3004428636786095,0.08805914419090644,0.28530819033966515,-1435.6473082133768
80,-211.5080204437442,0.9180590432308922,0.1363380680928834,3.0,15.0,0.0,213.31864388040094,0.9036252192463113,0.09637478075368866,0.3640751773805585,-0.5840124184043958,-1443.775883813474
81,-213.86836434816595,0.9642275730075557,0.13241784665761824,4.0,15.0,0.0,215.91212597522122,0.03174957678472992,0.9682504232152701,1.0391901272867388,0.31210496121668924,-1452.2799643910282
82,-209.37424467487037,1.0,0.16447015576170898,4.0,31.0,0.0,209.83637898576842,0.6838980763513882,0.3161019236486118,0.2464457740182519,-0.016544435810353073,-1435.6731910439983
83,-211.1955071142283,0.9631992558334089,0.1369746988805607,4.0,15.0,0.0,211.60013252212886,0.6753610876640564,0.32463891233594355,-0.07632861712013159,0.9712798627277324,-1447.584403979275
84,-210.4556864909576,0.9610869859138498,0.1363380680928834,3.0,7.0,0.0,212.73198162400402,0.8662666905748166,0.13373330942518336,0.2985583619054657,-0.20592355175112556,-1438.7733368810996
85,-213.9310810943196,1.0,0.13241784665761824,2.0,3.0,0.0,214.40122526349964,0.029296415367048034,0.9707035846329519,1.083537225100389,0.31166623787794867,-1452.0941459320306
86,-209.9070765395886,0.9276321156484172,0.16447015576170898,3.0,15.0,0.0,210.6277692713083,0.6966459290929485,0.30335407090705147,0.4358684348298141,-0.33663518676025533,-1438.9878726813718
87,-211.62054370146413,0.8272138093841676,0.1369746988805607,2.0,3.0,0.0,212.45291863327174,0.8486660256092081,0.15133397439079188,-0.15032821426900983,0.8684715928854682,-1446.9749782755423
88,-209.7893202466461,0.9985507620230027,0.1363380680928834,2.0,3.0,0.0,210.49536427056478,0.8141585415218612,0.18584145847813882,0.21521648570813628,-0.2847948982980848,-1436.0182257845509
89,-214.94316102261035,0.9571388191906144,0.13241784665761824,2.0,3.0,0.0,215.16514039945847,0.02811874972705638,0.9718812502729436,1.1319108437466148,0.34559851042338247,-1458.6985117232707
90,-210.16216184530802,0.9706338652533097,0.16447015576170898,4.0,19.0,0.0,210.6083889936039,0.3352618704529442,0.6647381295470558,-0.059720694859928314,0.41928946054767924,-1441.223942325569
91,-209.5768315805013,0.9914042119452179,0.1369746988805607,3.0,11.0,0.0,212.82496099862266,0.3674959719202531,0.6325040280797469,-0.04056008389995311,0.16202566602810742,-1437.6021901853921
92,-209.65610388961514,0.9998076660726517,0.1363380680928834,4.0,15.0,0.0,209.89222272060113,0.7346836798638166,0.26531632013618345,0.3099738139736761,-0.371487143362673,-1436.7557314544651
93,-212.24761424529802,1.0,0.13241784665761824,3.0,7.0,0.0,214.74219884586043,0.03780751462275035,0.9621924853772497,1.0320130555904428,-0.010150093813204308,-1442.3440122541972
94,-210.5421171061257,0.9946389966881127,0.16447015576170898,3.0,15.0,0.0,211.5773048169381,0.0908766033374602,0.9091233966625398,-0.6647866840658466,0.25734270388668534,-1436.709959278754
95,-210.475359390348,0.9985978777377656,0.1369746988805607,4.0,15.0,0.0,212.78306411951658,0.0982200309548208,0.9017799690451792,-0.6866501964079212,0.21347841602928236,-1436.7218940436069
96,-209.38691828435964,0.9907172806370698,0.1363380680928834,3.0,15.0,0.0,210.40251404507083,0.6770250068845158,0.32297499311548417,0.17603666786737765,0.13747699032697644,-1435.8491534668328
97,-216.19771427090086,0.720220649530777,0.13241784665761824,2.0,3.0,0.0,217.7620726781599,0.035950950542300374,0.9640490494576996,1.2438770015032625,0.3809002455232213,-1468.7542962056634
98,-213.20867948309072,0.8881039472293294,0.16447015576170898,2.0,3.0,0.0,215.14395505485516,0.19847156977447056,0.8015284302255294,-1.1236187305738945,0.2745639059843556,-1458.9393095073995
99,-210.2056288850327,0.9940586954107914,0.1369746988805607,4.0,27.0,0.0,212.331481627374,0.7252737770677263,0.27472622293227367,0.3706349762973453,-0.05227270421108589,-1440.7845719943382
100,-209.77476360013307,0.9099665331963951,0.1363380680928834,2.0,7.0,0.0,212.04920164341803,0.6779896059072508,0.32201039409274923,0.041282582249634825,0.14738339987076715,-1438.540317023246
101,-213.69934407440894,0.9990765589073957,0.13241784665761824,4.0,31.0,0.0,219.08803217969054,0.005648619639877518,0.9943513803601225,2.244234067799169,0.16236379593125883,-1436.0150229327642
102,-210.4267396121178,0.9781011848256205,0.16447015576170898,4.0,15.0,0.0,214.65130441185974,0.1333697330838366,0.8666302669161634,-0.50184934200488,0.32230330424298603,-1438.363890369546
103,-209.29784613168363,0.8867148255496512,0.1369746988805607,2.0,3.0,0.0,211.53185038949994,0.6325513885803741,0.3674486114196259,0.2531337979677875,-0.06495856623621868,-1435.6397706997464
104,-210.4732797087886,0.9859781948220715,0.1363380680928834,3.0,15.0,0.0,211.74975679470606,0.4196873101701999,0.5803126898298001,-0.15577751790655425,0.5754662360233069,-1443.834262491067
105,-210.76862323138465,0.9937305040181074,0.13241784665761824,4.0,31.0,0.0,214.0420694277485,0.18507720133261926,0.8149227986673807,1.1502834363882553,0.014432568248285947,-1441.7283739072964
106,-211.043430280049,0.9665508572499824,0.16447015576170898,4.0,19.0,0.0,214.86107358424664,0.5859742430612549,0.4140257569387451,-0.3408663448073977,0.512314341046894,-1447.7259129151114
107,-209.23880795716832,0.9977121862562303,0.1369746988805607,3.0,11.0,0.0,209.53533215596437,0.5273605269987499,0.4726394730012501,0.2961821886779173,-0.05413989857586238,-1435.695304638314
108,-211.90201632759747,0.7898478359697289,0.1363380680928834,2.0,3.0,0.0,212.87317883316683,0.5048232249859197,0.4951767750140803,-0.2854479801211415,0.19604160338743393,-1454.086905812399
109,-209.96863217835318,0.9960579296071757,0.13241784665761824,4.0,27.0,0.0,211.12757924126805,0.19598607787081337,0.8040139221291867,0.6861905030970419,-0.04946786318828772,-1437.2387454219263
110,-210.7557094990304,1.0,0.16447015576170898,2.0,3.0,0.0,211.06469392996905,0.38076170620590916,0.6192382937940908,-0.1260184855054112,0.5450476999378033,-1445.5979883832895
111,-209.4663186858297,0.966793127673564,0.1369746988805607,3.0,15.0,0.0,212.79139569604325,0.7196037757658311,0.2803962242341689,0.2809399518773829,-0.10249148654583859,-1435.8082517096518
112,-210.01760341953585,0.8912540669413099,0.1363380680928834,2.0,7.0,0.0,215.0722354125611,0.4107792427236624,0.5892207572763376,-0.347990413025128,0.5269668262395129,-1440.6061519958696
113,-210.87565841771269,0.9468966088886979,0.13241784665761824,3.0,11.0,0.0,212.1631802085358,0.08990559794908289,0.9100944020509171,0.75677254865462,-0.004657993050162609,-1438.891403979764
114,-209.4578237664636,0.9960106051771297,0.16447015576170898,3.0,11.0,0.0,211.34169296709675,0.37721666654178765,0.6227833334582124,-0.1234650621277725,0.38926778204615586,-1436.733555182384
115,-209.6038157066467,0.9994824564413146,0.1369746988805607,3.0,7.0,0.0,209.70470072265604,0.698170099857543,0.30182990014245703,0.342928029739663,-0.3489380415096758,-1436.928539454707
116,-211.65862549007204,0.998641844147938,0.1363380680928834,4.0,15.0,0.0,211.98918760071982,0.9503787809884301,0.049621219011569906,0.036435213041249824,0.2771840790937261,-1440.9206170489408
117,-210.89405868991906,0.9933626624358504,0.13241784665761824,3.0,11.0,0.0,211.85996731298744,0.10819929580148564,0.8918007041985143,0.3555537315713979,0.235029624576449,-1440.4953356909277
118,-210.12085992069433,0.9510579506619096,0.16447015576170898,3.0,15.0,0.0,210.47026537539398,0.4064535131416632,0.5935464868583368,-0.20254980298281333,0.20366136456996645,-1441.5699262582941
119,-209.68562734482427,0.9384314555480038,0.1369746988805607,4.0,15.0,0.0,210.34139774492914,0.21307204969655863,0.7869279503034414,-0.00145274912082944,0.22879757060939443,-1436.076317170954
120,-210.82634340010483,0.9734431817449505,0.1363380680928834,3.0,15.0,0.0,212.33394748859473,0.5918779736686491,0.40812202633135086,0.18864727981909019,0.45792869474143494,-1446.311529097349
121,-211.08589816983775,0.9733510680078149,0.13241784665761824,3.0,15.0,0.0,214.21848175462864,0.073620188634254,0.926379811365746,0.7675047654177061,0.19429963363361213,-1439.0390477499159
122,-210.72291778408112,0.9888548572176235,0.16447015576170898,3.0,11.0,0.0,211.16468996567156,0.647096683995724,0.35290331600427605,0.2367306642106289,0.38517439495663913,-1445.2443378767662
123,-209.60729640612914,0.9895745258058651,0.1369746988805607,4.0,15.0,0.0,209.97967388700386,0.3973594933626055,0.6026405066373945,-0.1690520196019256,0.24349596651509728,-1437.9664477914896
124,-209.80291570336018,0.9780225343970111,0.1363380680928834,3.0,15.0,0.0,211.49559058699947,0.7728527013863273,0.22714729861367267,0.16867646180389342,0.3251448469351298,-1437.1330718561085
125,-210.32325811919176,0.997396713046322,0.13241784665761824,3.0,13.0,0.0,211.56323075405268,0.10135751117814598,0.898642488821854,0.46495942612075086,0.07695809958469323,-1436.1190281532265
126,-211.78476059971837,0.9222311266763458,0.16447015576170898,3.0,7.0,0.0,212.06553621758798,0.6864892992410093,0.3135107007589907,0.2919574529410567,0.41969081345007864,-1452.120695680155
127,-209.69082777338983,0.9967925159437434,0.1369746988805607,3.0,11.0,0.0,210.31908910226582,0.26978122166557994,0.7302187783344201,-0.2841493461249519,0.36559198308860985,-1437.085767491827
128,-209.21053188350388,0.9970310168401258,0.1363380680928834,4.0,31.0,0.0,210.32689136390906,0.5027340303664699,0.4972659696335301,-0.008346670422598915,0.3041201309502968,-1435.5188456787052
129,-211.47722135327714,0.8172899668616445,0.13241784665761824,2.0,5.0,0.0,212.72274506760917,0.24249375271024232,0.7575062472897577,0.4109651832814885,0.28193776091454864,-1448.913211710802
130,-210.00382238442262,0.9623034490833213,0.16447015576170898,4.0,15.0,0.0,214.61598108545107,0.8651695321907017,0.1348304678092983,0.1463592452989707,0.17783644256774672,-1435.767434133096
131,-209.89823962229804,0.9727024491720552,0.1369746988805607,3.0,11.0,0.0,210.38649990533983,0.31130600492452437,0.6886939950754756,-0.2657785593544465,0.4367145098157982,-1439.062489369273
132,-209.9761315682681,0.918753893270814,0.1363380680928834,2.0,7.0,0.0,211.45442672389092,0.2433977701420366,0.7566022298579634,0.014094636476424081,0.29925599203457137,-1438.6984771847667
133,-209.94090865769894,0.9602449431989257,0.13241784665761824,3.0,7.0,0.0,213.73418652124587,0.39889900541154155,0.6011009945884584,0.031914284386242414,0.06987488701945907,-1440.3507784983758
134,-209.6736783408447,0.9700195210550289,0.16447015576170898,4.0,15.0,0.0,210.70114823133852,0.757725926471292,0.242274073528708,0.21547083297877878,0.11972823902423718,-1436.6125232906259
135,-209.90785910023965,0.8470310020155668,0.1369746988805607,3.0,13.0,0.0,212.36080201898682,0.23394207768949357,0.7660579223105064,0.07378864641106316,0.08473094616577267,-1438.1055519379595
136,-209.99414745223362,1.0,0.1363380680928834,5.0,31.0,0.0,210.37645264850175,0.5854647624897658,0.41453523751023424,-0.24773691810394052,0.5362004878244753,-1440.505917043261
137,-210.97188921163092,0.9410071702424729,0.13241784665761824,4.0,31.0,0.0,215.09775362097776,0.18984426798392312,0.8101557320160768,1.1744102661160565,-0.09162528322761022,-1443.212131015381
138,-209.66935006260152,0.963333954604738,0.16447015576170898,4.0,23.0,0.0,210.66188835071017,0.7576172036080561,0.24238279639194393,0.32208801393921077,-0.22510964283576695,-1436.5038665191255
139,-209.89475355416815,1.0,0.1369746988805607,2.0,3.0,0.0,210.0424521338974,0.20430533112521482,0.7956946688747852,0.08527256319390772,0.23816464639269314,-1437.2971582653227
140,-209.67695649448123,0.9946512406428105,0.1363380680928834,3.0,11.0,0.0,210.64003709322023,0.23311444907970352,0.7668855509202965,0.11618818304939314,0.11174218175070766,-1436.481973327117
141,-210.10311537545454,0.9762522904528584,0.13241784665761824,4.0,15.0,0.0,211.39834793656252,0.22038184829720467,0.7796181517027954,0.9303189865131862,-0.028759589363907587,-1438.4259256889634
142,-209.62089450897471,0.9426784472184436,0.16447015576170898,3.0,7.0,0.0,210.20527331581255,0.7205769288155417,0.2794230711844583,0.3568767227619929,-0.3225841551334313,-1436.738739206991
143,-209.43757956560069,0.9989625030401753,0.1369746988805607,2.0,7.0,0.0,209.99503407686484,0.28640883169734327,0.7135911683026568,0.07641350572557676,0.18649277801940384,-1435.7404767203498
144,-209.88199676279822,0.9035340336401605,0.1363380680928834,4.0,31.0,0.0,210.68412376407093,0.2928017999076532,0.7071982000923468,0.03133788152141837,0.08726119913033649,-1438.92838068069
145,-210.43744337171157,0.9297155253794519,0.13241784665761824,2.0,7.0,0.0,213.17315151448875,0.11846954342710588,0.8815304565728941,0.6354342501190348,0.1621445636183843,-1437.6730433270743
146,-211.6670060059075,0.9682966483076018,0.16447015576170898,4.0,15.0,0.0,212.30505612329853,0.9739990563949242,0.026000943605075766,0.20795147258989932,-0.7211458299448071,-1436.264806850123
147,-209.44175007005765,0.8376638031705237,0.1369746988805607,3.0,11.0,0.0,211.05611267873152,0.3498637410960139,0.6501362589039861,-0.07020527355128023,0.33554039299858834,-1436.441983936914
148,-209.53662105074795,0.9993764181332584,0.1363380680928834,3.0,7.0,0.0,209.8822870960789,0.46234904213122374,0.5376509578687763,0.023260541600882912,0.1398429904775167,-1437.7948837063848
149,-210.8404161155004,0.9902099061828135,0.13241784665761824,3.0,11.0,0.0,213.0833746710981,0.05347213162378424,0.9465278683762157,0.09098144262627672,0.14544448218594902,-1435.7989540372523
150,-213.26340932939507,0.9913515141739064,0.16447015576170898,4.0,31.0,0.0,215.83348933031695,0.989136672687584,0.010863327312416016,0.17513989337733973,-2.274776749694487,-1437.3620126530184
151,-209.55826797983886,0.8985062007764053,0.1369746988805607,2.0,7.0,0.0,210.30382045735425,0.4029738399124945,0.5970261600875055,-0.13747884978377362,0.23328566674975637,-1437.6725932025197
152,-209.4235198544014,0.9271051641457305,0.1363380680928834,2.0,3.0,0.0,210.54001411704255,0.40478555171558306,0.5952144482844169,0.06756524006748714,0.28711879850124583,-1436.7399669770805
153,-210.32099426696718,0.996871267789226,0.13241784665761824,3.0,15.0,0.0,212.75918158690374,0.10543346752282327,0.8945665324771768,-0.43535205605564176,0.1783404958087871,-1436.3450009682401
154,-211.56694465857038,0.9041085879073393,0.16447015576170898,4.0,27.0,0.0,215.24231073772262,0.9327422421809184,0.06725775781908161,0.23614832994321294,-1.3131268966938614,-1440.7891109930385
155,-209.95613195171057,0.9339203887485016,0.1369746988805607,3.0,7.0,0.0,210.64922057514704,0.420439196502329,0.5795608034976709,-0.2160324023292824,0.5395245399764903,-1440.2805995222825
156,-210.25166513405475,0.85320714121755,0.1363380680928834,3.0,15.0,0.0,211.70450622168192,0.6232687448099626,0.37673125519003736,-0.0980183288905889,0.77139910054537,-1441.8355986533318
157,-210.25763952953474,0.801484843228588,0.13241784665761824,3.0,7.0,0.0,213.3741938653078,0.17551306362766234,0.8244869363723377,-0.15350529451197023,0.11503030038662193,-1439.0236091806607
158,-212.01421980941043,0.6683912129000338,0.16447015576170898,3.0,11.0,0.0,214.1231717304998,0.9763512912763794,0.02364870872362057,0.11908793083676784,-1.0565883397835005,-1437.5350973687252
159,-210.18359970762586,0.9997121596616825,0.1369746988805607,4.0,19.0,0.0,211.32878988593254,0.12747260299929433,0.8725273970007057,-0.5580305788812091,0.2560086399769884,-1436.4004794864627
160,-209.86639501696436,1.0,0.1363380680928834,3.0,15.0,0.0,211.18434987543915,0.8033052580694041,0.19669474193059588,-0.027595086594691093,0.8004301149347939,-1436.406169135794
161,-209.92108578975902,0.9797014167014028,0.13241784665761824,3.0,7.0,0.0,210.7987019104222,0.16701713678129815,0.8329828632187019,-0.22757255481565145,0.17792852292104705,-1436.3865700136405
162,-212.32770289502358,0.9493008204788664,0.16447015576170898,3.0,7.0,0.0,213.13142013589794,0.7649686666142447,0.23503133338575533,0.33641125826613383,-0.9420079578407539,-1453.9904549569658
163,-210.08208569980258,0.9099599614715381,0.1369746988805607,4.0,15.0,0.0,212.1291903573204,0.12793297313697835,0.8720670268630216,0.3099280671511897,0.15137632425777559,-1435.9432502256177
164,-211.0594465402822,0.8450285899668135,0.1363380680928834,4.0,31.0,0.0,212.65533270481563,0.8183876416370387,0.1816123583629613,-0.12569421715419926,0.6470279006377184,-1444.4036234041398
165,-210.20615436684878,0.9922124597745898,0.13241784665761824,4.0,31.0,0.0,210.3466898143141,0.8655174482058563,0.1344825517941437,0.011123425817587455,0.6289624744321715,-1436.8541378075945
166,-210.4407772932795,0.9181278510467172,0.16447015576170898,4.0,31.0,0.0,214.26421626608598,0.832369714773616,0.167630285226384,0.2518424508091535,-0.6959255745660458,-1439.5957987481831
167,-210.331748435721,0.9987347388582293,0.1369746988805607,2.0,7.0,0.0,210.82768443127486,0.09328305971512052,0.9067169402848795,0.3079795176541495,0.14284996352336946,-1435.758280565968
168,-209.78568566271912,0.9884228029401131,0.1363380680928834,2.0,3.0,0.0,211.2835599180775,0.7629205865742387,0.23707941342576133,-0.06645248927806088,0.6645694884132615,-1436.951015822002
169,-211.25639137947536,0.9916553052489651,0.13241784665761824,4.0,31.0,0.0,211.8375616875915,0.581177140401979,0.418822859598021,-0.38206769415402464,0.6265156827967493,-1449.0817706881614
170,-210.4004861430524,0.9419231758206806,0.16447015576170898,4.0,31.0,0.0,212.01441228044263,0.8264915533175201,0.1735084466824799,0.3598151411556502,-0.6027196276579582,-1439.5540906882607
171,-210.27160786127254,0.9653350367225594,0.1369746988805607,5.0,31.0,0.0,210.7100390431041,0.8896198616361612,0.11038013836383875,0.08337318730892845,0.9222098694940895,-1435.733029030749
172,-211.02636398875572,0.7105430495082842,0.1363380680928834,4.0,15.0,0.0,214.2524715896641,0.7634148895872763,0.23658511041272368,0.04565169160048224,1.0194361744377052,-1444.9973810586168
173,-210.61219894482997,1.0,0.13241784665761824,2.0,3.0,0.0,211.43380207309517,0.5973906163597058,0.4026093836402942,-0.311691806192294,0.6088169552321471,-1444.6102279890563
174,-210.74450592111594,0.8906330575617761,0.16447015576170898,3.0,15.0,0.0,211.61247978714547,0.7976469401142569,0.20235305988574315,0.4107938071841958,-0.28844350478179737,-1442.9553463931989
175,-210.3337933929597,0.6753299078797088,0.1369746988805607,2.0,3.0,0.0,213.37987243954407,0.8500356865428927,0.14996431345710726,-0.04798434140639021,0.9271851865334665,-1437.961247533774
176,-210.83429542403752,0.6949186783591815,0.1363380680928834,3.0,15.0,0.0,215.42522115754852,0.7671874501950005,0.23281254980499955,0.0026753512424096196,0.06987051312772574,-1444.4885710283932
177,-210.36194806584373,0.7674954490681861,0.13241784665761824,2.0,7.0,0.0,213.8597128126552,0.7649498583926796,0.2350501416073204,-0.11633772521397096,0.5706292730206358,-1440.982982640186
178,-210.62424940176362,0.997488251699085,0.16447015576170898,2.0,7.0,0.0,211.40955440758734,0.7795716527708767,0.2204283472291233,0.4098226166227685,-0.23444584570290927,-1442.5823944957804
179,-210.20824398133877,0.8376980820008435,0.1369746988805607,2.0,3.0,0.0,211.84318358981494,0.8743745225566515,0.1256254774433485,0.08866866414221558,0.8852205166142645,-1436.1265542964416
180,-211.32532422942708,0.8604109106565494,0.1363380680928834,2.0,5.0,0.0,213.72375936780458,0.7243048137804893,0.2756951862195107,0.2676997060929317,0.4232579845016343,-1448.4386466579977
181,-211.67131612809726,0.9778919305681898,0.13241784665761824,3.0,7.0,0.0,212.2115554170631,0.5250588469411884,0.47494115305881157,-0.17497942477340972,0.8143450193668511,-1451.981042574254
182,-210.0548410255422,0.8502476898376511,0.16447015576170898,2.0,7.0,0.0,213.1674137229397,0.8671873177918404,0.13281268220815956,0.216519180984757,-0.07226238715069411,-1436.0326073644212
183,-210.1242805300236,0.9992551600621269,0.1369746988805607,3.0,7.0,0.0,210.2437429910586,0.8589759698868217,0.14102403011317832,0.0027980424232047427,0.9048579634219882,-1436.1989588709382
184,-210.34840338592164,0.943670377890028,0.1363380680928834,3.0,15.0,0.0,212.9589246629921,0.909243389112803,0.090756610887197,0.17089301863935516,-0.2034847983755638,-1435.741433350211
185,-209.80795358059845,1.0,0.13241784665761824,3.0,7.0,0.0,211.8399171036525,0.6943085514652422,0.3056914485347578,-0.09408143969676162,0.4520548525488705,-1438.4107590695805
186,-209.28344272688622,0.9998010655664148,0.16447015576170898,4.0,15.0,0.0,210.62350001798924,0.509663794246248,0.49033620575375203,0.2186100875338298,0.019733808572054038,-1436.0584414177458
187,-209.6834099363617,0.9841743344803108,0.1369746988805607,4.0,15.0,0.0,211.074877447374,0.7694786311212604,0.23052136887873964,0.12307446112780125,0.41525009140629193,-1436.3330686576835
188,-210.63143711455012,0.9790011245537273,0.1363380680928834,3.0,7.0,0.0,210.9262539644127,0.9173482029590823,0.08265179704091774,0.1288362605905566,-0.2629924434757006,-1437.0985939468876
189,-209.57786014403382,0.9044590368521155,0.13241784665761824,2.0,7.0,0.0,211.0456102881852,0.6685303272483586,0.3314696727516414,0.05065483519364854,0.5265462515309918,-1437.0617120078102
190,-209.93655045394667,0.9963821686068862,0.16447015576170898,4.0,23.0,0.0,210.1227727511974,0.3700439150046371,0.6299560849953629,-0.3400799113550998,0.3009094229442351,-1439.9529255643442
191,-209.88351596608072,0.99126146031521,0.1369746988805607,3.0,11.0,0.0,210.94317632520358,0.6925790443777521,0.3074209556222479,0.22043001310077395,-0.2794016822511881,-1439.0292022583383
192,-212.04665694654787,0.9024058124376402,0.1363380680928834,3.0,11.0,0.0,212.89464715947426,0.5332138105819608,0.4667861894180392,0.2581251721188114,0.45035799843025437,-1454.9270202749858
193,-209.67051467627056,0.9032215028894778,0.13241784665761824,2.0,7.0,0.0,210.8553725201184,0.6765051032043249,0.3234948967956751,-0.11821755729138415,0.5369126018936272,-1437.5960653675709
194,-209.4046833787826,0.9600142662653118,0.16447015576170898,2.0,7.0,0.0,213.61263978418913,0.30565341534911905,0.694346584650881,0.15122134705703755,0.15038900726295346,-1435.7694073208431
195,-209.51487028916375,0.9390145381893261,0.1369746988805607,2.0,3.0,0.0,210.5632716908047,0.7478435120495384,0.25215648795046164,0.2770863842340473,-0.20390999323763717,-1435.6512746466203
196,-210.87104941532613,0.9961305585808061,0.1363380680928834,4.0,31.0,0.0,213.26175414307332,0.8776732918880175,0.12232670811198254,0.2501035858241644,-0.921741842606851,-1440.4430453637292
197,-211.02779183700576,0.7350221877493454,0.13241784665761824,2.0,3.0,0.0,212.08903308584075,0.7075011518569335,0.2924988481430665,-0.23303433975494706,0.5975480256061332,-1446.4912789140333
198,-209.85033310999606,0.9917808250860631,0.16447015576170898,4.0,31.0,0.0,210.25025308226523,0.16026423847084478,0.8397357615291552,0.5468623401179962,0.05819340640135749,-1435.4794049841305
199,-209.24434697894804,0.9915146489281135,0.1369746988805607,3.0,15.0,0.0,210.1468494242155,0.41942649041365976,0.5805735095863402,0.3426721542689076,-0.009244909881751869,-1435.5493408857901
200,-211.1572055550289,0.8926775299705056,0.1363380680928834,3.0,15.0,0.0,212.6315293389383,0.9007227176938262,0.09927728230617383,0.06756124711885006,-0.22423850262230832,-1441.8968832922249
201,-210.71615926069842,1.0,0.13241784665761824,2.0,7.0,0.0,211.38193319175912,0.718929560507062,0.281070439492938,-0.20689603322744768,0.6384800152874961,-1444.1402201041108
202,-209.5315953202583,0.9886922530393196,0.16447015576170898,4.0,15.0,0.0,210.5647899077991,0.2595770109210864,0.7404229890789136,0.18177651211798065,0.11204748729406563,-1435.9610965263646
203,-210.28885599476146,0.9932581979415589,0.1369746988805607,4.0,15.0,0.0,210.79776974040144,0.8292119614019317,0.17078803859806835,0.20516917575285742,-0.5415089667075652,-1438.832433119881
204,-209.95642600407004,0.9738123275886822,0.1363380680928834,3.0,15.0,0.0,212.7427546231412,0.3412794183234795,0.6587205816765205,0.6444226770448509,-0.1884205257955253,-1439.6284820199412
205,-209.66494874088986,0.9552020497357311,0.13241784665761824,3.0,7.0,0.0,211.66519726449775,0.6767970763791774,0.3232029236208226,0.12089096654937784,0.4165313717712872,-1437.6529147156916
206,-209.57574620241277,0.9866818184248883,0.16447015576170898,4.0,15.0,0.0,209.9949730389339,0.42485718714105103,0.575142812858949,0.5519842922153592,-0.04051784140792471,-1437.699473986422
207,-212.19816171506943,0.8926680191519102,0.1369746988805607,4.0,31.0,0.0,213.17274935811164,0.9605520141909594,0.03944798580904063,0.01640679222069547,0.3240086064985867,-1443.1128736871126
208,-210.15325035341448,0.9288656880758521,0.1363380680928834,3.0,15.0,0.0,211.01795578819917,0.4095403999890096,0.5904596000109904,0.42248663332129366,0.1516003372846181,-1441.7071864507095
209,-210.6950310273577,0.9812322012171376,0.13241784665761824,4.0,31.0,0.0,211.75321769754373,0.7845418702198426,0.21545812978015744,-0.15594265806152013,0.8267083232937544,-1442.53904976119
210,-210.27405073265987,0.9443996830853401,0.16447015576170898,4.0,15.0,0.0,213.05018894054635,0.3895567608912115,0.6104432391087885,0.34544714410162636,0.21685591381204466,-1442.4563199344764
211,-210.73943229825983,0.9874301312914634,0.1369746988805607,4.0,15.0,0.0,213.3234912683604,0.7403903811078865,0.25960961889211354,0.11009247927883886,0.7751128396575919,-1443.815236266489
212,-210.5481893868799,0.9945793232458868,0.1363380680928834,3.0,7.0,0.0,210.64107918527438,0.650410554459563,0.349589445540437,0.5344849182822027,-0.23675369235688226,-1443.8888931792396
213,-211.54827674934964,0.9486181467580224,0.13241784665761824,2.0,3.0,0.0,212.58536818719193,0.5528214041480173,0.4471785958519827,-0.14853144929445303,0.835040546504955,-1451.0488760892868
214,-210.06120132749007,0.9776370483731125,0.16447015576170898,3.0,15.0,0.0,211.30724305873989,0.45585365834017716,0.5441463416598229,0.6708077791442567,-0.18296272384520273,-1441.00367754179
215,-211.22191043314132,0.9438480298273135,0.1369746988805607,4.0,31.0,0.0,213.09965917815325,0.9638449157476483,0.0361550842523517,0.17466834737922163,-0.08003699540545954,-1435.8496975350354
216,-209.75376668203316,0.9922465716121277,0.1363380680928834,4.0,19.0,0.0,211.27588593108237,0.1818873643499101,0.8181126356500898,-0.08426886561511442,0.22035234625794908,-1435.719508605723
217,-210.515497558736,0.9768005659087761,0.13241784665761824,2.0,3.0,0.0,211.81884112715335,0.6505796812110458,0.3494203187889542,-0.19715318555478506,0.8372674208037529,-1443.317720638289
218,-210.85860860914588,0.9414568783739298,0.16447015576170898,3.0,15.0,0.0,213.52724426186714,0.761947319582112,0.23805268041788796,0.14853399275666912,-0.415762975908675,-1444.5988449991723
219,-209.73295430054716,0.9426599775358855,0.1369746988805607,4.0,15.0,0.0,211.94414933115243,0.22578873716197442,0.7742112628380255,-0.3991367679965484,0.2903221130205159,-1436.526002483124
220,-209.87317183232258,0.9637840523237265,0.1363380680928834,2.0,3.0,0.0,210.10431560830324,0.15447268279015536,0.8455273172098446,-0.0934124359711527,0.2005544900787481,-1435.6492830320892
221,-210.72725212928063,0.835913767783457,0.13241784665761824,2.0,3.0,0.0,211.4026224420472,0.7264316127106836,0.27356838728931643,-0.21107496339567183,0.7945642904636132,-1443.9070305847017
222,-209.7420548023589,0.9902326950796625,0.16447015576170898,3.0,15.0,0.0,211.58360367288455,0.2770968409591772,0.7229031590408228,0.3789597796769295,-0.030033941705585543,-1437.6152438182419
223,-209.32342873798086,0.975725725052527,0.1369746988805607,3.0,15.0,0.0,210.9061190306626,0.4754393130900427,0.5245606869099573,-0.1599816725795743,0.43336956766595314,-1436.1778825225977
224,-210.59111707177448,0.7998310279119755,0.1363380680928834,1.0,3.0,0.0,210.88259970770474,0.16881890558338025,0.8311810944166198,-0.08705509435307582,0.32602471028326274,-1441.0478763096178
225,-211.0816317372755,0.9418750869812978,0.13241784665761824,3.0,11.0,0.0,212.08266113605845,0.7365953886930582,0.2634046113069418,0.22295568368702623,0.5147041903020038,-1446.5013803283227
226,-209.62795296740336,0.9851717133620495,0.16447015576170898,3.0,15.0,0.0,211.363592741581,0.789211467944338,0.21078853205566195,0.2247900660265003,-0.09510280168195132,-1435.617263618401
227,-210.79854480263307,0.9307524045142391,0.1369746988805607,4.0,27.0,0.0,212.63818086580875,0.8697046696972978,0.13029533030270224,0.3157419975062049,-0.8524906080619791,-1440.3891560938823
228,-210.24328388237998,0.9853960009047767,0.1363380680928834,3.0,11.0,0.0,212.1237694390867,0.5187940932010257,0.48120590679897435,0.40423834175944773,0.125719789121018,-1442.5684593491344
229,-210.25568349204823,0.9702970326760362,0.13241784665761824,3.0,11.0,0.0,211.79925064416895,0.3159747068938038,0.6840252931061962,-0.06557748711981777,0.41449385427845487,-1441.6610767533932
230,-210.61223174662237,0.9657993990625648,0.16447015576170898,3.0,15.0,0.0,212.3543338890271,0.737285156431827,0.262714843568173,0.2858829385903604,-0.6012584020041327,-1443.1361811078264
231,-209.8136607138328,0.9408530864082526,0.1369746988805607,4.0,15.0,0.0,211.78740931244252,0.7499356489895898,0.25006435101041025,0.08538886154586459,0.09321455924798733,-1437.7653895638437
232,-209.85071432304778,0.993358819909123,0.1363380680928834,3.0,15.0,0.0,210.75345087701817,0.820371484960543,0.17962851503945698,0.2309346342700672,-0.37338275599774645,-1436.2035491381914
233,-209.82076056507452,0.9995131737666525,0.13241784665761824,3.0,11.0,0.0,210.47951948651058,0.5718236878679595,0.42817631213204055,-0.16281854950645755,0.35770007055187153,-1439.5368837209548
234,-210.63522063039264,0.9922170382578496,0.16447015576170898,2.0,3.0,0.0,210.7706649133502,0.811087119212875,0.18891288078712498,0.40323703406073336,-0.587608405454282,-1441.620108462459
235,-209.56036513207616,0.9816274062110141,0.1369746988805607,2.0,3.0,0.0,210.12553392774603,0.7614337269914165,0.23856627300858346,0.19134989899774585,0.06264533161920333,-1435.7744303739887
236,-210.46639733321456,0.9412337831727191,0.1363380680928834,2.0,3.0,0.0,210.7872711747147,0.8355244890732049,0.16447551092679513,0.1799697574190656,-0.5393263206413448,-1439.8614930143171
237,-210.12454792482166,0.996566289481388,0.13241784665761824,3.0,15.0,0.0,210.83417932198614,0.6136283073417566,0.38637169265824345,0.2928999051620061,0.20104973799707543,-1441.4374959782806
238,-210.95871984370336,0.9585837250558448,0.16447015576170898,2.0,7.0,0.0,211.26058115490744,0.8226915312977136,0.17730846870228645,0.1835600864966917,-0.6709845528341306,-1443.5356720059158
239,-209.3197366605894,0.9947369910221714,0.1369746988805607,4.0,31.0,0.0,210.72162369305255,0.3963600877689652,0.6036399122310347,0.2669920846144705,0.026356125642659683,-1435.9878259787877
240,-211.51274309418264,0.9321383602697175,0.1363380680928834,4.0,15.0,0.0,211.93529146289896,0.951747751826673,0.04825224817332696,0.06740578329801356,-0.07189309434010283,-1439.7886893977336
241,-209.39132131278043,0.8558956072911329,0.13241784665761824,2.0,3.0,0.0,212.01069428260175,0.6578389791373579,0.3421610208626421,0.22236459767558608,0.0912959131971029,-1436.0727923157576
242,-210.85154986821786,0.8137516992439725,0.16447015576170898,2.0,3.0,0.0,212.95320892447316,0.8499571045438552,0.1500428954561448,0.1502992728555662,-0.5905509929783311,-1441.9644105860816
243,-209.5103007192899,0.9308589721261011,0.1369746988805607,2.0,7.0,0.0,210.87947229103526,0.4619801748303201,0.5380198251696799,0.40563601543915034,0.05089356469918517,-1437.485334575139
244,-209.94692340972088,0.9595039324956655,0.1363380680928834,4.0,15.0,0.0,212.23561588105068,0.28737434494061115,0.7126256550593888,-0.34174661896778813,0.2326289111064847,-1439.1602941397502
245,-211.3483580275945,0.9927452548701556,0.13241784665761824,5.0,31.0,0.0,211.5289462266372,0.03269535880693812,0.9673046411930619,-0.22567479441969834,0.18873378798800594,-1436.0102468910677
246,-211.5249455536789,0.9785233772898526,0.16447015576170898,3.0,9.0,0.0,212.00793444493783,0.9612883590139361,0.038711640986063944,0.2531977961548144,-0.641836178604097,-1438.0174093882624
247,-211.30606499260418,0.902381565109446,0.1369746988805607,4.0,19.0,0.0,212.6412928291368,0.04318982167949746,0.9568101783205025,1.1352952600518997,0.15884368053352887,-1436.5056924433284
248,-210.76632446379767,0.9837445461966005,0.1363380680928834,4.0,15.0,0.0,210.8921446432928,0.17094285229004885,0.8290571477099511,-0.6295072679696203,0.18165709538266822,-1442.0545124959942
249,-211.0281529051993,0.9976912482609828,0.13241784665761824,3.0,7.0,0.0,211.5943519387051,0.047058234313178716,0.9529417656868213,-0.29229820100173454,0.13871120004550916,-1436.194834077824
250,-211.3833082728594,0.99756433483324,0.16447015576170898,3.0,7.0,0.0,211.83410310430784,0.9660029353216952,0.03399706467830477,0.15402317952052758,-0.7432843733843253,-1436.089264924206
251,-211.7370085721673,0.8931673874779009,0.1369746988805607,4.0,15.0,0.0,214.49872819644716,0.2160525424372572,0.7839474575627428,1.253609141378283,-0.12522256375846574,-1448.9911913238732
252,-209.7326867861096,0.9940500684217795,0.1363380680928834,4.0,19.0,0.0,212.53625952932666,0.45971806395588843,0.5402819360441116,0.5044167310888348,0.004300037527314726,-1438.9411970769647
253,-209.94995505637422,0.9414353225184848,0.13241784665761824,5.0,31.0,0.0,212.84165688773328,0.8148866897796659,0.18511331022033406,0.261248940334722,-0.03528549855290938,-1437.1569293844589
254,-211.9542242138085,0.9867885531304977,0.16447015576170898,4.0,15.0,0.0,212.2329139676109,0.9781675761064594,0.021832423893540565,0.13368409885802202,-1.015236302801866,-1436.6522774218663
255,-210.43685175267603,0.9686249313777473,0.1369746988805607,4.0,23.0,0.0,212.9875409728902,0.28603135510058264,0.7139686448994174,-0.5300522157812415,0.28614797043072715,-1442.359522479754
256,-209.4454415558102,0.973127361530526,0.1363380680928834,3.0,7.0,0.0,210.4313822999304,0.4360418222896518,0.5639581777103482,0.5142495375667677,-0.16021715999313388,-1436.8571970645905
257,-209.38633492361527,0.749336847138606,0.13241784665761824,2.0,7.0,0.0,212.56819639005053,0.6747906363260365,0.32520936367396347,0.2708984190406179,-0.1678960990699462,-1435.8252830078368
258,-212.0265217025157,0.995772774215203,0.16447015576170898,3.0,15.0,0.0,213.30988881025914,0.9809907223224054,0.019009277677594638,0.13460866596550436,-0.9226848658652549,-1436.3697441244753
259,-209.27940850502537,0.8156591635598041,0.1369746988805607,4.0,21.0,0.0,213.80807928200676,0.40316881393813825,0.5968311860618618,0.15313678818730325,0.1514276110075068,-1435.7706484565238
260,-209.8602078464108,0.9944094427189115,0.1363380680928834,3.0,15.0,0.0,210.5325774398289,0.2181008084414351,0.7818991915585649,0.5727618385464717,0.10989836589589914,-1437.1506369780084
261,-211.34670487483518,0.9890298261659682,0.13241784665761824,4.0,15.0,0.0,211.99452670448554,0.04378105459800779,0.9562189454019923,1.258844208221386,0.1548980714125678,-1436.6217334324665
262,-213.09188395290403,0.9320272488160378,0.16447015576170898,3.0,7.0,0.0,214.10521664481197,0.8818002853362731,0.11819971466372692,0.38276397069093515,-1.3328330989592565,-1454.7065718079955
263,-209.60165588316994,0.9895933506249107,0.1369746988805607,4.0,15.0,0.0,210.05754870107097,0.26448509789706776,0.7355149021029322,-0.3159386171762447,0.33382074212505697,-1436.3854689343923
264,-209.93094714477354,0.8838010667896218,0.1363380680928834,3.0,15.0,0.0,212.39052412499296,0.7478815424186408,0.2521184575813592,0.38812869908869074,-0.3084029701382759,-1438.4147349919358
265,-211.77335016130328,0.9717422897255523,0.13241784665761824,4.0,31.0,0.0,214.19060349683,0.9688841515146221,0.03111584848537785,0.06677784006998275,0.3233616205781375,-1438.5958113641136
266,-215.48909365863156,0.9694811889848298,0.16447015576170898,5.0,63.0,0.0,219.8775276376942,0.9973200070419004,0.0026799929580996196,0.23882617759644859,2.881366374199532,-1440.4020581370905
267,-209.37588340957592,0.7762719927929612,0.1369746988805607,3.0,15.0,0.0,212.46939166130232,0.6050173319503608,0.3949826680496392,-0.10555774609588062,0.5160160287853018,-1436.1899837575045
268,-210.4760603682435,0.9245888027961354,0.1363380680928834,3.0,7.0,0.0,211.5689410994871,0.5559630520205053,0.44403694797949467,0.40604535484369636,-0.4083569489606893,-1443.9675008972356
269,-213.9080839127077,0.6144992257498464,0.13241784665761824,2.0,3.0,0.0,214.4039099486414,0.964639487150378,0.03536051284962205,-0.0576888505289474,0.3694628126997819,-1454.1684511159513
270,-214.48179680916644,1.0,0.16447015576170898,3.0,11.0,0.0,215.9097775209837,0.9939039226166089,0.00609607738339113,0.17405344282537394,3.117976541176912,-1437.8945987779634
271,-209.29551311846225,0.9886229030531671,0.1369746988805607,3.0,15.0,0.0,210.2842352307683,0.6276185462012139,0.37238145379878607,0.0625254916898353,0.3322611598883721,-1435.6219627683834
272,-211.9838203236611,0.9844290475037376,0.1363380680928834,3.0,15.0,0.0,213.25371639002628,0.39019798759769,0.60980201240231,0.5509949897809157,0.21504558464250983,-1454.1126617936854
273,-211.5535702506711,0.9030128785285556,0.13241784665761824,1.0,3.0,0.0,214.57241209068994,0.9697332305053898,0.030266769494610157,0.19295514560662208,0.33940798532079136,-1436.8550793378172
274,-215.96003679737566,0.9961841318990732,0.16447015576170898,4.0,31.0,0.0,217.92222644294526,0.9665181689952155,0.033481831004784524,0.13383433785390472,3.626300201776008,-1456.7297706489912
275,-209.38268071645885,0.9884565913260055,0.1369746988805607,4.0,15.0,0.0,209.58914784609541,0.44607589335939263,0.5539241066406073,-0.1836632380557639,0.3481659167766922,-1436.5735231556234
276,-211.47590859422763,0.9850841903574761,0.1363380680928834,4.0,19.0,0.0,213.20455542398653,0.9712004315581347,0.028799568441865264,0.18206657581065877,-0.6487156848833682,-1435.725428914387
277,-211.28258347483904,0.9968629041392963,0.13241784665761824,2.0,3.0,0.0,211.58333093666187,0.9660744315296427,0.033925568470357326,0.13791055160202464,0.3375506816715151,-1435.7621714043814
278,-214.72810628146502,0.974134227217175,0.16447015576170898,3.0,7.0,0.0,216.2162657030387,0.988131643369488,0.011868356630512,0.162847540806842,3.5210061144145532,-1441.8508340417086
279,-209.6622528702561,0.8349163152682711,0.1369746988805607,3.0,15.0,0.0,211.38124793325778,0.3398032167294158,0.6601967832705842,-0.09867488613218109,0.17393281123470888,-1437.9366324434366
280,-210.09132069813953,0.9802034848104983,0.1363380680928834,3.0,11.0,0.0,212.25093599546514,0.7361056741512341,0.26389432584876593,0.22595603741660794,-0.3953788517155732,-1439.7613970508987
281,-210.94687752443346,0.9602184716859921,0.13241784665761824,4.0,15.0,0.0,211.87187308410202,0.9422170616487304,0.057782938351269575,0.19499643184015267,0.27435871490082187,-1436.965995317303
282,-215.1602372700626,0.9834017751379242,0.16447015576170898,4.0,23.0,0.0,215.4877223775162,0.9938246417253969,0.006175358274603138,0.1034499698537968,3.654465967208167,-1439.5494426887465
283,-211.49807791290496,0.9612951097748197,0.1369746988805607,3.0,15.0,0.0,212.26762971984,0.8042492173294103,0.19575078267058965,0.34500536645512747,0.15796506037448488,-1448.0818654739865
284,-209.41406408313554,0.998939490257134,0.1363380680928834,4.0,15.0,0.0,210.3903729285451,0.5342100124733912,0.46578998752660883,0.3535036017302802,-0.18112797994360866,-1436.8362798533835
285,-210.79916580330976,0.9984337688557773,0.13241784665761824,2.0,3.0,0.0,210.9596839002346,0.9427805515494292,0.05721944845057081,0.1238930441339002,0.28383165611743477,-1435.8970875364826
286,-216.83201382646038,0.7344828577694964,0.16447015576170898,2.0,5.0,0.0,217.6147208273642,0.9964917938370088,0.00350820616299119,0.2854294138929983,3.6821036581135824,-1446.9739180305703
287,-212.74911482457114,0.9748977878126861,0.1369746988805607,4.0,15.0,0.0,214.9543132042275,0.5045109186445819,0.49548908135541814,-0.4222139454597342,0.8426805680266829,-1459.2749917961244
288,-209.62379750058597,0.9878723952814306,0.1363380680928834,3.0,11.0,0.0,210.6291314758255,0.6962873604921929,0.30371263950780714,0.28972941990683276,-0.31984969228991234,-1437.1367298950381
289,-210.27053252682188,0.683598935448326,0.13241784665761824,3.0,15.0,0.0,213.29047914044057,0.28482195753572603,0.715178042464274,-0.04242508875050184,0.38082429894939246,-1441.3795690324637
290,-215.9955596072032,0.9976004556887815,0.16447015576170898,3.0,15.0,0.0,217.08468685606286,0.9968096643841716,0.003190335615828377,0.20948423063270732,3.86614020243789,-1439.3749741142153
291,-209.8310654057221,0.9056393812941756,0.1369746988805607,2.0,3.0,0.0,213.61184987144077,0.48924489174691904,0.510755108253081,-0.2792311608568718,0.5545609442487643,-1439.5493964112516
292,-212.8289927331013,0.6634754234719119,0.1363380680928834,3.0,15.0,0.0,217.72267347380736,0.5568788110871377,0.44312118891286234,-0.12711509292939743,0.9300010299877537,-1459.7436720867165
293,-209.6515180320595,0.9944131899981655,0.13241784665761824,3.0,11.0,0.0,210.55653607268883,0.713764343699233,0.28623565630076697,0.21396005041639904,0.17848421920374022,-1437.1838464813127
294,-215.51584541348242,0.9927002535661245,0.16447015576170898,2.0,7.0,0.0,217.2319085793994,0.9903913036246977,0.009608696375302261,0.08776466037370366,3.9269226718360235,-1443.2549286628291
295,-209.26971836258178,1.0,0.1369746988805607,4.0,15.0,0.0,209.91320743869346,0.6116088298049361,0.38839117019506386,0.009520064700843406,0.4003158609774249,-1435.5163105912668
296,-210.21586767184937,1.0,0.1363380680928834,4.0,15.0,0.0,213.26063496628385,0.8311582886284136,0.16884171137158643,0.19632608930897827,0.3614859904436495,-1438.4086998377466
297,-214.7543970693762,0.9322274072343539,0.13241784665761824,4.0,19.0,0.0,215.40985560120663,0.0012589348439783704,0.9987410651560217,-0.20073004019637367,0.09567397396092074,-1437.2929611825543
298,-215.2470145557144,0.9884683247720287,0.16447015576170898,3.0,9.0,0.0,215.61422747844503,0.9917101321767838,0.008289867823216168,0.1684616559929974,3.8455100749284155,-1440.9158072954297
299,-211.81502543057442,0.9612913221819276,0.1369746988805607,3.0,11.0,0.0,212.2981805037657,0.9580581481503522,0.04194185184964783,0.04250512685039615,0.19108061293323064,-1440.9295517672301
300,-209.2342406167679,0.9970680643253461,0.1363380680928834,3.0,15.0,0.0,210.67770860031655,0.4502967036274175,0.5497032963725825,-0.08876777421261542,0.35421885723711377,-1435.5790040450681
301,-216.1513826526254,0.7920229691411821,0.13241784665761824,3.0,7.0,0.0,218.09722669723297,0.0053821709072809235,0.9946178290927191,0.28192899766132107,-0.0571030259269182,-1456.921431237951
302,-212.5498359176016,0.9705928205044493,0.16447015576170898,5.0,47.0,0.0,216.34110122559315,0.9836240522638354,0.016375947736164576,0.1235842031648054,2.04604593870666,-1436.095973904187
303,-211.81411113548336,0.9992078387208987,0.1369746988805607,4.0,15.0,0.0,212.1234903053781,0.9561507253343834,0.04384927466561661,0.2641006748173079,0.05588299817671193,-1441.18684903092
304,-210.1666641014475,0.9945649184222906,0.1363380680928834,4.0,15.0,0.0,210.5809973955042,0.18456379825027724,0.8154362017497228,-0.6004674984806779,0.2716407691301239,-1438.3229826297643
305,-213.59563120769167,0.999398625852133,0.13241784665761824,2.0,7.0,0.0,216.43694484052742,0.0032790510305254657,0.9967209489694745,0.21819471792432346,0.13584880073342115,-1435.8728666813251
306,-212.62886160223283,0.8322225359079957,0.16447015576170898,4.0,21.0,0.0,214.37222477042857,0.954064249759602,0.04593575024039798,-0.03953610636070656,1.7569802920510482,-1444.5170266133243
307,-212.1551077855567,0.990620912783285,0.1369746988805607,4.0,19.0,0.0,213.1751778458056,0.015732742795486858,0.9842672572045131,1.1495302352113335,0.14872933978634273,-1435.564840658106
308,-210.1666641014475,0.5195438538520228,0.1363380680928834,2.0,3.0,0.0,212.24516188985,0.18456379825027724,0.8154362017497228,-0.6004674984806779,0.2716407691301239,-1438.3229826297643
309,-210.1171824500837,0.9980002392723247,0.13241784665761824,4.0,15.0,0.0,213.94834968143715,0.1176267380994238,0.8823732619005762,0.37080411640592614,0.12133191322948872,-1435.6579575745702
310,-213.17520661665247,0.9911839170582989,0.16447015576170898,4.0,23.0,0.0,215.89563717384365,0.9458801583197926,0.05411984168020745,0.1764241834983411,2.1851660808171633,-1447.881071570896
311,-211.96143436840055,0.981148026263954,0.1369746988805607,3.0,7.0,0.0,212.4744146503746,0.020461349885952,0.979538650114048,1.2168422469975768,0.16020639984711207,-1435.8684407217806
312,-211.20232216617646,0.9570828059648884,0.1363380680928834,4.0,23.0,0.0,212.41910586849943,0.8333955910084427,0.16660440899155726,0.2863394760811613,0.2933439490002061,-1445.1503242194958
313,-211.6897138511977,0.9931143862275793,0.13241784665761824,4.0,23.0,0.0,212.82205326065292,0.06507930847868747,0.9349206915213125,-1.245763091090806,0.29143144945847066,-1441.5494999587872
314,-211.76363092390798,0.9974005970256333,0.16447015576170898,4.0,27.0,0.0,214.70882536294064,0.9418966300162193,0.05810336998378074,0.17997397521417394,1.4780695705302567,-1440.8272259086289
315,-209.5986787847715,0.9892056921721052,0.1369746988805607,4.0,23.0,0.0,213.4219552960448,0.22309823564851045,0.7769017643514895,0.3834629828131813,0.0973654014828979,-1435.614801760682
316,-212.4128381147554,0.9586229801902842,0.1363380680928834,3.0,7.0,0.0,212.77362714190056,0.6312807918513904,0.3687192081486096,0.0027984069239645505,-0.1610076692413434,-1457.20390951652
317,-211.3509507606448,0.9661686326928765,0.13241784665761824,2.0,3.0,0.0,212.21023368097414,0.064838152327614,0.935161847672386,-1.208344000868782,0.20910914164856745,-1439.3004168833647
318,-210.66921669993926,0.9953871105670633,0.16447015576170898,4.0,19.0,0.0,212.01944520530049,0.9220497839055504,0.07795021609444963,0.08202929702818536,1.181558722023429,-1435.8530892842093
319,-209.26041290500393,0.9914200890891576,0.1369746988805607,4.0,31.0,0.0,209.8774781568408,0.5755436147989381,0.4244563852010619,0.09966730960467463,0.20671317973640596,-1435.7385526638154
320,-212.6555851349133,0.9765781860437734,0.1363380680928834,1.0,1.0,0.0,212.91877853198983,0.6390246905762593,0.3609753094237407,0.0012602000244237852,-0.1836802848033287,-1458.811602678939
321,-211.58934412984854,0.9994573789001835,0.13241784665761824,2.0,7.0,0.0,211.95342565505285,0.04310380881328751,0.9568961911867125,-1.3250260416194748,0.19136457343325286,-1438.0364652713668
322,-210.64234276794343,0.867101565140235,0.16447015576170898,3.0,9.0,0.0,212.01624338389442,0.8104016902382729,0.1895983097617271,-0.06450776706260271,1.1175694645646304,-1441.044993233923
323,-209.59060837033238,0.7701850520155951,0.1369746988805607,3.0,15.0,0.0,212.87151717606258,0.4583347171858579,0.5416652828141422,0.5757874363079452,-0.14520102630818182,-1437.8718427076737
324,-209.30893568304668,0.9866984733542528,0.1363380680928834,2.0,3.0,0.0,213.14337999652398,0.571350260783538,0.428649739216462,0.05848866464002111,0.348106612726808,-1436.029018051956
325,-212.36100447234648,0.9687113987522665,0.13241784665761824,3.0,15.0,0.0,213.64810352061602,0.012378609011773265,0.9876213909882268,-0.4649630521824769,0.12350152403067602,-1436.3145848521244
326,-209.99827133039102,0.9278791132355654,0.16447015576170898,4.0,19.0,0.0,211.48082804829906,0.8062676342322752,0.1937323657677248,-0.02733973469124712,0.8996822095097556,-1437.0920485113902
327,-209.33807798381412,0.9710560771002292,0.1369746988805607,3.0,11.0,0.0,210.63429650739425,0.3686837602352617,0.6313162397647383,0.1376530807409871,0.12742200586430505,-1435.9559526766272
328,-209.58776727644567,0.9928903403362664,0.1363380680928834,4.0,31.0,0.0,210.00488513701976,0.38966753371456603,0.6103324662854339,0.3294044527089226,0.14304742245126248,-1437.7486375649512
329,-210.21706851472024,0.927370788088124,0.13241784665761824,4.0,19.0,0.0,214.30084917430716,0.10473751510029046,0.8952624848997095,0.6115147436211414,0.08515911017660624,-1435.4486918891462
330,-210.206170498016,0.8451548221660987,0.16447015576170898,2.0,3.0,0.0,211.06462547376748,0.8572507470025386,0.14274925299746144,0.08598557183264435,0.9005981706228624,-1436.8350038702645
331,-211.18124311506912,0.8849343331835359,0.1369746988805607,3.0,15.0,0.0,212.3933642196979,0.17222003762228244,0.8277799623777176,-0.5157192402107729,0.43214558853669843,-1444.9412005643828
332,-211.27982621481058,0.9674037673397556,0.1363380680928834,4.0,31.0,0.0,212.5593828771777,0.9496257077971795,0.050374292202820525,0.204322686664462,-1.1283625577985241,-1437.3346046349518
333,-212.21549801990835,0.8361004612471064,0.13241784665761824,3.0,7.0,0.0,213.33302239115832,0.1417021613919868,0.8582978386080132,0.9192468862473164,0.23277267501114515,-1450.6028170161126
334,-209.78495366406017,0.9437868950383009,0.16447015576170898,4.0,31.0,0.0,210.9625212705607,0.8011326917382334,0.19886730826176657,-0.01659436562222044,0.7248575926221894,-1436.0007167800118
335,-215.24653353912942,0.9726753429132896,0.1369746988805607,4.0,17.0,0.0,215.57040111551404,0.9523987140305827,0.04760128596941726,-0.1304244231664457,0.578498315664082,-1465.1964266672499
336,-211.3053840316077,0.9924949230229353,0.1363380680928834,3.0,7.0,0.0,211.5239329922026,0.9109110826732819,0.08908891732671809,0.23529586516142165,-1.1491066168630142,-1441.1095659313603
337,-211.38117211219884,0.9913588398660722,0.13241784665761824,3.0,11.0,0.0,213.36975694121207,0.06315432766862422,0.9368456723313758,0.21876161116508,0.04058885542074479,-1440.5956016468494
338,-210.41657884333588,0.812671039211348,0.16447015576170898,2.0,3.0,0.0,210.9716527007068,0.8040067036524051,0.19599329634759488,0.1356447781851454,0.7288922197577978,-1440.2672929202186
339,-213.0794310169072,1.0,0.1369746988805607,1.0,1.0,0.0,214.931545859517,0.9475755056865627,0.05242449431343732,-0.06196963838218153,0.599392692499189,-1450.8483583282646
340,-210.67013357506835,0.9913956061027698,0.1363380680928834,4.0,23.0,0.0,213.71950288140522,0.7518522748151698,0.2481477251848302,0.1372338247412725,0.7073256239300645,-1443.2117122375503
341,-211.69155234312927,0.8093745797711347,0.13241784665761824,3.0,11.0,0.0,216.2281175676298,0.5380320353638405,0.4619679646361595,0.609247081093272,0.022977623227665223,-1452.3762132668617
342,-211.56462279809918,0.8417843693224606,0.16447015576170898,2.0,7.0,0.0,213.07395951434646,0.9411030803824516,0.05889691961754839,-0.00719421303066875,0.8428954005633987,-1440.8412737059743
343,-213.1135053656246,1.0,0.1369746988805607,5.0,31.0,0.0,213.66446177644463,0.04389386071080327,0.9561061392891967,2.2268542919275247,0.18648721235161875,-1445.9204968137938
344,-211.71582871952143,0.9551743888046133,0.1363380680928834,4.0,31.0,0.0,213.12415034582577,0.6350750236348147,0.3649249763651853,-0.3485102135580359,0.8183079921561051,-1451.6983931098266
345,-214.82850278363478,0.9507248113358798,0.13241784665761824,5.0,31.0,0.0,216.12480796722363,0.019116414170544063,0.9808835858294559,-3.3678291889620957,0.15792369369187603,-1446.6987291948253
346,-211.56750820023547,0.8452966585475081,0.16447015576170898,3.0,15.0,0.0,216.24633815612358,0.35832227994666094,0.641677720053339,-0.6248966559661681,0.3691524259220583,-1450.8473803939871
347,-212.560004236244,0.8558967361344516,0.1369746988805607,2.0,7.0,0.0,214.15374407621877,0.05416940280917291,0.9458305971908271,2.080216893213899,0.014603810371339898,-1444.050587645459
348,-212.47285590895393,0.9833472475100594,0.1363380680928834,3.0,7.0,0.0,212.99358656270792,0.6342309055970805,0.3657690944029195,-0.3067097276597222,0.9977563955034996,-1456.6767773253453
349,-214.46866942691932,0.9268919578010738,0.13241784665761824,4.0,27.0,0.0,218.12942772991715,0.00538609059562354,0.9946139094043764,-2.7814037845560073,0.10124085483178819,-1438.6852808610163
350,-211.91121768790427,1.0,0.16447015576170898,4.0,15.0,0.0,212.65505749126714,0.02070771421211142,0.9792922857878886,-0.05031940192662984,0.10623720520485469,-1436.8912681434113
351,-213.24845837052456,0.9144663784175316,0.1369746988805607,4.0,31.0,0.0,214.34098535176958,0.013893965093515209,0.9861060349064847,2.5680785390376863,0.14277019205220612,-1437.7196714372099
352,-209.85914510226826,0.9983502252926211,0.1363380680928834,3.0,7.0,0.0,213.15509205484958,0.5356973857547005,0.4643026142452995,-0.26152845580970513,0.47575661802284686,-1439.789634622685
353,-211.09039778623605,0.9865537712906657,0.13241784665761824,5.0,31.0,0.0,215.60157693897233,0.19836734237565337,0.8016326576243467,-0.786424680463921,0.2526461207611474,-1444.8701072228519
354,-215.33178793736158,0.8990823180150965,0.16447015576170898,4.0,23.0,0.0,217.96152243408903,0.0006808256515281492,0.9993191743484718,1.2067408414077203,0.15992466379798798,-1435.8023390936492
355,-213.4336016700373,0.9930867437202046,0.1369746988805607,2.0,7.0,0.0,214.30775149778583,0.027738619589627856,0.9722613804103721,2.724607582720769,0.0995532263392774,-1442.9704415798933
356,-209.40235254318395,0.9463269332347994,0.1363380680928834,4.0,15.0,0.0,210.97281556332675,0.6891781096494135,0.3108218903505865,0.005730068374019459,0.5223106567111028,-1435.6212105753248
357,-210.0717898137715,0.9994871128369783,0.13241784665761824,3.0,15.0,0.0,212.42570125425567,0.3381554257411277,0.6618445742588723,-0.19826253340689598,0.46755265444977134,-1440.5610833080211
358,-213.9592318695129,0.9763044097715227,0.16447015576170898,4.0,15.0,0.0,215.8861874752593,0.00286029147833334,0.9971397085216667,0.8821654165267179,0.10150560682596468,-1436.819804315083
359,-215.2936387737275,0.9708593398507419,0.1369746988805607,4.0,15.0,0.0,215.3994835668977,0.0023346317092300425,0.9976653682907699,3.2142972262327882,0.13388383845358823,-1436.3827196153652
360,-210.94106710168379,0.7900178805048377,0.1363380680928834,2.0,7.0,0.0,213.3330223366081,0.48649951760953514,0.5135004823904649,0.20952033955413185,0.39419869199668345,-1447.3759676728175
361,-209.5747419864909,0.99829016565041,0.13241784665761824,3.0,7.0,0.0,210.29154162314612,0.5094847670539668,0.49051523294603316,-0.06711653636949319,0.2297434083605938,-1438.062896669767
362,-212.13200155237584,0.9319379046050573,0.16447015576170898,4.0,15.0,0.0,215.10438849108957,0.032847383008717486,0.9671526169912825,1.3399198433623563,0.009532403702700795,-1439.9788177779496
363,-209.4725731858868,0.9971905621997559,0.1369746988805607,4.0,31.0,0.0,217.746501136852,0.2934984613347381,0.7065015386652619,0.3474510402922061,0.022603592963633908,-1436.0125324424362
364,-211.55781254001715,0.9226173107236737,0.1363380680928834,1.0,1.0,0.0,211.70249862101986,0.49653174845700837,0.5034682515429916,0.23673165914780853,0.4219726808123595,-1451.610941191423
365,-210.82127145608032,0.8657724934667482,0.13241784665761824,4.0,15.0,0.0,211.96271051945706,0.1043979226845749,0.8956020773154251,1.3453807210364135,0.036360697635979926,-1438.3676569704385
366,-211.8793150533506,1.0,0.16447015576170898,2.0,3.0,0.0,212.23762840926338,0.03802722086269608,0.961972779137304,1.3675171528555161,0.012954116534556437,-1439.1431461900816
367,-209.91702222479145,0.9966947206397416,0.1369746988805607,4.0,19.0,0.0,210.35537508426253,0.8202581744830534,0.17974182551694662,0.30477084514544917,-0.3975788285112632,-1436.6147283581108
368,-209.49699040107558,0.9923340000615235,0.1363380680928834,2.0,7.0,0.0,212.36444741490055,0.734144166834896,0.26585583316510397,0.14553591329837623,0.20392644699814444,-1435.8135016923989
369,-211.5131238203594,0.8837868713843993,0.13241784665761824,3.0,11.0,0.0,212.60028066538635,0.03105917059828378,0.9689408294017162,1.2901448586678481,0.13073861426282068,-1435.428197611296
370,-211.2566696681409,0.9961519888319619,0.16447015576170898,3.0,11.0,0.0,212.10587463559762,0.04771057176374034,0.9522894282362596,1.2533531263839852,0.0447908748126972,-1436.5959775288006
371,-210.55922489960443,0.9906612578632654,0.1369746988805607,4.0,27.0,0.0,211.75194430691877,0.10434279377584306,0.8956572062241569,-0.6164062274376094,0.2930381401850823,-1437.716115534923
372,-209.5493676211555,0.9912831036284835,0.1363380680928834,4.0,31.0,0.0,209.81473196104696,0.489124417343373,0.510875582656627,0.27120057960924027,-0.10211987446698996,-1437.8637866508768
373,-212.7242247067574,0.9721030924647086,0.13241784665761824,3.0,7.0,0.0,212.79348078832396,0.012402418177226225,0.9875975818227738,1.2876324348989785,0.2018747219047682,-1437.5697534349254
374,-209.75357512774775,0.8924146117332061,0.16447015576170898,4.0,31.0,0.0,213.64629511211152,0.7646369616241687,0.23536303837583128,0.28380950216424,-0.05268160910395501,-1437.0077551117627
375,-209.87558965618973,0.9902060486250549,0.1369746988805607,3.0,15.0,0.0,210.98387973820854,0.1592265118575067,0.8407734881424933,-0.29201404130908337,0.2498022102803082,-1435.7511688702202
376,-209.67808201274488,0.9798944209392622,0.1363380680928834,3.0,15.0,0.0,210.08528231179946,0.7842183665731224,0.21578163342687762,0.19795246718485307,0.10027376061385496,-1436.09034584024
377,-211.45072661609137,0.9427260382748035,0.13241784665761824,3.0,15.0,0.0,214.54463658499262,0.037350760299592084,0.9626492397004079,0.77454907718241,0.06477976169130258,-1437.1567111736288
378,-213.60419599902963,0.9515623255391764,0.16447015576170898,4.0,31.0,0.0,216.2058765652407,0.9965623512945082,0.0034376487054917915,0.13330649751519635,0.7137073966117842,-1435.8590766650207
379,-211.84146357459917,0.9885646291355419,0.1369746988805607,4.0,15.0,0.0,212.41260047394718,0.9738397016887299,0.02616029831127009,0.06836748295120684,0.8124556239944556,-1437.4233835458915
380,-209.7106000431709,0.999310991425632,0.1363380680928834,4.0,31.0,0.0,210.19883595012448,0.5282630876986771,0.47173691230132286,-0.24874351148478832,0.5204181871141859,-1438.7439317133712
381,-209.64244742134935,0.9628348034614901,0.13241784665761824,4.0,15.0,0.0,212.32048087564712,0.474846582111027,0.525153417888973,0.36141717802751416,0.1055592130095006,-1438.4426266822184
382,-210.15509521648326,0.7653119326888169,0.16447015576170898,3.0,11.0,0.0,216.13640131323112,0.8421924189553778,0.15780758104462222,0.13131752951032108,0.6617234787305126,-1437.3662665126785
383,-209.29035188891967,0.9260972658040999,0.1369746988805607,4.0,19.0,0.0,213.79780618922996,0.4731319091783576,0.5268680908216423,-0.14990616221951747,0.3921304433434014,-1435.9781991338243
384,-211.5766903106146,0.9213888129165033,0.1363380680928834,4.0,31.0,0.0,214.8874361974422,0.030856305421782214,0.9691436945782178,-0.6658192235470575,0.22599058127406252,-1436.8485720571216
385,-209.72819814367045,0.9289302686732185,0.13241784665761824,3.0,7.0,0.0,211.66259584711526,0.8015464404461999,0.19845355955380006,0.0673676521668319,0.3488512893053079,-1435.9427634219137
386,-210.13473294711818,0.9897101526452957,0.16447015576170898,4.0,31.0,0.0,211.853579101033,0.24339900177864798,0.756600998221352,-0.5442275113841861,0.29836353126813925,-1439.5389670106354
387,-209.6059855963846,0.8729736632959365,0.1369746988805607,2.0,7.0,0.0,211.2967652686615,0.645879827699465,0.35412017230053505,-0.14000961192638067,0.5774428128686315,-1437.4112713890772
388,-211.52331065102,0.8609084085719921,0.1363380680928834,2.0,7.0,0.0,213.3221092284761,0.06959595951299884,0.9304040404870012,-0.7680311784570291,0.10063730673187396,-1441.7253795065103
389,-210.413263056534,0.9815838014201186,0.13241784665761824,4.0,31.0,0.0,211.0188607232585,0.10466517750715526,0.8953348224928448,1.0575848710682245,0.02571872932087694,-1436.1625485571549
390,-209.9343569982391,0.988980284255703,0.16447015576170898,3.0,15.0,0.0,211.84641354328275,0.33002401942782483,0.6699759805721752,0.4179784795881058,0.15368600352937017,-1439.5793988826613
391,-210.334640950883,0.7384972907212918,0.1369746988805607,2.0,7.0,0.0,212.16760439255665,0.49374104829481863,0.5062589517051814,-0.03256315869245588,0.5708944081431953,-1443.0806237693437
392,-210.35350905589485,0.9326973926651843,0.1363380680928834,4.0,15.0,0.0,212.22851787194517,0.3699129696027232,0.6300870303972768,-0.3472488656271269,0.25211020918671967,-1442.8512121317417
393,-211.32250785049865,0.8215388034950811,0.13241784665761824,3.0,15.0,0.0,214.2171347394709,0.05156429670805367,0.9484357032919464,1.400572465476813,0.14493446224469786,-1437.205559705284
394,-210.45308951189287,0.880682716242165,0.16447015576170898,3.0,15.0,0.0,212.92244043088076,0.10965938146200237,0.8903406185379976,0.18775279638823428,0.07660172309400944,-1437.6518530321475
395,-209.7041755345544,0.960677565341962,0.1369746988805607,3.0,11.0,0.0,213.11265258140514,0.6423001007399686,0.35769989926003143,0.18070267527370837,-0.11604981872971143,-1438.3856475170876
396,-209.53397008260026,0.9992373423616242,0.1363380680928834,3.0,15.0,0.0,210.64883107862167,0.31758203367230603,0.6824179663276939,-0.07265490664112959,0.32737333351304504,-1436.7494189067997
397,-211.19460012827332,0.979764493335055,0.13241784665761824,3.0,11.0,0.0,212.06545319482433,0.046466354591991735,0.9535336454080082,1.0375211369467712,0.05602459488185586,-1436.4196610679085
398,-209.53953804831798,0.9709237423715703,0.16447015576170898,2.0,7.0,0.0,211.24136335550207,0.2750346616264493,0.7249653383735507,0.29013746740547813,0.04790456263613146,-1436.2344985212558
399,-209.37796883191754,0.9974146377195084,0.1369746988805607,4.0,15.0,0.0,210.72296739918198,0.5140538137248827,0.4859461862751173,0.47045116985570085,-0.1570940182260985,-1436.537711837218
400,-210.0940567661923,0.7879868823743033,0.1363380680928834,2.0,5.0,0.0,212.8183415687465,0.14364712407363517,0.8563528759263648,-0.08113638551347216,0.13471694347496532,-1436.7819926239872
401,-210.98765316833635,0.9993611682346243,0.13241784665761824,3.0,7.0,0.0,211.29206009820055,0.051751500536252056,0.9482484994637479,1.103033959509405,0.07346139805963188,-1435.572828351979
402,-210.98688685144128,0.9933869677237605,0.16447015576170898,4.0,15.0,0.0,211.13314567314512,0.08579672711400348,0.9142032728859966,1.319023479897745,-0.004933124237434016,-1438.359946073559
403,-209.79437095164377,0.879113694574211,0.1369746988805607,3.0,11.0,0.0,211.1121216185266,0.6856235271145312,0.31437647288546877,0.3655836895691563,-0.41460278326197125,-1438.3437663806712
404,-209.8111895544426,1.0,0.1363380680928834,4.0,31.0,0.0,210.23602537478746,0.6037129139976161,0.39628708600238394,-0.16160789971632247,0.6750282254910682,-1439.0283748008712
405,-211.0248680862526,0.9853051206011845,0.13241784665761824,2.0,7.0,0.0,212.01591059772903,0.06278247904309846,0.9372175209569016,1.1965168223195468,0.026656532137882327,-1436.9022328258002
406,-210.042980318487,0.9326727547281247,0.16447015576170898,4.0,15.0,0.0,212.36230363537388,0.13212720546263915,0.8678727945373609,-0.03206575672123882,0.1535244486588673,-1435.9441390565794
407,-210.14601781955355,0.9433018509021122,0.1369746988805607,4.0,15.0,0.0,210.44327691091812,0.8186668323094304,0.18133316769056962,0.13393014148680424,-0.19077601250033488,-1438.413824650485
408,-209.99820200548456,0.9339328786526626,0.1363380680928834,2.0,3.0,0.0,210.37723290547217,0.5676102165932342,0.4323897834067658,-0.13807259448831524,0.6782289285452827,-1440.4988796159912
409,-210.3491186392252,0.970947894600047,0.13241784665761824,5.0,39.0,0.0,214.69425399459345,0.5743463978085936,0.42565360219140636,-0.29488594991924016,0.5208461876631085,-1443.0002835382124
410,-209.50943368169106,0.9883422708685335,0.16447015576170898,3.0,7.0,0.0,210.3222878817538,0.256498988739406,0.743501011260594,0.07095479868011124,0.18841295483859832,-1435.7586376034433
411,-209.79013468389095,0.9696656042357463,0.1369746988805607,3.0,11.0,0.0,211.7080385870551,0.7902866939549315,0.20971330604506855,0.14456219990121638,0.38731094057557014,-1436.6155210210184
412,-209.74974004104436,0.9987080194492102,0.1363380680928834,4.0,27.0,0.0,210.36228688120678,0.7382917356958073,0.2617082643041927,0.1602386064744738,-0.1145926052513246,-1437.5104216882528
413,-210.66795296387272,0.9831443398161188,0.13241784665761824,3.0,15.0,0.0,211.0336487780416,0.6309875648892317,0.3690124351107683,0.07231227635119786,0.661619432824301,-1444.7928522155548
414,-209.82459264970137,0.988501043680812,0.16447015576170898,4.0,15.0,0.0,209.9249228946508,0.7428033276354806,0.2571966723645194,0.17457274474186552,0.33799517338882135,-1437.8579989940426
415,-211.10801196246672,0.8548091247717131,0.1369746988805607,3.0,15.0,0.0,211.7306682404551,0.48017618980048166,0.5198238101995183,0.005583941122582897,-0.024960931774866663,-1448.6948698941658
416,-210.11084143469975,0.9896129674702088,0.1363380680928834,4.0,15.0,0.0,210.4073558010925,0.6820934707408035,0.3179065292591965,-0.16139013373800049,0.5130106685031088,-1440.5854345516618
417,-210.47923869430795,1.0,0.13241784665761824,4.0,23.0,0.0,213.388310367771,0.1339421015034548,0.8660578984965452,1.1622478818094784,0.012268889218340844,-1437.8922012756993
418,-209.71989415224772,0.9704568059337398,0.16447015576170898,3.0,15.0,0.0,210.78106791791205,0.727290121061229,0.27270987893877097,0.2799267872554104,0.02895537901858241,-1437.4501166888865
419,-209.47794179298475,0.9826665033355708,0.1369746988805607,2.0,7.0,0.0,211.93844568576952,0.29212535596166816,0.7078746440383319,0.006937869792913755,0.1687202328400354,-1436.1106963103186
420,-209.27509618044675,0.9710996772070767,0.1363380680928834,3.0,11.0,0.0,212.3098275645665,0.46910952830476316,0.5308904716952368,0.30783002644792157,0.062450667755934997,-1435.9333622713777
421,-211.97973666278975,0.8834752812995116,0.13241784665761824,3.0,7.0,0.0,213.55382152395464,0.14853262498251943,0.8514673750174806,1.221641202437553,-0.15944260305126895,-1448.7100712513718
422,-210.18471235406435,0.9469610157623223,0.16447015576170898,4.0,15.0,0.0,210.53393171720546,0.550859331297664,0.44914066870233604,0.557558719747721,-0.11137734510060952,-1441.977389946599
423,-209.27398434310106,0.9771104947064029,0.1369746988805607,3.0,15.0,0.0,210.06226126448794,0.6078953518121606,0.3921046481878394,0.06756170528103655,0.3016176056254278,-1435.625399839946
424,-209.56227597173597,0.9979393365170103,0.1363380680928834,4.0,31.0,0.0,209.83088169085664,0.2384470200675199,0.7615529799324801,-0.016418034960502002,0.1823536736817903,-1435.7913167009362
425,-209.55214527788414,0.9938191251630873,0.13241784665761824,3.0,7.0,0.0,213.23094885110567,0.23977756543502027,0.7602224345649797,0.4692034899358693,0.024705649299780592,-1435.5860194727882
426,-209.6762008794481,0.9993357819822739,0.16447015576170898,5.0,31.0,0.0,210.6326466143189,0.7715502443930244,0.22844975560697556,0.16738999474810584,0.2419765739081763,-1436.3267016057728
427,-209.262767865942,0.9865244197694835,0.1369746988805607,3.0,11.0,0.0,210.979898255808,0.5760327813518719,0.42396721864812814,0.35123664834042145,-0.08513363223767365,-1435.6854149370506
428,-211.08091118640945,0.6659803831905955,0.1363380680928834,3.0,9.0,0.0,212.11202354227893,0.6830053201129271,0.31699467988707286,-0.04891522105126597,0.09417621041707135,-1447.5158396062302
429,-209.24410713229636,0.9780806397604849,0.13241784665761824,3.0,15.0,0.0,210.30552874086322,0.5099168400824936,0.4900831599175064,0.21081794208371585,0.10868265469367862,-1435.7796101335343
430,-209.75343654587618,0.9750434652795508,0.16447015576170898,4.0,31.0,0.0,210.14920777548747,0.2909043803491252,0.7090956196508749,-0.4125300798852451,0.35696785616088544,-1437.764365729836
431,-209.55154438866677,0.9624319137132376,0.1369746988805607,3.0,15.0,0.0,210.01200832327294,0.31795657381937825,0.6820434261806217,0.4694515589754195,-0.07210165606570115,-1436.7774819703923
432,-210.04280381130093,0.9899961128367523,0.1363380680928834,3.0,7.0,0.0,211.58678024004269,0.4484656165615294,0.5515343834384706,0.23804466060921806,0.2677786355618672,-1441.1634856897733
433,-209.677005082226,0.981007650203127,0.13241784665761824,4.0,23.0,0.0,210.8916678996652,0.20463885583295024,0.7953611441670497,-0.08491686675749421,0.23684443670769104,-1435.8019703872844
434,-210.08791448549346,0.9903815639197615,0.16447015576170898,4.0,19.0,0.0,210.99461853684323,0.8787687899406416,0.12123121005935844,0.09030521494228722,0.6586297218767279,-1435.3858299589565
435,-210.23529301377084,0.872829764848981,0.1369746988805607,2.0,3.0,0.0,210.9025040011178,0.28085589115939086,0.7191441088406092,0.5122469489906362,-0.13637625964466762,-1440.9616298332844
436,-212.5681123671288,0.9516511390584753,0.1363380680928834,4.0,23.0,0.0,214.30656626402836,0.12692238199163808,0.8730776180083619,1.404884498097436,0.17365852153247358,-1451.4417880724352
437,-209.67128415324828,0.9732064161608973,0.13241784665761824,3.0,15.0,0.0,210.74082390575836,0.5547113680735161,0.44528863192648394,-0.18503625685712077,0.4041778652915172,-1438.5279097919108
438,-209.36030073196557,0.9488274631731144,0.16447015576170898,3.0,15.0,0.0,212.9242533270016,0.6681771194969434,0.33182288050305664,0.2537040950046445,-0.0036818473103926164,-1435.748594841198
439,-211.15568252885922,0.930529054441186,0.1369746988805607,3.0,7.0,0.0,211.4280686092562,0.16292026633836665,0.8370797336616334,0.7016259968782271,-0.11876868651347766,-1444.4120024452657
440,-213.08670473151517,0.9956603614143161,0.1363380680928834,4.0,31.0,0.0,215.27242978686908,0.009435750397368037,0.990564249602632,1.9916314725031987,0.09951631980714495,-1436.2391477350627
441,-210.25756273546463,0.9935415043242279,0.13241784665761824,3.0,15.0,0.0,211.60321924720674,0.4986416160739023,0.5013583839260978,-0.21687221333577483,0.6549905600347071,-1442.4205044321195
442,-209.26070554037096,0.97294891149612,0.16447015576170898,3.0,15.0,0.0,209.75621182638514,0.5098397229436571,0.4901602770563429,0.1857080008311115,0.07426594281658642,-1435.9083441576577
443,-213.1217947619228,0.9433219914675509,0.1369746988805607,4.0,27.0,0.0,213.22976323680996,0.05227533026654986,0.9477246697334502,1.0922335074364924,0.28420622046575617,-1450.3360954966925
444,-212.07268281319924,0.9982953590183339,0.1363380680928834,4.0,15.0,0.0,213.42853454794204,0.16312153228994639,0.8368784677100536,1.4896774425589918,0.001614491927822502,-1449.2743704424624
445,-210.58632825136806,0.9945551771388377,0.13241784665761824,4.0,31.0,0.0,212.29067054195937,0.8854429424177384,0.11455705758226165,0.15073430324929601,0.8337923357704328,-1438.2515511677097
446,-210.2229021699532,0.9217965207851821,0.16447015576170898,3.0,15.0,0.0,213.33524124560066,0.10380555618527472,0.8961944438147252,0.6450008441202217,0.09907570990031252,-1435.3958908739357
447,-211.5643666746451,1.0,0.1369746988805607,2.0,3.0,0.0,212.7453551165493,0.05050020661058266,0.9494997933894174,1.0605615460222706,0.003691189771812653,-1439.4806541735345
448,-212.66703548948735,0.8677844051641126,0.1363380680928834,4.0,15.0,0.0,214.72041862329388,0.017242345342153655,0.9827576546578464,1.7036078856371863,0.04655652123579091,-1438.375631335111
449,-210.63715335214565,0.9967254044910282,0.13241784665761824,2.0,3.0,0.0,210.74064645720307,0.8995600071160882,0.10043999288391181,-0.004651793535073237,0.8228711138029559,-1437.838669705823
450,-211.94695842277724,0.9933933292870283,0.16447015576170898,3.0,7.0,0.0,212.4575150938272,0.16874880506289477,0.8312511949371052,1.3951206767610278,-0.10635464538767686,-1448.819343251367
451,-210.67340094168893,0.9998735635269235,0.1369746988805607,4.0,15.0,0.0,211.5761702949573,0.12672328683601405,0.8732767131639859,1.196824103537132,-0.027749774091083867,-1438.8370977824716
452,-214.76967055214405,0.7015292916917516,0.1363380680928834,4.0,17.0,0.0,215.978253969771,0.01534392361871036,0.9846560763812896,2.1020608384768322,0.3003817255871736,-1450.7222835146572
453,-210.29878282907328,1.0,0.13241784665761824,4.0,15.0,0.0,210.8677884545806,0.6904221981721217,0.3095778018278783,-0.02788451731227723,0.8334266387364389,-1441.4334386629637
454,-211.30351296246718,0.973916797122172,0.16447015576170898,4.0,15.0,0.0,212.68521578932817,0.04925572829853441,0.9507442717014656,1.1150725716010785,0.17033962852514128,-1437.3879814144989
455,-211.44496304465264,0.9464669788889253,0.1369746988805607,3.0,11.0,0.0,212.68500960870546,0.040959813121563354,0.9590401868784366,1.3825333789101972,0.15029585825687292,-1436.5798124968785
456,-213.41305784414186,1.0,0.1363380680928834,1.0,1.0,0.0,214.4661772774853,0.015878612465117257,0.9841213875348828,2.0958576360192445,0.23186453973297544,-1441.6379721106362
457,-209.37529110964687,0.9994259175288022,0.13241784665761824,4.0,31.0,0.0,210.55200164934095,0.6269238933558453,0.3730761066441547,0.08712621106978986,0.35158740221657186,-1436.163683072472
458,-211.52501612863725,0.9958735742467478,0.16447015576170898,4.0,23.0,0.0,212.4336893941741,0.03227531995077196,0.9677246800492281,0.5290006152015448,0.08454281082150772,-1436.971164073877
459,-210.20715314262725,0.9884727774888721,0.1369746988805607,4.0,31.0,0.0,212.82580242770686,0.12614678018927167,0.8738532198107283,0.5297891166423608,0.14853074150727202,-1436.565516621663
460,-211.69872821327394,1.0,0.1363380680928834,5.0,31.0,0.0,213.49928716261977,0.11480289585500698,0.885197104144993,1.4640875829326911,-0.07285163623852114,-1444.7130641025674
461,-209.93860172074088,0.9131812964106586,0.13241784665761824,5.0,31.0,0.0,211.01821498575316,0.37933255962890505,0.620667440371095,0.3782775196997045,-0.14512535449603875,-1440.072041981595
462,-209.43313445579068,0.9662970123593672,0.16447015576170898,4.0,23.0,0.0,214.29260227624962,0.7049529334398241,0.2950470665601759,0.1933366549967386,0.09363443902417679,-1435.8261284525313
463,-210.63447719633902,0.8807837877394484,0.1369746988805607,3.0,11.0,0.0,212.36599004267399,0.11411350187273314,0.8858864981272668,0.7919000452396905,0.16134123310831566,-1438.6167611061328
464,-211.78212562013653,0.9441040764775295,0.1363380680928834,2.0,3.0,0.0,212.0686607736968,0.11952831131703613,0.8804716886829639,1.4240641298205337,0.12762228211210974,-1445.621144541993
465,-210.14676076344804,0.9905405805567529,0.13241784665761824,3.0,15.0,0.0,211.19985786650582,0.7865534618383744,0.21344653816162562,0.35642247304460956,-0.2145442251803814,-1439.1663217047928
466,-209.6161116508553,0.9476944910517104,0.16447015576170898,2.0,7.0,0.0,209.92781129397935,0.6850555287739593,0.31494447122604075,0.1035764644480569,0.07285876775744354,-1437.3691224040442
467,-209.40010843581624,0.9921957804900121,0.1369746988805607,4.0,15.0,0.0,210.7028451820472,0.456146965036439,0.5438530349635611,0.5131893219276318,-0.14263100326970318,-1436.6102077287317
468,-212.18682791782678,0.8847872719483161,0.1363380680928834,2.0,3.0,0.0,212.75365109877728,0.06444683837820321,0.9355531616217968,1.3547760929007981,-0.06804608659439915,-1444.7452039038537
469,-209.66821564387865,0.9532817591972472,0.13241784665761824,5.0,31.0,0.0,211.00179174896743,0.21729742032314162,0.7827025796768584,0.4341354597014298,0.030721857253987087,-1435.9361426046407
470,-210.08170411318994,0.9979578830006586,0.16447015576170898,4.0,15.0,0.0,210.28376015857413,0.8244810676524561,0.1755189323475439,0.26256620151478033,-0.0014799474878290537,-1437.7807139265342
471,-209.27480144214306,0.8764890126244715,0.1369746988805607,4.0,15.0,0.0,210.96086142436786,0.5996452129204147,0.4003547870795853,0.19608652083157213,0.08523902857723212,-1435.723508239723
472,-211.6472230099441,0.9435801511158243,0.1363380680928834,3.0,7.0,0.0,213.11718909696452,0.13699292669846935,0.8630070733015307,1.4991702735532142,0.02394801160052204,-1445.316917841907
473,-209.51626373062385,0.998744382325765,0.13241784665761824,4.0,31.0,0.0,209.88653465866193,0.2884843683615773,0.7115156316384227,0.22237988444224632,0.16688598877003835,-1436.282088474617
474,-209.72513575555823,0.9597341963456163,0.16447015576170898,3.0,11.0,0.0,212.5822954588642,0.3092691876263384,0.6907308123736615,0.32563247122035094,-0.031907338286076004,-1437.9750212533208
475,-210.77620261211462,0.9416738204871772,0.1369746988805607,4.0,21.0,0.0,211.25597931670933,0.8203210363975333,0.1796789636024667,0.09125163038402637,1.0250290404076197,-1441.850116604725
476,-211.0282460835736,0.9991387986204329,0.1363380680928834,3.0,7.0,0.0,211.8455878658097,0.10370065901879982,0.8962993409812001,1.3719142700184583,-0.015952553137746427,-1439.6951380978417
477,-211.8492649749222,0.9674390819925109,0.13241784665761824,4.0,23.0,0.0,212.46308895369995,0.13363665351506593,0.8663633464849341,1.5038754974571793,0.07271414040908405,-1446.551770752687
478,-209.3874819333818,0.9983740997549786,0.16447015576170898,2.0,7.0,0.0,209.9440492636155,0.34132555849603413,0.6586744415039658,0.5095407416198593,0.005299471524359136,-1435.8638344791568
479,-210.68692766472398,0.974207014300964,0.1369746988805607,4.0,23.0,0.0,211.45082674300025,0.377840664992068,0.622159335007932,0.49376877377353384,0.16811859088282635,-1445.1374749333538
480,-209.69288476222232,0.9979688837275518,0.1363380680928834,5.0,33.0,0.0,211.3455724416884,0.21860078057803473,0.7813992194219652,0.5572550795032094,-0.008811964062109656,-1436.0317008689779
481,-213.86782468757798,0.9968510524432389,0.13241784665761824,4.0,23.0,0.0,214.35895506879865,0.0061764206896403225,0.9938235793103597,2.527571875483328,0.10768786423434024,-1436.637542466619
482,-210.24850856888892,0.9579480731390904,0.16447015576170898,4.0,19.0,0.0,210.7850775059448,0.8316703951581776,0.16832960484182236,0.14335878622686288,-0.28641610822017644,-1438.6749795946919
483,-210.1383128267732,0.9330552006959941,0.1369746988805607,4.0,23.0,0.0,213.5979637873181,0.20124118127559137,0.7987588187244086,-0.5895757243391925,0.323769907908941,-1438.566369899763
484,-209.74434719999252,0.9858398403385069,0.1363380680928834,2.0,7.0,0.0,211.02651331671888,0.3397222097230128,0.6602777902769872,0.7106054361816668,-0.0876324922156728,-1438.0948015835959
485,-212.9690256594801,0.9990401887743604,0.13241784665761824,4.0,23.0,0.0,214.75586128596186,0.009069590575724703,0.9909304094242753,1.6956210989226244,0.100888963239089,-1436.0976124005483
486,-209.6994292200625,1.0,0.16447015576170898,4.0,23.0,0.0,210.69756970626727,0.24778894722464578,0.7522110527753543,0.07878614486993715,0.23929237000776313,-1436.8930860674395
487,-211.97123033978227,0.9379755335788345,0.1369746988805607,4.0,15.0,0.0,212.6805493148513,0.01998266092024119,0.9800173390797589,-0.07516721691678627,0.20693558471275622,-1437.0348088855903
488,-210.55747048703483,0.8332949513558854,0.1363380680928834,2.0,7.0,0.0,211.0467875746513,0.3816668638740871,0.6183331361259129,0.6798152160225193,0.03715500143796288,-1444.104885042108
489,-210.04672266262708,0.9893556646239332,0.13241784665761824,4.0,23.0,0.0,213.76971084577517,0.13328420633392699,0.866715793666073,0.8199321675971237,0.05302623766792731,-1435.4593119610802
490,-210.53164658843255,0.9388353286082035,0.16447015576170898,3.0,7.0,0.0,212.04338296481478,0.19414707254456426,0.8058529274554358,-0.7069693268948094,0.28184877662031244,-1440.9870933829598
491,-211.2320626613602,0.8107681070475742,0.1369746988805607,4.0,15.0,0.0,213.62492597131973,0.5821112455558033,0.4178887544441967,0.42333469549004643,0.16858718016013755,-1449.1950745866905
492,-209.5520467158648,0.9978401706600837,0.1363380680928834,3.0,15.0,0.0,211.11236657932398,0.6942076727512644,0.3057923272487356,0.3172262293184309,-0.0658319102397871,-1436.7377532503094
493,-209.63735106391596,0.9988510961966836,0.13241784665761824,4.0,15.0,0.0,210.25761136775273,0.24882757798971505,0.7511724220102849,0.7009639457822313,-0.010449463647117381,-1436.114057125404
494,-209.50388020253766,0.8630114755467502,0.16447015576170898,3.0,15.0,0.0,212.85177785594158,0.29259701108135105,0.707402988918649,-0.22430584020138764,0.25673342490143364,-1436.220677018835
495,-209.41083778310136,0.9992836653651775,0.1369746988805607,4.0,15.0,0.0,211.70271478313094,0.5760278399347744,0.42397216006522565,0.31202002537320206,-0.17842151901470973,-1436.709496681344
496,-209.80348038949745,0.898192496274543,0.1363380680928834,3.0,11.0,0.0,211.58671232593005,0.36981519914706096,0.630184800852939,0.44315028590842814,-0.15113802078748656,-1439.020700924632
497,-210.00312043389556,0.9939749028178454,0.13241784665761824,4.0,31.0,0.0,210.1961356016375,0.13520522245688335,0.8647947775431166,0.38784145513510954,0.09879877208930281,-1435.6862574608622
498,-209.61062117195914,0.9454334490073255,0.16447015576170898,3.0,15.0,0.0,211.48995754646353,0.4755569614753842,0.5244430385246158,-0.006501246044184811,0.15360388548665102,-1438.3257551679144
499,-212.38146133874596,0.6984357126619265,0.1369746988805607,4.0,15.0,0.0,214.26636488353662,0.9884567709976321,0.011543229002367927,0.1349966711929843,0.7110960926800431,-1435.7265737654943
500,-209.69350858453527,0.9141249125150824,0.1363380680928834,3.0,15.0,0.0,212.93471142755752,0.7056970557895063,0.29430294421049374,0.30331696884122833,0.0013815256715933033,-1437.5749774665435
501,-209.81290904857872,0.9886793919420053,0.13241784665761824,4.0,15.0,0.0,210.62911707230998,0.23714391530381146,0.7628560846961885,0.4559030109428437,0.1353460982560956,-1437.3302423996313
502,-209.62185900515462,0.9740949242651701,0.16447015576170898,3.0,15.0,0.0,210.3348067342236,0.48118696914300796,0.518813030856992,0.2698154667132826,0.1791413833467213,-1438.339963509996
503,-209.88736887408757,0.9995897256537408,0.1369746988805607,4.0,15.0,0.0,213.02253140815387,0.8425429866170017,0.15745701338299833,0.12001780924712248,0.4265888091641254,-1435.7278047363407
504,-209.51201477174385,0.9979330507730567,0.1363380680928834,3.0,15.0,0.0,210.7425226615126,0.6795225035755763,0.3204774964244237,-0.004676848897895519,0.3280064683607911,-1436.6352603559246
505,-211.48578186791698,0.9271448971412771,0.13241784665761824,4.0,19.0,0.0,214.04920902153026,0.04218007450040636,0.9578199254995936,1.6178710563175673,0.07435673498599674,-1436.4607996249508
506,-210.17589755630627,0.9920524041376592,0.16447015576170898,4.0,15.0,0.0,211.63572875983425,0.5693161345001092,0.4306838654998908,-0.2853018168260152,0.6132069397193514,-1441.7384637658297
507,-211.98974657989623,0.5772405221912241,0.1369746988805607,2.0,3.0,0.0,213.5115732891384,0.8533980564504057,0.14660194354959433,-0.09624646294271817,0.40729494844255476,-1449.8638447308508
508,-212.31549174077782,0.9714538954203608,0.1363380680928834,4.0,15.0,0.0,213.82220472518824,0.9247201902952193,0.07527980970478065,0.14492689244644733,-1.382025021144147,-1446.5482647182857
509,-210.72851351960864,0.9893395139996695,0.13241784665761824,4.0,15.0,0.0,212.50349953359458,0.08581623554683888,0.9141837644531611,0.8887723059363295,0.15330715413455484,-1437.3765316452564
510,-209.7117705917682,0.9797776515707189,0.16447015576170898,3.0,7.0,0.0,211.33284945413365,0.5320491681529239,0.4679508318470761,-0.23559894085723962,0.5613356259580174,-1438.712962845915
511,-210.3604273785015,1.0,0.1369746988805607,2.0,7.0,0.0,212.15245053843336,0.8454151669861705,0.15458483301382953,0.016543577235881013,0.3451300101759326,-1438.9583989954615
512,-213.21070515869317,0.9492142829945565,0.1363380680928834,3.0,15.0,0.0,214.48134582827504,0.9462370782198807,0.05376292178011932,0.061923448851453025,-1.418632939965847,-1450.492025350407
513,-211.0387867409916,0.983706196135819,0.13241784665761824,3.0,7.0,0.0,213.8227652458439,0.21499106705636842,0.7850089329436316,1.145822831749248,-0.005918235749750256,-1444.380196031261
514,-210.85999762912502,0.8045646739188701,0.16447015576170898,2.0,3.0,0.0,211.55082426202932,0.5280679971517912,0.4719320028482088,-0.39357275140706216,0.5351117017631902,-1446.590276389846
515,-211.27082411962508,0.9684857586930565,0.1369746988805607,3.0,7.0,0.0,211.69412723144572,0.9238251010429507,0.07617489895704932,-0.006724623009669153,0.6754157181958251,-1440.680331444253
516,-211.5130596789838,0.9932215895163615,0.1363380680928834,2.0,3.0,0.0,213.34216464078867,0.9469906445420212,0.0530093554579788,0.2338559734620851,-1.2897108685415533,-1438.9306801390744
517,-209.3417296027181,0.9923413326466926,0.13241784665761824,4.0,23.0,0.0,211.58903151820672,0.4221943865324724,0.5778056134675276,0.19450774190339118,0.17365340284981037,-1436.277220566606
518,-211.34289256638104,0.7829494034122297,0.16447015576170898,3.0,11.0,0.0,216.72667725412114,0.5402277874500705,0.4597722125499295,0.19124808481977376,-0.2784314438816857,-1450.185417901131
519,-211.91518494212588,0.9603198748056572,0.1369746988805607,4.0,15.0,0.0,212.6015890158102,0.06484302981882202,0.9351569701811779,0.15106176942258365,0.009108813167136982,-1444.4772205738218
520,-212.12131272314556,0.9700526891631235,0.1363380680928834,3.0,7.0,0.0,212.41491224385535,0.9234757123825598,0.07652428761744023,0.2592197740228663,-1.4669900194665229,-1445.0619802795143
521,-210.8866495303697,0.9871428414928327,0.13241784665761824,4.0,15.0,0.0,211.12135938428153,0.050653595818986874,0.9493464041810131,-0.34465383575891245,0.17679537477411458,-1435.660660549319
522,-210.50801759084624,0.9859245443189114,0.16447015576170898,2.0,7.0,0.0,211.75279938004067,0.7074420270509555,0.2925579729490445,0.3960260652131384,-0.01545220924856723,-1443.12119892382
523,-211.53557844301062,0.9955512911840557,0.1369746988805607,5.0,31.0,0.0,212.7498721029221,0.8200355311475045,0.1799644688524955,0.13522190917552607,1.0728206699633946,-1447.0090922788575
524,-209.73138471894674,0.9507926373123969,0.1363380680928834,4.0,15.0,0.0,213.20325468847827,0.7022775042413777,0.2977224957586223,0.005496260075770698,0.6844497787964118,-1437.5577672333914
525,-209.89076948885236,0.9894835520087375,0.13241784665761824,4.0,31.0,0.0,211.2336244982698,0.813930440295104,0.18606955970489603,0.10995814626444107,0.5889782443062249,-1436.5256051905208
526,-211.86060101413884,0.9646685242100125,0.16447015576170898,4.0,27.0,0.0,212.8210044512663,0.2546747670930532,0.7453252329069469,-0.8257127787804476,0.4436200276158192,-1451.2439058438563
527,-211.92734279391414,0.9808603112510119,0.1369746988805607,4.0,15.0,0.0,213.1665289253786,0.7281106840897339,0.2718893159102661,-0.2859574956204538,0.9101786020422952,-1451.9680621976877
528,-212.0974835166105,0.7780878586023591,0.1363380680928834,2.0,3.0,0.0,212.7300467711404,0.7618509057557027,0.2381490942442973,-0.19485164367059873,0.4428560134143605,-1453.124792829829
529,-209.70531565331467,0.8379898836286804,0.13241784665761824,2.0,5.0,0.0,211.04398304470539,0.73603631604812,0.26396368395187997,-0.06729501042729988,0.5575355819212403,-1437.0028835637909
530,-212.78599086755926,0.7879558240539422,0.16447015576170898,4.0,15.0,0.0,215.69404921697864,0.16677810824867792,0.8332218917513221,-0.0704673085794649,-0.048055854430770185,-1456.234494822783
531,-211.11020617605925,0.7856680322693302,0.1369746988805607,2.0,3.0,0.0,213.72137163264657,0.6644447375463564,0.33555526245364364,-0.2893505035904159,0.7904221158693224,-1447.3189139943088
532,-210.2103572000382,0.9859040942305279,0.1363380680928834,3.0,7.0,0.0,212.72537461079918,0.8785324632315408,0.12146753676845923,0.05013392912862257,0.5116997077530454,-1436.3965796701095
533,-210.1626003349898,0.9766206455766765,0.13241784665761824,2.0,7.0,0.0,210.71266388185052,0.6687306445573417,0.33126935544265834,0.016493058539874296,0.7215228523208737,-1440.8907082067858
534,-211.15986143291948,0.9938324285444148,0.16447015576170898,2.0,7.0,0.0,213.80747442590373,0.11676669361784592,0.883233306382154,-0.061651824372223274,0.04272593540901486,-1442.9431424808174
535,-210.92884372273704,0.9880652626447431,0.1369746988805607,4.0,31.0,0.0,213.5265157107398,0.8356362746658537,0.16436372533414634,0.07920583090176565,1.1444929338201633,-1442.1948694441194
536,-211.2688611822264,0.9457330467258819,0.1363380680928834,3.0,15.0,0.0,211.70576104684295,0.6273548477904598,0.3726451522095402,0.14294666886736787,-0.2902744410148092,-1449.2636565719151
537,-209.2930583644373,0.9763749966241421,0.13241784665761824,4.0,15.0,0.0,211.3174065826351,0.5322408995401534,0.4677591004598466,0.41735007326991497,-0.13973650666643586,-1435.9730045377307
538,-209.29048219518273,0.9993269643574585,0.16447015576170898,3.0,15.0,0.0,211.72429003238722,0.39030698644484274,0.6096930135551573,-0.08666287128104136,0.3319623968835615,-1435.7088733122744
539,-211.3886652810671,0.9759188923576295,0.1369746988805607,3.0,7.0,0.0,211.78916906731007,0.8233077477102305,0.17669225228976948,-0.1523309711522735,1.1239870697559804,-1445.7937004757912
540,-211.25548858424673,0.9732200585616431,0.1363380680928834,4.0,31.0,0.0,214.2752024538328,0.09870034438642256,0.9012996556135775,0.9980821975701755,-0.06416193044522506,-1441.723604643409
541,-211.33805070289839,0.825602295201969,0.13241784665761824,3.0,11.0,0.0,212.0996344599816,0.8452465022565646,0.1547534977434354,0.01372182139692385,-0.01857025803557554,-1445.8203641142497
542,-210.22238871429266,0.9789219089282796,0.16447015576170898,4.0,23.0,0.0,211.30503828203942,0.8424806722696233,0.1575193277303767,0.3183349843707508,-0.31913642954286925,-1438.0383879988588
543,-209.89581320273388,0.9952737777385797,0.1369746988805607,3.0,15.0,0.0,212.09033970730442,0.8228955834658864,0.17710441653411357,0.11586570516729897,0.5558018732857628,-1436.3266461226544
544,-212.59233902587238,0.872560712471569,0.1363380680928834,4.0,31.0,0.0,215.0474479927261,0.9678816224498222,0.03211837755017777,0.015781214559775922,0.08366837885808398,-1444.552964630278
545,-210.35219925301385,1.0,0.13241784665761824,4.0,31.0,0.0,211.5200450145509,0.48153893492536953,0.5184610650746304,0.6580895319114631,-0.11641205391528262,-1443.0902548162273
546,-209.72405379076562,0.9994562266628487,0.16447015576170898,4.0,31.0,0.0,210.6884530476211,0.3822092956341842,0.6177907043658157,0.4823662860065251,0.07492554997714462,-1438.546080689953
547,-209.63694143954604,0.9656501874725548,0.1369746988805607,4.0,15.0,0.0,211.41535548120015,0.6411582931544759,0.3588417068455241,0.41560168373472306,-0.33127356467921387,-1437.7268576351798
548,-212.9415438669536,0.9621596087329852,0.1363380680928834,4.0,19.0,0.0,215.05379347360707,0.922318735632406,0.07768126436759404,0.27719350593707714,1.0274709371395854,-1451.7612848086567
549,-211.63879635664966,0.7187367074399817,0.13241784665761824,2.0,7.0,0.0,214.55363456326558,0.5165694034079947,0.48343059659200527,0.5487492846030553,0.11032270323362284,-1452.0947181793165
550,-209.6766587072414,0.9808401186555902,0.16447015576170898,3.0,13.0,0.0,210.31740023439156,0.5047856345159042,0.4952143654840958,0.2635446307071699,-0.1303160006184821,-1438.7435944333522
551,-210.95015524386955,0.9555607217461871,0.1369746988805607,4.0,23.0,0.0,212.44418259411495,0.08324198982443035,0.9167580101755697,-0.09390384171472171,0.07917281589944163,-1439.4059540418468
552,-213.16453379810824,0.9777399335133861,0.1363380680928834,3.0,15.0,0.0,215.1690977658443,0.8878394589563393,0.11216054104366069,-0.07380991254833291,0.10383854778990037,-1456.539689661756
553,-211.67645030812525,1.0,0.13241784665761824,3.0,7.0,0.0,211.7571393289246,0.27169946550078417,0.7283005344992158,0.2802499978377446,-0.14398734882519734,-1450.9321424836412
554,-209.95452951983862,0.99653929611083,0.16447015576170898,4.0,31.0,0.0,210.73339568338216,0.6883404306345883,0.3116595693654117,-0.07946944588297454,0.7923554559789321,-1439.1337317329696
555,-210.76339408811376,0.9988318327030075,0.1369746988805607,5.0,31.0,0.0,211.76135159580002,0.25643330890223043,0.7435666910977696,-0.6106469803533943,0.26302419958435796,-1444.072815074033
556,-214.10450473595284,0.9963128891367833,0.1363380680928834,5.0,47.0,0.0,215.98080267653157,0.025367496491566364,0.9746325035084337,3.020888504748924,0.15613084429794627,-1445.5220872627192
557,-211.84682338316705,0.9981881280125765,0.13241784665761824,3.0,15.0,0.0,212.9964689840182,0.07371883227625065,0.9262811677237494,0.9670828672757293,-0.05980711346991058,-1444.0344355065681
558,-209.49240055196063,0.6484947557038568,0.16447015576170898,3.0,11.0,0.0,212.48597028229744,0.7135585674401393,0.28644143255986065,-0.02283405490894136,0.6109331351344425,-1435.8319793047667
559,-209.51543686492818,0.9995965586916903,0.1369746988805607,4.0,23.0,0.0,211.500290061084,0.7001629066247924,0.2998370933752076,0.21894004450141558,0.11667370340721457,-1436.4455032592616
560,-215.4796495554294,0.5647980200189614,0.1363380680928834,2.0,3.0,0.0,216.62549544557893,0.03874090594097808,0.9612590940590219,3.00968469027829,-0.007813546677660765,-1457.930079310647
561,-209.83682782975646,0.9703032904995357,0.13241784665761824,2.0,7.0,0.0,214.8759757335676,0.19672350506462927,0.8032764949353708,0.6038099543264448,0.0978894584958452,-1436.4334779733967
562,-210.2777370644271,0.799209010816705,0.16447015576170898,3.0,11.0,0.0,212.8815581014698,0.8826765648566187,0.11732343514338128,0.09932042523274796,0.13757524335548565,-1436.8581430565755
563,-211.95613403468957,0.9657404446514829,0.1369746988805607,2.0,7.0,0.0,213.90714262918758,0.5009770289883145,0.49902297101168547,0.5043468763811704,-0.5078501306875797,-1454.1225592494093
564,-213.93183143303807,0.9098571697063559,0.1363380680928834,3.0,7.0,0.0,216.62301373669104,0.012581383214279724,0.9874186167857203,2.9828136097219984,0.09808804437034013,-1439.7853902273844
565,-209.71852187307582,0.9658673324958137,0.13241784665761824,4.0,23.0,0.0,211.3533291589662,0.3874985069532392,0.6125014930467608,-0.3386059203674518,0.4464562803955573,-1438.4780573140365
566,-210.72180540959909,0.9785086341819808,0.16447015576170898,4.0,19.0,0.0,212.67090901620787,0.9148325871846331,0.08516741281536688,0.08222239090962209,1.2546230131591671,-1436.6200255013666
567,-211.15638330072332,0.9965286086898212,0.1369746988805607,4.0,27.0,0.0,213.5335897563427,0.5718343299702663,0.4281656700297337,0.3647405928059154,-0.47457771831922224,-1448.5870201017146
568,-216.5712433513315,0.8099941940971406,0.1363380680928834,4.0,23.0,0.0,218.42056654000038,0.0019201047902819973,0.998079895209718,3.5284221437925973,0.04110841588595329,-1442.045821390079
569,-212.22451310596628,0.9479612576357109,0.13241784665761824,4.0,31.0,0.0,213.85480792519644,0.9845755485558951,0.01542445144410487,0.09785183025087726,0.8993520959925622,-1436.363168578152
570,-210.96899128735456,0.9975960392190035,0.16447015576170898,3.0,11.0,0.0,211.02491303066944,0.9125641698498596,0.08743583015014045,0.07881166263797122,1.4067136608595718,-1438.1429270237888
571,-211.04423813696246,0.9670968953773894,0.1369746988805607,3.0,15.0,0.0,214.0904605954914,0.16130696701631475,0.8386930329836852,0.15173875098935322,-0.0034926977329562126,-1444.0040845172718
572,-214.84460399606456,0.9971357945852382,0.1363380680928834,4.0,15.0,0.0,218.2485724512203,0.011548568444108008,0.988451431555892,3.2931703117102455,0.050944252185394404,-1443.8303321014473
573,-211.91558701834416,0.9443371137503365,0.13241784665761824,3.0,7.0,0.0,212.5149803510364,0.9803674711086436,0.01963252889135636,0.10824404630304038,0.8758572837650834,-1435.9001443316206
574,-211.72704776721702,0.9851918162618598,0.16447015576170898,3.0,15.0,0.0,212.0921859018489,0.9692394895618107,0.03076051043818928,0.11258229531572296,1.6683074506947657,-1435.8791012325717
575,-211.4310082212272,0.9478853210234569,0.1369746988805607,3.0,15.0,0.0,212.680337782106,0.11123820426584365,0.8887617957341564,0.47825810123782164,0.2573230977078877,-1444.274389383074
576,-215.51651671229135,0.9763819348274264,0.1363380680928834,3.0,7.0,0.0,216.3205661784429,0.029576485411609038,0.9704235145883909,3.5056778857779096,0.08119559692962575,-1453.5897705955545
577,-210.59908635414044,0.9970810819533559,0.13241784665761824,4.0,23.0,0.0,213.57780530528268,0.9271290544222242,0.07287094557777585,0.14293079442285933,-0.1507484582960245,-1436.115168058483
578,-211.62884749599888,0.9967273766450484,0.16447015576170898,2.0,7.0,0.0,212.2280460658347,0.9618460698949424,0.03815393010505763,0.10201815975708836,1.7166874170434538,-1436.496323643502
579,-209.84877898861444,1.0,0.1369746988805607,4.0,31.0,0.0,212.44311350482218,0.17978629368428528,0.8202137063157147,0.2236200297696672,0.09276772445586132,-1436.3107368555898
580,-215.9173493531816,0.9914019890658907,0.1363380680928834,2.0,3.0,0.0,216.0617138376169,0.03496642479020237,0.9650335752097976,3.5298968454371575,0.163426980856863,-1457.31206893799
581,-210.32068095397315,0.9978699563716705,0.13241784665761824,3.0,15.0,0.0,211.5797446979219,0.9006155621673765,0.09938443783262352,0.1840720527467521,0.1194055513019041,-1436.1307976121036
582,-212.14451120000888,0.9880907313883008,0.16447015576170898,3.0,11.0,0.0,212.34951523137832,0.9814044977578689,0.018595502242131134,0.11842308034981563,1.6327791918485852,-1435.4723448370494
583,-210.02219011698796,0.9313825764534175,0.1369746988805607,3.0,15.0,0.0,210.82936025573864,0.4822676775002867,0.5177323224997132,0.4289509085365471,0.09714132501321088,-1441.0299911763918
584,-215.2004033732763,1.0,0.1363380680928834,3.0,15.0,0.0,216.77499492547582,0.008812467126652995,0.991187532873347,3.7796114159888408,0.1804581846184441,-1441.442748520881
585,-211.43545368921602,0.7937834861973341,0.13241784665761824,2.0,7.0,0.0,211.98985501322935,0.8797085165683087,0.12029148343169127,0.3092383525855686,0.12085128114828757,-1444.9343552894647
586,-212.15921978089472,0.9197588269585346,0.16447015576170898,4.0,15.0,0.0,213.32711794809725,0.9790340174148651,0.020965982585134935,0.10899912331345193,1.815178705666753,-1435.844855527362
587,-211.0231084388719,0.9802541735451976,0.1369746988805607,4.0,15.0,0.0,211.41400887997716,0.8541641553284932,0.1458358446715068,0.10848403246567884,-0.45594658614804096,-1443.1181233637997
588,-212.9064829047433,0.6819704369076708,0.1363380680928834,5.0,55.0,0.0,217.57523411242806,0.038638394970490424,0.9613616050295096,1.2389337127034257,-0.052578735190069725,-1446.6314655377662
589,-210.2482808086134,1.0,0.13241784665761824,2.0,3.0,0.0,211.31831832647276,0.8790493003157557,0.12095069968424432,0.11156879668287925,0.04828072945206167,-1436.8486517430158
590,-211.53898554285567,0.8728400747493458,0.16447015576170898,4.0,23.0,0.0,215.931360423173,0.9664401480176688,0.033559851982331246,0.07595518509398422,0.5633222532502454,-1437.2968977437556
591,-210.3794096875585,0.9343990469741792,0.1369746988805607,4.0,19.0,0.0,213.81275787333928,0.24841631648469545,0.7515836835153046,0.864641702593017,0.04556477322109412,-1441.0094042419823
592,-211.37771230326206,1.0,0.1363380680928834,2.0,7.0,0.0,212.73974725432953,0.08586928463305754,0.9141307153669425,1.318237595930766,0.15652365903283671,-1441.0456196601983
593,-209.99023704379894,0.9397012065333937,0.13241784665761824,4.0,23.0,0.0,211.26904226643555,0.15965462846586426,0.8403453715341358,0.7097446179707928,-0.003463408345305362,-1436.2506940318804
594,-211.84753371795995,0.9972866638865394,0.16447015576170898,4.0,15.0,0.0,212.04648748180801,0.9727628981599759,0.027237101840024147,0.20479089657851482,0.6706037073701332,-1437.8857863032867
595,-209.7837161976242,0.9978290284494448,0.1369746988805607,2.0,3.0,0.0,210.41922796531722,0.2198384732666468,0.7801615267333533,0.7887823618375815,-0.011108842200182836,-1436.4180577347665
596,-209.9612675323473,0.9436612222328549,0.1363380680928834,4.0,19.0,0.0,211.82923845593166,0.18190571167378458,0.8180942883262154,0.854644023321013,-0.02404786793475032,-1436.5702815747181
597,-209.86518571823203,0.9342072766080997,0.13241784665761824,3.0,11.0,0.0,211.84789721204788,0.2652890677180994,0.7347109322819005,0.35426793796200867,-0.027216838659450945,-1438.292680698548
598,-212.31216224510607,0.8229820111396586,0.16447015576170898,4.0,27.0,0.0,215.45044201375148,0.9870105671770447,0.012989432822955282,0.14761314522476088,1.0132995868807568,-1435.6000816144635
599,-209.73473074535966,0.8601518378660903,0.1369746988805607,4.0,15.0,0.0,211.77672799987505,0.18559569295651498,0.814404307043485,-0.0016886896102627502,0.19349257098184475,-1435.711777041047
600,-210.18306951961773,0.963310407046534,0.1363380680928834,3.0,11.0,0.0,210.89634090266338,0.12399618240494628,0.8760038175950537,0.5528716011635941,0.04436618894303131,-1436.2931220539738
601,-209.59057605188517,1.0,0.13241784665761824,4.0,15.0,0.0,210.6779276879091,0.4166708464862202,0.5833291535137798,-0.040375855050242035,0.4059863152671659,-1437.8859193450926
602,-210.58637118013996,0.9735074961837732,0.16447015576170898,4.0,31.0,0.0,213.87868281548253,0.40625216390380475,0.5937478360961952,-0.4627480304954306,0.3950651614130125,-1444.5360573020812
603,-209.50589139527165,0.9902749345895333,0.1369746988805607,2.0,7.0,0.0,209.94695371827086,0.26345570173422456,0.7365442982657755,-0.014613315399558645,0.2384091479087028,-1435.8398222396413
604,-210.12439360754033,0.8891398944517009,0.1363380680928834,2.0,7.0,0.0,211.02176530401047,0.25713778711239715,0.7428622128876028,0.6409184188075678,0.10820954285519244,-1439.6880711838846
605,-209.8120356653023,0.9984084049533343,0.13241784665761824,3.0,15.0,0.0,210.1100309859774,0.32213839067736283,0.6778616093226372,-0.35725761427129643,0.2902208373610058,-1438.6365164585295
606,-210.11928023636355,1.0,0.16447015576170898,4.0,15.0,0.0,210.8782081437033,0.19790958675439235,0.8020904132456077,-0.4084535364503062,0.36178643879788674,-1438.4819139150338
607,-210.0690484810725,0.9356122136963263,0.1369746988805607,2.0,3.0,0.0,210.2651939379102,0.21615035794730994,0.78384964205269,-0.035767578449132975,0.30464726771058076,-1438.7608656917334
608,-213.09340998428857,0.6669999270754103,0.1363380680928834,4.0,19.0,0.0,214.48223705671816,0.8275769676104408,0.17242303238955925,0.14699531342196975,1.361853581166008,-1456.92724414907
609,-209.8758372882707,0.9787403461168889,0.13241784665761824,3.0,15.0,0.0,211.1161085541277,0.15645312096931083,0.8435468790306891,0.3197635025940281,0.11479485714078827,-1435.6820933738984
610,-211.53407552079574,0.9885980668293457,0.16447015576170898,4.0,15.0,0.0,211.9336464135491,0.07531972118080925,0.9246802788191908,-0.027950953160883946,0.29408745075025294,-1442.7457988680899
611,-210.45781641559657,0.9786650348416591,0.1369746988805607,2.0,3.0,0.0,210.62637515704972,0.19448371278927853,0.8055162872107214,-0.04336989109255271,0.07010467647901757,-1440.9804656156525
612,-213.29072688965286,0.8942326144720616,0.1363380680928834,4.0,15.0,0.0,217.09150477825668,0.06549821164982743,0.9345017883501726,0.055741022318808106,-0.047619179209064874,-1454.0588677850849
613,-209.77166540040506,0.9979607491220818,0.13241784665761824,4.0,31.0,0.0,210.80568388555784,0.46511756146683336,0.5348824385331666,0.5968433020540092,-0.11558052136638461,-1439.122322073516
614,-213.3384228103842,0.9946620920178402,0.16447015576170898,3.0,7.0,0.0,213.55820328502847,0.020481370815623918,0.979518629184376,-0.10088605534742182,0.00494674623520786,-1446.678850361266
615,-210.59181200223358,0.9490812884680824,0.1369746988805607,2.0,3.0,0.0,211.17780468322437,0.23478077814518428,0.7652192218548157,0.11504050268716265,0.317635046948072,-1442.7596407408653
616,-211.11387155838221,1.0,0.1363380680928834,1.0,1.0,0.0,212.56670251880246,0.06287042813731257,0.9371295718626874,0.04821317670329116,0.074912616257548,-1438.756017610492
617,-210.6038565033719,0.9716382857448148,0.13241784665761824,4.0,31.0,0.0,213.1898585922508,0.11702053441035158,0.8829794655896485,-0.08646826076844524,0.276228018873189,-1439.047929436282
618,-211.81303723532739,1.0,0.16447015576170898,2.0,3.0,0.0,213.28247431096494,0.01959922736999774,0.9804007726300022,-0.12055220371729174,0.1678481344010207,-1435.8158947103768
619,-210.03826527111735,0.9547697200676564,0.1369746988805607,3.0,15.0,0.0,211.81886960014586,0.4146607264082841,0.5853392735917159,-0.2520085450655021,0.2551997211706728,-1441.0014607474993
620,-209.70798011949645,0.9926453850982608,0.1363380680928834,4.0,15.0,0.0,211.57185872632937,0.5265783760995802,0.47342162390041975,-0.09627578179961356,0.24672978616414593,-1438.9551103354374
621,-210.00340548221342,0.9915624313836054,0.13241784665761824,3.0,11.0,0.0,211.8651013724624,0.15768249403141787,0.8423175059685821,0.6198060311257179,0.11631400292652035,-1436.3635715341663
622,-213.42324941392326,0.9607609838073319,0.16447015576170898,3.0,7.0,0.0,213.82019414794982,0.005497379753221573,0.9945026202467784,0.16083340385129674,0.07942031863150167,-1438.2653243167458
623,-210.15765639667845,0.9738067187239754,0.1369746988805607,4.0,19.0,0.0,211.1373655070598,0.11227448141300168,0.8877255185869983,0.41766992532729874,0.10972247059374096,-1435.6280320955889
624,-209.54493582877276,0.9987463237926801,0.1363380680928834,4.0,15.0,0.0,209.90387513100612,0.761520868826174,0.23847913117382602,0.020364729090698395,0.5593004104429088,-1435.430653764698
625,-210.52036088005755,0.9939449984425738,0.13241784665761824,3.0,11.0,0.0,210.7700497440596,0.1631131479124333,0.8368868520875667,1.1379507023552804,-0.024795097061570112,-1439.3485204912502
626,-210.5926775548093,0.9922410515857211,0.16447015576170898,4.0,15.0,0.0,213.79607602245008,0.21267619451664047,0.7873238054833596,-0.33237683242778776,0.13176255855730595,-1442.2674473154523
627,-210.06447676681648,0.9968177106579873,0.1369746988805607,3.0,7.0,0.0,210.3384299919554,0.1280317711121537,0.8719682288878463,0.29151432522319,0.11066554676169826,-1435.8449361240769
628,-209.84430983719565,0.9553671436021307,0.1363380680928834,3.0,7.0,0.0,210.41599479765912,0.7901367820796269,0.2098632179203731,0.11540693698478813,0.5439483342590932,-1436.873965768581
629,-211.18027618702965,0.9486378998749152,0.13241784665761824,2.0,3.0,0.0,211.24833425552288,0.2152687539468395,0.7847312460531605,1.1723405675803893,-0.008283245315099878,-1445.3109344018812
630,-210.4381109409033,0.9831468088503421,0.16447015576170898,3.0,7.0,0.0,211.6492463027146,0.09897971597678201,0.901020284023218,-0.38547904465226107,0.26116131743544385,-1436.771258978292
631,-210.79610370975612,0.9833219890397257,0.1369746988805607,4.0,15.0,0.0,211.51845180573167,0.05859160353164653,0.9414083964683535,0.3560079579683528,0.11242722434775936,-1435.9920346950307
632,-209.60902462971202,0.9953454485963359,0.1363380680928834,3.0,7.0,0.0,210.08180293416802,0.7777314848976383,0.22226851510236167,0.0659624212995012,0.5287261493414072,-1435.5579159415245
633,-212.05145674168847,0.9462168186223394,0.13241784665761824,4.0,19.0,0.0,212.86423552815975,0.02383816488491955,0.9761618351150805,1.2186787736231517,0.192173346691221,-1437.508010372032
634,-210.26817479524823,0.9989802969866174,0.16447015576170898,4.0,15.0,0.0,210.67081224274204,0.18009499467323878,0.8199050053267612,-0.5647595084617547,0.3531526883511943,-1438.88458475378
635,-212.00130575880553,0.944160395074486,0.1369746988805607,3.0,15.0,0.0,213.18527477876137,0.025493882656332824,0.9745061173436672,0.8637932706727807,0.053954286030970314,-1438.2812259829393
636,-210.44382669735103,0.9756964258390478,0.1363380680928834,5.0,31.0,0.0,211.26093490642262,0.9004714695380786,0.09952853046192145,0.15797561894210368,-0.4181194491003599,-1436.8594244796159
637,-212.99071221441199,0.9368595463358009,0.13241784665761824,3.0,15.0,0.0,214.17807408129121,0.026414837612560752,0.9735851623874392,1.354816251151136,0.2578004154928475,-1444.3588834610953
638,-209.96474711210024,0.9554754024373923,0.16447015576170898,3.0,7.0,0.0,212.29032127805752,0.2573098318229569,0.742690168177043,-0.41463290174983414,0.39860252671372043,-1438.6674565327985
639,-210.93983402648968,0.8832301989536375,0.1369746988805607,3.0,7.0,0.0,213.14726463149776,0.054243717470818825,0.9457562825291812,0.9545428444673888,0.06895199737171442,-1435.8135959286894
640,-210.64132363681847,0.9862639776161792,0.1363380680928834,4.0,31.0,0.0,211.35481770162642,0.5183004925368923,0.48169950746310775,-0.31540146429391813,0.3699375939403973,-1445.2692077057288
641,-211.35509928439268,0.9163430961107529,0.13241784665761824,4.0,23.0,0.0,214.55261896167977,0.2787739320242785,0.7212260679757214,0.7064366160092538,0.16550022435922795,-1448.4536131354246
642,-210.35436620317105,0.9939714316930773,0.16447015576170898,4.0,15.0,0.0,210.6916521204844,0.09622846096426599,0.903771539035734,-0.47963249409787373,0.2362519410615398,-1435.9594696045435
643,-210.31343736752854,0.9831430359838705,0.1369746988805607,3.0,11.0,0.0,211.25115976691632,0.13052363833045413,0.8694763616695459,0.8914322085468116,0.1071137560231853,-1437.0659682326564
644,-210.36564875482475,0.9763017176323617,0.1363380680928834,4.0,19.0,0.0,212.58582300840638,0.16942705366850846,0.8305729463314915,-0.6151298619834217,0.22218619600079575,-1439.239153469988
645,-210.47642536513015,0.9997164472429122,0.13241784665761824,3.0,11.0,0.0,211.77533948067654,0.34920310540617777,0.6507968945938223,0.19516645253177412,-0.07050916202836818,-1443.6475167220094
646,-210.69670241595222,0.9959295866514422,0.16447015576170898,3.0,7.0,0.0,211.18782795422865,0.18571616188592976,0.8142838381140702,-0.7699716222723798,0.29190226664963215,-1441.8071457187286
647,-211.6719532233212,0.9824906958836671,0.1369746988805607,3.0,7.0,0.0,212.6828327163244,0.16135860357065107,0.8386413964293489,1.3954574826127544,-0.0762977704454463,-1446.6754020269152
648,-209.46883457418502,0.9967398889746251,0.1363380680928834,4.0,31.0,0.0,210.65858474123849,0.321218368072364,0.6787816319276361,-0.13928407007543842,0.34244569904930333,-1436.3203057931557
649,-209.35988991665332,0.9354860022956393,0.13241784665761824,2.0,3.0,0.0,211.4964156051827,0.44907625712059274,0.5509237428794073,0.29440965296133326,-0.04886594248190626,-1436.4817700060514
650,-210.68790957007428,1.0,0.16447015576170898,4.0,15.0,0.0,211.06933412982923,0.0765134254059623,0.9234865745940377,-0.6180466079642707,0.16764918655117808,-1436.7216428895345
651,-210.85845331682097,0.8647614073996535,0.1369746988805607,4.0,15.0,0.0,213.41340293709837,0.08568248314109185,0.9143175168589082,0.7806350941577417,0.0027254259603612108,-1438.4405254360327
652,-210.76730979576504,0.9197586922432947,0.1363380680928834,3.0,7.0,0.0,211.59628390707817,0.4639933998937225,0.5360066001062775,-0.43770932657235573,0.5760009877929623,-1445.8649875000012
653,-210.75400504640527,0.8631165685614618,0.13241784665761824,2.0,7.0,0.0,211.75144052374282,0.4016215077470004,0.5983784922529995,0.13315981192676862,-0.07961997937964896,-1445.9673881938102
654,-211.1173505546947,0.9136275002684847,0.16447015576170898,3.0,7.0,0.0,212.1802101485005,0.12635190371815985,0.8736480962818401,-0.5138161484766015,0.10678556497924066,-1442.8861359249258
655,-209.28280465280014,0.9711436490267003,0.1369746988805607,3.0,15.0,0.0,212.11656705719884,0.41599733858149346,0.5840026614185065,0.2047882373168681,0.13587969821081491,-1435.8482801616585
656,-209.40191747249122,0.8518868790609574,0.1363380680928834,4.0,15.0,0.0,212.6651444734981,0.6923771152989637,0.30762288470103627,0.1417575407435718,0.15817357530498896,-1435.7753670796571
657,-212.3841901753768,0.9504525909681615,0.13241784665761824,3.0,15.0,0.0,212.72086682273732,0.7900422937590148,0.2099577062409852,-0.10054761326194303,0.15995961304281184,-1454.6572812117515
658,-211.00028742532496,0.9791019255203963,0.16447015576170898,5.0,31.0,0.0,212.03024091505276,0.5586081671087173,0.4413918328912827,0.07583564917980601,-0.11038777664331292,-1447.8511111892042
659,-210.32655900321703,0.979657795085673,0.1369746988805607,3.0,15.0,0.0,210.67805581272202,0.8953180866004945,0.1046819133995055,0.11433422428190869,0.09166358385236943,-1436.5124002947277
660,-211.24374322363474,0.9089053510528291,0.1363380680928834,3.0,13.0,0.0,213.7410095566167,0.09389426010817088,0.9061057398918291,0.08160106668975878,0.28278274861074026,-1442.1232955703606
661,-211.92156946711592,1.0,0.13241784665761824,3.0,11.0,0.0,212.81442921177648,0.10937360625262678,0.8906263937473732,0.5609080927029121,-0.07892922595809318,-1447.5384075135405
662,-209.51592274754364,0.9837606836453656,0.16447015576170898,3.0,11.0,0.0,212.08381630492036,0.5726825522336111,0.4273174477663889,0.1970408965688052,0.2253698289365139,-1437.4836257703396
663,-210.02866016270775,0.9957057010214111,0.1369746988805607,5.0,31.0,0.0,210.6375930574846,0.1366117227900492,0.8633882772099508,0.7790884180805647,0.07227260790640555,-1435.5326185571569
664,-211.5451184835241,0.9531801859216343,0.1363380680928834,4.0,15.0,0.0,212.33910227494584,0.09348227215080554,0.9065177278491945,-0.10960025675273258,0.32255699025440254,-1444.1524735096332
665,-210.9702433522676,0.9844058623693888,0.13241784665761824,3.0,7.0,0.0,213.00797691706333,0.4745225143422288,0.5254774856577712,0.4113902518251654,0.2103617527391637,-1447.552325807059
666,-210.2102316538863,0.9125359983935881,0.16447015576170898,4.0,15.0,0.0,211.7530643013799,0.10803081189860134,0.8919691881013987,-0.37911629415464104,0.19838718452265208,-1435.760931797276
667,-210.29317355779938,0.9746094628999492,0.1369746988805607,4.0,15.0,0.0,210.5006846563956,0.1132237891999145,0.8867762108000855,0.6482758445463608,0.13786457457036455,-1436.3966530906089
668,-211.31031993899316,0.9531545388016748,0.1363380680928834,4.0,31.0,0.0,213.9600270418035,0.9560886303444152,0.04391136965558484,0.2466095464693815,-0.6942887780302689,-1437.3102949659153
669,-210.0889314890028,0.9958901162638739,0.13241784665761824,3.0,15.0,0.0,211.72629146348245,0.22314446435349147,0.7768555356465086,-0.46297167917211873,0.38156499732800964,-1438.8267286857426
670,-210.9001404815883,0.9664028215252554,0.16447015576170898,2.0,7.0,0.0,211.71957684465673,0.11826052482747802,0.8817394751725219,-0.6577201199865557,0.14582163273444923,-1440.8381373450268
671,-210.90155048982456,0.8564507570182811,0.1369746988805607,3.0,9.0,0.0,212.59366228756164,0.09544479819932943,0.9045552018006706,0.40680224172846813,0.22290455658987923,-1439.7498231349705
672,-213.95084352763377,0.8075771514802117,0.1363380680928834,2.0,3.0,0.0,214.1315639578534,0.9620028200189349,0.03799717998106511,0.38431899124992136,-0.5809903914852714,-1454.6434369342178
673,-210.18773375290917,0.9407619601378178,0.13241784665761824,4.0,31.0,0.0,211.85202048301704,0.7154127990972123,0.28458720090278766,0.4175176125936639,-0.1665381251096729,-1440.7564981448666
674,-210.93917090580376,0.9921286981992626,0.16447015576170898,4.0,23.0,0.0,212.70409559804753,0.9505669386089892,0.04943306139101078,0.12881498603870012,0.7500944286419421,-1435.4932610109522
675,-210.5028769819875,1.0,0.1369746988805607,4.0,15.0,0.0,211.28687630613993,0.1918420647492655,0.8081579352507345,0.7077316949303968,0.14991882149161762,-1440.7738419259178
676,-210.39300320143707,0.8969771050419283,0.1363380680928834,3.0,15.0,0.0,217.04979964949047,0.5326538101036542,0.4673461898963458,-0.0064285172193098775,0.05891271841011331,-1443.7346386265192
677,-209.48218642277476,0.9782913521415965,0.13241784665761824,2.0,7.0,0.0,210.7920754237515,0.6429288453553114,0.35707115464468864,0.3553258052735549,-0.07830244234899557,-1436.7723183341193
678,-211.0600236626009,0.9280432887111297,0.16447015576170898,1.0,3.0,0.0,211.35742763239546,0.939369333511643,0.06063066648835702,0.18220512087873475,0.757631128287233,-1437.6325110984922
679,-211.1666680823729,0.9994432927865151,0.1369746988805607,4.0,31.0,0.0,212.01083588435284,0.15785779351510715,0.8421422064848929,1.066113318805669,-0.1287497354111536,-1443.753003655037
680,-210.75578869971227,0.9482949210968883,0.1363380680928834,3.0,15.0,0.0,212.02880561094415,0.9101382653680847,0.08986173463191527,-0.005346690620229334,1.0206607729106982,-1437.6553243761455
681,-209.6905475120519,0.934720853348654,0.13241784665761824,4.0,15.0,0.0,211.0160269120411,0.22761059931898034,0.7723894006810197,-0.23658566448423213,0.3101195151145776,-1436.3512710123418
682,-209.76404230710222,0.9840243702980864,0.16447015576170898,4.0,31.0,0.0,211.5719274358352,0.18339149904586202,0.816608500954138,-0.29930053883608027,0.2593907870200379,-1435.7472776416582
683,-210.9581045191213,0.8594915974198152,0.1369746988805607,3.0,7.0,0.0,212.80331929514657,0.15583364559781177,0.8441663544021882,0.8883000911312422,-0.11449089974455216,-1442.5428009251036
684,-210.86455003262017,0.9289112535647619,0.1363380680928834,3.0,11.0,0.0,212.48720529291865,0.7974305193169359,0.20256948068306413,0.2503047477565268,0.3872509643036797,-1443.8240562250776
685,-209.53695390676125,0.9949841066280217,0.13241784665761824,4.0,15.0,0.0,209.90613987857486,0.3269561974969846,0.6730438025030154,-0.04441491887216722,0.16880792195821467,-1436.9462199440156
686,-210.40940019531436,0.9577421184353271,0.16447015576170898,4.0,15.0,0.0,212.2315706290704,0.08724608009319217,0.9127539199068079,-0.016083520722409067,0.18971897858045333,-1435.946569097292
687,-210.3604605913214,0.9999019299761843,0.1369746988805607,4.0,15.0,0.0,211.14695998342492,0.7205537033568259,0.2794462966431741,-0.12749772467700782,0.45450397793668834,-1441.8552511342166
688,-210.58229293737588,0.99267558482585,0.1363380680928834,4.0,15.0,0.0,211.59768100075422,0.39836353643632305,0.601636463563677,-0.273214409526936,0.5946810807418539,-1444.4134545205486
689,-210.2829547889864,0.9971402465614674,0.13241784665761824,4.0,27.0,0.0,210.60713465460648,0.2138514769697039,0.786148523030296,0.9304534388312256,-0.09812941374137343,-1439.510231660375
690,-209.46976911323233,0.9936087406856555,0.16447015576170898,5.0,31.0,0.0,211.01454747598362,0.490269974625361,0.5097300253746391,-0.19109093125081353,0.4996926163666515,-1437.1399725242482
691,-209.39379199248634,0.9802068073468858,0.1369746988805607,2.0,7.0,0.0,211.3523954850004,0.7033760254787377,0.2966239745212623,0.02932986659761702,0.4141461699757588,-1435.4667155041434
692,-210.01836288861415,0.8903945794296197,0.1363380680928834,3.0,9.0,0.0,211.8851343031415,0.5195275770185968,0.48047242298140325,0.00869631536845518,0.08707656125747115,-1441.1621158493604
693,-209.47055194874366,0.9705080531836691,0.13241784665761824,3.0,15.0,0.0,211.04668469836943,0.29383691399465883,0.7061630860053412,0.5016544738479076,0.04836934295128114,-1435.8885840954056
694,-209.6436996456148,0.9582781847579102,0.16447015576170898,3.0,15.0,0.0,210.41636648508197,0.2670405362071959,0.7329594637928041,-0.3295086430567219,0.3496042699630441,-1436.7014000928978
695,-209.34158075192536,0.998498836670221,0.1369746988805607,3.0,15.0,0.0,210.0905733430478,0.6577215894067501,0.3422784105932499,0.11236422868540508,0.2196084275349352,-1435.727680324975
696,-209.61409813992424,0.9703845217703815,0.1363380680928834,3.0,15.0,0.0,212.38500976770888,0.40031936787861844,0.5996806321213816,-0.06957841118274008,0.17896832633818005,-1438.0747208628334
697,-209.60569379036093,0.9251570923341704,0.13241784665761824,3.0,7.0,0.0,210.5927348156656,0.24783187613484717,0.7521681238651529,0.431836858293851,0.10542032665514811,-1436.130571279678
698,-209.75851875045416,0.9947349070162398,0.16447015576170898,2.0,3.0,0.0,209.7793671387699,0.24657910622870707,0.753420893771293,-0.34059823369954617,0.3558579883915748,-1437.1238421677128
699,-209.43985308300503,0.995642202041605,0.1369746988805607,3.0,15.0,0.0,210.24646307851808,0.3103147160033508,0.6896852839966492,0.4068855580206276,-0.013016869972300605,-1435.9665473815
700,-209.2627594266475,0.9816887808770616,0.1363380680928834,3.0,11.0,0.0,210.44193502829506,0.6105402770368165,0.38945972296318354,0.0355416832943151,0.32973582621403885,-1435.5186190278334
701,-209.38879720838474,0.9884813643155199,0.13241784665761824,3.0,15.0,0.0,210.17876410697292,0.3231390891576331,0.6768609108423669,0.09669957937184388,0.15326190292647043,-1435.8786880276605
702,-209.9847728564356,0.9914215702580025,0.16447015576170898,4.0,23.0,0.0,210.3679789087235,0.7346367205924128,0.2653632794075872,0.09747469580202363,-0.017885808409991488,-1439.2205234014737
703,-210.63484549047465,0.7072836086667876,0.1369746988805607,4.0,23.0,0.0,212.91377550519155,0.8839273680536716,0.11607263194632844,-0.027371113005569978,1.1224187573037507,-1438.1970967159002
704,-211.49762015635324,0.7453838111115393,0.1363380680928834,2.0,3.0,0.0,213.00601523964622,0.710550018468453,0.289449981531547,0.19615486637065488,0.6330259452047655,-1449.6700306235489
705,-209.57912026904285,0.8610886235731398,0.13241784665761824,3.0,7.0,0.0,212.7419450164017,0.5740355651190212,0.4259644348809788,0.050731087750860604,0.1281122177066365,-1437.9755601221113
706,-210.4182633852594,0.9512558453932154,0.16447015576170898,4.0,23.0,0.0,211.63001947888853,0.10846155919996674,0.8915384408000333,0.784391605320495,0.010493126818433155,-1436.8488433339135
707,-209.35059882008352,0.9647491397723705,0.1369746988805607,4.0,15.0,0.0,211.62349821175263,0.6007961956284554,0.39920380437154457,0.23778909552808308,0.1003640540738271,-1436.2224091744833
708,-210.73371809687956,1.0,0.1363380680928834,2.0,3.0,0.0,211.52112264328122,0.6991884397595753,0.30081156024042466,0.16209254991062766,0.5824649685207942,-1444.611397134108
709,-209.34984376467668,0.9954276186202041,0.13241784665761824,3.0,15.0,0.0,209.8221656978928,0.4403153055990818,0.5596846944009182,0.25399906182751486,0.13500789202333724,-1436.3907235270917
710,-210.46503627393264,0.9991366805802417,0.16447015576170898,4.0,15.0,0.0,211.069673015439,0.20443319001221327,0.7955668099877867,1.049046319948153,-0.007030642770286399,-1440.34471082493
711,-209.39586647494733,0.9964540054600215,0.1369746988805607,3.0,15.0,0.0,210.10778223840092,0.5382059689580084,0.46179403104199157,0.20860040366314767,0.18005372055004598,-1436.7732025183304
712,-210.48650698892823,0.9802238327903676,0.1363380680928834,4.0,19.0,0.0,212.02512211166436,0.9096293547585133,0.09037064524148675,0.04242281732023373,0.7476997366616445,-1436.2456004768444
713,-210.73911617956904,0.9790611732123053,0.13241784665761824,4.0,23.0,0.0,211.3196397456906,0.06001109628708345,0.9399889037129165,-0.348969965264183,0.16775839095048725,-1435.744211395364
714,-210.25010821776812,0.9754954595617951,0.16447015576170898,3.0,7.0,0.0,211.11529053454507,0.1055466970588277,0.8944533029411723,0.7402890570302291,0.05449468050954405,-1435.5772256121084
715,-210.01168944832597,0.9938968486091269,0.1369746988805607,4.0,15.0,0.0,210.43316528120278,0.8199106587173358,0.18008934128266418,0.19858108178795222,-0.38616744232417455,-1437.3329575416217
716,-210.23964703869152,0.989742451006903,0.1363380680928834,4.0,19.0,0.0,211.2963877659615,0.2896917524229161,0.7103082475770839,0.0415056770293,0.04613383501470715,-1441.3595861071685
717,-209.7461077552863,0.7639128782388356,0.13241784665761824,3.0,15.0,0.0,215.5021057622813,0.18594613816884936,0.8140538618311506,0.27524257100922345,0.10870111318096543,-1435.757136984694
718,-212.73278905686726,0.9116356795491304,0.16447015576170898,2.0,3.0,0.0,214.78473554451966,0.32010375614021036,0.6798962438597896,1.0985871364702944,-0.018417409991917565,-1457.929828030087
719,-209.62270283650065,0.9661802982789062,0.1369746988805607,4.0,31.0,0.0,211.78473900405302,0.44088196051023615,0.5591180394897639,0.5490016059089812,-0.04446789445732133,-1438.0869402417334
720,-209.8338816422414,1.0,0.1363380680928834,4.0,19.0,0.0,211.0019855025503,0.44412730102848724,0.5558726989715128,0.264327000198836,0.21964803847310935,-1439.7161331359816
721,-209.45717378532305,0.9989000998282691,0.13241784665761824,4.0,15.0,0.0,209.80229810178722,0.28008124941160584,0.7199187505883942,0.19589855250023203,0.13892066001524567,-1435.7677607197681
722,-210.6165074817953,0.9862508075162201,0.16447015576170898,4.0,31.0,0.0,215.99586753601923,0.2126179303020258,0.7873820696979742,0.7032937661779531,0.15198260520916573,-1442.0940232442456
723,-211.61742381181003,0.9606365725233127,0.1369746988805607,4.0,15.0,0.0,211.94930367845947,0.024608255295638773,0.9753917447043612,0.08306622169961304,0.17468618378074316,-1436.0059785896624
724,-209.2190167268639,0.9538384109527218,0.1363380680928834,2.0,7.0,0.0,212.56856968325536,0.45701304411643356,0.5429869558835665,0.34061650981535285,-0.022184270110653853,-1435.5057323341389
725,-210.14198792624015,0.9441939020034704,0.13241784665761824,2.0,3.0,0.0,210.27359620623707,0.326844266179524,0.673155733820476,0.31237119467581775,0.22476059249309896,-1441.0228653886247
726,-210.53178205439696,0.888372600965937,0.16447015576170898,2.0,3.0,0.0,212.43706048545664,0.15322961908887947,0.8467703809111206,0.7062302682972029,0.1626618771575181,-1439.7418904031979
727,-210.39577228554518,0.9349983789439187,0.1369746988805607,4.0,15.0,0.0,212.70925334517483,0.09633924492314085,0.9036607550768592,0.19947824472978568,0.10388193775235169,-1436.455750396272
728,-209.7079226826861,0.7675094017242069,0.1363380680928834,3.0,15.0,0.0,211.82717711017722,0.7603493484314313,0.23965065156856868,0.3053915932915422,-0.13577433780222178,-1436.75376060941
729,-211.9823835096036,0.8702217095630674,0.13241784665761824,2.0,7.0,0.0,214.01316135505817,0.24668409974411634,0.7533159002558837,0.2614867800707634,-0.1355531211402372,-1452.6223417372373
730,-209.66410259142944,0.9955781057740336,0.16447015576170898,3.0,15.0,0.0,210.5390589045201,0.46894354876027566,0.5310564512397243,0.565720829036333,-0.09979934200519282,-1438.4204826743435
731,-211.9959017864566,0.8641017510551275,0.1369746988805607,2.0,7.0,0.0,212.47250215133795,0.051995762630113636,0.9480042373698864,0.27594625220086116,0.2747528121811903,-1443.4926072412927
732,-209.46945514448345,0.9935213768631368,0.1363380680928834,4.0,31.0,0.0,209.94516928747979,0.49998689071916647,0.5000131092808335,0.4167381391139063,0.004354111284096282,-1437.2375766772911
733,-211.7868349809753,0.9979493290817066,0.13241784665761824,2.0,7.0,0.0,212.9104027306441,0.19505421923475036,0.8049457807652496,0.2879875896552157,-0.09792022263914399,-1450.1023154127129
734,-210.4108515834429,0.9304164441607508,0.16447015576170898,3.0,11.0,0.0,212.55752799468453,0.9161440037060166,0.08385599629398344,0.18343412664771314,-0.13692490764662663,-1435.6944977320977
735,-209.4397861036266,0.9645414668129021,0.1369746988805607,4.0,15.0,0.0,212.78440612278888,0.6227495346120311,0.3772504653879689,0.39655966247205254,-0.15600415127231212,-1436.5963995079965
736,-209.26320555957997,0.9231646722472561,0.1363380680928834,2.0,3.0,0.0,210.22592992633176,0.45086647027177723,0.5491335297282227,0.41228440109656594,-0.023966596423225753,-1435.7485352609597
737,-212.26390622269878,0.991695566269747,0.13241784665761824,4.0,15.0,0.0,213.9035399089042,0.05768537282494839,0.9423146271750517,1.6862662114890505,-0.039770346536609005,-1443.6939413357204
738,-209.93301003411153,0.7981651020746359,0.16447015576170898,2.0,5.0,0.0,211.4734500158315,0.8555528459663284,0.1444471540336716,0.20326041207768236,-0.10026845166381207,-1435.6784301084276
739,-211.66147376814877,0.9436976340247426,0.1369746988805607,4.0,15.0,0.0,212.35496316711578,0.3582961202129829,0.6417038797870172,-0.5698357632206356,0.5978189435318857,-1451.362125305442
740,-210.2943529098545,0.9853805381028956,0.1363380680928834,3.0,15.0,0.0,212.15515745248211,0.8842737156270946,0.11572628437290544,0.17349409246651148,-0.42708135245664147,-1436.7321007969476
741,-215.24634735385652,0.9877888417070263,0.13241784665761824,4.0,23.0,0.0,216.3765656781082,0.0020817538419452587,0.9979182461580547,2.994689517065792,0.17372672780225393,-1436.4326575363843
742,-211.0612493976823,0.9796545259762013,0.16447015576170898,4.0,15.0,0.0,211.4383537329888,0.6619692259702251,0.3380307740297749,0.4827336026830841,-0.6074053467065945,-1447.0976972044098
743,-209.36434415367026,0.9981364612127375,0.1369746988805607,4.0,15.0,0.0,212.30095993693868,0.5771377826419728,0.4228622173580272,0.3544506947579078,-0.027486067498277478,-1436.3859374762123
744,-210.1165898106065,0.9922600589871152,0.1363380680928834,3.0,7.0,0.0,210.58786112481297,0.8230179824265648,0.17698201757343524,0.33019476036629314,-0.5252412648771314,-1437.79394445761
745,-215.501798763957,0.9936677473115532,0.13241784665761824,3.0,15.0,0.0,217.03793540345532,0.002327370027864048,0.9976726299721359,3.322258050026056,0.10658341179018609,-1437.1954938648691
746,-211.70427150011753,0.9240512201520864,0.16447015576170898,3.0,7.0,0.0,212.39778277308878,0.670833061976571,0.329166938023429,0.46160068067328563,-0.703137848244435,-1451.3567656943248
747,-209.24103422029287,0.9804787060745342,0.1369746988805607,3.0,15.0,0.0,209.94122930129103,0.5302545912269991,0.46974540877300086,0.011236343826047096,0.3494171725086276,-1435.6788062861426
748,-210.50528603023727,0.9881536507171134,0.1363380680928834,3.0,7.0,0.0,210.9982015839739,0.7443553331911399,0.2556446668088601,0.40293743077023453,-0.6206092248214563,-1442.184866627701
749,-216.00144367168582,0.9223006319142232,0.13241784665761824,2.0,7.0,0.0,216.8257563577087,0.003447334085695125,0.9965526659143049,3.201707102926956,0.022071663218426067,-1444.0414378434377
750,-213.90402124983916,0.8924083725582739,0.16447015576170898,4.0,15.0,0.0,214.68939157480918,0.9932405044490736,0.006759495550926364,0.2718491683127046,-1.0870780044863668,-1441.948853274644
751,-209.8077385228365,0.9243522292974269,0.1369746988805607,3.0,15.0,0.0,212.29360233811389,0.6835621962282061,0.31643780377179387,-0.035881380725660814,0.7271740549564845,-1438.2665838627825
752,-212.8046526877933,0.9783455229351687,0.1363380680928834,4.0,23.0,0.0,214.50501075632994,0.9829487212680773,0.017051278731922692,0.06908568953846227,-1.0811241988160571,-1440.745158030827
753,-214.75236641421952,0.9412450942923495,0.13241784665761824,2.0,3.0,0.0,217.2606709090577,0.0038726501750856643,0.9961273498249144,3.1161623520725645,0.1505170519751073,-1436.6613321645586
754,-214.64037204583775,0.8166679992112686,0.16447015576170898,4.0,15.0,0.0,216.03344660538116,0.9611554666929812,0.03884453330701876,-0.042707478672161125,-0.7357135960230274,-1459.5028478247905
755,-211.86601031246755,0.8919429248812637,0.1369746988805607,4.0,15.0,0.0,212.35333333814637,0.9811069887130961,0.018893011286903905,0.17107516590802158,0.0712282318358303,-1435.9405160998172
756,-211.6392155330243,0.9993971621793085,0.1363380680928834,4.0,15.0,0.0,213.41213096763335,0.9248664965292273,0.07513350347077274,0.21486728811019645,-1.3103343661152118,-1442.0093045426474
757,-215.7774664583412,0.8315933580508929,0.13241784665761824,3.0,7.0,0.0,218.9717957222832,0.05151141859088503,0.948488581409115,3.1427085292984565,0.10977901979519249,-1461.145981080164
758,-214.18276016659595,0.9903870920810618,0.16447015576170898,3.0,15.0,0.0,217.16649482920081,0.9962046226588668,0.0037953773411332214,0.052466064927239375,-0.5050427785031638,-1440.769573680919
759,-211.01125060156008,0.999075354686721,0.1369746988805607,4.0,23.0,0.0,212.10112017182163,0.0489957571369496,0.9510042428630504,0.36635574305317975,0.17440741506111182,-1436.2909612765936
760,-211.87034391769797,0.9954341901080815,0.1363380680928834,4.0,15.0,0.0,212.37044075643712,0.9772705290587345,0.02272947094126554,0.17451293784220123,-1.167792692897997,-1436.0462329927905
761,-214.3574162375266,0.8634224605222212,0.13241784665761824,3.0,7.0,0.0,218.5162985592046,0.01254146258442628,0.9874585374155738,2.4473290108818255,0.2610272974737161,-1445.163786902826
762,-210.2623534874687,1.0,0.16447015576170898,4.0,15.0,0.0,214.41106970147354,0.828652714274002,0.171347285725998,0.10498605907925684,-0.10120679257678412,-1438.9384649290632
763,-210.4901616016108,0.9296450172838255,0.1369746988805607,4.0,15.0,0.0,212.1531183280295,0.37342833289056876,0.6265716671094312,-0.3144113105344549,0.21898766465634384,-1443.8540973576312
764,-212.7452974927081,0.958228096181548,0.1363380680928834,4.0,15.0,0.0,214.6013293050478,0.9511860199451555,0.0488139800548445,0.237718412540745,-1.8743507406685218,-1445.3048066924441
765,-214.3574547820655,0.9913662385454589,0.13241784665761824,3.0,15.0,0.0,216.87250340457908,0.0038595533186337617,0.9961404466813663,2.431478732099347,0.1952215953290012,-1437.1765074466998
766,-210.39522974419444,0.9149400417256492,0.16447015576170898,2.0,3.0,0.0,211.3841833149138,0.8750507885524862,0.12494921144751381,0.2686764909268915,-0.1201341403632324,-1437.9948840733634
767,-210.38292820746972,0.9911320856143521,0.1369746988805607,4.0,15.0,0.0,211.06019871013396,0.2567697835900725,0.7432302164099275,0.15011157128112065,0.0015854447530185278,-1441.812837308231
768,-212.16825874758086,0.9850696924753756,0.1363380680928834,3.0,7.0,0.0,213.11466671939502,0.9748324826031828,0.02516751739681722,0.13200270478598689,-1.4538003211364245,-1438.1545702397682
769,-212.5879459061812,0.9911005259625221,0.13241784665761824,4.0,15.0,0.0,214.8624502099565,0.021458366200184785,0.9785416337998152,2.0360635030276852,0.05588945871573539,-1438.236292536664
770,-209.23646791575314,1.0,0.16447015576170898,4.0,31.0,0.0,210.50885196015207,0.49282380579161944,0.5071761942083806,0.1970028541484813,0.10176898749213946,-1435.7342562821884
771,-210.60976263921452,0.9656638186865681,0.1369746988805607,3.0,15.0,0.0,212.69864894965434,0.294461977984731,0.7055380220152689,0.9418616948060266,-0.1371568985001819,-1443.203622691131
772,-212.38684124438973,0.9889468409688178,0.1363380680928834,2.0,7.0,0.0,213.69511821225834,0.986355012184487,0.013644987815513043,0.14060599161133921,-1.168177188049171,-1436.1614776736947
773,-212.02204163687034,0.9504592449230347,0.13241784665761824,4.0,31.0,0.0,214.27787130631376,0.03700598943778864,0.9629940105622113,1.201711931573535,0.004204392907005819,-1440.3163101095151
774,-210.73134998151252,0.9488434368580361,0.16447015576170898,4.0,15.0,0.0,211.07975220498895,0.16869312896042005,0.8313068710395799,0.6314955794351931,-0.08547709373440868,-1441.76014267408
775,-210.5948721837668,0.6887359993870007,0.1369746988805607,4.0,15.0,0.0,215.74370846671522,0.8908234361584509,0.10917656384154906,0.01992421505237231,0.49961718648016984,-1438.4241420181945
776,-215.32598519822128,0.9480435608278115,0.1363380680928834,4.0,19.0,0.0,216.33963391926895,0.9880051583095263,0.011994841690473712,0.2766506883775304,-3.237043540740222,-1447.6670186627925
777,-214.17426768771233,0.8480636721061077,0.13241784665761824,3.0,7.0,0.0,214.83426809958866,0.03514873080046126,0.9648512691995388,1.172936265097943,-0.09659034483848085,-1454.8919435962507
778,-212.25857857255912,0.9806180351508195,0.16447015576170898,3.0,7.0,0.0,214.1417640656754,0.4597766246504139,0.5402233753495861,0.8906069610504506,-0.21660808815930183,-1455.8838838899824
779,-210.40904570773426,0.9843551179990548,0.1369746988805607,3.0,11.0,0.0,213.30592688074506,0.8702426514231142,0.1297573485768858,0.04556946983357017,0.29038500083041113,-1438.3132786313554
780,-215.1342816334589,1.0,0.1363380680928834,2.0,7.0,0.0,216.00270576011982,0.9856778357493885,0.014322164250611502,0.25032353718058314,-3.342634476794584,-1446.963530012369
781,-212.44619339355145,0.9713659574630383,0.13241784665761824,2.0,7.0,0.0,215.53048410842555,0.0345789842084294,0.9654210157915706,1.3948223458908342,-0.016975559059659875,-1442.3618632496589
782,-210.13889952877707,0.8420640936991743,0.16447015576170898,2.0,3.0,0.0,213.5027166158834,0.4102016746230315,0.5897983253769685,0.70855842366623,-0.22229673061147726,-1441.3092502261575
783,-210.1364307909097,0.9841067080977915,0.1369746988805607,3.0,11.0,0.0,211.1864579379889,0.7112579678032142,0.28874203219678585,-0.15461944783972298,0.7955511362562326,-1440.0693309059272
784,-215.35692978719086,0.9972796990050691,0.1363380680928834,3.0,7.0,0.0,215.76585746004312,0.9966085719897622,0.0033914280102378402,0.09268597798819378,-3.2800263428099803,-1439.0314058825154
785,-214.35842754896382,0.9000852108426336,0.13241784665761824,3.0,7.0,0.0,214.49691922054984,0.04914843812458079,0.9508515618754192,1.3966561486302362,0.31494845996695936,-1457.8050058264544
786,-209.7353876058828,0.9710905395059118,0.16447015576170898,3.0,7.0,0.0,210.604582405551,0.31780728259339747,0.6821927174066025,0.585652654898338,-0.13205190247225837,-1437.929260517804
787,-209.916582107331,0.9854497017599991,0.1369746988805607,3.0,7.0,0.0,210.46920719859946,0.837407181252506,0.16259281874749398,0.011253431026099978,0.6739076602542817,-1435.886396669119
788,-214.22138061778116,0.984242726042823,0.1363380680928834,3.0,15.0,0.0,216.86291574673695,0.9961099470872936,0.0038900529127063876,0.18331269471864375,-2.391594135380622,-1436.4606968423213
789,-210.81305829599196,1.0,0.13241784665761824,3.0,7.0,0.0,214.52459119952186,0.0721640779307427,0.9278359220692574,1.2445330172662015,0.10090731832203273,-1436.2222393385673
790,-210.3051941219197,0.9814207315187088,0.16447015576170898,5.0,31.0,0.0,210.9240596241382,0.9048625896501844,0.0951374103498156,0.15970009018663325,-0.04590073406027311,-1435.7723587508233
791,-210.87488381821603,0.9133985964791413,0.1369746988805607,5.0,31.0,0.0,212.3268084822204,0.059281466177619806,0.9407185338223802,0.17846502524123142,0.10287070441726964,-1436.6957348280473
792,-211.8609279655115,0.9941324306867043,0.1363380680928834,4.0,15.0,0.0,214.4332796789007,0.9734879264160731,0.02651207358392693,0.15756710300291285,-1.282120284856756,-1436.7807738030476
793,-211.12888239937016,0.9207260822741056,0.13241784665761824,2.0,3.0,0.0,211.77677538980132,0.056734325164596346,0.9432656748354037,1.2206616767316663,0.03090207007514932,-1436.9148354086396
794,-212.84397324690437,0.9156865304567333,0.16447015576170898,4.0,23.0,0.0,213.9163250638177,0.009859210938026022,0.990140789061974,1.5548896477509666,0.09718712403312352,-1436.2005533660288
795,-210.99460591331433,0.9788091935973761,0.1369746988805607,3.0,7.0,0.0,211.42178949634987,0.060703457009422625,0.9392965429905774,0.185935387273095,0.08227658002588226,-1437.6769789004932
796,-210.34786637991016,0.957140914382166,0.1363380680928834,5.0,31.0,0.0,212.9650253028031,0.3523402472512504,0.6476597527487495,0.1298506189916251,0.3465075735108279,-1442.7068123952824
797,-212.13436378729014,0.9778584424237221,0.13241784665761824,4.0,23.0,0.0,213.21715364349885,0.05967623591179913,0.9403237640882008,1.9900004243401692,0.06736033674115077,-1442.0521570183178
798,-211.72233845329157,0.9637042914579493,0.16447015576170898,3.0,15.0,0.0,218.17895765811662,0.023292616822816817,0.9767073831771832,0.6062968960980875,0.16754107637248836,-1436.0511255829906
799,-210.0283074238134,0.9974805235335796,0.1369746988805607,4.0,15.0,0.0,211.72001884777717,0.8317910641842615,0.16820893581573848,0.26634305311646056,-0.5356004316228562,-1436.9295573740642
800,-209.68462820025655,0.9959405858962155,0.1363380680928834,4.0,23.0,0.0,211.03684797633608,0.6034197261714153,0.39658027382858474,0.4272985646186861,-0.08116922624249859,-1438.4085309646339
801,-212.7827401431142,0.8711078782438617,0.13241784665761824,3.0,15.0,0.0,214.77842072526533,0.017027812523016786,0.9829721874769832,2.293802489333803,0.1313646438080348,-1437.0397423987663
802,-210.78029847920234,0.9680558915837554,0.16447015576170898,4.0,15.0,0.0,212.57209551225344,0.17493591892953375,0.8250640810704662,1.1918343835096565,-0.002736903205978275,-1441.421324586442
803,-210.19061121019152,0.6506875244210085,0.1369746988805607,2.0,5.0,0.0,212.8943744188603,0.8646534526400804,0.13534654735991958,0.27833264220830184,-0.27891166688950075,-1436.9917350365415
804,-212.53832331317145,0.7631401880163403,0.1363380680928834,4.0,23.0,0.0,213.50300265538246,0.5372723994509512,0.4627276005490488,0.2050466236420685,-0.38745264207883745,-1458.3821222698728
805,-210.64861204402288,0.9944590051205426,0.13241784665761824,4.0,23.0,0.0,213.8764869675825,0.8229543276886627,0.17704567231133728,0.05256588126066818,-0.015210331643575728,-1441.8007433212358
806,-210.49043351208675,0.9680589668425442,0.16447015576170898,1.0,3.0,0.0,211.16088868381712,0.13308138409856018,0.8669186159014398,1.1329373313052726,-0.017221575928961716,-1437.9898235162746
807,-210.32709579660792,0.9926812347359396,0.1369746988805607,4.0,31.0,0.0,210.72481285168283,0.15453361423916565,0.8454663857608343,-0.33392461416398406,0.32816735923757184,-1438.6400981504507
808,-209.56050527241592,0.9936292138759133,0.1363380680928834,2.0,3.0,0.0,212.95120018059083,0.6413289053286545,0.3586710946713455,0.29051677363249323,-0.2538286453046451,-1437.3128004046075
809,-210.1658996333923,0.9949719740908605,0.13241784665761824,4.0,19.0,0.0,211.9571660290901,0.1469324967401751,0.8530675032598249,0.6464576158358958,-0.005027614949076107,-1437.0684048005662
810,-210.75124148447142,0.9629192152165043,0.16447015576170898,3.0,15.0,0.0,211.53786801904468,0.20082786451820056,0.7991721354817994,1.1327628562765515,-0.02092046358898402,-1442.0720188471776
811,-210.3202371562734,0.993586925214543,0.1369746988805607,2.0,7.0,0.0,211.00080547305473,0.11961099333021867,0.8803890066697814,-0.31505255785073466,0.27607784891197357,-1437.1405296301616
812,-209.35044778769227,0.9907693678332106,0.1363380680928834,2.0,7.0,0.0,210.0034032172546,0.5565005848083633,0.4434994151916367,0.2773966070082916,-0.10530337352202812,-1436.400685866917
813,-210.93699602500345,0.9322014052152187,0.13241784665761824,4.0,19.0,0.0,214.5221168294131,0.9499400417924696,0.0500599582075304,0.1385857691688484,-0.11660360656895233,-1436.0325595696556
814,-212.2387765044897,0.868390200160364,0.16447015576170898,2.0,3.0,0.0,212.58600954974025,0.27807349342818205,0.7219265065718179,1.178797258445303,-0.04951671633155777,-1453.7997716424406
815,-209.27775119235764,0.9956198661316796,0.1369746988805607,4.0,15.0,0.0,210.6473480211248,0.3958849068260411,0.604115093173959,0.06394515486712479,0.21996749135875293,-1435.7117915679191
816,-209.97605034288756,0.935582970516388,0.1363380680928834,2.0,3.0,0.0,210.1421689034749,0.6070013124142938,0.3929986875857062,0.37188329629144323,0.06348158629587176,-1440.4402644682066
817,-211.13613102589457,0.9924020195803233,0.13241784665761824,4.0,23.0,0.0,211.72942974777237,0.9555713564937606,0.04442864350623943,0.11572857983429846,-0.04945631042060848,-1436.639260326759
818,-211.71851813542312,1.0,0.16447015576170898,3.0,15.0,0.0,214.10760260001592,0.33009782273678,0.66990217726322,1.0239331598616108,-0.08433117939279051,-1451.1645430508165
819,-209.9137371622625,0.9943204000216671,0.1369746988805607,4.0,19.0,0.0,210.1030813967302,0.7936399725052845,0.2063600274947155,0.3263768452705442,-0.4710256400232619,-1437.2512604157923
820,-209.480116040653,0.8687756147796326,0.1363380680928834,3.0,7.0,0.0,212.17505638065688,0.6056896743757898,0.3943103256242102,0.3015174007800884,-0.2124675668043599,-1437.027960824838
821,-212.62869150137533,0.835014673284301,0.13241784665761824,4.0,23.0,0.0,216.57891648333538,0.9753998807264349,0.02460011927356509,0.26910903791654056,-1.6173713901561835,-1440.700375278872
822,-211.85775087895058,0.9970229136218104,0.16447015576170898,4.0,15.0,0.0,212.8717805787043,0.02489368925883724,0.9751063107411627,-0.17441851392317484,0.09397407918511763,-1437.7421533446804
823,-210.31824000244154,0.9943579595256383,0.1369746988805607,2.0,7.0,0.0,211.13679344098307,0.8932974775713741,0.10670252242862588,0.19716385403302056,-0.5256256684358025,-1436.3178078217622
824,-210.87329029940682,0.9248964238685445,0.1363380680928834,4.0,15.0,0.0,212.33998290817533,0.3795224207105842,0.6204775792894158,-0.1135654184353396,0.5471619663114247,-1446.40208105344
825,-212.01477460436965,0.9611603926025232,0.13241784665761824,4.0,31.0,0.0,214.83059851410755,0.9583709126095533,0.041629087390446684,0.09017950560130933,-1.0129971568880067,-1441.3999243098901
826,-212.5934014469657,0.9712821165196623,0.16447015576170898,4.0,27.0,0.0,214.29285552677905,0.013774385536512175,0.9862256144634878,-1.0517144523559052,0.2329670877645452,-1437.8460814253299
827,-209.36205198684445,0.9859903435666236,0.1369746988805607,4.0,15.0,0.0,210.5588207047971,0.6655703735508921,0.3344296264491079,0.3194102050045261,-0.184951602601157,-1435.7257035962375
828,-213.05168734162572,0.747372988464306,0.1363380680928834,2.0,3.0,0.0,213.83096620312304,0.51096219337199,0.48903780662801,-0.17959301340667144,0.022517297602822173,-1462.101126685276
829,-217.65544132463293,0.9784198734018255,0.13241784665761824,5.0,31.0,0.0,218.27193765301521,0.9998999167458867,0.00010008325411325902,0.07152974987662811,-1.0711415265140658,-1438.8976891573234
830,-212.35055686900165,0.9558198872199002,0.16447015576170898,3.0,7.0,0.0,213.5870102773426,0.0169513653023127,0.9830486346976873,-1.16960099819853,0.2279329366679925,-1437.3557940462154
831,-209.99284474435913,0.9412273910279271,0.1369746988805607,2.0,3.0,0.0,210.02950400106135,0.6354134512816678,0.3645865487183322,0.2515354405366247,-0.2933202786159892,-1440.3478702355708
832,-210.83032168401658,1.0,0.1363380680928834,2.0,3.0,0.0,212.87344383021997,0.47575147676390145,0.5242485232360985,-0.12457983861345608,0.11321157834602327,-1446.7473513360355
833,-219.2039215125206,0.628169271019435,0.13241784665761824,4.0,27.0,0.0,223.67886134142083,0.9994771033276539,0.0005228966723460626,0.37847013103759874,-0.553985828225009,-1461.6188769813575
834,-212.89673869021937,0.9943823861862781,0.16447015576170898,2.0,7.0,0.0,213.30426934960613,0.00908380352181843,0.9909161964781815,-1.2078383084300726,0.20915706029759254,-1436.8028993249945
835,-210.02289259526313,0.9408275527104252,0.1369746988805607,3.0,7.0,0.0,211.04549839233965,0.6128548620478276,0.3871451379521724,0.3843289222686822,-0.4014704965257742,-1440.58265265639
836,-209.2491735524114,0.9504775480387968,0.1363380680928834,1.0,3.0,0.0,211.5174879923011,0.407274039548391,0.5927259604516091,-0.08804903197028188,0.311676195736141,-1435.533571768251
837,-216.61419081069454,1.0,0.13241784665761824,2.0,7.0,0.0,219.67716914287547,0.9986675599125501,0.0013324400874499265,-0.019775533221756597,-0.48557128345198913,-1450.3702087946303
838,-212.12012705491372,0.9982068212672477,0.16447015576170898,4.0,15.0,0.0,213.04764421714046,0.10630336913311925,0.8936966308668808,-1.3022762850884493,0.3031311510783593,-1447.4704060323056
839,-209.9196378917493,0.999994676351189,0.1369746988805607,4.0,15.0,0.0,210.6467040075939,0.15284142416654514,0.8471585758334549,0.385876030415888,0.13052573669751355,-1435.8092216689197
840,-209.85753392053223,0.9947861978408219,0.1363380680928834,4.0,15.0,0.0,209.96653878475811,0.835487787596746,0.16451221240325398,0.031639838172764286,0.7273207874662265,-1435.4783423496635
841,-214.10238555333473,1.0,0.13241784665761824,4.0,17.0,0.0,218.2611993056635,0.9808423338793898,0.019157666120610206,-0.006150629111331712,-0.9486236742228515,-1450.7356725012467
842,-211.5676372746832,1.0,0.16447015576170898,2.0,3.0,0.0,212.1311138221451,0.07778085770076801,0.922219142299232,-1.2756373955706852,0.25459245723381074,-1441.7956373117147
843,-210.78229681728192,0.9726857741477893,0.1369746988805607,4.0,15.0,0.0,210.86986981768842,0.25917929243021737,0.7408207075697826,0.8568716405569555,-0.1992699967753619,-1443.9648543838484
844,-211.62721259268062,0.9216990560920991,0.1363380680928834,3.0,15.0,0.0,211.90949919768315,0.9109740380366648,0.08902596196333523,0.18650409737385856,1.2253585584647566,-1443.189705960069
845,-211.87386481590454,0.9637849325764173,0.13241784665761824,3.0,11.0,0.0,214.4810130772964,0.9352580396132134,0.06474196038678659,0.32722028169385886,-1.1200174518454036,-1443.0259139962857
846,-212.48832131345128,0.8496970192525385,0.16447015576170898,4.0,17.0,0.0,214.10485395247255,0.009891811491498047,0.9901081885085019,-0.33770303977408206,0.15543026407525962,-1435.7427898956762
847,-209.47326728354648,1.0,0.1369746988805607,4.0,15.0,0.0,210.99869153482305,0.3468841499868032,0.6531158500131968,0.37690737887227244,-0.044897396230871106,-1436.6092691319727
848,-210.94339787435848,0.9780819573171838,0.1363380680928834,2.0,7.0,0.0,212.74142309168232,0.9305755579895147,0.06942444201048525,0.10798853487364274,1.323254478563665,-1436.6997873152523
849,-212.68639302386595,0.9117670126643433,0.13241784665761824,2.0,7.0,0.0,213.21598002180937,0.9413395854519206,0.058660414548079354,0.05236251528081082,-1.006766938052213,-1448.300082757337
850,-216.9048336283803,0.8699199188877268,0.16447015576170898,4.0,15.0,0.0,218.16513065123536,0.0008820865924527931,0.9991179134075472,0.758018319315158,0.3137905736143523,-1449.1544852241468
851,-210.61955515480895,0.8417695671068852,0.1369746988805607,2.0,3.0,0.0,211.1536208674756,0.30739204092967964,0.6926079590703204,0.3427229933195832,-0.12913397665023055,-1444.1067607911891
852,-211.5354918713564,0.9834823593903407,0.1363380680928834,3.0,7.0,0.0,211.92338527273202,0.9156554373417345,0.08434456265826551,0.09341076073849144,1.6285028056464377,-1441.2474515562035
853,-211.14248935380223,1.0,0.13241784665761824,2.0,3.0,0.0,212.60069096090896,0.9399640591145858,0.060035940885414196,0.2464459822306007,-1.0233441898209736,-1437.7060477613977
854,-214.7530771627358,1.0,0.16447015576170898,3.0,7.0,0.0,217.021420799099,0.0015864797470796432,0.9984135202529204,0.948260661272658,0.07981596135625274,-1438.1397711248735
855,-209.93064935806098,0.9997138141060004,0.1369746988805607,3.0,11.0,0.0,210.86651387797636,0.7531934766604379,0.2468065233395621,0.10386174914223578,-0.009800851590829354,-1438.5172774827902
856,-211.73652879429702,0.9753252640544459,0.1363380680928834,3.0,7.0,0.0,212.31999994261423,0.9722093045519901,0.02779069544800994,0.08798130604452335,1.4953601479266918,-1435.7410854538268
857,-212.0791430768319,0.797914407529133,0.13241784665761824,1.0,3.0,0.0,212.25309961391304,0.9356140451365869,0.06438595486341314,0.34848168536210267,-1.0186806985310917,-1444.583199178936
858,-213.0384032457332,0.810541611742876,0.16447015576170898,3.0,15.0,0.0,219.69415262537066,0.007492183410226846,0.9925078165897732,1.5158364680875458,0.16188307353844927,-1435.7527026770883
859,-209.7964987653916,0.951829060070913,0.1369746988805607,3.0,7.0,0.0,210.6077065097479,0.8044469769736206,0.19555302302637945,0.20622941295719155,0.10669464437064402,-1436.4002597233157
860,-211.42415561887492,0.9865658323254142,0.1363380680928834,4.0,15.0,0.0,213.04427232861505,0.9677387472354273,0.0322612527645727,0.09571533204811808,0.8997347678553955,-1435.8124310534072
861,-209.93919688291925,0.9918661737664777,0.13241784665761824,4.0,19.0,0.0,213.38291387154328,0.7064834425625356,0.2935165574374644,0.19146435228814584,-0.2456735873032497,-1439.2570161074104
862,-210.54969998988324,0.9867331205368014,0.16447015576170898,5.0,31.0,0.0,213.66058284404917,0.81618424471843,0.18381575528157001,-0.037694521354744784,1.1154626962874898,-1440.2466236210828
863,-209.65530477208722,0.9836324314074018,0.1369746988805607,3.0,7.0,0.0,210.0585213171259,0.7587226940086609,0.24127730599133912,0.18899886610209823,0.18347056525420408,-1436.4587628874444
864,-212.81662731513495,0.9991133654515187,0.1363380680928834,4.0,15.0,0.0,213.89721503224393,0.979073546258004,0.020926453741995976,0.08595705384670015,2.3522494320740686,-1438.44456723465
865,-209.253949418719,0.9961287068093952,0.13241784665761824,5.0,31.0,0.0,210.55294239885052,0.582011065712543,0.417988934287457,-0.05051958546551362,0.40948335524821383,-1435.5635173913306
866,-210.7735828839496,0.964391833676545,0.16447015576170898,3.0,7.0,0.0,211.51371674092087,0.9343210053695994,0.06567899463040061,0.12576282109208592,1.008225932534363,-1435.8020069499703
867,-209.35695368210668,0.999574899439813,0.1369746988805607,3.0,7.0,0.0,209.72168861743657,0.6728380585101845,0.3271619414898155,0.09241647241918594,0.2831151408307113,-1435.6547794244239
868,-213.2993750082266,0.9293314280964209,0.1363380680928834,2.0,3.0,0.0,213.76383118177864,0.9817936877392722,0.018206312260727775,0.04144495280766894,2.3903854003395137,-1440.6852851383965
869,-209.84543875091674,0.9968587560963509,0.13241784665761824,4.0,31.0,0.0,210.22033089489844,0.7267352304478656,0.2732647695521344,-0.0749586507222064,0.7928693440589908,-1437.8468367806279
870,-211.0056499110676,0.9922569968493228,0.16447015576170898,2.0,7.0,0.0,211.7650102334247,0.9530115854844985,0.04698841451550151,0.11464561263061453,0.9607843758110378,-1435.3116021330388
871,-209.69446754474743,0.9971130684590381,0.1369746988805607,4.0,15.0,0.0,209.97147748438724,0.2720539119928365,0.7279460880071635,-0.35671201713058975,0.36434033686946043,-1437.1079611699786
872,-211.63213277065324,0.9979995775593394,0.1363380680928834,4.0,15.0,0.0,215.3055491580886,0.5532203989945447,0.44677960100545533,0.16418107953623973,-0.283764267250611,-1452.1552874250829
873,-209.85354050119489,0.9869699600993653,0.13241784665761824,3.0,7.0,0.0,209.9817670293915,0.7190824888012862,0.2809175111987138,-0.07766758314938138,0.7910610607943199,-1438.0225828501236
874,-211.3130127631913,0.918130689972877,0.16447015576170898,3.0,15.0,0.0,211.72991653474156,0.9528373749000826,0.04716262509991742,0.17429263433330094,1.0365550199764768,-1437.3135314489814
875,-209.6115559080319,0.9833307904858933,0.1369746988805607,3.0,7.0,0.0,209.97041466512042,0.3082141077315678,0.6917858922684321,-0.3276502744437052,0.30402965182247604,-1437.0973035175393
876,-211.79782448600886,0.9898459534512344,0.1363380680928834,4.0,31.0,0.0,214.02525088982162,0.932180975963319,0.06781902403668105,0.02664359621846466,1.795008826750942,-1441.191494637791
877,-209.86461990342008,0.9804620899065193,0.13241784665761824,4.0,15.0,0.0,210.09797919699662,0.8387883410003594,0.16121165899964063,0.053788529102253076,0.7100352282864737,-1435.4343480300743
878,-213.11919718426466,0.9963069836581449,0.16447015576170898,4.0,31.0,0.0,214.11976444222702,0.9937880391796278,0.006211960820372231,0.14962550132618635,1.270531687227556,-1435.61879790062
879,-210.34773165813496,0.9161577193850114,0.1369746988805607,3.0,11.0,0.0,212.02008150429361,0.8159991981611503,0.1840008018388497,0.2187402052946769,0.3382621828477308,-1439.7923508152307
880,-211.101835319335,0.9985055888382838,0.1363380680928834,4.0,15.0,0.0,211.97918062108062,0.9552082001389869,0.044791799861013115,0.09126351219790234,1.1298106992041794,-1435.3602521474854
881,-209.23582683497082,0.9586253107265378,0.13241784665761824,4.0,31.0,0.0,211.2797023929094,0.4345685365501095,0.5654314634498905,-0.08448431908302242,0.3156726352179241,-1435.56217736425
882,-213.1572371204974,0.9865920471943329,0.16447015576170898,3.0,15.0,0.0,213.8512105299436,0.99414379592562,0.005856204074380034,0.1593845627769293,1.138085201710274,-1435.7495100969734
883,-210.3795062982545,0.7975886776786187,0.1369746988805607,4.0,19.0,0.0,213.54520214017225,0.3745931191376029,0.6254068808623972,-0.4837822982762499,0.4593198687052899,-1442.8408819755539
884,-211.36380385482678,0.9093195323061866,0.1363380680928834,3.0,7.0,0.0,212.4464049513113,0.9470191161386993,0.05298088386130073,0.18220626472990342,1.0884770025755939,-1438.3279416754108
885,-209.82882091508108,0.8763094128136277,0.13241784665761824,3.0,15.0,0.0,215.95598299622532,0.4950547868088747,0.5049452131911253,0.5947118032577163,-0.1759174518833559,-1439.5371719704367
886,-210.19936694784482,0.9251527694153535,0.16447015576170898,4.0,23.0,0.0,214.04323562291717,0.30380017399296055,0.6961998260070394,-0.5127570254985908,0.4186889600793996,-1440.8961737496556
887,-210.2305209017086,1.0,0.1369746988805607,3.0,7.0,0.0,210.52522190780323,0.31208012049506645,0.6879198795049335,-0.4926295009370561,0.4473887059606019,-1441.2104894660522
888,-212.9787840976135,0.8933804799480581,0.1363380680928834,2.0,3.0,0.0,213.28910385017915,0.9253138177568757,0.07468618224312429,0.2667996616388634,1.1853045114219913,-1451.4726359454855
889,-210.8667300931908,0.9813405476701066,0.13241784665761824,4.0,23.0,0.0,211.28053667224006,0.08968013975555261,0.9103198602444473,0.7709219923949202,0.18117026452037963,-1438.7671084552692
890,-209.8284954128831,0.8709750432681098,0.16447015576170898,2.0,5.0,0.0,211.20989741550594,0.24681194749907068,0.7531880525009294,-0.19697385186603,0.3483595314557862,-1437.6828352387558
891,-210.65576831619134,0.972122567650305,0.1369746988805607,4.0,15.0,0.0,211.20598040607754,0.06959167645031214,0.9304083235496878,-0.4172479014254301,0.2233621583172892,-1436.0568920104784
892,-211.17951573930532,1.0,0.1363380680928834,2.0,7.0,0.0,213.6220754516208,0.9203766797719621,0.07962332022803786,0.1228079874339125,1.4092370579847686,-1438.9957163115012
893,-211.08713508701376,0.9833710858061617,0.13241784665761824,4.0,15.0,0.0,212.00881533276458,0.05705150901690887,0.9429484909830911,1.201675588890951,0.03514547473964321,-1436.702113101643
894,-209.6375499153744,0.8951590379625242,0.16447015576170898,3.0,9.0,0.0,211.61566310142433,0.21928506675862552,0.7807149332413745,0.07254960612091221,0.14977828291625153,-1435.9092864573101
895,-210.16775445994833,0.67296597484368,0.1369746988805607,3.0,11.0,0.0,214.05892928781,0.37303397593229853,0.6269660240677015,-0.360559826442328,0.2876740860333562,-1441.5670897170692
896,-211.35622539047534,0.8623626035370113,0.1363380680928834,4.0,19.0,0.0,214.7810928102319,0.9321936331942682,0.06780636680573182,0.256268207035368,-1.1858759988498087,-1439.6515953388493
897,-209.62883137281037,0.987779553071645,0.13241784665761824,4.0,15.0,0.0,212.78780809091532,0.40686085500544367,0.5931391449945563,0.5453620194425748,-0.003403413888597835,-1437.9877076921691
898,-211.1730133503942,0.9090179493979974,0.16447015576170898,4.0,31.0,0.0,212.52391346821133,0.15257657952666548,0.8474234204733345,1.2712777245584472,-0.0824059051529656,-1443.1993362677879
899,-209.4895661458236,0.9496497569888066,0.1369746988805607,3.0,15.0,0.0,211.26760831567765,0.4281230170344575,0.5718769829655426,0.0028042886592961613,0.3663739426316409,-1437.2663182863673
900,-211.05179971587373,0.996025962080981,0.1363380680928834,3.0,15.0,0.0,211.71602197568706,0.9499516374831725,0.05004836251682754,0.15780226603103006,-0.7027991014151572,-1436.404411083797
901,-209.69088176760013,1.0,0.13241784665761824,3.0,15.0,0.0,209.97333788172352,0.5153569744360063,0.48464302556399375,0.20696890328228212,-0.0796228924447413,-1438.8681318970002
902,-211.04751587489355,0.9773130338641528,0.16447015576170898,3.0,7.0,0.0,212.54166820937067,0.18704850826548106,0.812951491734519,1.1437154936188687,-0.11899703518134588,-1443.7123157814383
903,-209.70767634510992,0.9984408745447679,0.1369746988805607,4.0,15.0,0.0,210.5362331782987,0.3531113365872575,0.6468886634127424,-0.35054769088545745,0.34484650896760627,-1438.2008525527506
904,-212.02107585074023,0.8478364047355593,0.1363380680928834,2.0,3.0,0.0,213.06727911830254,0.9274724490722125,0.07252755092778751,0.05206331336326804,-0.5654491530886334,-1445.6666952176863
905,-210.216420303595,0.9871333043380406,0.13241784665761824,4.0,31.0,0.0,210.76829333801862,0.7974663348083906,0.20253366519160942,-0.02722696716748975,0.40364131127058106,-1439.3882887119796
906,-210.1648652199413,0.9504561541698185,0.16447015576170898,3.0,7.0,0.0,211.92451063669918,0.1530268450174865,0.8469731549825135,0.7747046431367204,-0.027423471137282177,-1437.1344613734595
907,-211.2478048978836,0.8351870206350874,0.1369746988805607,3.0,15.0,0.0,212.83225686861874,0.6846510980686147,0.3153489019313853,0.18466744965601473,0.5947009309383724,-1448.324263942108
908,-211.03290817212576,0.9944452711508852,0.1363380680928834,3.0,7.0,0.0,212.41296560091976,0.9537451244976193,0.04625487550238072,0.1980220152441629,-0.6572460539271832,-1435.7980919664426
909,-209.78126556957753,0.9933688868446772,0.13241784665761824,1.0,3.0,0.0,210.6178042334351,0.8240483979460141,0.17595160205398586,0.07779640799272602,0.41050642821885946,-1435.6275356563574
910,-210.4069232738166,0.9846510066402802,0.16447015576170898,2.0,7.0,0.0,211.53398228584643,0.11879982258565813,0.8812001774143419,0.6647976673079299,0.0051923342074086595,-1437.4685720482796
911,-210.97304182496538,0.9917775879879092,0.1369746988805607,4.0,15.0,0.0,212.7686278467254,0.9165258404649556,0.08347415953504445,0.03815607512293746,0.3299872299394897,-1439.499283760861
912,-209.840337612983,0.9929463100561897,0.1363380680928834,4.0,23.0,0.0,212.09001785188167,0.40473994154829646,0.5952600584517036,-0.010948729203192509,0.4136626466208783,-1439.5462591435962
913,-210.01796050978092,0.988803789418972,0.13241784665761824,5.0,31.0,0.0,210.38893939233284,0.8574219385766632,0.14257806142333684,0.1769239055304458,0.19190819405478043,-1436.1758810159404
914,-212.87594564457677,0.9452677877100942,0.16447015576170898,2.0,3.0,0.0,213.55275731011636,0.37671803379752805,0.623281966202472,1.0159567175609998,-0.056920131773072244,-1459.5914562192693
915,-210.20829990290613,0.9321837089369621,0.1369746988805607,2.0,7.0,0.0,212.07912937657346,0.8794763211965333,0.1205236788034667,0.16485429266228507,0.36364328544099467,-1436.4265093160784
916,-209.718237338367,0.9975800297760655,0.1363380680928834,4.0,23.0,0.0,210.23840399590583,0.7534345739671645,0.2465654260328355,0.15318294148765838,-0.07185640749525253,-1437.0301244942314
917,-209.71289638414805,0.6174913589770114,0.13241784665761824,3.0,7.0,0.0,213.56542951500694,0.43624592251837785,0.5637540774816221,-0.27111224198108735,0.5106226566744454,-1438.667349599021
918,-212.11836926464318,1.0,0.16447015576170898,3.0,15.0,0.0,215.45558490854026,0.016508714262982095,0.9834912857370179,1.2520182228354584,0.13791443515634175,-1435.428332171799
919,-210.33379922815448,0.8163823470580183,0.1369746988805607,3.0,11.0,0.0,212.89217269954366,0.9067720893085928,0.09322791069140723,0.09995734848878657,0.7522742037304301,-1435.3710244202855
920,-211.9272692537357,0.8912498050227884,0.1363380680928834,3.0,15.0,0.0,212.75266032561336,0.954781551809812,0.045218448190188054,-0.0054991180520770275,0.9323666546860492,-1441.4832876255557
921,-209.39070335358187,0.9528041501004841,0.13241784665761824,3.0,7.0,0.0,210.16568290431945,0.41488554586885945,0.5851144541311406,-0.18462408689522655,0.31809755714115107,-1436.5236212711134
922,-210.48038635518412,0.99769004385324,0.16447015576170898,3.0,11.0,0.0,212.18113119032864,0.1455601523631477,0.8544398476368523,1.1412306366579483,0.03096512095094965,-1438.4225397049663
923,-210.42700956065553,0.9727519094569929,0.1369746988805607,4.0,31.0,0.0,211.07353660735774,0.8930478084241136,0.10695219157588642,0.18428266787724024,0.38107999160781714,-1437.2007839686546
924,-212.31340748157282,0.9890591506041377,0.1363380680928834,2.0,3.0,0.0,212.36519916876125,0.9594167157561428,0.040583284243857154,-0.01844268887895157,0.9416266796181039,-1443.4217722492672
925,-209.82388536058534,0.9688651366742888,0.13241784665761824,3.0,7.0,0.0,209.88890861694375,0.3539433962156785,0.6460566037843215,-0.11266660766856118,0.42265375938211197,-1439.0545449848696
926,-210.5585181942336,0.9982785090001287,0.16447015576170898,4.0,15.0,0.0,210.72938277271692,0.09164345734738176,0.9083565426526182,1.1601584576618813,0.04361617029560816,-1436.150412459866
927,-211.62094666070612,0.8715267485688611,0.1369746988805607,3.0,7.0,0.0,211.8934677083643,0.8859026229356983,0.11409737706430167,0.2723876532302535,0.4483336748126562,-1445.7565387031511
928,-213.06840917424987,0.8980288598217421,0.1363380680928834,2.0,7.0,0.0,215.23060181094579,0.9259116492129251,0.07408835078707487,-0.12569441327953276,1.0963183998802355,-1452.263823508528
929,-209.62540483019797,0.911231692957341,0.13241784665761824,3.0,11.0,0.0,211.53458876135733,0.5334825070730344,0.46651749292696565,0.06670028569456345,0.09016172122450589,-1438.4229076595368
930,-211.08092252411507,0.9915005975178381,0.16447015576170898,3.0,7.0,0.0,211.33973147084637,0.04417129365071179,0.9558287063492882,1.0265922119408588,0.10145125391256953,-1435.3144108402496
931,-210.54955594523148,0.9276016209859094,0.1369746988805607,2.0,3.0,0.0,212.76964480972853,0.8606522170169999,0.1393477829830001,0.22893675250674667,0.29965875084148386,-1439.6517212440965
932,-210.153270697188,1.0,0.1363380680928834,2.0,3.0,0.0,213.1348011437737,0.8615250043258836,0.13847499567411636,0.006756327716310392,0.9418871366976763,-1436.2346036645872
933,-213.039290346826,0.9927432673671797,0.13241784665761824,4.0,15.0,0.0,213.53260629780536,0.03552431062685422,0.9644756893731458,-0.40735214290529276,0.0068828846483712965,-1448.175207332253
934,-211.3267452630329,0.9838449191440716,0.16447015576170898,4.0,15.0,0.0,211.81634924552503,0.06502051792113081,0.9349794820788692,1.3314980767257338,0.1586874465093514,-1438.8971924288414
935,-209.60392528758715,0.9842992974613681,0.1369746988805607,3.0,7.0,0.0,213.4333211237756,0.6324462568549978,0.3675537431450022,0.1639051369283357,-0.05239841323762723,-1437.7883225818284
936,-209.9058292046471,0.9595231688767506,0.1363380680928834,4.0,15.0,0.0,211.21326523171078,0.7171887494783601,0.2828112505216399,-0.0796220469087697,0.43893208113717463,-1438.7856924246576
937,-211.6518389834188,0.9793967616539404,0.13241784665761824,3.0,15.0,0.0,213.9360500120666,0.5744044717143354,0.4255955282856646,-0.2448759384204,0.24376016202751655,-1452.2051569670243
938,-210.33018461029926,0.9852164413967331,0.16447015576170898,3.0,15.0,0.0,212.24288838471614,0.15462631558480314,0.8453736844151969,0.8903170945058483,-0.05466579388012131,-1438.167070155699
939,-209.58102704509076,0.8796359709521855,0.1369746988805607,3.0,11.0,0.0,211.69301878267126,0.756019175743618,0.243980824256382,0.1276294427180611,0.32169680196142536,-1435.954468174047
940,-210.57852371096527,0.9788460287692097,0.1363380680928834,4.0,31.0,0.0,212.63787237161935,0.11325611922833279,0.8867438807716672,1.2212334119477959,0.033030984111273164,-1437.4600671983442
941,-209.36258983658513,1.0,0.13241784665761824,2.0,7.0,0.0,211.92956972394063,0.32755832079635067,0.6724416792036494,-0.12197755579617708,0.3056419117766318,-1435.6810816476618
942,-210.81527073807305,0.9721944719447956,0.16447015576170898,3.0,7.0,0.0,211.52438991257148,0.3331362262024189,0.6668637737975811,0.9006139697823105,-0.06494698041048814,-1445.1644498755377
943,-209.82149983778015,0.996751206553972,0.1369746988805607,4.0,23.0,0.0,210.60691135417315,0.30181034923515165,0.6981896507648484,-0.4303674037536985,0.36489918364382373,-1438.36377130795
944,-209.73228156819286,0.9720510797850033,0.1363380680928834,4.0,31.0,0.0,211.80722932073854,0.2545843031893357,0.7454156968106642,0.759881126364177,-0.03957003280006217,-1436.7990887377114
945,-209.4344084526139,0.9660131017101651,0.13241784665761824,4.0,15.0,0.0,210.63259344525792,0.35857289133259773,0.6414271086674023,0.41060648924486554,-0.06344319822471267,-1436.4203753360305
946,-211.19439315096383,0.9222745139193671,0.16447015576170898,4.0,23.0,0.0,212.53322211999125,0.8324163497995527,0.1675836502004473,-0.013446795763137138,0.13930930106969336,-1445.256098275288
947,-209.37695405144754,0.9940157301142926,0.1369746988805607,4.0,19.0,0.0,209.95185943527102,0.5011768941643525,0.4988231058356475,0.30476595623475267,0.08812550873029704,-1436.661632374732
948,-209.73614603914282,0.965657032331105,0.1363380680928834,4.0,15.0,0.0,210.23102859216988,0.18364945274296163,0.8163505472570384,0.5177601766610311,0.07977627438667147,-1435.460581281152
949,-209.5675993648521,0.9742515803831032,0.13241784665761824,3.0,15.0,0.0,210.9460777285016,0.23879338082013957,0.7612066191798604,0.15960520839548764,0.16084611813350072,-1435.819584174817
950,-210.23716334267058,1.0,0.16447015576170898,2.0,3.0,0.0,211.01211152187233,0.831335215870197,0.168664784129803,0.06284766810540139,0.12952042521986087,-1438.678250219035
951,-209.44936924827118,0.9992699081006599,0.1369746988805607,3.0,7.0,0.0,209.53173254378865,0.3141088197438303,0.6858911802561697,0.25912608986513264,0.1433109331935468,-1436.145509191932
952,-210.47038032069378,0.7833142290824097,0.1363380680928834,2.0,7.0,0.0,211.2838234942346,0.2554630723221497,0.7445369276778503,0.5864838242274243,0.15884193092791582,-1442.0944971243284
953,-209.99815164018898,0.9923193245551722,0.13241784665761824,3.0,15.0,0.0,210.72779333910378,0.16395911963011833,0.8360408803698817,-0.12462983899174747,0.26424640544709416,-1436.8149346300424
954,-212.6397181466641,0.7091726347389622,0.16447015576170898,4.0,15.0,0.0,216.8987875220077,0.9816189932089671,0.01838100679103294,0.2688459928866024,-0.8390561424859034,-1440.458265577518
955,-210.13502883858442,0.8934789662851963,0.1369746988805607,3.0,11.0,0.0,210.7277539084484,0.7185462261736143,0.2814537738263857,0.3560575034038753,-0.018913515493423294,-1440.4108276551476
956,-210.74685017367128,1.0,0.1363380680928834,4.0,15.0,0.0,211.18001231345463,0.9232671838862417,0.07673281611375826,0.06864685610159749,0.3676391536622686,-1437.3802515491382
957,-211.09038326167067,0.9417248919945569,0.13241784665761824,3.0,7.0,0.0,212.504426090083,0.09956790758276614,0.9004320924172339,0.13809922246251005,0.032944175177479704,-1441.4832087002742
958,-212.01326437907042,0.9204319016858539,0.16447015576170898,4.0,23.0,0.0,214.4379236149207,0.9392793698940968,0.06072063010590323,0.2671519192312339,-1.4739808741699492,-1442.8135304564112
959,-209.72823625553596,0.9972698137804465,0.1369746988805607,3.0,15.0,0.0,211.12171532115428,0.778175623421685,0.221824376578315,0.27775397762800724,-0.09468460892099483,-1436.542312983183
960,-209.852762802109,0.9937782089293624,0.1363380680928834,4.0,15.0,0.0,211.344387497743,0.6575146563272185,0.3424853436727815,0.2873608862317441,-0.339756359201706,-1439.142371215689
961,-219.10379996154447,0.9300718820138124,0.13241784665761824,5.0,31.0,0.0,222.16779906252813,8.322671158594205e-05,0.9999167732884141,3.8221043792260723,0.13080570751616744,-1435.9950507018818
962,-209.3810113014835,0.9918984127771524,0.16447015576170898,4.0,31.0,0.0,212.82587569489502,0.692355541987577,0.307644458012423,0.2501563535703547,-0.04341415937153986,-1435.614514354585
963,-210.31864044829788,0.8904094910323652,0.1369746988805607,4.0,15.0,0.0,211.81465528707892,0.132937143720524,0.867062856279476,-0.39873789934078074,0.30384980993347277,-1437.688332717017
964,-209.4136400988591,0.9433145532216954,0.1363380680928834,3.0,15.0,0.0,210.90135642984265,0.6642693188362023,0.3357306811637977,0.20377725251439305,-0.05746119742229436,-1436.1742904652815
965,-219.69129202524985,0.8803248391083752,0.13241784665761824,4.0,19.0,0.0,222.81686686301748,4.3413503778960265e-05,0.999956586496221,2.6286676371962847,0.03683276396099892,-1442.2191233191156
966,-210.35410927886454,0.9933423548085248,0.16447015576170898,4.0,15.0,0.0,210.79199038716803,0.09552664555110348,0.9044733544488965,0.9347604577917099,0.06443669355587102,-1435.4012608581538
967,-210.17977535499915,0.9997680052620161,0.1369746988805607,4.0,15.0,0.0,210.48475906925194,0.14583887530171974,0.8541611246982803,-0.321479680380369,0.16067651607180866,-1437.370839142971
968,-209.92418565659165,0.9944537679764281,0.1363380680928834,2.0,7.0,0.0,210.95570186335428,0.725365260746453,0.274634739253547,0.3898888117086058,-0.45382497394626037,-1438.6508795829848
969,-217.06855268485518,0.9159198141678421,0.13241784665761824,4.0,31.0,0.0,222.75650195982698,0.00027032682445710663,0.9997296731755428,2.0765988542802534,0.22976538173071265,-1438.9322010634917
970,-210.2889918817283,0.9196254687407989,0.16447015576170898,4.0,15.0,0.0,211.81778476879123,0.21239765270719346,0.7876023472928065,0.492956918067699,-0.06727050452226496,-1440.0596974760829
971,-211.48420943046574,0.9927747639820718,0.1369746988805607,4.0,15.0,0.0,211.8392930594684,0.028813187228715894,0.9711868127712842,-0.032993191553103866,0.1266839854219306,-1436.1631384493555
972,-210.07615089000538,0.8979078754182819,0.1363380680928834,3.0,15.0,0.0,212.04663503121634,0.29954627255845867,0.7004537274415413,0.5100394888309532,0.13686268634061804,-1440.1272910799144
973,-210.970123204556,0.9814157245607601,0.13241784665761824,5.0,31.0,0.0,217.56398506369973,0.059399501390322164,0.9406004986096779,1.1378122321189044,0.13615141958834343,-1436.2692694021332
974,-211.56584163929648,0.9348382155788237,0.16447015576170898,2.0,3.0,0.0,211.6249572884446,0.3613606562245639,0.6386393437754361,0.6708611803844624,0.13896483850191818,-1450.91097505272
975,-210.50062028729315,0.9965492348782934,0.1369746988805607,5.0,31.0,0.0,212.27056925339969,0.9119622175316369,0.08803778246836313,0.16432781397253302,0.4670548591034254,-1436.452729933441
976,-209.58472080874765,0.9846361924010011,0.1363380680928834,3.0,15.0,0.0,210.59984525993352,0.22977482224270604,0.7702251777572939,0.6010207728788263,0.012143022595968209,-1435.4855744562103
977,-209.93981872741082,0.98886513847384,0.13241784665761824,5.0,31.0,0.0,213.62686119758544,0.18289989179668426,0.8171001082033158,0.07394763936523621,0.10523429636440157,-1437.0682769894681
978,-211.67646233435448,0.9836027644819376,0.16447015576170898,2.0,3.0,0.0,212.11549032664968,0.391710049661716,0.6082899503382839,0.6800866136515078,0.11579622206117232,-1451.8902031052285
979,-209.64053286407173,0.933338552817959,0.1369746988805607,3.0,11.0,0.0,212.36727648341952,0.247462384682393,0.752537615317607,-0.32589528972929543,0.2668602496910193,-1436.3817371116547
980,-209.33923493699487,0.9999545061420122,0.1363380680928834,4.0,23.0,0.0,209.9401014116147,0.6485182944460807,0.35148170555391933,0.22407027786890804,-0.046348736317595465,-1435.8047577520636
981,-210.18685531318346,0.9959743469534922,0.13241784665761824,4.0,23.0,0.0,211.49808457948674,0.11444581733160043,0.8855541826683996,-0.16460517888543574,0.15875024360149365,-1436.0610012251198
982,-211.19340198304036,0.9699545304557374,0.16447015576170898,3.0,11.0,0.0,212.7010768226849,0.7811853176883611,0.21881468231163892,0.4479270973750804,-0.23902434525455235,-1446.447396719244
983,-211.5463116764902,0.812660567918877,0.1369746988805607,2.0,3.0,0.0,211.8841017388638,0.1925950310381802,0.8074049689618198,-0.39609481435517147,0.4672314866108966,-1448.1301884147088
984,-210.43279033268215,0.9697633970238557,0.1363380680928834,4.0,23.0,0.0,211.0449087699839,0.26911108368527575,0.7308889163147243,-0.5444547863475272,0.2755377643736398,-1442.0638313137358
985,-210.90168576692295,0.9935380125493427,0.13241784665761824,4.0,31.0,0.0,212.02310529463207,0.3584615393307966,0.6415384606692034,-0.5715160556241344,0.4158433154115407,-1446.2727244445057
986,-209.8128415147278,1.0,0.16447015576170898,2.0,7.0,0.0,210.90758912166694,0.6960738415746022,0.30392615842539783,0.21246644893132907,-0.24738571771637063,-1438.514331481235
987,-209.65163377039065,0.9967103854634753,0.1369746988805607,3.0,15.0,0.0,212.7643456737008,0.38642205822973014,0.6135779417702698,0.16762736086986857,0.022740392609125085,-1438.2553246856799
988,-210.34799630983704,0.8013663836093149,0.1363380680928834,2.0,3.0,0.0,211.81567998182294,0.24886062101661816,0.7511393789833818,-0.500731608151449,0.23667343781403727,-1441.1831281436444
989,-209.7934978632656,1.0,0.13241784665761824,4.0,31.0,0.0,211.4158298983755,0.7440747291225313,0.25592527087746875,0.3632192018593144,-0.40576608758891175,-1437.4896607142027
990,-212.1073570679713,0.7937264221669806,0.16447015576170898,4.0,15.0,0.0,213.47329428134532,0.9825792481944303,0.01742075180556968,0.20134907499652926,0.16542464249715405,-1437.0286289250455
991,-209.64988289126563,0.983059511260418,0.1369746988805607,3.0,11.0,0.0,210.2168357409836,0.5249499356336917,0.47505006436630826,0.30283777763368575,0.1416181907914265,-1438.5201744532806
992,-210.1225258381339,0.9971158864855623,0.1363380680928834,1.0,3.0,0.0,210.37294445969712,0.23553741571253836,0.7644625842874616,-0.5182729703883331,0.26828380457823336,-1439.337780745641
993,-210.95737275469304,0.9589554092498034,0.13241784665761824,4.0,23.0,0.0,212.1726386803946,0.7895391881439522,0.2104608118560478,0.34815597992507574,-0.7914794308994239,-1444.1985563618834
994,-210.2032456611557,0.667498870739767,0.16447015576170898,3.0,11.0,0.0,216.2287487119087,0.6757122587031079,0.3242877412968921,0.34980669355790045,0.07193966790735022,-1441.4357066795012
995,-210.1747248764347,0.9900037229699516,0.1369746988805607,4.0,15.0,0.0,210.4957512719294,0.791818885719791,0.20818111428020902,0.37831262076122296,-0.4772392022083136,-1439.062233686587
996,-210.72174599447206,0.8207455883071612,0.1363380680928834,2.0,3.0,0.0,211.38171227773915,0.19763409702437773,0.8023659029756223,-0.5492212155794235,0.42262158068999933,-1442.4787414166055
997,-213.6833891806615,0.8242259928033774,0.13241784665761824,4.0,23.0,0.0,214.46180147864263,0.9878452627543312,0.012154737245668845,0.03901541482110768,-1.3775951696144788,-1443.8846524205808
998,-210.34611755842363,0.9870421068910207,0.16447015576170898,3.0,11.0,0.0,211.68405307136808,0.14151736564346631,0.8584826343565337,0.19903531559849177,0.0569126514957677,-1438.4214937183688
999,-209.2944718833349,0.9926752113459026,0.1369746988805607,4.0,15.0,0.0,211.58403848812702,0.4692584032321982,0.5307415967678017,0.34218439353884805,0.04316734002322961,-1436.049935986892
