draws,lp__,accept_stat__,stepsize__,treedepth__,n_leapfrog__,divergent__,energy__,rho.1,rho.2,gamma.1,gamma.2,nu.1,nu.2,mu.1,mu.2,log_prob_data
0,-422.9025737395673,0.9288817656680234,0.13684817524717136,5.0,63.0,0.0,425.2523783514204,0.9534245679938382,0.046575432006161765,0.716107251076619,0.283892748923381,0.031018643986172906,0.41691448535375064,0.004612598544334365,0.9107451065063283,-2887.9223508214177
1,-422.4503818405971,1.0,0.11567436399858164,3.0,7.0,0.0,425.57622031643217,0.4330193232021695,0.5669806767978305,0.19788188479922103,0.802118115200779,-0.8341921843614872,0.3511660806351887,0.18500603893878545,-0.08164472551894432,-2895.025617651318
2,-422.84707844553,0.8983421302870017,0.13029595485773016,5.0,31.0,0.0,429.2972472374352,0.4003008702476199,0.5996991297523802,0.9330593848281743,0.0669406151718257,0.254558877717033,-1.2559733142477838,0.5513605668885319,-0.20396131868337952,-2890.1943994096387
3,-422.55501269663245,0.9186494335673526,0.13654881912275205,4.0,31.0,0.0,425.314358480447,0.3768797103388714,0.6231202896611285,0.04043086903339419,0.9595691309666058,-0.47385302068613,0.1977449250498882,0.40396425711823253,0.06872642105118575,-2886.079437833344
4,-420.6838432286852,0.9991855305105307,0.13684817524717136,5.0,47.0,0.0,423.3985972605027,0.4092711837708461,0.590728816229154,0.31121136437064745,0.6887886356293526,0.28411601969037026,0.036890263072296134,-0.11169474925453746,0.45650970267166974,-2885.2733204847164
5,-422.6689701112974,0.6477168623486538,0.11567436399858164,2.0,3.0,0.0,426.5928424937163,0.5244212170495123,0.4755787829504877,0.23656353142928724,0.7634364685707128,-0.8450260359166293,0.15451113107710562,0.1927031281502732,0.02789483751595455,-2897.6088279159403
6,-422.2039508136167,0.9413918583385382,0.13029595485773016,5.0,31.0,0.0,426.85790371660255,0.24948967868969898,0.750510321310301,0.8051542007048038,0.1948457992951962,0.21511890415603863,-0.6808126762691882,0.8794702318562914,-0.17470947396137704,-2890.979314998259
7,-423.1388211016265,0.9517562532573001,0.13654881912275205,4.0,27.0,0.0,425.9408129436174,0.7122851784543333,0.28771482154566674,0.026782928675258187,0.9732170713247418,-1.0939661179088846,0.1205014734664095,0.3916413683614562,-0.14073600493958044,-2885.6012110328684
8,-422.06019048343586,0.9417048463631639,0.13684817524717136,4.0,15.0,0.0,423.7086266528959,0.506572501772362,0.493427498227638,0.5978539621258402,0.4021460378741598,0.2016351225526224,0.04633169243937578,0.5350573898563927,-0.44482972323281594,-2895.610156021356
9,-420.57784374086384,0.997142077331105,0.11567436399858164,4.0,31.0,0.0,423.5223948005007,0.30168847120567116,0.6983115287943289,0.43398562605468655,0.5660143739453134,-0.09946692516643385,0.10761227219009283,0.20626031044597457,0.11591990476625194,-2884.725797687614
10,-420.8620149813726,0.9041781450367112,0.13029595485773016,4.0,15.0,0.0,423.5550740907585,0.13124541649900606,0.868754583500994,0.4757618748192421,0.524238125180758,0.24239701728459423,-0.10555506756920108,0.4995675639009798,0.06747043165245728,-2882.3402238404306
11,-424.99331871476704,0.8707535859829865,0.13654881912275205,4.0,31.0,0.0,429.0990634662327,0.991305935990288,0.008694064009711955,0.17365133022198068,0.8263486697780194,-0.46792606805946624,0.134082448883196,0.0867674095085281,-1.735450693555155,-2886.688735123796
12,-423.8107023457529,0.8718570019591599,0.13684817524717136,4.0,15.0,0.0,426.87667189748663,0.973724112342849,0.026275887657151054,0.5909451077500986,0.40905489224990144,-0.39102069169485554,0.4970536529341314,0.19998392504704637,-0.13643244138765065,-2892.054101640014
13,-421.62688281394463,0.955222140153061,0.11567436399858164,5.0,31.0,0.0,422.72427294437387,0.29698338440433786,0.7030166155956621,0.9113134388321549,0.08868656116784512,-0.029337743453644795,1.0605580674781414,0.028574803588103815,0.14848594316688296,-2883.306379576677
14,-421.00106551582724,0.9815480625659037,0.13029595485773016,4.0,31.0,0.0,422.4765638885001,0.5075006317949793,0.4924993682050207,0.6484748670830973,0.3515251329169027,-0.14059579591014434,0.4038736836479429,-0.22251891894519207,0.6370648433492992,-2887.8296396914457
15,-424.6803696022082,0.9999959896346913,0.13654881912275205,5.0,31.0,0.0,426.4620198456783,0.974263116224687,0.025736883775313024,0.9250440886185587,0.07495591138144131,0.2041255444791149,-0.9670903412122853,0.1081268859351805,-1.4610974216954513,-2886.994553846355
16,-420.1956078150796,0.9984217515729521,0.13684817524717136,4.0,15.0,0.0,424.7089368783459,0.5858847693646264,0.4141152306353736,0.5204734989540798,0.4795265010459202,0.023354651245854452,0.1878529057801098,0.23243269976757236,0.12880604771912452,-2883.1456766846395
17,-421.8525638595042,0.991057942882416,0.11567436399858164,4.0,15.0,0.0,422.6268812276068,0.7253448289604287,0.27465517103957127,0.9363318413654045,0.06366815863459552,-0.0047208323885339154,1.1191648455641585,0.13031234682576898,0.1883487573390733,-2882.303958054884
18,-421.8539427054788,0.8041199760345861,0.13029595485773016,4.0,15.0,0.0,425.8861116496042,0.17418932679663515,0.8258106732033649,0.7951741558958337,0.20482584410416627,0.23388177833823937,-0.17717354544133385,0.875506819646792,-0.08695017556854476,-2887.390801242827
19,-423.5703992126785,0.9953293464688586,0.13654881912275205,5.0,63.0,0.0,427.7255179053173,0.22088273379371137,0.7791172662062886,0.2695627112247209,0.730437288775279,0.2752319791348558,0.12742285632069292,-0.6858839819533576,0.1542540039679013,-2902.0332240618395
20,-420.79095280692803,0.9664524067645669,0.13684817524717136,3.0,15.0,0.0,421.70537451544385,0.663726314473351,0.33627368552664905,0.742832688108033,0.25716731189196695,-0.018519247597236957,0.20866166544026085,0.2068321650075036,0.1960653072511421,-2884.818740055789
21,-423.1372951488413,0.9292587750912048,0.11567436399858164,3.0,15.0,0.0,424.77120288991927,0.7240699852357338,0.27593001476426615,0.9617031511330575,0.03829684886694251,-0.055733035237422825,0.8865686066255534,0.2083795268759477,0.13869856058228872,-2888.263119001821
22,-423.7442471988205,0.8423442963412221,0.13029595485773016,3.0,7.0,0.0,425.24240817697483,0.12857732287106954,0.8714226771289304,0.7813525727672109,0.21864742723278907,0.2634467652192707,-0.27660095709378485,0.8008388114268761,-0.15525354248581796,-2899.0947501197948
23,-425.9934405657729,0.8821732417510862,0.13654881912275205,3.0,15.0,0.0,428.6923861470891,0.04203589345991636,0.9579641065400837,0.08950716933010883,0.9104928306698912,0.5191400900245812,-0.0616559217393,-0.7105704751678674,0.375258242214085,-2902.356784965451
24,-420.3904913430589,0.9714556904641011,0.13684817524717136,4.0,31.0,0.0,423.101400923273,0.5913540886078305,0.40864591139216955,0.5572927761158772,0.44270722388412276,0.1193758745836764,0.0704807661174971,0.03143995246669748,0.16890388544700172,-2884.434358273697
25,-422.6833781241777,0.9913256271858305,0.11567436399858164,5.0,31.0,0.0,424.8283627515015,0.7747925003584146,0.22520749964158537,0.9215882070409032,0.07841179295909684,0.04188955567683275,0.8720463728337411,0.3011398591972822,0.1553117569792213,-2888.8261517936476
26,-421.74136824538357,0.9997639776335139,0.13029595485773016,4.0,31.0,0.0,424.67413015191454,0.2044881056976312,0.7955118943023688,0.4834897225350915,0.5165102774649085,0.06672942144969804,0.2179276707313424,0.8839265935099588,0.11046062369627146,-2890.4278176806592
27,-424.13529852326263,1.0,0.13654881912275205,4.0,31.0,0.0,426.9428818544458,0.11198039504594182,0.8880196049540582,0.2385239842328954,0.7614760157671046,-0.09201393537045899,0.02639794086589172,-1.1819207701571146,0.3839240433302413,-2900.7538929729326
28,-421.2226732936452,0.9821337526088234,0.13684817524717136,4.0,31.0,0.0,421.936163818036,0.6846353966260731,0.3153646033739269,0.11886040454218129,0.8811395954578187,-0.10154727519987358,0.14483616833853843,-0.07719017717721344,0.5810692988000233,-2883.2043008947976
29,-421.98817663527416,0.9457277768392672,0.11567436399858164,3.0,15.0,0.0,425.4660435550463,0.6836724468758436,0.3163275531241564,0.8502044941805137,0.1497955058194863,-0.16218617349995035,0.8633516448180936,0.21045929961930313,0.2013275360507866,-2889.43872045108
30,-421.04739833699284,0.9607717360040902,0.13029595485773016,4.0,23.0,0.0,423.9182072320426,0.2708218362602994,0.7291781637397006,0.6008322488379918,0.3991677511620082,0.08251781500770881,0.16089593976695,0.4828498155409571,-0.10803466013215904,-2887.1844964100274
31,-421.95798150862015,1.0,0.13654881912275205,4.0,15.0,0.0,425.16581435734105,0.08636328859997984,0.9136367114000201,0.29684958379381804,0.7031504162061819,-0.3048887187119955,0.33672533969929747,0.052503793989864045,0.08011164675827788,-2886.23155795815
32,-421.3585619854231,0.9199930048662823,0.13684817524717136,4.0,23.0,0.0,423.23703521320357,0.40908768510154686,0.5909123148984532,0.12520285585679597,0.8747971441432041,-0.1135377466593222,0.2114679054720847,0.04833081551139759,0.22013465602355436,-2885.4627365813185
33,-420.45916366335365,0.9953405815437808,0.11567436399858164,4.0,15.0,0.0,423.2299934220863,0.464059755963381,0.535940244036619,0.668141022320296,0.33185897767970396,0.2814895414030866,-0.1011760620435223,0.42234165689164505,-0.11624339731611297,-2884.1689377171692
34,-422.05081332480756,0.969409518901564,0.13029595485773016,4.0,31.0,0.0,424.33578346234657,0.8933810829998505,0.10661891700014947,0.7305970129385758,0.2694029870614242,0.22860133256916695,-0.6439423654002759,0.08800719156422845,0.6274614254363984,-2887.204011405408
35,-420.5510874072071,0.9921313505669227,0.13654881912275205,5.0,31.0,0.0,422.9864238396753,0.7054051529535744,0.2945948470464256,0.6143114511815129,0.38568854881848713,-0.025098677323819322,0.29434670664305473,-0.024213164656429996,0.7210399819841559,-2883.7391670094466
36,-422.95199438079044,0.9363456661701312,0.13684817524717136,4.0,15.0,0.0,424.22758156198955,0.4737389055830138,0.5262610944169862,0.09245379893096957,0.9075462010690304,-0.31668222314932387,0.2890970020747734,0.4840996163872182,-0.006607104466455006,-2894.5746408544505
37,-420.753837786208,0.9883464755234002,0.11567436399858164,4.0,15.0,0.0,421.4351311100525,0.3183109298184876,0.6816890701815124,0.2964427582658746,0.7035572417341254,0.35965486105681665,-0.14191668295100807,0.06027669780466926,0.20459949111050418,-2884.913807316082
38,-422.9819217008296,0.9766834742964853,0.13029595485773016,5.0,31.0,0.0,425.47679682663085,0.5253928116436904,0.47460718835630955,0.9040534755531549,0.09594652444684515,0.20589680295958773,-0.6120181566079901,-0.35471046964572456,0.3900352256059651,-2894.7732557446507
39,-421.8184678195758,0.9138607936356551,0.13654881912275205,4.0,15.0,0.0,422.3569680285173,0.857524254097438,0.14247574590256196,0.4186450956388571,0.5813549043611429,-0.3092543317586754,0.1900100631742751,0.1421095143082146,0.6722251183176676,-2889.0137385344415
40,-422.9752103232258,1.0,0.13684817524717136,3.0,7.0,0.0,423.4326351319272,0.3788885788305455,0.6211114211694545,0.1109235549062596,0.8890764450937404,-0.44939124758789656,-0.027242414420249807,0.37641965486212936,-0.048721975867972125,-2895.5142567930507
41,-421.7500343683279,0.8887032100196013,0.11567436399858164,2.0,3.0,0.0,422.50544187303166,0.3886617805937432,0.6113382194062569,0.3002933902723256,0.6997066097276744,0.34058213832171613,-0.20829428331632402,0.07301853930511171,0.08398529609398112,-2892.493508351726
42,-424.85958106378155,0.9804501446396781,0.13029595485773016,5.0,31.0,0.0,425.8215342916053,0.09902905514902124,0.9009709448509787,0.9375175997864027,0.0624824002135973,0.06357129862146908,-1.1171422560483897,1.275838576655769,-0.09817512530372698,-2896.03761630672
43,-424.5605127444555,0.9659758826727232,0.13654881912275205,5.0,63.0,0.0,428.13591266084916,0.0632700038711658,0.9367299961288342,0.08051272701311943,0.9194872729868806,0.04228577033296373,0.05659818745054629,-1.5073346902915303,0.1404696188250704,-2893.2748355433955
44,-426.28617062324736,0.878072550999479,0.13684817524717136,4.0,31.0,0.0,427.55404028230953,0.8841338852052999,0.1158661147947001,0.10144176874905714,0.8985582312509428,-0.6897309697007579,-0.10027443409609288,0.21782483752785994,-0.23449882733226354,-2911.887852953674
45,-420.57185951294707,1.0,0.11567436399858164,4.0,15.0,0.0,422.591910261158,0.35940269928373036,0.6405973007162696,0.6299850737493405,0.37001492625065946,0.1694653175726848,0.12084467686221582,-0.16019412830537955,0.3651155630737549,-2884.8280585904845
46,-424.35288827876633,0.9517645824297315,0.13029595485773016,5.0,63.0,0.0,429.36938837776387,0.10375422342810504,0.896245776571895,0.7269130297016345,0.2730869702983655,-0.07224603997550735,0.6152063179746738,1.4131499486946575,0.23275613673419954,-2901.646438471817
47,-422.0602408078768,0.917532865722902,0.13654881912275205,5.0,63.0,0.0,426.5506188147749,0.9165165197324534,0.0834834802675466,0.8152567096557012,0.18474329034429882,0.13220447704098123,-0.1116586721702449,0.1627135868236044,-0.6900094174172875,-2884.197493458642
48,-422.8798656242644,0.9683501407045265,0.13684817524717136,5.0,31.0,0.0,430.15772459111025,0.3579442927400705,0.6420557072599296,0.9699615322333892,0.030038467766610788,-0.002244732160763735,0.9862754326137252,0.5977284123184843,-0.14216690792201125,-2885.4029020577896
49,-420.22588247803805,0.9931599564599403,0.11567436399858164,4.0,15.0,0.0,420.95781590711846,0.4322070713010355,0.5677929286989645,0.6079909171368237,0.39200908286317626,0.017917807882823784,0.11503761814978161,0.05602297822443506,0.2659981213818142,-2883.131522049746
50,-422.20143858589523,0.9994622282723007,0.13029595485773016,4.0,31.0,0.0,424.85726325131463,0.14115262719911847,0.8588473728008815,0.848320402008753,0.15167959799124697,0.014760116899291284,0.7489787981111609,1.081342056796823,0.09538949870623625,-2886.222010384277
51,-421.08545708883173,0.9600270648284054,0.13654881912275205,4.0,15.0,0.0,422.70581372059877,0.7840686394363686,0.21593136056363138,0.3484554619142702,0.6515445380857299,0.05803220371199717,0.11447598728710703,0.38619229746934053,-0.450041568387879,-2885.9270431280306
52,-423.03372356374615,0.9709684952621637,0.13684817524717136,4.0,31.0,0.0,425.17236334232143,0.4513924430356434,0.5486075569643566,0.9209314039649257,0.07906859603507432,0.10780304345280939,0.9034207207603404,0.720075009210367,-0.13038260748792316,-2893.2974935920756
53,-425.67482750848654,0.9010262934165858,0.11567436399858164,5.0,31.0,0.0,430.304440734459,0.44871758700640746,0.5512824129935925,0.6695393559227818,0.3304606440772182,0.35913753095845685,-0.9953922446206926,-0.35129380646824376,0.3485705445178833,-2919.210045295843
54,-423.3632913809751,0.886960393929505,0.13029595485773016,4.0,15.0,0.0,424.2778083094854,0.10526688206601108,0.8947331179339889,0.8543677106825504,0.14563228931744965,0.08787557219261638,0.7439912017484458,1.0073573924411765,0.18348809836573576,-2892.384419189261
55,-420.0596851564465,0.9883352224123682,0.13654881912275205,4.0,31.0,0.0,422.6438231459542,0.5041660661813356,0.49583393381866436,0.40718220739323446,0.5928177926067655,0.24635210081130937,-0.0487856126754489,0.2859000572836761,-0.029481468209199585,-2882.148632180636
56,-424.0804494697766,0.9530690693834876,0.13684817524717136,5.0,31.0,0.0,425.77056188791846,0.13444429265928434,0.8655557073407156,0.9602220888519087,0.03977791114809126,-0.04290711981707556,1.1149700892458427,0.11374902319849244,0.033974000031077464,-2890.9442137182523
57,-423.90664875306334,0.9948922434633916,0.11567436399858164,4.0,31.0,0.0,428.60781739022406,0.23346657002526452,0.7665334299747355,0.9729000561033438,0.027099943896656153,0.1021798306487869,-1.0230153295218734,-0.05218066729694065,0.3834138484640529,-2890.201469537658
58,-422.13417520287715,0.9766145620043312,0.13029595485773016,5.0,39.0,0.0,424.59660143543096,0.1768847876247227,0.8231152123752773,0.157669261689331,0.8423307383106691,0.29566584824901143,0.15202269550767922,0.4779664925613871,0.16672013713841083,-2888.4265734175397
59,-420.65662416965563,0.9026389767403656,0.13654881912275205,3.0,15.0,0.0,422.54589442701814,0.2707674385358576,0.7292325614641424,0.6618066284193622,0.3381933715806378,0.25660772018818656,-0.3339941189770941,0.38368547653929197,-0.022503571259544143,-2883.965774038868
60,-422.1991497572703,0.8245122909618865,0.13684817524717136,4.0,31.0,0.0,428.3882108373523,0.9232347809949001,0.07676521900509992,0.6729226364251394,0.3270773635748606,-0.17323000794843318,0.7705812573789362,0.16124640257777245,0.41500504012479567,-2886.9984826365194
61,-426.7457965972677,0.9850125421244755,0.11567436399858164,4.0,15.0,0.0,427.31188883860824,0.8704989475609827,0.12950105243901733,0.9660242099922336,0.033975790007766404,0.18766813047139103,-2.49190515658226,-0.05559344326126073,0.3970993053081414,-2903.6450175360073
62,-421.6521995388477,0.9662366770135954,0.13029595485773016,4.0,15.0,0.0,423.8580853754116,0.7043814287959665,0.29561857120403345,0.5382288407688455,0.4617711592311545,0.12865359408484855,0.32780985823070175,0.35177800182486596,-0.16663414036966429,-2891.97651667192
63,-421.55860053836994,0.846115777922179,0.13654881912275205,3.0,7.0,0.0,423.24901842756015,0.31943422021619006,0.6805657797838099,0.8533716064399346,0.1466283935600654,0.26630728474703363,-0.27110120019299966,0.5179027049527499,0.02431483945095408,-2886.7681872908097
64,-422.8892866492858,0.94444463914886,0.13684817524717136,4.0,15.0,0.0,425.4443363950772,0.7428232003333187,0.2571767996666813,0.34677911045939486,0.6532208895406051,0.2849785126410808,-0.09455991014032127,-0.26652308946046177,0.944191598885345,-2898.6150346050154
65,-430.65257281230646,0.9884999112581082,0.11567436399858164,4.0,31.0,0.0,433.1906484616983,0.5019837269540042,0.4980162730459958,0.9904025803369082,0.0095974196630918,0.07754058213830284,-3.208267998378489,-0.3481658763247847,0.07852434864613364,-2924.101579945762
66,-425.9774889596711,0.9361407880394109,0.13029595485773016,5.0,31.0,0.0,426.94371717691035,0.35020020945638886,0.6497997905436111,0.9913136000793904,0.0086863999206096,0.17654195808210119,-1.8401705328101636,0.9334231513285507,-0.16103885315148006,-2895.7524325303602
67,-423.0991604062902,0.7591579386258751,0.13654881912275205,4.0,15.0,0.0,426.08179540981314,0.491718130300801,0.508281869699199,0.6555414912434586,0.3444585087565414,0.24555847603220085,0.13590806734100724,0.29470763482771317,0.32889361702025993,-2902.5717086961617
68,-422.25726213481215,0.9943249518415287,0.13684817524717136,3.0,7.0,0.0,424.63259706237767,0.7049843654793259,0.29501563452067414,0.22477669900882805,0.775223300991172,0.22712191100319465,-0.09199610657500776,-0.0347633305430155,0.8614224654028625,-2893.2393198373456
69,-424.64961792595994,0.978889277505102,0.11567436399858164,4.0,23.0,0.0,432.46558393375005,0.1356317753199948,0.8643682246800052,0.9762694620566227,0.023730537943377317,0.12373601921195768,-2.1886074497437273,-0.5858322101100877,0.32533254797598254,-2888.0236608352625
70,-424.62516170342326,0.7537031440826416,0.13029595485773016,3.0,7.0,0.0,428.3208122600702,0.3283353823244764,0.6716646176755237,0.9916825780487564,0.008317421951243631,0.04711605691688045,-1.9021861843008767,0.7201139337583896,-0.12300112984215317,-2886.0353742654734
71,-425.4193581093627,0.8547725562978387,0.13654881912275205,4.0,23.0,0.0,429.81705141936715,0.15241706179211104,0.847582938207889,0.9397977921780732,0.060202207821926756,0.15032640742021774,-1.2542616433605591,0.10248591447828224,0.3950784419053568,-2903.194324207269
72,-421.33861859986183,0.9712286640712451,0.13684817524717136,5.0,31.0,0.0,424.4366081382525,0.5028734117327267,0.4971265882672733,0.16550623330603986,0.8344937666939601,0.8296519489928206,-0.14992304897685532,-0.1358693501323957,0.4561917859737037,-2886.4431453261145
73,-426.39695027830845,0.9952257180403722,0.11567436399858164,5.0,31.0,0.0,427.1490681116703,0.04697635013476743,0.9530236498652326,0.9845173532909088,0.015482646709091163,0.09879319719121109,-2.5837117921326533,-1.2644659972985748,0.24489039679014685,-2887.884238049368
74,-422.75738620603295,0.9548574360853862,0.13029595485773016,5.0,31.0,0.0,427.7257477917439,0.8692487529742963,0.13075124702570373,0.9341703343225211,0.06582966567747894,0.026443470688415155,0.9943901204525571,-0.035830776253734785,1.0561814229875968,-2884.2001125192314
75,-423.35497970608543,0.9719956694476283,0.13654881912275205,3.0,7.0,0.0,430.5748788523704,0.4161884745899481,0.5838115254100519,0.9356619842281507,0.06433801577184928,0.20253477095150507,-1.2392465214446793,-0.18232382452221302,0.14495109171361853,-2893.8396995551357
76,-420.63427775877176,0.9450877921152844,0.13684817524717136,4.0,31.0,0.0,423.08162345854134,0.4005796111794383,0.5994203888205617,0.3356570848673867,0.6643429151326132,0.6238065745105673,-0.1812180163755438,-0.2760391986034881,0.40549511128495214,-2884.845744787342
77,-421.9829257929747,0.9480544627248386,0.11567436399858164,5.0,31.0,0.0,427.68337513660197,0.22898795676368186,0.7710120432363181,0.9065569057270619,0.09344309427293807,0.09619637330860352,-0.4632456270088141,-0.15091409388445326,0.14038378456054593,-2885.6939955111593
78,-424.20938179938895,0.9481833948840989,0.13029595485773016,5.0,31.0,0.0,425.1809291692803,0.05172413391638591,0.9482758660836141,0.11911548414731221,0.8808845158526878,0.8782233008284949,0.05982016458364295,-0.30023035022834316,0.31901336196371327,-2893.099885794971
79,-424.23253239282246,0.9034136756595853,0.13654881912275205,2.0,7.0,0.0,426.4078055158069,0.2792849284886378,0.7207150715113622,0.9488127809901546,0.05118721900984535,0.1524751803534969,-1.2580837907230062,-0.3494773865575995,0.10545164658851205,-2897.024692397367
80,-422.33993204660504,0.9652715497462668,0.13684817524717136,5.0,31.0,0.0,423.3458420888568,0.32462336182871865,0.6753766381712814,0.3536299345638833,0.6463700654361166,-0.5182753643960317,0.21570341533747978,0.6897615888263926,-0.207404905614358,-2896.022724740896
81,-420.389373749397,0.9983691878943761,0.11567436399858164,5.0,31.0,0.0,423.01544564391185,0.41148776975694346,0.5885122302430565,0.643072859100013,0.356927140899987,0.16944941581511666,0.08981694924469989,-0.11283759175257133,0.3602799011899967,-2883.8296764611596
82,-423.01307194721505,0.9887578776659424,0.13029595485773016,4.0,15.0,0.0,425.30856087387104,0.33587952034859536,0.6641204796514046,0.3010694870508544,0.6989305129491457,0.5272664183120277,-0.11743513509967682,-0.6358750112177289,0.2793209743801592,-2900.272099356944
83,-423.70375978444173,0.9168432345216333,0.13654881912275205,5.0,31.0,0.0,428.43891245569563,0.4356301608721886,0.5643698391278114,0.03188777443862037,0.9681122255613797,0.6439054526250406,0.013777223208902095,0.7145328028900163,-0.2982195982873088,-2892.2496823036945
84,-421.80321672059057,0.8156381240866731,0.13684817524717136,4.0,15.0,0.0,427.70664534886686,0.05661019863827659,0.9433898013617235,0.3718836412671548,0.6281163587328452,-0.21125217398958349,0.2605796785923893,0.6123061939702166,0.17858952031798805,-2882.981044201329
85,-422.58457465311756,0.8797967040609328,0.11567436399858164,3.0,11.0,0.0,424.85649455269566,0.605692699483231,0.394307300516769,0.4005463076325766,0.5994536923674234,-0.05822820485194148,-0.07699251608689724,-0.22445747391348217,0.5937447704245212,-2899.0078857035396
86,-421.2552298705816,1.0,0.13029595485773016,4.0,15.0,0.0,423.684851860657,0.1004558272736773,0.8995441727263227,0.5742339005958536,0.42576609940414645,0.30856740844356917,-0.09343824886843514,-0.1299000472318148,0.14410073864837591,-2883.4700513066155
87,-424.7701029241295,0.8793577377494397,0.13654881912275205,5.0,31.0,0.0,428.29547622747174,0.02004208280928285,0.9799579171907171,0.8625062481024182,0.13749375189758184,0.12481483456285147,0.9084998817145926,0.071932393640386,0.1429470813549226,-2891.5830899592497
88,-423.1414632010818,0.9413088601939711,0.13684817524717136,3.0,15.0,0.0,426.6190014089505,0.012325327903734805,0.9876746720962652,0.42974165687057453,0.5702583431294255,-0.0195574309946945,0.19717356118105783,0.11711108813603302,0.17855201840855744,-2882.7176207699977
89,-424.34317638833454,0.9927063053763007,0.11567436399858164,4.0,15.0,0.0,425.83301460388424,0.02284199330583079,0.9771580066941692,0.5624242236827841,0.4375757763172159,0.01816702574019477,0.5450437040047542,-0.1192460223836637,0.10626873596053824,-2895.0301947846688
90,-422.9023866507552,0.7467808595626657,0.13029595485773016,3.0,15.0,0.0,427.9128805106911,0.15524100006400884,0.8447589999359911,0.20734412355233134,0.7926558764476687,-0.10531763439712373,0.07839578984590116,0.14485235357406068,0.3292679891282204,-2894.6729867484005
91,-424.09096157140743,0.952326314791731,0.13654881912275205,4.0,15.0,0.0,426.8340469647213,0.04626397117728149,0.9537360288227185,0.775954299717519,0.22404570028248105,-0.1427105507078803,0.37709508948591797,0.28797473968698206,0.2725053923159246,-2895.597452245104
92,-423.46669118871563,0.9939525711172696,0.13684817524717136,4.0,31.0,0.0,425.4983213975232,0.22584110493541243,0.7741588950645876,0.31256848266936244,0.6874315173306376,0.616311587434252,-0.20806725627036413,1.2933265514877348,-0.009906851702746744,-2900.7258328264193
93,-421.44595179765986,0.621020335855826,0.11567436399858164,5.0,31.0,0.0,431.469588976322,0.7785925895685355,0.2214074104314645,0.7256425910818122,0.27435740891818783,0.3206120748321664,-0.41893090042954717,-0.014281628763415766,0.9800671891206275,-2886.8824098142045
94,-422.79582303153,0.9930319255941379,0.13029595485773016,4.0,19.0,0.0,425.09837144234484,0.13160996024036212,0.8683900397596379,0.12589751743075409,0.8741024825692459,0.25220747705441776,0.08702628540631231,-0.1041950645630199,0.04611830642132615,-2890.269953843746
95,-427.09646584625926,0.7915962444822051,0.13654881912275205,4.0,31.0,0.0,430.3593379371316,0.9462044420481457,0.05379555795185431,0.19929084405509295,0.8007091559449071,1.1093358068419277,-0.05036499343933738,-0.052150962151447794,-0.5186970236666701,-2915.730630910677
96,-422.53156405612594,0.9954087618660133,0.13684817524717136,4.0,15.0,0.0,424.65798070254215,0.07955872055072531,0.9204412794492747,0.38707444317046885,0.6129255568295311,0.4474606448646991,-0.1627695107626967,1.340848049902041,-0.06004795458840022,-2888.9975249114846
97,-423.58629698244204,0.9363305490839221,0.11567436399858164,3.0,15.0,0.0,426.7648334686724,0.9573922935837729,0.04260770641622713,0.870779197762934,0.129220802237066,0.07468369428626764,-0.539210866659361,0.1604760482762398,1.2836581108722496,-2887.139168828076
98,-422.44053564231797,0.9984810641791222,0.13029595485773016,4.0,31.0,0.0,426.49476094746495,0.09029246870777133,0.9097075312922287,0.12473896897791373,0.8752610310220863,-0.3592155402540531,0.19555182182996636,-0.8669495089995771,0.2623138634110417,-2884.6991648219882
99,-425.15729600457166,0.9990890747807014,0.13654881912275205,5.0,31.0,0.0,428.26254744967025,0.014283914918848385,0.9857160850811516,0.8425464152051951,0.15745358479480487,0.003737247325776294,0.6351766726066007,0.05816977741491999,0.3036109189450002,-2893.050516961891
100,-425.49843604099357,0.9954317864735358,0.13684817524717136,4.0,31.0,0.0,426.44200434623247,0.0038979336118128995,0.9961020663881871,0.8451704617168686,0.1548295382831314,0.12561616539764925,-0.1997544839586189,2.2217013469753324,0.16792571912678306,-2882.5102232972204
101,-422.64392144578335,0.9349481813955445,0.11567436399858164,5.0,31.0,0.0,428.06384731407155,0.0672691563291603,0.9327308436708397,0.8950658429560974,0.10493415704390263,-0.060089867909116905,0.8988476226923781,0.503509827850882,0.13309125734687402,-2883.1216139856483
102,-425.16475330989306,0.9177976447940143,0.13029595485773016,4.0,15.0,0.0,427.12421616974825,0.011547564128011103,0.9884524358719889,0.3169489069083582,0.6830510930916418,-0.3621298022112608,0.2588844241869601,-0.6560177578411142,-0.0013733372976446057,-2894.9234441471144
103,-422.5722301615307,0.9685045966736062,0.13654881912275205,3.0,15.0,0.0,426.6735803659938,0.03431730604244387,0.9656826939575561,0.7590426901235855,0.2409573098764145,-0.10156148883421,0.5488113953624781,0.049040890842159554,0.2011991121842007,-2883.449525444948
104,-425.7365989131547,0.9908781592735247,0.13684817524717136,4.0,15.0,0.0,426.9272062428386,0.0034305119104710386,0.9965694880895289,0.4947479888888122,0.5052520111111878,0.5212699066869525,-0.371105518955712,2.537034926875948,0.14762945037279193,-2886.151608925687
105,-422.575388245633,0.9265809712748223,0.11567436399858164,2.0,3.0,0.0,423.66904758521207,0.07467310637462939,0.9253268936253706,0.8863707495682992,0.1136292504317008,-0.07672528525347905,0.9866876888780497,0.4968367679962131,0.1131139774650687,-2883.661958180257
106,-424.07966346811946,0.9909391564406242,0.13029595485773016,4.0,31.0,0.0,428.79031048483535,0.012624331666972332,0.9873756683330277,0.23036598555832727,0.7696340144416727,-0.309750039024673,0.08453128473570291,-0.9254651476447073,0.174730780446251,-2886.3443402830526
107,-421.4613005274285,0.9929703424118367,0.13654881912275205,4.0,15.0,0.0,423.4609164892653,0.12064922681019513,0.8793507731898049,0.5207031162816884,0.4792968837183116,-0.22125956060906524,0.5668486514991921,-0.2621678696504335,0.18490430089852286,-2885.857769204767
108,-424.8042119402166,0.9234994547269404,0.13684817524717136,5.0,47.0,0.0,428.7429793262041,0.9845426408860835,0.015457359113916547,0.21432905502351976,0.7856709449764803,-0.4891997194455892,0.3312517366229166,0.2867596895130967,-0.2838538632874494,-2892.7850124673027
109,-423.16122996380204,0.9841062174532413,0.11567436399858164,4.0,31.0,0.0,426.4535806079088,0.03377117511217576,0.9662288248878242,0.8556863638521374,0.14431363614786263,-0.01824890168511957,0.9163857915282636,0.7235976199286797,0.07908589869260056,-2883.821124331898
110,-423.25026969739,0.9406249915348821,0.13029595485773016,5.0,31.0,0.0,427.1671545059085,0.9573835020659688,0.04261649793403122,0.4616016371223711,0.5383983628776289,-0.10847942979613906,0.44538240051924405,0.032403710193925295,0.41864699831082747,-2891.660196826795
111,-420.6282486996368,1.0,0.13654881912275205,4.0,15.0,0.0,421.89883690539864,0.7081781710650665,0.29182182893493347,0.6800542303521188,0.31994576964788124,0.14962872865511262,-0.23978542868886438,0.06936174263843427,0.44602398623635653,-2883.9252206459255
112,-422.5280233577191,0.9975557297434299,0.13684817524717136,4.0,15.0,0.0,426.02697601014313,0.1434794224790672,0.8565205775209328,0.6222688728978739,0.3777311271021261,-0.024229185009310115,-0.026088908052799044,-0.2237754607331512,0.33500407078142735,-2894.0951236133023
113,-421.71257008830315,0.9398415700150096,0.11567436399858164,4.0,15.0,0.0,426.3041932367114,0.16790570221287782,0.8320942977871222,0.8210611153541544,0.17893888464584562,0.0003034319010873296,0.09210456135857345,0.8613979114588357,-0.010778976825861791,-2885.595356209077
114,-424.329805669563,0.9358085786376101,0.13029595485773016,4.0,31.0,0.0,426.54615589302097,0.6469842809802742,0.35301571901972584,0.469108310785937,0.5308916892140629,-0.0864755104846121,0.07570645120092125,0.7125813683121551,-0.4716879619853385,-2910.721373406142
115,-423.54048416616763,0.9777756337386717,0.13654881912275205,5.0,31.0,0.0,424.81453234514737,0.9523907901466734,0.04760920985332662,0.5943553128673241,0.4056446871326759,0.5133807323651054,-0.4317044167077715,0.12978243495677672,1.8585802899355108,-2891.1324033229985
116,-422.3225359779707,0.9201667549795461,0.13684817524717136,4.0,15.0,0.0,426.66332219267565,0.8862716652123457,0.11372833478765432,0.7470492668122403,0.25295073318775974,0.0010733865533541498,0.15802690342862838,0.3209124778589256,-0.16737324983282514,-2889.805404403774
117,-421.87529875084954,0.9758746571834135,0.11567436399858164,5.0,31.0,0.0,423.2666121562207,0.6316194334311397,0.3683805665688603,0.2063587865577948,0.7936412134422052,-0.5666481130188494,0.41174990185901517,0.15959508733456115,0.1862853319093728,-2891.1655320786226
118,-424.15655225641973,0.9144704575866048,0.13029595485773016,4.0,15.0,0.0,427.61199434612996,0.9947529102662203,0.005247089733779742,0.38443080955658004,0.61556919044342,-0.15732751094972894,0.3289467090627551,0.13582197623563425,0.6866073934816895,-2883.1737906162557
119,-425.04572917160425,0.9083768849754723,0.13654881912275205,4.0,15.0,0.0,426.7054825543551,0.97186258351511,0.028137416484889988,0.5139749785170947,0.4860250214829053,-0.5808539342941695,0.543610013465594,0.1349684468143053,1.3741899995417697,-2899.475138458309
120,-421.2300502236015,0.9917554660006006,0.13684817524717136,4.0,31.0,0.0,423.4844384311773,0.8156925224249042,0.1843074775750958,0.2310530375050456,0.7689469624949544,-0.29514146692017806,0.13347538214158033,0.3137377611394724,-0.33724435150488496,-2884.4555194904246
121,-420.7138650266989,0.9611979722437245,0.11567436399858164,4.0,27.0,0.0,424.5670738375916,0.5077091526201586,0.4922908473798414,0.529118500183758,0.47088149981624206,0.019562997403218395,0.0018429165011652308,-0.1329285030419547,0.3249000600789448,-2886.90420879939
122,-424.39146382421063,0.9160196135838109,0.13029595485773016,4.0,15.0,0.0,428.67194453546375,0.9515918517299782,0.04840814827002182,0.5032501122837866,0.4967498877162134,0.7084049530237082,-0.36928533489116083,0.040544229883928425,0.1425551485524174,-2900.185818381958
123,-422.98176329853555,0.9345786708135564,0.13654881912275205,4.0,31.0,0.0,427.4968312184293,0.08450944961945692,0.9154905503805431,0.0758687414451446,0.9241312585548553,0.6826608965463261,0.05399240490845804,0.009728929349304444,0.07366371997320303,-2885.408178823766
124,-421.91734902367824,0.8927228236614245,0.13684817524717136,4.0,15.0,0.0,425.4849071474434,0.825042724654061,0.17495727534593897,0.6589504766240988,0.3410495233759012,-0.16748664424953558,0.6378617731111434,0.38223982784988786,-0.7155981132200815,-2889.8756026691267
125,-422.59200774424926,0.9763662113374111,0.11567436399858164,4.0,15.0,0.0,424.79110341577024,0.21392183405759405,0.786078165942406,0.08496759219253384,0.9150324078074662,-0.556158012438319,0.02210973952463488,0.23264820436170447,0.09076563332584496,-2888.8810232807523
126,-422.8577619188138,0.9993914497887505,0.13029595485773016,4.0,31.0,0.0,427.0550327132526,0.9300203323485792,0.06997966765142083,0.7023090001824434,0.29769099981755665,0.05004780330551445,0.035509057562800345,0.10406806977017087,-0.9238424093384361,-2890.5645053752683
127,-421.9155431938853,0.8603705055168467,0.13654881912275205,2.0,3.0,0.0,424.4742201216868,0.10414428869247146,0.8958557113075285,0.12660630695872574,0.8733936930412742,0.6990077077208322,0.04275293219823885,0.04431319693966777,0.1658648157651051,-2882.4443478296193
128,-421.1209141256931,0.8847134484983046,0.13684817524717136,5.0,31.0,0.0,424.18048222177947,0.2566747591732312,0.7433252408267688,0.8004556939955064,0.19954430600449358,0.057699379502704054,-0.15767453652159064,0.44571948646999454,0.046758048300282344,-2884.688438396107
129,-422.8501391800052,0.9439148811812371,0.11567436399858164,3.0,7.0,0.0,424.3362965174488,0.28017648551281654,0.7198235144871834,0.0674075880310261,0.9325924119689739,-0.5460076267088922,0.21212661925401283,0.32747034445467665,0.23337834642885788,-2890.337207185329
130,-424.534651692977,0.9935651908316527,0.13029595485773016,4.0,31.0,0.0,426.55579314843067,0.9316494171281524,0.06835058287184759,0.8094025054113946,0.19059749458860542,0.15553666402365027,-0.6656327856369004,0.13733946097973992,-1.5292126893554465,-2898.208278326945
131,-421.2935303845814,0.8743113079713968,0.13654881912275205,4.0,15.0,0.0,424.35426400605473,0.7514681330646872,0.24853186693531282,0.701834544903865,0.298165455096135,0.16477659728243013,-0.2096139455398431,-0.1440266610447363,0.6927133478621248,-2887.3035154764766
132,-421.817924017063,0.991531322746289,0.13684817524717136,4.0,19.0,0.0,422.8790603057102,0.8469273080876096,0.15307269191239037,0.17920863702113654,0.8207913629788635,-0.4251450033003999,0.25350539258299654,0.3340818896648498,-0.33876397667720903,-2886.0555081057473
133,-421.9920563974105,0.9289786963392163,0.11567436399858164,3.0,11.0,0.0,425.5268098952003,0.3857137120150402,0.6142862879849598,0.1375406833339334,0.8624593166660666,-0.523462234836218,0.0814109212757603,0.3058060327455313,-0.10558824458648075,-2890.01233229295
134,-424.3672634083831,0.9876876840180597,0.13029595485773016,5.0,63.0,0.0,428.39898986517767,0.5156827816293073,0.48431721837069275,0.9899357669979821,0.010064233002017864,0.16527482220152345,-2.489989111056749,0.26474747647220054,0.01226223568435486,-2884.5674015679556
135,-420.6658168155263,1.0,0.13654881912275205,3.0,15.0,0.0,423.0766016721021,0.3910760396689653,0.6089239603310347,0.5353534779856343,0.46464652201436574,0.17057146250206384,0.14852282367702546,-0.15375919864365342,0.4134204253560433,-2886.1215054096706
136,-423.18917890252783,0.845379400038604,0.13684817524717136,3.0,15.0,0.0,427.48942816051283,0.25459099518472456,0.7454090048152755,0.19875847321100953,0.8012415267889905,-0.4944309997578551,0.14819257202408992,0.5632750319990226,-0.22321130250306667,-2898.568797234963
137,-423.1480253759858,0.9338715572525441,0.11567436399858164,5.0,31.0,0.0,425.54025311161365,0.4797372398220587,0.5202627601779413,0.9527182267857262,0.04728177321427385,-0.05685576503872644,0.10934908562838952,0.3648869026519133,-0.004638966668831013,-2891.8728702239237
138,-425.89160745432736,0.9960706754769324,0.13029595485773016,5.0,31.0,0.0,426.8488797150601,0.6512956826249284,0.34870431737507157,0.9947826016154887,0.005217398384511296,0.1297495611225875,-3.542528000721351,0.19692507665474027,0.15542292653410872,-2884.4688719058277
139,-423.43226193743027,0.9909344640105002,0.13654881912275205,4.0,15.0,0.0,424.09059891901506,0.9701584977785146,0.029841502221485405,0.8301491880820909,0.16985081191790907,-0.06981874905923743,0.3014150252767308,0.12257481353669575,0.8567178486857738,-2886.236557755888
140,-421.52856170058976,0.9970761017641858,0.13684817524717136,5.0,31.0,0.0,424.2974298158227,0.7575833295669897,0.2424166704330103,0.5556548058281046,0.44434519417189544,-0.08925415458649608,0.35795579641028585,-0.14988474293403037,0.9952128159992756,-2889.45500324764
141,-423.9538696325778,0.8751021600267515,0.11567436399858164,5.0,39.0,0.0,428.0176076315422,0.5359168364754744,0.4640831635245256,0.0518792928947927,0.9481207071052073,0.12926936359979663,0.1824365086582135,0.5054793362697099,0.07416398741459355,-2897.882208253749
142,-426.7984185728669,0.9480548565857433,0.13029595485773016,4.0,31.0,0.0,428.4874643185118,0.8940555870864358,0.10594441291356416,0.9961869224430273,0.0038130775569726882,0.17913154038998513,-3.0168008059765974,0.20646828441735016,-0.2623512203639696,-2885.458299601325
143,-424.6447415527555,0.9841817666223491,0.13654881912275205,4.0,15.0,0.0,425.4540497505342,0.9899725179122388,0.010027482087761164,0.31715870002916224,0.6828412999708378,0.07288829068089461,-0.08534839695184215,0.16034933681769398,1.0186207885968552,-2889.9831025800736
144,-422.9396587911399,0.9423022429937983,0.13684817524717136,3.0,15.0,0.0,424.1944536299108,0.9118094609559453,0.08819053904405472,0.5427127945945573,0.45728720540544265,-0.11216627546699694,0.6432154147301987,0.07183662991984788,1.1937526174397861,-2892.922293217279
145,-423.6796509123639,0.9583402139756395,0.11567436399858164,4.0,23.0,0.0,428.7116825877641,0.615085235432867,0.384914764567133,0.03241029394829602,0.967589706051704,0.2976041765530577,-0.044262852182899534,0.4113606939853247,-0.34921335941911297,-2892.477356010071
146,-428.0930818807367,0.9718652849768342,0.13029595485773016,4.0,19.0,0.0,430.43855016657005,0.9868028307607639,0.013197169239236084,0.9884478943501808,0.011552105649819233,0.09878460307886153,-3.341471473713448,0.13763435423754675,-0.3058345812628773,-2886.5338792505718
147,-422.81246732862246,0.7894677383291859,0.13654881912275205,3.0,15.0,0.0,427.18057777890675,0.8875347115591804,0.1124652884408196,0.3123906200005237,0.6876093799994762,0.0897029084439481,0.22706040733731322,0.04690705842438807,1.456445887743203,-2892.2573379364208
148,-423.3803449838567,0.892581925631503,0.13684817524717136,5.0,31.0,0.0,426.1916846460943,0.3625924948205888,0.6374075051794112,0.10158892851246076,0.8984110714875393,-0.18495963855319947,0.02611013755554481,0.8316274631728936,-0.2813830491435498,-2897.2567003359864
149,-424.81874460053916,0.9289921005196149,0.11567436399858164,2.0,3.0,0.0,424.92690288470254,0.622717047288621,0.377282952711379,0.030583036538365367,0.9694169634616346,0.29005802700957223,-0.09894095501210957,0.4090862004728231,-0.33506868898821607,-2899.9119891139326
150,-428.98312978941505,0.9265881273361524,0.13029595485773016,4.0,15.0,0.0,429.37565193555156,0.990764642407901,0.009235357592099036,0.9945134407968717,0.0054865592031283494,0.16778964049456574,-3.25747043811172,0.17152932868416687,-0.26769661860859123,-2885.615545496823
151,-423.00842211367126,0.8761940790639833,0.13654881912275205,5.0,31.0,0.0,425.75000491207066,0.2424933629871079,0.7575066370128921,0.06584552060375491,0.9341544793962451,-0.7437804174295156,0.0038055019141860352,-0.042888730605902516,0.2315562957102696,-2890.5451929633887
152,-423.79660600443344,0.9817858805712442,0.13684817524717136,3.0,7.0,0.0,424.4947906784284,0.3574057307938487,0.6425942692061513,0.10777270595603415,0.8922272940439658,-0.06530071534430537,0.018040001896761245,0.8268589050802923,-0.3299188312768327,-2900.456428316912
153,-426.60047063265773,0.8539962178294873,0.11567436399858164,4.0,23.0,0.0,431.44201760440524,0.17998652319786795,0.8200134768021321,0.003079970671462603,0.9969200293285374,1.1504185283729427,0.15808723752788195,0.13800967742018963,0.3020083994889744,-2892.407720450779
154,-425.99133145681975,0.9580844383758793,0.13029595485773016,5.0,31.0,0.0,431.13459434907685,0.9015864209842361,0.09841357901576386,0.9815665614024398,0.018433438597560192,0.15492325754045297,-1.6788200950075989,0.013796463636551019,-0.22556263529634119,-2895.698358756706
155,-421.4449523534916,0.9852779074831034,0.13654881912275205,4.0,23.0,0.0,425.38834170161925,0.8309607564503875,0.16903924354961253,0.3490578993900537,0.6509421006099463,-0.049472843163504254,0.09031880680783226,0.09686698462475526,-0.11703600721390725,-2887.414714577435
156,-422.4459961917124,0.9710898186563173,0.13684817524717136,4.0,15.0,0.0,427.1356615905159,0.452625819644983,0.547374180355017,0.03452756903471963,0.9654724309652803,0.979965418107151,0.05677141564636654,0.2634100216068324,-0.07276688090588751,-2884.124393590977
157,-423.89403448240057,0.9975809540532911,0.11567436399858164,4.0,15.0,0.0,428.3815678100443,0.8699579061211052,0.13004209387889476,0.021899120760328888,0.9781008792396712,1.3005897205894985,0.13941318103329653,0.15051960100590833,-0.038942138080148625,-2885.0549590741684
158,-426.47947787365473,0.9948664439467283,0.13029595485773016,3.0,11.0,0.0,429.70717894030145,0.771941040236308,0.22805895976369195,0.9958494790802719,0.004150520919728118,0.0934937419134789,-1.6213324643965157,0.48687761677501756,-0.6119961170290728,-2893.297189408194
159,-422.05793535221386,0.9793232525469524,0.13654881912275205,4.0,31.0,0.0,422.8039845888471,0.10527662368018957,0.8947233763198105,0.5088360873124995,0.4911639126875005,0.5431236054588153,-0.1628103700225132,0.15845452426844123,0.20567793657439631,-2889.2398737502413
160,-422.4125306471153,0.9740593774248468,0.13684817524717136,5.0,47.0,0.0,423.6231532899813,0.34175479955556914,0.6582452004444308,0.08976069677085975,0.9102393032291403,0.7948976069956661,0.10428317559537725,0.6090594884368107,0.06693924956347022,-2889.4364166847904
161,-423.52127862324807,0.8937299378772742,0.11567436399858164,4.0,19.0,0.0,426.8847252588877,0.13215896999377835,0.8678410300062216,0.1726955340404326,0.8273044659595674,1.0990846155080871,-0.24659518112998516,0.3812158128515033,0.1225188362836817,-2895.947453083752
162,-425.41204498621505,0.9938311324225961,0.13029595485773016,4.0,15.0,0.0,427.254325840726,0.6400558416104255,0.3599441583895745,0.9952082216091305,0.004791778390869528,0.09568119635470494,-1.549120031632546,0.29275169934070167,-0.41728687322492963,-2889.2707893030683
163,-423.5251888367243,0.9381019976177253,0.13654881912275205,2.0,7.0,0.0,424.28537637479826,0.08636934273437323,0.9136306572656268,0.569884513507747,0.43011548649225295,0.6120133383971045,-0.21682347784684763,0.1445653696376355,0.21115410475651808,-2897.9334273041873
164,-422.73765472496666,0.9320226253586413,0.13684817524717136,4.0,31.0,0.0,425.4185455638772,0.16522782462751087,0.8347721753724892,0.942392096570199,0.057607903429801044,0.12159530438498858,0.5035008704330702,0.5294752707366105,-0.010520514447701634,-2885.8847314943555
165,-423.2455442699735,0.9208706565133491,0.11567436399858164,4.0,31.0,0.0,426.1527584336116,0.4272266888323882,0.5727733111676119,0.1454988576935819,0.8545011423064182,0.23801407798016233,0.14181511652441314,0.4764063834996824,-0.36871901126227213,-2899.1714490438085
166,-427.9648466247802,0.9850081156198393,0.13029595485773016,4.0,15.0,0.0,428.76827928234275,0.9081529750642399,0.09184702493576014,0.9992627139656917,0.0007372860343083376,0.10417612325944771,-1.0900734849209357,0.07885511048323922,-0.3112222072949521,-2888.1658283060374
167,-423.29879748467135,0.9865059812066053,0.13654881912275205,4.0,15.0,0.0,426.9467344287739,0.11446948359327896,0.8855305164067211,0.5609017593964448,0.4390982406035552,0.5968641020564617,-0.29562631639127807,-0.004858008231229838,0.30198158976692524,-2898.0912770908008
168,-423.23097693395613,0.9429688108582235,0.13684817524717136,6.0,63.0,0.0,424.0794918789882,0.7833568397420871,0.21664316025791286,0.019271218057877692,0.9807287819421223,1.382425507012951,0.0869354832556326,0.12970159619007574,0.2210001077568673,-2882.196400462253
169,-424.53285331147697,0.9883832632360892,0.11567436399858164,5.0,31.0,0.0,425.85248836922085,0.10876648236714713,0.8912335176328529,0.2146167545275831,0.7853832454724169,-0.19921080442405947,0.04639595929660051,0.6254969160873545,0.30141796912203167,-2903.6968671985856
170,-428.1884086259323,0.8159353264717346,0.13029595485773016,4.0,31.0,0.0,431.49131974604893,0.9682706585566846,0.031729341443315406,0.9980052084842536,0.0019947915157464413,0.1741839796323974,-1.5258567604798459,0.07333052224227621,0.004063734832704592,-2888.7606903471224
171,-421.7713887526048,0.9043257012362015,0.13654881912275205,4.0,23.0,0.0,429.10010954668667,0.11508141535717299,0.884918584642827,0.4230800680793188,0.5769199319206813,0.6557559743883709,-0.2612418752761587,0.15824019666593875,0.10665946733586326,-2887.510322253621
172,-425.0327769590175,0.9034341622519615,0.13684817524717136,5.0,31.0,0.0,426.8344321743379,0.9370590117166551,0.06294098828334493,0.0890049339713503,0.9109950660286497,1.7551889281832918,0.0560083786140296,0.03672716220615272,0.6457782106270258,-2896.091276887968
173,-421.72639382369545,0.9151239211883049,0.11567436399858164,5.0,39.0,0.0,429.5837713828874,0.5144149662033798,0.4855850337966202,0.5355413387164192,0.4644586612835808,-0.27857950293530925,0.18699811237386288,-0.0451469169349511,0.4622537683538471,-2893.7061535761104
174,-425.77124006128105,0.9740107889264741,0.13029595485773016,4.0,31.0,0.0,431.08339091887643,0.2449825491893777,0.7550174508106223,0.983745534000822,0.016254465999178014,0.004633222294992842,-2.45116089922312,0.32971272978983174,-0.05076475919167918,-2895.6131970673005
175,-422.2849594354366,0.8574406601523636,0.13654881912275205,4.0,15.0,0.0,423.9279732320511,0.41209314206497094,0.5879068579350291,0.2498751437636762,0.7501248562363239,0.10422311238553914,-0.07737687138595116,-0.21780232908345515,0.5550333357459379,-2895.3608511815314
176,-424.47237780247275,0.8379910352577967,0.13684817524717136,4.0,15.0,0.0,428.23645642037064,0.8212805064772342,0.17871949352276584,0.008190443756574638,0.9918095562434254,1.453047232454058,0.11405699530515634,0.053890462414310183,0.7921759987053879,-2883.2707197732266
177,-424.18424470420683,0.9463002949482802,0.11567436399858164,5.0,31.0,0.0,428.5801325526653,0.009311109480687934,0.9906888905193121,0.6519371215672459,0.3480628784327541,0.054868562866739516,-0.10465644386578782,-0.8340684603741404,0.12301855095860978,-2886.920639082249
178,-424.66562341665133,0.9379761608684996,0.13029595485773016,5.0,63.0,0.0,432.3574196658487,0.9037292023933903,0.09627079760660973,0.9897131575252949,0.010286842474705127,0.11623009326466249,-1.759841802241402,0.126324128930946,0.1871126213849684,-2882.2013985650583
179,-420.9277617744621,0.9991308458846091,0.13654881912275205,4.0,15.0,0.0,422.732674927835,0.7579721730568251,0.24202782694317493,0.6459575367890059,0.3540424632109941,0.03859927688110042,0.37232599639112,0.07495107914863569,0.16949153076991175,-2885.609652259182
180,-428.1016704868167,0.8910573981876918,0.13684817524717136,4.0,15.0,0.0,430.3724650546632,0.2529804136823501,0.7470195863176499,0.022057085343005236,0.9779429146569948,3.322999888448706,-0.05606625901128164,0.5075818076274274,-0.17504474667952447,-2909.4250787462097
181,-421.6522607667689,0.9774409763959578,0.11567436399858164,4.0,31.0,0.0,427.1130154208347,0.40144940031432014,0.5985505996856799,0.8759623393057638,0.12403766069423616,0.024600131777407108,-0.29240325987650395,-0.004024407068797489,0.2692737912724559,-2887.351297035898
182,-422.0842692281241,0.7914969114327822,0.13029595485773016,4.0,31.0,0.0,427.7608771155988,0.4870801960379987,0.5129198039620013,0.9114677390421395,0.08853226095786049,0.21436740556207096,-1.278845781066156,0.30194634129837805,-0.07562986107798422,-2887.1511194130694
183,-424.09238796540336,0.9207891541062516,0.13654881912275205,4.0,15.0,0.0,427.02662728500593,0.24574298417984042,0.7542570158201596,0.9545676477309122,0.04543235226908782,-0.07532083095229067,1.1274514355371361,0.03184958636496875,0.35368789080229285,-2894.9953578920167
184,-424.71453437081004,0.9755295591613987,0.13684817524717136,4.0,23.0,0.0,430.62379767444827,0.8246350320760594,0.17536496792394063,0.018286654104402365,0.9817133458955977,2.245813672210554,-0.04528735618978799,0.1781728340068534,-0.07101447994740916,-2888.308488514763
185,-422.2132442968843,0.9873161025763706,0.11567436399858164,4.0,31.0,0.0,423.88967608659465,0.28274503517344657,0.7172549648265534,0.8438859500041062,0.15611404999589384,0.19893964225027344,-1.079095015032274,0.09240091381171615,0.19118875857731937,-2890.444266309556
186,-423.25350810315393,0.9904187594774455,0.13029595485773016,4.0,31.0,0.0,423.5418626218623,0.6695928678607834,0.3304071321392166,0.9852331453503657,0.014766854649634342,0.10434287928771216,-1.480219742726563,0.2984306864000462,-0.20172441033240984,-2882.0763458003694
187,-423.5785961601802,0.9820672270000258,0.13654881912275205,4.0,23.0,0.0,426.06661925135825,0.21578408786927078,0.7842159121307293,0.9454280910176055,0.0545719089823945,0.1108994360254582,0.7617998107764464,-0.07641155659542209,0.04105350633632822,-2892.710076208239
188,-424.7166740834174,0.8732164517681977,0.13684817524717136,4.0,31.0,0.0,427.4467440731644,0.6918467589935092,0.3081532410064908,0.029457051293708823,0.9705429487062912,2.5059059408358335,0.14930112864097128,0.15982083636501215,-0.0046925207099542884,-2893.143893506584
189,-422.23391717783505,0.9551202727854469,0.11567436399858164,5.0,39.0,0.0,423.79798459145456,0.8916056557578191,0.10839434424218086,0.6951652863437434,0.3048347136562566,0.16370258582673305,0.2029443735089583,0.01947875158960495,0.44100687107133846,-2889.602168118395
190,-423.4926621952508,0.9984542439243966,0.13029595485773016,5.0,47.0,0.0,425.00373329452447,0.6989299578500573,0.3010700421499427,0.9876153766338234,0.012384623366176628,0.10123251554065263,-1.5821080985931384,0.2905142215403395,-0.19713976840450623,-2881.9204168840597
191,-423.01352304394413,0.9965932770814531,0.13654881912275205,5.0,63.0,0.0,425.8052310466835,0.1231337414420567,0.8768662585579433,0.20209133782615477,0.7979086621738453,0.19842946986867888,0.13856632603986413,0.3281143744679021,0.2824718989841045,-2893.8803449130733
192,-422.17942258744466,0.9798269715434427,0.13684817524717136,5.0,31.0,0.0,426.75352883712367,0.6179814592015731,0.3820185407984269,0.2803515619267185,0.7196484380732815,0.20316688603085728,-0.11492699020461157,-0.2374413881817558,0.7270525164576892,-2894.7307885018067
193,-421.5901830624945,0.8434840959425431,0.11567436399858164,2.0,7.0,0.0,426.2314784666535,0.7969368571782821,0.2030631428217179,0.4916683987304294,0.5083316012695707,0.21603267280283994,0.04037163231932803,-0.10216497971901592,0.5420099724882307,-2889.7787992509802
194,-425.927265404538,0.9475017452199681,0.13029595485773016,3.0,7.0,0.0,427.0214580203029,0.8306794746429357,0.16932052535706432,0.8551087646738906,0.14489123532610937,0.28130598129988393,-1.6561650161644397,0.13248430005388317,-0.028669813237284833,-2911.773895623926
195,-424.0196932748222,0.9830564213788683,0.13654881912275205,4.0,31.0,0.0,427.51070408513726,0.8760882541252076,0.12391174587479237,0.10980971919529844,0.8901902808047015,1.110489397939852,-0.15981662726784832,0.1891094576240076,-0.8361093332738804,-2895.9016117100455
196,-423.08996793744495,0.9974123821952955,0.13684817524717136,4.0,15.0,0.0,423.7442874755262,0.9476199357226139,0.05238006427738606,0.19457749286767406,0.805422507132326,0.5586840475487174,-0.16241988053213843,0.14888232953260844,0.9384670889247624,-2887.9836171314696
197,-422.853987731073,0.9796731001918492,0.11567436399858164,4.0,23.0,0.0,425.2987070216473,0.8634657714525701,0.13653422854742991,0.9083167884758329,0.09168321152416714,-0.10194899943564345,0.9045506039185406,0.19978211952056424,0.2473329033003938,-2888.230691208475
198,-424.42348872929426,0.9998522641988541,0.13029595485773016,4.0,15.0,0.0,426.7023687249113,0.8452889472852554,0.1547110527147446,0.894460308285066,0.10553969171493405,0.24042286986972095,-1.5306896528577194,0.07871056265502874,-0.06150184472520088,-2899.3759866879677
199,-421.7759737902515,0.9330296754409878,0.13654881912275205,3.0,15.0,0.0,427.0746079243303,0.856560689521199,0.14343931047880099,0.25631649123449335,0.7436835087655067,0.882228944041613,-0.163268156124185,0.2306784621660146,-0.38193247031359484,-2886.7254395798045
200,-422.5829299098201,0.9978024357244512,0.13684817524717136,4.0,31.0,0.0,425.0181014281153,0.4244917418631318,0.5755082581368682,0.9575694565209947,0.04243054347900532,0.010837729341106564,0.33848851776878297,-0.28033383887379576,0.3612953647523348,-2886.957092919978
201,-422.2018931893658,0.9766871875382644,0.11567436399858164,4.0,31.0,0.0,425.13390086668767,0.4910050708994055,0.5089949291005945,0.7047888237678506,0.29521117623214943,-0.24727079077209582,0.47256551072067826,-0.34179449638813264,0.5678000472762934,-2895.4194288370286
202,-423.55906213291695,0.9159502574000176,0.13029595485773016,3.0,7.0,0.0,428.38061431814725,0.6583338870223695,0.3416661129776305,0.9875367148224362,0.012463285177563788,0.07002945081159415,-1.092447960101462,0.4036337812311104,-0.27731805665856946,-2883.917483958269
203,-422.4531901263216,0.9924645514435544,0.13654881912275205,4.0,15.0,0.0,423.0699934646996,0.7762627147921415,0.22373728520785852,0.05597346983611061,0.9440265301638894,0.993395482639646,0.02067094175163208,0.2961696856333212,-0.5368593545963569,-2884.621719883956
204,-422.09890004263514,0.94510333286922,0.13684817524717136,5.0,31.0,0.0,425.1002890647997,0.5380369918694726,0.4619630081305274,0.03914102122401923,0.9608589787759808,-0.9725258334366405,0.09614007514298414,-0.07999665171902492,0.36418479850008956,-2882.533952604899
205,-420.48077533915165,0.9232898098744516,0.11567436399858164,3.0,7.0,0.0,423.69396482609693,0.35112266258878094,0.6488773374112191,0.6885937706987558,0.3114062293012442,-0.07700445728195277,0.518316630248804,-0.21170670621498394,0.40628234296653276,-2883.306205912732
206,-422.7406795695218,0.9698771035057865,0.13029595485773016,5.0,47.0,0.0,426.92562702718647,0.03280447409480001,0.9671955259052,0.3406695739240824,0.6593304260759176,0.32880177049483983,-0.1250011422482405,-0.14692903294727488,0.2334861931872926,-2885.8652317573465
207,-422.1666471529379,0.9692674396716505,0.13654881912275205,4.0,15.0,0.0,423.6487087853136,0.8279406385164048,0.17205936148359524,0.06089077521676242,0.9391092247832376,0.5509055865261511,0.01877525645032037,0.20656745846639982,-0.17285331676933585,-2882.671009027318
208,-424.03420419585535,0.8584496238802756,0.13684817524717136,5.0,47.0,0.0,425.90932265701497,0.1404155733057294,0.8595844266942706,0.950780878967208,0.049219121032792024,0.02431922150565334,-1.447475679172803,0.6899184477815785,0.0928663967966469,-2891.1391222325447
209,-422.8066860012951,0.9365295055485479,0.11567436399858164,4.0,15.0,0.0,423.23943739727616,0.8994762569251455,0.10052374307485445,0.6734257545323388,0.32657424546766123,0.3831448912727911,-0.5944939329442495,-0.02578510277043678,0.5801788609832044,-2892.858903943661
210,-422.8766156920291,0.9780966505771658,0.13029595485773016,5.0,31.0,0.0,424.7399406311663,0.18237538849360632,0.8176246115063937,0.42903221652861995,0.57096778347138,0.283691251215534,0.11570706294578909,-0.8687391973984819,0.3907722054655164,-2897.401100176274
211,-421.45640240328294,0.9257012306198101,0.13654881912275205,4.0,15.0,0.0,425.03452390234395,0.7550226859212033,0.24497731407879675,0.3750486500692559,0.6249513499307441,0.16205536986201513,0.12182845023350249,0.3334259735944532,-0.6241853322635204,-2889.170639783886
212,-424.55748456071706,0.9582493562294605,0.13684817524717136,4.0,15.0,0.0,425.80462656793384,0.15262942767814933,0.8473705723218506,0.9831488460739639,0.01685115392603609,0.183642555411555,-1.422340756568784,0.8154144818545072,0.13988440200024363,-2887.9192976465397
213,-421.2955788215712,0.9442045556958455,0.11567436399858164,4.0,23.0,0.0,426.8505564930993,0.5707875589570046,0.4292124410429954,0.2418367529902178,0.7581632470097822,0.5475291840145421,-0.03247530057958195,0.08033279683402327,0.517429715581382,-2888.2762306576315
214,-421.30322171285457,0.9031269831133607,0.13029595485773016,4.0,15.0,0.0,426.2656851379991,0.1320634863386887,0.8679365136613113,0.4306590606851171,0.5693409393148829,-0.25334849902899254,0.2601149829257988,-0.5749112582563196,0.31234680262683,-2885.1027891582594
215,-420.93965065815445,0.9843076070417737,0.13654881912275205,5.0,31.0,0.0,422.2879157561371,0.624464442833637,0.375535557166363,0.7374032073270009,0.26259679267299907,0.34133844402932034,-0.5213409640681866,0.21306925845402452,0.21569229359723532,-2885.9745195985374
216,-421.50920310407116,0.9739313102585253,0.13684817524717136,4.0,31.0,0.0,426.7990163540021,0.20368306012447635,0.7963169398755237,0.695923122444792,0.30407687755520796,0.26822940634863285,-0.2985785165954671,0.961234789927294,0.07203910578727193,-2887.448489415443
217,-423.0717615593085,0.8894324113448417,0.11567436399858164,4.0,31.0,0.0,428.5798460196068,0.13022038100741015,0.8697796189925898,0.6866768704785347,0.31332312952146535,0.022547501416674054,-0.22001251117499926,-0.8462352020638324,0.28995964382481054,-2896.084478333896
218,-423.61691922952565,0.9921035570759023,0.13029595485773016,4.0,15.0,0.0,424.7732488466047,0.09871584346819333,0.9012841565318067,0.08645349772125442,0.9135465022787456,-0.7822101904637349,0.13317307947803478,-0.9776262784099707,0.3550615240524007,-2890.5155119380893
219,-420.46291883463067,0.9382564888619738,0.13654881912275205,4.0,15.0,0.0,422.7461290729298,0.5067348954344381,0.49326510456556194,0.6213601761276548,0.3786398238723452,0.06292640329222948,0.054570528224700834,0.04621876310148751,0.39081445624303085,-2884.742173592822
220,-423.6570754976741,0.8834842236231392,0.13684817524717136,4.0,31.0,0.0,424.75376457207915,0.09615376528837948,0.9038462347116205,0.8041041776787995,0.1958958223212005,0.42822602649909314,-0.7318568900665485,1.0756807085819402,-0.0118807607362107,-2895.2574609544804
221,-421.0296766631204,0.9900194245929703,0.11567436399858164,4.0,19.0,0.0,423.56668870361693,0.1584722942180478,0.8415277057819522,0.4046796054771456,0.5953203945228545,0.20607278266250173,-0.028347525478714053,-0.4327074220751903,0.18467029071497193,-2884.3924411217295
222,-428.4010299966248,0.9692465745088843,0.13029595485773016,4.0,15.0,0.0,429.75319832913544,0.005670003779711889,0.9943299962202881,0.03271430817840478,0.9672856918215952,-2.0431563498277048,0.03452138864181556,-0.9404981040304912,0.06293336358897292,-2895.292730577508
223,-420.40398382040905,0.922604673641679,0.13654881912275205,2.0,7.0,0.0,423.40479520777586,0.5808477948931141,0.4191522051068859,0.6102103308853675,0.38978966911463253,0.025147895149844855,0.03072858470402661,0.0940320128048164,0.22635240213472216,-2884.315186065834
224,-421.3133002335469,0.982156685497882,0.13684817524717136,4.0,15.0,0.0,424.7783722973774,0.4233996762842698,0.5766003237157302,0.8750857827404689,0.12491421725953111,0.09212591935673364,-0.5957257971469105,0.26542399160198,0.0698812655198371,-2884.9193778017525
225,-421.12833704230616,0.9528517505072499,0.11567436399858164,4.0,15.0,0.0,422.7558097596068,0.22481228983661863,0.7751877101633814,0.4046841787001184,0.5953158212998816,0.4163003100507972,-0.2855440052118495,-0.27052196512657856,0.3095933474754872,-2886.7847928757033
226,-427.3542427950302,0.8149268776246721,0.13029595485773016,2.0,7.0,0.0,431.4121252999013,0.005479068942761184,0.9945209310572388,0.030334509089265976,0.9696654909107341,-1.9882239746025563,0.1512150127315821,-0.9132102287306645,0.2181856164551419,-2887.5002349220986
227,-422.90807754466545,0.8734937653225343,0.13654881912275205,4.0,23.0,0.0,424.6455541201229,0.4455451973182654,0.5544548026817346,0.9424985747451003,0.05750142525489965,-0.07700597088547895,1.6837540342477542,0.04495333020393065,0.17558729269715595,-2889.068195621941
228,-421.5373865742762,0.8930153450208874,0.13684817524717136,5.0,31.0,0.0,424.616569372468,0.072673484855791,0.9273265151442089,0.3324380065766829,0.6675619934233171,0.28108930210241856,0.039766580742014265,0.4128935653326714,0.1367042748071474,-2882.6132770471386
229,-421.5449940184856,0.7196076324249673,0.11567436399858164,4.0,15.0,0.0,426.1913815880383,0.3496086889332873,0.6503913110667128,0.1265733510293305,0.8734266489706695,0.09495548058195755,0.18311617776641423,0.205967766654008,0.07155757750317432,-2886.4079356892066
230,-427.3690881845415,0.9694574587297013,0.13029595485773016,5.0,31.0,0.0,429.20497723552467,0.0063737888943210955,0.993626211105679,0.02226938827260396,0.9777306117273961,-2.1189726276334473,0.12364001359764278,-0.4721461236625603,0.22038901968958524,-2886.6332665227487
231,-422.21610418353436,0.9765013227697789,0.13654881912275205,3.0,7.0,0.0,423.94133119105214,0.4163692525328547,0.5836307474671454,0.9249792121613408,0.07502078783865918,-0.05786340651512274,1.4969928262483523,0.201520353506115,0.13901851771426055,-2886.373950943582
232,-423.03753188975816,0.883992230027458,0.13684817524717136,5.0,31.0,0.0,425.2724625840044,0.8145240825447781,0.18547591745522185,0.8719277279848135,0.12807227201518645,0.0004626003581423843,-0.33581305525105143,0.33998310807520826,-0.25053658560249553,-2893.7895891718504
233,-422.3017069266536,0.9195440726050917,0.11567436399858164,4.0,15.0,0.0,423.7970967598901,0.8974972620441248,0.10250273795587517,0.6580107540837478,0.34198924591625224,-0.2532413974469561,0.6176440942513999,-0.0302388163574498,0.7953540627103265,-2889.4400940994333
234,-431.10080706036626,0.7704013314395056,0.13029595485773016,3.0,11.0,0.0,432.59540019217445,0.0030045339016356574,0.9969954660983643,0.01797220978525834,0.9820277902147416,-2.336040678592462,0.03476967649745063,-0.49236381792713924,-0.034189598692881226,-2904.989927263931
235,-422.86613617190915,0.9460612584830944,0.13654881912275205,4.0,31.0,0.0,425.12236187628963,0.051735023630852715,0.9482649763691473,0.8452061398414178,0.1547938601585822,-0.10142439572035901,0.5516585596305583,0.026244461508507167,0.1860924305038386,-2885.879291283771
236,-422.3771844694285,0.9687880369241657,0.13684817524717136,4.0,23.0,0.0,424.6457402911807,0.20446270236055802,0.7955372976394419,0.14802826136802133,0.8519717386319787,-0.2157560938136367,-0.00893738334695425,0.2793600167470376,0.14421217646909631,-2890.70451235263
237,-421.32951154600687,0.9947813518018518,0.11567436399858164,4.0,15.0,0.0,423.2735220970314,0.7731864658919249,0.22681353410807514,0.47327234578349986,0.5267276542165001,-0.07194593939358165,0.1152800815521472,-0.07572600222947215,0.48100957362930397,-2888.599082083598
238,-428.13397084201597,0.9774272752285742,0.13029595485773016,5.0,39.0,0.0,435.2913286206303,0.011094946800300518,0.9889050531996995,0.021491634366135468,0.9785083656338646,-0.4320292808426026,0.11239152129692903,0.6331084893322773,0.3293885614651233,-2898.985638915826
239,-421.4658558831721,0.9926145540851884,0.13654881912275205,4.0,31.0,0.0,424.80994713948286,0.5919616358554972,0.4080383641445028,0.6113103750421939,0.3886896249578061,0.5216359144154059,-0.5322646473495242,0.40033811123596713,-0.12132731603551847,-2891.0111073079693
240,-421.73618722565953,0.9926562588279518,0.13684817524717136,4.0,23.0,0.0,425.06905836216595,0.7756960813065622,0.2243039186934378,0.3541297499006758,0.6458702500993242,0.15052919727096467,0.2547704021952003,0.21764029092799453,0.00407924610229185,-2890.86326945943
241,-421.7799797955287,0.982000932510228,0.11567436399858164,3.0,7.0,0.0,423.3693013819252,0.5431318569313097,0.4568681430686903,0.48574299727241976,0.5142570027275802,-0.06390989452494013,0.06712800081833957,-0.15998862264248287,0.7175124097401989,-2893.869248960034
242,-424.213123841855,0.9924856829364165,0.13029595485773016,5.0,31.0,0.0,430.64464271634,0.1193399326212836,0.8806600673787164,0.6683172486986261,0.3316827513013739,-0.1493714488632296,0.9618439878748126,-0.9780449047092078,0.3044378736668986,-2902.6671149711533
243,-421.5068931561976,0.8881222950052076,0.13654881912275205,5.0,31.0,0.0,424.8528038745869,0.8120095091782323,0.18799049082176766,0.31462247373296415,0.6853775262670359,-0.6133766627411904,0.35639677691421057,0.16240024613712517,-0.1427728474523654,-2887.6100332462765
244,-420.92021139597034,0.9905376521108604,0.13684817524717136,4.0,15.0,0.0,424.37730467442617,0.6309279589025402,0.36907204109745984,0.42235829768202793,0.5776417023179721,0.1802034597669794,-0.03097264839679084,0.4426893184556621,-0.4303018339599395,-2887.444199262562
245,-421.8546065918492,0.9681201105068117,0.11567436399858164,4.0,31.0,0.0,424.90669856193733,0.607747577807239,0.392252422192761,0.6875709904733551,0.3124290095266449,-0.09272546188807144,0.15624514414097543,-0.20075803197774755,0.41564823389423367,-2893.327344157701
246,-422.013050443104,0.9843177826212562,0.13029595485773016,4.0,15.0,0.0,427.77493517258955,0.07611190993691178,0.9238880900630883,0.44266297580736325,0.5573370241926368,0.5495972886541645,-0.3057766027804912,-0.841645301951581,0.2200880076482286,-2886.162104404805
247,-422.942047809261,0.7918258490070955,0.13654881912275205,4.0,15.0,0.0,424.3237151367352,0.4392071897492105,0.5607928102507895,0.11412678933922137,0.8858732106607786,-0.22989033523679733,0.11099047969165099,0.22303639493999228,-0.20962523575013234,-2895.9339370350403
248,-422.4212393703856,0.9489944047043092,0.13684817524717136,3.0,7.0,0.0,423.4769902946982,0.5811440283655055,0.4188559716344945,0.3198927961770831,0.6801072038229169,0.25038173820145826,0.10505236621172938,0.6363804833527299,-0.45258505181892417,-2897.0955558433693
249,-421.65068443884223,1.0,0.11567436399858164,4.0,15.0,0.0,422.5487387437522,0.915278657184333,0.08472134281566701,0.3955353899203042,0.6044646100796958,0.35791821731832013,-0.011762700754849004,0.1819964696180347,0.5570872571704361,-2884.7053978412387
250,-422.88445494320104,0.990033472810453,0.13029595485773016,4.0,15.0,0.0,423.5404775960472,0.02845341965091235,0.9715465803490877,0.796932979747167,0.20306702025283296,0.1610491445736476,-0.29495070127318324,-1.0591398226765876,0.21072515231478936,-2882.709954189183
251,-421.7432537159158,0.9965762609645272,0.13654881912275205,4.0,15.0,0.0,423.9487602838067,0.6914387990773982,0.30856120092260175,0.7547723678226731,0.2452276321773269,0.14593866034352268,0.06375336793036206,-0.185416327900897,0.5014087510224691,-2890.7065637265914
252,-423.2519083860473,0.9763915218995448,0.13684817524717136,4.0,15.0,0.0,425.1061690114456,0.8649287685029664,0.1350712314970336,0.8871224360410793,0.11287756395892068,-0.12025561045727792,0.5079407390591574,0.2282716380617468,0.0957939552250611,-2892.704758067509
253,-427.9383129796417,0.9997862484649295,0.11567436399858164,5.0,31.0,0.0,429.1684048557772,0.9972974712536419,0.002702528746358124,0.2803836012819971,0.7196163987180029,0.30083196330703427,-0.014008922673056944,0.1600240173918322,4.769398943335547,-2884.426278451303
254,-425.0203838325851,0.9417733692185805,0.13029595485773016,5.0,31.0,0.0,426.75190219077973,0.9872195157925868,0.012780484207413179,0.857682501480412,0.14231749851958797,0.2248126244339303,-0.5384695539543959,0.2843099743642739,0.04672998563443044,-2890.837080220764
255,-422.08577077926606,0.9821213228537732,0.13654881912275205,4.0,31.0,0.0,427.0978916823388,0.5834035193107939,0.4165964806892061,0.920270124559859,0.07972987544014098,0.14218622579635076,0.35721977083287637,-0.10208548834533072,0.6214157925089143,-2887.379593453046
256,-422.3839272636685,0.9978939138450552,0.13684817524717136,4.0,15.0,0.0,424.69506597585956,0.8820730648345447,0.11792693516545527,0.7645886532475005,0.23541134675249953,0.08656475876482575,0.6436901090837388,0.14873918773602504,-0.01161594466383186,-2889.8622363551585
257,-428.9260919057306,0.9735400816427789,0.11567436399858164,3.0,15.0,0.0,431.26503878186304,0.9619771835069936,0.03802281649300643,0.5428851645471926,0.4571148354528074,0.387002618950038,-0.20784479450708598,0.1525021432526789,4.317071664836738,-2914.1568526146452
258,-425.792474924238,0.9486002031252927,0.13029595485773016,3.0,7.0,0.0,427.29584236671894,0.9918357140065127,0.008164285993487286,0.8573459640633296,0.14265403593667036,0.14223276079847424,-0.7135761212832485,0.016891709418215273,0.2669453821204758,-2892.967383704371
259,-423.17424665997703,0.8882968394236619,0.13654881912275205,4.0,15.0,0.0,426.6911003239486,0.24029729201505537,0.7597027079849447,0.8383438529531584,0.16165614704684161,0.39197711779514677,-0.9327016523269326,0.8548931245363124,-0.0031368666999879308,-2896.115261375382
260,-423.233368111683,0.9903137286239337,0.13684817524717136,4.0,31.0,0.0,424.4978066802887,0.7626418274703458,0.2373581725296542,0.767020407786863,0.23297959221313702,-0.01756268118459231,1.0968470455422414,0.07802893282431393,0.0856643718464942,-2898.8399790415983
261,-431.17754909159675,0.9903455016293063,0.11567436399858164,5.0,31.0,0.0,432.5666409483445,0.9995153877079266,0.0004846122920734164,0.10120603466074798,0.898793965339252,-1.1253746938129663,0.2913508603257443,0.1645405335383005,4.682589808316295,-2889.0613702637634
262,-422.65510488682804,0.9706919639509352,0.13029595485773016,5.0,31.0,0.0,427.9966559471305,0.07364482977044422,0.9263551702295558,0.849196433111632,0.15080356688836805,0.1670378287771041,-0.2717205204897748,-0.536818542241872,0.3058256180260767,-2886.4361752237737
263,-425.28651229804194,0.9692648571170501,0.13654881912275205,5.0,31.0,0.0,428.5638828498298,0.7988939751618228,0.2011060248381772,0.9963280658491233,0.0036719341508767434,0.1125353219301269,-1.9312914646310717,0.12807454812452806,0.012427396145087546,-2883.1413405421627
264,-420.5954695801954,1.0,0.13684817524717136,4.0,31.0,0.0,424.3661363679433,0.6978812537848373,0.30211874621516266,0.670533040423041,0.32946695957695904,0.0062574216384086445,0.2512974533030735,0.10318208716157812,0.05376504469119017,-2884.1209812994225
265,-433.39287511720016,0.8613871823010695,0.11567436399858164,2.0,3.0,0.0,433.6976508413157,0.9996857135058091,0.00031428649419085186,0.12995946374935338,0.8700405362506466,-1.1940600298308175,0.05032941570998453,0.19885378923415747,4.650496095753684,-2903.0583168189855
266,-426.4152394357994,0.8204533614165016,0.13029595485773016,5.0,39.0,0.0,434.7814813400966,0.8663500791328452,0.13364992086715477,0.0035120492782253357,0.9964879507217747,2.9242680555828255,0.0869952196025904,0.25927903955781073,-0.60616858754331,-2883.849471989977
267,-422.1454636750228,0.974114632508076,0.13654881912275205,5.0,47.0,0.0,427.45602703578794,0.8365752223292802,0.16342477767071983,0.9173654275349766,0.08263457246502337,0.19697822095999581,-0.9241480782140381,0.26341412700806827,-0.4982140394495248,-2883.467944829344
268,-422.5597826832748,0.9731967258468954,0.13684817524717136,5.0,31.0,0.0,425.13125451755184,0.07323352395761443,0.9267664760423856,0.8619460687237304,0.13805393127626964,0.06170012533224899,-0.11909499475402822,-0.14705098114825388,0.24150049554885306,-2885.5677118692774
269,-432.44313266522437,0.9740995279047733,0.11567436399858164,5.0,63.0,0.0,436.14586705994657,0.9996110078114544,0.00038899218854560047,0.989636769981417,0.01036323001858297,0.012533684523714589,-0.7821274214120355,0.22956769157956264,3.6627618291994124,-2889.1743992110296
270,-423.150118480005,0.8331931523996954,0.13029595485773016,5.0,63.0,0.0,430.88265828419316,0.2396854089659543,0.7603145910340456,0.5730817891575665,0.42691821084243353,0.028972751444333533,-0.2593700640207643,0.1628861123638642,0.043222678450027446,-2901.4486571067227
271,-424.0029468101298,0.7632003571419415,0.13654881912275205,2.0,7.0,0.0,425.5901425374633,0.8625624285081324,0.13743757149186764,0.9411193392928086,0.058880660707191446,0.16123968294500501,-0.8928222005203508,0.42018450230506765,-0.5077524178788291,-2893.108818700497
272,-423.01720119066357,0.9847017380339402,0.13684817524717136,4.0,23.0,0.0,425.56764279738536,0.08097594034031606,0.9190240596596839,0.38752434570201466,0.6124756542979853,0.567798380862021,-0.20918598431774904,-1.1861133962157195,0.3402884799258834,-2892.586813058145
273,-433.94254130620277,0.904342230379926,0.11567436399858164,4.0,31.0,0.0,439.5066832961106,0.999615560416207,0.0003844395837929726,0.783192189002125,0.21680781099787505,0.21885082989167337,-1.369404018762831,0.28831630732126107,1.7456425847326162,-2926.633664861421
274,-421.41444968576945,1.0,0.13029595485773016,3.0,15.0,0.0,423.87197388968013,0.2974654554927039,0.7025345445072961,0.5797197524000132,0.42028024759998683,0.13599476097456206,-0.22414531994068443,0.15044184729606186,0.0349650192755941,-2890.3796710684546
275,-424.90812789977406,0.9392657082161553,0.13654881912275205,4.0,31.0,0.0,431.7484299955993,0.9451937639667036,0.054806236033296374,0.9125403755679932,0.08745962443200683,0.01089816930095798,-0.5733775767870681,0.23314171030276895,-1.4547100684667675,-2895.0905477549177
276,-423.60940750967893,0.943661455852738,0.13684817524717136,5.0,31.0,0.0,426.86065136192303,0.06343923562733744,0.9365607643726626,0.06538058755675749,0.9346194124432425,-0.04321714839944492,0.16427264471544362,-1.0595773905696737,0.21276478270018132,-2886.3464462684583
277,-429.7054804103226,1.0,0.11567436399858164,4.0,23.0,0.0,436.98243451230167,0.9976860342213275,0.0023139657786724888,0.9813800148401512,0.01861998515984875,0.24572528082257689,0.1110113590762947,0.24225754569152996,-0.17615142747257032,-2898.5753032248786
278,-422.1405741918067,0.9933618494855564,0.13029595485773016,5.0,47.0,0.0,423.8303381540639,0.12155338315408279,0.8784466168459172,0.2755286315541145,0.7244713684458854,0.45216030624538284,-0.1578817235536951,1.1700062063034695,-0.0406968325697179,-2888.0786171806053
279,-421.6903767244662,0.9334742870678033,0.13654881912275205,5.0,31.0,0.0,427.2333730816391,0.8455357599640925,0.15446424003590753,0.8216003913437815,0.1783996086562185,0.11103152921768189,-0.4884674348346816,0.23162255810952936,-0.13503974708141975,-2885.329433850449
280,-424.39576296115837,0.9799517299979464,0.13684817524717136,5.0,31.0,0.0,426.3811682264079,0.8920432243393579,0.1079567756606421,0.9793802204757189,0.020619779524281068,-0.019039233805375724,0.19141753250112148,0.19962988968930928,0.07732753910182096,-2888.4281598696366
281,-425.3420671948514,0.9812066977060182,0.11567436399858164,5.0,31.0,0.0,431.99941576882026,0.46811007607983857,0.5318899239201614,0.021333662648805606,0.9786663373511943,0.07875022934746184,0.2803621471606801,0.2748303644161266,-0.07674997916223958,-2901.6847019066417
282,-424.0038179287351,0.8991589000802627,0.13029595485773016,3.0,15.0,0.0,428.4470802586294,0.09949915666256988,0.9005008433374301,0.08812279589626017,0.9118772041037398,-0.34873689419254056,0.28503290810447757,1.0163845519767056,0.13845529827953706,-2893.750214762165
283,-422.7885546511249,0.9991498026030378,0.13654881912275205,5.0,31.0,0.0,424.3217310940327,0.8553159996680787,0.1446840003319213,0.03950248410608872,0.9604975158939113,-0.9642212554999077,0.1576444842781879,0.22388662456272793,-0.06061564789275599,-2882.615429317971
284,-421.96216226714034,0.9962557257504231,0.13684817524717136,4.0,31.0,0.0,424.9305428038582,0.2419964164289626,0.7580035835710374,0.08314403808296246,0.9168559619170376,0.24506806639088252,0.0018233704695478567,0.6964699122387444,-0.025628470022038115,-2884.8447599489386
285,-422.0037027278284,0.8622689227408399,0.11567436399858164,3.0,15.0,0.0,430.07036472813684,0.47023603293758887,0.5297639670624111,0.03945723656294135,0.9605427634370587,-0.43175420585971314,0.07726462197405753,0.0747333052318915,0.2138224788872048,-2882.6795214087097
286,-420.3405132938116,0.9847273040187888,0.13029595485773016,4.0,23.0,0.0,425.8641830701501,0.7046459381713387,0.2953540618286613,0.5849437196984216,0.4150562803015784,-0.13721182981376062,0.45887343872676956,0.3388925799778439,-0.20069875659959296,-2882.656201905727
287,-422.5695218628009,0.647119480443586,0.13654881912275205,5.0,31.0,0.0,427.6705149370472,0.11368312799920179,0.8863168720007982,0.21413213355093233,0.7858678664490677,-0.8659689857990394,0.22645835920432336,-0.16394144359926904,0.22146737388084667,-2890.0855355076146
288,-421.093177048593,0.9925030879123317,0.13684817524717136,4.0,31.0,0.0,422.57476140678256,0.310699025430756,0.689300974569244,0.28225857889293193,0.7177414211070681,-0.3990123263827146,0.16986666265897563,0.6760831393111149,-0.005380905543048278,-2886.5778484303564
289,-425.57931080741736,0.8032239483868756,0.11567436399858164,4.0,15.0,0.0,427.6680806552848,0.6523736019833689,0.3476263980166311,0.31467431052508565,0.6853256894749143,-0.673193809450132,0.41007602837862933,0.17467486697789808,0.8178543676663138,-2917.810783149412
290,-420.40069901287853,0.9863144063280125,0.13029595485773016,3.0,7.0,0.0,420.67323228495917,0.6399287272259311,0.3600712727740689,0.6101347898261996,0.3898652101738004,-0.09618185855845718,0.33734778646147573,0.25073931829030044,-0.20762979337121465,-2883.768081587104
291,-421.92144979198395,0.980629755267722,0.13654881912275205,4.0,15.0,0.0,423.89749356562044,0.6514076776432454,0.34859232235675464,0.05465174133909102,0.945348258660909,-0.13888888522522086,0.07474192118758816,-0.0788223531675834,0.44442371219419186,-2883.6246654439356
292,-421.4841648584491,0.8936277409870683,0.13684817524717136,4.0,31.0,0.0,423.9058663807132,0.07495961339013422,0.9250403866098658,0.4073892556287964,0.5926107443712036,-0.0477430987492322,0.10912052229885283,-0.19690370560824152,0.1804648772761984,-2883.183399115485
293,-425.1907057400239,0.8574399148055539,0.11567436399858164,3.0,15.0,0.0,430.0704689275422,0.9643841905237063,0.035615809476293725,0.044774642829561645,0.9552253571704383,-0.3065224529105419,0.02423202995424488,0.007446368044837837,0.8395969404852236,-2891.3626386778437
294,-422.69735288962636,0.8738132965144013,0.13029595485773016,3.0,7.0,0.0,423.9692666546362,0.8135597437952593,0.1864402562047407,0.3692835692160973,0.6307164307839027,-0.4341718099755298,0.6018578106658752,0.24787933625496894,-0.21249601727657408,-2896.229173247369
295,-421.98200389752253,0.9171987007388732,0.13654881912275205,4.0,15.0,0.0,425.23087464415136,0.8871050916053855,0.11289490839461447,0.22939265626550484,0.7706073437344951,-0.24076608503098054,0.2575296695384871,0.25175423486886106,0.1165572573132011,-2886.9088479571574
296,-424.521163376853,0.9836224459320723,0.13684817524717136,4.0,15.0,0.0,424.8875125122646,0.014068948963563001,0.985931051036437,0.2254898249552939,0.7745101750447061,-0.8056213192378973,0.23163804011102923,-0.3782843431245277,0.10540247454796231,-2890.143283828737
297,-421.5681574292486,0.9785788036406204,0.11567436399858164,5.0,31.0,0.0,427.5860638203401,0.6887542350552094,0.3112457649447906,0.5688749671458084,0.43112503285419157,-0.339751233933444,0.585439681384306,0.24679159189120028,-0.35823905783064297,-2891.1838863322378
298,-420.95143696151047,0.9980404088581518,0.13029595485773016,4.0,23.0,0.0,423.64465028071703,0.6939350242027928,0.30606497579720715,0.1442368190982238,0.8557631809017762,-0.2339741980237309,0.13793915145441654,0.3392769882104115,-0.2527504585154604,-2882.457391274772
299,-421.755539471578,0.9994722917129117,0.13654881912275205,4.0,31.0,0.0,423.03104752189824,0.4952952800411562,0.5047047199588438,0.42085470120103174,0.5791452987989683,-0.06279362195357495,0.18895174786628507,-0.41069938342788553,0.4403545375444342,-2893.7084779024785
300,-423.02213172297434,1.0,0.13684817524717136,4.0,15.0,0.0,425.1796955157131,0.07697031167899256,0.9230296883210074,0.06290739017965315,0.9370926098203468,-0.3493989150702223,0.09280282595898967,-0.10335449699442811,0.10807352490284301,-2884.1778323234475
301,-423.1984455734858,0.8608469090805496,0.11567436399858164,4.0,31.0,0.0,426.3151405072354,0.9776465117289533,0.022353488271046662,0.473649300114326,0.526350699885674,0.049219308902227143,0.24996868500082614,0.23701358661315178,-1.061463134643252,-2886.267502970384
302,-420.5496205444929,0.964047498373265,0.13029595485773016,4.0,15.0,0.0,421.8263582330791,0.6524446258531081,0.34755537414689186,0.3504239392756104,0.6495760607243897,-0.1065084470447538,0.2077526290637325,0.34360678947614576,-0.3502861030062129,-2884.324957939825
303,-423.3024770525622,0.6686288191935541,0.13654881912275205,4.0,15.0,0.0,428.5528299749455,0.23484388748808505,0.765156112511915,0.14111276948672716,0.8588872305132729,-0.3493008928967645,0.2685935934846981,-0.03139620589086181,0.4085819253084497,-2897.322518131699
304,-426.94455692219174,0.9659888108221331,0.13684817524717136,4.0,15.0,0.0,429.07072512004066,0.20217149978739707,0.7978285002126029,0.034407289920343906,0.9655927100796561,0.5176131139226736,0.03727557876791466,-0.8686925554091178,0.5776085795555288,-2911.9356396724734
305,-423.4660953683652,0.9963699615724828,0.11567436399858164,4.0,15.0,0.0,424.9462435483844,0.9108989990971577,0.08910100090284234,0.4970468741415137,0.5029531258584863,-0.4271042331777307,0.41700516268184934,0.18047849094528223,-1.218419809986606,-2896.6585816609677
306,-422.587066974456,0.9034168800947824,0.13029595485773016,4.0,31.0,0.0,425.7107768024636,0.11156163806690278,0.8884383619330972,0.12393074751728791,0.8760692524827121,-0.842332974126686,0.2259574006246092,1.0011679401494014,0.1382608623890333,-2886.284671969143
307,-422.13073599580406,1.0,0.13654881912275205,4.0,15.0,0.0,424.7815702487638,0.7794890524584533,0.22051094754154665,0.4022901270323785,0.5977098729676216,-0.01441898129059248,0.2388073030088462,0.26053529591996455,-0.7518638011988625,-2893.3704813194786
308,-423.8467626775743,0.975887865640532,0.13684817524717136,3.0,7.0,0.0,428.59665669075406,0.18373421323412845,0.8162657867658716,0.04301343126459325,0.9569865687354068,0.7983293326142616,0.10230580216093076,-0.857585165512997,0.29449851286275036,-2891.417301761406
309,-423.2169422289195,0.9861787303249885,0.11567436399858164,4.0,15.0,0.0,425.5663157757309,0.9755032821732329,0.0244967178267671,0.26240907849724354,0.7375909215027565,-0.0902828961862832,0.2097415360882628,0.07783565961561559,-0.25986042291799816,-2886.2327924901515
310,-424.756215254669,0.9165800616697196,0.13029595485773016,4.0,31.0,0.0,426.8346498300963,0.24361871971913981,0.7563812802808602,0.186662725616083,0.813337274383917,-0.9940014954711377,0.3166478884530103,1.0488777909416211,0.10547084410372318,-2907.507676505091
311,-421.57616642972647,0.9745051557153149,0.13654881912275205,4.0,15.0,0.0,424.58152156371574,0.620669444060751,0.379330555939249,0.10187033282814115,0.8981296671718588,-0.2871071721406282,0.21885950843623803,0.25731040159209173,-0.12114733707167456,-2885.45203309532
312,-422.49884159035855,0.9721944552059358,0.13684817524717136,4.0,15.0,0.0,425.25990741461084,0.06113403935957227,0.9388659606404277,0.1776862334629655,0.8223137665370345,0.2385705098702829,0.12899337405296132,-0.3588230431265651,0.13201919030612,-2885.301932941109
313,-424.02887579129845,0.8999479731428308,0.11567436399858164,5.0,31.0,0.0,426.35945261940293,0.15964125748167893,0.8403587425183211,0.9376377918624202,0.062362208137579755,0.1255778067991744,0.746511060829556,-0.4710427545459219,0.0955813235891594,-2894.9050366506376
314,-423.3788483213302,1.0,0.13029595485773016,4.0,15.0,0.0,425.5306950121134,0.036724403123024066,0.963275596876976,0.08763502638963232,0.9123649736103677,-0.08660543141136127,0.09371025969189375,0.9945726518215725,0.06757415761242247,-2883.1905096241203
315,-421.9277215895563,0.8642469468409192,0.13654881912275205,2.0,7.0,0.0,424.23734866250516,0.5862562014850409,0.4137437985149591,0.06705168532936863,0.9329483146706313,-0.38088078643579526,0.1020537553332353,0.4940833717873063,-0.2876398329862029,-2885.225873712337
316,-421.37670325009225,0.8469800859478143,0.13684817524717136,4.0,15.0,0.0,426.92306895602843,0.1739573481489339,0.8260426518510661,0.41122756370832747,0.5887724362916725,0.005627798122894115,-0.024609260290009843,-0.134687597708955,0.22865194732963393,-2887.5069345792654
317,-422.86867883556215,0.9509960538545629,0.11567436399858164,5.0,31.0,0.0,427.5362797247326,0.22560118192144393,0.774398818078556,0.13156843703142593,0.868431562968574,0.7840216134973493,0.06970036440676106,-0.07212547977085233,0.04134538264866339,-2893.4958151512865
318,-422.92367225756664,0.9813887846756375,0.13029595485773016,4.0,15.0,0.0,424.78731022590284,0.05720210969625781,0.9427978903037422,0.1398512322664277,0.8601487677335723,-0.17157119564671106,0.030536928394334792,0.8841479033759376,0.0778383912811718,-2885.9462484551273
319,-421.64949970210085,0.9909490652045758,0.13654881912275205,3.0,15.0,0.0,424.4765615608753,0.24873739979262424,0.7512626002073758,0.19396705415291263,0.8060329458470874,-0.807363652477711,0.2320812329733745,0.47724748768911557,0.11891818492204595,-2887.4278492761514
320,-421.2358715943732,1.0,0.13684817524717136,4.0,15.0,0.0,422.25508899438444,0.23407741745091454,0.7659225825490854,0.3562705782381051,0.643729421761895,0.17154326915041782,0.0822359396233922,-0.4944503230850487,0.4134714691389665,-2887.3594957364035
321,-422.759884188781,0.9662811264449771,0.11567436399858164,3.0,15.0,0.0,426.14758664860176,0.24823728374713097,0.7517627162528691,0.08725236365661236,0.9127476363433876,1.0305991893444837,-0.047257249821213244,-0.032721806440352975,0.3734047240685226,-2890.2070485847994
322,-421.4573916913599,0.9929606976796658,0.13029595485773016,4.0,23.0,0.0,424.2339874326964,0.7199951760175214,0.2800048239824786,0.8935355467588174,0.10646445324118259,0.0737474946361689,-0.11901531637588231,0.04142015951836028,0.2665219810769936,-2883.9317039935345
323,-422.04085542437144,0.8760795314239704,0.13654881912275205,3.0,15.0,0.0,425.2326438783851,0.4492697781589493,0.5507302218410507,0.16605009994321046,0.8339499000567896,-0.7750080448280041,0.297590148603696,0.23783023861421215,0.2822180882943951,-2891.337610515128
324,-420.79380328124466,0.9938070218571823,0.13684817524717136,5.0,47.0,0.0,422.737978419389,0.6458967476843276,0.3541032523156724,0.2705102243322136,0.7294897756677864,-0.23731091500891513,0.16842222105873056,0.17123103274207677,0.3286528560246574,-2885.1477357535464
325,-423.04060250605244,0.9411965092707397,0.11567436399858164,5.0,31.0,0.0,426.770756771297,0.9682489035870414,0.03175109641295859,0.8716913647066455,0.12830863529335446,0.18668749418617908,-0.374938997839055,0.17380093839623428,0.4820060309808468,-2882.6969478961087
326,-420.5341258593283,0.9988667115760783,0.13029595485773016,5.0,31.0,0.0,421.98635707090716,0.3683777699021487,0.6316222300978513,0.4239367019737107,0.5760632980262893,0.10724159858103163,0.13284242093629572,-0.14061013552238077,0.21312800657749723,-2885.055174267548
327,-424.2475821689396,0.8976900213834839,0.13654881912275205,5.0,31.0,0.0,425.51691494801,0.9543173235428044,0.04568267645719559,0.31196319286980034,0.6880368071301997,-0.6116562065590094,0.25965396334238167,0.07708588414423712,-1.1335435415594532,-2896.8324763347678
328,-422.16580974550675,0.9507024335362672,0.13684817524717136,3.0,7.0,0.0,423.65481288311736,0.866493973666447,0.13350602633355302,0.12030731147385866,0.8796926885261414,-0.323741616591724,0.10183295624772759,0.03062669364695644,0.3450665042802858,-2885.6015772811547
329,-421.6811321302081,0.9449838920345703,0.11567436399858164,5.0,31.0,0.0,425.4072447362378,0.5730992161416666,0.4269007838583334,0.8197018592397697,0.18029814076023032,0.313348676324175,-0.863852401583336,0.3911027193343357,-0.27304283344432156,-2889.0117098190585
330,-421.68276418831846,0.9943741485481234,0.13029595485773016,3.0,15.0,0.0,422.4906800124384,0.25072463354892055,0.7492753664510794,0.9151315915633906,0.08486840843660937,0.0637490592194821,0.05447805641076459,-0.2324802078741959,0.32735718867713665,-2883.5342967637707
331,-422.04369461977495,0.97569276996962,0.13654881912275205,4.0,31.0,0.0,428.39449418108904,0.2168379323363146,0.7831620676636855,0.20703328447099414,0.7929667155290059,0.5668096638854838,-0.06512781353842784,0.40894846697923243,0.2427467954251853,-2890.169332172036
332,-424.50329030835593,0.9709971841537155,0.13684817524717136,4.0,31.0,0.0,427.3296269915507,0.9685611825371082,0.03143881746289179,0.9545494715900914,0.0454505284099086,0.03324550491216699,1.087637415414528,0.25258938633174655,-0.27023916877591914,-2885.4306983876018
333,-424.22541339376136,0.894884369914694,0.11567436399858164,4.0,15.0,0.0,425.6846357025552,0.7205480302991397,0.2794519697008603,0.8692411870402955,0.13075881295970448,0.22867694659582985,-1.0922266374184162,0.566691147955749,-0.566879348594303,-2902.723333109682
334,-421.739589688595,0.6933493520343891,0.13029595485773016,2.0,3.0,0.0,424.92335256703024,0.32362465560418047,0.6763753443958196,0.9297668505983057,0.07023314940169434,0.1517665401559813,0.0067311623257687025,-0.1779246802596373,0.29004557626589045,-2883.8102832859463
335,-421.0570652473115,0.9986363558294648,0.13654881912275205,4.0,31.0,0.0,422.8912676002111,0.665640393754472,0.33435960624552796,0.6289735873712622,0.3710264126287378,-0.048511558976078964,0.13566091070349276,0.2429954597455552,0.2122262615784463,-2888.02035407218
336,-422.7625473977829,0.9819596597588268,0.13684817524717136,4.0,31.0,0.0,425.59790936420796,0.9171562180981673,0.08284378190183272,0.6786312201167753,0.32136877988322465,-0.1552113316393817,0.752889261699288,0.2670471185185984,0.1354044400238967,-2891.4299356610027
337,-421.5472100870671,1.0,0.11567436399858164,3.0,7.0,0.0,425.0180596649974,0.5667561290939809,0.4332438709060191,0.9381631287138491,0.061836871286150896,0.12332556345539998,-0.6243611539871283,0.38430068496178055,-0.1530188414947849,-2882.0800816129977
338,-424.666810784167,0.6261811097835916,0.13029595485773016,4.0,23.0,0.0,428.75870609549025,0.014062557699479837,0.9859374423005202,0.22484598469215217,0.7751540153078478,0.2374504011155111,-0.13393030056937788,-0.5633664044414359,0.17861218419690278,-2891.506404225922
339,-422.63202686789083,0.8676977788277866,0.13654881912275205,3.0,15.0,0.0,426.34726003323055,0.8707020462999229,0.12929795370007713,0.6758843462467289,0.3241156537532711,0.3781231926831626,-0.35613561121745063,-0.028731708536849143,0.26854826386604097,-2893.5668357141135
340,-421.8521539654766,0.46105779557941545,0.13684817524717136,4.0,31.0,0.0,428.9194594191701,0.4086825134737697,0.5913174865262303,0.38489068893858386,0.6151093110614161,0.3664846446319414,0.14171914436907704,0.40749476137954527,0.09176685242856072,-2894.0045945308457
341,-422.8267498779864,0.9866780826159535,0.11567436399858164,5.0,47.0,0.0,424.40869083041616,0.5838650509345051,0.41613494906549486,0.10174029598575124,0.8982597040142488,-1.2537954182593074,0.31994950304021275,0.3602702215487675,-0.16896350782358746,-2892.900226450785
342,-423.51418597673467,0.9787220809518992,0.13029595485773016,5.0,31.0,0.0,426.29190589147527,0.18534446220822282,0.8146555377917772,0.10054942913248585,0.8994505708675141,0.7683177980828574,-0.12159252037926242,-0.5410772690196728,0.40872209281312694,-2894.9536515045065
343,-424.3117146210344,0.9744050062348594,0.13654881912275205,4.0,15.0,0.0,425.1555507241953,0.9387947978207009,0.061205202179299145,0.6453024220207313,0.3546975779792687,0.036829385140804784,-0.18092486849728687,-0.01209195226384345,0.2555513969343622,-2901.0366135888967
344,-425.3730339498606,0.9108752668180874,0.13684817524717136,4.0,15.0,0.0,430.26323704559684,0.7143702474803625,0.2856297525196375,0.09828135657808085,0.9017186434219191,-1.70331372060638,0.040689886903614775,0.03855500359593317,0.4343431471271594,-2907.9826995421745
345,-422.14636103276763,0.9112358193262274,0.11567436399858164,5.0,31.0,0.0,426.09860331615596,0.389305793033469,0.610694206966531,0.056246488517843134,0.9437535114821569,-1.2492492075848036,0.1138154695369772,-0.20286305619907347,0.3358063599280317,-2884.3882917956153
346,-421.602939626524,0.9783429113868188,0.13029595485773016,5.0,31.0,0.0,425.57051107022346,0.6116073687571091,0.3883926312428909,0.30705873223821495,0.692941267761785,0.372752062172303,-0.11229422841177975,0.5372602725078661,-0.4552948339663065,-2891.1516759592855
347,-423.07088417386865,0.9590949570119182,0.13654881912275205,5.0,31.0,0.0,427.2000745157523,0.6600247601208757,0.33997523987912426,0.6181120410325605,0.38188795896743954,0.32005141729938325,-0.6088753551338734,-0.2679911950450573,0.6747160714089347,-2901.3109754283973
348,-421.04927430505154,0.9982301383706621,0.13684817524717136,5.0,31.0,0.0,427.33990292578466,0.797184854188233,0.20281514581176696,0.5410245323541188,0.45897546764588115,0.23283689191097215,-0.10036671300742944,0.266773450696518,-0.6110323876740924,-2885.8563368704754
349,-422.3213453548128,0.9984690162446762,0.11567436399858164,4.0,31.0,0.0,423.2634534600334,0.37293494192721827,0.6270650580727817,0.07908554233896024,0.9209144576610397,-1.124349354602146,0.20944482491055766,-0.3834855904387373,0.4509762227393079,-2887.7274603108785
350,-421.46946647980144,0.9659064320036548,0.13029595485773016,4.0,15.0,0.0,423.5036322900742,0.5228790330195855,0.4771209669804145,0.8620411875985442,0.1379588124014558,0.04571613668510245,-0.12589792700889124,0.3498197730184232,0.08389086805780024,-2886.98168340964
351,-427.56217087897113,0.859494878672526,0.13654881912275205,4.0,15.0,0.0,429.1851588045453,0.959443649459113,0.04055635054088702,0.8874275070800505,0.11257249291994953,0.04964469914860638,-0.7393898058468382,-0.09996960505539094,0.5018332239575741,-2914.4561823131667
352,-421.20056921636365,0.9516903433795234,0.13684817524717136,4.0,31.0,0.0,423.5776667928003,0.7964021148629683,0.2035978851370317,0.7825005916975363,0.21749940830246373,0.0733077817885793,0.10874015988367954,0.3491017457054869,-0.4009579753842271,-2884.492166340197
353,-422.90662972138585,0.9200712467600152,0.11567436399858164,4.0,15.0,0.0,424.7494464473901,0.094756793455062,0.9052432065449381,0.09111260293018607,0.9088873970698139,-0.397712756957047,0.10993664454911342,-0.40467041902595624,0.10091686790179376,-2886.8643402217504
354,-420.87894566582963,0.9181822395202937,0.13029595485773016,4.0,15.0,0.0,423.62844019691113,0.5441469065525313,0.4558530934474687,0.448901410796366,0.551098589203634,-0.11572721304886374,0.17361559885141165,0.06017305279088685,0.03960204406392469,-2888.0077341432625
355,-429.8233195971612,0.7823835088416374,0.13654881912275205,4.0,15.0,0.0,433.89740842255196,0.954637242728776,0.045362757271223964,0.9788902887794323,0.021109711220567706,-0.08058413535672934,-0.22719620103627625,-0.09752870921529433,0.5614518509609517,-2920.2992569740904
356,-421.96465975506175,0.9967112042375256,0.13684817524717136,4.0,31.0,0.0,423.9035026254647,0.8041210195759578,0.19587898042404217,0.9344574774218528,0.06554252257814719,0.048722636336614125,0.6973498380697409,0.1806400486149333,-0.1349458835873401,-2882.303108326324
357,-423.44098332836217,0.9793795129769127,0.11567436399858164,4.0,31.0,0.0,426.68381117627604,0.15646646140426496,0.843533538595735,0.020309780275582688,0.9796902197244173,-0.9536800953113077,0.1139556867838113,0.18434298592153261,0.08743814418524844,-2883.1466551092153
358,-421.5266994001031,0.9941323008109436,0.13029595485773016,5.0,31.0,0.0,422.1913013249842,0.8341392926198111,0.16586070738018888,0.4835863030940088,0.5164136969059911,-0.09573729616840856,0.4027567491233338,0.25811533054042146,0.15209883020235335,-2888.330893363746
359,-425.80588339735345,1.0,0.13654881912275205,2.0,3.0,0.0,429.6335824094364,0.9600279925543224,0.03997200744567764,0.9739843605884423,0.02601563941155771,0.011363985524071724,-0.2621273594912063,0.007256765217206959,0.5407405542595023,-2893.1401600448726
360,-426.5356361696012,0.9083812060001527,0.13684817524717136,5.0,31.0,0.0,429.05513124952927,0.3828703559321335,0.6171296440678665,0.0022743599032052824,0.9977256400967948,0.4763149499798315,-0.02569223534440955,0.18924882742350538,-0.04376842884831457,-2894.151963916568
361,-422.8973391169128,0.9869081612077922,0.11567436399858164,4.0,15.0,0.0,425.3428462415283,0.832648784170297,0.16735121582970303,0.06548386378589394,0.9345161362141061,-1.467843724077902,0.14889051050803337,0.040792627024717275,0.7117183795470274,-2886.041087993263
362,-422.24972245784204,0.979480139023374,0.13029595485773016,4.0,31.0,0.0,425.72743944387946,0.8902700626617768,0.10972993733822323,0.4285920266440489,0.5714079733559512,-0.23040359674183025,0.18882400019282733,0.30340228177360035,-0.0713441543560371,-2890.8515262348133
363,-422.0598576902056,0.9835180047454979,0.13654881912275205,5.0,31.0,0.0,427.6217418924825,0.43922213632896245,0.5607778636710375,0.8662696814182472,0.13373031858175277,0.13119004375596627,0.6062876164467446,0.228701880008357,0.22787237979027952,-2890.4953488261494
364,-427.4940585532977,0.984537649181559,0.13684817524717136,5.0,31.0,0.0,431.22815370797275,0.5156414436472974,0.48435855635270264,0.9884142545512525,0.011585745448747464,0.14136613842611065,1.3146851096273307,0.7319609450191477,0.018920797220106596,-2910.5936609129476
365,-420.6088634403831,0.925328753756564,0.11567436399858164,5.0,63.0,0.0,425.0760565888504,0.291943689328319,0.7080563106716811,0.30301125368084986,0.6969887463191502,-0.4071557924259308,0.30776619807181155,0.4356503170479329,-0.04111765450321725,-2883.441901356862
366,-423.42497900888196,0.9206904723410657,0.13029595485773016,3.0,15.0,0.0,427.31757494926103,0.8996317892430415,0.10036821075695845,0.48943127344331605,0.510568726556684,-0.28928653895276785,0.11188780364541616,0.27222387615981786,-0.23203708515683147,-2898.5323785475816
367,-422.379201123789,0.9696372366578598,0.13654881912275205,3.0,15.0,0.0,423.1414045720292,0.36220733676560873,0.6377926632343913,0.9039384206488758,0.09606157935112425,-0.10513514915240817,0.678910369038283,-0.09728187684420263,0.1910931745963799,-2890.242225311361
368,-424.1101507767741,0.8993708989137603,0.13684817524717136,3.0,7.0,0.0,429.8527211911752,0.2344431401129954,0.7655568598870046,0.9731690188484373,0.026830981151562683,-0.0831718591513273,1.2181532337940084,0.36267682697744374,0.040244973717403335,-2891.1999753278
369,-421.31412867341635,0.9982958863916468,0.11567436399858164,5.0,31.0,0.0,421.93403025618494,0.16115209845113174,0.8388479015488682,0.2998578317230239,0.7001421682769762,-0.25645777592177266,0.21188638346867342,1.0701227983176729,-0.03653819941842641,-2884.6435955697366
370,-423.26126155232487,0.9908109670854587,0.13029595485773016,4.0,15.0,0.0,425.601271290599,0.8782339233922563,0.12176607660774375,0.4496973572848149,0.5503026427151851,-0.382998543104055,0.15004854563668643,0.19925191860573038,0.2910269215554592,-2898.4429864062713
371,-421.632552296056,0.9442450101101537,0.13654881912275205,3.0,15.0,0.0,424.9837067163335,0.47721360835362786,0.5227863916463722,0.8843780711709088,0.11562192882909117,-0.11542706148063847,0.9157624708293869,0.10478873388554563,0.24758786303067043,-2886.394149214867
372,-423.36049599390896,0.9985639889584622,0.13684817524717136,4.0,31.0,0.0,425.90982742796484,0.6543719078894782,0.3456280921105218,0.9675537367952336,0.0324462632047664,-0.01700296717770361,1.1455472577368586,0.3661303554509674,0.040748267533527754,-2889.043168576809
373,-422.8154166405705,0.7888688065250268,0.11567436399858164,4.0,31.0,0.0,425.1823052866409,0.12537823365176964,0.8746217663482303,0.1722998786946042,0.8277001213053958,0.579749666840548,0.04553164003664386,0.8167167917773354,-0.09538399393354999,-2891.1071069075574
374,-422.91733227543165,0.9203075392391897,0.13029595485773016,4.0,15.0,0.0,426.6623163575637,0.8287297166044045,0.17127028339559547,0.05964927635027002,0.9403507236497299,0.12032322015309083,-0.0003368930402469217,0.035545798158667166,0.9460734606644431,-2887.236777942639
375,-421.60910925216365,0.9021902457092228,0.13654881912275205,3.0,15.0,0.0,423.6000503106369,0.7515386430370118,0.2484613569629882,0.8341086980803823,0.16589130191961765,-0.11925105930225482,0.8087416875966468,0.23482157977668744,0.1661801773452965,-2886.4698853831933
376,-421.52193958086957,0.9990965978639036,0.13684817524717136,5.0,31.0,0.0,425.01578413814,0.14008896877758853,0.8599110312224114,0.6405106499249782,0.3594893500750218,-0.19963214282197156,0.4839699848254899,-0.44068448655732667,0.33495861059657067,-2886.505121424469
377,-423.3168299690065,0.9973447686610286,0.11567436399858164,5.0,31.0,0.0,424.09564112142493,0.17349252423609515,0.8265074757639048,0.9224564675912336,0.07754353240876644,0.18320252184961994,-0.504573286731758,0.9409535626730983,0.1525411759454296,-2891.4995260191613
378,-423.3511904384353,0.9543405842867277,0.13029595485773016,4.0,31.0,0.0,426.8765052725274,0.8496495193087452,0.15035048069125478,0.11867168839472751,0.8813283116052725,1.4341391817203206,-0.07952119827036033,0.11343376087913201,-0.18226500513843857,-2892.775236387438
379,-422.2820249548049,0.9575660557915371,0.13654881912275205,5.0,31.0,0.0,423.85627730738287,0.7724896329139757,0.22751036708602435,0.1921338307290374,0.8078661692709626,0.17723784258536818,0.20128984562329633,0.21877055288726865,0.29323839040316335,-2891.9641054811555
380,-420.9006593641009,0.9885109427640743,0.13684817524717136,3.0,15.0,0.0,423.8024814226526,0.18105047920779488,0.8189495207922051,0.5491277486274623,0.4508722513725377,-0.28326673740997704,0.44828061874630415,-0.39959322907707234,0.27898267156140455,-2884.202757038976
381,-421.8652869430799,0.8682202240974,0.11567436399858164,4.0,23.0,0.0,427.9405825446238,0.2136020274725641,0.7863979725274359,0.570362375547937,0.429637624452063,0.13075535557195933,-0.18307997680688876,0.10563732227883665,0.3010150981027765,-2891.9732588029688
382,-424.6626854975679,0.9117005347861337,0.13029595485773016,5.0,31.0,0.0,427.2314704570609,0.8970606728361962,0.10293932716380383,0.5383753452154014,0.4616246547845986,-0.21475699798444658,0.7382252279627932,0.29616955870747025,0.37397491630375324,-2906.6860352501976
383,-420.8177854111066,0.9427301004870172,0.13654881912275205,3.0,7.0,0.0,424.0233316236123,0.3515564094432937,0.6484435905567063,0.38465712875973246,0.6153428712402675,0.13458860773205097,-0.09230224386191851,-0.14413628253588479,0.2709671283970252,-2886.6344487132037
384,-423.88398389706146,0.9458456280654055,0.13684817524717136,5.0,31.0,0.0,426.48103110521873,0.6622656562694694,0.3377343437305306,0.026497978357851903,0.973502021642148,2.147501610170225,0.13317803198053307,0.09431778465766591,0.3984921985334646,-2888.3342479033604
385,-420.89623961284843,0.9959082053582715,0.11567436399858164,3.0,15.0,0.0,423.8168538061519,0.5032699085937451,0.4967300914062549,0.5405548299630903,0.45944517003690966,0.09714273709005447,0.17059419864260775,0.6068202662516453,-0.2266134517453523,-2887.854390835752
386,-423.3798780451501,0.8859533040043488,0.13029595485773016,4.0,23.0,0.0,428.94980039320706,0.7129378756236395,0.2870621243763605,0.9092515051611927,0.09074849483880731,-0.000640650841032625,0.9364455791139279,0.021542973112407063,-0.10752706406029704,-2895.6449691353555
387,-422.12571906740664,0.9819051886395572,0.13654881912275205,4.0,23.0,0.0,423.2838983971005,0.08254066048378776,0.9174593395162123,0.8061445517086704,0.1938554482913296,-0.060987132978350414,0.5164158325718733,-0.7943210497149812,0.17654309746239297,-2884.4880078833385
388,-421.51345983154175,0.9962389268181517,0.13684817524717136,4.0,15.0,0.0,424.17953968025995,0.5102677260421219,0.4897322739578781,0.14057800664691217,0.8594219933530878,0.8604905754977704,-0.1367398894508255,-0.1011231584248071,0.33700096697346654,-2886.7708844956637
389,-420.89367457916086,0.9943994467432229,0.11567436399858164,4.0,23.0,0.0,421.88336833202976,0.5066941022346145,0.49330589776538547,0.589353582463879,0.41064641753612097,0.09776751219133338,0.19193593750304094,0.5554213845054562,-0.2892762130090072,-2887.673999352098
390,-422.17643549879267,0.9920516026254002,0.13029595485773016,5.0,31.0,0.0,424.61512023264817,0.078066971677315,0.921933028322685,0.8139105741660799,0.18608942583392007,-0.03054467398090297,0.8253225906272936,0.6607375682668166,0.15952084156386614,-2884.0881154538592
391,-424.05317762199684,0.9954805096789118,0.13654881912275205,4.0,31.0,0.0,426.2676013436758,0.45314253256681547,0.5468574674331845,0.02549825076944881,0.9745017492305512,-0.3816587003380405,0.1770625220231115,0.6680980503820968,-0.04706787821645441,-2893.5543065618217
392,-422.15589663576566,0.9646635263890763,0.13684817524717136,4.0,15.0,0.0,423.88670571168143,0.6271596516459575,0.37284034835404245,0.04147677030828412,0.9585232296917159,0.9937514600318357,0.04510211628641624,0.40264570692031015,-0.2487838333868906,-2882.7862604444845
393,-423.0416669686438,0.8799257667291304,0.11567436399858164,4.0,15.0,0.0,423.85234032310234,0.8184320124869762,0.18156798751302383,0.15193271064394218,0.8480672893560578,0.15711537551515545,0.1828402764746785,0.03970347055257564,-0.06076617284477143,-2894.889240648747
394,-420.546991346795,0.9268220606908175,0.13029595485773016,5.0,63.0,0.0,425.8530386682043,0.3430381784928359,0.6569618215071641,0.6328250163403353,0.3671749836596647,0.18960082433158787,-0.061167422072837596,-0.302346980472093,0.43386490224450475,-2884.38538801958
395,-424.82634639715167,0.967147436044654,0.13654881912275205,3.0,7.0,0.0,428.45050527611426,0.0848242636737828,0.9151757363262172,0.23363460045298493,0.7663653995470151,-0.843366899030988,0.0872362665003492,0.5380933256427868,0.10518111199925315,-2904.1792307003934
396,-424.45130900946765,0.8297529748388134,0.13684817524717136,4.0,31.0,0.0,428.0587374416166,0.9756387384795135,0.024361261520486455,0.20543105023193797,0.794568949768062,0.7242700669235235,-0.22666815723358175,0.23597184276409755,-0.19241706334410685,-2893.0763842767947
397,-423.71106077393307,0.9384282739628105,0.11567436399858164,4.0,31.0,0.0,425.7737694186805,0.7857057638884706,0.21429423611152942,0.07591137350036686,0.9240886264996331,0.2644246658109588,0.18286411192027408,0.20269168073565927,0.577438692906368,-2895.81813123543
398,-420.4154498477896,1.0,0.13029595485773016,4.0,15.0,0.0,420.6498812701296,0.4323123956003024,0.5676876043996977,0.656839150162358,0.34316084983764195,0.1807206155577713,-0.11943733860286143,-0.26098072351653223,0.3840418768703404,-2883.90473823178
399,-424.07522187484665,0.8060826127967862,0.13654881912275205,4.0,31.0,0.0,430.5128828965374,0.7388543748618868,0.26114562513811324,0.00929873855201334,0.9907012614479866,-1.7210470845829156,0.1475999364334869,0.16562467925998134,0.18533810551674476,-2883.0343879522484
400,-421.1049274261891,0.9891431418324674,0.13684817524717136,4.0,15.0,0.0,426.78048770272807,0.5614138651533993,0.4385861348466007,0.6274389057731619,0.37256109422683814,-0.19751576231130394,0.40055045815743856,0.5200149848527422,-0.35410883147990846,-2888.6544356600275
401,-421.99924425572453,0.864703540452846,0.11567436399858164,4.0,31.0,0.0,427.27574968634735,0.6200897258130825,0.3799102741869175,0.8897069040614481,0.11029309593855186,-0.01793357519088995,0.16034926777173353,0.44824639071156436,-0.1547535782586772,-2888.828041111432
402,-421.8867673304408,0.5910402630529643,0.13029595485773016,4.0,15.0,0.0,428.03285254830513,0.4423449267193219,0.5576550732806781,0.2223154615654194,0.7776845384345806,0.605101234688621,-0.21321552808166544,-0.2742150643572276,0.5005545400878619,-2891.8614645118682
403,-422.6394325240764,0.9678500790188286,0.13654881912275205,5.0,31.0,0.0,425.58783079397193,0.6113167642996874,0.3886832357003126,0.9609094504828681,0.03909054951713187,0.2224077252364398,-1.2344040629403445,0.14038429955251666,0.1693657818853654,-2885.4926897210366
404,-421.85127364924807,0.971374928570551,0.13684817524717136,4.0,15.0,0.0,424.65624898623065,0.4626070093101943,0.5373929906898057,0.07039329722441501,0.929606702775585,0.12991119497238185,0.01314048431662693,0.09000899663510915,0.2818035660920299,-2885.505111728433
405,-421.1196855523136,0.9018782193535468,0.11567436399858164,3.0,15.0,0.0,424.57420682516675,0.6020655234555183,0.39793447654448166,0.7831507698891549,0.21684923011084511,-0.08546802927307787,0.33667994069301865,0.3627402771656833,-0.268013476657339,-2886.594379888477
406,-420.70448580399307,0.9494295640039021,0.13029595485773016,5.0,31.0,0.0,424.06484459275777,0.3546622179616648,0.6453377820383353,0.46615560362093333,0.5338443963790667,0.30531380802276853,0.023184794496523067,-0.3364777870989239,0.39219775505867194,-2886.018221960004
407,-422.23621457956284,0.9533791678631762,0.13654881912275205,2.0,3.0,0.0,423.33777975153043,0.6406768458967074,0.35932315410329263,0.9603036931104418,0.039696306889558164,0.10512628044435862,-1.201142352467756,0.16708881456231217,0.11323393871067511,-2882.7004419606137
408,-422.51705340172,0.9967698037737932,0.13684817524717136,4.0,15.0,0.0,423.145712281907,0.6618813993793102,0.33811860062068977,0.0379856443953392,0.9620143556046608,0.23266989800395854,0.13690722581926412,0.01670209757914698,0.2420427848550852,-2885.329903998862
409,-422.3317321935194,0.9533336273329149,0.11567436399858164,4.0,15.0,0.0,422.974007058571,0.3880807563385739,0.611919243661426,0.860630634492029,0.13936936550797097,-0.19617683518821524,0.8784311454620521,0.3581281568928145,-0.017374322097247957,-2891.9730728220184
410,-420.88739465005506,0.9768827110246737,0.13029595485773016,4.0,31.0,0.0,422.1754755421094,0.49093438153291546,0.5090656184670845,0.3435405699284069,0.6564594300715931,0.42753132420259066,-0.1889202183849422,0.5484729950245186,-0.2507055598674911,-2887.01797329125
411,-421.40938597826766,0.8395385968874258,0.13654881912275205,4.0,31.0,0.0,424.9969202247659,0.3135466681032354,0.6864533318967646,0.822491949774464,0.17750805022553595,0.21037158731645705,-0.7830376274876613,-0.3294965296180331,0.3810981091340192,-2886.304033786824
412,-420.90731470100195,0.9735985462003425,0.13684817524717136,4.0,31.0,0.0,423.38439628079726,0.24470738111654974,0.7552926188834502,0.538997240895837,0.461002759104163,-0.2042144087218097,0.2597646267171081,0.052660901915228625,0.11165343259650459,-2886.136305562417
413,-423.12300640180365,0.99903349687007,0.11567436399858164,4.0,31.0,0.0,424.7455888871106,0.1429085772871031,0.857091422712897,0.8353708890003253,0.1646291109996747,0.10821733167994765,0.8832089327545674,0.43628268902028194,0.175322125066684,-2893.746413052025
414,-422.3327562774228,0.9365651760573095,0.13029595485773016,4.0,31.0,0.0,425.9264515233065,0.2651805652345297,0.7348194347654703,0.17971554064893075,0.8202844593510692,0.8572786816531257,0.009055397346606708,0.33567858315592397,0.24837902546711912,-2892.063856741536
415,-423.87486758715744,0.879318885150817,0.13654881912275205,4.0,31.0,0.0,426.3454643567281,0.327754743451527,0.672245256548473,0.9411941539113613,0.0588058460886387,0.07675108123866647,-1.5667699902423873,0.08457496821417229,0.3445477252712494,-2895.3497767017634
416,-421.80648194066026,0.8020444093477958,0.13684817524717136,4.0,15.0,0.0,424.70575609129924,0.2680202631725654,0.7319797368274346,0.06110055619353072,0.9388994438064693,0.9992245302904047,0.04844827037718629,-0.035744046187375006,0.21613634768300793,-2881.8354201978796
417,-423.5347074613609,0.9094290298928773,0.11567436399858164,4.0,15.0,0.0,425.3406872179417,0.1538379633783512,0.8461620366216488,0.8536119421100353,0.14638805788996467,0.04872117005680912,0.7895772364671709,0.437996431286294,0.28505440861967085,-2896.4471533522374
418,-422.867879387069,0.9985124853716122,0.13029595485773016,5.0,47.0,0.0,424.85637509827257,0.14274302021689655,0.8572569797831034,0.6372347740900904,0.36276522590990956,-0.20515665597048888,0.7733745618172747,-0.2301445127513957,0.07157179986446857,-2895.8363573243687
419,-423.2455313683474,0.9897760901806052,0.13654881912275205,5.0,31.0,0.0,425.10860354506815,0.6967735615332519,0.3032264384667481,0.9405469111624192,0.059453088837580825,0.18821601183935474,-0.8241777300247964,0.22759679543034558,-0.47533059056545685,-2892.1600176285065
420,-421.0899648130563,0.9862323018165324,0.13684817524717136,4.0,31.0,0.0,424.52447757215737,0.14136069009885888,0.8586393099011411,0.29256786120823053,0.7074321387917695,0.6044415432799228,-0.08634116572490882,-0.4227050800032253,0.2602616553616629,-2882.8034472636696
421,-421.58745302185264,0.9945739392132172,0.11567436399858164,4.0,15.0,0.0,425.2387652997586,0.7113676751861783,0.28863232481382173,0.41871709670160634,0.5812829032983937,-0.0450117505412196,0.10201742818345699,0.10441466136603711,-0.18151546440575855,-2891.4770276483014
422,-421.5171152145649,0.9157653203322579,0.13029595485773016,4.0,31.0,0.0,425.74262126524997,0.3507520255780057,0.6492479744219943,0.7914816264227968,0.20851837357720315,0.01510619858191895,0.5340236743115986,0.25226552209854275,-0.08466330261689453,-2888.7638181107345
423,-423.3790729801599,0.9921659531793113,0.13654881912275205,5.0,31.0,0.0,424.91459664853414,0.09619507224596423,0.9038049277540358,0.07656256070337893,0.923437439296621,-1.0516463820043909,0.05930866485365972,0.030724925908481707,0.185384569955093,-2888.4375020715484
424,-421.95101010871434,0.848417216530169,0.13684817524717136,3.0,15.0,0.0,426.0938030397655,0.4559544410030176,0.5440455589969824,0.09747392411135138,0.9025260758886486,1.0217483417379802,-0.024075023493588685,-0.3477875198271922,0.48575763951565265,-2887.1033241309997
425,-422.6896570340612,0.9496046889883327,0.11567436399858164,2.0,7.0,0.0,423.86362191218893,0.7942954576340661,0.20570454236593394,0.41743829931305704,0.582561700686943,0.03812161328871816,0.14910627627448136,0.052685032334337495,-0.3261119296324818,-2897.440701879432
426,-420.2669827247254,0.9450628089337958,0.13029595485773016,3.0,15.0,0.0,425.250677148417,0.3232778313547729,0.6767221686452272,0.3497006035267692,0.6502993964732309,-0.25895264960166625,0.2412753743382513,0.149667223853055,0.1804908860123065,-2882.2174667675845
427,-421.59000780216434,0.9998035418147004,0.13654881912275205,4.0,15.0,0.0,423.85557807710455,0.6909527265656955,0.3090472734343045,0.12124649097937526,0.8787535090206248,-0.8183263232408282,0.23011770375764182,0.03891865734893237,0.6169635853489206,-2885.153761471727
428,-424.4339134711709,0.9109602308475727,0.13684817524717136,5.0,31.0,0.0,424.84507535615376,0.9099156961731059,0.09008430382689414,0.07287334217066567,0.9271266578293343,1.4888729698326495,0.14796124767017627,0.13313042856879564,0.5182759269813673,-2893.8119157219703
429,-422.2579627051212,0.9860212966342538,0.11567436399858164,4.0,23.0,0.0,424.9734746522248,0.301880388768448,0.698119611231552,0.812617154578584,0.18738284542141603,0.0007571233788328541,0.9208372045672072,0.5526248143890637,-0.17577671243077536,-2892.075067331356
430,-420.7134829005126,0.9694191477013056,0.13029595485773016,4.0,31.0,0.0,421.996662479957,0.5348131277431512,0.46518687225684885,0.8320737811671468,0.1679262188328532,-0.010245805808619599,0.33960688954221985,0.20654340776990732,0.0838005706196263,-2882.8385452245698
431,-421.3418314409841,0.9621974309316356,0.13654881912275205,4.0,15.0,0.0,422.38853079317255,0.7245316387320732,0.27546836126792684,0.1567566552878728,0.8432433447121273,-0.7940359684340198,0.18772258323224292,-0.03141898858788667,0.6121877574672813,-2884.5167697381025
432,-425.376956375416,0.9832608823249326,0.13684817524717136,3.0,15.0,0.0,427.12303414697317,0.6898135837343446,0.31018641626565535,0.05435607409793619,0.9456439259020638,1.9072564008194874,-0.16336939555237726,-0.037911355512156034,0.7385805827878699,-2903.6096234646857
433,-422.7172867496696,0.9721483199604279,0.11567436399858164,3.0,11.0,0.0,424.63640361114636,0.3174311592712314,0.6825688407287687,0.8527855794793154,0.14721442052068456,-0.03926820052592152,0.5598917960069404,0.43544496050177117,0.2478584753872568,-2894.639794409191
434,-420.6099700078818,0.9058977488402684,0.13029595485773016,3.0,7.0,0.0,422.56908506188097,0.5087075895842555,0.49129241041574445,0.768993878510822,0.23100612148917798,0.09851912343357894,0.22455805571881768,0.20326693253591505,0.014169246360257681,-2883.868204991417
435,-422.18559281861644,0.9336760370422216,0.13654881912275205,3.0,15.0,0.0,424.9438002173118,0.5970807784576554,0.4029192215423446,0.14291435990914533,0.8570856400908546,-1.067547307356392,0.225824106251715,-0.18595106702361236,0.4816008135682921,-2890.750502470353
436,-424.6237604205912,0.9659173845455583,0.13684817524717136,4.0,31.0,0.0,428.489370645558,0.8014424106050679,0.19855758939493207,0.42924393550438206,0.570756064495618,-0.6923148605373486,0.36496445748642536,0.35537469598727284,-0.7686585090988655,-2909.6364323322014
437,-421.3597453096282,0.737705107527025,0.11567436399858164,2.0,3.0,0.0,427.4365365609726,0.24805381630637033,0.7519461836936296,0.8528985400733927,0.14710145992660728,0.04526617824676481,0.5852439761026031,0.3404039896055782,0.000545506333851975,-2884.314175398087
438,-421.3419235384045,0.9793150256557862,0.13029595485773016,4.0,23.0,0.0,423.5197894871425,0.6592162623390134,0.3407837376609866,0.7788335664796253,0.22116643352037468,0.2865128811315376,-0.7164825660872461,0.43094921300575045,-0.24511733166519434,-2887.3364355422345
439,-422.2682600194714,0.9306438150640205,0.13654881912275205,3.0,11.0,0.0,423.94962675067217,0.5102707773562305,0.4897292226437695,0.06126399502719415,0.9387360049728058,-0.5611380837483702,0.02373308661240272,0.0989745412252491,0.25626189115237674,-2887.2821132808576
440,-424.3026592483917,0.9462582791071791,0.13684817524717136,5.0,31.0,0.0,428.9206640906451,0.5987999460957488,0.4012000539042512,0.9954372961676758,0.004562703832324155,0.043489766720859954,0.00047319439971212074,0.0672506473628008,0.3511253182966624,-2883.7523471230365
441,-421.73870257434805,0.9182111359526103,0.11567436399858164,4.0,15.0,0.0,424.8843844676705,0.6440060371177976,0.3559939628822024,0.9002202822083729,0.09977971779162709,0.1850496085181602,-0.21068661681495887,-0.12748189233428023,0.6778565824733012,-2885.967668199987
442,-420.9668448750947,0.9908793338103045,0.13029595485773016,4.0,15.0,0.0,423.15989390668904,0.7266760319834975,0.2733239680165025,0.6415403204535443,0.35845967954645575,0.36090218645643657,-0.2723258819580394,0.0838940622213612,0.02673381286563957,-2886.4340719073302
443,-420.9229326273148,0.9608126376312085,0.13654881912275205,5.0,63.0,0.0,424.44987360424614,0.702743833601835,0.297256166398165,0.8552609717717414,0.14473902822825857,0.17939714273911372,-0.44844098929675574,0.17475926737491523,0.17674063798527276,-2882.1293292333735
444,-422.21523250706144,0.9895497123728988,0.13684817524717136,4.0,31.0,0.0,426.97368998553094,0.7595480062189061,0.24045199378109394,0.9497454658302423,0.05025453416975767,0.06775564884049624,-0.2191514239507687,0.15732157368829605,0.2837352589784703,-2883.663274502449
445,-421.599445382511,0.9583659866318862,0.11567436399858164,4.0,15.0,0.0,424.7113477168099,0.09757333749892858,0.9024266625010714,0.6275033788385465,0.37249662116145354,0.24595655182185594,-0.26268301668874516,0.0018074538929618023,0.0794132783285752,-2885.3632815153746
446,-420.60609022884427,0.9841189938674151,0.13029595485773016,4.0,15.0,0.0,422.07552075166575,0.45622122733435094,0.5437787726656491,0.4490825901370354,0.5509174098629646,0.5207561089381991,-0.09709022907980444,0.2682297936624506,0.06732708474556254,-2885.858065509823
447,-422.7938289851361,0.7066918730845819,0.13654881912275205,3.0,7.0,0.0,425.48149778208835,0.7190153828978149,0.28098461710218514,0.8044439454385776,0.19555605456142244,0.0681383536564537,-0.4521760754915573,-0.10065836811105058,0.34026690519560693,-2896.443281488695
448,-422.29907021291893,0.9999738232387749,0.13684817524717136,4.0,31.0,0.0,423.08589888267915,0.49145755054363693,0.5085424494563631,0.0684495467753522,0.9315504532246478,0.28370395166920237,0.06942541044321879,0.562295125764473,-0.32416748084834107,-2888.1089931282622
449,-421.54917778990017,0.9351771816908615,0.11567436399858164,4.0,15.0,0.0,423.9478676994671,0.1105893826710967,0.8894106173289033,0.7334055740240382,0.26659442597596184,0.3027382120287984,-0.24227066197935795,0.004952088121086348,0.13315634060043202,-2884.5194121947325
450,-420.82819948886436,0.9797410044497064,0.13029595485773016,3.0,15.0,0.0,423.0933045520843,0.5617770121551587,0.43822298784484126,0.4701180701693314,0.5298819298306686,-0.13416454179435394,0.08723707725122677,0.35006214881497844,-0.07440744454113865,-2887.562164308054
451,-422.46772779005886,0.9005999970430112,0.13654881912275205,3.0,7.0,0.0,425.81974666418364,0.28856146527168075,0.7114385347283192,0.5306519413154103,0.46934805868458973,0.4751785441831564,0.03459970046587202,0.26195508393434885,0.1411352520182247,-2897.491891909543
452,-422.34940074090747,0.8758685386215437,0.13684817524717136,5.0,31.0,0.0,428.23603600728836,0.41202717929228405,0.587972820707716,0.5108765984019452,0.4891234015980548,-0.24667264018360335,0.20689377134456008,-0.3801521822671698,0.6153681818150518,-2897.572183833063
453,-422.19299958281573,0.9304746286360459,0.11567436399858164,4.0,31.0,0.0,424.01431168210314,0.4932305072784001,0.5067694927215999,0.5068756365789603,0.4931243634210397,0.20635349203435782,0.055864019281709434,-0.2282321142321887,0.7507398848920138,-2896.679883428975
454,-421.3785307149028,0.9661517266112203,0.13029595485773016,3.0,15.0,0.0,423.05484488222186,0.28915867756722413,0.7108413224327759,0.5668860013567982,0.43311399864320177,0.06138222025948652,0.2510363150338105,0.3490123556997575,-0.09424813236292574,-2889.979676021437
455,-420.62552793607136,0.8979127504220242,0.13654881912275205,2.0,7.0,0.0,427.01205532466497,0.24596089980936403,0.7540391001906359,0.46243347430333154,0.5375665256966684,0.2475703719353465,0.01883231616725825,0.36985935205554954,0.15032597570501796,-2884.1332296496107
456,-423.2445921693945,0.9554550912386833,0.13684817524717136,4.0,15.0,0.0,424.4276968230026,0.9648222525861155,0.035177747413884464,0.3398480241490466,0.6601519758509534,0.1757076466863624,0.21409369789120608,0.0951137950656883,0.4013221468575086,-2889.7630255299605
457,-420.30864394336777,0.9739405449207272,0.11567436399858164,4.0,15.0,0.0,423.426069253755,0.6439647301474366,0.3560352698525634,0.5929392452031949,0.40706075479680515,-0.009088806961971282,0.2269386824711344,-0.0034110653396351026,0.28243112183561025,-2883.2827587453557
458,-420.52850110419183,0.9857444450920799,0.13029595485773016,3.0,15.0,0.0,422.7384415155261,0.4318865721112828,0.5681134278887172,0.39158180411831056,0.6084181958816894,-0.30489758617033547,0.2109557878168274,0.38824214350855535,0.02959104418421997,-2885.0439344434626
459,-421.1361801131028,0.9615612662356622,0.13654881912275205,4.0,15.0,0.0,422.4943912811684,0.19257160985552,0.80742839014448,0.6181145881797354,0.3818854118202646,-0.11739315812144531,0.2606219640167199,0.8427764497214579,-0.0635297585301268,-2885.588868855362
460,-422.5186442555218,0.9969247803051761,0.13684817524717136,5.0,31.0,0.0,423.7197142092544,0.09169741631813828,0.9083025836818617,0.40224882096206016,0.5977511790379398,0.005221454749602783,0.32086470831791675,-0.301802382914901,0.09502795390942262,-2891.465842177424
461,-420.1624568195719,0.9908557783829861,0.11567436399858164,4.0,31.0,0.0,422.6079609092157,0.5570448733612391,0.4429551266387609,0.3902304229013166,0.6097695770986834,0.24623381033508696,-0.07202841400635293,0.08032520283623892,0.2800195395698609,-2882.6652233609725
462,-421.4784278141917,0.9851461982219917,0.13029595485773016,4.0,15.0,0.0,422.3180737741251,0.7202777789551428,0.2797222210448572,0.8350268013201047,0.16497319867989535,-0.08539198670240147,0.5825373140714263,0.35929146047596033,-0.44715525624250113,-2886.1266604693983
463,-423.54542931307043,0.9059304553754205,0.13654881912275205,3.0,15.0,0.0,425.9781535966674,0.06074550107414671,0.9392544989258533,0.05782241542349807,0.9421775845765019,-0.08445209295414983,0.1305304134099406,1.243607704170835,0.018720848693745573,-2884.5084862710246
464,-424.19182246114417,0.9609752849170153,0.13684817524717136,3.0,7.0,0.0,425.1320604197403,0.035322756906636034,0.964677243093364,0.7286563279884373,0.27134367201156273,0.21313850454271155,0.17806083321517485,-0.460264472327143,0.05531972534268445,-2895.421587368658
465,-424.2972469888466,0.9006703449379267,0.11567436399858164,3.0,15.0,0.0,428.0018221426371,0.8637035567815827,0.13629644321841727,0.47674752857486086,0.5232524714251392,-0.2207607756714208,0.39638307165522174,-0.22555167624443662,1.196734076292422,-2905.1133075464554
466,-420.5596679925123,0.9898464346648714,0.13029595485773016,5.0,31.0,0.0,423.5954119048206,0.28491300661206775,0.7150869933879322,0.5360489067457958,0.46395109325420425,-0.24015673287263176,0.45234127522092293,-0.04463082933117382,0.3118175084375489,-2884.209227887432
467,-425.8610545978097,0.9938768550604768,0.13654881912275205,5.0,31.0,0.0,428.41263558370684,0.9037589502419764,0.09624104975802361,0.9381550129413401,0.06184498705865993,0.12674432651461448,1.9082293714306102,-0.06712182057904154,0.9682525015126192,-2901.236982043342
468,-420.7771892772798,0.9941434263661741,0.13684817524717136,4.0,31.0,0.0,427.87215827997125,0.42900592824839084,0.5709940717516091,0.7105135939310622,0.28948640606893783,-0.12686585462170413,0.5384249653725336,0.06883172281666583,0.36012672810984764,-2885.604664835187
469,-427.7268389600961,0.6957647348131162,0.11567436399858164,5.0,35.0,0.0,431.2361674139141,0.995814463268891,0.004185536731108996,0.3178054109585538,0.6821945890414463,0.46722513462019605,-0.26231281188974853,0.14006401210309416,-4.020620917354968,-2891.9922127837553
470,-423.6752855038955,0.8352369707512517,0.13029595485773016,4.0,31.0,0.0,426.67658636439955,0.9487299663069689,0.05127003369303107,0.8725244926692366,0.1274755073307634,-0.024733898701591206,0.8283345544070787,0.30119820070142056,-0.16120238727153063,-2889.896570577396
471,-424.23956279369315,0.9970993882565976,0.13654881912275205,5.0,31.0,0.0,428.9640882900804,0.9631535373425484,0.03684646265745162,0.6660272385327439,0.3339727614672561,-0.1535748683857534,0.16227667857067726,0.0029495050780710547,1.292892260016989,-2895.6116254058966
472,-421.1445368375381,0.8597095867474327,0.13684817524717136,3.0,15.0,0.0,424.0365688566932,0.5376622260736564,0.46233777392634356,0.7605466505724431,0.23945334942755692,-0.112307184899111,0.30347850154657385,-0.049839458038065096,0.28386809853591605,-2887.621072753656
473,-426.75905549188724,0.8007842697251858,0.11567436399858164,4.0,31.0,0.0,437.77764885006394,0.9960354496907924,0.003964550309207615,0.092483879264057,0.907516120735943,0.7780854363400608,0.1128872691660929,0.06788589933470165,-1.7541146134919248,-2889.406924706738
474,-424.57598444326294,0.8846596210545359,0.13029595485773016,5.0,31.0,0.0,427.4114901505976,0.9486875524675871,0.05131244753241293,0.11129770412578813,0.8887022958742119,-0.04489972355271512,-0.06323460954111805,0.10681444527838194,-0.35920154324516196,-2895.8805031474676
475,-423.38301124622757,1.0,0.13654881912275205,3.0,7.0,0.0,424.5258328285842,0.9665960857514994,0.033403914248500644,0.6229353527752565,0.37706464722474353,-0.119635216562777,0.1503015685884228,0.042340274999858006,1.329477784740553,-2889.34498277567
476,-423.64520886137956,0.9647270869387898,0.13684817524717136,5.0,31.0,0.0,425.6146110722391,0.017592586368535182,0.9824074136314648,0.27543102792338037,0.7245689720766196,-0.19913348792130203,0.20275117941631687,0.8587610693004497,0.2373236783514886,-2886.517906417534
477,-426.49527636081547,0.9319145212907657,0.11567436399858164,4.0,23.0,0.0,429.86257652238146,0.9982638462961793,0.001736153703820742,0.09007270200695276,0.9099272979930473,0.8924909368994642,-0.02852113369504672,0.17591285484522623,-1.3188134285440531,-2882.709762283306
478,-422.37678959810665,0.9967728467320288,0.13029595485773016,5.0,31.0,0.0,424.9489191201455,0.7292844519000853,0.2707155480999147,0.5859945203252802,0.4140054796747198,-0.08715349438432049,0.07373267958257393,0.42490392224345547,-0.6338959751321163,-2896.1707996882437
479,-422.41391678874214,0.9123060465681567,0.13654881912275205,5.0,31.0,0.0,425.04152055272743,0.9470369490714396,0.05296305092856035,0.46766695370926314,0.5323330462907369,-0.17883522803690813,0.3913242563848941,0.18384125863950185,1.2812373554257512,-2886.048368100681
480,-424.33787366614075,0.9933103159778738,0.13684817524717136,5.0,31.0,0.0,426.41908563809625,0.016818580806405112,0.9831814191935949,0.8871957682386645,0.11280423176133547,0.09643430781644252,0.49323170038858216,0.29148491431964413,0.0667481001701152,-2886.6894556881016
481,-426.36020209181703,0.9804406676460584,0.11567436399858164,5.0,31.0,0.0,429.88826527495456,0.0036829702040719167,0.9963170297959281,0.7521622346824207,0.24783776531757928,0.19079566374655982,-0.05501436693868865,0.5491771845775667,-0.003288805651159188,-2894.5571292994246
482,-423.74435685394695,0.919696292412256,0.13029595485773016,4.0,15.0,0.0,425.55010442406365,0.8661362149779135,0.1338637850220865,0.6752495692527545,0.3247504307472455,0.3662968726359898,0.043376324031891685,0.32292794985877654,-0.8092098105743889,-2900.9839828531913
483,-422.69087467343775,0.9958339374142946,0.13654881912275205,4.0,15.0,0.0,425.9797121354717,0.9740745178746737,0.025925482125326305,0.33145610777166384,0.6685438922283362,-0.03625339233318739,0.09333682880170036,0.11466625873003958,1.2250964828946427,-2882.70755035969
484,-423.7404202799194,1.0,0.13684817524717136,4.0,15.0,0.0,425.0193523892877,0.03248250525112516,0.9675174947488748,0.9338573980545875,0.06614260194541255,0.01592977984208825,0.41886340583134507,0.22723692616776509,0.17863709138116932,-2883.7361455501673
485,-426.2724648524665,0.8425113584244281,0.11567436399858164,2.0,7.0,0.0,429.3607221677116,0.0029969892544291932,0.9970030107455709,0.7480129742287811,0.2519870257712189,-0.017660065688023002,-0.08702028464512683,0.5517707748460786,0.07810496678566095,-2892.6280436183188
486,-423.22843503004464,0.9561269945684453,0.13029595485773016,4.0,23.0,0.0,428.79573205446803,0.7112642057192342,0.2887357942807658,0.9594636510636899,0.040536348936310085,0.20778376636506987,-1.2883668313640557,0.0627890030959538,0.05057351267689093,-2888.7185915536643
487,-421.84106013571113,0.9972984511622033,0.13654881912275205,4.0,23.0,0.0,423.4879089348964,0.14338660833326958,0.8566133916667305,0.5717614179406139,0.42823858205938614,0.368689457833137,-0.3999561541435252,-0.33976236403990884,0.11363204973558871,-2889.403105629582
488,-422.6332980515623,0.9744666323537058,0.13684817524717136,5.0,31.0,0.0,425.52677904573994,0.3746611154852191,0.6253388845147809,0.13711198219809465,0.8628880178019054,-0.14831340194267284,0.07088350566383414,-0.43347460532835924,0.5936478781918733,-2894.1889122670323
489,-423.50059791145674,0.9641804739499429,0.11567436399858164,5.0,31.0,0.0,428.5000230210909,0.952278125210512,0.04772187478948797,0.1490952204265592,0.8509047795734408,0.7290516149128965,-0.12219058429175525,0.047974795321722524,0.351836125944779,-2889.242158354309
490,-423.04104178102807,0.9938414875423169,0.13029595485773016,5.0,31.0,0.0,426.05986140337546,0.9547286549888921,0.045271345011107855,0.7833843219924792,0.2166156780075208,0.20904447839328438,-0.061779011555934016,0.2450860656865069,0.15841353825627155,-2888.196623724697
491,-426.2361821735834,0.5977199348607253,0.13654881912275205,4.0,15.0,0.0,428.3496717141358,0.10986888893599163,0.8901311110640083,0.955314320037081,0.044685679962918945,-0.0986508494669896,-0.28746105858277254,-0.40751354586519223,0.10759740900598165,-2906.256772595502
492,-424.89136500865584,0.9642093058117601,0.13684817524717136,5.0,31.0,0.0,428.79047341645514,0.01449196731839492,0.985508032681605,0.2108109178820041,0.7891890821179959,-0.2909257369957929,0.1516414959703162,0.23716828596006329,0.29802054499960656,-2893.0886306985635
493,-426.3782560751899,0.8981530650030336,0.11567436399858164,3.0,15.0,0.0,430.15251373523176,0.9569684169586755,0.043031583041324484,0.051791557980331214,0.9482084420196688,1.2525756348364592,-0.06609822608582343,0.3701747058339521,-0.7500669708488756,-2900.501668597089
494,-423.1189365600819,0.9812313185317928,0.13029595485773016,5.0,31.0,0.0,426.66878097922194,0.05081873246220145,0.9491812675377985,0.8716075349992609,0.1283924650007391,0.008624442644302288,0.0032990787914626432,1.0382826190730523,0.06780522411984055,-2885.7967768165895
495,-425.66829063516434,0.997802417590331,0.13654881912275205,5.0,31.0,0.0,429.4905963650902,0.007509743145532098,0.9924902568544679,0.1955965241469405,0.8044034758530595,0.20355212486161695,-0.10602228289879581,-0.29225134836581473,0.07984137624074915,-2893.671020049954
496,-422.5337100689896,0.9674591602844562,0.13684817524717136,4.0,31.0,0.0,427.70170741035525,0.08663735478239018,0.9133626452176098,0.12185196121109866,0.8781480387889014,-0.4903058279398009,0.1607314793730781,-0.07041163829686771,0.07688267587606609,-2885.5596002463876
497,-425.6183878898932,0.9953119954742994,0.11567436399858164,3.0,15.0,0.0,429.8352156307387,0.6331344611922125,0.3668655388077875,0.013347347914520946,0.986652652085479,1.1617745858301545,0.015754499653998763,0.22697836501741975,-0.4587982711701617,-2898.68188738249
498,-426.26416797218644,0.8236183293173853,0.13029595485773016,4.0,19.0,0.0,429.66575983693974,0.2502582659436635,0.7497417340563365,0.8735442079349675,0.12645579206503255,0.12541170702363727,1.6489285591222345,0.9153870806772011,-0.14622247638277852,-2914.648381641839
499,-424.0983257101259,0.8529314038624718,0.13654881912275205,4.0,15.0,0.0,428.33797847219233,0.1830470642641728,0.8169529357358272,0.46263956213255425,0.5373604378674457,0.20166850819086474,-0.188520513539993,-0.566828173993629,0.05917484235389402,-2906.4803158252835
500,-421.9863038601107,0.9637488064049143,0.13684817524717136,4.0,23.0,0.0,425.70547797243836,0.7747166704059526,0.2252833295940474,0.17142951522357355,0.8285704847764265,-0.656844118975667,0.2695086526599497,-0.022229873155781153,0.26043542759852617,-2888.9438884028687
501,-423.0073438791414,0.9924355131133644,0.11567436399858164,2.0,7.0,0.0,426.88724885428235,0.7832568094213282,0.21674319057867175,0.030146760051180152,0.9698532399488199,1.185379741079889,0.1252332757567203,0.19623028827850006,-0.056869285253350166,-2884.118386829174
502,-421.62805537572825,0.9995246217676637,0.13029595485773016,5.0,31.0,0.0,427.1683976456387,0.09585082619384074,0.9041491738061592,0.5619388122342021,0.43806118776579794,-0.02174250946937327,0.049710554333968676,0.7000074124988142,0.06239778791927512,-2885.496947698894
503,-426.04586158899895,0.9839384281842593,0.13654881912275205,5.0,35.0,0.0,429.1057692620364,0.021738480924160856,0.9782615190758391,0.42648055713334715,0.5735194428666528,-0.019842276830386904,-0.02572273673999982,-2.0029389559913593,0.025996047024185516,-2903.228505241993
504,-422.3252312414873,0.9785051659453656,0.13684817524717136,4.0,15.0,0.0,423.33389433287226,0.7000319063779197,0.2999680936220803,0.17136226700010224,0.8286377329998977,-0.438655131142945,0.09781100167680337,0.21487401994797128,0.41563960929703864,-2892.691331236346
505,-422.4545853441563,0.9798797369106201,0.11567436399858164,4.0,15.0,0.0,423.77708355645973,0.6905098799195794,0.30949012008042065,0.04245695749129755,0.9575430425087025,1.3166756553607786,0.08052948073739244,0.3670468389620161,-0.2129246578720066,-2883.772028218908
506,-421.17242348691786,0.9481685115219116,0.13029595485773016,5.0,31.0,0.0,423.7465341368551,0.5545924529012524,0.44540754709874764,0.8156976155754968,0.1843023844245032,0.29711226083492026,-0.3518879386562757,0.26933861399267195,-0.10126417546057034,-2886.3529393652752
507,-423.112466617518,0.9896120252961415,0.13654881912275205,4.0,23.0,0.0,427.75981525005284,0.05000813625904177,0.9499918637409582,0.7586088011498867,0.2413911988501133,-0.09079579758280666,0.618761720840643,-0.9351996186378728,0.31971904710156074,-2888.8025250914175
508,-422.9137479658283,0.9936697607322226,0.13684817524717136,4.0,31.0,0.0,424.80522324421264,0.6543239787480782,0.34567602125192176,0.519007911441969,0.480992088558031,0.2799016763838449,0.18723389899961396,0.010802601444923402,0.04385613461859268,-2901.4310936425813
509,-423.7292659271018,0.968695184222478,0.11567436399858164,4.0,15.0,0.0,424.79514259814164,0.6432927700742302,0.35670722992576975,0.07671551792485373,0.9232844820751462,1.3013316202697667,-0.03373343161227797,-0.3253937177662204,0.6829293730136262,-2896.6044438933673
510,-421.22371706977907,0.9976395526671907,0.13029595485773016,4.0,31.0,0.0,424.4333491103644,0.35056794773871025,0.6494320522612897,0.8374109721359175,0.16258902786408247,0.09463651772009983,-0.4855167992534682,0.2672995862327916,0.08158388736486145,-2885.435286466528
511,-423.1152339466399,0.9926963374349982,0.13654881912275205,5.0,31.0,0.0,425.0319777796261,0.12312175868646838,0.8768782413135316,0.07768033701625744,0.9223196629837426,-0.301911087049124,0.07822216002782585,-0.937968206863166,0.2995626096502243,-2888.269945734386
512,-421.0956470235011,0.9599937585192291,0.13684817524717136,3.0,15.0,0.0,425.33404728682274,0.59919943016064,0.40080056983935997,0.42285640454834533,0.5771435954516546,0.22836370228706468,0.055708904457855285,0.029075132724895855,0.05749772047676515,-2889.1781954887533
513,-425.26957500749234,0.9931420451525889,0.11567436399858164,5.0,31.0,0.0,426.820558202341,0.9425871370877189,0.05741286291228109,0.0479128637157935,0.9520871362842065,1.85138192281706,0.10208751640718827,0.298108069659692,-0.5557226506903405,-2892.8713721352838
514,-421.81797688618747,0.9985282594824585,0.13029595485773016,5.0,31.0,0.0,422.88363477749925,0.155887099470262,0.844112900529738,0.8340433831157095,0.16595661688429053,0.18307265476291856,-0.6343983007512877,1.0488491924317207,-0.01147084455095259,-2884.819258497651
515,-422.36434832985424,0.9901129547770705,0.13654881912275205,4.0,31.0,0.0,424.5963272863378,0.2278487137559528,0.7721512862440472,0.31460225440579537,0.6853977455942046,-0.7882997214105631,0.3996119331394161,-0.14336524809208656,0.24642753565831627,-2894.2437716950403
516,-424.2234191986531,0.9512985167461024,0.13684817524717136,5.0,39.0,0.0,425.8984825244769,0.05785788902570336,0.9421421109742967,0.46239170361947923,0.5376082963805208,0.015371895275349264,0.3580911954159147,1.848977071606607,0.18927536805894066,-2897.6251936783856
517,-425.42723827714514,0.9269745052103433,0.11567436399858164,5.0,31.0,0.0,429.6871767808554,0.8473518208732231,0.15264817912677686,0.10157160064643296,0.898428399353567,0.8070864845884949,0.11251545322535556,-0.014370502488454562,-0.29776773437784526,-2907.431126137604
518,-421.3374311416387,0.9796658065392061,0.13029595485773016,5.0,31.0,0.0,423.7408374022567,0.9141389252635025,0.08586107473649751,0.33055230931395013,0.6694476906860498,0.4979803653835046,-0.09453740818702575,0.131225851689292,0.6238821463365234,-2881.9253096598827
519,-420.9450976957133,0.9995329532831041,0.13654881912275205,3.0,7.0,0.0,422.5458458181467,0.3501749230186719,0.6498250769813281,0.20542230389855015,0.7945776961014499,-0.49343293133759125,0.14662462724203723,-0.055446821595489804,0.20869715701050687,-2884.7693778998696
520,-423.9138322131313,0.99263639011807,0.13684817524717136,4.0,31.0,0.0,425.50938539676247,0.029524217589493886,0.9704757824105061,0.8699013633786786,0.13009863662132137,0.022227252490078966,0.3892352856444103,1.357635791644632,0.21951167837414706,-2886.9378641567487
521,-425.9606164746783,0.9879891814803571,0.11567436399858164,5.0,31.0,0.0,428.7954854852085,0.4699505647419458,0.5300494352580543,0.03231979678714228,0.9676802032128577,1.7447973146266464,-0.06878910770308175,0.5222362998150257,-0.46564125065978934,-2905.8401638604
522,-421.47284391131814,0.9909851439536227,0.13029595485773016,5.0,31.0,0.0,422.51375343023903,0.09911143462802775,0.9008885653719723,0.6429684501860785,0.3570315498139215,-0.1530597877452531,0.6061546758345904,-0.516520573124411,0.18709300358710396,-2883.9794566691107
523,-421.4252676842023,0.9155953362824522,0.13654881912275205,5.0,31.0,0.0,423.3029905747877,0.9045101085579518,0.09548989144204822,0.35546197326674184,0.6445380267332581,-0.0503243108690315,0.15705738246849776,0.24465981600684264,-0.11582138786702646,-2883.919120773318
524,-423.6846840697682,0.8506791623595098,0.13684817524717136,3.0,15.0,0.0,427.61434780269457,0.07659168806392383,0.9234083119360762,0.8692602446446461,0.13073975535535387,0.06652114718174498,0.5490987537789849,1.6375329352100945,0.1567258191132045,-2890.789017474459
525,-428.155664389128,0.9913672926506083,0.11567436399858164,4.0,15.0,0.0,431.13577711242175,0.355324951106093,0.644675048893907,0.6315690543891929,0.36843094561080714,-0.40913422734281424,1.1558811495027044,-0.5160373558008111,0.27952936846602455,-2935.746931697398
526,-420.5978243040324,0.9997803925563317,0.13029595485773016,4.0,15.0,0.0,421.62223907355155,0.21159642685779426,0.7884035731422058,0.6273066625213535,0.3726933374786465,-0.05816947039132303,0.2793448413729231,-0.30934410399137763,0.22664768333813404,-2882.779838953622
527,-422.31899749101683,0.8699519074424228,0.13654881912275205,3.0,15.0,0.0,424.977625957193,0.8473795019304671,0.15262049806953293,0.15847296326450774,0.8415270367354922,-0.19206312833479514,0.14980915959314037,0.1174234349327317,-0.45107016432433317,-2888.991175896713
528,-422.1471007519222,0.9742327804228709,0.13684817524717136,5.0,39.0,0.0,426.52931181660114,0.4176397829013432,0.5823602170986568,0.9648533234356992,0.035146676564300816,0.06972201441940419,0.5229723059610171,0.2896610555159733,0.10094609752471193,-2882.6251873633382
529,-427.9390598793457,1.0,0.11567436399858164,2.0,3.0,0.0,429.1208041274236,0.35774672921187234,0.6422532707881277,0.6650864760887256,0.3349135239112744,-0.38153996846379773,1.1816421715242673,-0.4951324031454198,0.24077317467657067,-2933.9724418583587
530,-424.3189151477638,0.8016686046157695,0.13029595485773016,4.0,31.0,0.0,427.79039393191715,0.5023222786196584,0.4976777213803416,0.6297109655381319,0.3702890344618681,0.22305009473319853,0.19261876988749277,-0.28745639166184545,0.16656700889507808,-2911.2871384776545
531,-422.1187907320965,0.8225141065671785,0.13654881912275205,3.0,7.0,0.0,424.53355107891707,0.7141575277443095,0.2858424722556905,0.2073505119367949,0.7926494880632051,-0.04463020198540212,0.18651372007906392,0.0859648068303919,-0.16053111748542512,-2892.38326184686
532,-423.70019492474677,0.92456355688042,0.13684817524717136,4.0,15.0,0.0,424.6389872220261,0.5312786047068516,0.4687213952931484,0.9807164357935394,0.0192835642064606,0.14472019472072328,0.2981745382907246,0.47337487951464463,-0.34743363775736974,-2889.411623553627
533,-422.00212617978275,0.9871880245837741,0.11567436399858164,3.0,7.0,0.0,430.1527360597601,0.2260056974870305,0.7739943025129695,0.7402789843935675,0.25972101560643246,-0.07790721866960959,0.2757345543588525,-0.573586917631573,0.22516427216602147,-2891.2557542475693
534,-424.4730614341593,0.9980750477964345,0.13029595485773016,3.0,7.0,0.0,426.59450870282296,0.2957258930092954,0.7042741069907046,0.36126937191853337,0.6387306280814666,0.0756948502212164,-0.013047767279950079,-0.18554983941562944,0.6182168668522818,-2910.8239920997466
535,-420.60161151431635,1.0,0.13654881912275205,4.0,15.0,0.0,422.68713622800294,0.7377660087192839,0.2622339912807161,0.6492034738780463,0.35079652612195367,-0.06900833265779874,0.5507585913458237,0.2083108158076291,-0.0013136153095553577,-2883.542073738814
536,-425.57525204311577,0.9670483623284851,0.13684817524717136,4.0,31.0,0.0,429.8708520464688,0.7273133780028332,0.27268662199716676,0.998418144873046,0.0015818551269539682,0.05170095763058297,-0.9410805357075503,0.1767674793915171,0.026721187029179652,-2883.239365187564
537,-421.3718055998901,0.9895831464689234,0.11567436399858164,3.0,7.0,0.0,423.11110757150794,0.31224420510130446,0.6877557948986955,0.848458180261879,0.15154181973812098,0.015051470258570607,0.3818716599233557,-0.43622631467951456,0.34179675861713854,-2885.546494563904
538,-422.0927373618102,1.0,0.13029595485773016,3.0,15.0,0.0,425.1427739673529,0.4042513115071554,0.5957486884928447,0.2140660506665369,0.7859339493334632,0.11439439987092312,0.1106673695931962,-0.36911988041286536,0.25547719891759435,-2893.3711361636856
539,-421.4950627567484,0.9396088275314085,0.13654881912275205,4.0,15.0,0.0,422.2926880867506,0.29257035570523765,0.7074296442947623,0.8642448553546713,0.13575514464532867,0.05337630443248709,0.6830461566559441,0.13173263920223177,0.05856403323440884,-2885.4786671804386
540,-423.4225171644189,0.8974814217005923,0.13684817524717136,5.0,63.0,0.0,430.17712348255577,0.24358779195516556,0.7564122080448344,0.033492994690381056,0.966507005309619,-0.7499804330775708,0.07501447481558185,0.7053974674426701,0.12119192928897271,-2888.5852055970554
541,-425.1717897721672,0.9765010207408047,0.11567436399858164,5.0,31.0,0.0,428.1708026376987,0.4836493255384124,0.5163506744615876,0.9977485449714424,0.002251455028557614,0.054035473596262214,1.7422248367402688,0.3522858792581854,-0.04398882217700706,-2882.5403394468754
542,-422.4376611207386,0.9465482443037974,0.13029595485773016,4.0,15.0,0.0,427.4651706089491,0.7790174299205176,0.2209825700794824,0.05397254220905731,0.9460274577909427,0.5597959861254984,0.11888683016131925,0.18188817896656378,0.27328205813440154,-2885.017742726709
543,-421.92472978852464,0.995758288612486,0.13654881912275205,5.0,31.0,0.0,423.40953563467815,0.4485572077447937,0.5514427922552063,0.1266554765831287,0.8733445234168713,-0.38236549897290434,0.11226537800788539,0.6328753107042084,-0.2983366221225615,-2889.134389125982
544,-420.8904475177896,0.9689948051580137,0.13684817524717136,4.0,31.0,0.0,424.6487689652965,0.33764798882462227,0.6623520111753778,0.1680488040050556,0.8319511959949444,-0.5136236360581412,0.14849516138096264,0.10339495853081002,0.19956973120093813,-2883.18106078135
545,-423.3164002462084,0.824107797284035,0.11567436399858164,5.0,43.0,0.0,432.68702326537897,0.419006662879514,0.5809933371204861,0.5552609308742795,0.4447390691257205,-0.012189696553565527,-0.18913652683463125,-0.1860386739837141,0.558040460301808,-2904.4153637485406
546,-423.3404482222769,0.7484799187386015,0.13029595485773016,3.0,7.0,0.0,427.9746606372682,0.7767781554168697,0.22322184458313032,0.06460187777408766,0.9353981222259123,0.5052615811710395,0.1631543264609437,-0.024796475215128982,0.2749590033294809,-2892.534089807744
547,-423.23332681997925,0.9480169208596041,0.13654881912275205,5.0,31.0,0.0,426.91301114380684,0.3784318166214907,0.6215681833785093,0.9718835627351328,0.028116437264867233,0.11828512991536327,1.8138268903379333,-0.21217706181651277,0.39073494856039886,-2885.7042062956025
548,-424.76507979393614,0.9507077096610765,0.13684817524717136,4.0,31.0,0.0,425.868791837572,0.9806389606862186,0.019361039313781414,0.06816117894733055,0.9318388210526695,-0.9228014227743695,0.10425407135263902,0.07133764469149623,-0.2232350495672492,-2886.9574146088894
549,-424.3982915943235,0.9107414580253007,0.11567436399858164,4.0,15.0,0.0,426.1035139524576,0.29482596669399075,0.7051740333060093,0.4351018504382836,0.5648981495617165,0.527054277317106,0.09804376439060597,0.26854870094256633,0.3066701180633048,-2910.704473750354
550,-422.9974271225082,0.98942161537483,0.13029595485773016,4.0,15.0,0.0,424.97452329944645,0.5100076875463243,0.4899923124536757,0.02505335082636598,0.974946649173634,0.5891941992484753,0.05646630271612286,0.2530844949093406,0.22280042449986437,-2886.3406662924244
551,-424.80565499552233,0.909876037320891,0.13654881912275205,5.0,31.0,0.0,427.9832649643751,0.5171712671954484,0.48282873280455163,0.009475053274174111,0.9905249467258259,0.1935228143934492,-0.05410421238903425,0.3879543313583743,-0.13428151019405812,-2892.439140076039
552,-422.20614400502177,0.9760516913915308,0.13684817524717136,4.0,31.0,0.0,426.25275379896885,0.3678819895197328,0.6321180104802673,0.6396774827177143,0.3603225172822857,0.2951415588179248,0.15241530476096227,0.33368422545762966,-0.05864100014879604,-2896.0887273496633
553,-426.5277510325968,0.9619734967454928,0.11567436399858164,3.0,7.0,0.0,428.8167598137479,0.20466894178974818,0.7953310582102519,0.5762864809311372,0.4237135190688628,0.7689794101845141,-0.3365940212713096,0.3400275505389085,0.30416809055025995,-2923.2822450772505
554,-423.03788169308723,0.9957320663894844,0.13029595485773016,4.0,15.0,0.0,423.99054016608443,0.428314642036205,0.571685357963795,0.019367788169448383,0.9806322118305516,0.41768503619163594,0.03783763983825232,-0.10428215910366245,0.23455493724445853,-2884.9334541586045
555,-426.98612779419267,0.9905318148205731,0.13654881912275205,5.0,31.0,0.0,431.62090963606437,0.15707663403060046,0.8429233659693995,0.9978090583756187,0.0021909416243812707,0.13940770417389917,-1.4234632011565305,-0.8880295171953166,0.2554429516196152,-2890.7309633813124
556,-421.0432221553187,0.9758694210246418,0.13684817524717136,4.0,31.0,0.0,425.75600194420963,0.49525709161390313,0.5047429083860968,0.3378616525955823,0.6621383474044177,0.29706482634402853,0.02990834538585173,0.432149585947599,0.0932305491405388,-2888.297334802711
557,-425.6470624298971,1.0,0.11567436399858164,5.0,31.0,0.0,429.20882767367596,0.8795663040430228,0.12043369595697717,0.004889869383328974,0.995110130616671,-1.0203736351996735,0.07550839019839992,0.101350390693251,-0.2957346521657269,-2886.9824395762366
558,-422.10698624665713,0.9956817156346995,0.13029595485773016,4.0,15.0,0.0,423.75284100806664,0.24791750440365218,0.7520824955963479,0.09181193868715315,0.9081880613128468,0.28834841319704296,0.027734092022505305,-0.19130734521900017,0.14177109774168925,-2886.927248565967
559,-423.1877921883323,0.9731424498181156,0.13654881912275205,4.0,15.0,0.0,427.92092825631966,0.27774613448858915,0.7222538655114108,0.97178490378821,0.02821509621178997,0.1685488210928122,-1.7103620068634864,-0.163187265382895,0.21243908518133958,-2884.7245998287126
560,-423.0485393975186,0.9623478127058089,0.13684817524717136,3.0,15.0,0.0,424.61825706479874,0.16764658587849196,0.8323534141215081,0.21913130477132045,0.7808686952286795,0.5140769111000393,-0.1056231096551137,0.4191560314059579,-0.10177935728656742,-2896.118029457987
561,-420.42607153114676,0.9954868759248346,0.11567436399858164,5.0,31.0,0.0,426.4504050119995,0.6047030689171171,0.3952969310828829,0.2940986315445305,0.7059013684554696,0.09977414948650529,0.02077108425388869,-0.03521226563118166,0.39104739105098457,-2883.3125810054735
562,-422.01560674522017,0.9895763344104023,0.13029595485773016,4.0,31.0,0.0,423.89176731269765,0.3595173277115562,0.6404826722884438,0.9299549922889545,0.07004500771104549,0.12957872907394155,0.11197775967493655,-0.044393334646378554,0.3816760980526055,-2886.0167895686695
563,-422.2524881727053,0.9758427526404947,0.13654881912275205,5.0,31.0,0.0,424.2929263365726,0.6603316857235632,0.33966831427643684,0.34876465615915725,0.6512353438408427,0.15032376730822467,0.30756921425082917,0.14837678137755864,0.07375833235499109,-2896.1272822574333
564,-421.43247221198203,0.99588477733592,0.13684817524717136,2.0,3.0,0.0,423.47087829973873,0.19855844670714384,0.8014415532928562,0.2414890211342625,0.7585109788657375,0.4919177888453579,-0.08493868294162146,0.4012473728496963,-0.03026163109065043,-2886.3761080825766
565,-420.53974794261796,0.947129730271332,0.11567436399858164,3.0,15.0,0.0,422.8733132342576,0.24045142859848637,0.7595485714015137,0.3540662209928651,0.6459337790071349,0.37303675990218854,-0.013562511077918206,0.034904690762371675,0.14613455664469996,-2882.9096037112263
566,-423.5418352970621,0.734408415389539,0.13029595485773016,4.0,31.0,0.0,428.1956937206621,0.2280766961882024,0.7719233038117976,0.8963517301417142,0.10364826985828579,0.06736678591960102,0.12143661576296864,-0.4961678936556213,0.11576730991622779,-2897.0701410862293
567,-422.35088473784947,0.982745477537006,0.13654881912275205,4.0,15.0,0.0,424.0921611222148,0.8427180747604501,0.15728192523954987,0.5980870908505764,0.40191290914942357,-0.035145967960897376,-0.08781587297892987,0.1693042606733972,0.2784077206780416,-2893.590421057418
568,-421.0666615410522,0.9999265843058569,0.13684817524717136,4.0,15.0,0.0,421.6795657181445,0.40587730759726487,0.5941226924027352,0.2588070959121002,0.7411929040878997,0.48433507695675,0.0008874882942133053,0.3524915233908736,0.1763553906353682,-2887.0574938083846
569,-420.131823906348,0.9984641867117332,0.11567436399858164,4.0,31.0,0.0,421.18465813465224,0.5799928111659705,0.42000718883402954,0.4934692793618592,0.5065307206381409,0.1942862379543911,-0.08571184759114972,0.10639902300955634,0.245150282947349,-2882.734567183852
570,-425.2309835478551,0.9292372504247993,0.13029595485773016,3.0,15.0,0.0,430.6472898211272,0.027282797339674866,0.9727172026603251,0.4616307553515583,0.5383692446484417,0.49935928375408084,-0.4064843065789795,-1.1208459140771396,0.02053079868330207,-2901.2621141324976
571,-421.6067917495256,0.993028412843221,0.13654881912275205,4.0,31.0,0.0,423.9616591393971,0.09320682964902073,0.9067931703509793,0.7389136108450363,0.26108638915496374,0.040417354806930615,0.020977302171857466,0.6279576430625405,0.10263874371280873,-2883.5710909257796
572,-423.39267172233855,0.9603124345451084,0.13684817524717136,4.0,31.0,0.0,424.4393950771029,0.5697800548764891,0.4302199451235109,0.09412922835980544,0.9058707716401946,1.3141482060850778,0.10063076882372007,0.5786737676315854,-0.2239363456036073,-2896.14200719187
573,-420.7644363129438,0.9943711831890095,0.11567436399858164,4.0,23.0,0.0,421.3132300976743,0.629883566812128,0.370116433187872,0.5117682277722954,0.48823177222770464,0.4414084371254134,-0.3323502280157415,0.33895207514104086,-0.32792659790376,-2886.443291429151
574,-426.3118554115261,0.9697638968763802,0.13029595485773016,4.0,15.0,0.0,429.42072620873637,0.008240546700864387,0.9917594532991356,0.7350971615189075,0.26490283848109253,0.2861607851411603,-0.4796253157898913,-1.2201325892658699,0.3439586129684122,-2898.69359329883
575,-420.9578661163507,0.9488361505369619,0.13654881912275205,4.0,27.0,0.0,425.15206076497253,0.5049487961873682,0.4950512038126318,0.5281388929282171,0.47186110707178286,-0.13052984793941863,0.5710078727994575,0.054942262792311944,0.21495329663328583,-2888.3602188223626
576,-421.7955678674302,0.9936797571833446,0.13684817524717136,3.0,11.0,0.0,425.0127732301909,0.44202644776645705,0.557973552233543,0.07439836409336657,0.9256016359066335,1.0900404608033458,0.07339771304961859,0.39590070564233404,-0.11662275479200833,-2884.330569140138
577,-421.03610631058876,0.9017837498985999,0.11567436399858164,4.0,23.0,0.0,422.84359927012594,0.4744919730597354,0.5255080269402645,0.2387849531266202,0.7612150468733798,-0.01861483293735025,0.12170243453164059,0.0870618141212724,0.024767419651542465,-2887.022100099514
578,-425.72111684384663,0.997425042423785,0.13029595485773016,3.0,7.0,0.0,428.5556834236299,0.004787142773514348,0.9952128572264857,0.6125482693775972,0.3874517306224028,0.31056712436952744,-0.5562436359925714,-1.2974951153426952,0.09569427498995267,-2892.096783417129
579,-420.2206561007783,0.9436986249028267,0.13654881912275205,5.0,31.0,0.0,422.6477142022713,0.5520081589656038,0.44799184103439615,0.6749154985561568,0.32508450144384315,0.32748568739503336,-0.3325900978187414,0.03173545681364018,0.2617322436023791,-2882.404044654237
580,-422.05134236947885,0.9848942784053583,0.13684817524717136,4.0,31.0,0.0,425.7846491125228,0.7829733264348228,0.21702667356517724,0.0770535802504568,0.9229464197495432,-0.1149484209400371,0.028155162143024826,0.20809517163321167,-0.08055924582244534,-2884.8688264898337
581,-420.52447649577437,0.9765372397712156,0.11567436399858164,3.0,15.0,0.0,422.45917332706324,0.4051474548064081,0.5948525451935919,0.2536525572080863,0.7463474427919137,-0.30590191631521996,0.21377617947798477,-0.00349040331358233,0.3566385663856315,-2883.323764084067
582,-424.307514904136,0.9468667177940584,0.13029595485773016,3.0,15.0,0.0,430.12937341026424,0.015065595863551967,0.9849344041364481,0.7405703628136031,0.2594296371863969,0.22157260102282614,-0.671205721881811,-1.3903398293282532,0.18938146283401336,-2888.400665450825
583,-420.5176079759414,0.9046218102401359,0.13654881912275205,3.0,15.0,0.0,422.59867543839897,0.3141826865349103,0.6858173134650897,0.31705879937420617,0.6829412006257938,0.50231545119153,-0.17083667810774786,0.1337234007074407,0.1878744333985911,-2883.371886433179
584,-420.76820213439987,0.9818168788255162,0.13684817524717136,4.0,15.0,0.0,422.9510081503392,0.6761571016077157,0.3238428983922843,0.4307074590251885,0.5692925409748115,0.1790753608599756,0.05645843841422346,0.29175381020350477,-0.37851110037522817,-2886.134294542762
585,-420.25389144289636,0.9664671227962228,0.11567436399858164,3.0,15.0,0.0,423.06207549388927,0.38359660772477816,0.6164033922752219,0.35428818426473824,0.6457118157352617,-0.3145155111627852,0.23675457196634617,-0.04585801494988323,0.2625359931721506,-2882.6655277320915
586,-426.496090925392,0.9697471910745165,0.13029595485773016,4.0,15.0,0.0,427.75733791120155,0.002635838745228447,0.9973641612547716,0.758634097791333,0.24136590220866705,0.216470117436391,-0.7242215511512579,-1.487199800687397,0.08225659022374494,-2890.9541975279462
587,-420.8026108841413,0.9359938382535238,0.13654881912275205,4.0,15.0,0.0,424.7338377999988,0.2336855846985565,0.7663144153014435,0.7126654383570141,0.2873345616429859,0.2919784161495271,-0.3576963835420493,-0.4434123153366498,0.31629766002009485,-2883.525604210791
588,-421.61169774845285,0.9254479013997212,0.13684817524717136,5.0,31.0,0.0,422.6610058870332,0.3406857186531137,0.6593142813468863,0.3305320819117754,0.6694679180882246,0.3003954623629658,0.15325266610966126,-0.3352273001301817,0.4371729244636276,-2891.2953475937825
589,-421.9275354672257,0.9280111501782143,0.11567436399858164,4.0,23.0,0.0,422.48303643452533,0.6810585698441294,0.3189414301558706,0.9237995156636892,0.07620048433631077,0.03453682169601122,0.7252253527165862,0.10990427152846531,-0.021955686581778676,-2885.228253434323
590,-425.3965936074048,0.9580867409082319,0.13029595485773016,5.0,55.0,0.0,430.25879850842506,0.9898390255902668,0.010160974409733181,0.1253311425627312,0.8746688574372687,0.009746570360378612,0.07046177020324938,0.2874117670457217,-1.2103425087664803,-2890.152307091706
591,-422.80357174481327,0.8991755175742318,0.13654881912275205,4.0,31.0,0.0,424.7544419684071,0.2008058049220873,0.7991941950779127,0.3107021703423104,0.6892978296576896,0.6463081469145916,-0.1805774145311006,-0.8424787432026254,0.2335993290584507,-2896.291704698838
592,-421.33982809108267,0.9571760364119506,0.13684817524717136,4.0,31.0,0.0,424.0013998683251,0.3644545477412643,0.6355454522587357,0.22927202731503712,0.7707279726849628,-0.08018568649376567,0.1464940454585864,-0.4524236578399313,0.3769128874983364,-2888.112498123
593,-420.8518913698084,0.998350450586041,0.11567436399858164,4.0,23.0,0.0,422.7528440046835,0.19536102727058596,0.8046389727294141,0.5014075669615582,0.4985924330384418,-0.3203909620460786,0.39778848845941867,0.25793578686494667,0.08546354783701034,-2884.495420316353
594,-422.2383286500497,0.998287424880711,0.13029595485773016,4.0,15.0,0.0,425.9478724400836,0.9232960125239061,0.07670398747609386,0.744820432540948,0.255179567459052,0.07634444008450708,0.10773676900364668,0.3068152498749061,-0.77183384711848,-2886.3496555450342
595,-422.84341449772614,0.9727500315482743,0.13654881912275205,3.0,15.0,0.0,426.4065755320033,0.2881656375131672,0.7118343624868329,0.06780102660870285,0.9321989733912972,1.0762231143519068,0.13105787541190494,-0.4343079643623654,0.36497568193470026,-2889.588221223099
596,-421.2287488760543,0.9816881499932459,0.13684817524717136,2.0,3.0,0.0,421.7549968713881,0.3802438581290895,0.6197561418709105,0.21684908816349643,0.7831509118365035,-0.12985503802141973,0.1458627464383598,-0.39744864734113006,0.3543718056535367,-2887.2357402430002
597,-420.4237335142114,0.9873238407483662,0.11567436399858164,4.0,15.0,0.0,421.8099506029902,0.678926747175128,0.321073252824872,0.4688461241340394,0.5311538758659606,-0.23538573954920045,0.3081222711397706,0.09572186930961177,0.09721778756310141,-2883.912543779828
598,-422.70419417461346,0.9797537152902082,0.13029595485773016,3.0,15.0,0.0,423.70671257591954,0.9492381290856,0.05076187091439999,0.5693018259336832,0.43069817406631683,0.08009598024497434,0.10631835757126841,0.05776051152456799,-0.4071250462061239,-2889.11646282337
599,-422.99252423124756,0.9987082668278192,0.13654881912275205,4.0,31.0,0.0,424.2035093567796,0.8710043510004484,0.12899564899955163,0.0888025409302053,0.9111974590697947,1.4630306068347039,-0.07741682395288818,0.1584104532838382,0.12777549798156837,-2887.5703262794086
600,-420.6035982108071,0.9993903252756567,0.13684817524717136,4.0,31.0,0.0,422.0692440999382,0.6377343441536569,0.36226565584634307,0.6169220570406284,0.3830779429593716,0.39853880139779857,-0.44873403321423294,0.12070257670453297,0.12310713061872226,-2885.004083293934
601,-422.3448710573616,0.9118291025900472,0.11567436399858164,4.0,31.0,0.0,423.58068193711796,0.09654690605947595,0.9034530939405241,0.44350898526162336,0.5564910147383766,-0.17024589024568731,0.06995938454458968,0.8789726123772545,0.028895667843106182,-2890.2432086588324
602,-422.770399457346,0.9334287070997229,0.13029595485773016,3.0,7.0,0.0,424.5727358052752,0.9029944424500701,0.0970055575499299,0.3515953081767261,0.648404691823274,0.0767150966447093,0.2304858728148059,0.3511003604813382,-0.5591942404369076,-2892.9332790356702
603,-422.65351619621015,0.9459400166134557,0.13654881912275205,4.0,31.0,0.0,425.0974897281877,0.826532626645408,0.17346737335459195,0.08859415864478343,0.9114058413552166,1.2865875470744954,0.0805190865577191,0.20256903406416507,-0.2360839928259431,-2887.2687235058893
604,-423.8467751691808,0.7267139190669101,0.13684817524717136,4.0,15.0,0.0,424.97163337334354,0.39908344457007416,0.6009165554299258,0.9599276674196905,0.04007233258030951,0.25540888391609545,-0.3405293753850056,0.650139097005326,-0.15705660674164562,-2894.9183641592244
605,-422.0338109907376,0.9206370204689676,0.11567436399858164,5.0,31.0,0.0,424.20223667159433,0.6236705173993494,0.3763294826006506,0.8023056404943881,0.19769435950561187,-0.023587828662232732,0.7049753618349318,0.18221186893696123,-0.2817999706044311,-2892.0479296544436
606,-424.86715314251535,0.9408740237790192,0.13029595485773016,3.0,11.0,0.0,426.7812761256266,0.5769812994646746,0.4230187005353254,0.7594111997438419,0.24058880025615814,-0.2215205327012005,0.4724067523249621,0.3595096739013228,-0.582995602028378,-2912.7539296657233
607,-423.3359045849114,0.6616231425020893,0.13654881912275205,4.0,31.0,0.0,429.2494391002562,0.7494978259466766,0.2505021740533234,0.8728706939988626,0.12712930600113737,0.2270935086406945,-0.2245861020953848,-0.09169515944369228,1.135256026903638,-2896.3516302801777
608,-422.88609126107076,0.9711111954611428,0.13684817524717136,2.0,7.0,0.0,425.0295725307963,0.40587235984710257,0.5941276401528974,0.8966183220388895,0.10338167796111053,-0.04477335925176201,-0.2952397912139066,0.4242564123460525,-0.03259040839264874,-2894.70509187806
609,-421.25390160366317,0.9915007191711306,0.11567436399858164,4.0,15.0,0.0,423.0364053847524,0.21410089387240686,0.7858991061275932,0.800900120955186,0.19909987904481397,-0.07717372500790398,0.7665148355729414,0.4912072410954355,-0.02375319833071854,-2884.2039065692043
610,-424.1752901025932,0.9964516317806141,0.13029595485773016,4.0,15.0,0.0,426.8925299314422,0.9007798879361568,0.09922011206384318,0.2800279164885809,0.7199720835114192,-0.03517301530957499,0.18006209043683707,0.4206205882366608,-0.2789843279452028,-2902.1063233734644
611,-423.80013745224505,0.8588313706317344,0.13654881912275205,5.0,31.0,0.0,429.32499204049924,0.20368807893118074,0.7963119210688192,0.7545171078123711,0.24548289218762886,0.28745319011630194,-0.2771277447405504,1.0764178423401458,0.16502997259319188,-2902.13336157489
612,-423.310665739396,0.9441426066581409,0.13684817524717136,4.0,31.0,0.0,427.59464355857693,0.33338625509984,0.66661374490016,0.9011947276376859,0.09880527236231407,0.35389756286461704,-0.5467896843964787,0.25365613971122064,0.11580315858989437,-2896.5964351501375
613,-422.1396478365597,0.9959169991186156,0.11567436399858164,5.0,31.0,0.0,422.6335788703792,0.9022575017631316,0.09774249823686842,0.22712383525891697,0.772876164741083,0.02998831132954061,0.06553325974617272,0.29314195431799933,-0.20780434057420977,-2887.128707719679
614,-423.71800795498626,0.9565758364296104,0.13029595485773016,4.0,23.0,0.0,428.8525365361744,0.309898152994494,0.690101847005506,0.8360029564646949,0.1639970435353051,0.11877226297029286,0.08400507263157045,0.15693236474314431,-0.14461220885197967,-2902.502079395656
615,-421.71871335130186,0.9356239686035567,0.13654881912275205,2.0,3.0,0.0,424.79886431353174,0.10420864669943258,0.8957913533005675,0.6658843067516937,0.33411569324830626,0.23485367999867912,-0.2973277667718057,0.8969818653584798,-0.03151184319189396,-2885.54730264639
616,-424.2822526295941,0.988006950457797,0.13684817524717136,5.0,31.0,0.0,425.69378370353235,0.6317623533285442,0.36823764667145575,0.008913427769349435,0.9910865722306506,-1.032151502197775,0.18793228351274527,-0.06171158219801028,0.591572295733872,-2886.840948937055
617,-423.6227161957255,0.9825086116607687,0.11567436399858164,4.0,15.0,0.0,424.1985434914395,0.8865476961732704,0.11345230382672955,0.6468695056149337,0.3531304943850663,-0.0029398011947292316,0.20034381091581524,0.45244770043617644,-0.7496972474836092,-2899.5201386124436
618,-421.66550671903724,0.9409132358669837,0.13029595485773016,3.0,11.0,0.0,426.6285580299354,0.7633856442925665,0.2366143557074335,0.26777603662066907,0.7322239633793309,0.07064497384440083,0.17054769653138102,0.20073143560291595,0.4393742234528449,-2889.4552511857687
619,-422.760980347561,0.7830098507668489,0.13654881912275205,3.0,15.0,0.0,428.5992995086787,0.10426684362552777,0.8957331563744723,0.08043892472066565,0.9195610752793344,1.1327309318243544,0.07070981634317342,0.7739817918664085,0.11674682916283939,-2884.32185522612
620,-424.52192134725226,0.9644439549460712,0.13684817524717136,3.0,15.0,0.0,427.10806153097093,0.7722447340218593,0.22775526597814066,0.011998902633286209,0.9880010973667138,-0.8314697944661116,0.21177672333065584,0.052247572357543764,0.6731497381589459,-2888.823022366131
621,-422.1725100848935,0.980986423818378,0.11567436399858164,4.0,31.0,0.0,426.6073547496736,0.9063340739719531,0.09366592602804691,0.6594099013765375,0.34059009862346246,0.34911177161568424,-0.16842704660514785,0.2714422923318748,-0.09798644270505716,-2888.7090402800836
622,-423.94431818685234,0.9069652946320254,0.13029595485773016,3.0,15.0,0.0,426.01344965035713,0.8065290766863267,0.19347092331367333,0.2038947934600417,0.7961052065399583,0.04106526570578754,0.25278137094694286,0.2694320848723434,0.5016608885079371,-2902.7753309880104
623,-425.4847187311267,0.6933454909921947,0.13654881912275205,2.0,5.0,0.0,427.9546971353958,0.14078465379416652,0.8592153462058335,0.15625126892573946,0.8437487310742605,1.306287713780368,0.1327108907091662,0.917825982762388,-0.03763743024055455,-2908.3396777498697
624,-424.1329600994613,0.9840672323098084,0.13684817524717136,2.0,3.0,0.0,425.081608410731,0.7342021055552421,0.2657978944447579,0.011303681425267855,0.9886963185747322,-0.905622876778133,0.15732908333440504,0.06362124209401333,0.6789511791798009,-2886.3449919071772
625,-422.93643318085907,0.9830121918674607,0.11567436399858164,4.0,23.0,0.0,424.21916779395156,0.8552874352426921,0.14471256475730787,0.6984814195230351,0.3015185804769649,0.3313549961541745,-0.17308317500952655,0.207498345822394,0.8304141091938997,-2895.5948590647936
626,-421.199311918865,0.9987454276665946,0.13029595485773016,3.0,15.0,0.0,425.66048397243276,0.5140226104139444,0.48597738958605563,0.5086735271346792,0.49132647286532083,-0.14062244100743798,0.13041363833909458,-0.19079457888172435,0.33069378187330734,-2890.224271119882
627,-423.2363864350341,0.9835915932985929,0.13654881912275205,5.0,31.0,0.0,427.3509121412992,0.8788560599800815,0.12114394001991846,0.0956376517984654,0.9043623482015346,1.1844645954226318,0.06877336577457893,0.008063587022670574,0.41986624373337367,-2889.864655088835
628,-423.1501784287464,0.9666179513902884,0.13684817524717136,6.0,63.0,0.0,424.9363893800591,0.5930594401958654,0.40694055980413457,0.9551507298166817,0.0448492701833183,0.24057296275993478,-0.9983863140959037,0.2267040793798905,-0.1868820351624333,-2890.4512378696245
629,-422.65814553738284,0.9835572498785029,0.11567436399858164,4.0,15.0,0.0,424.2431585568934,0.8279658042377642,0.17203419576223578,0.31897903000572464,0.6810209699942753,0.18031903858870363,0.24297394182955492,0.20630773053775514,0.3983962863717845,-2895.357329544036
630,-424.843658796151,0.7699275711186421,0.13029595485773016,2.0,7.0,0.0,427.0446670696002,0.49236798151145456,0.5076320184885454,0.7550437449600562,0.24495625503994378,-0.22930562240024277,0.07606676225500751,-0.20800397227587994,0.3744084115826088,-2913.2715262190413
631,-421.8665161511032,1.0,0.13654881912275205,4.0,15.0,0.0,423.30631560616916,0.8518673387799108,0.14813266122008917,0.12016076825804989,0.8798392317419501,1.0040674990004723,-0.0593852512231667,0.12176112062777839,0.47860819661570386,-2883.2463342309143
632,-421.8300104188717,0.9706014092132526,0.13684817524717136,4.0,31.0,0.0,428.10163083470405,0.9408044162725813,0.05919558372741873,0.6501732976688974,0.3498267023311026,0.3114380597149487,-0.18967710862320922,0.08204033264128803,0.6056187378512672,-2883.282815742676
633,-422.41186092467007,0.9911898629877085,0.11567436399858164,5.0,31.0,0.0,424.39810866245847,0.7364366359290122,0.2635633640709878,0.8727247662323658,0.12727523376763417,0.29112130181360224,-0.7772508151197314,0.09048683084649391,0.7106877442119551,-2890.375168226648
634,-421.68880534832346,1.0,0.13029595485773016,5.0,31.0,0.0,426.2056799045857,0.38753616044439215,0.6124638395556079,0.10472466372866264,0.8952753362713374,-0.8986469764981002,0.14510790025106618,0.5439972751622912,0.00649555273799636,-2885.666237516066
635,-425.0735168550017,0.9236412145329765,0.13654881912275205,5.0,63.0,0.0,425.96951514384716,0.6898512967726532,0.3101487032273468,0.021416673876979958,0.97858332612302,1.8800081797210424,0.15659496627251818,-0.11327547390764893,0.92869868131754,-2895.123242526317
636,-420.2891167384608,0.8208493971880013,0.13684817524717136,4.0,23.0,0.0,425.9961197455973,0.7272815068717932,0.27271849312820684,0.4748002062402087,0.5251997937597913,0.36533825348006166,-0.19405828474037584,-0.01932699318556154,0.49611772784965796,-2882.1249287307405
637,-423.0544263341406,0.9868239097798303,0.11567436399858164,4.0,15.0,0.0,423.89039176629495,0.8720845113124167,0.1279154886875833,0.9251248711826533,0.0748751288173467,0.15994752592932415,-0.659988101388189,-0.01572368819495474,0.3774533645954959,-2888.2424959766527
638,-423.1934936884054,0.9157973116145672,0.13029595485773016,4.0,23.0,0.0,426.34819485696073,0.510491660433484,0.48950833956651596,0.036952491091991314,0.9630475089080087,-1.220639721442067,0.027286982904234112,0.38719313834956076,-0.2085111274505605,-2889.240980095889
639,-423.1454055930636,0.8856532011241779,0.13654881912275205,4.0,15.0,0.0,427.582458836158,0.29712180692852996,0.70287819307147,0.0769624937818541,0.923037506218146,1.759811149004653,0.06535797724857854,0.30463974008842454,0.08136702582346483,-2891.1347254243997
640,-420.7186972475764,0.980719739311709,0.13684817524717136,4.0,31.0,0.0,421.3304016761209,0.7988992700326598,0.20110072996734019,0.5491614535675484,0.4508385464324516,0.29718233852459963,-0.24439545612101993,-0.018813734752039346,0.544912467987031,-2883.5633642802204
641,-421.9759465845062,0.9986912196809794,0.11567436399858164,3.0,7.0,0.0,423.4164516224553,0.8121507910582992,0.18784920894170076,0.929625999105693,0.07037400089430701,0.09443185865536513,-0.5999623389286995,0.09743734349101413,0.3900836519649936,-2882.6238295891853
642,-420.9474071112619,0.9741279791658457,0.13029595485773016,5.0,47.0,0.0,426.08860010644423,0.23347138593314393,0.7665286140668561,0.5625214975238119,0.43747850247618814,0.1523315040016806,0.0965519909191192,0.8580209774770791,0.0008007508221523213,-2885.5675185679443
643,-421.2056198931875,0.6912732929897857,0.13654881912275205,5.0,31.0,0.0,428.0314025972777,0.22718479594421842,0.7728152040557816,0.8499796330402424,0.15002036695975762,0.15492690030534575,-0.5905678443651383,0.4147325381290907,0.04083408080713673,-2882.8693290328283
644,-424.014691802767,0.9610751274088861,0.13684817524717136,3.0,7.0,0.0,425.5553634943374,0.6277744941936808,0.3722255058063192,0.4440166798696741,0.5559833201303259,0.6279041931986299,-0.514233136691621,-0.21790670945713805,0.8571204795963917,-2908.0395774518174
645,-421.3512514725273,0.9870630825544533,0.11567436399858164,3.0,15.0,0.0,425.66165807596525,0.6850748130587142,0.3149251869412858,0.8861864278276467,0.11381357217235333,0.1447259902803639,0.1337771056371503,0.2272667772877131,0.040026992491206725,-2884.0712114608987
646,-421.4301710032798,0.935279607041626,0.13029595485773016,4.0,31.0,0.0,424.0063640455364,0.26136306085427125,0.7386369391457288,0.2517075743816548,0.7482924256183452,0.7246817542691424,-0.05619678821059924,0.6412352430822782,-0.1295725459575225,-2887.416783731769
647,-420.967653232232,0.9874742115057897,0.13654881912275205,5.0,47.0,0.0,422.1960904749445,0.35364785432057333,0.6463521456794267,0.17535366643782252,0.8246463335621774,-0.0953346670888985,0.07101416312097332,0.5896819781431009,-0.08019578343360095,-2884.070734125227
648,-423.7839685219003,0.948559405521701,0.13684817524717136,5.0,47.0,0.0,428.6270209453985,0.9569341371238709,0.043065862876129124,0.616742074583066,0.38325792541693404,-0.1453937625202546,0.4070338312781975,0.06229914396254727,-1.3730446018362594,-2893.610871885469
649,-420.71448628843916,0.9868825420519816,0.11567436399858164,4.0,15.0,0.0,421.8879252237149,0.7036619525916402,0.2963380474083598,0.7121165011004591,0.2878834988995409,0.0037021879889078367,0.16938060508469888,0.10537407195321251,0.08368353841631389,-2884.3761154549175
650,-422.23177991950183,0.9262094350597029,0.13029595485773016,3.0,15.0,0.0,423.864686999262,0.25875730605461217,0.7412426939453878,0.44681603338592835,0.5531839666140717,0.15666786756880918,-0.24173994191550513,0.32071138876891636,0.18663828390762005,-2895.4217593936914
651,-426.0890689745885,0.8165173267588962,0.13654881912275205,4.0,23.0,0.0,426.6977485903778,0.10331524607416644,0.8966847539258336,0.9749303049742656,0.025069695025734418,-0.03856911060634842,0.6224235203932741,-0.9457208780948877,0.10798683432231751,-2900.1291422887057
652,-425.19261207704136,0.9884990286255385,0.13684817524717136,4.0,31.0,0.0,428.2967588085925,0.9832669535596313,0.01673304644036866,0.7283116358020358,0.27168836419796416,-0.20809721926202224,0.9758912514917588,0.26575465407347315,-0.9928726134748503,-2895.791322530567
653,-422.2140210307046,0.9910079930112724,0.11567436399858164,4.0,31.0,0.0,423.8003485782067,0.160765888591635,0.839234111408365,0.5207182309784267,0.47928176902157327,-0.43632074463121767,0.4004145228649073,-0.1850279832840306,0.14467214364574105,-2892.7758920764545
654,-420.3419835844247,0.9603314194540702,0.13029595485773016,3.0,15.0,0.0,427.153305488684,0.7017931730920688,0.2982068269079312,0.5124293100763981,0.48757068992360186,-0.008567248538530983,0.2841447823407736,0.14977388486623144,0.11000587878709142,-2883.1351937499376
655,-428.0797480870732,0.8684599391013094,0.13654881912275205,4.0,19.0,0.0,432.2257372001908,0.8755424383356251,0.12445756166437494,0.38727253469117584,0.6127274653088242,0.19421571127566606,-0.4844546232113791,0.23125213099911965,0.43861766510718636,-2931.373644621592
656,-423.28386834963356,0.8562529257450892,0.13684817524717136,3.0,11.0,0.0,427.84908802774123,0.9016816128541549,0.09831838714584507,0.8977083728920977,0.1022916271079023,-0.012085175242764694,0.28276056687955786,0.29997650293973654,-1.0030728915164946,-2889.6933776636756
657,-423.64074213731965,0.995997424172384,0.11567436399858164,5.0,31.0,0.0,427.99745171235617,0.8423960181337816,0.15760398186621838,0.016896119660284228,0.9831038803397157,-0.13661235556083026,0.054262904890216325,0.2845294692818099,-0.4615859302905691,-2883.880083401526
658,-422.3066648344062,0.9858730206926836,0.13029595485773016,4.0,15.0,0.0,422.90672118990017,0.555109357591888,0.44489064240811205,0.09966374929648147,0.9003362507035185,-0.89759377007588,0.17482522140108964,-0.30926509722939177,0.6215421612078686,-2889.738071924174
659,-426.076308055708,0.9924606477715744,0.13654881912275205,4.0,31.0,0.0,431.0513918573927,0.09836724336708644,0.9016327566329135,0.7485540687917887,0.25144593120821135,-0.3646336275072054,0.4202201947456127,-0.8322327030619986,0.23712928081595752,-2914.0453751103887
660,-422.1513326518023,0.9866334118083774,0.13684817524717136,4.0,15.0,0.0,424.3990595269054,0.9487333905639528,0.05126660943604722,0.6000169639996734,0.3999830360003266,0.19942701964789583,-0.17543006689141502,0.19776373860470162,-1.114859155552034,-2884.2074129728007
661,-422.27884912917773,0.7425413883165988,0.11567436399858164,4.0,15.0,0.0,426.4296281921844,0.7981668609994733,0.20183313900052668,0.05730066423825441,0.9426993357617456,-0.3363797721264805,0.17437199285318425,0.16305212917565198,-0.04429902177066526,-2884.0785515725784
662,-427.14921921457596,0.8431259688419542,0.13029595485773016,5.0,63.0,0.0,432.2542242253536,0.09010831974308312,0.9098916802569169,0.015274104160408102,0.9847258958395919,-2.3503424955941976,0.22209590247518377,1.7054416405965063,0.0056130040364606865,-2897.0490710013005
663,-422.87444848838726,0.9493856995687998,0.13654881912275205,2.0,7.0,0.0,429.07756642087344,0.09128477786281042,0.9087152221371896,0.711606920369267,0.288393079630733,-0.17330148399906384,0.5180678148195493,-0.9167421174058791,0.3575164423141718,-2891.8831207149897
664,-425.0481289954697,0.7848837888118848,0.13684817524717136,5.0,31.0,0.0,430.3511760582641,0.20357305487164593,0.7964269451283541,0.9879538622524235,0.012046137747576457,-0.05319312344820351,1.7950074887993874,-0.3209171216708048,0.21177213958734906,-2890.0394282682973
665,-423.847737607512,0.9917186325701712,0.11567436399858164,5.0,31.0,0.0,426.72820041559226,0.8240062651956898,0.17599373480431024,0.018848723541721235,0.9811512764582788,-1.7612336218229634,0.11749165225575382,0.1983322116884927,-0.39458864033634883,-2884.0753285997666
666,-428.62747650342465,0.8795265011563519,0.13029595485773016,6.0,63.0,0.0,432.59210131039384,0.005403892315250786,0.9945961076847493,0.6609187796161103,0.33908122038388966,0.013488938425896838,-0.32923504134271453,2.382525900000671,0.0004945094593146321,-2909.4267174092342
667,-421.6968194384059,0.935005950045512,0.13654881912275205,5.0,31.0,0.0,425.858357404186,0.7767716629953907,0.2232283370046093,0.8467967753763167,0.1532032246236833,0.10600590688202367,0.5622979199029794,0.3148268712665057,-0.26806285168687344,-2886.3369302817878
668,-425.3210008698838,0.9993526044779545,0.13684817524717136,4.0,15.0,0.0,426.41329597091163,0.23892163599945035,0.7610783640005496,0.9461982472234709,0.0538017527765291,-0.016299198486080496,2.437913123372457,-0.5860221119913546,0.3286159076260407,-2900.1466076537376
669,-423.847737607512,0.7040962570456776,0.11567436399858164,2.0,3.0,0.0,427.34815800188954,0.8240062651956898,0.17599373480431024,0.018848723541721235,0.9811512764582788,-1.7612336218229634,0.11749165225575382,0.1983322116884927,-0.39458864033634883,-2884.0753285997666
670,-426.5193776046914,1.0,0.13029595485773016,2.0,3.0,0.0,428.92108163765346,0.004878858966134211,0.9951211410338658,0.667720278554221,0.332279721445779,0.08449792409674511,-0.35128683141869954,2.356803953877046,0.08299020858748107,-2894.173207123219
671,-426.3567636898583,0.9527372703082503,0.13654881912275205,5.0,31.0,0.0,427.46506732273167,0.04826136212194569,0.9517386378780543,0.9808647162627333,0.019135283737266695,0.1931215290460482,1.0907785715657625,0.5891630159246036,0.24018438290033975,-2895.0170679933485
672,-425.86908250466024,0.6485786474641645,0.13684817524717136,2.0,3.0,0.0,429.1987987608586,0.26549560778674935,0.7345043922132506,0.9407137684955168,0.0592862315044832,-0.05571229002651426,2.42267252256475,-0.5825488905203365,0.38593912199454816,-2905.0756646791524
673,-423.5038416590806,0.9870929896619534,0.11567436399858164,4.0,15.0,0.0,424.8287935665108,0.250284924777905,0.749715075222095,0.07945220812006386,0.9205477918799362,-1.5110366282277063,0.1852780301689406,0.381225237143049,0.20357759519509433,-2893.6738580751257
674,-420.84297968640027,0.9303360354729396,0.13029595485773016,5.0,31.0,0.0,429.3062961814427,0.20156683391737149,0.7984331660826285,0.6560014537045259,0.3439985462954741,-0.13064024333294844,0.30422433002222155,0.4177901439874161,0.09473233705147366,-2883.924889053023
675,-424.43640329990944,0.9885410543072084,0.13654881912275205,4.0,15.0,0.0,427.18642108668547,0.3453526404927438,0.6546473595072562,0.9609492197781425,0.039050780221857484,0.11979834868645294,0.7446845294795319,0.9038569920745473,-0.005728739673261145,-2897.759076257713
676,-425.56427094989647,0.9995547641718526,0.13684817524717136,5.0,31.0,0.0,427.01674106740285,0.2701827314654991,0.7298172685345009,0.9600430814834825,0.0399569185165175,0.10328812951581995,2.2596514679604724,-0.695300609840861,0.4447499820220504,-2900.947612926055
677,-424.3695233143315,0.761620430803552,0.11567436399858164,4.0,15.0,0.0,432.66469588421177,0.23193870841492434,0.7680612915850756,0.05544513500526306,0.944554864994737,-0.9324255026869324,0.09786348208703044,1.0790411101105908,-0.21950546009182345,-2897.3440723364265
678,-420.8958099480459,0.9954725520578361,0.13029595485773016,4.0,15.0,0.0,421.97429089226137,0.439977103021969,0.560022896978031,0.6627146837075227,0.33728531629247727,-0.15572609063968934,0.6059265893250173,0.6420788233606634,-0.1899652842839315,-2886.694247737705
679,-423.65474724110186,1.0,0.13654881912275205,5.0,31.0,0.0,426.52943915034353,0.9394350212064416,0.06056497879355838,0.03964944089320802,0.960350559106792,-0.7653890392563212,0.10446265787387343,0.08570233225946368,0.26476130832593336,-2883.544522355006
680,-428.1903941742079,0.7298681444138392,0.13684817524717136,2.0,3.0,0.0,429.2462143279361,0.35647216691019695,0.6435278330898031,0.9568459026187207,0.04315409738127929,0.1540060513966905,2.3169907705626795,-0.7597561069057746,0.4017633132460614,-2920.3548348710924
681,-422.5418434659359,0.9953746353707807,0.11567436399858164,3.0,7.0,0.0,425.6281452890251,0.09602368856573756,0.9039763114342625,0.08450828954629211,0.9154917104537079,-0.7462311779055181,0.17315373681761798,1.1561985317436774,0.03183998336066968,-2882.5921160594444
682,-420.9977213055612,0.9223817920092325,0.13029595485773016,4.0,15.0,0.0,424.00075225786145,0.6662872514163233,0.3337127485836767,0.7047206890507159,0.29527931094928406,-0.042969462592090835,0.3167539593897344,0.03769324105354936,0.08936676995027261,-2886.823300857778
683,-424.2738480540814,0.7738738318848821,0.13654881912275205,5.0,31.0,0.0,426.7674983771777,0.03526050136112864,0.9647394986388713,0.0320291151880818,0.9679708848119182,-1.094857649085512,0.09613271552303673,-0.2114634160107656,0.1588458299554406,-2882.326913472534
684,-426.4350318568945,0.9987072010501907,0.13684817524717136,4.0,31.0,0.0,431.44360708563767,0.13711435528688395,0.862885644713116,0.9731100783778055,0.0268899216221945,0.1803748352687018,2.767594072676501,-0.42355400244995,0.31409729634559086,-2898.916082712332
685,-426.3948444928781,0.8911281476177532,0.11567436399858164,5.0,31.0,0.0,428.5281251231568,0.9608470231990014,0.03915297680099861,0.9334594640261916,0.06654053597380838,0.028015704140377014,0.35399873259185816,-0.038762017388341966,2.3950910182724243,-2898.513567124702
686,-423.5488478950827,0.9187575255836227,0.13029595485773016,4.0,15.0,0.0,425.2251889103824,0.682789042139741,0.317210957860259,0.28994139842264016,0.7100586015773598,-0.3120203011262704,0.4421923369595727,-0.028844098735179645,0.02623379119531123,-2904.0327858680234
687,-422.95484966504426,0.9705646961253115,0.13654881912275205,3.0,15.0,0.0,426.9800666208666,0.5037812033384339,0.4962187966615661,0.014076576756034744,0.9859234232439652,-0.46565222920800686,0.08394882699485642,-0.019133446845082728,0.34395129350972187,-2882.248870224257
688,-429.033997637495,0.7044722892756368,0.13684817524717136,5.0,55.0,0.0,430.4547056310163,0.8876547453264356,0.11234525467356438,0.9794560526231658,0.020543947376834182,-0.1560246806637437,3.0993708986907955,0.20545250740313464,0.08315594317843694,-2912.397725199639
689,-428.91176588599257,0.8595839638889509,0.11567436399858164,4.0,27.0,0.0,430.53780713427835,0.9539963603809686,0.04600363961903142,0.9713323915162249,0.028667608483775142,-0.033957945997775726,0.3254539869678321,0.3154212140182933,1.7877041336352664,-2913.547878573151
690,-420.6853243854702,0.8828878565746313,0.13029595485773016,3.0,7.0,0.0,428.87434103024185,0.7044023395263982,0.2955976604736018,0.3453660549712929,0.6546339450287071,-0.24822345733014067,0.37772742932988035,0.1837970983290415,0.13007179627226867,-2884.6610534486686
691,-422.6627445851247,0.955447168557535,0.13654881912275205,4.0,15.0,0.0,425.1472379554994,0.326488849795697,0.673511150204303,0.595802253363134,0.40419774663686603,0.5627714926192442,-0.21359470099165184,0.023387774651463,0.35209116200396096,-2898.933314752056
692,-426.0417187356449,0.915474775538621,0.13684817524717136,3.0,15.0,0.0,433.1588762384749,0.30180479749180533,0.6981952025081947,0.9797077355838217,0.020292264416178263,-0.04246909560826438,2.7700694142386095,0.349092459903218,0.23474480346055487,-2898.390246442971
693,-425.0845556635875,0.9334610819391532,0.11567436399858164,4.0,31.0,0.0,440.5753690601487,0.09990138918603245,0.9000986108139676,0.9752492224648855,0.024750777535114454,-0.05069823645131098,1.8571322748756827,-0.3272938121685138,0.10658596214600319,-2890.9337383321435
694,-420.1562527592172,0.9872456664742097,0.13029595485773016,5.0,31.0,0.0,423.009388350307,0.3862955564628336,0.6137044435371664,0.6581761193661264,0.3418238806338736,0.24299270861806327,-0.2463577347044628,0.37070092992204307,-0.02934890353074844,-2881.8662071556696
695,-422.2536072338567,0.9996597776518452,0.13654881912275205,5.0,31.0,0.0,423.6868090285974,0.8009828542946411,0.1990171457053589,0.8920758433743949,0.10792415662560506,0.04629234531405645,0.06401359088131328,0.21943107077277701,-0.5548002092996459,-2887.65945476465
696,-427.7293629861694,0.9617457837230422,0.13684817524717136,4.0,15.0,0.0,429.0755787465668,0.10180200611490169,0.8981979938850984,0.9919219398672441,0.008078060132755915,0.12614689116409744,3.0885532703123184,-0.174366812437685,0.35527845909751027,-2896.398272886838
697,-424.6615265585042,0.9966453497048569,0.11567436399858164,5.0,31.0,0.0,426.0543057844686,0.33189549715127553,0.6681045028487245,0.9652976345793637,0.034702365420636316,-0.07900535728927988,2.3363091406643215,-0.28595746494483243,0.3221718031700365,-2894.713818070723
698,-420.5390945307141,0.8891695638683728,0.13029595485773016,2.0,3.0,0.0,422.201449207877,0.43742165349243384,0.5625783465075662,0.682351004877603,0.31764899512239697,0.25230561876209107,-0.25772876657378313,0.4666013613607854,0.04353669282986192,-2884.431865003048
699,-420.74750573679216,0.9908943245659375,0.13654881912275205,4.0,31.0,0.0,422.92288006176676,0.5723469286045253,0.4276530713954747,0.710321328752697,0.28967867124730295,0.2590264136101451,-0.43793668215348747,0.3445421930729931,0.07191117449112999,-2885.446653529952
700,-429.4678264888257,0.9558220497101181,0.13684817524717136,5.0,31.0,0.0,432.33001186000985,0.6213705109902418,0.37862948900975824,0.9993105573227112,0.0006894426772887652,0.09420653934744407,1.3515026850113718,0.22478228106356107,-0.5328888469728221,-2904.4986358697884
701,-424.4491846395728,0.9828036968607632,0.11567436399858164,5.0,31.0,0.0,426.23398539880327,0.14504319924596495,0.854956800754035,0.9857195227784133,0.014280477221586652,0.022833707215606347,1.9694889270140714,-0.5975941766121471,0.24486921764453845,-2884.4123129634977
702,-421.8925909813711,0.9752278200505987,0.13029595485773016,4.0,31.0,0.0,423.8643932141443,0.9188041252038684,0.08119587479613155,0.22580002175566904,0.774199978244331,0.7167816164799775,-0.06393498472876505,0.25547726489140227,-0.5852411625225746,-2883.554590449047
703,-421.8853976761722,0.9777475136154364,0.13654881912275205,5.0,31.0,0.0,423.7145962081536,0.14787722656723729,0.8521227734327628,0.12901013560172378,0.8709898643982762,0.134541150549088,0.013664596326128368,0.4481899343866437,0.1410354489492679,-2884.6656815498186
704,-426.2838119848902,0.9892762314761792,0.13684817524717136,5.0,31.0,0.0,432.30499835168473,0.012177996451288005,0.987822003548712,0.9869615731770505,0.013038426822949534,0.05058046213897694,1.1833796522437767,0.2953834774930776,0.17645976152286535,-2882.74643112485
705,-426.63902186822696,0.9470747898110542,0.11567436399858164,3.0,7.0,0.0,428.13465495752183,0.17188364707998707,0.828116352920013,0.8670216323722527,0.13297836762774728,0.017749993467499503,1.906122788123451,-0.7218616404701428,0.25270500774795845,-2915.0858675980057
706,-423.6610537854621,0.8760094156381976,0.13029595485773016,5.0,31.0,0.0,426.0132577008698,0.7196409697049195,0.28035903029508047,0.033429164792291306,0.9665708352077087,0.36839468181589885,0.1442050848813491,0.4809805369776303,-0.43248791361474975,-2891.283642686854
707,-422.3701758497623,0.6966592220053707,0.13654881912275205,3.0,7.0,0.0,426.838423035801,0.1554823983193879,0.8445176016806121,0.4740455666769807,0.5259544333230193,-0.01562607456120943,0.414077975554501,0.8267178021828532,-0.0818522650562902,-2893.2665850144685
708,-425.63531821221034,0.8679693837542984,0.13684817524717136,5.0,31.0,0.0,428.84182010321996,0.9792252029845666,0.02077479701543339,0.9863169822971172,0.013683017702882827,0.10294516489416822,0.9557665929345492,0.17386396161162115,-0.21501422230142433,-2882.674417207513
709,-425.2581108138477,1.0,0.11567436399858164,3.0,7.0,0.0,427.6492271849668,0.20572837934419,0.79427162065581,0.9514774263821709,0.04852257361782908,-0.10310301817690468,1.9766909635468681,-0.655636099163666,0.3983054737223337,-2899.929626831105
710,-425.1295131102549,0.9569155705185669,0.13029595485773016,4.0,15.0,0.0,429.5288569480074,0.6469271166607096,0.35307288333929043,0.297994659468963,0.702005340531037,-0.9201535034086251,0.199574942020441,0.47782916617703747,-0.13589367066813157,-2914.7049185078713
711,-423.71627482191406,0.9729815447083201,0.13654881912275205,3.0,15.0,0.0,426.96491407739154,0.2273744472215445,0.7726255527784555,0.2509722554322574,0.7490277445677427,-0.1689739811814061,0.09679019629051128,1.3350939556341344,-0.039996292723182836,-2901.7961280611057
712,-423.2856675509212,0.9903577819764332,0.13684817524717136,5.0,31.0,0.0,427.3193552411063,0.15442488957640196,0.845575110423598,0.9680380534161805,0.031961946583819456,0.10315734075609989,0.5538103428363578,-0.6751518873992597,0.2758491569919428,-2885.1485385078417
713,-425.098526516154,0.9709863340381789,0.11567436399858164,3.0,15.0,0.0,426.9723585272886,0.12141610242873126,0.8785838975712688,0.9876019986536705,0.012398001346329512,0.1385213715355444,1.7357039607077906,-0.41591448808657705,0.32046119919600996,-2887.748502761242
714,-424.9069708320755,1.0,0.13029595485773016,5.0,31.0,0.0,428.71099470419944,0.9462847668832559,0.05371523311674409,0.2976878553065956,0.7023121446934044,-0.4192481632571492,0.5247335799738895,0.17594020260056187,-1.4637771186347583,-2901.495702082477
715,-426.2818316054543,0.6959942429057361,0.13654881912275205,5.0,31.0,0.0,429.1654600518452,0.013584522772337475,0.9864154772276625,0.9588549059146944,0.041145094085305645,-0.07168491154483889,0.43421325294478674,0.37310342977593697,0.1189607229774915,-2892.2307428164004
716,-422.13115399389994,0.9971154250380777,0.13684817524717136,4.0,15.0,0.0,424.3619347030574,0.29643380616353976,0.7035661938364602,0.7237374303025537,0.27626256969744634,-0.1664373753651971,1.013327148937097,-0.14468285297233327,0.23068736175268037,-2893.0564255160098
717,-422.45345479721107,0.9668813644671534,0.11567436399858164,5.0,31.0,0.0,427.558683986014,0.881010596311748,0.11898940368825195,0.5683169580443852,0.4316830419556148,0.062268238312379355,-0.19574483218040897,0.22056355782225756,-0.6201567695863882,-2892.5084012749217
718,-423.970888743943,0.9671902658980657,0.13029595485773016,2.0,3.0,0.0,425.68324665413155,0.9445275184086429,0.05547248159135709,0.5285454841689065,0.47145451583109355,-0.44951795824666624,0.46453922966280864,0.2329448072778446,-1.4672893712711408,-2896.4512013971553
719,-421.94077643934594,0.9864598301250236,0.13654881912275205,4.0,15.0,0.0,427.18300739355647,0.07672572353660445,0.9232742764633955,0.4488795640436548,0.5511204359563452,-0.2054101690766755,0.15298747380831168,0.26239904945588927,0.1185977143274142,-2886.5993890047553
720,-422.7713362948234,0.9557450231671241,0.13684817524717136,5.0,31.0,0.0,425.58711273491167,0.04471913240816859,0.9552808675918314,0.8591254193781679,0.1408745806218321,0.23605776400970407,-0.3819033176385335,-0.6028877626467988,0.18163197239050047,-2883.5163903197167
721,-424.55429542074415,0.9583391768806527,0.11567436399858164,5.0,31.0,0.0,427.6250180742604,0.2300271864732168,0.7699728135267832,0.8406365199396393,0.15936348006036072,0.294934208303231,0.05294118563477482,0.6125496456137174,0.203415851638485,-2906.4371771377187
722,-424.3206100807246,0.9820613236314866,0.13029595485773016,4.0,15.0,0.0,425.32788119795157,0.9759494414232872,0.02405055857671279,0.728862132553433,0.271137867446567,0.1654015795160018,0.045365205573249835,0.31021448336249996,-1.4980007277931346,-2891.9390913993348
723,-424.8942767707224,0.8638843122665234,0.13654881912275205,5.0,31.0,0.0,426.1290163079728,0.6396735254753226,0.36032647452467736,0.1224377159111025,0.8775622840888975,-0.6270370513945654,0.38410662902157827,-0.28707581022927725,0.5050376437647504,-2908.760426870327
724,-422.3047872621004,0.9902492521380875,0.13684817524717136,4.0,15.0,0.0,423.59116847867887,0.28578054439569506,0.7142194556043049,0.7632921209414097,0.23670787905859025,0.32647539901932965,-0.5574525462842363,-0.6246391974898727,0.30568310509016494,-2893.6036229463075
725,-422.5434768857703,0.9832788315884846,0.11567436399858164,5.0,47.0,0.0,429.0098638221993,0.38607286704716487,0.6139271329528351,0.22094867741868898,0.779051322581311,-0.17278218555428856,0.20053867412355375,-0.4641078925694347,0.6316142418731956,-2896.1372942831777
726,-421.3993935388233,0.9993297916736644,0.13029595485773016,5.0,31.0,0.0,425.4646516952107,0.7611611545036668,0.23883884549633316,0.45119551133298064,0.5488044886670194,-0.22006707456846217,0.2925727892711734,0.14039915720085033,-0.3322516292079406,-2889.276635356241
727,-421.023095440527,0.9913183959896136,0.13654881912275205,2.0,7.0,0.0,425.32686003702,0.6115033729085604,0.3884966270914396,0.22727614796806395,0.772723852031936,-0.6892161380003982,0.31467799191610946,-0.032191327731563746,0.5236516207946688,-2885.6471115966774
728,-423.5320793518816,0.9547062396410274,0.13684817524717136,6.0,63.0,0.0,428.4143391367092,0.6155919537624704,0.38440804623752955,0.9768966556838345,0.023103344316165453,-0.0030933231642810144,0.7716166892859206,0.42085323306228395,-0.39043525314441235,-2888.713324552422
729,-422.8193464691146,0.9996219910243205,0.11567436399858164,5.0,31.0,0.0,424.66336480826766,0.032259344734782404,0.9677406552652176,0.3684294363784433,0.6315705636215567,0.6914885173731897,-0.2303024636679058,-0.2651259175428169,0.18631700343247548,-2886.1639857184605
730,-422.8166486159611,0.9019546584867841,0.13029595485773016,4.0,23.0,0.0,425.1163978065919,0.5498399833519761,0.45016001664802385,0.706551979976872,0.293448020023128,0.02406365185201456,0.5776736712721431,-0.07977470125882394,0.7647765860845445,-2899.4008515885707
731,-422.49987598306313,0.988711772102525,0.13654881912275205,5.0,31.0,0.0,425.4146223614574,0.2134871964455958,0.7865128035544042,0.9347021649835167,0.06529783501648334,0.0016972741478404607,0.2667072731033674,0.8644851908376999,-0.012582731648368678,-2886.1768895209266
732,-425.09738317270336,0.7919101604728389,0.13684817524717136,4.0,23.0,0.0,427.5903828658492,0.40431315240883803,0.595686847591162,0.9922605688443222,0.007739431155677767,0.20149935832555257,1.1925111819886196,0.5452593221420208,-0.009309929627843994,-2891.4797792607787
733,-423.02606988833594,0.9874978418732164,0.11567436399858164,3.0,7.0,0.0,424.0491509910997,0.02712850287174846,0.9728714971282515,0.23536610117697032,0.7646338988230297,0.8255392677875085,-0.13570649847124988,-0.28138322009754624,0.15063077068608954,-2884.5142024724823
734,-423.092803705778,0.8748161694661702,0.13029595485773016,4.0,31.0,0.0,426.4543902552148,0.31613865812630726,0.6838613418736927,0.4589254991462817,0.5410745008537183,0.3583975878827761,0.021791177664673478,0.7180424393977722,-0.32363095710387024,-2901.7718990999906
735,-422.57442295020286,0.9516328432523158,0.13654881912275205,4.0,31.0,0.0,426.76389733082647,0.5221964512495401,0.47780354875045994,0.04709435068675511,0.9529056493132448,0.3972663189261627,0.11892753235799836,-0.1792101380658456,0.30598523181658,-2887.7532523349864
736,-426.833407484035,0.9842100807520647,0.13684817524717136,4.0,15.0,0.0,428.2272476067432,0.694094866684407,0.305905133315593,0.8815178854342967,0.11848211456570334,-0.17967284311783202,2.0128568987616684,0.4047179603170483,-0.35618232878147876,-2918.3736686521047
737,-422.9572940878866,0.9912558927691568,0.11567436399858164,4.0,31.0,0.0,424.1135495905892,0.03600066886630283,0.9639993311336972,0.3221411087547697,0.6778588912452304,0.7998014985221801,-0.18209504056730602,-0.04424817738166365,0.15227905338321324,-2887.3559221435944
738,-425.8119149273832,0.9879916627233245,0.13029595485773016,5.0,39.0,0.0,429.6289194466964,0.33157162164136994,0.66842837835863,0.3381766049152291,0.661823395084771,0.3715891067422518,-0.15853438052224006,1.2852289873890055,-0.20568752617346672,-2919.05205995973
739,-425.61940359444,0.9040151108072798,0.13654881912275205,4.0,23.0,0.0,427.7352246896896,0.7111623760251383,0.2888376239748617,0.23532344962928647,0.7646765503707136,-1.1108985385097179,0.4040170065821497,-0.2546097486557043,0.8353169883830082,-2915.4289854058457
740,-425.84119944520626,0.9870197284483581,0.13684817524717136,3.0,7.0,0.0,428.66537860967804,0.578735903433261,0.421264096566739,0.9338667383784617,0.06613326162153832,0.09854253022399534,1.9879602400324758,0.20642761624988837,-0.3417381657357932,-2909.0640400014463
741,-420.62271432232325,0.8818593098092922,0.11567436399858164,4.0,15.0,0.0,425.86801930196583,0.44738001978837594,0.5526199802116241,0.2856926114308083,0.7143073885691917,0.45954052027906495,0.039996663068021104,-0.1699310893319177,0.39175789136112715,-2884.5861165165074
742,-424.1914906022478,0.9755270205898406,0.13029595485773016,3.0,7.0,0.0,427.98174899734283,0.021195615033692165,0.9788043849663078,0.5286833288583608,0.4713166711416392,0.3622094616244771,-0.21506813482938333,1.030220436800629,0.283571816241593,-2892.7027450218184
743,-425.61940359444,0.36822794461300906,0.13654881912275205,2.0,3.0,0.0,432.59222882306415,0.7111623760251383,0.2888376239748617,0.23532344962928647,0.7646765503707136,-1.1108985385097179,0.4040170065821497,-0.2546097486557043,0.8353169883830082,-2915.4289854058457
744,-424.32983292646486,0.9668225727888337,0.13684817524717136,5.0,31.0,0.0,427.2225268185091,0.26649886375582044,0.7335011362441796,0.884246885362352,0.11575311463764804,0.09196252703177636,1.3429258251701957,-0.32698922830451055,0.48754758784845953,-2902.2839887378823
745,-421.4482594715439,0.9763877681411642,0.11567436399858164,4.0,23.0,0.0,421.816615834515,0.71121301405151,0.28878698594848995,0.676111930948143,0.32388806905185696,0.11398908214594174,-0.2333299648358606,0.40969830201858354,-0.47355268824048163,-2889.4395237937433
746,-425.18746768169973,0.9699646937473041,0.13029595485773016,4.0,15.0,0.0,426.440234644015,0.008487646361429416,0.9915123536385706,0.6380078899069904,0.3619921100930096,0.19219095135967995,-0.17758553804168825,0.7845864666818553,-0.005963344560484682,-2893.3737559159276
747,-423.1791448748744,1.0,0.13654881912275205,3.0,7.0,0.0,426.38827144726844,0.5830764246206558,0.4169235753793442,0.17046392666946553,0.8295360733305345,-1.0098566741198094,0.3241872227006115,-0.13285342094792402,0.7648460115020912,-2898.444322864307
748,-422.5437328395372,0.8836956932115937,0.13684817524717136,3.0,15.0,0.0,429.7400764405015,0.6554386176892406,0.3445613823107594,0.6879076054460349,0.3120923945539651,0.13547909624166876,0.38943419307128246,0.13127286389237156,0.5565023970468994,-2897.4933527404246
749,-422.91715652332886,0.7461298521945483,0.11567436399858164,4.0,15.0,0.0,427.70995920835026,0.7726252819073813,0.22737471809261867,0.5934073310525046,0.40659266894749535,-0.31506863849752803,0.2374476120594602,0.1341659195897209,0.5363018259738639,-2899.1749654604228
750,-423.3414404409947,1.0,0.13029595485773016,5.0,31.0,0.0,427.8469026424214,0.9753472966642791,0.024652703335720894,0.7729444439573651,0.22705555604263494,-0.11290692773925284,0.8350953483457393,0.11133999309300271,1.5462143846094454,-2883.879639257288
751,-422.1144939770491,0.9776848005137727,0.13654881912275205,4.0,31.0,0.0,425.8418697969623,0.7793850451808805,0.22061495481911952,0.19441335690993544,0.8055866430900646,-0.776187327047407,0.16165386754125027,-0.010882874435858739,0.8351507849658668,-2889.7501407592476
752,-422.6080229157265,0.9978274929331908,0.13684817524717136,5.0,31.0,0.0,426.6250043914828,0.5632903833874218,0.43670961661257823,0.832071587364745,0.16792841263525504,0.10315960210921246,-0.3558569412040959,0.524773736361133,-0.497729917228827,-2895.419970417189
753,-423.7511021310776,0.9618201328467658,0.11567436399858164,4.0,23.0,0.0,428.60869444575405,0.9652612508935315,0.03473874910646846,0.6469039189328114,0.3530960810671886,-0.0729979027959992,0.7503737982283205,0.062230390011579484,1.3196129241720862,-2891.5177553520703
754,-424.51226912952507,0.8772236451143375,0.13029595485773016,3.0,15.0,0.0,425.70428937366734,0.9049808365973468,0.09501916340265315,0.9172849646140342,0.08271503538596581,0.047947697745716056,0.4938998309416749,0.18685939995036333,1.534356701932883,-2895.390008695266
755,-421.9959466989723,0.853261926529359,0.13654881912275205,5.0,31.0,0.0,425.13935881816286,0.8600153288097364,0.1399846711902636,0.451067931613431,0.548932068386569,-0.10099693214839336,0.3234221832147396,0.11636217907802836,1.1776568120752802,-2889.469817480768
756,-421.13851671801,0.8686840496715846,0.13684817524717136,4.0,15.0,0.0,424.6042629051213,0.6368020850340452,0.36319791496595477,0.8078025100936493,0.19219748990635066,0.20667651102425766,-0.11560130355117533,0.42768564487544525,-0.33103175545638885,-2885.8402919280516
757,-424.86230986281925,0.9522473195783748,0.11567436399858164,3.0,7.0,0.0,425.32918624862026,0.9678711110162079,0.03212888898379207,0.6226469668406095,0.3773530331593905,-0.04601264134528353,0.805468475934749,0.11293497497953306,1.3368419476109732,-2898.7493875066066
758,-425.9027845380789,0.9746163081812472,0.13029595485773016,5.0,47.0,0.0,427.6648270485709,0.986153498022361,0.013846501977639036,0.37350000833764385,0.6264999916623561,0.196592464166719,-0.12173255023216716,-0.01609145086383216,2.435239113602271,-2897.1723877926015
759,-424.1681835374588,0.772242676808549,0.13654881912275205,3.0,7.0,0.0,425.6294184425998,0.9004613444113441,0.09953865558865593,0.6129922652045032,0.38700773479549677,-0.12992760837353415,0.15155922175764042,0.2182846747183994,1.2954029687229087,-2901.925312252334
760,-422.912999467092,0.9539515421245368,0.13684817524717136,4.0,31.0,0.0,425.6199634688026,0.9490784037954366,0.05092159620456338,0.6218028875665249,0.3781971124334751,0.49913428751708744,-0.39260475306166787,0.18033802860187925,-1.0437412094112897,-2889.1351197911877
761,-424.44028134250686,0.9993241797353382,0.11567436399858164,3.0,7.0,0.0,426.8393532763557,0.9206947316179834,0.07930526838201657,0.7326799125257449,0.26732008747425506,0.06391535110041031,0.49772645043181724,-0.08309673587838652,1.7672901376733148,-2899.6690860752797
762,-426.2759618488626,0.9878654804673209,0.13029595485773016,5.0,47.0,0.0,430.5056997731894,0.5306755796202421,0.46932442037975786,0.7123252675216996,0.28767473247830044,0.26755294156257486,0.10586334285536234,0.18560722418977554,-0.45372213033427583,-2923.7790052953906
763,-422.0424706742896,0.9995551636667075,0.13654881912275205,4.0,31.0,0.0,426.4684417953123,0.6228648528579689,0.3771351471420311,0.039984338182419164,0.9600156618175808,0.2723260867876712,0.057940645883350295,-0.023927099636993725,0.37736141233428366,-2882.6495105458794
764,-422.4211535609848,0.9916395052355759,0.13684817524717136,4.0,31.0,0.0,424.33110923757863,0.8503633378058048,0.14963666219419525,0.8255319185746024,0.1744680814253976,0.004036546918093069,-0.11763160423721422,0.18595705161081263,-0.47986319188545534,-2890.1145811975884
765,-421.32312204714793,1.0,0.11567436399858164,5.0,31.0,0.0,425.46429676521154,0.6456302676251352,0.3543697323748648,0.12492530752902341,0.8750746924709766,-0.6352080752708326,0.24124323680312504,0.0533407450331948,0.17319635350206994,-2884.4912508310413
766,-423.75986984160045,0.9869366063166652,0.13029595485773016,3.0,15.0,0.0,430.44613878818365,0.9650120058441154,0.034987994155884605,0.11933772057869776,0.8806622794213023,-0.1981243046352818,0.23039178204892952,0.1227499637422777,-0.7402011928855448,-2887.6953148436655
767,-421.66096694353496,0.931752013939583,0.13654881912275205,4.0,15.0,0.0,423.5165962986724,0.4856329413143743,0.5143670586856257,0.623579380936961,0.37642061906303903,-0.2348996808907435,0.2391268632507696,0.06253484055927305,0.13492122715609883,-2893.021170040376
768,-421.16422501915065,0.9930875584343289,0.13684817524717136,3.0,11.0,0.0,423.7863968780387,0.7232678517138538,0.27673214828614623,0.6648757000895007,0.3351242999104993,0.2938715495387166,-0.1252860739249487,0.4219407541020662,-0.42103363113532655,-2887.4207426604544
769,-422.5179386480334,0.9699846345999288,0.11567436399858164,4.0,15.0,0.0,423.4050642885499,0.06246263021715581,0.9375373697828442,0.18270503727240645,0.8172949627275936,-0.7910706867938266,0.24690116731108172,0.1835765634242016,0.11740322456043871,-2885.27844700289
770,-427.3371071273456,0.952222248079788,0.13029595485773016,3.0,7.0,0.0,430.26626819841243,0.9520892697989907,0.04791073020100933,0.414530799275815,0.5854692007241851,-0.8905318663898667,0.42327001432711026,0.24796629465047998,-0.8598385257484521,-2919.3004010553345
771,-422.8124423183425,0.9845127629239133,0.13654881912275205,3.0,11.0,0.0,423.7531693420706,0.592238379963265,0.407761620036735,0.14388863001336424,0.8561113699866357,-0.3427268187957613,-0.012579601409216407,0.11771291678858231,0.39922716309346207,-2896.1530485610992
772,-421.09615807704773,0.9960886912998355,0.13684817524717136,4.0,31.0,0.0,423.77807643680546,0.5693767586827967,0.4306232413172033,0.506708524240797,0.49329147575920296,-0.23914032344146588,0.583862835732915,0.4829258318185101,-0.22084607894515185,-2888.9540888784572
773,-422.37628207864196,0.9763293362866995,0.11567436399858164,5.0,31.0,0.0,424.10182116912915,0.11489296813817818,0.8851070318618218,0.20651863742516305,0.7934813625748369,-0.8543698754295967,0.24580894626130886,0.06570687395643143,0.12226296169937305,-2888.689155996743
774,-427.18045879340923,1.0,0.13029595485773016,4.0,15.0,0.0,428.82386750890686,0.8897957768886811,0.11020422311131894,0.020693210043876663,0.9793067899561233,-0.7168689578145813,-0.07744338229077735,0.13587224222128846,-0.869852195444073,-2906.766429183528
775,-422.2126540843234,0.9796962107484317,0.13654881912275205,4.0,27.0,0.0,424.31420212117337,0.4812214011702217,0.5187785988297783,0.11305842515971769,0.8869415748402824,-0.08196554689053848,0.21906520807683316,-0.30640596118290536,0.4909307448186524,-2890.732704699878
776,-422.5509829034048,0.8581523295460001,0.13684817524717136,3.0,7.0,0.0,424.8828801572921,0.4707454689379191,0.5292545310620809,0.3812842500377459,0.6187157499622541,-0.5727682839145893,0.5259506206731812,0.5117393992427666,-0.325703508446894,-2898.462056002989
777,-420.6595822373173,0.9913773266589112,0.11567436399858164,5.0,31.0,0.0,424.65295439463466,0.24246347190159456,0.7575365280984054,0.6210207196552444,0.3789792803447556,0.37573814103982295,-0.3258815206401575,0.32344655908574116,0.15599032554200484,-2883.789499419185
778,-427.3520814524307,0.9957520921516055,0.13029595485773016,5.0,39.0,0.0,432.91591932257063,0.35881572909468307,0.6411842709053169,0.14549874939435753,0.8545012506056424,0.9775801340332715,-0.2972550934612488,-0.7062399352516487,0.549626981431606,-2925.8989806154864
779,-422.0146173690752,0.9107807225986015,0.13654881912275205,4.0,23.0,0.0,427.39217100737875,0.29929961037709263,0.7007003896229074,0.8882334082248176,0.11176659177518244,0.0800840104295861,0.15449917267180918,0.013944931096741983,0.36742423788494927,-2888.2850343818163
780,-424.47734431194215,0.9004439856738599,0.13684817524717136,4.0,31.0,0.0,426.24221387038693,0.5926830308474135,0.4073169691525865,0.2382344631260578,0.7617655368739422,-0.8266672194553919,0.5526471802960389,0.49869693777866875,-0.2503222059427594,-2909.4563708927217
781,-421.7036598597979,0.9279939635061086,0.11567436399858164,5.0,63.0,0.0,422.6453854035998,0.8716560865874451,0.1283439134125549,0.704432322324115,0.295567677675885,0.11432661604093153,0.1314703095557955,0.04181701470837906,1.2199090899148985,-2885.742412942059
782,-421.2032916620964,0.9971798370249082,0.13029595485773016,3.0,7.0,0.0,428.64972223604593,0.2983016944222338,0.7016983055777661,0.23505972909658698,0.764940270903413,0.3376396092658871,0.11373647988247765,-0.01861024842259551,0.30515741976667093,-2886.72306783783
783,-424.88574419907616,0.9053403339956299,0.13654881912275205,4.0,15.0,0.0,426.62694212927624,0.8632169864761507,0.13678301352384925,0.98936295340388,0.01063704659611997,0.0684194985655328,0.2993672793944024,0.20280738797288128,-0.806038766085961,-2888.112088456287
784,-422.09731088252835,0.9969727940186794,0.13684817524717136,3.0,15.0,0.0,426.63333435009184,0.6716101661091474,0.32838983389085263,0.4021629771318536,0.5978370228681464,-0.4750224766538307,0.32804604566670736,0.2852034754084145,-0.48165104973829564,-2894.898774791228
785,-422.1672443698034,0.9578840945986702,0.11567436399858164,4.0,15.0,0.0,423.52617213205514,0.9292608559606182,0.07073914403938175,0.484839851782934,0.515160148217066,-0.0893184561848216,0.1290315862230185,0.03944446486262322,1.458699511564967,-2885.9818209180007
786,-421.04727672242336,0.996681657842661,0.13029595485773016,5.0,31.0,0.0,422.0707258888128,0.2792455349493572,0.7207544650506428,0.6595070098178989,0.3404929901821011,0.3013362854046942,-0.4782816219286621,-0.15208336328542868,0.36453697133923285,-2886.689355691513
787,-425.873794727243,0.9686398388179841,0.13654881912275205,4.0,31.0,0.0,428.33140609090714,0.9859031823698339,0.014096817630166125,0.9803643545111856,0.019635645488814357,0.06389672405002188,0.43184307452189324,0.14142710255325647,-1.3750321077215744,-2883.19268366214
788,-421.03183482902875,0.8640293811364399,0.13684817524717136,3.0,7.0,0.0,424.1934819320103,0.7114042862727394,0.28859571372726056,0.2591553761493525,0.7408446238506474,-0.367855096718432,0.23512690666594588,0.3678546222672633,-0.4918722018933285,-2885.558085644468
789,-422.2292986505596,0.9931317027642291,0.11567436399858164,4.0,15.0,0.0,422.70574043320653,0.9460295623302508,0.05397043766974918,0.5197671108553118,0.4802328891446882,-0.008915832420538457,0.30445953266621933,0.14649642799055662,1.3515030786780913,-2884.8446683857082
790,-421.59932077711517,0.8575181845791306,0.13029595485773016,4.0,31.0,0.0,425.55739584914915,0.6912720804629542,0.3087279195370458,0.6758333946329687,0.32416660536703135,0.33600933202642647,-0.1583950142336254,0.4181779835644297,-0.5127603339039467,-2890.6505268488936
791,-426.81975826402515,0.939948291996361,0.13654881912275205,4.0,15.0,0.0,427.76749284018746,0.8902975974011357,0.10970240259886432,0.9843536827576819,0.01564631724231813,-0.0008707853955423964,0.6997950474078242,0.3117577190330929,-1.4161602335122596,-2901.2311954474735
792,-424.0849652255733,0.9849285097909583,0.13684817524717136,5.0,31.0,0.0,425.83336141236765,0.9895138868965246,0.010486113103475359,0.17769937958330143,0.8223006204166986,0.5402928381844325,0.01906767635223236,0.11966081842732972,-1.2268898336273433,-2883.068592265557
793,-423.71351891825844,0.9558117405905265,0.11567436399858164,4.0,15.0,0.0,424.9448460926641,0.9585010914266776,0.04149890857332239,0.21397952872713435,0.7860204712728657,-0.5437578059621403,0.24168959897234202,0.22489119490313111,1.529835821655543,-2889.951061351528
794,-421.61860981437,0.8559751808095187,0.13029595485773016,3.0,7.0,0.0,424.3772974137019,0.7588211832521895,0.2411788167478105,0.6505886781968858,0.3494113218031142,0.3822514510127367,-0.3858544906037383,0.43494882512876026,-0.29402747291987497,-2889.981631864064
795,-421.73917199771415,0.9957283632610431,0.13654881912275205,4.0,31.0,0.0,427.6445949821485,0.9335607241400585,0.06643927585994147,0.44205017633856186,0.5579498236614382,-0.27235371581988765,0.2481940014570234,0.13450532976580035,0.15926661313728158,-2884.241574438213
796,-423.9383013830283,0.9932782358492148,0.13684817524717136,4.0,31.0,0.0,427.6203428068908,0.9656930025183729,0.03430699748162713,0.6432068199891438,0.35679318001085625,0.04638812156636514,0.14165862869051601,0.2570620075671395,-2.040474138829843,-2891.0863686514667
797,-425.1337960888402,0.9833272353019024,0.11567436399858164,5.0,31.0,0.0,426.6730210761676,0.9175418684661277,0.08245813153387227,0.05285148177624816,0.9471485182237518,-1.144574953924586,0.21181796346282666,0.06323902201228421,1.9112668446779733,-2893.8743683371767
798,-421.1696691895563,0.9380603270724542,0.13029595485773016,4.0,15.0,0.0,423.59483604351,0.4659398268168244,0.5340601731831756,0.8484717953853754,0.15152820461462457,0.2869783406367759,-0.639326828559608,0.24666104555502388,-0.016158579966774222,-2885.081996291079
799,-424.427949147834,0.8989752851663545,0.13654881912275205,5.0,39.0,0.0,427.4464932164994,0.10763076813070852,0.8923692318692915,0.038060494321942216,0.9619395056780577,-1.8865617669949972,0.15732864817608697,-0.5639852701477087,0.14890811080016456,-2889.425115948027
800,-423.98898040211645,0.9168516828961036,0.13684817524717136,4.0,23.0,0.0,425.5559010139112,0.9774765943546365,0.02252340564536348,0.5613247059425117,0.4386752940574883,0.31162122208153575,0.0002229326686104564,0.26739948326863017,-1.6120264040192245,-2890.381942559838
801,-424.66674663503267,0.9786902299630871,0.11567436399858164,5.0,47.0,0.0,427.6254908603353,0.9214510167763084,0.07854898322369164,0.9518483122263929,0.04815168777360712,0.11248492251880925,-0.6194305506097657,0.0024936839238260955,1.8503716310263807,-2890.7617871016932
802,-422.2050707714676,0.8854714318096734,0.13029595485773016,3.0,7.0,0.0,423.187285740598,0.6308614706363099,0.36913852936369007,0.8310705165369778,0.16892948346302217,0.3822591218328626,-0.7596303516245653,0.25401028933371406,0.126123773033097,-2892.1669937275024
803,-423.1385906835518,0.9996820055749337,0.13654881912275205,5.0,47.0,0.0,425.8900394314609,0.8671300432469866,0.13286995675301339,0.6435577767398881,0.3564422232601119,0.36088669551065405,0.0568459471511026,0.09605910462972934,-0.03039159987177155,-2897.7160301072645
804,-423.53552330605686,0.9935797851762992,0.13684817524717136,4.0,23.0,0.0,424.7505763924373,0.955091688692059,0.04490831130794104,0.7737680154853589,0.2262319845146411,0.26440624886672665,-0.3794630237428951,0.2408740452781191,-1.7281448653460278,-2889.075145518283
805,-426.20154276081627,0.9095839985764388,0.11567436399858164,4.0,15.0,0.0,427.79377947805017,0.989640611496941,0.010359388503058953,0.8236742721208026,0.17632572787919742,0.28231071617279996,-0.908557160258442,0.2699906859374672,1.7360643106135798,-2895.6817341381006
806,-420.68698681653007,0.9999181482006373,0.13029595485773016,5.0,31.0,0.0,422.95785215405465,0.30717971614423106,0.6928202838557689,0.8059939710671146,0.19400602893288543,0.2111500066142768,-0.5279801789814232,-0.14896545874114164,0.2940245325199237,-2882.123676150886
807,-422.6294791536021,0.9620156056902728,0.13654881912275205,4.0,15.0,0.0,425.5019045887565,0.1609911751839399,0.8390088248160601,0.20018388585262165,0.7998161141473783,-0.6409650914190312,0.3704699432858129,0.4710752547198744,-0.03294234207282262,-2892.2720364575152
808,-422.4822605290181,0.9999717141872563,0.13684817524717136,5.0,31.0,0.0,423.945719819895,0.9606353866264747,0.03936461337352526,0.6682273947863954,0.33177260521360463,0.2997875853138542,-0.39851156522216863,0.1641240335380301,-1.137261869803311,-2884.0199969165947
809,-423.5204976824505,0.9627227620332957,0.11567436399858164,5.0,59.0,0.0,431.59650585753326,0.6909341689318372,0.30906583106816277,0.029192846012802826,0.9708071539871972,-1.6725431508737585,0.04005632688323518,0.1210612406348296,0.350901430822223,-2887.7596557143447
810,-421.1486655185025,0.9363279965726641,0.13029595485773016,5.0,31.0,0.0,422.11608218962544,0.8174144708722813,0.18258552912771875,0.6593896918413683,0.3406103081586317,0.18199746214371293,-0.35763857530620474,0.07032750756853742,0.444280695429801,-2885.4221770976505
811,-422.9685996860128,0.9926121897665217,0.13654881912275205,5.0,31.0,0.0,425.0415245267282,0.04544653851123658,0.9545534614887634,0.13463675213894613,0.8653632478610539,-0.6346204343832124,0.2649514762198664,0.9422507350338145,0.1513701425555828,-2884.0439696560443
812,-421.3622736744499,0.9586768276873697,0.13684817524717136,4.0,31.0,0.0,426.2013724110024,0.49613569328251916,0.5038643067174808,0.9162650265991373,0.08373497340086267,0.1731940964061801,-0.6198527003538714,0.1072851324457867,0.28313502042213834,-2882.918061317081
813,-421.5424785683677,0.9258154423812894,0.11567436399858164,5.0,31.0,0.0,426.1390779401198,0.8418308008229628,0.1581691991770372,0.5394675107781786,0.46053248922182144,-0.0837143562759696,0.531436417665729,0.052446049529353334,0.7771917343930617,-2887.5912008900077
814,-420.39507986949747,0.9601184681410528,0.13029595485773016,4.0,15.0,0.0,423.08570764644344,0.3424595816770492,0.6575404183229507,0.3861274814795847,0.6138725185204152,0.15411490667782096,0.08449029581661886,-0.2847856878552914,0.35794252125799464,-2883.536469478888
815,-420.92174803630576,0.9744785287533193,0.13654881912275205,5.0,31.0,0.0,424.4969789983913,0.19994745691978066,0.8000525430802193,0.7192910262552169,0.2807089737447831,0.34669316424623214,-0.3946305821982199,0.5137162838063252,0.07725589623348936,-2883.440860077357
816,-421.3018679496438,0.9985891152930236,0.13684817524717136,4.0,31.0,0.0,422.83476389006086,0.49822657795577213,0.5017734220442278,0.906526958682919,0.09347304131708101,0.09518786258976043,-0.2530159696577202,0.4603476154069327,-0.07876988496301904,-2883.3726517966797
817,-421.6770115423799,0.9923122552124023,0.11567436399858164,4.0,31.0,0.0,423.55385787982783,0.9247926893718418,0.07520731062815822,0.4904937432674588,0.5095062567325412,0.4825080162275734,-0.1515114799038737,0.11815716230947973,0.40103634292801776,-2884.4771950470667
818,-420.9542376528416,0.9808939279858675,0.13029595485773016,5.0,31.0,0.0,421.900267132433,0.7240964346649185,0.27590356533508154,0.1757832518158926,0.8242167481841074,-0.5229035959318971,0.15338782807460877,0.2554896562015631,-0.09173866663485827,-2883.059059896571
819,-421.3871997804652,0.9967006193187182,0.13654881912275205,4.0,15.0,0.0,422.0451535533216,0.7495125585822361,0.2504874414177639,0.8079928570535126,0.19200714294648735,0.05445866799585562,-0.23790655696678056,0.24441034704875458,-0.21592943891917707,-2886.269843325822
820,-422.2265410779958,0.8797639705152015,0.13684817524717136,5.0,31.0,0.0,423.46537202913265,0.14487346878162166,0.8551265312183783,0.5345206817683111,0.46547931823168887,0.4027682332793544,-0.4516738917094374,0.03896296388264636,0.27934634236968164,-2892.217350251824
821,-421.66077416889397,0.8947881465022903,0.11567436399858164,4.0,15.0,0.0,424.6054006984792,0.8586762882470237,0.1413237117529763,0.16477441207365642,0.8352255879263436,0.4122768868186366,0.021108501644451966,0.15703219071899216,-0.3722018405028795,-2884.172790659155
822,-422.6702945457549,0.9975597302179472,0.13029595485773016,5.0,31.0,0.0,423.6187957664047,0.9160648099435847,0.08393519005641525,0.09047073928110612,0.9095292607188938,-0.23679080237112904,0.10195063737820037,0.23010275052692725,-0.8654232689890374,-2883.9796300136763
823,-422.9903873289343,0.9304491294237474,0.13654881912275205,4.0,15.0,0.0,424.6705925926043,0.8895580499460601,0.11044195005393986,0.12419094857744181,0.8758090514225582,0.358279044870585,0.15319018885620472,0.3218177945978415,-0.6976550970572895,-2889.920101083764
824,-421.3507829936393,0.7807127768529406,0.13684817524717136,4.0,15.0,0.0,424.8111843652767,0.22079417504255583,0.7792058249574442,0.32301189587411894,0.6769881041258811,-0.09080234160594304,0.33834835682077974,0.13198565434956627,0.1633420188955442,-2887.785420654748
825,-424.83842948167205,0.9219319665510345,0.11567436399858164,4.0,15.0,0.0,426.7250442426554,0.9175668903076826,0.08243310969231743,0.04251328685554607,0.9574867131444539,0.3689404261010915,-0.019808908972936495,0.27159600061034284,-1.258707412439502,-2893.1815141947327
826,-424.5897242529031,0.9068060859521951,0.13029595485773016,4.0,31.0,0.0,427.7041509971905,0.8177157166614271,0.18228428333857294,0.008153161064946726,0.9918468389350533,0.8192056555065425,0.0898045386415033,0.3549361529459407,-0.5624348063006199,-2885.5667714664733
827,-422.0322479686012,0.9830248701278961,0.13654881912275205,4.0,15.0,0.0,426.7086116722243,0.586717967855439,0.41328203214456105,0.09793824388659794,0.9020617561134021,1.1298944777732451,0.09272730462057263,0.36887696269241077,-0.09583785224972263,-2887.5115237463274
828,-420.16855177904125,0.992867327564879,0.13684817524717136,3.0,15.0,0.0,422.8924371438835,0.41182735556787736,0.5881726444321227,0.3296552601995905,0.6703447398004094,-0.12142723947723687,0.18330549662417484,0.0996556768249772,0.1662131285528291,-2882.124510479352
829,-424.3152683980355,0.934959385492847,0.11567436399858164,3.0,7.0,0.0,425.93172230860137,0.9276738180413358,0.07232618195866425,0.03899773198211445,0.9610022680178856,0.4290054261879865,0.08972211493415685,0.2549302165087803,-1.288805639950791,-2888.0622356443346
830,-421.3058896698735,0.9666941922184628,0.13029595485773016,4.0,15.0,0.0,425.63132873491827,0.5398722146560196,0.46012778534398036,0.17039722232933152,0.8296027776706685,0.8065920225732208,0.009212827523780817,0.3293825689908802,0.1124623153262139,-2886.476745442463
831,-424.0919540407341,0.9744309424594524,0.13654881912275205,5.0,31.0,0.0,426.63463190812917,0.1913202246473613,0.8086797753526387,0.9872262355062115,0.01277376449378853,0.1791110350503365,0.010286866284454188,0.44728042479243996,0.06098590972039057,-2886.21959670895
832,-422.29033460506673,0.9576498666724808,0.13684817524717136,5.0,31.0,0.0,423.29839669689545,0.03877897888714279,0.9612210211128572,0.5841827845893064,0.4158172154106936,0.21844944800892027,-0.05293496601941713,0.16152692674070326,0.21956458979823837,-2884.4731205508956
833,-421.8151701673738,0.9681912686084325,0.11567436399858164,4.0,31.0,0.0,425.3598478671358,0.9218303163189787,0.07816968368102128,0.4893274621236682,0.5106725378763318,-0.3017680900786127,0.2948235857085044,0.193960965983467,-0.5714881239238618,-2885.5792171783855
834,-421.18979438135796,0.9983148020793026,0.13029595485773016,4.0,31.0,0.0,422.19616523133016,0.7716222895312608,0.22837771046873923,0.8292645130021277,0.17073548699787233,0.11172775570374213,-0.24695631241384913,0.33162071605299814,-0.31936424041234424,-2883.7339306561635
835,-423.5212124237834,0.9462473964198476,0.13654881912275205,4.0,31.0,0.0,425.7857753039665,0.1458209533128081,0.8541790466871919,0.9803579963703917,0.01964200362960833,0.06023236231248967,-0.4089557537632673,0.4260726558174775,0.14578983346626667,-2883.5843581443246
836,-421.3726074912665,0.9866306934824481,0.13684817524717136,4.0,31.0,0.0,423.28600834079003,0.4942976759557004,0.5057023240442996,0.5125566616425709,0.48744333835742915,-0.31013380716894623,0.40838384340332035,0.46121116902301607,0.09251175022751026,-2891.1631112755445
837,-421.1670622868336,0.9790887789686454,0.11567436399858164,5.0,31.0,0.0,422.9053991649472,0.24363757423558163,0.7563624257644184,0.6689183052254783,0.33108169477452165,0.2668662978482075,-0.5106006849543738,0.14670550434674312,0.2121205912780012,-2886.8784804008983
838,-424.9505151200618,0.9600248111870664,0.13029595485773016,3.0,15.0,0.0,429.9458355219527,0.9592887348480508,0.04071126515194923,0.03575760675428648,0.9642423932457135,0.19954659152595525,0.20407112167662267,0.20229573654829813,-0.25426201240985913,-2889.6308924404775
839,-422.1656330510643,0.9619612556506386,0.13654881912275205,4.0,31.0,0.0,424.85469578334784,0.39697966093602177,0.6030203390639782,0.49581208192905474,0.5041879180709452,0.3275098974497801,-0.43488365638206694,0.49711853824813224,-0.20059254080618566,-2896.2603204319353
840,-420.91279465118873,0.9989189206384993,0.13684817524717136,4.0,15.0,0.0,422.2584333723957,0.37921327020878204,0.620786729791218,0.7099556638857493,0.29004433611425073,-0.12777052117649249,0.4604212172611163,-0.11725298269664204,0.17205393727139923,-2886.420313709071
841,-421.13644287939076,0.8025713663787267,0.11567436399858164,2.0,3.0,0.0,423.6255508479932,0.28134319799433466,0.7186568020056654,0.7106638425423154,0.2893361574576846,0.3144944495819455,-0.4733643279595862,0.09548512800871045,0.049877470546303454,-2886.8500328137907
842,-426.1891465434264,0.9734398716862414,0.13029595485773016,5.0,31.0,0.0,427.7010636742148,0.05681093108795237,0.9431890689120477,0.814733472536573,0.18526652746342698,0.48273682451809047,-0.6596751263307402,-0.16372125215560204,0.029507474791241668,-2910.1322477649533
843,-422.0946884790014,0.8716550277566704,0.13654881912275205,2.0,3.0,0.0,424.78829017071007,0.4392945633597633,0.5607054366402366,0.4125375228558626,0.5874624771441375,0.40742206174655016,-0.4031220890234799,0.5221787740018877,-0.07279401770578744,-2895.7335277483603
844,-420.9660587010438,0.94966528169864,0.13684817524717136,4.0,23.0,0.0,422.7353138284391,0.8396552702020409,0.1603447297979591,0.3215826227632547,0.6784173772367452,0.11254041483140911,0.08152967811402194,-0.008129948123018718,0.7193764533140999,-2883.0985393000933
845,-420.9743373547638,0.999373426583417,0.11567436399858164,5.0,31.0,0.0,421.81205183167384,0.8206757780089607,0.17932422199103926,0.2762236031956445,0.7237763968043556,0.042653100799836106,0.06020396981484244,0.019714154694857662,0.5335946896880305,-2883.3800401048734
846,-424.6203487455393,0.9905108269802279,0.13029595485773016,5.0,39.0,0.0,429.5377989114687,0.08703438323903953,0.9129656167609604,0.2991306412435688,0.7008693587564312,-0.6346691361351624,0.3995816519441223,-0.6825564944852281,0.02762551312584763,-2903.998845784844
847,-421.63077648756285,0.9929871574754142,0.13654881912275205,3.0,7.0,0.0,423.2841249266401,0.4334894906204273,0.5665105093795727,0.38423230279573034,0.6157676972042696,0.5609248614380693,0.03086327964407247,0.5125651171376174,-0.1184932369863312,-2892.354443780795
848,-421.3544279674738,0.9278851517726393,0.13684817524717136,3.0,15.0,0.0,424.5306835846964,0.8435438778907111,0.15645612210928894,0.5976029857912329,0.40239701420876706,-0.2643118304878254,0.4251329633031348,0.1678443736996143,0.39731629142848607,-2886.4026514393404
849,-421.2603916979457,0.9631303070890168,0.11567436399858164,4.0,31.0,0.0,422.4370078164728,0.8292507648846075,0.17074923511539253,0.23654745657690193,0.7634525434230981,-0.1425624639853752,0.1537936028404831,-0.018468471339716064,0.5396424700144458,-2884.348051599656
850,-423.95223254667843,0.9343828286317283,0.13029595485773016,3.0,7.0,0.0,427.76891449628,0.20578853995053795,0.7942114600494621,0.43107773428121965,0.5689222657187804,-0.25351610818529313,0.39873861623676843,-0.7614549669148631,0.5545047349657077,-2905.378546634854
851,-421.87058362364985,0.9568765690075947,0.13654881912275205,4.0,15.0,0.0,423.42795584045035,0.3637392565577139,0.6362607434422861,0.24548688281092115,0.7545131171890789,0.39279696317980584,-0.12600895881698362,0.08344256208895781,0.004154312787164039,-2892.268714538696
852,-422.2866735484217,0.9155742169756529,0.13684817524717136,4.0,15.0,0.0,423.11533596372857,0.8091292344962165,0.19087076550378346,0.7319325227352164,0.26806747726478364,-0.15498691432215245,0.295177814818123,0.21844542882081036,0.30930590029792454,-2892.679976876358
853,-423.3468896498206,0.9959474149364452,0.11567436399858164,4.0,15.0,0.0,424.29459812908027,0.8321950715753158,0.1678049284246842,0.018793756971105236,0.9812062430288948,-0.2274300173417168,0.05600056704283906,0.0654433001918772,0.49351561161343555,-2882.932374852917
854,-421.75793945958327,0.9510600295507036,0.13029595485773016,4.0,31.0,0.0,427.201476159662,0.32611006845186113,0.6738899315481388,0.8052834397096695,0.19471656029033046,-0.0847094179826896,0.3273103001664302,-0.18556594454981445,0.1778088711651588,-2889.9797165304904
855,-421.5653375003259,0.9979972708537228,0.13654881912275205,3.0,15.0,0.0,422.608491588905,0.5854692786325532,0.41453072136744684,0.27540714928438953,0.7245928507156105,0.18486314794188274,-0.02520242218373664,-0.15577413503358883,0.2814711457501738,-2891.036847850674
856,-422.71553146729127,0.9981550671619877,0.13684817524717136,5.0,31.0,0.0,426.67603697924056,0.0624914460024166,0.9375085539975834,0.3406651799118965,0.6593348200881035,0.18998850209026372,-0.1415454702352628,-0.21451915728599652,0.11826948906324829,-2890.000203789144
857,-424.4026254171607,0.8286611485148726,0.11567436399858164,5.0,31.0,0.0,427.022643208979,0.45811503060422504,0.541884969395775,0.08569864217842457,0.9143013578215754,-0.17305405672921362,0.2544720270904018,-0.20532273750772628,0.704174062917013,-2903.90762124231
858,-422.24983974650354,0.9852059133209818,0.13029595485773016,4.0,31.0,0.0,426.23171406854715,0.45217129517902815,0.5478287048209718,0.8990894658295983,0.10091053417040174,0.11998256733116375,0.7425636165907777,-0.10877250343510383,0.5135226535465189,-2889.8545340511055
859,-420.3346728242037,0.9977925480841588,0.13654881912275205,5.0,31.0,0.0,423.0958727231473,0.40589520941528456,0.5941047905847154,0.6239252714841151,0.37607472851588486,0.40463979016055796,-0.36153916875000147,-0.03777981801701274,0.2903047305452088,-2883.4013772138146
860,-420.9251951873081,0.9766710867196997,0.13684817524717136,3.0,7.0,0.0,423.742690208666,0.18625308676329336,0.8137469132367067,0.2932681325012397,0.7067318674987604,0.4993475107507211,-0.02775216355180353,-0.45638434652814597,0.2924381411786344,-2883.274105562441
861,-424.7766827992722,0.9916922895169,0.11567436399858164,5.0,31.0,0.0,427.4786466801604,0.0287748644035965,0.9712251355964034,0.7843514361625556,0.21564856383744435,-0.05194478602595153,1.0315277236142448,0.32507529659307244,0.2655158156631006,-2896.192896085946
862,-423.3035518803664,0.9342797073929185,0.13029595485773016,4.0,23.0,0.0,426.94310437400213,0.37618585515839853,0.6238141448416015,0.3618208278387256,0.6381791721612744,-0.37705913751367826,0.5759135678736448,0.1500502263763457,-0.057738917741080316,-2903.5075733033714
863,-420.927608751012,0.9407556432938001,0.13654881912275205,4.0,15.0,0.0,421.52640063656673,0.6677530802642592,0.33224691973574083,0.7897494932360603,0.21025050676393975,0.16578670967461673,-0.17502395504170973,-0.06378171109156372,0.3463756978560907,-2884.7036774279104
864,-422.5330044347782,0.9001248399821488,0.13684817524717136,3.0,15.0,0.0,424.3376941554356,0.10279339692735825,0.8972066030726418,0.5472868923693996,0.45271310763060035,0.1811196546569142,-0.33563175774178494,-0.6806857396813792,0.22698236569374558,-2892.0815351170027
865,-421.2319685866445,0.9676139511770113,0.11567436399858164,4.0,31.0,0.0,426.65468232325986,0.5450507066350354,0.4549492933649646,0.8768559951835125,0.12314400481648746,0.1381698801416028,-0.0793761721686079,0.45367637522981563,-0.2602303637265345,-2884.501370778665
866,-421.7212902959401,1.0,0.13029595485773016,3.0,7.0,0.0,423.8815701069394,0.33983255466194484,0.6601674453380552,0.4249516343970101,0.5750483656029899,-0.5118113389252963,0.5572705113586615,0.17954585724219213,0.055886486358091084,-2892.5649300084333
867,-424.8404514296032,0.9838210762275822,0.13654881912275205,4.0,15.0,0.0,426.2734135778887,0.24998357478613692,0.750016425213863,0.9910159138984083,0.008984086101591737,0.027765190984944125,-0.33317134908419144,0.9542546295054362,-0.10500761127496026,-2889.6240786459985
868,-421.51572449704423,0.995259665240318,0.13684817524717136,4.0,15.0,0.0,422.94438624978744,0.07834884189367351,0.9216511581063265,0.7455383138196432,0.2544616861803568,0.2245846892340749,-0.31456546539685454,-0.44940065866741047,0.19039965016726493,-2881.755572908043
869,-426.2540881015458,0.744227778275721,0.11567436399858164,4.0,15.0,0.0,428.40913381515685,0.9965143428426777,0.003485657157322297,0.26379954169927916,0.7362004583007209,-0.0032462043340475283,0.024588740885925678,0.28490887866629466,0.03203831268045295,-2893.9510724797424
870,-420.77728327145087,0.9941040334787747,0.13029595485773016,5.0,31.0,0.0,425.3259932439617,0.6541957838617621,0.34580421613823786,0.1721227195566468,0.8278772804433532,0.7630098033822779,-0.05981597251978361,0.32592619932725947,-0.19047147073306728,-2882.271808440345
871,-427.1832884788454,0.9487543521354384,0.13654881912275205,5.0,63.0,0.0,428.86462208012045,0.2312259180799002,0.7687740819200998,0.8966220162611289,0.10337798373887108,0.26769470165887305,-2.078047918738469,0.9048600569816515,-0.04380833145138574,-2918.016514830348
872,-421.09350466897587,0.8834406198644815,0.13684817524717136,4.0,23.0,0.0,424.8259761032904,0.37474057409448164,0.6252594259055184,0.8755671865687717,0.12443281343122825,0.15387670118622543,-0.4228263697177864,-0.2436601153195683,0.30889126289629376,-2883.1648836397085
873,-425.1636534015309,0.9967769937186813,0.11567436399858164,5.0,31.0,0.0,427.6486728248625,0.0030724544445625466,0.9969275455554375,0.7052837276665389,0.2947162723334611,-0.04483410623755507,0.22028594728683973,1.0423719786226309,0.09263296038907991,-2885.1013133130414
874,-423.7466457527839,0.6801241203778319,0.13029595485773016,5.0,63.0,0.0,427.92551104192864,0.9179111840905595,0.0820888159094405,0.6173215644019349,0.38267843559806514,-0.41736333319775254,0.7133879090476543,0.2971514237224809,-0.6393513048822617,-2898.290952592531
875,-425.38538293859335,0.9724198571568285,0.13654881912275205,4.0,31.0,0.0,429.0440731771152,0.2772512055129349,0.7227487944870651,0.9942057698797307,0.00579423012026925,0.21002982861704614,-0.9312125116630452,0.3944763971130504,0.14848621814241753,-2890.792231736972
876,-422.087957020968,0.8040799952813729,0.13684817524717136,4.0,15.0,0.0,423.1174720499691,0.4404236031284889,0.5595763968715111,0.5755613166249125,0.4244386833750875,0.29548397399070003,-0.5525994678347635,-0.1455291315532884,0.453006034140875,-2895.735036832288
877,-420.9656911700662,0.8945774725832614,0.11567436399858164,5.0,31.0,0.0,426.8244787578919,0.7537298497320452,0.24627015026795485,0.2546297512286477,0.7453702487713523,-0.3788233534020369,0.30721721652014333,0.21205434033540807,-0.27404436978461166,-2884.5064643950545
878,-422.9911922768069,0.9809176095913852,0.13029595485773016,4.0,15.0,0.0,425.9257052315636,0.8836859096026627,0.11631409039733731,0.6352823895804266,0.3647176104195734,-0.3898841478533949,0.6719728229852815,0.24604127845938673,-0.7225439390573415,-2895.0781586294215
879,-421.58980691217835,0.9478701349494842,0.13654881912275205,4.0,15.0,0.0,427.2117033127962,0.4936043153513911,0.5063956846486088,0.34003910930161585,0.6599608906983842,0.32134051452892637,-0.21821576615862048,0.4681405318582063,0.005029511942100412,-2892.0203204289633
880,-422.21587212695357,0.9956936888124214,0.13684817524717136,4.0,15.0,0.0,426.1031623486086,0.8551262002377734,0.14487379976222658,0.6419334622353661,0.35806653776463393,0.238253106910445,-0.49055426126785606,-0.053810287001655806,0.9634645068594982,-2890.9204220950924
881,-423.0500044824514,0.9776282329750255,0.11567436399858164,5.0,47.0,0.0,428.35879058096293,0.47474391459621396,0.525256085403786,0.025760870391127993,0.974239129608872,-1.5074148468176833,0.1996675438586988,0.3459771602293239,0.035253934069288645,-2885.176098195763
882,-423.6350725503738,0.9202379270752545,0.13029595485773016,3.0,15.0,0.0,427.6742666249986,0.8447752531692164,0.15522474683078358,0.609527807437388,0.390472192562612,-0.35482588505751356,0.7992880991091758,0.15574528141454552,-0.6402640875734043,-2901.382715420459
883,-423.2172461407153,0.8844273862994453,0.13654881912275205,3.0,15.0,0.0,427.00853410812476,0.26317271782278817,0.7368272821772118,0.46592663851660004,0.5340733614833999,-0.12717125189190576,0.3940515022115476,0.6067324178333352,-0.2717302545817937,-2902.0120562287534
884,-421.8753349599147,0.9998750865170353,0.13684817524717136,4.0,31.0,0.0,423.5612777599116,0.8830876732966233,0.1169123267033767,0.5535478530035288,0.4464521469964712,0.48840898964453194,-0.2384864680518519,0.13453017733056957,0.9234054398970474,-2887.863554077613
885,-423.6830093405122,0.9880930198226174,0.11567436399858164,3.0,11.0,0.0,424.40401426643393,0.3505617423298452,0.6494382576701547,0.08225860917518915,0.9177413908248109,-1.700819035934711,0.1408365232379204,0.3517763007503425,-0.05342888038197266,-2896.0039649283976
886,-424.76908447193443,0.9556780653038462,0.13029595485773016,4.0,31.0,0.0,428.8969892065516,0.9891013106351112,0.010898689364888803,0.9362919220173206,0.06370807798267941,0.06453732449859853,0.879377088800755,0.15095907856461116,-0.7835595682567299,-2882.2122831585666
887,-421.33731399156596,0.9990290651839203,0.13654881912275205,4.0,15.0,0.0,424.09999250346766,0.2282734923310016,0.7717265076689984,0.8103212966259042,0.18967870337409576,-0.00867784029796071,0.3470088765241923,0.22628612774778498,0.026941507699116518,-2885.4155048968005
888,-424.89431927102083,0.7987706039787035,0.13684817524717136,4.0,31.0,0.0,427.11886916245356,0.9817089331535783,0.018291066846421677,0.36839651885880353,0.6316034811411965,-0.48028833491125367,0.1680735607303226,0.08566773652422979,1.7854102254870252,-2894.243657025079
889,-425.70454639705537,0.6863416547243323,0.11567436399858164,4.0,15.0,0.0,428.7911857207877,0.3357124584077801,0.6642875415922199,0.010133056093290453,0.9898669439067096,-1.6866812161260811,0.17883561665270978,0.5200626271500259,-0.25694279223208294,-2895.732386459468
890,-424.76728768461084,0.9970697696378352,0.13029595485773016,4.0,15.0,0.0,425.7954080328009,0.8762337296166633,0.12376627038333665,0.9071714997145992,0.0928285002854008,0.02401774062972714,0.7744540918192361,0.30224244605400635,-1.3894644292895226,-2899.485998244925
891,-422.1048610370002,0.9512218581967533,0.13654881912275205,4.0,15.0,0.0,424.12554446742627,0.6741871321777033,0.3258128678222967,0.11539470173097618,0.8846052982690238,0.10088849601193182,-0.00024757694879221775,-0.17606288791598967,0.6419837715518635,-2889.172139674639
892,-424.65214977588835,0.968561245699424,0.13684817524717136,3.0,15.0,0.0,427.3276016513328,0.9829783519286849,0.01702164807131512,0.43210208862170607,0.5678979113782939,-0.182224288314516,0.21786581827690507,0.2718529108357641,1.7262840877074968,-2892.7259753966187
893,-423.7515403741638,0.9948193115498992,0.11567436399858164,5.0,63.0,0.0,428.5530796089086,0.6955070446449516,0.3044929553550484,0.671338939425464,0.32866106057453603,0.08749927514995567,0.5134061260348836,-0.26328902212830435,0.5430034639598047,-2905.461847019152
894,-423.09893651440086,0.6567297719918587,0.13029595485773016,4.0,31.0,0.0,428.63707893288245,0.9543094494352913,0.04569055056470872,0.8973020353778043,0.10269796462219571,0.09702198130903461,0.5526763967839741,0.1702016754437402,-0.7173430702616549,-2883.812910413252
895,-424.7723452241717,0.9911407988475612,0.13654881912275205,4.0,31.0,0.0,428.34030042691376,0.9902159606926706,0.009784039307329406,0.29489532463643636,0.7051046753635637,0.8451890906249565,-0.20504336688713312,0.11704004572714537,1.825974141275204,-2887.800446378201
896,-423.58104600934047,0.9970067607426025,0.13684817524717136,4.0,15.0,0.0,426.53299972411156,0.9807512973233102,0.019248702676689766,0.1784375457597458,0.8215624542402542,-0.5050727260366168,0.277063661419309,0.1335355185750322,1.5335483916789467,-2882.976194707231
897,-420.664441571308,0.9986934143040482,0.11567436399858164,3.0,7.0,0.0,423.7817901562648,0.5763235995911211,0.4236764004088789,0.7581712880710328,0.24182871192896715,-0.060474145980879614,0.5161511435109128,-0.19062264688324715,0.5416726590385391,-2883.871929305172
898,-422.7948043646063,0.591981990610609,0.13029595485773016,4.0,31.0,0.0,429.6083687645588,0.9598378418413562,0.04016215815864377,0.768712493725875,0.23128750627412498,0.03737160482326471,0.4543437424641503,0.14464386862985945,-1.0926948589272059,-2884.9135393448164
899,-421.4720791342799,0.9459076027446907,0.13654881912275205,6.0,91.0,0.0,427.65757412695245,0.19285718118990544,0.8071428188100945,0.2957421155136233,0.7042578844863767,0.32491354391694083,0.10603895370913714,0.8989439553133194,-0.029711510684177926,-2886.940317577493
900,-424.9468311577114,0.9546918873520611,0.13684817524717136,5.0,31.0,0.0,427.8251353962147,0.9941889279356971,0.005811072064302869,0.45611213732102457,0.5438878626789754,-0.24823071839947586,0.2022334101880859,0.15665468594550186,2.201701747987727,-2885.902421411753
901,-424.9361726746628,0.9237672335368405,0.11567436399858164,4.0,31.0,0.0,429.65149163952844,0.9402324538045467,0.059767546195453325,0.023763808756382468,0.9762361912436175,-0.30526966400621053,0.19887096133902518,0.1579249211554575,1.041380566813059,-2888.3973304375486
902,-425.92522339518206,0.9855540140901468,0.13029595485773016,4.0,19.0,0.0,426.7260752909891,0.9899576181411865,0.010042381858813454,0.9444505543295827,0.05554944567041731,-0.033973211998243213,1.450499120756389,0.1936058062844296,-1.8641072202469042,-2885.1232601929937
903,-424.86144089973334,0.656213478454675,0.13654881912275205,4.0,19.0,0.0,428.41632266989023,0.4520108564380245,0.5479891435619755,0.9001413619230393,0.09985863807696072,0.3014736139074195,-0.547071977517638,0.06908817740268963,-0.13675446060631202,-2908.199391815562
904,-420.58751650371465,0.9522368325234838,0.13684817524717136,5.0,47.0,0.0,429.2767105508995,0.3300939263762383,0.6699060736237616,0.37326700686444747,0.6267329931355525,-0.0077845972073315,0.06786683406802126,0.108403989701458,0.09916008932261777,-2884.834328865543
905,-422.6518374733858,0.8798931524622818,0.11567436399858164,5.0,31.0,0.0,429.4184462081257,0.7722663012822681,0.22773369871773186,0.3054669110241455,0.6945330889758545,0.20182869681975213,-0.02549225494625504,0.4612738112478355,-0.7732477072739486,-2896.1240313808407
906,-424.3196427838129,0.9870100574707243,0.13029595485773016,5.0,47.0,0.0,427.65681296760437,0.9719111677962016,0.02808883220379843,0.514574564081703,0.485425435918297,-0.36414672413543153,0.3839449181703237,0.24970770217727528,-1.9755087741874853,-2892.97480915765
907,-422.00521923529436,1.0,0.13654881912275205,3.0,11.0,0.0,426.0936026615496,0.5542840224347064,0.4457159775652936,0.8840987298614561,0.1159012701385439,0.2363051800738619,-0.4463908596205646,0.15476706265566187,-0.09344644028707472,-2889.4649258058375
908,-421.5005576470721,0.9544010363509962,0.13684817524717136,3.0,7.0,0.0,422.15273340724707,0.25009815048817396,0.749901849511826,0.36967974661026587,0.6303202533897341,-0.06028587069410274,-0.005893435114766539,0.1376093179465433,0.21186373763540195,-2889.940662753002
909,-421.34460815134753,0.988055523074902,0.11567436399858164,3.0,7.0,0.0,423.25962973088025,0.7887091590497378,0.21129084095026218,0.38024057182213566,0.6197594281778643,0.11258611472609928,0.12710050125509753,0.31929290746227323,-0.6603419590515973,-2887.6938539234425
910,-426.03933507244744,0.9217099894511055,0.13029595485773016,5.0,31.0,0.0,426.5888630955147,0.9757251505244503,0.024274849475549698,0.04543680360610134,0.9545631963938986,-0.31460042059298515,0.010128527836980617,0.2728861614028172,-1.7661816445222054,-2892.601070545268
911,-420.68523942764364,0.9995289451169193,0.13654881912275205,4.0,15.0,0.0,422.26153027901336,0.34739162982551697,0.652608370174483,0.6193589994514,0.38064100054859995,0.3461360968745612,-0.15241421939195282,0.23863984893134932,0.011360719370835874,-2885.5847309321616
912,-423.17892515795285,0.9890852776332423,0.13684817524717136,3.0,7.0,0.0,426.1649318685337,0.6182372685528023,0.38176273144719775,0.5173231063271335,0.4826768936728665,0.18171059083792293,0.025102288260637852,-0.2733812846421933,0.28126976645205404,-2903.496389574293
913,-421.0705618692399,0.983956593655152,0.11567436399858164,4.0,15.0,0.0,422.4075512535892,0.759476123744272,0.24052387625572802,0.5457429026243217,0.4542570973756783,0.4795585738379507,-0.4056698477417068,0.13042417966689146,0.004289772113058865,-2886.9191601915377
914,-425.59657809807493,0.9529838486884011,0.13029595485773016,4.0,15.0,0.0,430.13953566816343,0.9966646397478972,0.0033353602521027925,0.21177956962357136,0.7882204303764286,-0.31122449161998667,0.24670994672285784,0.24972877298184948,-1.0392165201387664,-2887.009060321648
915,-421.4500956252255,0.9381179408360023,0.13654881912275205,3.0,11.0,0.0,423.616687765549,0.10788416465534141,0.8921158353446585,0.3546427232064477,0.6453572767935523,0.4961127233729146,-0.164177864926381,0.5462710061159977,0.02373785535589834,-2884.423959312268
916,-421.85120644086606,0.9902981354771941,0.13684817524717136,3.0,15.0,0.0,428.0094165046732,0.4600047924566365,0.5399952075433635,0.3335767366427162,0.6664232633572837,-0.4810766998301235,0.3688669060532817,0.1095866411295128,0.4460386352577418,-2893.53761600508
917,-424.5523354111471,0.9831538174907867,0.11567436399858164,4.0,31.0,0.0,428.89320721529134,0.1674928856607293,0.8325071143392707,0.9929321940073758,0.007067805992624243,0.13458921044269423,-0.8045520139539272,0.8083917812480008,0.06798228345533161,-2883.694023422367
918,-420.883753011134,0.9913751941024821,0.13029595485773016,5.0,31.0,0.0,426.7607674821933,0.3855526542487304,0.6144473457512696,0.27998961332781275,0.7200103866721872,-0.5505808094008005,0.3096023967482597,0.5751279381746637,-0.01811396976659252,-2885.7209116092026
919,-420.7837470034671,0.9902021922792035,0.13654881912275205,4.0,31.0,0.0,423.0472812572523,0.4951397410764472,0.5048602589235528,0.3411853695937625,0.6588146304062374,-0.16299637753334278,0.1627988636217196,-0.2883008740995119,0.456886878536774,-2886.48566599444
920,-420.6035432602781,0.9988838427285509,0.13684817524717136,5.0,31.0,0.0,422.2202984467515,0.2735180421841088,0.7264819578158912,0.6557702750721756,0.34422972492782444,0.29973199324925165,-0.28939028611041184,0.45228851721807206,0.12404899811281371,-2883.6426537905413
921,-422.5681744087868,0.9844608114646464,0.11567436399858164,4.0,15.0,0.0,428.21863904222295,0.208704024422115,0.791295975577885,0.7923759305483433,0.20762406945165668,0.4231334362594934,-0.8173094813819298,0.36730027302901924,0.12028361029263088,-2893.2300995282594
922,-423.54899253964015,0.9138976687665208,0.13029595485773016,5.0,31.0,0.0,427.0326775780872,0.9616833445216992,0.038316655478300765,0.24554914770304992,0.7544508522969501,-0.4820424709016653,0.43444148839811764,0.1256865865584222,0.7977226266783937,-2890.3973328944417
923,-420.71202536539346,0.990712559507561,0.13654881912275205,4.0,31.0,0.0,421.5898337108978,0.7276625955959901,0.2723374044040099,0.5576203424937565,0.44237965750624353,-0.12609574799114284,0.20194527604927492,0.14994352417515133,-0.014121395915959935,-2885.2575415546075
924,-420.64121993063634,0.9361889024906577,0.13684817524717136,3.0,11.0,0.0,424.1343795155973,0.42310468767474935,0.5768953123252507,0.43341017100564655,0.5665898289943534,0.41817325169481073,-0.18398912131686085,0.1465122644563074,0.3082936907775355,-2885.964452041192
925,-424.02568983913113,0.9584079504985568,0.11567436399858164,4.0,15.0,0.0,425.95473927454725,0.41005517463107793,0.5899448253689221,0.7298326557085775,0.27016734429142253,-0.20946526248863162,1.1781707314229086,-0.394567355301581,0.4780590859229773,-2906.478257905854
926,-422.79403705874694,0.9485109506490887,0.13029595485773016,5.0,31.0,0.0,426.67360615829165,0.10076355335777464,0.8992364466422254,0.8455805018568301,0.1544194981431699,0.20778272618014193,0.2066909857228534,-0.2621406220894118,0.16974220050338806,-2889.749634906191
927,-420.7835578653824,0.9734754489152561,0.13654881912275205,4.0,31.0,0.0,425.33796281914545,0.8569081995881895,0.14309180041181047,0.5031486554262677,0.49685134457373226,-0.025159761873062236,0.15888091765609003,0.19729314862196368,-0.03684777115604411,-2882.539000914902
928,-420.39805969244674,0.9164073360399807,0.13684817524717136,4.0,27.0,0.0,422.0907973111832,0.3489661245680427,0.6510338754319573,0.2942487594587932,0.7057512405412067,-0.04236457946113226,0.09396414998411305,-0.12841546160378842,0.30144251256854726,-2882.8101651129623
929,-424.2652316436848,0.7953606820768825,0.11567436399858164,4.0,31.0,0.0,428.75094966706183,0.9279874039806458,0.07201259601935417,0.9772599285736706,0.02274007142632939,0.15802229318543648,0.5079612590539788,0.11848006933263615,0.5936554591713783,-2885.1743639249994
930,-422.4901018281943,0.8942559843916179,0.13029595485773016,2.0,3.0,0.0,425.57404874971536,0.08397941872182507,0.916020581278175,0.8896445906800644,0.1103554093199356,0.05980012240855781,0.23163084820267657,-0.2425012369335361,0.25984339616971824,-2884.549258192055
931,-424.68532333638433,0.8534586744867336,0.13654881912275205,3.0,15.0,0.0,429.20095359795357,0.6555477811785083,0.3444522188214917,0.6926327367883224,0.3073672632116776,0.4031037864636457,0.1508363319574294,0.07973773818176358,0.0763657250729469,-2912.486414161719
932,-420.4229630507629,0.9811409299136403,0.13684817524717136,5.0,31.0,0.0,421.3632384997543,0.6556518299530806,0.3443481700469194,0.6870722332500049,0.3129277667499951,0.20870872519053055,-0.25443615404803394,0.04341901707184381,0.4990112973052564,-2882.9705763421525
933,-422.0867012633405,0.9708468665760223,0.11567436399858164,4.0,27.0,0.0,426.595657174259,0.6520208919604356,0.34797910803956444,0.841448404801143,0.15855159519885698,-0.030116690452612206,0.6261922370396813,0.13220582838904996,-0.21570602253182733,-2891.116460112821
934,-424.51574947057503,0.8505272017573963,0.13029595485773016,3.0,7.0,0.0,425.378620080347,0.08464437449963452,0.9153556255003654,0.8542604559155672,0.1457395440844328,0.0776865383922074,0.2771406120384498,-0.13944110790469771,0.38553749050820973,-2900.1740205931424
935,-420.5316790013639,0.9965499026227157,0.13654881912275205,3.0,15.0,0.0,426.1153957126148,0.6821161639887636,0.3178838360112364,0.7047269131848245,0.2952730868151755,0.0434457130134788,0.11845290258869706,0.31708775695246966,-0.07087514479130735,-2883.4218701983405
936,-420.8249831926915,0.9025706313826906,0.13684817524717136,4.0,23.0,0.0,422.872676392065,0.2792051655800787,0.7207948344199213,0.8178591364285986,0.18214086357140136,0.08174814950821772,0.1652825831569185,0.018080400197288907,0.23354388791434286,-2882.652042670878
937,-422.3103591622664,0.9812397887522409,0.11567436399858164,4.0,15.0,0.0,423.9998657566646,0.7989173403745342,0.2010826596254658,0.7832497052429941,0.2167502947570059,-0.004859598706356619,0.8727931587573315,0.021890170523085423,0.18320889641102478,-2891.6487340716667
938,-421.9387417808513,1.0,0.13029595485773016,2.0,3.0,0.0,424.709552770304,0.10369360979735509,0.8963063902026449,0.8338273857664321,0.16617261423356788,0.0945915172795207,0.27789503495195117,-0.2131932217888886,0.1306902201851054,-2884.456927074086
939,-422.90880271262967,0.8509454542793364,0.13654881912275205,4.0,23.0,0.0,423.59975881335873,0.7292387615632904,0.27076123843670963,0.611272925051037,0.38872707494896297,0.16581727057766715,0.3400140254619099,0.10184719538370644,-0.17287408393933112,-2900.058865472992
940,-422.438462842986,0.9923888162796078,0.13684817524717136,5.0,63.0,0.0,423.86399304611274,0.0730052058804205,0.9269947941195795,0.8008542974341577,0.1991457025658423,0.11111228953817875,0.02591033606591505,-1.0412466771863944,0.27283231965056226,-2885.805812102876
941,-424.44199417284227,0.9596038914641695,0.11567436399858164,3.0,15.0,0.0,427.4823257199824,0.9298489635237411,0.07015103647625887,0.8047106169648399,0.19528938303516008,-0.15811729676433223,0.6521323725159068,0.37323806464585807,-0.4042135849945471,-2899.651090766506
942,-420.3969305398769,0.9976641386676243,0.13029595485773016,4.0,31.0,0.0,423.3171327551666,0.2154998640043554,0.7845001359956446,0.47784637644792954,0.5221536235520705,-0.16879064313183037,0.32576497313925806,0.6684417201039611,0.006180762071599254,-2881.628722640779
943,-421.58424028663535,0.9859846228515639,0.13654881912275205,3.0,11.0,0.0,426.6420660785818,0.6421377158752187,0.35786228412478127,0.7324817829318447,0.26751821706815526,0.012374406620824313,0.3283381965566395,0.10794001293042808,-0.14506357109637077,-2890.6622031959687
944,-422.59546104579584,0.915638912912331,0.13684817524717136,4.0,31.0,0.0,424.7365892791557,0.06787250028601258,0.9321274997139875,0.6505977187780142,0.3494022812219858,0.19207668659300603,-0.1574884932217889,-1.2550409821580313,0.15880977961240061,-2888.449550594344
945,-427.1768649682969,0.9000446558316513,0.11567436399858164,4.0,23.0,0.0,432.2564008841471,0.15448584263592155,0.8455141573640784,0.9836212684689087,0.016378731531091262,0.278456881126394,-1.0745113637598427,0.5121650891396261,-0.10150508996623885,-2906.9562854415985
946,-421.07372227650853,0.8272274776169081,0.13029595485773016,3.0,11.0,0.0,424.0485465274044,0.15443331562243404,0.845566684377566,0.23082687885572317,0.7691731211442768,-0.36559262559099387,0.21576658307591312,0.7954393486977974,0.006080443063817775,-2881.969610159805
947,-422.9262339080943,0.8735361846665013,0.13654881912275205,5.0,31.0,0.0,426.4585296493197,0.09739138760507066,0.9026086123949293,0.054563617792338086,0.9454363822076619,-0.2712252422273169,0.14493938093593808,0.046170983589540214,0.10607745924786618,-2884.1035973100907
948,-422.3074231569325,0.9386124672091404,0.13684817524717136,5.0,31.0,0.0,423.8361018357466,0.10528322883651427,0.8947167711634857,0.136988419212508,0.863011580787492,-0.04922668915919572,0.18273881933584124,-0.6286537194097389,0.1888380096444664,-2885.7254930190343
949,-424.7064725604503,0.999382066202554,0.11567436399858164,5.0,31.0,0.0,428.40039613849626,0.04011451723551087,0.9598854827644892,0.057000010380570724,0.9429999896194293,0.687432122561499,-0.086016841014883,1.0787020740055755,0.10344359933342957,-2889.6476214412473
950,-423.90576071221284,0.8930331526737691,0.13029595485773016,4.0,31.0,0.0,426.9518955272602,0.8808054297447726,0.1191945702552274,0.24908182319536534,0.7509181768046347,-0.4414948845069705,0.2577446687734018,0.020273674395998892,-0.5295808530422249,-2900.619179405437
951,-421.80089010730035,0.9428176356863617,0.13654881912275205,4.0,31.0,0.0,424.6779379630793,0.806715558223704,0.193284441776296,0.098711692768627,0.901288307231373,-0.7025205581986784,0.17822453755062959,0.08414900380374737,0.12619447569590647,-2883.6734810141465
952,-422.2864597980012,0.9970357275860949,0.13684817524717136,4.0,15.0,0.0,424.3851139288419,0.7575514388982114,0.24244856110178858,0.07898080489859609,0.921019195101404,1.0576883970971296,0.023714809589609614,0.2030928266460906,0.3573414132905739,-2886.129092032151
953,-423.38399947089107,0.9839298838249207,0.11567436399858164,4.0,15.0,0.0,425.7274591182003,0.47281277814295725,0.5271872218570428,0.2386549724759061,0.7613450275240938,0.9637781887391481,0.05587259755377768,0.605681308202933,-0.23943160360300014,-2902.084891824526
954,-422.4186415710721,0.9958475543872187,0.13029595485773016,3.0,15.0,0.0,424.9960358291626,0.4824567544525414,0.5175432455474587,0.2164910334092618,0.7835089665907382,0.11312924461558077,0.1505850207399661,0.37950948814322133,-0.3539931557814153,-2895.8611197129676
955,-421.70705920279863,0.9310288978917524,0.13654881912275205,4.0,31.0,0.0,423.6211344494754,0.5811850812166126,0.4188149187833874,0.1737736577331421,0.8262263422668579,-0.4101061455247454,0.057320376854944,0.3911413871769446,-0.26499022955115015,-2889.540443846304
956,-422.1602306966852,0.9197592167586643,0.13684817524717136,4.0,31.0,0.0,425.0115769599936,0.5267685146877,0.47323148531229997,0.2748948797805306,0.7251051202194694,0.72608310562579,0.016174877335475374,-0.23145038883712774,0.6566177433364813,-2894.5687074825983
957,-420.91591954507004,0.7688022640201709,0.11567436399858164,4.0,19.0,0.0,429.0017997533576,0.6980988258840978,0.3019011741159022,0.6700795323053051,0.32992046769469485,-0.0008038378295255888,0.264623671923855,-0.16310253382342654,0.6945125874868884,-2885.902899112105
958,-423.00187244197656,0.9978650252112616,0.13029595485773016,5.0,31.0,0.0,425.07007451402194,0.13885347636166837,0.8611465236383317,0.06507592317049718,0.9349240768295028,1.3488612912343196,-0.06402217433035133,0.03961090983192607,0.22192854327988076,-2886.3659055240737
959,-421.07608748764125,0.9687405287142786,0.13654881912275205,4.0,15.0,0.0,423.3321405455032,0.6201003950168962,0.3798996049831038,0.8213549362227778,0.17864506377722222,0.10964353543548314,-0.0762692596061584,0.11724386849738173,0.4134075638192155,-2885.271978922199
960,-425.77891547172686,0.9422133368351017,0.13684817524717136,5.0,31.0,0.0,427.73651497259567,0.15631128707013006,0.8436887129298699,0.0016351944837681499,0.9983648055162319,0.2149465356577434,0.10854052409421379,0.2463871768137177,0.11996584151619233,-2882.7359552311104
961,-423.0317908736849,0.9880456646601802,0.11567436399858164,4.0,15.0,0.0,423.97622469741106,0.8113649112962427,0.18863508870375734,0.47241890018301724,0.5275810998169828,-0.5141930637174305,0.62442349040055,0.1682931747239423,0.5814005940963183,-2898.7558478226456
962,-424.33709608354866,0.865061550063501,0.13029595485773016,5.0,31.0,0.0,426.42972895247874,0.5907175874440829,0.40928241255591713,0.1462837196711494,0.8537162803288506,1.1681164594368663,0.16016076149630848,-0.13405061707190372,0.5893997734980686,-2905.522940596449
963,-421.5186505493746,0.979008383848318,0.13654881912275205,4.0,27.0,0.0,422.81649524164726,0.5888156663406044,0.41118433365939555,0.4616151741579598,0.5383848258420403,0.6640973241273083,-0.25543483508846443,0.1133784119014811,0.3896681448961483,-2891.7536544693653
964,-424.03330826985007,0.992385932550782,0.13684817524717136,4.0,15.0,0.0,426.378831099465,0.12877355833825507,0.8712264416617449,0.010756372358820479,0.9892436276411796,0.21596402972626902,0.08828107938109145,0.28210062861080587,0.1393270713799213,-2882.4923360170083
965,-421.89325651670623,0.9504073598532777,0.11567436399858164,4.0,31.0,0.0,427.31108001847304,0.9200022262292329,0.07999777377076711,0.604852800230077,0.39514719976992296,0.09771991628054094,0.11527359038612092,0.13977573424918943,-0.7268816719656302,-2885.932447381319
966,-423.06912087119736,0.9941316223732022,0.13029595485773016,4.0,23.0,0.0,426.4155776482705,0.8287223414319308,0.1712776585680692,0.05982259239956596,0.940177407600434,1.6311955951581563,0.007003791988830416,-0.030509494618934683,0.6566815777680506,-2886.420026594997
967,-423.96448227796986,0.8194635984261858,0.13654881912275205,3.0,11.0,0.0,424.89203472588554,0.2925148059169796,0.7074851940830205,0.1519588021158025,0.8480411978841975,0.6355575503450339,0.22324217651408348,-0.21323066775448934,0.20499272609748015,-2903.1400939740274
968,-422.87895771774026,0.9657421734626576,0.13684817524717136,5.0,63.0,0.0,425.2924221403037,0.28391178434561704,0.716088215654383,0.8493858262249193,0.15061417377508068,-0.016822294204999255,1.3332319150089698,-0.21845673420457287,0.3913287639711629,-2894.2272430600283
969,-422.6345682507141,0.9530466093711223,0.11567436399858164,4.0,31.0,0.0,424.3379440598383,0.7212944690494596,0.2787055309505404,0.4803690668243045,0.5196309331756954,-0.36715941147921893,0.5520859640046284,0.29880774595183374,-0.6665956844972893,-2897.9468052990255
970,-422.5275477108037,0.7174803018254312,0.13029595485773016,3.0,15.0,0.0,430.2460242707866,0.48244330876897923,0.5175566912310208,0.08908137420004533,0.9109186257999546,1.0118256984973877,0.14051385262528854,0.12592314716050085,0.2656548259436814,-2890.807630261152
971,-424.0261985791607,0.9757872742407618,0.13654881912275205,3.0,7.0,0.0,426.8363115125743,0.0742050175431635,0.9257949824568366,0.18177883338051248,0.8182211666194875,1.06187183444624,-0.25612286810843243,0.008270878648402043,0.18754510553050022,-2896.3460375313625
972,-424.19827355902703,0.9832393783425037,0.13684817524717136,4.0,15.0,0.0,425.0834545849686,0.5032104349826247,0.49678956501737526,0.9675469047604066,0.03245309523959339,0.08382870403949799,1.132559902602881,0.7042095592388993,-0.10746738879827838,-2895.2221856104557
973,-422.60041228270944,0.9906744188437354,0.11567436399858164,5.0,31.0,0.0,424.76257689433237,0.9269151121246546,0.0730848878753454,0.9190928280518951,0.08090717194810493,0.09295503857113377,0.14006085158771,0.1993112292463465,-0.23228656040382162,-2882.567055036838
974,-423.97799467641846,0.9671965255275621,0.13029595485773016,4.0,31.0,0.0,424.58151212810355,0.5629003475702568,0.43709965242974325,0.019561038551420343,0.9804389614485797,0.7991572524642079,0.1906842300388414,0.28389779564414563,0.13625351903754052,-2891.0683165156183
975,-422.3236529149428,0.7445678632110633,0.13654881912275205,4.0,15.0,0.0,428.188774913591,0.35802345813512815,0.6419765418648719,0.04980833886480193,0.950191661135198,0.8790691144180651,-0.03257665433334517,-0.25900563252922193,0.36663500317705877,-2885.236143878164
976,-423.7663859358579,1.0,0.13684817524717136,4.0,31.0,0.0,425.6574469179134,0.3676520572555255,0.6323479427444745,0.9894797728539704,0.010520227146029626,0.06415552614692693,0.8842436209645849,0.18476384496004264,0.015858789976282275,-2884.9540286882702
977,-422.6918301733749,0.980436920872934,0.11567436399858164,3.0,15.0,0.0,427.09160358844343,0.8785878606059783,0.12141213939402173,0.9532539410213827,0.04674605897861728,0.038583939551838954,0.8587363848189196,0.10978551832507454,0.25886376632120955,-2882.1965071129885
978,-425.0746392271414,0.9344689522529244,0.13029595485773016,3.0,15.0,0.0,427.7167967266581,0.5762096568911499,0.4237903431088501,0.037066828583795286,0.9629331714162047,0.22204174156156342,-0.041607536960967195,0.03024573066195497,-0.07968654406850942,-2903.500494936366
979,-421.02514515458904,0.9985234146008145,0.13654881912275205,4.0,23.0,0.0,423.5170690923143,0.8007851386889099,0.19921486131109012,0.24694320862517652,0.7530567913748235,0.1143288235972733,0.15419582227414771,0.06435232462195886,0.4342612286813406,-2883.8407162582894
980,-423.8741170012288,0.8985333593419655,0.13684817524717136,5.0,35.0,0.0,426.36442719985155,0.20124255811423167,0.7987574418857684,0.9806160027739703,0.01938399722602968,0.027155340461396615,0.9111603904319984,0.24004630647147662,0.01156356040101673,-2887.2497028430303
981,-421.89650910121765,0.9918085317601185,0.11567436399858164,5.0,63.0,0.0,424.407572431562,0.3260877336362098,0.6739122663637902,0.07338893909959579,0.9266110609004042,-0.07921748367037863,0.16158061278022856,0.3736470170213123,-0.04208262106048284,-2885.171408486723
982,-424.8841949474491,0.9963243209986898,0.13029595485773016,3.0,15.0,0.0,427.283984367273,0.2684200104584489,0.7315799895415511,0.04710090319647662,0.9528990968035234,0.5259517953402261,0.19263547210285525,0.03568545021575972,0.4125544496524165,-2901.893307495645
983,-422.3605374193403,0.9149886437351111,0.13654881912275205,5.0,31.0,0.0,426.7008989557654,0.48384397094287845,0.5161560290571215,0.9089615881073881,0.09103841189261186,0.17281366851647598,-1.394183291794758,0.011011904840804151,0.3350961723194743,-2888.9650010621685
984,-423.38146511637217,0.9840733501911548,0.13684817524717136,4.0,23.0,0.0,425.23254583097696,0.263806892473755,0.736193107526245,0.9701839143609657,0.029816085639034262,0.05114937948128407,1.3407040152888914,0.22037195661781664,0.2647935330043248,-2887.1642887505845
985,-421.55709336507124,0.6570147088056801,0.11567436399858164,4.0,31.0,0.0,427.93766775044685,0.4147044852353233,0.5852955147646768,0.4626255387399397,0.5373744612600603,0.4835387003580528,-0.29203585476385885,0.2822351663631455,-0.17304236639831416,-2892.2479953722896
986,-423.40826479280963,1.0,0.13029595485773016,2.0,7.0,0.0,425.85626004041694,0.4372299258740975,0.5627700741259025,0.020193741857976732,0.9798062581420233,0.6041016885280973,0.009884098016378781,-0.14352025466303278,0.23058563730169573,-2887.6382397886573
987,-423.31196268245554,0.593005145094888,0.13654881912275205,4.0,23.0,0.0,432.01986864409815,0.23224911260244208,0.7677508873975579,0.7574250143612068,0.2425749856387932,-0.25201062822858494,1.0867850746673724,-0.3907549784279652,0.2129219102298362,-2899.2755432595022
988,-424.9012770637218,0.9747649617749412,0.13684817524717136,4.0,15.0,0.0,426.4311550166719,0.4537117938276166,0.5462882061723834,0.9966463099152356,0.0033536900847643825,0.07592574977182115,1.5305340296745604,0.34956425129608726,-0.12694867241397365,-2883.94980690985
989,-423.2378142229136,0.7130340538727428,0.11567436399858164,2.0,3.0,0.0,429.17279292165495,0.5010613382201206,0.49893866177987944,0.5950780398324144,0.40492196016758564,0.6610944484692174,-0.252735843613837,0.3771817583867574,-0.13222511615989888,-2903.6459732250064
990,-421.73151202356985,0.9952428617377244,0.13029595485773016,4.0,23.0,0.0,425.5072536309963,0.5608861070626344,0.4391138929373656,0.07601323676022124,0.9239867632397788,-0.3942739374373271,0.061169853573902096,0.0103559389500493,0.4386344394011479,-2884.888670669599
991,-423.1741504063413,0.9003885141062599,0.13654881912275205,4.0,31.0,0.0,427.4028798311236,0.38555563280385485,0.6144443671961451,0.904142005796219,0.09585799420378105,0.06544041001487308,1.2799130885561245,-0.3051927337562249,0.571513942515652,-2894.560898868298
992,-424.5819877887284,0.9770467333422485,0.13684817524717136,5.0,31.0,0.0,428.51773539442183,0.9281219085889171,0.07187809141108292,0.01630995271167471,0.9836900472883253,-0.4344060595328656,0.15336127167931415,0.24377601933219922,-0.7930038926136584,-2884.883238926836
993,-423.51870775964,1.0,0.11567436399858164,5.0,31.0,0.0,425.6156609545606,0.5320105537580785,0.4679894462419215,0.9789135258366104,0.0210864741633896,0.15505499609455464,1.4768428163147622,-0.028250194018231117,0.45125789010494866,-2887.073374818284
994,-424.26078765753385,0.8794651986986746,0.13029595485773016,5.0,31.0,0.0,427.10506183822037,0.9575839240582618,0.04241607594173824,0.7998983618102923,0.20010163818970772,-0.06159825369841407,0.15821086582175262,-0.022609247545073336,1.1534576414279407,-2894.7296810238536
995,-420.79788389048036,0.9447634212212667,0.13654881912275205,5.0,31.0,0.0,425.6412111324925,0.46743087148415613,0.5325691285158438,0.749713313004982,0.250286686995018,-0.14622139706098428,0.618538686696655,0.42476649950608225,0.031566362901236815,-2885.0996364527623
996,-423.1815513051487,0.9692264068729435,0.13684817524717136,4.0,15.0,0.0,426.5712674874473,0.8437111048366093,0.15628889516339073,0.033673477898883676,0.9663265221011164,0.18587117326019062,0.1313098611271879,0.21445468551619118,-0.5281489082410137,-2885.2531123242206
997,-422.63042776537054,0.9280613876386792,0.11567436399858164,4.0,15.0,0.0,425.2450492838195,0.5167145424625037,0.4832854575374963,0.9760804481723097,0.023919551827690344,0.030804633723180153,1.432889663381261,-0.06162248565110444,0.369566768988416,-2881.9944828307994
998,-423.45003844018527,0.9999425857592297,0.13029595485773016,3.0,15.0,0.0,426.4497346774423,0.9640428389979661,0.035957161002033944,0.8327599965847208,0.16724000341527923,0.028177061349918375,0.07017141039710903,0.023300596033165446,1.103687613218707,-2887.1903217792265
999,-421.53626058118465,0.9721398070170443,0.13654881912275205,5.0,31.0,0.0,423.38651607753354,0.13326067881880604,0.866739321181194,0.22635284224364893,0.7736471577563511,0.35336098425351165,0.05623075875017927,0.9902806666006243,0.07895572062805781,-2883.9611056403523
