draws,lp__,accept_stat__,stepsize__,treedepth__,n_leapfrog__,divergent__,energy__,rho.1,rho.2,mu.1,mu.2,log_prob_data
0,-208.2844556957016,0.9945819368093467,0.12540548696140866,3.0,15.0,0.0,208.77024831456222,0.6980548087733954,0.30194519122660457,0.25662442603498287,0.027074174629390615,-1427.9654007848553
1,-210.44455096195745,0.9556800228556613,0.19351801147889722,3.0,15.0,0.0,211.88329585697392,0.942966638940166,0.05703336105983403,0.05687542239579822,1.740794839896384,-1430.8897496899638
2,-209.53196999062703,0.999742521299278,0.23455369859848665,3.0,7.0,0.0,211.265166703796,0.9379541152689865,0.06204588473101347,0.14625233149399441,-0.024809850353732732,-1427.7313615790765
3,-209.73335977086685,0.9977524329502182,0.09257668306255593,3.0,15.0,0.0,210.65805720685375,0.9483600432159893,0.05163995678401068,0.14035449671748146,-0.10657597037111949,-1427.9227958244555
4,-208.0591606978492,0.9975038536031667,0.12540548696140866,3.0,7.0,0.0,208.33521069138382,0.48864660303114593,0.5113533969688541,0.20751606773638617,0.0796460408977428,-1427.5993599893548
5,-208.63553718980134,0.9919641670500413,0.19351801147889722,4.0,23.0,0.0,210.8868855400591,0.6586687784444187,0.34133122155558127,0.08347468655580327,0.05621410518489861,-1430.8851025031383
6,-208.97621299057215,0.9896156551054819,0.23455369859848665,3.0,11.0,0.0,211.77916785503655,0.883897183727647,0.11610281627235297,0.1404420960964783,0.44583912775083356,-1427.6410307358385
7,-209.43134243422833,0.9987425345288096,0.09257668306255593,4.0,15.0,0.0,209.8386642062143,0.933027257359533,0.06697274264046704,0.16961567549512718,-0.014667010271173467,-1427.5216762229202
8,-208.33836618876498,0.9763855031615806,0.12540548696140866,4.0,31.0,0.0,209.42928495110948,0.4162395022641994,0.5837604977358006,0.2776425918503106,-0.03612515078216842,-1429.3099525434316
9,-209.2970098157889,0.9418974487472728,0.19351801147889722,3.0,11.0,0.0,209.93322827839214,0.7963485709837514,0.20365142901624855,0.07207716431606474,-0.03948412119040008,-1433.201045489177
10,-209.19921799315608,0.9975578249898689,0.23455369859848665,2.0,3.0,0.0,209.2239151275621,0.910231638244357,0.08976836175564296,0.10353333873039675,0.48622817454791656,-1427.5825894539646
11,-208.7458447177543,0.8763620160920026,0.09257668306255593,5.0,31.0,0.0,210.49974997117275,0.24043493854023143,0.7595650614597685,-0.013516611094556458,0.30626251872283367,-1430.138702197254
12,-208.91501658985732,0.9979060683121088,0.12540548696140866,4.0,15.0,0.0,209.45849993548637,0.866901383694383,0.13309861630561703,0.24950814898397702,-0.1978094503658253,-1428.1290046751742
13,-209.9227209081167,0.9709583578805768,0.19351801147889722,2.0,3.0,0.0,209.98132003125602,0.7774374664613709,0.2225625335386291,0.0417608132429529,-0.09543385241632366,-1437.9671437216662
14,-209.12822854529273,0.9874354779396676,0.23455369859848665,2.0,3.0,0.0,209.34352109881502,0.9021406078069785,0.09785939219302153,0.09948860838146383,0.4607485531378879,-1427.6482105918703
15,-209.7895236406432,0.9715032071591937,0.09257668306255593,4.0,17.0,0.0,210.5611040815402,0.672476302232412,0.32752369776758805,0.15702627370320157,0.6134112454323025,-1438.3771798958237
16,-208.33120716899936,0.9962278372853376,0.12540548696140866,4.0,31.0,0.0,209.5912100797243,0.7182692582312251,0.2817307417687749,0.019834241393767216,0.5551415662595937,-1427.7979315050325
17,-208.92591684221577,0.9742505882512373,0.19351801147889722,3.0,7.0,0.0,210.05134035449515,0.47705861052956766,0.5229413894704323,0.24192340671546056,0.2867028267527307,-1433.4968529357004
18,-210.636589279415,0.9110141008214728,0.23455369859848665,2.0,7.0,0.0,211.77464169736862,0.9768773306898143,0.023122669310185695,0.10005390861688973,0.42320519644282706,-1428.6800045165687
19,-210.50954061990979,0.9685230855443252,0.09257668306255593,3.0,15.0,0.0,212.05374188424912,0.8471122116732205,0.15288778832677952,0.35543139649031963,0.08698219399184148,-1439.913507898082
20,-208.2064245727419,0.9930065332017962,0.12540548696140866,3.0,15.0,0.0,209.64834650669505,0.38812562668413236,0.6118743733158676,-0.08719617414167109,0.24658697335790347,-1428.2489945063846
21,-210.06885365709826,0.8411628773545647,0.19351801147889722,4.0,15.0,0.0,212.03570753573362,0.7767402635587691,0.22325973644123087,0.2817957818279506,0.39225541442589096,-1438.7999466456567
22,-208.86105562689227,0.8654695914098638,0.23455369859848665,3.0,15.0,0.0,211.92745812418525,0.7223205292739826,0.2776794707260174,0.05789658539064063,0.08443159931621085,-1431.6541890484195
23,-209.63015172054372,0.8759310169152178,0.09257668306255593,4.0,19.0,0.0,213.029702673175,0.7620999760663613,0.23790002393363874,0.15234661179992529,-0.38495231926979245,-1436.1302298595174
24,-208.3405310471951,0.9934169889141451,0.12540548696140866,4.0,15.0,0.0,208.40562073362972,0.4322802623739272,0.5677197376260728,-0.2010010402742698,0.3421817930861181,-1429.3253418859508
25,-208.31415012451518,0.8176134866512225,0.19351801147889722,2.0,3.0,0.0,212.49465803833024,0.6667418193442761,0.3332581806557239,0.21864185821063464,0.1650699167079988,-1428.527787308428
26,-210.45237495416262,0.9443092229801437,0.23455369859848665,4.0,31.0,0.0,210.85695528776884,0.04534142967601934,0.9546585703239807,1.7603241175244588,0.08833785596528672,-1429.3811909807298
27,-208.91611058588066,1.0,0.09257668306255593,2.0,3.0,0.0,209.73429959181775,0.7378138949907891,0.2621861050092109,0.41466077087546493,-0.3493291713981112,-1431.5397136339177
28,-208.56683460240131,0.7469574748370791,0.12540548696140866,2.0,7.0,0.0,210.7282792475931,0.21613803153805788,0.7838619684619421,-0.22246528207401117,0.3017991385471664,-1428.3435168051415
29,-208.6565906243712,0.9785319260263501,0.19351801147889722,2.0,3.0,0.0,208.74838789668678,0.7064132459411457,0.29358675405885426,0.2563002110437418,0.17342877390489017,-1430.399127953072
30,-210.5920364794268,0.9970202643986393,0.23455369859848665,2.0,3.0,0.0,210.59494167744552,0.06086214966423087,0.9391378503357691,1.8208773919450194,0.08751299861812023,-1432.079165226506
31,-208.8875947688096,0.8897657055556237,0.09257668306255593,1.0,3.0,0.0,209.91425480139645,0.7163627011785519,0.28363729882144806,0.2394544343981759,-0.3568888494994155,-1431.7765059039307
32,-210.10277078165646,0.756784220316341,0.12540548696140866,3.0,11.0,0.0,211.38850142425505,0.19652477863746168,0.8034752213625383,-0.4533267968389649,0.12046725617122492,-1438.3983788214266
33,-209.69238079440956,0.8512149744836616,0.19351801147889722,3.0,11.0,0.0,211.99292773290222,0.7417335384670475,0.2582664615329525,0.1946097866485542,-0.469198971033459,-1436.8655940028823
34,-213.15037763431803,0.2914101757341556,0.23455369859848665,4.0,19.0,0.0,218.00635551387242,0.20687486796998827,0.7931251320300117,0.5426467024517105,-0.2717771491905871,-1459.5874225507737
35,-208.6585704753586,0.999609148170181,0.09257668306255593,4.0,31.0,0.0,209.70101733309323,0.7520964395797368,0.24790356042026318,0.34315752956876394,-0.16440983530107722,-1429.6350133970057
36,-208.74659190608222,0.9954332724226674,0.12540548696140866,3.0,11.0,0.0,211.36971078989455,0.5934918378311494,0.40650816216885055,-0.1596120906222948,0.6604682081254835,-1431.7496929149784
37,-209.07608793931942,1.0,0.19351801147889722,2.0,3.0,0.0,209.69789453592531,0.8044119715192448,0.19558802848075518,0.20242823797645568,-0.44286218247859677,-1431.2665950920052
38,-210.6926001877184,0.9796288259541582,0.23455369859848665,1.0,3.0,0.0,214.15117187986837,0.14750648047084808,0.8524935195291519,0.605055079399397,-0.11682662245279085,-1440.7619842627573
39,-208.25720728365397,0.9990181957907027,0.09257668306255593,3.0,11.0,0.0,208.8403506793597,0.679860999080417,0.320139000919583,0.26376749449565867,-0.15544273881830442,-1427.975477580849
40,-208.74659190608222,0.44935138677319825,0.12540548696140866,2.0,3.0,0.0,212.64685637627846,0.5934918378311494,0.40650816216885055,-0.1596120906222948,0.6604682081254835,-1431.7496929149784
41,-208.07437811496743,0.9955413347036598,0.19351801147889722,3.0,15.0,0.0,209.17507172721545,0.5008689068534261,0.4991310931465739,0.36077521438485943,-0.05713404069559045,-1427.6354740662837
42,-210.10617617459334,1.0,0.23455369859848665,3.0,7.0,0.0,210.66764894367896,0.17604343846350093,0.8239565615364991,0.6662374673248497,0.22291198057553685,-1437.599331400593
43,-210.44839847525716,0.7366553482425973,0.09257668306255593,3.0,7.0,0.0,211.21070990508238,0.5852724176299565,0.4147275823700435,0.679741828750456,-0.23497321474098676,-1443.4993183715137
44,-210.31701975572332,0.9168348595060183,0.12540548696140866,4.0,19.0,0.0,211.1234441447733,0.9306324058103431,0.06936759418965688,0.25321310608388253,-1.1904374489231397,-1432.6106690892257
45,-208.6231455377573,0.8998928614149466,0.19351801147889722,3.0,11.0,0.0,209.7584196728298,0.6981770648391123,0.30182293516088765,0.34444265068092383,-0.38064445358156396,-1430.1333463059293
46,-210.47683943972942,0.7095658303388338,0.23455369859848665,2.0,5.0,0.0,212.4587596541607,0.08498307418486789,0.9150169258151322,0.6553404173850181,-0.036023998524664036,-1435.9073355797514
47,-208.67995802866417,0.996785993391944,0.09257668306255593,3.0,11.0,0.0,211.02421099237333,0.31442939947184395,0.6855706005281561,0.3570295138497684,-0.05684730909055355,-1430.7972777086402
48,-211.1084588895666,0.9361737906515264,0.12540548696140866,2.0,7.0,0.0,211.31828615539672,0.9419908331074995,0.05800916689250046,0.3187942526875045,-1.314889558626106,-1436.6246847332634
49,-208.6231455377573,0.48304498353660197,0.19351801147889722,1.0,3.0,0.0,213.18668229837672,0.6981770648391123,0.30182293516088765,0.34444265068092383,-0.38064445358156396,-1430.1333463059293
50,-208.873222532693,0.9017182389630526,0.23455369859848665,3.0,15.0,0.0,213.71813891982188,0.2893492743733917,0.7106507256266084,-0.36443221650797397,0.4309818119019,-1431.644080290651
51,-208.85629033972188,0.9929019735284944,0.09257668306255593,5.0,31.0,0.0,209.45839719501888,0.13392591916734464,0.8660740808326554,0.4017510090746177,0.09141010227172061,-1427.7005052167945
52,-210.67791883046405,0.9576333590443052,0.12540548696140866,2.0,3.0,0.0,211.69199100583396,0.9562835280685642,0.043716471931435796,0.2702815530211547,-1.235379572336017,-1432.000367052905
53,-208.54198536497282,0.9949409243782942,0.19351801147889722,3.0,7.0,0.0,209.10399875423752,0.8034538311212797,0.19654616887872034,0.2305196627276045,-0.22003219868845197,-1427.7197131273908
54,-208.50573020730985,0.9926427383011339,0.23455369859848665,3.0,7.0,0.0,209.03441404683804,0.3829625687305949,0.6170374312694051,-0.20339792802350593,0.2629673622550881,-1430.2456966369216
55,-209.2640015420248,0.9744157523294202,0.09257668306255593,3.0,15.0,0.0,210.60578170962816,0.1859264057195333,0.8140735942804667,-0.16107782849930957,0.1053082930380353,-1432.4699380510485
56,-208.53485780963157,0.9964655681621138,0.12540548696140866,4.0,23.0,0.0,212.2359706676531,0.4043348195923422,0.5956651804076578,0.0437097643455944,0.3653556246038265,-1430.5570540206086
57,-208.39998072689454,0.8763856329994653,0.19351801147889722,3.0,15.0,0.0,210.53683730977664,0.3132961841502359,0.686703815849764,0.2843503036710844,0.17346141615753874,-1428.866791204111
58,-208.8096934284155,0.8736010311716201,0.23455369859848665,2.0,3.0,0.0,209.4826342936409,0.3794801552746028,0.6205198447253972,-0.0895564618524697,0.45564114143834966,-1432.2304179432401
59,-209.17999988225193,0.9624446004622791,0.09257668306255593,3.0,11.0,0.0,211.23110842520398,0.08915112895195577,0.9108488710480442,-0.2464494519198397,0.19494526007020668,-1427.5349927983518
60,-208.98703262239613,0.7038481692230323,0.12540548696140866,2.0,3.0,0.0,211.24597684425152,0.5092268359084494,0.4907731640915506,-0.07837581952418239,0.1641846204486132,-1434.024162607402
61,-209.20712127066912,0.9853599754666162,0.19351801147889722,4.0,27.0,0.0,210.1641595619393,0.6898752068238279,0.31012479317617214,-0.013700941629611066,0.15128063122038626,-1434.479741300171
62,-208.2594686165168,1.0,0.23455369859848665,1.0,3.0,0.0,208.87974550239423,0.46790629519477756,0.5320937048052224,-0.1507042249381071,0.4526697454530827,-1428.80419829632
63,-209.40675279149812,0.9791361592787806,0.09257668306255593,3.0,15.0,0.0,210.35441218254093,0.10782834195549076,0.8921716580445093,-0.06640481821635116,0.0985517473618623,-1430.3452014566944
64,-211.0990048466127,0.8129593589555979,0.12540548696140866,2.0,3.0,0.0,211.89591827733503,0.4679363538861106,0.5320636461138895,0.23679011853970344,0.4720596017212592,-1448.3747874235137
65,-210.8399986221418,0.8821907647101914,0.19351801147889722,2.0,7.0,0.0,211.13047749045006,0.6694374576074471,0.3305625423925529,0.3405624701493291,0.3606816801894445,-1445.7998280986264
66,-208.63664506277283,0.9950441441311866,0.23455369859848665,3.0,15.0,0.0,209.19286267843523,0.6582575485198232,0.3417424514801768,-0.1365894140747031,0.6387999797327878,-1430.5370424489638
67,-208.75319569533605,0.9776630509135246,0.09257668306255593,5.0,63.0,0.0,210.78021166379267,0.8338991384938221,0.16610086150617787,0.02009072211919201,0.6851680707447518,-1427.9550101173213
68,-210.19019788938266,0.9582686743518061,0.12540548696140866,3.0,11.0,0.0,212.3593950149761,0.9288098471810201,0.07119015281897989,0.31546570669332497,-0.7648491933587613,-1432.588188881181
69,-208.7310135043571,0.9672388052462718,0.19351801147889722,3.0,7.0,0.0,211.243827381367,0.7160769206136312,0.28392307938636885,0.24255228007860435,-0.3222250220359656,-1430.7181183617972
70,-208.73592030336792,0.8042917336210725,0.23455369859848665,3.0,11.0,0.0,210.1348246118816,0.43703279820406443,0.5629672017959355,-0.17048932649565302,0.5295728785910434,-1431.942785898057
71,-213.59361821053145,0.35243658734710515,0.09257668306255593,2.0,3.0,0.0,214.50872277137333,0.8536955773920072,0.1463044226079928,-0.2472177025307824,0.7125377053150374,-1460.5914466491067
72,-209.706351108095,0.9912006087216813,0.12540548696140866,3.0,11.0,0.0,210.51533776544665,0.8286467173932132,0.17135328260678684,0.14862805513172966,-0.5043193843117462,-1434.8776024871004
73,-208.7310135043571,0.4483087565462318,0.19351801147889722,2.0,3.0,0.0,214.08198814387964,0.7160769206136312,0.28392307938636885,0.24255228007860435,-0.3222250220359656,-1430.7181183617972
74,-210.85892667760825,0.8120955991425697,0.23455369859848665,3.0,9.0,0.0,211.46833589322722,0.016477909991280303,0.9835220900087197,-0.5828916890829727,0.14718034583670064,-1427.773601294366
75,-213.2975518595154,1.0,0.09257668306255593,2.0,3.0,0.0,214.5258807686705,0.8187712341006296,0.18122876589937043,0.31661682535228153,0.8577290858483437,-1459.5058545669553
76,-210.6448189995411,0.9988841331388012,0.12540548696140866,3.0,11.0,0.0,211.0663129390666,0.9517994414456148,0.04820055855438521,0.3051310513268856,-0.8566303230471599,-1433.0806191105735
77,-208.69153210612834,0.9376005460696161,0.19351801147889722,3.0,15.0,0.0,210.91135386015853,0.17044232312857913,0.8295576768714209,0.47612792076269383,0.05224019715861461,-1427.8788338681977
78,-209.86872233623222,0.9800373181126614,0.23455369859848665,4.0,15.0,0.0,211.5673673236944,0.9006224395941541,0.09937756040584589,0.24467355051911732,-0.9692409088876782,-1432.1870613840338
79,-209.0449757193782,0.9509990169974818,0.09257668306255593,4.0,31.0,0.0,214.83239124756466,0.8940615971708632,0.1059384028291368,0.1611635204105536,0.27212537397693365,-1427.6644283724454
80,-210.61962112429322,0.9676854730470215,0.12540548696140866,3.0,7.0,0.0,211.62934282130996,0.9727860669097166,0.027213933090283415,0.10904375766111112,-0.5172261697630086,-1429.5812112633591
81,-208.0946160318787,0.7781362600369618,0.19351801147889722,4.0,15.0,0.0,211.7584693118276,0.5731381441904075,0.42686185580959246,0.3339520037516961,-0.08053367834539263,-1427.6391948265868
82,-210.39740257478329,0.9281500420125708,0.23455369859848665,4.0,19.0,0.0,211.0937663176243,0.3747581073773723,0.6252418926226277,-0.3334111603875249,0.16161474673530707,-1443.2314464421447
83,-209.46640389180595,0.9692735736308977,0.09257668306255593,4.0,23.0,0.0,210.23809886319825,0.9346367176328754,0.06536328236712463,0.16210600716439408,-0.12777589659202326,-1427.5959854527039
84,-211.92072000748504,0.9202992206091329,0.12540548696140866,2.0,7.0,0.0,212.42898094716023,0.9804228317842452,0.019577168215754837,0.03259787270976676,-0.47774295829450725,-1436.3909980530084
85,-208.1538344415355,0.9912117508643475,0.19351801147889722,4.0,31.0,0.0,208.84977035194615,0.39561881696596374,0.6043811830340362,-0.021770906663579153,0.2210273243019575,-1427.949164980522
86,-208.44196275258187,0.6671499883906469,0.23455369859848665,2.0,3.0,0.0,212.51306272558764,0.4419532026932531,0.5580467973067469,-0.1979224963549808,0.3188099779342314,-1430.07456465713
87,-209.61175694731338,0.8886175996375215,0.09257668306255593,2.0,3.0,0.0,210.03580697010688,0.9287436260804037,0.07125637391959627,0.11467031549681285,-0.11220719753093633,-1429.1672209767544
88,-212.19788965916086,0.9385932319981735,0.12540548696140866,3.0,15.0,0.0,213.34121282401972,0.9646610181468546,0.035338981853145435,0.34103929051473897,-0.006046311695112397,-1442.3710743080399
89,-209.0354351534116,0.7303407079255418,0.19351801147889722,3.0,15.0,0.0,211.2547238642239,0.22593630778565316,0.7740636922143469,0.3131247532538208,-0.012310025830278404,-1431.8364545059471
90,-208.50692090778003,0.8793843954491488,0.23455369859848665,2.0,3.0,0.0,209.38431076074573,0.3512670401296669,0.6487329598703331,-0.192398737625934,0.2369448158477875,-1430.0181687406441
91,-212.33344008823428,0.5047095579438975,0.09257668306255593,2.0,3.0,0.0,212.78843971910186,0.9235463926340239,0.07645360736597606,-0.045949792494952776,-0.07774287400160033,-1448.4306662984334
92,-210.15621342925363,0.9442275092843978,0.12540548696140866,2.0,3.0,0.0,213.12173483601353,0.956095001095889,0.04390499890411104,0.22471825810171062,0.17319224757321014,-1429.7362865293758
93,-208.48018083983337,0.9464666226362262,0.19351801147889722,4.0,15.0,0.0,209.98979832581855,0.7170572821072182,0.2829427178927818,-0.038892791426969886,0.6659433579118005,-1428.727199713434
94,-208.87289052563062,0.989753801622464,0.23455369859848665,2.0,7.0,0.0,209.5120123234407,0.13389510221309894,0.866104897786901,-0.17100526297458588,0.23747311028093354,-1427.8864693243988
95,-211.8093537193039,0.9566662636245606,0.09257668306255593,3.0,15.0,0.0,213.72759430283978,0.9246185291921031,0.07538147080789692,-0.020670028828704064,-0.13659059001127521,-1444.7114280568796
96,-210.15137776482624,0.9952954824239078,0.12540548696140866,3.0,15.0,0.0,211.4842440320891,0.9634227384788112,0.036577261521188786,0.13996158836016703,-0.4963069443537097,-1428.3341569000586
97,-211.20349963714958,0.7761359648439073,0.19351801147889722,3.0,15.0,0.0,214.26806206847596,0.9075960086498115,0.09240399135018851,-0.03790142709673759,1.735640044547989,-1439.2185390094905
98,-208.92475692582207,0.9079090956827935,0.23455369859848665,4.0,19.0,0.0,209.7674378737148,0.8376666925157574,0.16233330748424257,0.3081031975907902,-0.4328634450076934,-1429.174716588243
99,-209.69840445453494,0.875961553276029,0.09257668306255593,4.0,19.0,0.0,213.8160590747953,0.9415799709093513,0.058420029090648695,0.22973481907228793,-0.539263826755452,-1428.2140757893844
100,-210.6282205910533,0.789995284517639,0.12540548696140866,2.0,7.0,0.0,214.2916888774705,0.9452504886014194,0.05474951139858064,0.31860651461209377,-0.6602454192183483,-1434.0482632554715
101,-211.76027420890625,0.9565342763328465,0.19351801147889722,2.0,3.0,0.0,212.22540060683826,0.9046281015672324,0.09537189843276761,-0.04344784091330908,1.8556057745374686,-1442.8879609302724
102,-209.59064704540668,0.9996411934645675,0.23455369859848665,3.0,7.0,0.0,209.81361899437647,0.9295184260720485,0.07048157392795151,0.1995807144682881,-0.7078790186060189,-1428.5067902236863
103,-211.10646401328984,0.9087585660815782,0.09257668306255593,4.0,15.0,0.0,211.7372876651742,0.9863899489691359,0.013610051030864101,0.1952067459543002,-0.7650365212147395,-1427.9565991170682
104,-208.3040129653978,1.0,0.12540548696140866,4.0,15.0,0.0,210.92659664321067,0.26524772998396834,0.7347522700160316,0.044759948471502,0.17923118091121173,-1427.5873357220635
105,-211.75184233063987,0.7873105627647063,0.19351801147889722,2.0,7.0,0.0,213.37495495627408,0.9686581119722709,0.03134188802772908,-0.018486013518326697,1.7998056799702182,-1435.7924336524002
106,-209.6209054000613,0.9434187407814177,0.23455369859848665,2.0,7.0,0.0,210.89964142220262,0.8591286427393732,0.14087135726062683,0.19181005225762118,-0.692098945026762,-1432.9771290955912
107,-212.4340171834939,0.7261662551865677,0.09257668306255593,3.0,15.0,0.0,214.15499436705443,0.9920104976113409,0.007989502388659142,0.051445826707367234,-0.6834360169929873,-1433.619313682871
108,-208.46963012061903,0.9832286699873914,0.12540548696140866,4.0,31.0,0.0,208.8331810996205,0.6375771362431507,0.3624228637568493,-0.04868296583057077,0.6231086519064886,-1429.5998623966595
109,-210.4494360711208,0.9492305796251154,0.19351801147889722,3.0,15.0,0.0,212.92959755960678,0.9507184503424639,0.04928154965753606,0.00923158310675054,1.0971946240807264,-1431.5507913464282
110,-209.6960362605681,0.9921509966322422,0.23455369859848665,3.0,15.0,0.0,210.2726102061411,0.9465549089870097,0.05344509101299033,0.15351340533186336,-0.26862338093343907,-1427.833319167991
111,-212.54813547078209,0.9862187380495899,0.09257668306255593,5.0,31.0,0.0,213.4257424101372,0.7517932499615101,0.2482067500384899,0.5039873390645856,-0.9729659330306196,-1455.5971158133373
112,-208.9262546419269,0.9178022387514037,0.12540548696140866,2.0,3.0,0.0,209.31444306421744,0.6090716569776267,0.39092834302237334,-0.06638600044757342,0.6976519771911671,-1432.8743900004915
113,-208.51885651384802,0.9960997926222164,0.19351801147889722,4.0,31.0,0.0,210.90179216642397,0.6091057389399526,0.39089426106004743,0.08773664856857638,0.06632857816708629,-1430.4735938817262
114,-208.28577971496048,0.931483697084816,0.23455369859848665,3.0,15.0,0.0,210.69759507977747,0.731095352715182,0.268904647284818,0.23250576862541114,-0.028939153740401347,-1427.503570426891
115,-213.01957599530942,0.9984937977347808,0.09257668306255593,2.0,3.0,0.0,213.57030552311824,0.7051888393644852,0.2948111606355148,0.4245358087680154,-0.9689093430630463,-1459.6707848377368
116,-208.67598834836383,0.9298846432894362,0.12540548696140866,3.0,7.0,0.0,212.37212065303024,0.7104317280669342,0.2895682719330658,0.2168555805872296,0.27124653743948257,-1430.4556602036585
117,-210.34301582955862,0.8237174051193665,0.19351801147889722,3.0,11.0,0.0,211.8218994857156,0.6913283186803567,0.3086716813196433,0.10188822323332143,-0.2864297382231141,-1442.2484335594534
118,-209.56822291209062,0.8937357953981656,0.23455369859848665,3.0,11.0,0.0,209.95367906861298,0.2142038414609433,0.7857961585390567,0.16419410681534588,0.3122773370577719,-1435.2296903402184
119,-213.70264100730037,0.928183828475072,0.09257668306255593,2.0,3.0,0.0,214.0757985510229,0.7117718014883907,0.2882281985116093,0.5518040871867496,-0.9778215358821187,-1464.1751483528913
120,-208.84791201452921,0.8755763549996269,0.12540548696140866,3.0,7.0,0.0,210.6042501678887,0.8628377379504526,0.1371622620495474,0.17566483539948483,-0.16689075324549743,-1427.8775981020153
121,-212.2482649622791,0.7954907232049786,0.19351801147889722,2.0,3.0,0.0,214.3578754180014,0.6781064488413461,0.3218935511586539,0.4250297612552403,0.32389695613027414,-1455.3989983238932
122,-208.3800835833589,1.0,0.23455369859848665,3.0,7.0,0.0,209.94671710961742,0.3973971929195184,0.6026028070804816,0.2171448529383017,0.008763818017186342,-1429.5244766877997
123,-210.1326885551,0.9980391881186662,0.09257668306255593,5.0,43.0,0.0,215.21762361443538,0.94149352650871,0.05850647349129001,0.14152195509787724,1.4372421722803672,-1429.7193250845028
124,-209.08841405457386,0.973620761668333,0.12540548696140866,4.0,15.0,0.0,210.63776182893395,0.16543960661596271,0.8345603933840373,-0.543246533622178,0.2265486589027127,-1430.3551045192553
125,-208.64738396263408,1.0,0.19351801147889722,2.0,3.0,0.0,212.3493908601341,0.5978637543414469,0.4021362456585531,0.340015916687484,0.10251287845047866,-1431.3301521278931
126,-208.59906533742313,0.8812329747084071,0.23455369859848665,3.0,11.0,0.0,210.01385515691922,0.5691631081985206,0.43083689180147944,-0.08535349138001345,0.2728485634469627,-1431.1710850301677
127,-210.40095068411944,0.986803535884613,0.09257668306255593,2.0,7.0,0.0,212.18467279454697,0.8819195702449484,0.11808042975505162,-0.027832162182341955,1.4757123154835008,-1435.8915641327435
128,-209.63636127600935,0.9938045712662177,0.12540548696140866,4.0,15.0,0.0,212.19109662914224,0.6536726194532012,0.3463273805467988,0.5477613955499645,-0.4365200765105459,-1437.4314653331262
129,-208.7139927257241,0.9864203627814192,0.19351801147889722,2.0,7.0,0.0,209.04131550504215,0.39932383967260837,0.6006761603273916,0.2588629101833896,-0.0697436141661236,-1431.8210467998922
130,-209.6623495519915,0.8573550050623006,0.23455369859848665,4.0,19.0,0.0,212.54504511887524,0.10385947250469672,0.8961405274953033,-0.7245352413959294,0.1745486861628292,-1431.4150165907588
131,-210.57770514684677,0.9648512989793542,0.09257668306255593,5.0,39.0,0.0,213.80358461020404,0.978467268860032,0.02153273113996801,0.15097857470645804,0.7419200834554641,-1427.460695674463
132,-208.99860406165266,0.912055378073319,0.12540548696140866,2.0,3.0,0.0,211.04204857991945,0.6695685860409751,0.33043141395902487,0.47832966342535077,-0.2476051144591952,-1433.0405157499097
133,-211.42870961824303,0.9333571287579078,0.19351801147889722,4.0,31.0,0.0,212.13965883065865,0.03843128891931944,0.9615687110806805,1.8059209659072712,-0.01339518244114607,-1434.899275296881
134,-208.92532923146882,0.6811900169387937,0.23455369859848665,3.0,11.0,0.0,211.20931289574025,0.1288968243049592,0.8711031756950408,-0.33047402452194174,0.25013711876910943,-1427.951267716246
135,-210.73780645679153,0.9783565192068334,0.09257668306255593,3.0,7.0,0.0,210.79318864150673,0.9804950301556229,0.019504969844377107,0.11287010860675892,0.7675562130971082,-1427.8729947817976
136,-208.54343329473068,0.9922088175222322,0.12540548696140866,3.0,15.0,0.0,209.62446211032406,0.7429299197144912,0.2570700802855088,0.30171860524173827,-0.3533543627908424,-1428.944380819441
137,-211.85084208121012,0.8914204675716755,0.19351801147889722,2.0,7.0,0.0,212.18626172260835,0.055058738873578164,0.9449412611264218,1.886092443295072,0.21958237309463546,-1439.8812448565882
138,-208.7090056328222,0.9736159862646414,0.23455369859848665,4.0,15.0,0.0,211.9419597292221,0.5511602206490795,0.44883977935092045,0.3173704876850335,0.16886410402450527,-1431.9502574224753
139,-209.46000315228878,0.9326456466494338,0.09257668306255593,5.0,47.0,0.0,213.6235720716791,0.06922115989375414,0.9307788401062459,0.8626146595363267,0.10643486321145704,-1427.3038256976763
140,-208.29200465778302,0.9485641265516647,0.12540548696140866,4.0,15.0,0.0,209.28523194515924,0.38095339236069553,0.6190466076393044,-0.22448462264670133,0.3784267697756162,-1428.683717846164
141,-209.5177659108643,0.9780981321698082,0.19351801147889722,3.0,15.0,0.0,215.02015435955116,0.12835430847807142,0.8716456915219286,0.6716373674384178,-0.028318427032546386,-1431.7769680698214
142,-208.04597082254494,0.974987886492014,0.23455369859848665,2.0,3.0,0.0,208.95312611694968,0.5080936946406204,0.4919063053593796,0.21778762193010098,0.09302609827073634,-1427.5042327983124
143,-209.779064265388,0.9994188250317574,0.09257668306255593,4.0,15.0,0.0,209.93526763560274,0.10221077725874728,0.8977892227412527,1.363612550495426,0.04286322918325007,-1430.995846581424
144,-208.35517293363233,0.7036489891971985,0.12540548696140866,2.0,3.0,0.0,210.58485030406638,0.43196188877312874,0.5680381112268713,-0.23134829657797107,0.41828101260652606,-1429.3639690043656
145,-209.5895063943182,1.0,0.19351801147889722,4.0,15.0,0.0,209.94064167168645,0.9239587850896945,0.07604121491030547,0.07846386403194877,0.2936466294319602,-1429.3692365714483
146,-208.29781921764211,0.9965053111560063,0.23455369859848665,3.0,15.0,0.0,208.41230578895653,0.2761838103728069,0.7238161896271931,-0.004280308953058087,0.1877325084234982,-1427.7190729826166
147,-209.4252206922086,0.9999468156436253,0.09257668306255593,3.0,7.0,0.0,209.8287866728341,0.08835396822576885,0.9116460317742312,1.1343556889783752,0.06621027033907578,-1428.143310528741
148,-211.7819836947565,0.9072205058951517,0.12540548696140866,2.0,3.0,0.0,211.90087545682144,0.5500950641023034,0.44990493589769665,-0.4478368031858999,0.8148243689573551,-1452.5457764967798
149,-209.18749445430282,0.9101515156216091,0.19351801147889722,4.0,31.0,0.0,210.8387338686628,0.8840396395243258,0.11596036047567415,0.26007246324619426,-0.13217950992102118,-1429.2083196617702
150,-208.51735032189976,0.993185808380612,0.23455369859848665,3.0,7.0,0.0,208.59053067230653,0.20597877558547803,0.7940212244145219,0.0539478344294394,0.2149833308702527,-1427.8370369143347
151,-209.06612653180449,0.9784356535864126,0.09257668306255593,3.0,15.0,0.0,211.01387695125254,0.24472967792649664,0.7552703220735033,0.8070173539572004,0.058238888035201816,-1431.9501236245803
152,-213.84628445350216,0.5642458858681129,0.12540548696140866,5.0,35.0,0.0,214.9711133163366,0.011909994852851656,0.9880900051471484,3.5370188379137395,0.22027837329665692,-1435.6667390188413
153,-209.0143318419665,0.9998465657574692,0.19351801147889722,3.0,15.0,0.0,209.75727994277594,0.1587487049453782,0.8412512950546218,0.1857955954754157,0.23117937030972316,-1429.8365325007142
154,-208.32422489572804,0.8663416916440628,0.23455369859848665,2.0,7.0,0.0,211.79643254646965,0.3426753552634873,0.6573246447365126,0.4370278047743203,-0.056104320830305865,-1428.5887816129014
155,-209.05371792831352,0.9238146912901551,0.09257668306255593,3.0,7.0,0.0,212.18363470846157,0.10962888168057897,0.8903711183194211,0.153297570311463,0.12259491940261506,-1427.985887445291
156,-213.817050330616,0.9430251952816784,0.12540548696140866,2.0,7.0,0.0,214.66766295267917,0.006279463107302426,0.9937205368926976,3.482112391714765,0.08681450507973537,-1431.4506065053276
157,-208.79181302032228,0.9958693097466559,0.19351801147889722,3.0,11.0,0.0,209.3959869929274,0.8498835967322236,0.15011640326777642,0.18191123469850495,0.21176231671066514,-1427.992384990167
158,-209.07567111178867,0.924188303515886,0.23455369859848665,2.0,5.0,0.0,209.35823869093636,0.3192989418905695,0.6807010581094305,0.5939618537273139,0.11254354127753709,-1433.3849827450113
159,-210.68735494221573,0.997087310470865,0.09257668306255593,4.0,31.0,0.0,211.75961801656695,0.05125657357289696,0.9487434264271031,1.8918086313257794,0.07319974733640762,-1431.395963090943
160,-211.56182886641037,0.9960480130290591,0.12540548696140866,4.0,31.0,0.0,214.37368710535873,0.05760587998760411,0.9423941200123959,2.194458536021756,0.05813530628663345,-1437.1307720855546
161,-208.65549576093355,0.9672113506223855,0.19351801147889722,4.0,15.0,0.0,209.4681498973914,0.5324545254806978,0.4675454745193022,-0.21628465156910587,0.41982256558021525,-1431.5431753929836
162,-208.86563578016975,0.8354214043726488,0.23455369859848665,2.0,7.0,0.0,210.977685565441,0.3292120967257948,0.6707879032742052,0.5085802112628922,-0.14661044727817613,-1432.1176334128315
163,-212.83842898231438,0.9760544864030793,0.09257668306255593,5.0,31.0,0.0,213.48671255412998,0.004719796177310227,0.9952802038226898,2.5017029586334947,0.1683571851323426,-1427.7767222446855
164,-213.195418043017,0.5939136556855218,0.12540548696140866,2.0,7.0,0.0,214.58514456620622,0.014164162297011637,0.9858358377029883,2.0867167068794545,-0.026036607325932604,-1439.436174830232
165,-208.83900884474798,0.9824335538853394,0.19351801147889722,2.0,3.0,0.0,208.93376618896028,0.5616098601371995,0.4383901398628005,-0.2135215937703401,0.42022689797380297,-1432.7350506541593
166,-208.85742713105736,0.9555844210065133,0.23455369859848665,2.0,3.0,0.0,210.2395828359052,0.4587102008860539,0.541289799113946,0.5929168935945841,-0.2496694512015138,-1432.7551673206092
167,-212.2198438788125,0.9814713120764971,0.09257668306255593,5.0,31.0,0.0,213.7506680890832,0.052494488825743535,0.9475055111742565,2.2238371126318746,-0.018629118617178368,-1440.9622374043395
168,-211.12720237365073,0.9994405432500928,0.12540548696140866,4.0,19.0,0.0,213.29002007372276,0.0659038743314327,0.9340961256685673,1.6761543286489662,-0.04195512288789313,-1436.7306311873947
169,-208.27298613396331,0.984064272461969,0.19351801147889722,4.0,19.0,0.0,209.78646479794406,0.7265410780555887,0.27345892194441135,0.2274688198788811,-0.043665726367126095,-1427.4891199341812
170,-209.3151711771442,0.8231814010474551,0.23455369859848665,4.0,15.0,0.0,210.3381292933347,0.6758483866924914,0.32415161330750863,0.08688872604571078,0.6779643548825423,-1435.0063233382534
171,-210.80969830819745,0.9761876704137696,0.09257668306255593,3.0,7.0,0.0,213.68726582699054,0.06529271351209637,0.9347072864879036,1.4622242129436196,0.19768188957014707,-1435.0250559054396
172,-210.53517456856613,1.0,0.12540548696140866,2.0,3.0,0.0,210.9675261651866,0.07058924930404076,0.9294107506959592,1.6985749351791084,0.019144934284734065,-1433.0166111583842
173,-208.31543001924524,0.7456033502262879,0.19351801147889722,4.0,15.0,0.0,211.60286716281638,0.31268922621001816,0.6873107737899818,0.006713561787918904,0.28339157152804506,-1428.301854791888
174,-208.1095351965609,0.9999231660470556,0.23455369859848665,3.0,11.0,0.0,209.44773403649052,0.46548707670909234,0.5345129232909076,0.11604473160167036,0.2435569103689821,-1427.8977182610306
175,-210.4161452808097,0.9943539296046447,0.09257668306255593,3.0,15.0,0.0,213.02336380886885,0.04547937619434867,0.9545206238056513,0.32886656171091017,0.05117416633861139,-1431.7376692131932
176,-210.7022754733413,0.9947353486536994,0.12540548696140866,2.0,7.0,0.0,211.1547187409522,0.028940035143588536,0.9710599648564114,1.785111520276242,0.12611763471992737,-1428.0406838287934
177,-208.4017788803701,0.6535120560557373,0.19351801147889722,2.0,3.0,0.0,210.19099757978654,0.3597568817553049,0.640243118244695,-0.03813739400055034,0.35885572258655035,-1429.3338350556849
178,-208.62006833149795,0.9851108500439018,0.23455369859848665,4.0,15.0,0.0,209.2187377613779,0.8228221717916525,0.1771778282083475,0.1908304118472943,0.11438194516684515,-1427.7519491717724
179,-209.18579895349413,0.9949412475342723,0.09257668306255593,4.0,31.0,0.0,210.83146877668415,0.1226795136403968,0.8773204863596032,0.9631128276059403,0.09389382079573727,-1428.7979317279219
180,-211.61612392367363,0.7462245007971915,0.12540548696140866,3.0,11.0,0.0,213.0975756805905,0.01082126605725728,0.9891787339427427,1.7049718144088801,0.10093568330695814,-1427.9322258151708
181,-208.399373161728,0.9988375231230096,0.19351801147889722,4.0,15.0,0.0,208.60117766506934,0.6775391284259357,0.32246087157406433,0.23250848440330918,0.16366510126378514,-1428.9949413718607
182,-208.67891644204417,0.9592419499578644,0.23455369859848665,5.0,31.0,0.0,209.25427978099495,0.8158814592208662,0.1841185407791338,0.27778102788700587,-0.3615234305783219,-1428.2286375761796
183,-208.4524507268569,0.9236548743059777,0.09257668306255593,4.0,23.0,0.0,211.62376048821125,0.7876249510875913,0.21237504891240866,0.1780751058489843,0.027528222368965037,-1427.558484266685
184,-213.45744667647978,0.6571582456104974,0.12540548696140866,5.0,31.0,0.0,215.05235752217422,0.9904303124044163,0.009569687595583742,0.23188803398658642,3.122350019464636,-1433.8657037336523
185,-208.24919554461684,0.9930455251612024,0.19351801147889722,2.0,7.0,0.0,208.57713309524766,0.6534421122543357,0.3465578877456643,0.11363937844337521,0.1268094665522433,-1428.249999255067
186,-208.28754504302577,0.8860507308518365,0.23455369859848665,3.0,11.0,0.0,210.0266281111134,0.28111475629598975,0.7188852437040103,0.10381436341761373,0.20364065633987605,-1427.7084577924227
187,-208.627399390379,0.9307275178283878,0.09257668306255593,3.0,15.0,0.0,209.37047601087184,0.7481102148071247,0.2518897851928753,0.16931162175937342,-0.1415857537357511,-1429.5761305868984
188,-211.75625585639696,0.9868893285476165,0.12540548696140866,4.0,15.0,0.0,214.4581053594157,0.9843938478293583,0.015606152170641652,0.16855420774667862,2.338925019164132,-1429.1666548782096
189,-208.0865931434914,0.9930705529142863,0.19351801147889722,4.0,15.0,0.0,208.85469589825877,0.5502752205806871,0.4497247794193129,0.033968337519369625,0.25605296993975496,-1427.7072764556215
190,-211.12046897376155,0.9114568990572959,0.23455369859848665,3.0,7.0,0.0,212.14518668168668,0.24046842878119787,0.7595315712188021,-0.6222304025102336,0.5539323655817017,-1446.0245734294167
191,-212.62408418952177,0.7542288427865901,0.09257668306255593,3.0,15.0,0.0,214.57910546047475,0.83020207656756,0.16979792343244005,0.02300641447722876,-0.595937036538928,-1454.914131827694
192,-211.79086077590102,0.9389419458593223,0.12540548696140866,2.0,7.0,0.0,212.6858471076447,0.9862058780736518,0.013794121926348213,0.08411168899351651,2.2272938362912655,-1429.0243886359149
193,-208.37935793603305,0.9917828239966917,0.19351801147889722,4.0,23.0,0.0,208.5278863430659,0.667999626349936,0.33200037365006396,0.19634193203846292,-0.09173997213864601,-1428.9893763992523
194,-211.26510226952195,0.9943836736576639,0.23455369859848665,2.0,3.0,0.0,211.97628015250794,0.3499254679002591,0.650074532099741,-0.7122449393049218,0.4114466073891389,-1448.5550819186092
195,-209.69330517145923,0.7829340539408836,0.09257668306255593,2.0,7.0,0.0,216.25675937243017,0.8258687647895261,0.1741312352104739,0.2611849390322867,-0.7681327974122268,-1434.54568979312
196,-213.223592042461,0.9978299044752333,0.12540548696140866,4.0,15.0,0.0,213.9296592002369,0.9698196035942662,0.030180396405733778,0.0687333168115346,3.081764584535248,-1440.2989896463234
197,-209.39697310289267,0.8396058732669297,0.19351801147889722,2.0,7.0,0.0,211.99093803809203,0.5999871273733652,0.40001287262663476,0.03879823641786101,-0.0048922340225196065,-1436.6036294611638
198,-209.28443260673444,0.8682666202184565,0.23455369859848665,3.0,7.0,0.0,212.41410954301114,0.18736615979328827,0.8126338402067117,-0.26261249036337664,0.3696684807758461,-1432.5065611923694
199,-209.69330517145923,0.7166250791579917,0.09257668306255593,1.0,3.0,0.0,211.175144459439,0.8258687647895261,0.1741312352104739,0.2611849390322867,-0.7681327974122268,-1434.54568979312
200,-212.0419152018071,0.9518804155034465,0.12540548696140866,3.0,7.0,0.0,214.96381859586256,0.9844083533707846,0.015591646629215417,0.09215723165099261,2.5807030968747267,-1430.1237353541828
201,-208.37459311311616,0.8402097500182174,0.19351801147889722,3.0,13.0,0.0,210.79475865720033,0.2529149887895007,0.7470850112104993,0.5561159003188877,0.030143145450035103,-1427.6226285205814
202,-209.9092471313379,0.8985422990522391,0.23455369859848665,3.0,7.0,0.0,213.13268055503002,0.5770117234457454,0.42298827655425464,-0.2719677392068468,0.7859500696372737,-1439.6624305185344
203,-210.11760168499032,0.9942875595012909,0.09257668306255593,4.0,15.0,0.0,210.27479686634334,0.9524130387943854,0.047586961205614564,0.160419877647702,-0.9003954466535414,-1429.3464564353455
204,-209.18466437511438,0.9659120990616048,0.12540548696140866,4.0,19.0,0.0,213.44722546833432,0.2778710467665289,0.7221289532334711,0.005768599402318289,0.05755980053801006,-1433.898691141029
205,-208.35787657417748,0.9949900820004564,0.19351801147889722,3.0,7.0,0.0,208.4231392340857,0.2651187180799927,0.7348812819200072,0.5265880781089467,0.05218826846444057,-1427.7449448567545
206,-210.79394261796529,0.7832251221806176,0.23455369859848665,2.0,3.0,0.0,213.13441610474922,0.48741081525765056,0.5125891847423494,-0.36325446198280925,0.7710936269607319,-1445.905062781403
207,-208.79511344364082,0.999429897817904,0.09257668306255593,5.0,63.0,0.0,210.69657479543642,0.8524666984170867,0.14753330158291333,0.21362327968615422,0.0240617553707506,-1427.9436384794533
208,-209.6054478449248,0.995643871014042,0.12540548696140866,3.0,7.0,0.0,209.90067049469127,0.6451689796668517,0.3548310203331483,-0.24852015655258908,0.5450002100405393,-1437.4088421394579
209,-209.241844593255,0.9461554852527537,0.19351801147889722,3.0,15.0,0.0,210.17347961865804,0.28155384347388257,0.7184461565261174,0.8597118261207762,0.0005084956286632719,-1433.7140055783182
210,-209.76898874973065,0.7340148417230904,0.23455369859848665,3.0,7.0,0.0,211.82838589095272,0.5367682436064054,0.4632317563935946,-0.367314114671704,0.5307281479761495,-1439.0594868950486
211,-208.67233955226794,0.662959181638746,0.09257668306255593,4.0,23.0,0.0,211.6756750798672,0.4317245740177992,0.5682754259822008,-0.28155042116462947,0.5039424305024031,-1431.4635212983167
212,-208.9187752283487,1.0,0.12540548696140866,3.0,15.0,0.0,209.69741586692052,0.5759092853583098,0.42409071464169024,-0.06197098397159259,0.6540872205820395,-1433.0497764254114
213,-210.6524420498344,0.7646609481438125,0.19351801147889722,1.0,3.0,0.0,212.17699774294692,0.34745738312889946,0.6525426168711006,0.9195340835267038,-0.2746643797861897,-1444.0892233776115
214,-209.8193125699935,1.0,0.23455369859848665,4.0,15.0,0.0,210.20847567455914,0.09306460318116953,0.9069353968188305,-0.13961521543498456,0.2939055074297598,-1432.2120704358779
215,-208.12748797284402,0.9995941278244848,0.09257668306255593,4.0,15.0,0.0,208.8175289331953,0.5871313357100436,0.4128686642899564,-0.0016649288597103962,0.424258469984121,-1427.749126560626
216,-209.55322929381558,0.5806344876921619,0.12540548696140866,2.0,5.0,0.0,212.33305750112908,0.7591278428094351,0.24087215719056487,-0.013074999377755137,0.15305872545561688,-1435.7852621627696
217,-210.77279944254104,0.8797702272132603,0.19351801147889722,2.0,3.0,0.0,211.1959983206616,0.300405943373137,0.699594056626863,0.9144028332989402,-0.27847221798837174,-1444.402744924027
218,-211.06586298069053,0.6404286956433364,0.23455369859848665,2.0,3.0,0.0,214.21676267531308,0.5409127508158849,0.45908724918411514,-0.4159686536736643,0.4125512018132648,-1448.072373990146
219,-208.54695022231977,0.9514756507770924,0.09257668306255593,3.0,15.0,0.0,209.13649289875073,0.45162841623041283,0.5483715837695872,-0.03224331368964827,0.4536370293010039,-1430.7715702506189
220,-208.63179070764164,0.9837809581502394,0.12540548696140866,2.0,3.0,0.0,209.94119845866024,0.6978508502651366,0.3021491497348634,0.06485644462051462,0.11543841537478548,-1430.409710902008
221,-211.02371845357987,0.4459058659373948,0.19351801147889722,3.0,11.0,0.0,213.99750683604123,0.135890958978272,0.864109041021728,1.0337239964952316,0.22044231678657944,-1441.9394270725008
222,-211.38858742412708,0.9211610432722259,0.23455369859848665,2.0,3.0,0.0,212.8631968011627,0.268657911496737,0.731342088503263,-0.2724429866900492,0.5813265668719707,-1448.6245053133764
223,-209.43221321078718,0.9919715192482055,0.09257668306255593,3.0,7.0,0.0,209.6493480066154,0.5340643510835402,0.4659356489164598,-0.33320680368281047,0.60874584113842,-1436.6823117027132
224,-211.28417609893887,0.9079974853887216,0.12540548696140866,3.0,11.0,0.0,212.2251913181026,0.9443584136915436,0.05564158630845639,0.35363141761633166,-0.5070780825609055,-1438.818621556983
225,-209.11832066679779,0.9956743275673332,0.19351801147889722,4.0,15.0,0.0,211.11154340996646,0.3290586264157007,0.6709413735842993,-0.0572878100802271,0.0891687795186101,-1434.0936783534294
226,-209.13280728574162,1.0,0.23455369859848665,1.0,1.0,0.0,210.67629708945537,0.3693780228814308,0.6306219771185693,-0.2793489489100135,0.5313756578254789,-1434.2625779869077
227,-209.07238714520034,0.9962016287613601,0.09257668306255593,4.0,15.0,0.0,210.85618632494803,0.2066516612872785,0.7933483387127215,0.2989484530156789,0.0021763846481464453,-1431.6530165447907
228,-216.419372581472,0.6996743783209619,0.12540548696140866,2.0,3.0,0.0,216.98734252442173,0.9517195187392546,0.048280481260745356,0.5157024546293579,-0.6051171777166404,-1473.1488943437391
229,-208.99263911630575,1.0,0.19351801147889722,4.0,15.0,0.0,209.2438416563458,0.5527213528603117,0.44727864713968835,-0.0007671228476859165,0.5891566407013482,-1433.7168767078851
230,-209.1926344176188,0.707144638671143,0.23455369859848665,3.0,15.0,0.0,211.59330557293214,0.9036222968161957,0.09637770318380434,0.15340854804560622,0.5156102774405575,-1427.94103053803
231,-208.84693332434637,0.9839511917694647,0.09257668306255593,3.0,11.0,0.0,210.50042983665116,0.13522313428247154,0.8647768657175284,0.010208608974838038,0.15048112634253788,-1427.8190413879158
232,-212.13875648122254,0.9735816742593795,0.12540548696140866,2.0,7.0,0.0,216.8728878497387,0.874208563203972,0.125791436796028,0.0725078237105764,-0.9209352189153949,-1449.4164204260846
233,-208.60363295439276,1.0,0.19351801147889722,3.0,7.0,0.0,209.11364141521713,0.8025719287718552,0.19742807122814476,0.12791430791262973,0.453977827070171,-1428.064501661062
234,-209.38012108380713,0.9814630825851282,0.23455369859848665,2.0,3.0,0.0,209.40904931583742,0.9010015034244113,0.09899849657558868,0.1873836388521921,0.505053383180099,-1429.4007186021447
235,-208.1063805705753,0.9996851611965937,0.09257668306255593,4.0,15.0,0.0,208.9352789600513,0.5469759621927637,0.4530240378072363,0.308366425597787,0.03194696826840443,-1427.8275331298798
236,-209.56910127061394,0.9907055119054186,0.12540548696140866,3.0,7.0,0.0,212.35523097483787,0.7316877458228949,0.26831225417710514,0.12841798295858087,-0.2692229726549221,-1436.329378770887
237,-208.278272876402,0.986339977603744,0.19351801147889722,3.0,15.0,0.0,209.11628671371,0.35826344638328417,0.6417365536167159,-0.22134938816227498,0.3371431695177854,-1428.4400431133847
238,-211.66184889063885,0.9188043595224433,0.23455369859848665,4.0,27.0,0.0,214.4494274500089,0.968228972814234,0.031771027185765965,0.2326011681757022,-1.9177068425891997,-1434.8367813622463
239,-208.1985424647244,0.9985661989702873,0.09257668306255593,4.0,31.0,0.0,209.04426353141355,0.6842274741716153,0.31577252582838466,0.08994997623208617,0.33032789070295965,-1427.499326642856
240,-209.37795853787105,0.9893982450703387,0.12540548696140866,3.0,11.0,0.0,210.81550731571306,0.8753148487351317,0.12468515126486834,0.31949180959922596,-0.40546286518285607,-1430.7999937987713
241,-208.31050079586623,0.9691822568323287,0.19351801147889722,3.0,7.0,0.0,208.53491871868968,0.294324694367342,0.705675305632658,-0.11730199545021258,0.22334600311810038,-1428.0462836027623
242,-212.07923568418096,0.9762584708709667,0.23455369859848665,3.0,7.0,0.0,212.3239582109011,0.9881915935741914,0.011808406425808604,0.1713612105357501,-2.1714297082436826,-1430.1495626882959
243,-208.22535883877526,0.9999747665261213,0.09257668306255593,3.0,15.0,0.0,208.435685614504,0.6866868473429736,0.3133131526570264,0.01774192771723557,0.4736492930733312,-1427.5625603967815
244,-208.35161526691974,0.9997050669401546,0.12540548696140866,4.0,15.0,0.0,209.5877996888461,0.7101277741440352,0.28987222585596484,0.32173174891883705,-0.14079116295891353,-1428.2169020105378
245,-208.55243174830997,0.8626945484277562,0.19351801147889722,3.0,15.0,0.0,209.4986800296317,0.3219949590935665,0.6780050409064335,0.1144320336893212,0.2813181120060588,-1430.0371598674724
246,-213.3905898491396,0.8764696330925811,0.23455369859848665,4.0,15.0,0.0,213.8941053086539,0.9972755418233261,0.002724458176673883,0.21432639757828365,-2.108865189955392,-1429.357695522042
247,-208.27165976417086,0.97229780574129,0.09257668306255593,5.0,31.0,0.0,211.09084284625598,0.6285924506368921,0.37140754936310794,0.37838262098381004,-0.13251155439346432,-1428.5019680649993
248,-208.4268681410977,0.9589824667933918,0.12540548696140866,3.0,7.0,0.0,209.2335585159636,0.5605499615316798,0.4394500384683202,0.4640063102564147,-0.11003759024117321,-1429.887201089504
249,-209.18234106112402,0.9890502103821104,0.19351801147889722,4.0,15.0,0.0,209.56339140004994,0.15597350759415962,0.8440264924058404,-0.3721862451213215,0.15841260057232825,-1430.8326979256344
250,-212.4089268625081,0.8261819251441296,0.23455369859848665,3.0,11.0,0.0,215.18182988573886,0.9719706956757685,0.028029304324231452,0.08218831521248679,-1.9628866473337834,-1439.0479823459557
251,-208.52349997116764,0.9367217581794913,0.09257668306255593,3.0,7.0,0.0,209.63624784824958,0.6542878224200794,0.34571217757992057,0.38415877256153963,-0.3273455582668451,-1429.9419656011737
252,-208.70859254658922,0.90804276845252,0.12540548696140866,2.0,3.0,0.0,209.2459443210322,0.5875122784741227,0.4124877215258773,0.44341454985461576,-0.03344304050143502,-1431.746043392959
253,-209.81346149310218,0.9911162194029973,0.19351801147889722,4.0,21.0,0.0,211.00443751881238,0.08932807895583461,0.9106719210441654,-0.9448775470054096,0.22611875841621454,-1431.1933565847132
254,-211.9015379363079,0.9881706427630764,0.23455369859848665,2.0,3.0,0.0,212.47810991404532,0.9666058690689181,0.0333941309310819,0.23965125243737012,-2.0078168764568196,-1436.5167774799781
255,-209.42600262811587,0.8641473449651325,0.09257668306255593,2.0,3.0,0.0,210.13031692961982,0.6105183754029128,0.38948162459708724,0.28449404954579965,-0.37211730615286626,-1436.5519236087873
256,-209.7630134319346,0.9730623459956083,0.12540548696140866,4.0,31.0,0.0,210.83664716959478,0.7636461573202357,0.23635384267976434,0.4238868988970332,-0.6667705060992273,-1436.6259292916282
257,-209.81346149310218,0.3909752568083624,0.19351801147889722,1.0,3.0,0.0,212.21272059947304,0.08932807895583461,0.9106719210441654,-0.9448775470054096,0.22611875841621454,-1431.1933565847132
258,-212.12388747575957,0.9712228414374929,0.23455369859848665,2.0,7.0,0.0,212.58830832868657,0.9576717334277512,0.04232826657224875,0.27766218421390054,-1.9273975724776624,-1439.8825063859836
259,-208.8270580299438,1.0,0.09257668306255593,2.0,3.0,0.0,209.4427048235416,0.6451766701244346,0.3548233298755654,0.3305702865132957,-0.37021693621746316,-1432.1289457193404
260,-210.49695620286286,0.9839341645631283,0.12540548696140866,4.0,31.0,0.0,211.15796626256963,0.9757686463626714,0.024231353637328645,0.1634609491413546,-0.704428339205752,-1427.742878346055
261,-211.24971089098864,0.6772533690620327,0.19351801147889722,1.0,3.0,0.0,211.5492276014989,0.12627378636835956,0.8737262136316404,-0.994950510178286,0.13480527914515572,-1443.164139953973
262,-211.24050859243167,0.9716584941767282,0.23455369859848665,3.0,7.0,0.0,212.41491803464413,0.9687214830855762,0.03127851691442385,0.15129977511670234,-1.6607296316777262,-1432.6428334103325
263,-208.800899746878,0.9570976662840066,0.09257668306255593,3.0,11.0,0.0,210.07278608710274,0.7546100438220672,0.2453899561779328,0.3280897513396878,-0.05028420047433442,-1430.6007291094404
264,-208.50835813019097,0.9348522058312209,0.12540548696140866,4.0,15.0,0.0,212.05917158395005,0.6996819461350868,0.30031805386491317,0.38079036309638375,-0.22107813283396202,-1429.3809123843319
265,-209.89384688053352,0.987433277925294,0.19351801147889722,4.0,19.0,0.0,211.58518677042937,0.9494648002246089,0.050535199775391115,0.10760574565718997,0.028752319291201117,-1428.9061648737998
266,-210.53195907957002,0.9469904144645384,0.23455369859848665,2.0,7.0,0.0,211.96971230066976,0.9379669670679416,0.06203303293205842,0.24898916683335334,-1.2988288557919705,-1433.1465394857914
267,-208.7677785138924,0.9954555070527807,0.09257668306255593,4.0,17.0,0.0,211.14303535130986,0.8260433692121331,0.17395663078786694,0.10911713558433819,0.10181492924546802,-1428.6960514184652
268,-209.75537212612406,0.9392227807192828,0.12540548696140866,3.0,11.0,0.0,211.9722860727516,0.04848996238743597,0.951510037612564,0.4816568725057771,0.13851589108017365,-1427.4729226207576
269,-209.59128544844427,0.935179842770287,0.19351801147889722,2.0,7.0,0.0,212.65284774882366,0.9039727451866182,0.09602725481338181,0.18809017616853735,-0.7442761938842408,-1430.4133427742092
270,-210.94812646768133,0.9765405513015385,0.23455369859848665,3.0,7.0,0.0,210.98243052441606,0.9733170995231378,0.02668290047686217,0.1377952698279676,-1.3400057018103386,-1430.392501235383
271,-208.32734173988155,0.8488178739756023,0.09257668306255593,2.0,7.0,0.0,210.1626789693514,0.7329644319846311,0.2670355680153689,0.2210614392323466,0.06317751375347641,-1427.7618854692766
272,-209.625525800955,0.9890929877388498,0.12540548696140866,2.0,3.0,0.0,209.83981374119296,0.057164611531629494,0.9428353884683704,0.44494366258430407,0.1165548969727957,-1427.6837878446936
273,-210.948763726903,0.9429331856578255,0.19351801147889722,3.0,7.0,0.0,211.0659548202698,0.9566304971025378,0.04336950289746222,0.10889663035086014,-1.1870621854295997,-1433.9726635118175
274,-211.27553685423672,0.8838271148337218,0.23455369859848665,2.0,3.0,0.0,211.8934108821909,0.9798159169017233,0.020184083098276684,0.12058891287889625,-1.4089660829705315,-1430.6121404712571
275,-209.1812276518795,0.9969737542594407,0.09257668306255593,5.0,31.0,0.0,209.61361544839,0.9013345380838087,0.0986654619161913,0.1709957742085201,-0.3246229858962008,-1428.1404187330784
276,-210.22092328572853,0.9613985537267887,0.12540548696140866,3.0,7.0,0.0,210.50147280816455,0.03845229339095639,0.9615477066090437,0.3898378267598796,0.20716372686058315,-1429.2077558710323
277,-210.09574194051785,0.9930064165354615,0.19351801147889722,4.0,15.0,0.0,212.97702901856871,0.948833595308707,0.051166404691292966,0.16223572953779408,-0.9189301672277057,-1429.640802255932
278,-211.24483209703362,0.9944119445647038,0.23455369859848665,2.0,3.0,0.0,211.5088313827415,0.9850891461956494,0.014910853804350643,0.17743868661423962,-1.3985703597816947,-1428.3559859364705
279,-210.37536631090205,0.6825108222094912,0.09257668306255593,2.0,3.0,0.0,210.83164160633746,0.9059577575368939,0.09404224246310611,0.34532474745980113,-0.27583004403308253,-1436.0406457379363
280,-211.08373821886335,0.5883215781979749,0.12540548696140866,2.0,3.0,0.0,212.23165666243588,0.0547869847114754,0.9452130152885246,0.4458229002601801,0.28822842623929545,-1437.420023257306
281,-211.21678291002638,0.9272013916975425,0.19351801147889722,2.0,3.0,0.0,211.40145640287344,0.9757493011878542,0.02425069881214581,0.2763870575863388,-1.0299208683128176,-1432.1903081790992
282,-208.25991382333476,0.9951921352539889,0.23455369859848665,4.0,15.0,0.0,211.27037016527896,0.5513768259365369,0.4486231740634631,0.18772372385725283,0.23311442960541034,-1428.8816631393847
283,-210.97470590598257,0.9468462567818925,0.09257668306255593,3.0,11.0,0.0,212.15610147851467,0.8794847719018025,0.12051522809819748,0.03989476724291542,-0.4070737105564677,-1441.7134260651198
284,-211.15641370400263,0.9495919814979145,0.12540548696140866,4.0,15.0,0.0,213.275737573397,0.8167301999093595,0.18326980009064053,-0.21103158734088504,0.9668388133011749,-1444.6517243483902
285,-211.4250456251011,0.8855160100577912,0.19351801147889722,3.0,15.0,0.0,214.29737705166437,0.7099535454326003,0.29004645456739975,0.31306319438779273,-0.7944442664677742,-1448.9267581973118
286,-210.3051760930756,0.891861944613804,0.23455369859848665,4.0,15.0,0.0,211.97772701843462,0.8505841564397046,0.14941584356029536,0.17000576698173755,-0.7963559069124472,-1437.9144471818593
287,-211.28583447469026,0.9692350668969713,0.09257668306255593,2.0,3.0,0.0,212.08302054699206,0.8623036309611044,0.1376963690388956,0.028640943659354712,-0.40353280530438224,-1444.6501192494484
288,-208.84949708599342,1.0,0.12540548696140866,3.0,7.0,0.0,211.09354114840195,0.7899173102450867,0.2100826897549133,-0.019617111668181836,0.8608592845191296,-1429.6340963996504
289,-212.7814459816757,0.9078547925709597,0.19351801147889722,4.0,19.0,0.0,214.180801962894,0.9583180171150214,0.0416819828849786,0.02539229074747449,2.6501568116186793,-1441.532387252383
290,-209.97961833227444,0.8142701325585607,0.23455369859848665,3.0,15.0,0.0,212.35886162910532,0.8564314996522951,0.14356850034770485,0.3926432221379881,-0.682949252832683,-1435.4738282354667
291,-211.46530669075335,0.984752180176338,0.09257668306255593,2.0,3.0,0.0,212.25920552524667,0.8535746874689611,0.14642531253103885,0.026516957106808455,-0.42431413293038306,-1446.2294147277705
292,-210.39493512938805,0.6801600450209239,0.12540548696140866,3.0,7.0,0.0,211.89041145173988,0.900462036871172,0.09953796312882801,-0.07181217495638885,0.9198510931594722,-1435.959722989869
293,-214.3666486222648,0.8698053474957409,0.19351801147889722,3.0,7.0,0.0,214.96742626440601,0.9613225667519574,0.038677433248042625,-0.06078439616576099,2.7237460681023786,-1451.6433126655404
294,-211.65543893994712,0.959388004386818,0.23455369859848665,4.0,15.0,0.0,212.85276243333342,0.1999203661151397,0.8000796338848604,-0.45804757636898646,0.5449575392937862,-1448.9652934886885
295,-210.89028782407453,1.0,0.09257668306255593,2.0,3.0,0.0,211.9638865045322,0.8713539326457078,0.12864606735429218,0.41774808857654805,-0.3275570163020236,-1441.4182539322226
296,-209.14848393393405,0.930015215731221,0.12540548696140866,1.0,3.0,0.0,211.08473172939247,0.873411412133939,0.12658858786606098,0.06525768972475578,1.0035399651236814,-1428.6612806650228
297,-212.042616693288,1.0,0.19351801147889722,2.0,3.0,0.0,214.42694034823697,0.969480423277201,0.030519576722799036,0.20524947568103655,2.360158677682219,-1435.5743662862378
298,-209.47957671782484,1.0,0.23455369859848665,3.0,13.0,0.0,212.45244401812008,0.44453123994021465,0.5554687600597854,-0.2044566284749702,0.18889266398711682,-1437.3050234207037
299,-209.1933716833689,0.8041639595606241,0.09257668306255593,3.0,11.0,0.0,212.69937816447532,0.9015624380343955,0.09843756196560449,0.24587558499212764,-0.3909763170237409,-1428.1421259451379
300,-209.56562958152844,0.9412388668582142,0.12540548696140866,2.0,3.0,0.0,209.726848147342,0.8517954866908278,0.14820451330917217,0.10145179061553244,1.066949616859474,-1432.3401496826582
301,-212.49331849549827,0.9365477192770878,0.19351801147889722,2.0,3.0,0.0,212.9185658734491,0.9678087941077349,0.032191205892265096,-0.014091804407059025,2.3584886875572577,-1439.0871473085324
302,-210.73492188224589,0.7734853558703536,0.23455369859848665,2.0,3.0,0.0,213.75322538024295,0.12109655493142242,0.8789034450685775,-0.10656179353259856,0.3744021050137427,-1440.0993453611338
303,-209.9479097727871,0.8656145493952038,0.09257668306255593,5.0,31.0,0.0,210.90008960157454,0.042902982922681354,0.9570970170773186,-0.6319170118525252,0.20232190946386908,-1427.834492178787
304,-210.15579978464856,0.9953261565201742,0.12540548696140866,3.0,15.0,0.0,211.0813416626381,0.8824879055212411,0.11751209447875888,-0.03739140400773859,1.3754102076745984,-1434.4156348087874
305,-211.95974118530097,0.9889665349459852,0.19351801147889722,2.0,7.0,0.0,213.02012913656162,0.947134042648729,0.052865957351270976,0.04464250246923675,2.3397469462465144,-1438.753346726421
306,-209.19120214538637,0.9038500114609922,0.23455369859848665,3.0,15.0,0.0,211.35570184426675,0.17879108404275457,0.8212089159572454,-0.13888495731884856,0.1073014548945237,-1431.7624015495253
307,-208.25126946947492,0.9904977804335221,0.09257668306255593,5.0,63.0,0.0,211.17951889772766,0.6796102769683735,0.3203897230316265,0.0813932828212108,0.2184447184471132,-1427.971334932058
308,-211.64552895003422,0.945101182942832,0.12540548696140866,3.0,15.0,0.0,213.03936011449997,0.952913395026945,0.047086604973054946,0.19950326129014107,2.0202383261326773,-1436.9953620859737
309,-213.6218995861249,0.843716984663777,0.19351801147889722,4.0,15.0,0.0,214.17470072402764,0.9981310097416226,0.0018689902583773899,0.17320991845245629,2.298598187190878,-1427.6498050303226
310,-208.63181333370858,1.0,0.23455369859848665,2.0,3.0,0.0,209.0745014007725,0.18844111612038203,0.8115588838796179,-0.15341338020423995,0.18312026156298594,-1428.1570707895814
311,-209.02707638023895,0.9630508889119305,0.09257668306255593,4.0,23.0,0.0,210.31455434520802,0.8187473040022624,0.18125269599773763,0.12329326394390677,-0.13979760254959728,-1430.698977583171
312,-210.16931311447814,0.9595661998746886,0.12540548696140866,4.0,23.0,0.0,213.02562267026516,0.9253507080928998,0.07464929190710023,0.012587151722235845,0.4866350253545293,-1433.132334434112
313,-214.7482809799379,0.9985054214516752,0.19351801147889722,3.0,7.0,0.0,214.94245495847727,0.9994001528199081,0.0005998471800918725,0.16358656905278546,2.3141894879907854,-1427.5295317000346
314,-208.83122182470203,0.9935565610659364,0.23455369859848665,1.0,3.0,0.0,209.02460306834513,0.14332850492810176,0.8566714950718982,-0.15237061950844472,0.16982215151199814,-1428.022274699768
315,-209.10435964061634,0.8576576574952337,0.09257668306255593,2.0,7.0,0.0,210.3643823428814,0.8598147440476367,0.1401852559523633,0.1297972361624608,-0.167763958783854,-1429.78726732041
316,-209.2998914965946,0.8390817450429581,0.12540548696140866,3.0,11.0,0.0,212.85920408338927,0.922644525136003,0.07735547486399696,0.16353158388902023,0.004242638184872027,-1427.5338499304912
317,-215.1508372851105,0.9978248565865541,0.19351801147889722,3.0,7.0,0.0,215.49224295466462,0.9995207677432169,0.0004792322567831464,0.13994123036890005,2.5856172935938133,-1427.618238140358
318,-209.7976626781879,0.874153591963199,0.23455369859848665,3.0,15.0,0.0,210.87243675797336,0.6227078983851669,0.37729210161483306,-0.2732894214588493,0.49997759912310025,-1438.945289087516
319,-209.70310783291842,0.9972207559236328,0.09257668306255593,3.0,15.0,0.0,212.0428094008853,0.9383371765740623,0.06166282342593765,0.09196113931698921,0.303832003059984,-1428.805569338811
320,-209.4774547758343,0.9040861449820361,0.12540548696140866,2.0,3.0,0.0,210.2359872630476,0.9276700412410842,0.07232995875891579,0.1205089732000292,0.05539799349824172,-1428.3418401782444
321,-218.55627254562827,0.7572485308172471,0.19351801147889722,2.0,3.0,0.0,218.67586220060792,0.9997632493729525,0.0002367506270475328,0.34720131391432163,2.654595350172977,-1445.8733404980471
322,-209.24103803103606,1.0,0.23455369859848665,1.0,1.0,0.0,209.80997622845928,0.5851214215078617,0.4148785784921383,-0.26486103129839245,0.5044730512593787,-1435.3262188960496
323,-208.7552695686377,0.9504912573155015,0.09257668306255593,4.0,31.0,0.0,211.394666943672,0.3596004958793853,0.6403995041206147,0.1248371249109183,0.0276704038915292,-1431.872679425436
324,-211.39588679555018,0.9584986666519746,0.12540548696140866,4.0,31.0,0.0,212.03035864204847,0.04279099872096589,0.9572090012790341,-0.16074404129038358,0.3227719652073363,-1438.0873938807006
325,-215.55095213037487,0.9998722554090367,0.19351801147889722,3.0,7.0,0.0,218.9098950581896,0.9995424166245213,0.00045758337547874284,0.1384787492760447,3.0717988842222703,-1427.6883152729802
326,-208.5970520791833,0.9574975260479265,0.23455369859848665,2.0,3.0,0.0,209.56239813275081,0.4862288905907102,0.5137711094092898,-0.14539467078065432,0.5469304434308663,-1431.0794179340116
327,-210.25612486774412,0.9279329591977985,0.09257668306255593,4.0,27.0,0.0,211.77818624433036,0.04328805186835768,0.9567119481316423,1.5563888349572186,0.07837248450982962,-1428.305729494044
328,-213.91943306178098,0.5553153487896855,0.12540548696140866,1.0,3.0,0.0,215.05589059485555,0.02885875637705967,0.9711412436229403,-0.16497513244145526,0.3983446064208581,-1452.8499422341479
329,-216.51922203974877,0.9896969765096824,0.19351801147889722,3.0,7.0,0.0,216.72313480470058,0.9997750142728876,0.00022498572711238118,0.18524093424554033,3.3355388311157417,-1428.0023027881734
330,-208.50807495750985,0.9616114521619583,0.23455369859848665,3.0,7.0,0.0,209.67828446435092,0.37992249645347037,0.6200775035465296,-0.16262449487068342,0.4421041564907024,-1430.1446156439358
331,-210.61608365677677,0.9770250852989886,0.09257668306255593,3.0,15.0,0.0,212.53014352414792,0.16386094478847688,0.8361390552115231,1.3864164731549995,-0.05600238861934409,-1439.4914097890394
332,-211.58528398366923,1.0,0.12540548696140866,1.0,1.0,0.0,213.55633579987222,0.028191040233346825,0.9718089597666532,-0.21050807794363577,0.30588255989814095,-1436.610715641442
333,-212.22524466459882,0.9832029141946704,0.19351801147889722,4.0,15.0,0.0,217.08240985009894,0.987692593529588,0.012307406470411952,0.11791392328751064,2.6938678257050954,-1429.2591457609615
334,-208.9199739137201,0.9224825887332078,0.23455369859848665,3.0,11.0,0.0,210.26438628458254,0.3973418073489094,0.6026581926510906,-0.008078842771850864,0.4405965506534761,-1433.1266819254001
335,-210.38443480152148,0.9841410810291127,0.09257668306255593,5.0,31.0,0.0,211.73838609864336,0.026845065644525313,0.9731549343554747,-0.41715211481566966,0.14261282408371254,-1427.938395960843
336,-210.3596981453091,0.9050593163259052,0.12540548696140866,4.0,19.0,0.0,213.39609679538037,0.0351884349480791,0.9648115650519209,-1.0173844622701125,0.22007259540653537,-1428.8097726918238
337,-212.57243955157466,0.9913230585690485,0.19351801147889722,3.0,7.0,0.0,212.73616304625045,0.9594853450015256,0.0405146549984744,0.11891799493418119,2.7405590741577814,-1439.4683638960032
338,-208.13433816793906,0.9920529524558226,0.23455369859848665,2.0,7.0,0.0,210.23685357350072,0.6280137837975218,0.3719862162024782,-0.0032346686007747377,0.4124763080289906,-1427.5496471218703
339,-211.05215200179487,0.9876270005161452,0.09257668306255593,5.0,31.0,0.0,211.55680171796286,0.9597074569405727,0.04029254305942731,0.31074212451421673,-0.46238611377792466,-1435.1596657882196
340,-210.74592794427855,0.9815663716242488,0.12540548696140866,3.0,7.0,0.0,210.9258489477941,0.02308752917975584,0.9769124708202441,-0.9744087626616919,0.13916769756825897,-1428.7517617330323
341,-212.09355589706234,0.95561453515656,0.19351801147889722,3.0,7.0,0.0,213.35982122606637,0.9861414839521504,0.0138585160478496,0.18127944748094948,2.5204887743046998,-1429.9228149464277
342,-208.93846186866125,0.981796849832508,0.23455369859848665,3.0,15.0,0.0,209.90782155271393,0.4355155210010024,0.5644844789989976,-0.2481409568255364,0.5634186109459244,-1433.2764504612362
343,-211.82991865820912,0.9737186105335552,0.09257668306255593,4.0,19.0,0.0,214.2091185597978,0.9881612720412956,0.011838727958704442,0.25819605040458027,0.04015713036947002,-1432.482595012559
344,-209.54843052260455,0.896271532572593,0.12540548696140866,4.0,27.0,0.0,211.3556705579084,0.25016507652113545,0.7498349234788646,-0.5519844422398683,0.45144905803662605,-1435.5098285316778
345,-212.4422439522539,0.9235403233166257,0.19351801147889722,3.0,7.0,0.0,214.66574274855157,0.9591072265683303,0.04089277343166975,-0.021807288523386717,2.3057186229312436,-1440.5369852581064
346,-209.00743317146726,0.7511919234887382,0.23455369859848665,3.0,15.0,0.0,210.37320494066273,0.11582466083245427,0.8841753391675458,0.07424918970893282,0.20145129126236658,-1427.9911592849069
347,-213.25157686017388,0.4817820865820235,0.09257668306255593,4.0,31.0,0.0,217.12044022337318,0.9440118673200079,0.05598813267999214,-0.09173197313056072,0.3030867790462285,-1452.6927166516764
348,-209.1964663334918,0.9585201944139824,0.12540548696140866,2.0,7.0,0.0,210.54357014837151,0.21107368811652727,0.7889263118834727,-0.23268023901549817,0.1305488536430811,-1432.6334786041468
349,-212.68972291750165,0.8941815249136205,0.19351801147889722,2.0,7.0,0.0,214.5747765073213,0.96503678569903,0.03496321430097005,0.2883047552780922,1.7391902242659747,-1443.114264564019
350,-209.68911975406152,0.872794472847031,0.23455369859848665,3.0,7.0,0.0,210.17581984513083,0.0703350901520633,0.9296649098479367,-0.019286465794604735,0.23882608979414122,-1429.59123326444
351,-210.06691186087536,0.8604333281553133,0.09257668306255593,1.0,3.0,0.0,213.6683429389903,0.9511312646208607,0.04886873537913927,0.21892449962654673,0.3030356010998965,-1429.7721709233829
352,-208.6679817684914,0.9086549439612741,0.12540548696140866,2.0,7.0,0.0,209.94909402246373,0.22483499872470994,0.7751650012752901,-0.16645689594956103,0.32171457406041476,-1429.2457411997973
353,-210.8966654224336,0.9691127914170763,0.19351801147889722,2.0,3.0,0.0,213.10742239591488,0.9590699357633783,0.04093006423662171,0.19241159271851532,1.6579994657282187,-1432.0518286876572
354,-209.39025065290718,1.0,0.23455369859848665,4.0,15.0,0.0,210.72647455860536,0.8427355097930095,0.15726449020699051,-0.026184835343602497,1.0974369323670603,-1431.4160039691562
355,-209.75039843135085,0.9506886141763571,0.09257668306255593,3.0,15.0,0.0,211.3241019047724,0.9101678593832323,0.0898321406167677,0.0288519625717943,0.43778874947487834,-1431.4416158715737
356,-208.42653474657476,1.0,0.12540548696140866,4.0,15.0,0.0,208.77597443158686,0.35478561103794504,0.645214388962055,-0.2813301252137699,0.3380600304539781,-1429.4075811476594
357,-209.96745695593034,0.9957817279599415,0.19351801147889722,3.0,15.0,0.0,211.28208251740006,0.9370885597688597,0.06291144023114026,0.11463472978528301,1.4271231056223541,-1429.0779631262176
358,-209.46652906594042,0.9871133383624081,0.23455369859848665,3.0,7.0,0.0,209.530064990457,0.8480353524922654,0.15196464750773464,-0.049668896544894064,1.0691564093179873,-1431.8007854858079
359,-209.2852548516219,0.9986890839468486,0.09257668306255593,5.0,31.0,0.0,210.00615606604737,0.5073668073495108,0.4926331926504892,-0.07602167171684993,0.6285436025007813,-1435.767523563555
360,-208.56779343675032,0.9992976946596495,0.12540548696140866,4.0,15.0,0.0,208.63346545634937,0.20096252243553384,0.7990374775644662,-0.21460266084678126,0.2118796270024909,-1428.0225701814795
361,-212.08467604750948,0.8812001490582668,0.19351801147889722,2.0,7.0,0.0,213.66865196587875,0.9900015526168131,0.009998447383186893,0.22765941119356964,1.6146907328986284,-1430.8511522493131
362,-208.53376173776772,0.9980138646428262,0.23455369859848665,3.0,13.0,0.0,210.2882691134203,0.37723796352495287,0.6227620364750471,0.19692080859063768,0.006678831232161717,-1430.4609960322944
363,-208.36308043792906,0.984718215179107,0.09257668306255593,4.0,23.0,0.0,211.01883864136803,0.24742444841544123,0.7525755515845588,0.1953592886676853,0.16388594390696926,-1427.6537500174431
364,-208.4097665354011,0.9910263530989469,0.12540548696140866,3.0,15.0,0.0,209.49574162896585,0.6672928868201001,0.33270711317989987,-0.08532941373513099,0.5883367910893618,-1428.9421940130403
365,-213.90005077171406,0.9940881939051673,0.19351801147889722,4.0,15.0,0.0,214.52720031541574,0.9986960873807669,0.0013039126192331274,0.08640555882640072,1.4844769197085108,-1429.7669664230636
366,-211.16847085947413,0.6991184085739919,0.23455369859848665,2.0,7.0,0.0,212.83159242338624,0.48795383073889187,0.5120461692611081,0.09058029901793331,-0.19163220695824174,-1449.0811327471013
367,-209.04460744269738,0.9961441650520781,0.09257668306255593,4.0,31.0,0.0,210.37835331313622,0.6647780534397452,0.33522194656025484,0.052440043717349186,0.6719462399340947,-1433.2663818261249
368,-208.92438016649757,0.9720629231061066,0.12540548696140866,3.0,15.0,0.0,209.78590478393292,0.8597127874103129,0.14028721258968713,0.09555445214227343,0.7711391781035085,-1428.0657144560134
369,-212.70314246157892,0.9595702995034404,0.19351801147889722,3.0,15.0,0.0,216.48330633416057,0.997192667864436,0.0028073321355639447,0.1958263446341187,0.5891534068117146,-1428.3623526529675
370,-211.88840865252465,0.9811944804833332,0.23455369859848665,2.0,7.0,0.0,212.82608731065613,0.33318131903261017,0.6668186809673898,0.1323002176362453,0.5118658150280194,-1453.040550532178
371,-209.44783032819575,0.9011116875003462,0.09257668306255593,3.0,11.0,0.0,210.96050527000193,0.8630441531377888,0.13695584686221118,-0.0485691651592538,0.8932024362221729,-1431.3727089602226
372,-208.72330298998185,0.9480330555035591,0.12540548696140866,4.0,23.0,0.0,210.17589175222338,0.4245838461170052,0.5754161538829947,0.6423967798060268,-0.16487085943723875,-1431.6945443286947
373,-212.6794536276156,0.9998846642600555,0.19351801147889722,4.0,15.0,0.0,213.67517183545237,0.9975281602357757,0.0024718397642242707,0.16736379541513902,0.1936466737861554,-1427.5981349179117
374,-208.24915970197262,0.9956192416938346,0.23455369859848665,3.0,11.0,0.0,211.3509186245933,0.632354352473975,0.367645647526025,0.3711111024088916,-0.17989229714538646,-1428.3093614245686
375,-211.27237003747712,0.7782523748233117,0.09257668306255593,3.0,11.0,0.0,212.08640336702126,0.824912540858242,0.17508745914175805,0.2529478772943055,0.8067332112193442,-1445.4344762330766
376,-208.3284925052228,0.8196253368650372,0.12540548696140866,4.0,15.0,0.0,209.83619193845695,0.2549826738605432,0.7450173261394568,0.25376821761857693,0.13281420604888472,-1427.5382641746705
377,-212.1777398669423,0.7234927687600946,0.19351801147889722,3.0,15.0,0.0,218.17553784721989,0.9931578840728055,0.006842115927194525,0.21739270227681465,1.280357886098367,-1429.7353705186056
378,-209.63918816235352,0.8158565900130413,0.23455369859848665,4.0,23.0,0.0,211.08674979079984,0.09986432351457737,0.9001356764854226,0.08759679775104068,0.0649053273204736,-1431.4841093226257
379,-209.7229280687485,0.9933560512365636,0.09257668306255593,4.0,19.0,0.0,212.01116988390106,0.29002012364749286,0.7099798763525071,-0.1970406997525523,0.09669864730855493,-1437.7565764549242
380,-208.80782546279124,0.9750469400610317,0.12540548696140866,3.0,15.0,0.0,209.64402686990258,0.17372095107606472,0.8262790489239353,0.42609617500275543,0.03389112655375431,-1428.8267618023704
381,-211.74381337553763,1.0,0.19351801147889722,3.0,7.0,0.0,212.39901364036515,0.9903313545227275,0.00966864547727253,0.08488435808270967,1.351404536614946,-1428.9800018476421
382,-210.99566915544358,0.914161973620491,0.23455369859848665,3.0,7.0,0.0,211.29377035343532,0.04152531239312914,0.9584746876068708,-0.10295745063336131,0.29660733724647165,-1435.151664837876
383,-209.86014781944138,0.9788713911461827,0.09257668306255593,4.0,27.0,0.0,211.15890024450343,0.2908585441925352,0.7091414558074648,-0.2697626371202873,0.5168925134853234,-1438.4642975274812
384,-208.21343007100185,0.9811418670945307,0.12540548696140866,3.0,15.0,0.0,209.47303529829694,0.327107100234068,0.672892899765932,-0.036033674273967246,0.21203977795280315,-1427.7916450719283
385,-211.66948735693418,0.9654513303133803,0.19351801147889722,2.0,7.0,0.0,213.42669785243936,0.9920984422531162,0.007901557746883836,0.16229943208694603,1.154138077844232,-1427.4949650222297
386,-208.2360327549838,0.9248172306235259,0.23455369859848665,3.0,13.0,0.0,211.8575618280387,0.2967669070815799,0.7032330929184201,0.33524217034647036,0.09640106978591088,-1427.5148971033655
387,-209.2387662206229,1.0,0.09257668306255593,2.0,3.0,0.0,209.8869535772242,0.3194977796320398,0.6805022203679603,-0.3040521298388672,0.4992447364789981,-1434.5344053386123
388,-208.28739246099326,0.9608133359009922,0.12540548696140866,4.0,15.0,0.0,208.5728936383428,0.2715483647188051,0.7284516352811949,0.035696095989144985,0.21692101520720208,-1427.562938698923
389,-209.63888775975013,0.9330465950066659,0.19351801147889722,4.0,17.0,0.0,213.37007362717875,0.05555354189521369,0.9444464581047863,0.018988720753271966,0.141542049870328,-1427.7554706246497
390,-208.2062270545777,0.9062175401684975,0.23455369859848665,2.0,7.0,0.0,209.376838854231,0.5249074452766417,0.4750925547233583,0.3335533288325219,-0.12463232168498524,-1428.5348386186263
391,-208.83569074634192,0.9905677541542918,0.09257668306255593,2.0,3.0,0.0,209.4520176948849,0.34159652264089013,0.6584034773591099,-0.3474669403205222,0.46511456316009,-1431.9879984826205
392,-208.26225907823954,0.9875805638432781,0.12540548696140866,4.0,15.0,0.0,208.86828066006868,0.5787886914257946,0.4212113085742054,-0.08528838989231997,0.5208428327882764,-1428.634327414105
393,-210.65952609377229,0.8143000996476872,0.19351801147889722,4.0,15.0,0.0,211.05980621119363,0.03499477935990473,0.9650052206400953,-0.13481036204816893,0.2616696471543154,-1431.704932721896
394,-208.25932945252126,0.9017116092884644,0.23455369859848665,3.0,7.0,0.0,209.81714917993023,0.2834566470431116,0.7165433529568884,0.23416306041822935,0.1328824986813297,-1427.5308403855875
395,-208.4617317645419,0.9960698144595617,0.09257668306255593,5.0,59.0,0.0,209.3106325738762,0.27149861049213536,0.7285013895078647,-0.29348992256108475,0.33704229878904163,-1428.6357044461286
396,-210.46992685200073,0.8897568431463063,0.12540548696140866,3.0,15.0,0.0,213.00819368191208,0.26072898306127223,0.7392710169387278,0.0911585048901036,-0.05577638561388448,-1442.4922037665824
397,-208.77922509497455,0.9905390612052577,0.19351801147889722,3.0,15.0,0.0,212.21454747061043,0.4964863533405625,0.5035136466594374,0.4583418407079956,0.057565821620910784,-1432.4350143087931
398,-208.83060613353683,0.904366111886306,0.23455369859848665,2.0,3.0,0.0,209.08391250181302,0.2628054294348236,0.7371945705651763,0.30700179456322135,0.21699319497878594,-1431.0913653998377
399,-208.41186676484045,0.9999722640998628,0.09257668306255593,3.0,7.0,0.0,208.47688003636057,0.2873464203838452,0.7126535796161548,-0.2700993846097869,0.34101568749926947,-1428.540263246896
400,-208.60421804923416,0.8365418002746926,0.12540548696140866,2.0,3.0,0.0,211.96919029988254,0.17383752479324932,0.8261624752067507,0.10599227216472873,0.1589768193589246,-1427.5501887998353
401,-208.85485957009433,0.931161871800111,0.19351801147889722,4.0,15.0,0.0,211.56996066489708,0.13202133945036948,0.8679786605496305,0.33650180277347397,0.14802177958222873,-1427.636744215774
402,-209.4829820702493,0.8557865078505639,0.23455369859848665,3.0,15.0,0.0,211.8088868630279,0.9327720675468055,0.06722793245319447,0.159169499832637,0.448801052901501,-1427.7320008896404
403,-209.72277473234956,0.9589018261043414,0.09257668306255593,3.0,7.0,0.0,210.20325840232488,0.2574933219498773,0.7425066780501227,-0.6619261569262034,0.4075440264063779,-1436.763086075456
404,-208.57780969525,0.9976004062623997,0.12540548696140866,3.0,15.0,0.0,209.10329080675697,0.3002561532768339,0.699743846723166,-0.3626101053554948,0.3650021676730015,-1429.7986893760303
405,-208.75585052076852,0.9067743704071931,0.19351801147889722,2.0,7.0,0.0,209.96366965409703,0.19769557332247487,0.8023044266775251,0.590538999926076,-0.017812893843290156,-1429.0137223085326
406,-211.0695239696842,0.6115196808295128,0.23455369859848665,1.0,3.0,0.0,212.22804595678298,0.8867107175115827,0.1132892824884173,0.30943131624602815,0.45354638424345395,-1441.8819761554555
407,-209.50710691313336,0.9441296414718926,0.09257668306255593,3.0,7.0,0.0,210.84697118522604,0.14575744309326225,0.8542425569067378,-0.412436319840335,0.35855708678257403,-1432.5746517864268
408,-208.05361863828776,0.9824642132301225,0.12540548696140866,4.0,15.0,0.0,208.71179746404744,0.5472011039411703,0.4527988960588297,0.23718636208451208,0.045330780182415244,-1427.4951131041976
409,-208.72785515224393,0.9999098479356185,0.19351801147889722,3.0,11.0,0.0,208.9519217492916,0.24755921471924702,0.752440785280753,0.6822712563431006,0.06944356740585107,-1429.8260910566341
410,-214.4911182167065,0.7343562677150138,0.23455369859848665,3.0,11.0,0.0,215.80538152536838,0.8440193034856404,0.15598069651435964,0.4528365897179387,0.36073471280437636,-1467.356542540938
411,-208.35624861205795,0.9602630412298896,0.09257668306255593,4.0,31.0,0.0,212.26408194408822,0.3372675478166256,0.6627324521833744,0.25282090511708366,0.18425786382156287,-1428.8398372204986
412,-209.15269971425963,0.8729585131249559,0.12540548696140866,3.0,7.0,0.0,210.0389964236055,0.43390009550366865,0.5660999044963313,0.44201564686986966,0.15448726592561796,-1434.8883799729524
413,-209.83261402423784,0.7220178342628104,0.19351801147889722,2.0,3.0,0.0,210.2108525079673,0.19318190084454473,0.8068180991554552,0.6504864262335315,0.20489650515091962,-1436.2307365816946
414,-208.38034961251634,0.9921134774625562,0.23455369859848665,2.0,7.0,0.0,214.45101236159388,0.6357580523941151,0.3642419476058849,-0.030498990343714838,0.31513291993054315,-1429.2487301785948
415,-208.9117423515664,0.9920608412848664,0.09257668306255593,3.0,15.0,0.0,209.14613662923153,0.3195050354152887,0.6804949645847114,-0.39408158935440807,0.29409701105313296,-1432.3617479951986
416,-209.78190931364338,0.9775499143914523,0.12540548696140866,3.0,15.0,0.0,210.99131742056042,0.16545332944204785,0.8345466705579522,0.6696829771943409,-0.09254192673128031,-1435.0505612594
417,-209.0651849763347,0.9995811991341939,0.19351801147889722,3.0,7.0,0.0,209.75878862395902,0.2169287497515627,0.7830712502484373,0.6990932399412284,0.12142922683713059,-1431.490897172599
418,-211.93181547576313,0.7455369468301644,0.23455369859848665,2.0,3.0,0.0,212.24323445513988,0.4342286508493777,0.5657713491506223,0.12647086304301053,0.5937488414325979,-1453.9581439195567
419,-209.1204180232333,0.9959916114255909,0.09257668306255593,3.0,7.0,0.0,209.22959510772776,0.34411109241142307,0.655888907588577,-0.39820633853352344,0.29315786046466574,-1434.058974013117
420,-208.77353982750907,0.9577368354765866,0.12540548696140866,3.0,15.0,0.0,210.68639835419367,0.15905799987514088,0.8409420001248591,0.32233572635327823,0.1672937118942287,-1428.1461788246172
421,-208.75963397203776,0.9911330835683098,0.19351801147889722,2.0,7.0,0.0,209.26463079397666,0.1561187873005608,0.8438812126994392,0.7162734272480562,0.06664459971905294,-1427.6124252168831
422,-213.68218463607187,1.0,0.23455369859848665,4.0,15.0,0.0,215.2464505649956,0.9980607117788215,0.0019392882211785034,0.25804555630910697,-0.5740654846017513,-1432.5668446239822
423,-209.19119085474995,0.9458849088688004,0.09257668306255593,3.0,7.0,0.0,210.54980622577656,0.1843013470716279,0.8156986529283721,0.18957939731948506,0.2626795750043521,-1431.8614798258081
424,-208.69076540005966,0.9917314690283453,0.12540548696140866,3.0,7.0,0.0,208.85125257250118,0.1569849425492575,0.8430150574507425,0.28077465716062927,0.12367671439994787,-1427.5333802807704
425,-209.4686311603681,0.8259970888280025,0.19351801147889722,4.0,23.0,0.0,210.76727354244636,0.14750916048218626,0.8524908395178137,1.1636888854161362,0.021540388930950963,-1431.4654169247483
426,-209.845591172843,0.9905115918994208,0.23455369859848665,4.0,15.0,0.0,214.60934671771264,0.7396009860820835,0.26039901391791653,0.4809282284302639,-0.5766558280097994,-1437.6967973733508
427,-209.26635804063807,0.9993001643664747,0.09257668306255593,4.0,15.0,0.0,209.66489140501938,0.16629753058494626,0.8337024694150538,-0.3669704923529519,0.15018090953416996,-1431.776307582957
428,-209.31589806042797,0.9805087297074329,0.12540548696140866,3.0,7.0,0.0,210.1571294106773,0.5096590255483396,0.49034097445166036,0.6485562717871798,-0.28041918619649975,-1435.8931433705663
429,-209.53750554571124,0.8722055571012446,0.19351801147889722,2.0,5.0,0.0,210.0690579626256,0.08471064115572424,0.9152893588442758,1.2161661591561599,0.060341017143616005,-1428.4902118780967
430,-211.44606918964087,0.47023110584926847,0.23455369859848665,3.0,7.0,0.0,216.09042187645565,0.9401548591179462,0.05984514088205384,0.3749338039839901,-0.7630757932365333,-1440.1150463227357
431,-208.04946227909002,0.9959451156047704,0.09257668306255593,4.0,15.0,0.0,209.39379783100017,0.4775720565087106,0.5224279434912894,0.022739011211660276,0.2920458914758657,-1427.4905839352514
432,-208.3807097591494,0.9726584620471093,0.12540548696140866,3.0,7.0,0.0,209.86025919784532,0.5620471594248707,0.4379528405751293,0.4546173787247279,-0.11204574044014645,-1429.5702633916828
433,-209.82990353291308,0.9714735362320891,0.19351801147889722,3.0,15.0,0.0,210.41537770035183,0.06429345391427325,0.9357065460857268,1.3694792076027262,0.09047280855741946,-1428.4111633352697
434,-210.34595657416503,1.0,0.23455369859848665,1.0,1.0,0.0,211.23697409365823,0.939787285612792,0.06021271438720799,0.3080267193775231,-0.7819736358441939,-1432.569579016014
435,-208.33147942755178,0.964685582008034,0.09257668306255593,4.0,19.0,0.0,208.74432211832922,0.33196359901670836,0.6680364009832916,0.3367775558834493,0.1372496238930799,-1428.584612978671
436,-209.1469428011117,0.9357460367985009,0.12540548696140866,3.0,7.0,0.0,209.22064579009583,0.43034715583653954,0.5696528441634605,0.4337789997048281,-0.24572547822534901,-1434.8097346140755
437,-211.63292619276325,0.48818178577484456,0.19351801147889722,4.0,15.0,0.0,213.36791451199386,0.04874393879646244,0.9512560612035376,1.0408496999181902,-0.058535922016790004,-1439.7553213712104
438,-212.17610590663466,0.8127704481235897,0.23455369859848665,2.0,3.0,0.0,212.26605756061159,0.7902760944631247,0.20972390553687525,0.22434685530794707,-1.0070701207936916,-1452.325874676455
439,-208.9823275172796,0.991225072056887,0.09257668306255593,4.0,15.0,0.0,209.32990214836803,0.11164435676854494,0.8883556432314551,-0.2373031189866664,0.20091231854629327,-1427.5527183703332
440,-208.1941052585684,0.8635761358274247,0.12540548696140866,2.0,7.0,0.0,210.95379902604768,0.5200862171428324,0.47991378285716757,0.3855843538714967,-0.004212427060283991,-1428.4381986617739
441,-209.33324787485867,1.0,0.19351801147889722,3.0,7.0,0.0,211.00686460458974,0.34235497552945204,0.657645024470548,0.836442574999369,-0.1324743459363818,-1435.1041370622036
442,-212.17610590663466,0.5086797371374496,0.23455369859848665,1.0,1.0,0.0,213.92193095299962,0.7902760944631247,0.20972390553687525,0.22434685530794707,-1.0070701207936916,-1452.325874676455
443,-209.4532389832359,0.962804518245328,0.09257668306255593,3.0,15.0,0.0,211.01253995780849,0.09254066561672225,0.9074593343832777,-0.26312992458931794,0.12611549867339197,-1429.6662138520132
444,-208.54057433965744,0.9687350523652922,0.12540548696140866,4.0,23.0,0.0,209.37033434461208,0.5204039221815165,0.47959607781848346,0.1429197083986038,-0.003238145885362264,-1430.9419118315423
445,-208.36389922832683,0.6906535718966584,0.19351801147889722,4.0,15.0,0.0,210.83514446444863,0.2478373347389687,0.7521626652610313,0.10152797438096228,0.19783815198649307,-1427.6805821825324
446,-209.11881630389678,0.8315148025982189,0.23455369859848665,3.0,15.0,0.0,213.61648572334576,0.8917943137852775,0.10820568621472249,0.24131766259608287,-0.17879512902756575,-1428.3117231974188
447,-209.52837222443196,0.9922671197477023,0.09257668306255593,3.0,15.0,0.0,211.78516479555083,0.09872624838740197,0.901273751612598,0.9836066750925735,0.14288624009653758,-1429.805416818448
448,-210.98969075768224,0.933880732221273,0.12540548696140866,4.0,31.0,0.0,211.0155742770347,0.9588971685678953,0.04110283143210469,0.02996645296259004,0.10070024001689529,-1435.1183578838595
449,-208.40078052360624,0.9142626933193373,0.19351801147889722,2.0,3.0,0.0,208.71562417893887,0.23964783076227913,0.7603521692377209,0.13453661231231018,0.19194528477893613,-1427.7732935059914
450,-208.70444006666966,1.0,0.23455369859848665,4.0,15.0,0.0,209.37418360408302,0.5814334543170386,0.41856654568296137,0.45224982579382395,-0.32717657370768394,-1431.6482738618763
451,-209.17495092286777,0.933321344985186,0.09257668306255593,3.0,15.0,0.0,212.5631017788713,0.284069425500106,0.7159305744998941,0.6901992729551361,0.09725537674310218,-1433.5078270860229
452,-209.10256412238337,0.9946563202090267,0.12540548696140866,2.0,7.0,0.0,211.56736025853635,0.901795027042595,0.09820497295740505,0.14488896457570233,0.0968396101752555,-1427.658259150132
453,-208.29115333428803,0.9749666326233375,0.19351801147889722,3.0,15.0,0.0,208.68264385491403,0.3177065094024071,0.6822934905975929,0.22867655546289237,0.06626481580884187,-1428.2139457868147
454,-209.97550426190125,0.8344234745780436,0.23455369859848665,3.0,15.0,0.0,211.85395401236585,0.960208606424169,0.03979139357583095,0.19768864910902684,-0.2186015194274296,-1427.8325773985289
455,-208.81761958347028,0.9967715082149528,0.09257668306255593,3.0,15.0,0.0,210.6082146871726,0.20042810891436763,0.7995718910856324,-0.26643664560416636,0.1794897546362808,-1429.7239483074054
456,-209.07330513517422,0.9703556011574483,0.12540548696140866,4.0,31.0,0.0,210.143921874397,0.11982170395264986,0.8801782960473501,-0.5238665020015678,0.2346291223193207,-1428.4045503235825
457,-208.15391304463574,0.9994303680206809,0.19351801147889722,4.0,15.0,0.0,208.38979495006268,0.649340096594165,0.35065990340583497,0.0712113425514842,0.35394045102483446,-1427.5420808767742
458,-210.7012585535174,0.9945809059282852,0.23455369859848665,3.0,11.0,0.0,211.43213700490054,0.8902111219798079,0.1097888780201921,0.2986218601612411,-1.1895295384778162,-1438.110004451895
459,-208.22849501581942,0.9980523244699471,0.09257668306255593,4.0,23.0,0.0,210.50480470004828,0.37798833233430856,0.6220116676656915,0.17798161566705514,0.20685927428141,-1428.3269076135525
460,-208.4876873105196,0.944688141047772,0.12540548696140866,4.0,15.0,0.0,210.03628816776506,0.31164087084533904,0.6883591291546609,-0.06814234872014077,0.164256712040183,-1429.5211745592385
461,-213.29451159360124,0.88449027092098,0.19351801147889722,4.0,23.0,0.0,214.5612745179951,0.0020353486389597833,0.9979646513610402,-1.7707376345556036,0.1419290922274068,-1427.839433903472
462,-211.59907011998985,0.8398789680892907,0.23455369859848665,3.0,15.0,0.0,213.65458520451736,0.9900274742804479,0.009972525719552094,0.1200064768880829,-1.0591456972095594,-1428.7939004335667
463,-208.55635859652716,0.9914116445847907,0.09257668306255593,4.0,31.0,0.0,210.37055990442113,0.23104218843239369,0.7689578115676063,0.3341543131912911,0.16400825390079432,-1428.6009150290365
464,-209.1473515891674,0.9490485715716627,0.12540548696140866,2.0,7.0,0.0,209.9300051097082,0.2865354464491646,0.7134645535508354,-0.22826521184119813,0.44814104865983484,-1433.5541511103606
465,-213.29451159360124,0.4114693449697548,0.19351801147889722,1.0,3.0,0.0,214.97359086617627,0.0020353486389597833,0.9979646513610402,-1.7707376345556036,0.1419290922274068,-1427.839433903472
466,-213.91202539951928,0.9856759335581645,0.23455369859848665,3.0,7.0,0.0,214.18710443044532,0.9990714242903643,0.0009285757096356706,0.10255652231174077,-0.6830780029528494,-1429.0045616301352
467,-209.3925305098645,0.9615237473325818,0.09257668306255593,3.0,15.0,0.0,210.59620452768692,0.4142566000501409,0.5857433999498591,-0.033574396687727576,0.05926289651979278,-1436.6459817018535
468,-209.01492614614324,0.9999120746758713,0.12540548696140866,4.0,15.0,0.0,209.49756633062933,0.4542653874304666,0.5457346125695334,-0.018746326660366908,0.5067762194895771,-1433.9676780903624
469,-214.09703225730584,0.8977566803117986,0.19351801147889722,3.0,15.0,0.0,215.93277105234472,0.0020238138706634777,0.9979761861293365,-2.441809050159122,0.23567047352232223,-1430.8723483490405
470,-208.2431661246651,0.967607560797346,0.23455369859848665,4.0,19.0,0.0,213.90461678835277,0.40342144900634613,0.5965785509936539,0.4945585793791566,-0.09423040025936769,-1428.4351295225904
471,-208.93269523523657,0.9750839288315979,0.09257668306255593,3.0,15.0,0.0,211.18663903273153,0.3661786096509449,0.633821390349055,-0.16053372490564594,0.4842056242592969,-1432.9416108122932
472,-208.67278529280551,1.0,0.12540548696140866,3.0,11.0,0.0,209.10634765100596,0.6296061661000448,0.37039383389995517,0.2459993664928183,0.23761301582546598,-1431.3028792271955
473,-212.9922560607009,0.9950073501140849,0.19351801147889722,3.0,15.0,0.0,214.42255606679797,0.0037607499124133197,0.9962392500875866,-2.20872731927675,0.18484123946593106,-1428.4634938484337
474,-208.09412494980592,0.9998490715710118,0.23455369859848665,3.0,15.0,0.0,208.35044900181995,0.43857796332300125,0.5614220366769987,0.1736084698371546,0.10474045288216498,-1427.7465731492564
475,-209.13743124688799,0.9553316622359728,0.09257668306255593,5.0,31.0,0.0,211.4235239875982,0.8595605612997126,0.1404394387002874,0.3005409480379485,-0.24799092998253391,-1429.9339428011442
476,-208.46222966794235,0.987512660097163,0.12540548696140866,2.0,3.0,0.0,209.0003549845348,0.6874713341650989,0.31252866583490113,0.2304489644582215,0.1833398643654171,-1429.3084809841475
477,-213.1264138320626,0.978692459013984,0.19351801147889722,3.0,11.0,0.0,214.21991509888974,0.0027234006071086623,0.9972765993928914,-1.8232168148067363,0.12143347093598601,-1428.5269316461008
478,-208.08104572397494,0.9974009451165666,0.23455369859848665,3.0,15.0,0.0,208.4620227199278,0.5808238118592557,0.4191761881407443,0.09935866396506512,0.20898766204868274,-1427.5676233645013
479,-209.59906620887946,0.948789275203903,0.09257668306255593,3.0,15.0,0.0,210.07294867713668,0.8172537229524313,0.18274627704756874,0.13504864556443893,-0.401014631026501,-1434.5696153649649
480,-208.23129392710584,0.9843306324587674,0.12540548696140866,2.0,7.0,0.0,208.83399752964243,0.7072152277458948,0.29278477225410515,0.21511197463265966,0.0006013705423294352,-1427.4929611588618
481,-212.92597388264173,0.5550218318761808,0.19351801147889722,4.0,15.0,0.0,214.99998609060506,0.01591897163003157,0.9840810283699685,-1.676905949579733,0.029873536423626224,-1439.7010225695908
482,-208.5577947657992,0.9837184381904479,0.23455369859848665,3.0,15.0,0.0,208.87472393694702,0.8136074718033125,0.1863925281966875,0.10986985478480008,0.41160159259183254,-1427.4802450185862
483,-209.73052741629294,0.9958488608154816,0.09257668306255593,2.0,7.0,0.0,210.73688099901935,0.8062127855515488,0.19378721444845115,0.43072203846106905,-0.5033040870631736,-1435.5646644764436
484,-209.59536521573952,0.8842493044229568,0.12540548696140866,3.0,7.0,0.0,209.61464763096026,0.7692509349416369,0.23074906505836312,0.3399861519521345,0.10383157288685527,-1435.7825041943486
485,-212.39767592128638,0.8687419404536825,0.19351801147889722,2.0,3.0,0.0,213.2121417423305,0.010789352578939848,0.9892106474210601,-1.6983972324227803,0.2704344539189384,-1433.2757846796646
486,-208.31935425243486,0.9909683525685313,0.23455369859848665,3.0,7.0,0.0,208.7273969856502,0.5803760079554972,0.41962399204450285,-0.07002753383645663,0.5413218076841169,-1429.0048290264422
487,-208.78796275974508,0.9988247375776559,0.09257668306255593,2.0,7.0,0.0,209.78184941979262,0.8048753379085998,0.19512466209140022,0.2677691080937282,-0.45553217993329803,-1429.2275332284464
488,-209.5488671358384,0.999200044561356,0.12540548696140866,4.0,31.0,0.0,210.7657486677694,0.08704257897563741,0.9129574210243626,-0.792577937740808,0.23800586704174498,-1429.4276017792192
489,-209.06798712722593,0.8596049554118299,0.19351801147889722,4.0,23.0,0.0,213.18948266550893,0.14694284769630894,0.8530571523036911,-0.5710449952307661,0.2905745783684808,-1429.4910921913197
490,-209.1678628873977,0.9603838022134872,0.23455369859848665,3.0,15.0,0.0,209.48766288037356,0.8850229663300957,0.1149770336699043,0.19358945341007572,0.3362562934531521,-1428.9650603409532
491,-210.85342049298112,0.9888030265763945,0.09257668306255593,5.0,31.0,0.0,211.62838928061893,0.9781225351454081,0.021877464854591855,0.14536742219597745,-1.138676261262287,-1428.8297194532163
492,-209.78164756429416,0.7962514362596526,0.12540548696140866,2.0,7.0,0.0,210.67637452918223,0.1491906011316459,0.850809398868354,-0.7799168165119954,0.2154318021741008,-1434.2967042524565
493,-208.86452514393864,0.849415631378526,0.19351801147889722,4.0,23.0,0.0,210.6983330953923,0.8569629372045953,0.14303706279540473,0.21142968116645366,-0.36227001590186075,-1428.1336435698322
494,-208.6063231304648,0.9704895675764899,0.23455369859848665,3.0,15.0,0.0,210.32365489482007,0.8252177550458235,0.1747822449541765,0.20333422861827902,0.00847389648278224,-1427.5900267358177
495,-211.18889072419105,0.8517762092857468,0.09257668306255593,4.0,17.0,0.0,212.2096824671129,0.9790365084922702,0.020963491507729803,0.13208519183821812,-1.4323639710179294,-1430.2099222195113
496,-209.79970050989968,0.7094114237247146,0.12540548696140866,3.0,11.0,0.0,211.7213851843453,0.15893380684245342,0.8410661931575466,-0.39747422380230385,0.395170394659094,-1435.0728959587636
497,-210.01028044188283,0.8732822679091493,0.19351801147889722,3.0,7.0,0.0,211.08650172758908,0.9323656454295963,0.06763435457040368,0.12346965215276381,-0.637729694149668,-1431.2445355396894
498,-208.14377392915534,0.9910633786681939,0.23455369859848665,3.0,15.0,0.0,209.09625828552566,0.5120896554003708,0.48791034459962923,-0.0342230647901591,0.41301713443147475,-1428.0777265847075
499,-209.452765697971,0.9895670665474172,0.09257668306255593,5.0,31.0,0.0,211.52482331906333,0.8016460048479656,0.19835399515203445,0.296315652345098,-0.6925640603848204,-1433.6565616457394
500,-211.85105600637615,0.8431675667514145,0.12540548696140866,3.0,11.0,0.0,212.2174263042127,0.47196408603626683,0.5280359139637332,-0.48055847095175386,0.2963344636732751,-1453.542084397521
501,-210.18747063670932,0.95396147579806,0.19351801147889722,4.0,15.0,0.0,211.80478600730513,0.030762855345177566,0.9692371446548225,0.09472852531001281,0.1434028713038644,-1427.6332792802796
502,-208.17907854848582,0.8917752898590511,0.23455369859848665,3.0,11.0,0.0,208.907478566624,0.5606355844662576,0.4393644155337424,0.29453952860382593,0.07217579925719296,-1428.2921947977381
503,-209.4053598604468,1.0,0.09257668306255593,2.0,3.0,0.0,209.46258171820807,0.8057651578499385,0.19423484215006148,0.29364273780035066,-0.6859604590410595,-1433.228757845916
504,-211.85105600637615,0.6920657464319678,0.12540548696140866,1.0,1.0,0.0,213.4866179309733,0.47196408603626683,0.5280359139637332,-0.48055847095175386,0.2963344636732751,-1453.542084397521
505,-209.35607108629165,0.7704219037589348,0.19351801147889722,4.0,23.0,0.0,211.48760567559836,0.3429255436905929,0.6570744563094071,0.4665275769916917,0.19089630695666832,-1435.6671708187203
506,-209.21169936102538,0.8049352504307511,0.23455369859848665,3.0,7.0,0.0,211.1388288805363,0.3393553459738386,0.6606446540261615,-0.4803662904182537,0.37206062359328773,-1434.5356461794577
507,-209.21861260822283,0.9936619863846632,0.09257668306255593,4.0,23.0,0.0,209.74583853357586,0.907136083894597,0.09286391610540301,0.16579062226581118,-0.2845558211917834,-1428.0469656634841
508,-211.85102482096352,0.894009681498476,0.12540548696140866,4.0,27.0,0.0,215.18874020921865,0.01125880716030036,0.9887411928396996,0.551124652552254,0.24764869656054805,-1432.0292289793363
509,-208.08927206767837,1.0,0.19351801147889722,3.0,15.0,0.0,209.4189848891001,0.433705312886514,0.566294687113486,0.2141765919905193,0.0772490465663094,-1427.6863059672849
510,-208.17074647335428,1.0,0.23455369859848665,4.0,15.0,0.0,209.5195041853533,0.4615470968905139,0.5384529031094861,-0.09686326546900956,0.41248246458849874,-1428.2203997298982
511,-209.09572816447755,0.9999092911015653,0.09257668306255593,4.0,23.0,0.0,209.64176000073311,0.8532910449965514,0.1467089550034486,0.2973261704495952,-0.5765742796969147,-1429.6647037011007
512,-210.9496208651617,0.9956276259598489,0.12540548696140866,3.0,13.0,0.0,213.82154942266757,0.014953807587237647,0.9850461924127624,0.050113242094046245,0.12545073556922082,-1428.0366819743376
513,-208.26876039726906,0.9444952727855032,0.19351801147889722,2.0,7.0,0.0,210.55450250176384,0.45748026749038273,0.5425197325096173,-0.18138018332623387,0.43519383969871117,-1428.8513677679
514,-208.2855594178969,0.9742874418818982,0.23455369859848665,2.0,3.0,0.0,208.3020625061357,0.5136084174440655,0.4863915825559345,-0.12808554853067014,0.3502322657233318,-1429.0842901186484
515,-210.6018706771326,0.953722069623612,0.09257668306255593,4.0,23.0,0.0,211.05394902099232,0.9394301341411244,0.06056986585887558,0.3023602118465161,-1.1460542310655826,-1433.7724652908696
516,-210.65075919171886,0.9736639927024938,0.12540548696140866,4.0,27.0,0.0,214.76080450564785,0.7014166261773519,0.2985833738226481,-0.06583833399867928,1.071509050004171,-1443.3294708576118
517,-209.57048266399624,0.7999348665412714,0.19351801147889722,3.0,9.0,0.0,209.99689609387806,0.14729061285976203,0.852709387140238,-0.3940334775463287,0.3644073863417349,-1433.0814706239678
518,-209.25654483797956,0.9318787593276306,0.23455369859848665,3.0,15.0,0.0,210.14031507995574,0.7196701905399208,0.28032980946007924,0.23408077959282156,0.3715737767481354,-1434.2688785661378
519,-210.58820718773174,0.9785082242490426,0.09257668306255593,3.0,9.0,0.0,211.60804807687114,0.9726872336740902,0.027312766325909843,0.14971808716953153,-1.0065656948235298,-1428.7356158563127
520,-210.35553625413,1.0,0.12540548696140866,3.0,7.0,0.0,211.29975245820435,0.9701274750012445,0.02987252499875548,0.19258510495205353,0.4119026968786055,-1428.4446856781776
521,-210.43893351670638,0.9133312660200986,0.19351801147889722,4.0,29.0,0.0,211.7924399893709,0.8470999058697544,0.15290009413024563,0.4043192129490171,-0.8691543466225744,-1438.7483983344623
522,-215.46701690238297,0.5036112994453583,0.23455369859848665,2.0,5.0,0.0,217.7950812338637,0.7286093706851708,0.27139062931482916,0.5284450718732783,0.3193425884724113,-1476.8680560072307
523,-211.0574372900326,0.8713562823095887,0.09257668306255593,2.0,3.0,0.0,211.20234816127996,0.9757663523722284,0.024233647627771582,0.2628767841184627,-1.0271757392783267,-1431.096016546916
524,-210.48249083040565,0.9713272715958159,0.12540548696140866,3.0,7.0,0.0,210.71498058206714,0.9711876462105395,0.028812353789460454,0.09042370815708477,0.39422927445410755,-1429.1168575255126
525,-209.68064005154744,0.9891037508622003,0.19351801147889722,4.0,15.0,0.0,210.68884297929733,0.5794638269326422,0.4205361730673578,-0.3244266895811531,0.625384870671042,-1438.2410579311277
526,-210.10217280585897,0.8792567016266741,0.23455369859848665,3.0,15.0,0.0,215.74122104146917,0.04698959989187032,0.9530104001081297,0.12153544743529913,0.08618341029939378,-1429.8600248158343
527,-211.60368895388922,0.8912890427371049,0.09257668306255593,4.0,19.0,0.0,212.3736164584275,0.9417798444022376,0.05822015559776239,0.3625257020002476,-1.2317577396616568,-1440.2262201985016
528,-211.46321146796706,0.8404790493623291,0.12540548696140866,2.0,3.0,0.0,212.20545480794325,0.972460246578139,0.02753975342186099,0.02016956166492071,0.3168389016092693,-1435.6426578816945
529,-208.98937304617277,1.0,0.19351801147889722,2.0,3.0,0.0,209.6725032556339,0.5177345949132184,0.4822654050867816,-0.2945430260042287,0.5641595740849792,-1433.7128344410066
530,-210.12790966099294,0.6694068559187581,0.23455369859848665,3.0,15.0,0.0,212.35282917066345,0.07961548537853493,0.9203845146214651,0.37954504386202703,0.018154689132430013,-1433.3340156901918
531,-210.3495442117693,0.9556592398371655,0.09257668306255593,2.0,3.0,0.0,211.9478669107216,0.9483186576163317,0.05168134238366828,0.18912164990974717,-1.200857003636232,-1430.935240725433
532,-211.20827332450995,0.9783609331218608,0.12540548696140866,4.0,15.0,0.0,214.04947194679067,0.6230325959847354,0.37696740401526463,-0.3199424583941427,0.9240877575759012,-1448.1416968855217
533,-209.1594007701264,0.8395469443678237,0.19351801147889722,1.0,3.0,0.0,209.97597939465527,0.538118289628387,0.46188171037161296,-0.2621849847367103,0.39973742649327654,-1435.0081780113105
534,-208.76975766738133,1.0,0.23455369859848665,2.0,7.0,0.0,210.23554595768977,0.31994732956230776,0.6800526704376922,0.3093797181567934,0.214848257217413,-1431.4722931233475
535,-211.2410679379241,0.7564166856919389,0.09257668306255593,2.0,7.0,0.0,211.94536852128635,0.9335822883410192,0.0664177116589808,0.3520264164366257,-1.201643519443252,-1438.6406588998132
536,-209.4190198048477,0.8598522911773708,0.12540548696140866,3.0,7.0,0.0,213.09623278535054,0.9113404389894211,0.08865956101057892,0.2314200918845649,0.03510568667057673,-1429.1895693803779
537,-209.9168404020125,0.8450808735038988,0.19351801147889722,4.0,23.0,0.0,211.4737734982327,0.41202442995846145,0.5879755700415386,0.8102013964983452,-0.097314890559628,-1439.685762842966
538,-208.73923075645033,0.9902684588664366,0.23455369859848665,4.0,15.0,0.0,209.19461383971998,0.5647310394380092,0.4352689605619908,-0.14993785817551603,0.3340254842101445,-1432.1108309734511
539,-210.8499154594004,0.963652950730498,0.09257668306255593,4.0,19.0,0.0,211.9320604457014,0.9541454815229867,0.04585451847701327,0.30857160038218173,-1.0402135318432688,-1433.8671975259167
540,-209.45189399480694,0.9919233861764825,0.12540548696140866,3.0,15.0,0.0,210.63593948901791,0.9257377797554923,0.07426222024450768,0.09950830431037634,0.33943840425948824,-1428.2401368883723
541,-209.9338551703986,0.9414228290278043,0.19351801147889722,2.0,3.0,0.0,210.49294115781507,0.29010795374382264,0.7098920462561773,0.7647833125465565,-0.2345669544518363,-1438.7038973341457
542,-208.4748957820494,0.9754868608546251,0.23455369859848665,3.0,11.0,0.0,209.26102031838903,0.4140118329413273,0.5859881670586726,0.15617931297849916,0.28197433411979045,-1430.2202789745813
543,-210.7243452125243,0.9924069397922487,0.09257668306255593,3.0,11.0,0.0,211.71324690347572,0.9711069539497008,0.028893046050299187,0.1280933928055007,-1.0541231445547368,-1429.9738971774823
544,-209.6162524216222,0.9344884000723239,0.12540548696140866,4.0,15.0,0.0,211.17493320992187,0.08178380693775061,0.9182161930622494,0.7700890509268898,0.17499383691378048,-1429.5550953596785
545,-208.6089026549658,0.9971601202877238,0.19351801147889722,3.0,7.0,0.0,211.22716106963404,0.432646569141663,0.567353430858337,0.09114681305586048,0.3591346685059358,-1431.19802565141
546,-208.40883705193377,0.9872619170346691,0.23455369859848665,3.0,15.0,0.0,208.97355470139502,0.4341998849059654,0.5658001150940346,0.3356588155681624,-0.10143388772420063,-1429.834212829002
547,-211.85398525238014,0.8485794637872356,0.09257668306255593,5.0,35.0,0.0,214.02411989519928,0.9650549209002647,0.03494507909973532,0.1461574376395794,-1.9529051730041096,-1436.70973929652
548,-209.2351295366782,0.991619092372661,0.12540548696140866,4.0,31.0,0.0,211.20782581115222,0.11586989995338022,0.8841301000466197,0.6598344808839683,0.15966571697064746,-1429.2082250501503
549,-208.04663260412468,0.9905492906624913,0.19351801147889722,2.0,7.0,0.0,208.8606848197418,0.46835225897426713,0.5316477410257329,0.017616069197697398,0.27505043070397467,-1427.4657204212558
550,-208.18093487703908,0.960366215828185,0.23455369859848665,3.0,7.0,0.0,209.13755647950245,0.4957193525210025,0.5042806474789975,0.3898905829510924,0.007280169178840973,-1428.3549575820991
551,-210.90202136979553,0.9770605965355088,0.09257668306255593,5.0,35.0,0.0,212.33562692416035,0.9704987952980261,0.029501204701973927,0.14597380591706194,-1.3814556299448546,-1430.6481756169264
552,-209.1410935615323,0.9703236075397167,0.12540548696140866,4.0,15.0,0.0,209.77465823648225,0.15581546391784357,0.8441845360821565,0.7527405055749574,-0.03428142787154963,-1430.1930667600254
553,-208.92629672562535,0.9303072331539609,0.19351801147889722,3.0,11.0,0.0,209.1414352169008,0.2700230063759257,0.7299769936240743,-0.19996571089276574,0.40468659846265687,-1431.8176626407362
554,-208.22091135704702,0.9717896226809797,0.23455369859848665,4.0,15.0,0.0,208.57406043566104,0.4087198187380891,0.5912801812619108,0.22006853813445104,0.03553163887820196,-1428.4858617846764
555,-209.38770305696232,0.9942934505735533,0.09257668306255593,5.0,31.0,0.0,211.76288946095312,0.8994554392598766,0.10054456074012341,0.17244273206387595,-0.5505817747572678,-1429.5114171805399
556,-209.0806274041878,0.992401587384713,0.12540548696140866,4.0,27.0,0.0,210.88762453907836,0.3593934518705185,0.6406065481294815,-0.41920549572842297,0.4804608160335173,-1433.7814782016897
557,-208.79697186058561,0.9986321468510843,0.19351801147889722,3.0,7.0,0.0,209.28839934254967,0.1608004082837229,0.8391995917162771,-0.1963902487031557,0.17246151908925395,-1428.423869326787
558,-208.6891976294919,0.9953557642926983,0.23455369859848665,3.0,11.0,0.0,208.9642861455652,0.8375332796404689,0.16246672035953114,0.18677513492009,-0.13959039674491475,-1427.748913903803
559,-208.19949752045088,0.7641976730170206,0.09257668306255593,4.0,19.0,0.0,211.0861460848096,0.3247072774614055,0.6752927225385945,0.32008625074447505,0.04914682913237352,-1427.6185199111649
560,-208.43144978019612,0.9865403431920834,0.12540548696140866,3.0,7.0,0.0,209.5711764501729,0.257821257295765,0.742178742704235,-0.28289526300503237,0.2983880263615624,-1428.2244284389471
561,-209.09337424185347,0.9098545512944883,0.19351801147889722,3.0,7.0,0.0,209.47064344235233,0.21065169011880383,0.7893483098811962,-0.22061259189356483,0.13657301622282686,-1431.9145470485807
562,-209.23301780756992,0.9731008227630155,0.23455369859848665,3.0,15.0,0.0,210.34415801302637,0.19981736307056078,0.8001826369294393,0.2836907107259578,0.24932450366913061,-1432.5435569361198
563,-208.31626048134657,0.9876428121543441,0.09257668306255593,3.0,15.0,0.0,209.78673709910666,0.47051343026009584,0.5294865697399042,0.21785335417916118,-0.01588257673758323,-1429.3563018208536
564,-209.09912213635013,0.9887580338850223,0.12540548696140866,3.0,7.0,0.0,209.26394924784935,0.427559678005831,0.5724403219941689,-0.37809553493813974,0.5150032338205296,-1434.3303877345097
565,-208.38964338532307,0.9111298723774014,0.19351801147889722,4.0,17.0,0.0,210.21975120490796,0.7594582677965314,0.24054173220346864,0.16763375207363826,0.0310476811725848,-1427.736298397077
566,-208.92819387770896,0.9912072577334881,0.23455369859848665,2.0,3.0,0.0,209.43668297970368,0.1734884784597698,0.8265115215402302,0.1474049710648535,0.07655122183889854,-1429.7848703111326
567,-209.60687920577993,0.9826661876690116,0.09257668306255593,3.0,15.0,0.0,210.14205183862137,0.1953767324282666,0.8046232675717334,0.09689759863186093,0.3236595169419266,-1435.0336906801888
568,-209.3374024445507,0.7174185798503654,0.12540548696140866,2.0,7.0,0.0,212.6265061665615,0.40796983473557435,0.5920301652644256,-0.10053064555487587,0.10838043884981954,-1436.2184171194458
569,-209.49299118970723,0.9244596509643479,0.19351801147889722,3.0,11.0,0.0,209.5242714494864,0.8131269280793314,0.1868730719206686,0.3065418452411573,0.11395175448324055,-1434.0184161854456
570,-209.12335260921407,0.982419925814186,0.23455369859848665,4.0,15.0,0.0,209.77929121010376,0.8590632150924571,0.1409367849075429,0.28266218842913493,-0.12237161629588308,-1429.9062886090398
571,-208.90558825734166,0.9935928122034297,0.09257668306255593,2.0,7.0,0.0,210.19314128588024,0.21147200877657119,0.7885279912234289,-0.028724101673943264,0.30650506222565366,-1430.6133320206793
572,-208.69212778988074,0.8437622002222522,0.12540548696140866,2.0,7.0,0.0,211.08910878111033,0.23885395363071543,0.7611460463692845,-0.1392355261651479,0.15919628291553,-1429.7789552056358
573,-209.20887962008177,0.9672458382835515,0.19351801147889722,2.0,3.0,0.0,210.32254081572864,0.840093907791766,0.15990609220823404,0.30025903152008787,-0.05878830605475028,-1431.2162137778223
574,-209.7741458655453,0.883325846866169,0.23455369859848665,2.0,3.0,0.0,211.2793425730056,0.9233441081282188,0.07665589187178123,0.09796714756958097,-0.19474326961781294,-1430.7344353293813
575,-208.74010567438629,0.9981258986198872,0.09257668306255593,3.0,15.0,0.0,209.19110089534584,0.20675792500687615,0.7932420749931238,0.0077143023977826256,0.2725215775875607,-1429.3733162845654
576,-208.0668605670662,0.9960587987867495,0.12540548696140866,4.0,15.0,0.0,209.03299334482764,0.5742419142264459,0.4257580857735541,0.03819274646734772,0.3205463332931543,-1427.4547889432836
577,-208.61197614406927,0.9599715800614985,0.19351801147889722,4.0,15.0,0.0,209.8420844200476,0.3559386077586567,0.6440613922413433,-0.2996598238103473,0.3028669605411836,-1430.708903631753
578,-209.14535583718788,0.9922310194245758,0.23455369859848665,4.0,15.0,0.0,209.98143001210246,0.618677043237608,0.38132295676239203,0.46863909435304485,-0.43242188052311625,-1434.397103279355
579,-210.52197514371915,0.9397255236220022,0.09257668306255593,2.0,7.0,0.0,211.056156952061,0.15315046670566704,0.846849533294333,0.23242230555089105,0.3287802100515207,-1439.9847519297493
580,-209.22434467127445,0.9140249534763408,0.12540548696140866,3.0,15.0,0.0,209.98130950546707,0.7249987835635899,0.27500121643641007,0.4405788628765959,-0.4946227074354739,-1433.7525095792898
581,-208.51817827699395,0.9954685866538954,0.19351801147889722,2.0,7.0,0.0,208.89156060321886,0.3891422929529873,0.6108577070470127,-0.20250404898925717,0.45905570216699326,-1430.2507949671979
582,-209.24075818674962,0.9724234037907783,0.23455369859848665,1.0,1.0,0.0,209.29796153418553,0.6049230180789354,0.39507698192106455,0.4735421548562043,-0.4372432523845625,-1435.1379776895478
583,-208.6635211009549,0.9989342048604808,0.09257668306255593,3.0,7.0,0.0,210.80190687439423,0.187251879872083,0.812748120127917,0.010652659620856375,0.24037832095628991,-1428.3417692256046
584,-208.92503690278366,0.8912066337519168,0.12540548696140866,2.0,3.0,0.0,210.23994721519378,0.6417403905156102,0.35825960948438984,0.4282121031764842,-0.4172378368500898,-1432.7395011616668
585,-208.69054030901094,0.9894809757226752,0.19351801147889722,4.0,31.0,0.0,208.99783318628116,0.6488949220512499,0.3511050779487501,0.334553951374782,-0.3498455410266018,-1431.1632195104376
586,-210.17061674874031,0.39422558105302846,0.23455369859848665,3.0,11.0,0.0,213.18695413141316,0.49278929011918277,0.5072107098808172,0.4856972438427271,0.1759112092820376,-1441.9991544886857
587,-208.95222454220172,0.976921617797788,0.09257668306255593,5.0,31.0,0.0,209.8170661121012,0.7283937138359884,0.2716062861640116,0.3801728513396515,-0.09611563854861735,-1432.0653152131003
588,-208.12869971190014,0.992908632135207,0.12540548696140866,3.0,15.0,0.0,209.13481995409103,0.63742857102822,0.36257142897177996,0.05260713175511246,0.3583695682995879,-1427.4700367483308
589,-208.42399713099945,0.9638465140669664,0.19351801147889722,3.0,15.0,0.0,209.36437284352402,0.7790823617523163,0.22091763824768373,0.13904895597234657,0.1976498726399918,-1427.536627076907
590,-208.89012430471072,0.9962939438055695,0.23455369859848665,2.0,7.0,0.0,210.45444360850055,0.44821664209993034,0.5517833579000697,0.3660307125519352,0.17968896564552556,-1433.167617315594
591,-211.36424555299286,0.7840435353752783,0.09257668306255593,3.0,7.0,0.0,212.48113582678798,0.6541932662234689,0.34580673377653115,0.08246242981910207,-0.32348760389791015,-1449.689757107071
592,-209.04396817964968,0.9647931579449086,0.12540548696140866,4.0,15.0,0.0,209.60389261433792,0.10706104153448981,0.8929389584655102,0.2586154183266059,0.16620000237435995,-1427.7263739021696
593,-208.20092325027008,0.9940502752573375,0.19351801147889722,4.0,31.0,0.0,208.9650610071208,0.6219051401453215,0.3780948598546785,0.07923810950368357,0.37715384606998414,-1428.0732673349746
594,-210.77443817167833,0.9333835424802861,0.23455369859848665,3.0,11.0,0.0,211.81464757551052,0.14203668147257675,0.8579633185274232,0.7611654517311638,-0.13506467115728943,-1440.9223309252761
595,-208.6411112904152,0.9790051616516259,0.09257668306255593,2.0,3.0,0.0,211.75950907250538,0.7288524181746214,0.27114758182537857,0.27202365598897266,-0.35410427029192004,-1429.8695047404156
596,-209.1753367865565,0.9988603663338887,0.12540548696140866,4.0,31.0,0.0,210.06407883592613,0.8928642400175424,0.10713575998245761,0.1286576372476992,0.7727025152985844,-1428.1898351632838
597,-208.8113430757552,0.9123761004943298,0.19351801147889722,3.0,11.0,0.0,209.8159119906979,0.7538825132524353,0.24611748674756473,0.08300940946937371,0.6820336906136616,-1430.3741755634228
598,-208.8749692087604,0.9726009279233381,0.23455369859848665,1.0,3.0,0.0,210.43893198396947,0.16735565921195866,0.8326443407880413,0.8157761130596239,0.07278066816494724,-1428.6642817731822
599,-209.71550263068852,0.7714835945037767,0.09257668306255593,3.0,11.0,0.0,211.42021222491965,0.7930502126765809,0.20694978732341907,0.43188570423810724,-0.32347496254207386,-1435.9286265462945
600,-209.08866263148676,1.0,0.12540548696140866,4.0,15.0,0.0,209.23107371940586,0.8934165896924356,0.10658341030756435,0.06914725088895285,0.8293360300542684,-1427.4915000347123
601,-210.3063641533792,0.8845065372047479,0.19351801147889722,2.0,3.0,0.0,210.4593787271687,0.8885355165337655,0.1114644834662345,-0.0682079042802112,0.7270918031636794,-1436.3120776465769
602,-209.84145768662108,0.7969391582975806,0.23455369859848665,2.0,7.0,0.0,210.41692100672404,0.13425190986519378,0.8657480901348062,0.8929300707714893,-0.07903830826181812,-1433.9727165767692
603,-208.58270902247244,1.0,0.09257668306255593,2.0,3.0,0.0,209.79393540341897,0.7918479871641319,0.20815201283586815,0.27925989007389584,-0.33643106959227276,-1428.2194363576687
604,-209.97525828983754,0.9427227282343716,0.12540548696140866,4.0,31.0,0.0,210.36915168190328,0.13868295279329304,0.861317047206707,0.29297518405130485,0.28182787002273507,-1435.6370052824805
605,-209.8130942456544,1.0,0.19351801147889722,2.0,3.0,0.0,210.5008580738195,0.7953603466449956,0.20463965335500445,0.12376758988113681,0.9144427354944948,-1436.061459084935
606,-211.94093524765438,0.9804558829573433,0.23455369859848665,4.0,31.0,0.0,212.40970727519527,0.07778709976684829,0.9222129002331517,1.7325991046019122,-0.09132989906374489,-1443.2365941146443
607,-209.07955291840375,0.8833796581742739,0.09257668306255593,2.0,3.0,0.0,209.2847734360957,0.79637857114736,0.20362142885264,0.1693934411965325,-0.33524106675754767,-1431.5821621100927
608,-209.80831280610113,0.9467737880820144,0.12540548696140866,2.0,7.0,0.0,211.80977748014692,0.21702518994073886,0.7829748100592612,0.6045940185059081,-0.13888630089123843,-1436.7289151872455
609,-211.39565987493182,0.6627397938649422,0.19351801147889722,1.0,1.0,0.0,211.4550115096054,0.7512548911070581,0.24874510889294188,0.17266228605463751,0.9359125405599875,-1447.9007702748745
610,-210.77005264904503,0.8232970239597583,0.23455369859848665,4.0,19.0,0.0,214.314499121629,0.022878820849945237,0.9771211791500548,-0.18947991109368134,0.2305000646649772,-1429.6168422956866
611,-211.5970984976166,0.9740206796229698,0.09257668306255593,4.0,31.0,0.0,213.4303269910442,0.9838849069942381,0.01611509300576186,0.06429834156991417,-0.5857987908498619,-1432.7336633239752
612,-210.54893153957983,0.9291086086982155,0.12540548696140866,2.0,3.0,0.0,211.10790077805345,0.21582811591772832,0.7841718840822717,0.6513725411916034,-0.1903989405944283,-1441.7518964880062
613,-210.3870822027428,0.9969548684726381,0.19351801147889722,4.0,19.0,0.0,213.26686686883988,0.9733578164593673,0.026642183540632747,0.1859336364475126,-0.6505271970551881,-1427.6782796365624
614,-211.86567042976822,0.5513641485931163,0.23455369859848665,4.0,19.0,0.0,217.19600105583413,0.020141976708206517,0.9798580232917935,-1.5118369140787142,0.2876204632966038,-1434.356192817167
615,-212.4567932696704,0.98935049097155,0.09257668306255593,5.0,31.0,0.0,213.81750840457929,0.9916043796088073,0.008395620391192682,0.27838604443037585,-0.6646847042768376,-1434.0735102487477
616,-209.30428824872183,0.8492055605680707,0.12540548696140866,2.0,3.0,0.0,212.1385813654079,0.3478807866257217,0.6521192133742784,0.684264548500619,0.06099449834681203,-1435.1681725336186
617,-210.13932226410276,0.9831001901922465,0.19351801147889722,2.0,7.0,0.0,212.45694311421377,0.9302493143004053,0.06975068569959475,0.2343348010206872,-1.1186692101842848,-1431.5694202197546
618,-213.06813602575846,0.9421886734902204,0.23455369859848665,2.0,3.0,0.0,213.70290101946551,0.09378778425309262,0.9062122157469074,-1.5292536150099518,0.10944192326850752,-1452.7638601689491
619,-211.72550350106047,0.99816743588453,0.09257668306255593,5.0,47.0,0.0,214.25982193485626,0.011355945443360821,0.9886440545566392,-0.9024663571705267,0.08655920095587558,-1430.826329495749
620,-209.11891525051183,0.9968695057085359,0.12540548696140866,4.0,15.0,0.0,209.54746428428513,0.22900441726405504,0.7709955827359449,0.3186621756055656,-0.024035959097514256,-1432.4754643928636
621,-209.65868816524102,0.9889840681098592,0.19351801147889722,3.0,7.0,0.0,210.40727490274594,0.9029539354224837,0.0970460645775163,0.2289240422654793,-0.8669999260532345,-1430.7586095344136
622,-212.77245442371046,0.998867303518287,0.23455369859848665,3.0,7.0,0.0,213.55609901048297,0.0559018581170153,0.9440981418829847,-1.5682491332320212,0.3832984587266032,-1447.2091400537445
623,-210.15943626137783,0.9973696263738466,0.09257668306255593,3.0,15.0,0.0,212.58459025186485,0.05358243901142163,0.9464175609885783,-0.6400062360118773,0.2786406587352266,-1430.713031210708
624,-209.70395081935274,0.9448837239855449,0.12540548696140866,4.0,15.0,0.0,210.37123267887992,0.15276724917203563,0.8472327508279643,0.5621306295613365,-0.05685767822590941,-1434.184201675548
625,-208.859631353241,0.9855416014289016,0.19351801147889722,3.0,11.0,0.0,210.41062085863464,0.8364643342307466,0.16353566576925338,0.2387329674957083,0.06308096061188345,-1428.957006067471
626,-210.43692199823204,0.8311021094041174,0.23455369859848665,3.0,11.0,0.0,213.60488313676595,0.028217373594723396,0.9717826264052766,-0.9193715996680448,0.17421458662105488,-1428.0473783177524
627,-209.09594670480774,0.9804906477559842,0.09257668306255593,4.0,23.0,0.0,210.90142600945933,0.4784272439108367,0.5215727560891633,0.26055873390127804,0.28922267442166844,-1434.663725778854
628,-210.08723652388053,0.596704151074888,0.12540548696140866,2.0,3.0,0.0,214.1074711867041,0.08755258938389564,0.9124474106161043,0.5402171680734442,-0.004065363229189878,-1433.522344697514
629,-208.53960016200648,0.9081480557819746,0.19351801147889722,3.0,15.0,0.0,211.780556386067,0.1891366334579533,0.8108633665420467,0.27665562767033786,0.12283252122471665,-1427.5097717660706
630,-209.89681647737515,0.9073746732237387,0.23455369859848665,3.0,9.0,0.0,211.36728329174062,0.15542347664353096,0.844576523356469,-0.8483531106447328,0.3458387785185326,-1435.1647786619706
631,-208.08112920896343,0.9982857015107215,0.09257668306255593,3.0,15.0,0.0,209.63984239745142,0.5262025827139971,0.4737974172860029,0.15453137315943238,0.11384951788177142,-1427.7465280385602
632,-209.57637557818532,1.0,0.12540548696140866,3.0,15.0,0.0,210.42314114813092,0.09627940886180172,0.9037205911381982,0.808144766823454,0.002068429832820906,-1430.2714672149095
633,-209.0614909075657,0.9858914038039867,0.19351801147889722,4.0,23.0,0.0,209.6263113412274,0.11471562361687823,0.8852843763831217,0.6009182476523701,0.1394353044971194,-1428.017987766878
634,-211.5825648837293,0.996295085404097,0.23455369859848665,4.0,15.0,0.0,211.86702994356347,0.011150841326270455,0.9888491586737296,-1.5137531059260694,0.1530739177380627,-1428.425363543077
635,-208.38365849081043,0.982878290556723,0.09257668306255593,4.0,31.0,0.0,208.88684706361704,0.3347841189004184,0.6652158810995816,0.24613455910618628,0.19244323846054354,-1429.0041803390125
636,-208.27440660223394,0.9996875261487609,0.12540548696140866,4.0,15.0,0.0,211.2038027639763,0.40581353217925414,0.5941864678207458,-0.19551726726291885,0.33464787792618045,-1428.7531704876033
637,-209.72574372241255,0.9820428038068597,0.19351801147889722,4.0,31.0,0.0,210.2100941308302,0.23214595302179256,0.7678540469782075,1.062308671312341,-0.02029480755947029,-1435.8466006172662
638,-211.78665777612812,0.9991834831057632,0.23455369859848665,2.0,3.0,0.0,211.87116029885837,0.0085989813332501,0.9914010186667499,-1.512507610788653,0.16320833369734328,-1428.0583509335393
639,-210.40777881378264,0.8698743102066194,0.09257668306255593,2.0,7.0,0.0,212.67944857120776,0.2616093491567173,0.7383906508432827,-0.16985131498803577,0.039377965822979435,-1442.0615664398229
640,-210.03149341852398,0.7379867577290881,0.12540548696140866,2.0,7.0,0.0,211.76153474918917,0.288825940741867,0.711174059258133,-0.3754063131251139,0.14970989228520612,-1439.7717340035827
641,-209.62145651405535,0.9992895797054518,0.19351801147889722,4.0,15.0,0.0,210.11191110189833,0.10672455223455687,0.8932754477654431,1.1139357176451323,0.12650233145264167,-1430.6927247946587
642,-212.03953392356686,0.9962097006034379,0.23455369859848665,3.0,15.0,0.0,213.09373416542178,0.00962349907757732,0.9903765009224227,-2.0005942450189216,0.1724332256468231,-1429.0923182557808
643,-208.993032993755,0.9904191740995772,0.09257668306255593,2.0,5.0,0.0,210.9780853244472,0.24840320240010477,0.7515967975998952,0.20079435995388967,0.2669425216747283,-1431.9833930922644
644,-208.3168764204051,0.9431274122643237,0.12540548696140866,4.0,15.0,0.0,211.07577598050798,0.7230556045569003,0.2769443954430997,0.0337860168001321,0.5243125496147182,-1427.6545411433883
645,-208.8161832452899,0.9697227696383758,0.19351801147889722,4.0,31.0,0.0,210.2751602088474,0.2567355030994915,0.7432644969005084,0.6660476837432109,0.08496503793978555,-1430.619716661563
646,-211.7689920275085,0.9603060526647319,0.23455369859848665,4.0,15.0,0.0,212.30511493439866,0.0290737218429859,0.970926278157014,-1.9392752275097096,0.24461960971605068,-1434.9064771158914
647,-208.59779389475847,0.9071828207024705,0.09257668306255593,4.0,15.0,0.0,215.10637113098036,0.4676057606739684,0.5323942393260316,0.3563132302313332,-0.17324192755596132,-1431.201732696383
648,-208.7710262641528,0.9481001716759773,0.12540548696140866,3.0,7.0,0.0,209.09145873351292,0.7891423079455265,0.21085769205447347,0.02291776056399852,0.3351396694503594,-1429.6534884695948
649,-209.72904077645657,0.8550180256357144,0.19351801147889722,3.0,7.0,0.0,210.60522713216136,0.15507454721598404,0.844925452784016,0.6087699865260034,0.21405047078456071,-1434.3583046388117
650,-211.28756770426259,0.8376590720180465,0.23455369859848665,2.0,7.0,0.0,212.66039533033506,0.033460481047738,0.966539518952262,-1.7580271984418476,0.18534032762109978,-1433.1210276662248
651,-208.21587275124733,0.9589820319609174,0.09257668306255593,2.0,3.0,0.0,209.26559662554305,0.48382471906918767,0.5161752809308123,0.46047169087745254,-0.12755150560008266,-1428.523745671723
652,-209.45397280752485,0.9764828933683107,0.12540548696140866,3.0,7.0,0.0,210.16046078150228,0.9219557403799985,0.0780442596200015,0.1775400282249609,0.4734330022020772,-1428.4566355755132
653,-209.0167482201566,1.0,0.19351801147889722,1.0,1.0,0.0,209.56325146793057,0.16152761830893944,0.8384723816910605,0.5926896030399266,0.15417379014505708,-1429.7023523438384
654,-211.57053232684524,0.9685157578698756,0.23455369859848665,2.0,3.0,0.0,211.7694735190411,0.05485171484413544,0.9451482851558646,-1.7462441140994123,0.2177895033795843,-1438.359723389599
655,-208.89717318392158,0.9923510363774501,0.09257668306255593,4.0,31.0,0.0,209.40287036860678,0.14040188056974826,0.8595981194302518,0.6648732149707306,0.1149054815219384,-1428.010746016438
656,-209.14890006324424,0.9319579442016818,0.12540548696140866,4.0,23.0,0.0,210.79271967739015,0.5431089559011156,0.45689104409888437,0.5580841490500795,-0.35011222730918357,-1434.7469182851266
657,-209.20128732023747,0.7312368626925241,0.19351801147889722,4.0,15.0,0.0,210.75548193508186,0.12890051422893642,0.8710994857710636,0.6081951937516135,0.009988940347408562,-1429.6865306587395
658,-213.1938128650742,0.6997477816981029,0.23455369859848665,4.0,19.0,0.0,214.73839304333265,0.012657219584884529,0.9873427804151155,-2.9965557500071425,0.13355376946345196,-1434.6502762620123
659,-209.39065282658302,0.9709228145170702,0.09257668306255593,2.0,7.0,0.0,212.78315052313678,0.1851155757144257,0.8148844242855743,1.0027003512549904,-0.0752214446159491,-1432.4804547371298
660,-209.29174977270915,0.990071334341617,0.12540548696140866,2.0,3.0,0.0,209.35183640584918,0.5444054040943548,0.4555945959056452,0.5438275183494632,-0.38220293181415443,-1435.723802706309
661,-210.9973504117244,0.4782505859280792,0.19351801147889722,2.0,7.0,0.0,212.76184947260123,0.036959485806391,0.963040514193609,0.6003732336050384,0.2587489229308399,-1434.107556803966
662,-213.9696028497614,0.8875606633071925,0.23455369859848665,4.0,19.0,0.0,215.22036312541363,0.0031021472945974475,0.9968978527054025,-2.6277508225321093,0.24678802921673149,-1432.1164310061129
663,-210.1150251342678,0.998381512015265,0.09257668306255593,4.0,31.0,0.0,211.66259856699398,0.9588814606567022,0.04111853934329779,0.0964188683331399,0.20833943295568064,-1429.0429329568233
664,-211.20308648946104,0.664402954834265,0.12540548696140866,4.0,15.0,0.0,211.97655031723565,0.04182404803719003,0.9581759519628099,-0.3825565424105204,0.038536855214215085,-1436.589283440573
665,-211.03824816790961,0.9737711256849743,0.19351801147889722,3.0,7.0,0.0,212.20020957546234,0.04317956385995137,0.9568204361400486,0.5093344006203641,0.2724061506662422,-1435.5007443469156
666,-213.16696743640503,0.9403461342639621,0.23455369859848665,3.0,11.0,0.0,214.37427913637487,0.007525200022056533,0.9924747999779435,-2.810341768712701,0.21444249742738558,-1431.8182043985646
667,-209.3319963544954,0.9813768221072771,0.09257668306255593,5.0,31.0,0.0,210.51767607916133,0.0773463310066376,0.9226536689933624,0.6935681135046788,0.11706950401231597,-1427.3507866680031
668,-208.17641256167315,0.9986791088918981,0.12540548696140866,4.0,15.0,0.0,211.22116208284933,0.41701406371490796,0.582985936285092,-0.1362681330995443,0.31485110774240516,-1428.1609444807243
669,-209.39981138310176,0.4639959045593384,0.19351801147889722,2.0,3.0,0.0,213.17916039981387,0.1193648712626689,0.8806351287373311,0.5900420072676865,0.0040911916188510755,-1430.621044000993
670,-214.6030841812471,0.9461203028150166,0.23455369859848665,4.0,31.0,0.0,215.23158504906078,0.012040496343940886,0.9879595036560591,-3.7361007407571285,0.08187526335393581,-1439.75474459782
671,-208.64794313137102,0.9827535286910246,0.09257668306255593,4.0,31.0,0.0,210.70797386589263,0.34985363340107806,0.650146366598922,0.6484007645924449,-0.005961938438337776,-1430.696885710205
672,-209.8820896981968,0.9490799881909288,0.12540548696140866,3.0,15.0,0.0,211.06129564509214,0.04334716182864839,0.9566528381713516,-0.46240244313232903,0.18986785028692332,-1427.6121593956907
673,-208.81598871165352,0.979001979806689,0.19351801147889722,4.0,23.0,0.0,210.52019700936415,0.61724900697893,0.38275099302106996,0.3001755648333017,-0.30835551080710577,-1432.3229655053385
674,-212.86743238349607,0.9799062169444578,0.23455369859848665,4.0,31.0,0.0,214.95078063173094,0.017465092093913618,0.9825349079060863,-2.5804645892436797,0.2430187044429401,-1436.5542637557623
675,-209.09320811680374,0.9537714450143954,0.09257668306255593,2.0,7.0,0.0,209.78919959958574,0.24039088601984557,0.7596091139801544,0.2585937216763859,-0.01047661815870997,-1432.5606511859246
676,-209.8936377005469,0.9306051305483806,0.12540548696140866,4.0,15.0,0.0,210.16618677920118,0.042816285796581546,0.9571837142034184,-0.42284715952835233,0.19388361514381405,-1427.6395451503404
677,-210.16928563843535,0.9307167171299179,0.19351801147889722,2.0,3.0,0.0,211.33524173397402,0.5080207488784249,0.49197925112157515,0.37507559007736585,0.27669027628242754,-1442.0324529484606
678,-212.83857898434297,0.9470545299964112,0.23455369859848665,4.0,31.0,0.0,214.13591579693116,0.01211569161571822,0.9878843083842818,-2.6953783630358763,0.1254787254800233,-1433.3801804654515
679,-210.172329119331,0.9625696879873947,0.09257668306255593,2.0,7.0,0.0,210.4229733331289,0.21268119707939537,0.7873188029206046,0.09633927620851147,-0.024431605001007776,-1439.465754536471
680,-210.55434817114917,0.8962828974856872,0.12540548696140866,3.0,15.0,0.0,211.40908100570766,0.02920865129726052,0.9707913487027395,-0.7916213380687468,0.23860113669542965,-1429.2557703411571
681,-209.25220577689055,0.9342143660985395,0.19351801147889722,4.0,23.0,0.0,211.54786562547466,0.1587800558117322,0.8412199441882677,0.012568324162700623,0.2898507767903651,-1431.4840887354567
682,-210.42501305685468,0.8946261364357427,0.23455369859848665,4.0,19.0,0.0,213.24759435037797,0.04519148478965448,0.9548085152103455,-1.213213369984592,0.17748488164114778,-1430.5546616987142
683,-210.4156490611796,0.97655758911588,0.09257668306255593,4.0,23.0,0.0,211.84792789173335,0.6748103065496609,0.3251896934503391,0.4356639862733933,0.12055637293487129,-1442.8465849550312
684,-210.7431389283316,0.901124047279816,0.12540548696140866,4.0,15.0,0.0,211.63173868019592,0.017969156478958193,0.9820308435210419,-0.5314668731174756,0.17846468879904992,-1427.602431916451
685,-209.1829387761323,0.6129378637946294,0.19351801147889722,2.0,3.0,0.0,210.78735963782967,0.12813188201870965,0.8718681179812904,-0.030799884566416587,0.10542207172302748,-1429.8336308950036
686,-210.91992809054398,0.9559360793976187,0.23455369859848665,3.0,15.0,0.0,212.91150507659182,0.016508889592261267,0.9834911104077387,-0.8846588586412828,0.1873385539982705,-1427.8137469952537
687,-208.30041475972757,0.9864308412910425,0.09257668306255593,2.0,3.0,0.0,210.63032390270348,0.6397506351144815,0.3602493648855185,0.26531875271093663,0.09782462485865512,-1428.6811757739933
688,-209.8818644708633,0.805417010758336,0.12540548696140866,4.0,15.0,0.0,211.93212623144007,0.056291924825310806,0.9437080751746892,-0.21928389986240113,0.24439963651510133,-1429.4442142064327
689,-209.34232522040023,0.9674602656180977,0.19351801147889722,3.0,15.0,0.0,210.97652850689053,0.14276818249156675,0.8572318175084332,-0.3763132586596254,0.1417787985240388,-1431.4356256832143
690,-208.77095184754833,0.9980803153947697,0.23455369859848665,4.0,15.0,0.0,211.12749052021456,0.43894301579403266,0.5610569842059674,-0.320177767605806,0.4887819311291917,-1432.1638724962415
691,-208.76522434640825,0.9893690874240754,0.09257668306255593,5.0,31.0,0.0,209.25672785229116,0.47330480000235325,0.5266951999976468,0.012627822814136096,0.47076202986447646,-1432.3116823459122
692,-208.82084247850955,0.988815868181277,0.12540548696140866,4.0,31.0,0.0,211.6287025670504,0.8511784262042935,0.14882157379570649,0.07684376662841852,0.7433736906502835,-1427.7286269600102
693,-208.86895126859056,1.0,0.19351801147889722,1.0,1.0,0.0,209.14793381629647,0.14420990035832681,0.8557900996416732,-0.37001711615483984,0.21132828123853176,-1428.206305645142
694,-208.07679214125625,0.9457259317586902,0.23455369859848665,3.0,15.0,0.0,209.29659013325147,0.5857188857638236,0.4142811142361764,0.20372224207650047,0.09644981231269861,-1427.5174397808098
695,-213.55745361623784,0.6972079571771265,0.09257668306255593,2.0,7.0,0.0,216.36191214020903,0.37785235090936625,0.6221476490906337,0.5031790662883482,0.3852578573401515,-1464.8545946477532
696,-211.66661578465266,0.9510890511513166,0.12540548696140866,4.0,19.0,0.0,212.37624016765372,0.9758533525435475,0.024146647456452452,0.17197800926551077,2.360848601690014,-1431.412375097212
697,-210.34344242406289,0.9508847122844126,0.19351801147889722,3.0,15.0,0.0,211.38706891844032,0.03473690859501763,0.9652630914049823,-0.6484623888368213,0.1272361278398038,-1429.1700037106784
698,-208.22830577912939,0.9960608863849273,0.23455369859848665,3.0,15.0,0.0,208.4842119598827,0.307898961395481,0.692101038604519,0.397118204880391,0.025491211901838666,-1427.5740083174317
699,-209.0578807140996,1.0,0.09257668306255593,2.0,3.0,0.0,213.29064565606106,0.39679843131623693,0.6032015686837631,0.2660426172632111,0.27396567146327805,-1434.1178336142962
700,-208.52579208237927,0.9739064037575041,0.12540548696140866,4.0,15.0,0.0,212.24937997170701,0.7393954727709597,0.26060452722904026,-0.049148854967518696,0.6063332264290202,-1428.7507911422817
701,-209.6936486448352,0.688656087443873,0.19351801147889722,3.0,9.0,0.0,211.8529954071691,0.07116988076334094,0.928830119236659,-0.8202000730349517,0.23746056251685171,-1429.1178185200642
702,-208.39196371356962,0.9789218641015501,0.23455369859848665,3.0,7.0,0.0,208.5097528253533,0.2678209882261084,0.7321790117738916,0.3473391152904725,0.03325217300837867,-1428.1616748882177
703,-211.9152314782048,0.9410463004834057,0.09257668306255593,4.0,19.0,0.0,212.52809010216288,0.877353772457562,0.12264622754243804,-0.16782185981795106,0.8077907701267647,-1447.8713709504545
704,-208.2774687793654,0.9951144022013857,0.12540548696140866,2.0,3.0,0.0,208.59915342514353,0.6695779661245939,0.33042203387540614,0.012368912352476065,0.5270045781020143,-1428.0695426108675
705,-209.78630105925885,0.689637134721126,0.19351801147889722,2.0,7.0,0.0,211.19003660412815,0.20236039919482993,0.79763960080517,-0.7502664175701688,0.285912532694347,-1435.9974090199248
706,-208.15246451896382,0.9750622772905675,0.23455369859848665,3.0,7.0,0.0,208.8550595363005,0.34544818961481205,0.654551810385188,0.22748541671428918,0.10533727191726983,-1427.5421422184488
707,-211.34676655387068,0.8744218717247687,0.09257668306255593,2.0,3.0,0.0,213.7993983855833,0.7645174917316129,0.23548250826838713,0.20959461070934077,0.8528786868588232,-1447.4214831658899
708,-208.61801543556362,0.9365595201886461,0.12540548696140866,4.0,15.0,0.0,209.08410364455798,0.6245462355667578,0.3754537644332422,0.12036891016019835,-0.00927741943375815,-1431.0509506533374
709,-210.63977317504958,0.9210568156982016,0.19351801147889722,3.0,7.0,0.0,210.7867368621387,0.024664548531016014,0.975335451468984,-0.6050363782099235,0.22801426794790064,-1428.9393178446953
710,-208.3565226071782,0.9941587536008961,0.23455369859848665,3.0,15.0,0.0,208.873156477617,0.697433550183606,0.302566449816394,0.3020765669112081,-0.035811411048717864,-1428.4488675775965
711,-209.1438455125938,1.0,0.09257668306255593,2.0,3.0,0.0,210.977898406082,0.7835558530065879,0.21644414699341208,0.06556632406047819,0.8651123866998592,-1431.8078769498316
712,-208.45610887759312,0.8796894859442113,0.12540548696140866,3.0,11.0,0.0,210.46658886511204,0.33550699886017343,0.6644930011398266,0.6402684074223998,-0.053239276840411645,-1429.2399064262725
713,-210.79233043229553,0.2533360636170722,0.19351801147889722,3.0,11.0,0.0,215.18427056797256,0.021938316558373448,0.9780616834416266,-0.4828741971673883,0.23117653184025472,-1429.3168094326468
714,-208.2728887799491,0.9640110005510967,0.23455369859848665,3.0,9.0,0.0,209.09051238829434,0.3206966956279766,0.6793033043720234,0.28181087951292016,0.04337692026432851,-1428.1008946286713
715,-208.36603820858025,0.9983634095989302,0.09257668306255593,4.0,19.0,0.0,209.3201119484964,0.7554897325010507,0.24451026749894933,0.044012455401387596,0.45579857792979683,-1427.4941214416324
716,-208.76903821115522,0.9752981006193246,0.12540548696140866,4.0,23.0,0.0,209.865467970944,0.830202691565923,0.16979730843407703,0.17077849045735272,-0.1845906238805487,-1428.5369031610346
717,-208.5838078822534,0.9880521970683915,0.19351801147889722,3.0,15.0,0.0,210.91496224618714,0.3504002813511514,0.6495997186488486,-0.3419919878059975,0.36681109142735513,-1430.4047128746986
718,-209.37460499847438,0.9428133057889453,0.23455369859848665,3.0,7.0,0.0,211.9710912155561,0.6276165361915813,0.3723834638084187,-0.2353395757278224,0.5033274960924867,-1436.0004526960815
719,-208.76130096593207,0.9948286992342584,0.09257668306255593,4.0,23.0,0.0,209.42307227704384,0.8397750438727297,0.16022495612727028,0.14883310209861958,-0.03829801311550086,-1428.1960256743048
720,-208.40205110099174,0.9940038197252659,0.12540548696140866,3.0,7.0,0.0,209.0256310643298,0.7541164922695747,0.24588350773042533,0.1683028137289806,-0.00023041880778309,-1427.9256114463155
721,-208.685131201166,0.9845318682100825,0.19351801147889722,2.0,3.0,0.0,208.82533561496172,0.3983373426064532,0.6016626573935469,-0.33879255976265005,0.42522340228740213,-1431.4227512868545
722,-208.91753419065054,0.9566044111067961,0.23455369859848665,1.0,3.0,0.0,210.77076360120645,0.624567194865787,0.37543280513421295,-0.13268860004930708,0.3558285275077839,-1433.0078542120852
723,-208.8497898858145,0.9652576047172026,0.09257668306255593,3.0,15.0,0.0,209.88966892580592,0.8026006545344265,0.19739934546557347,0.31277992987767556,-0.1376608032971867,-1429.8553837200277
724,-209.20670999709972,0.8925826379928123,0.12540548696140866,2.0,7.0,0.0,209.63507862053882,0.7311689305525932,0.26883106944740676,0.06559399111439236,-0.01849534002263202,-1433.9073271034238
725,-208.1245157036982,1.0,0.19351801147889722,4.0,15.0,0.0,209.02027174074274,0.5458044302562858,0.4541955697437142,0.24502480249572556,0.1169241977673429,-1427.9751791085614
726,-210.20513910106428,0.9838748391499426,0.23455369859848665,3.0,15.0,0.0,212.54611610524796,0.9386520637236101,0.0613479362763899,0.180920964260074,1.208231547968535,-1431.0386668170186
727,-208.67800775909402,0.999694333434155,0.09257668306255593,2.0,7.0,0.0,208.96817192580968,0.7317570794595518,0.2682429205404482,0.15760062566980104,-0.12556047108546753,-1430.214557138148
728,-210.46571318661248,0.8610189815988514,0.12540548696140866,3.0,7.0,0.0,211.52439698588302,0.7955727181629818,0.2044272818370182,-0.02511337649467832,0.04897159258701253,-1441.2969122677807
729,-208.75886952269548,0.9568328472459755,0.19351801147889722,3.0,15.0,0.0,209.27064059669968,0.6164998197484495,0.3835001802515505,0.34350772809786584,-0.3359580344539107,-1431.8940780044475
730,-210.52833582486997,0.9655288973528122,0.23455369859848665,2.0,5.0,0.0,211.49462895314323,0.8766141368690008,0.1233858631309992,-0.06656461237669899,1.4146549411861116,-1437.1826546048467
731,-208.63188311083326,0.9991271881875707,0.09257668306255593,5.0,31.0,0.0,208.91107646038233,0.7270791976258845,0.27292080237411553,0.2895020466449143,0.058195549403922256,-1429.9308312910025
732,-208.36665027421893,0.7988300760588993,0.12540548696140866,3.0,7.0,0.0,213.70528218027496,0.7379775523695122,0.26202244763048776,0.2400739458228729,-0.17713761115717774,-1427.9183728627834
733,-208.76715284764984,0.9914845934537678,0.19351801147889722,4.0,15.0,0.0,209.06188430531873,0.1918671207727902,0.8081328792272098,0.25780604756808023,0.059640709452428345,-1429.1760165640646
734,-210.984174496508,0.9585708974667494,0.23455369859848665,2.0,3.0,0.0,211.19604585450261,0.8404895460614633,0.1595104539385367,-0.020292420254423446,1.4869146627993695,-1441.6370739483243
735,-208.47974030429344,0.9678091202064961,0.09257668306255593,2.0,3.0,0.0,209.10656705864184,0.6876596418085523,0.3123403581914477,0.29211658529934065,0.05738296437342498,-1429.425524037426
736,-210.36737032179374,0.7168104902983162,0.12540548696140866,3.0,11.0,0.0,212.21468530822162,0.8792788943652283,0.12072110563477167,0.39621274717404875,-0.5328069054571191,-1437.2920569307898
737,-211.4430375356259,0.9932009099260971,0.19351801147889722,3.0,15.0,0.0,211.95885447329974,0.012696560473297569,0.9873034395267024,0.15841399135602682,0.08042436325302764,-1430.3190492497822
738,-211.4891783995409,0.41267061641162545,0.23455369859848665,3.0,15.0,0.0,214.747216504474,0.9795403404935324,0.020459659506467553,0.24799655508198204,0.9742835305385791,-1433.0336236560581
739,-209.44914742734332,0.9531504862694067,0.09257668306255593,5.0,31.0,0.0,210.0727275891874,0.4703437432150899,0.5296562567849101,0.37434752107896946,-0.2850964705460908,-1437.0317414786145
740,-209.0361030231912,0.9534894830679608,0.12540548696140866,3.0,15.0,0.0,211.5538479314158,0.822300285439519,0.17769971456048095,0.2619936925945631,0.10996674277784196,-1430.614779997745
741,-210.5258166556199,0.502210377178072,0.19351801147889722,3.0,7.0,0.0,212.67042052519838,0.021421109837222924,0.9785788901627771,0.05776597037198382,0.16138105418101956,-1427.5367548901365
742,-212.26390422916322,0.7678037061221133,0.23455369859848665,3.0,7.0,0.0,213.84691428819505,0.9807456835609923,0.019254316439007657,-0.01383936066515204,1.226672587744556,-1437.547582209401
743,-208.90479757174168,0.9849714988908943,0.09257668306255593,3.0,7.0,0.0,210.12229026358392,0.45228037852663183,0.5477196214733682,0.5687450022018867,0.0025615288711546835,-1433.144514535809
744,-208.58433505679432,0.9663568346529174,0.12540548696140866,3.0,7.0,0.0,211.4433996603866,0.6325108491046549,0.36748915089534506,-0.1289089817123474,0.6455053665554906,-1430.3961652246944
745,-215.24019632857005,0.3264358516328663,0.19351801147889722,4.0,23.0,0.0,218.4470492478931,0.08249340728894342,0.9175065927110566,2.117520925012956,-0.1707762785437872,-1465.099882637635
746,-211.4977236947337,0.9428059668831761,0.23455369859848665,4.0,15.0,0.0,213.85376400004424,0.8987067724620836,0.10129322753791636,0.13683131013510644,1.7369096902307708,-1441.7987168024915
747,-208.25572316220047,1.0,0.09257668306255593,3.0,15.0,0.0,209.64262454975844,0.37107943028785206,0.6289205697121479,0.08122083760472043,0.12985324494869008,-1428.5079133475338
748,-208.46573422880132,0.9675322489264377,0.12540548696140866,3.0,15.0,0.0,210.0442310058058,0.5912470671905894,0.4087529328094106,-0.14602165706023243,0.44978066741336925,-1430.0270258005023
749,-215.10551739033994,1.0,0.19351801147889722,3.0,15.0,0.0,216.77985486824002,0.001254017763682756,0.9987459822363173,2.506226656566769,0.27000467450100263,-1434.2475618076842
750,-210.0739970080791,1.0,0.23455369859848665,3.0,7.0,0.0,211.36724073133428,0.9504857718528926,0.049514228147107375,0.11005012495844031,1.466003912129061,-1428.1615482872544
751,-208.1590075430614,0.9609664396703613,0.09257668306255593,3.0,7.0,0.0,209.15037872222615,0.3529601184641675,0.6470398815358325,0.2185162019147691,0.14666212684437197,-1427.6506693957654
752,-209.32682619159806,0.9342758198926735,0.12540548696140866,4.0,19.0,0.0,210.6156373805711,0.8246295133903301,0.17537048660966992,-0.065544211423786,0.9844083844507624,-1431.7806681515158
753,-213.98364955360677,0.9856785040355751,0.19351801147889722,2.0,3.0,0.0,214.5716128114021,0.0014420931560901937,0.9985579068439098,2.4978376217841367,0.16479061480519505,-1427.537731649292
754,-210.41056804627073,0.8708452949678995,0.23455369859848665,1.0,3.0,0.0,210.83987649739905,0.9426833940847593,0.05731660591524068,0.0030062095077903472,1.452709898560817,-1431.484327631155
755,-208.50915608307878,0.9927428543950759,0.09257668306255593,4.0,15.0,0.0,208.689190288252,0.23518114943384708,0.764818850566153,-0.2179301557274655,0.3115202278636212,-1428.3550580238984
756,-209.55780750543613,0.9987094986435262,0.12540548696140866,2.0,7.0,0.0,210.73875137014656,0.903659966363981,0.09634003363601895,0.1116280539264083,1.1544211218893108,-1429.5495272134863
757,-214.0780150366739,1.0,0.19351801147889722,2.0,3.0,0.0,214.14089563258202,0.001289649948343085,0.9987103500516569,2.4802397803115155,0.145032961603796,-1427.4998006134056
758,-210.319834500578,0.9371794520404582,0.23455369859848665,3.0,11.0,0.0,211.427335807073,0.952588494212063,0.04741150578793696,0.14830862134320094,1.5295872259223156,-1429.4022359002738
759,-210.71323879040568,0.9008080899713259,0.09257668306255593,3.0,7.0,0.0,211.23440008636592,0.22320083698970974,0.7767991630102903,-0.2313209557005958,0.49187226280526725,-1443.196216816063
760,-209.2926447141973,0.9902282891983492,0.12540548696140866,2.0,7.0,0.0,209.81632557735048,0.8678129314518283,0.13218706854817175,0.06989615284377715,1.072332038458793,-1429.7877779497176
761,-211.5296488061711,0.8322326738425054,0.19351801147889722,3.0,15.0,0.0,215.19970022962784,0.02529223755922698,0.9747077624407731,2.200517529346551,0.1833574406187418,-1431.406303388795
762,-209.54585390624374,0.9049909556323129,0.23455369859848665,4.0,15.0,0.0,211.2471329753885,0.19581864123899745,0.8041813587610025,-0.17072904744676706,0.08568073741251725,-1434.691007244332
763,-209.10153412798667,0.9179660120777311,0.09257668306255593,3.0,15.0,0.0,214.82964517416568,0.35140636263045355,0.6485936373695464,-0.31280163562122365,0.5130455406685259,-1433.8955430844026
764,-208.8862181173905,0.9166806592773558,0.12540548696140866,4.0,15.0,0.0,210.3995706290842,0.8723546588458354,0.1276453411541646,0.07527131655290573,0.6472791885950107,-1427.4052862360334
765,-212.09035146614184,0.6434966015314408,0.19351801147889722,3.0,15.0,0.0,214.02026021635325,0.007256554168074084,0.9927434458319259,1.797612770835814,0.10022372167227855,-1428.1924695096168
766,-210.22771381128,0.9983927121257359,0.23455369859848665,4.0,15.0,0.0,211.2697999369549,0.9496194882738693,0.05038051172613067,0.06666321456525029,1.5898278004648554,-1429.0167946979705
767,-208.34152374679923,1.0,0.09257668306255593,4.0,15.0,0.0,209.6501894599329,0.24662128467453548,0.7533787153254645,0.049559068964276004,0.18729017027131495,-1427.5134870178367
768,-208.94296622543143,0.9426372909495707,0.12540548696140866,5.0,31.0,0.0,210.94397705039415,0.783920333704526,0.21607966629547404,-0.006692964080398919,0.35277554915346065,-1430.9542737117342
769,-211.9827731887033,0.8967987687488639,0.19351801147889722,3.0,7.0,0.0,213.61158758043356,0.0703252048520648,0.9296747951479352,2.218753623131023,0.0793185510929133,-1441.2277260026885
770,-210.58687440573084,0.9806018209022276,0.23455369859848665,2.0,3.0,0.0,210.87862457723853,0.8882617387527799,0.11173826124722008,0.021605310881406024,1.5946689214502148,-1436.5289130560452
771,-210.1752910689238,0.9960325928818656,0.09257668306255593,3.0,15.0,0.0,211.38074703737328,0.30647384698306807,0.6935261530169319,0.9450423272521588,-0.2124833206376011,-1440.3320475182072
772,-208.29868326918165,0.9223604692048443,0.12540548696140866,2.0,7.0,0.0,210.26394475230822,0.6821856885300196,0.3178143114699804,0.08532261295748268,0.42827428784103466,-1428.151495023549
773,-210.98113925314036,0.9092369875706882,0.19351801147889722,4.0,31.0,0.0,214.36255536224547,0.021176585880000258,0.9788234141199997,1.4524507473344692,0.06990089289215327,-1428.8039955706868
774,-211.19409882615582,0.965817629735923,0.23455369859848665,3.0,11.0,0.0,211.55420119213102,0.9781433779506153,0.021856622049384655,0.17952756128056493,1.8760716787934875,-1429.2474763809341
775,-214.0712660661414,0.8838315850635587,0.09257668306255593,2.0,3.0,0.0,214.71285640987023,0.31284899828609253,0.6871510017139075,1.144230392340445,-0.38450813008742213,-1466.8748995378442
776,-210.7142353748838,0.9350665285047296,0.12540548696140866,3.0,11.0,0.0,211.39221540098873,0.05623059246453612,0.9437694075354639,-0.09821982655884125,0.30305542849404576,-1435.1924103238716
777,-212.26103149455318,0.9677340049249581,0.19351801147889722,2.0,7.0,0.0,212.93799927596183,0.006533416108945238,0.9934665838910548,1.3672043841785022,0.21829512922020405,-1429.7950862475157
778,-210.04372242317737,0.9648420412347485,0.23455369859848665,4.0,27.0,0.0,212.20224442581832,0.2602765141725996,0.7397234858274004,-0.029728261883025797,0.011814395994057286,-1439.549294274345
779,-212.14809140431458,1.0,0.09257668306255593,2.0,3.0,0.0,214.16719760170224,0.2954498132495033,0.7045501867504966,1.0609453555279198,-0.3150490582221907,-1453.5680779769023
780,-209.99360038004866,1.0,0.12540548696140866,3.0,7.0,0.0,210.69243684431697,0.04420806812065024,0.9557919318793497,0.001041041407943047,0.11224421331826037,-1428.7169490763101
781,-213.62880927323303,0.8220324475311469,0.19351801147889722,3.0,11.0,0.0,214.37453646242832,0.0027404543505205837,0.9972595456494794,1.0464306087914252,0.039082664417473295,-1433.9765350255673
782,-211.82839274934872,0.9786893231109041,0.23455369859848665,4.0,15.0,0.0,213.64637639722727,0.9849952111077953,0.01500478889220469,0.030927985235536193,1.1457682016766073,-1433.011558013798
783,-209.46104683872545,0.9290447907610265,0.09257668306255593,3.0,7.0,0.0,215.60929604224054,0.14466094018671583,0.8553390598132842,1.0613372395485534,-0.0453844896900648,-1431.4966466333992
784,-208.4163914876355,0.9963209423406311,0.12540548696140866,3.0,15.0,0.0,211.94902343714622,0.5407007205994561,0.45929927940054394,-0.10720011268802432,0.3133082909515893,-1429.972639051249
785,-212.79785663522816,1.0,0.19351801147889722,2.0,3.0,0.0,213.18669301862553,0.002469433379537256,0.9975305666204628,1.0452807947083713,0.15696906509480424,-1427.5011758133633
786,-209.17555652020943,1.0,0.23455369859848665,4.0,15.0,0.0,212.2676784832515,0.11771231072117162,0.8822876892788284,-0.38892899461034347,0.16667651033922792,-1429.1346230339132
787,-208.27453310981724,0.9929594496369971,0.09257668306255593,4.0,23.0,0.0,210.45998017770705,0.6913618318773577,0.30863816812264233,0.19053105933794492,0.17584981738110325,-1427.981203626395
788,-208.29316396731838,0.9956444643070249,0.12540548696140866,2.0,3.0,0.0,208.53769276668555,0.46800979561374945,0.5319902043862506,0.0025050693657088993,0.39664198569062453,-1429.0978352733025
789,-212.89666501712327,0.964151061034726,0.19351801147889722,1.0,1.0,0.0,212.90532200336978,0.002377528206994516,0.9976224717930054,1.0481014295795037,0.1244427156884673,-1427.9251686197688
790,-209.44618777100328,0.9149757440370628,0.23455369859848665,4.0,15.0,0.0,210.697376377828,0.43480381435213145,0.5651961856478686,-0.22791087612167196,0.6192191148663702,-1436.7324367436408
791,-208.9961508447128,0.9040504380717002,0.09257668306255593,3.0,15.0,0.0,210.43455392305052,0.41286198429185483,0.5871380157081452,-0.05276352909567582,0.48770376038347807,-1433.6972423411116
792,-209.15252525655012,0.7986070881185175,0.12540548696140866,3.0,15.0,0.0,212.28952955875735,0.15422858398757727,0.8457714160124228,0.6848726857279193,0.15111480301583177,-1430.2798388023568
793,-209.51938500280622,0.9708913109852194,0.19351801147889722,3.0,15.0,0.0,213.99066400981664,0.0629639499397393,0.9370360500602607,0.4111703046273294,0.12248609562769543,-1427.5991924957193
794,-209.55497953421073,1.0,0.23455369859848665,4.0,15.0,0.0,209.93986789034855,0.0676013378383123,0.9323986621616877,-0.14491695618315525,0.1319179783963616,-1428.4274755649471
795,-208.33877225067386,0.8956558061719676,0.09257668306255593,3.0,11.0,0.0,211.34466783417156,0.6551475957369355,0.3448524042630645,-0.05714340416620854,0.42509067999878186,-1428.7188861815441
796,-209.54367821507242,0.8846230140209741,0.12540548696140866,2.0,3.0,0.0,209.8881517993478,0.16078569462892295,0.839214305371077,0.5480344531779509,-0.05128061341404036,-1433.3788019175076
797,-209.77239399588342,0.9940561477528191,0.19351801147889722,3.0,11.0,0.0,210.43260257100044,0.314000456359249,0.685999543640751,0.9427210928297858,-0.10697416658377389,-1437.6740393605428
798,-209.372910743117,0.8515237459152502,0.23455369859848665,2.0,7.0,0.0,210.65048912539484,0.0736621678009694,0.9263378321990305,-0.3363973421275647,0.18344463816344098,-1427.6242405556527
799,-208.1569747829038,0.9995131963054121,0.09257668306255593,2.0,7.0,0.0,208.37216640555934,0.6127518641703038,0.3872481358296962,0.03063974047555596,0.419172605137194,-1427.8082131569713
800,-211.31791935113847,0.5412561575587622,0.12540548696140866,1.0,1.0,0.0,211.54449453597576,0.1481432666209517,0.8518567333790483,0.5715835314734098,-0.14201456532689238,-1445.134508100612
801,-208.82359091328232,0.8295695155218628,0.19351801147889722,3.0,7.0,0.0,211.4255307874015,0.24767670848553058,0.7523232915144694,0.7769047463170178,0.0333756001018002,-1430.3735775654823
802,-208.93176543488366,0.8382832378976585,0.23455369859848665,2.0,7.0,0.0,210.27279525919894,0.18029250919325274,0.8197074908067472,-0.3402983345040305,0.18340252746166924,-1429.9129626082442
803,-211.30701050362234,0.7649265129538466,0.09257668306255593,3.0,11.0,0.0,212.63442416684526,0.6205422661575257,0.3794577338424743,0.39657024630927096,0.315038263905258,-1449.4458091793856
804,-210.34510420673556,1.0,0.12540548696140866,4.0,15.0,0.0,211.38961027282934,0.8874908894399403,0.11250911056005974,-0.02097721726431686,0.3152661023887774,-1437.0102937935271
805,-208.81316218561733,0.591702163716475,0.19351801147889722,2.0,7.0,0.0,210.46013416027375,0.22742498627862742,0.7725750137213726,0.8385189358235865,-0.013418297955686387,-1429.810633508899
806,-209.22394755479374,0.9279623321896026,0.23455369859848665,2.0,5.0,0.0,210.119094663291,0.10001656311372421,0.8999834368862758,-0.34947779949774455,0.2557452672904794,-1428.4734107621598
807,-208.27200270826248,0.9976438703267487,0.09257668306255593,3.0,7.0,0.0,211.50197117409837,0.7027172492683254,0.29728275073167465,0.007916158003415052,0.43367561414088557,-1427.7129131896365
808,-210.07458542732059,0.99585080871363,0.12540548696140866,3.0,7.0,0.0,210.4600827519456,0.8825880066414187,0.11741199335858132,-0.010576011231185246,0.32736637167514954,-1435.3915673960591
809,-208.94221549990155,0.9917557713606532,0.19351801147889722,3.0,7.0,0.0,208.9788601211559,0.13553744804269696,0.864462551957303,0.8149602855322676,0.08345803678362103,-1427.9309005164266
810,-208.74868932043864,0.37195374104308504,0.23455369859848665,4.0,19.0,0.0,213.67519703242536,0.5995824241677525,0.40041757583224746,0.15885114561160618,0.3908202052964498,-1431.9754132112425
811,-210.33469871242443,0.7773248802868968,0.09257668306255593,4.0,27.0,0.0,211.16331487480085,0.08522097883652134,0.9147790211634786,0.5176963567279359,0.2570141011940136,-1435.0264768722643
812,-209.2898731134597,0.9791341355920888,0.12540548696140866,4.0,15.0,0.0,211.21302630563275,0.24215499666235155,0.7578450033376485,0.36082777056909465,-0.06172936959901831,-1433.895735676506
813,-208.43412869481585,0.9958674847187804,0.19351801147889722,3.0,15.0,0.0,209.27386186780782,0.44515008827379887,0.5548499117262011,0.5650082404249526,-0.1198800434440968,-1429.8640799290602
814,-208.6447622599589,0.9231544275911393,0.23455369859848665,2.0,7.0,0.0,210.97857928960647,0.7287719792555394,0.2712280207444606,-0.04119026853057425,0.42595331673455566,-1429.910045985623
815,-211.08924263703477,1.0,0.09257668306255593,4.0,31.0,0.0,212.10701286470737,0.02786470002894423,0.9721352999710557,1.4005170284364838,0.21734355303945718,-1431.4906860993271
816,-208.754939027145,0.9968299257184993,0.12540548696140866,3.0,11.0,0.0,209.4251411125553,0.6955707740888787,0.3044292259111213,0.1778632270261584,-0.18075210942769593,-1431.2493262316577
817,-208.756024177728,0.9127078265613501,0.19351801147889722,3.0,15.0,0.0,210.21683529774882,0.14667859702904815,0.8533214029709518,0.1519052500640739,0.17346195280002713,-1427.6344053124049
818,-208.1056760503053,0.9895238667452697,0.23455369859848665,4.0,17.0,0.0,209.53267949730198,0.6124544437089781,0.38754555629102194,0.29538680319224697,-0.05606368197408626,-1427.5302761808484
819,-211.46932149270222,0.9996264613663339,0.09257668306255593,4.0,15.0,0.0,211.91072922635593,0.021404238976036338,0.9785957610239636,1.6446304846937634,0.22208216682145537,-1431.6961943818915
820,-210.38530289725634,0.7903361749302701,0.12540548696140866,3.0,7.0,0.0,211.3329024225136,0.8473287419568067,0.15267125804319326,0.35623383292813754,0.04691064069307361,-1439.0514190714669
821,-208.8344214769822,0.8962659182676329,0.19351801147889722,4.0,15.0,0.0,209.7240595921083,0.8280992823100833,0.17190071768991666,0.17360555466191274,-0.24760725501084693,-1429.0317191439317
822,-209.388513815314,0.9815922496055683,0.23455369859848665,3.0,15.0,0.0,209.85797243326382,0.9261481444207673,0.07385185557923268,0.20160168687902036,-0.4325289818034063,-1427.678510592087
823,-211.4174250400638,0.9994557078435474,0.09257668306255593,3.0,7.0,0.0,211.7715080458812,0.017720725882277008,0.982279274117723,1.7961936005580836,0.05927239435847497,-1429.6483533095682
824,-208.69361808350436,1.0,0.12540548696140866,2.0,7.0,0.0,210.46730864279314,0.8313102483915664,0.16868975160843358,0.12127424733599765,0.14563579134841104,-1428.0035146199689
825,-208.3675354353558,0.9640731104922419,0.19351801147889722,4.0,15.0,0.0,209.25945320010365,0.24133346444905707,0.758666535550943,-0.031755626328663765,0.1970576168465803,-1427.5897722919674
826,-209.5853823033799,0.9567340983766716,0.23455369859848665,2.0,3.0,0.0,209.7927620505403,0.9317303390019601,0.06826966099803988,0.24108042154690412,-0.36036627303554447,-1428.5713356708065
827,-211.89122505435589,0.9972294251740639,0.09257668306255593,3.0,15.0,0.0,212.65860200725893,0.008210928107387454,0.9917890718926126,1.4724720420484105,0.19576666259436024,-1428.5574918847758
828,-209.442796220273,0.9382937984709323,0.12540548696140866,4.0,15.0,0.0,211.1443697021378,0.1120912241395936,0.8879087758604064,-0.29903359127486584,0.1223862312876747,-1430.7509747902095
829,-209.20748988701055,0.7421276194052948,0.19351801147889722,4.0,15.0,0.0,210.34492532185425,0.25923207330382453,0.7407679266961755,0.3080894436627971,0.25190258104679947,-1433.6189081949562
830,-209.94265359103608,0.9722585887148889,0.23455369859848665,2.0,3.0,0.0,209.96450411827752,0.9372785474134664,0.06272145258653361,0.10948197696273562,-0.3865979358129124,-1430.5176914171511
831,-211.82027647885545,1.0,0.09257668306255593,2.0,3.0,0.0,211.93957887037962,0.007794532955283715,0.9922054670447162,1.4567543891982775,0.17591351369681013,-1427.756919305591
832,-212.03185667321443,0.8295452730730828,0.12540548696140866,4.0,19.0,0.0,212.2832102275029,0.9948246224848202,0.005175377515179824,0.13428228104710901,0.8304904510881249,-1427.6558778290796
833,-208.76338899633137,0.9854565588895393,0.19351801147889722,3.0,15.0,0.0,209.91114151893865,0.8296784328343306,0.17032156716566937,0.0548187996192402,0.7753974613843585,-1428.0476682029973
834,-208.86725605631483,0.9580385601093361,0.23455369859848665,3.0,7.0,0.0,210.42850401693133,0.692351886938092,0.307648113061908,0.4278804321390917,-0.4114861635772583,-1431.817037467662
835,-212.45252853924939,0.9813234188777399,0.09257668306255593,2.0,7.0,0.0,213.00893924171243,0.005294244792184717,0.9947057552078152,1.482444690377988,0.0835645048737931,-1429.42530302887
836,-208.07106838022534,0.999534110341918,0.12540548696140866,4.0,15.0,0.0,212.23618170003533,0.554583504501714,0.445416495498286,0.15259881062384495,0.13251861193261172,-1427.609750979492
837,-209.36795343519756,0.8549403548703219,0.19351801147889722,1.0,3.0,0.0,209.91272577069344,0.7633803387023177,0.2366196612976823,0.12434636030765789,0.7431628255669839,-1433.9511057657737
838,-208.5368759888197,1.0,0.23455369859848665,4.0,15.0,0.0,208.98451075968575,0.8018516201885928,0.1981483798114072,0.238213063862604,-0.23159994507973375,-1427.7190876119416
839,-211.86868119729104,0.9992766459379865,0.09257668306255593,4.0,23.0,0.0,214.5555431302535,0.006474525036899725,0.9935254749631003,0.037749961019311995,0.20422622579261773,-1428.6406288983912
840,-208.10558185258,0.982341215472969,0.12540548696140866,3.0,15.0,0.0,208.44158735797268,0.559548501067474,0.440451498932526,0.327955835976631,-0.008626597435679164,-1427.7746329144288
841,-208.85789779963017,1.0,0.19351801147889722,3.0,11.0,0.0,209.8975292230142,0.5592442826749241,0.4407557173250759,-0.13657048085281928,0.2872745559787296,-1432.9780307028261
842,-208.96170573781893,0.9551816146048083,0.23455369859848665,2.0,7.0,0.0,209.31990070884717,0.7866003821340579,0.21339961786594208,0.22722559223308064,-0.4418757747513399,-1430.9154041557629
843,-210.05839984822083,0.9956332843037322,0.09257668306255593,5.0,31.0,0.0,212.6602855746994,0.22806192285620822,0.7719380771437918,1.0033828339897517,-0.1669527114871476,-1438.139936344737
844,-208.17911153532756,0.9943992624837923,0.12540548696140866,4.0,19.0,0.0,208.4571563120767,0.34696128420894573,0.6530387157910542,-0.12916391857655704,0.30927746732880895,-1427.6976836456868
845,-209.03674455496045,0.9922892595446138,0.19351801147889722,2.0,7.0,0.0,209.73886571152747,0.26000916706985094,0.739990832930149,-0.17192681758911796,0.39974467963267457,-1432.4261163405556
846,-208.66032845428356,0.9947534557574745,0.23455369859848665,3.0,11.0,0.0,209.68303977779053,0.6409111318536092,0.35908886814639085,0.2824020685176657,0.16796223368173807,-1431.1334264523396
847,-211.0813163156419,0.9529349277922098,0.09257668306255593,5.0,47.0,0.0,212.62530776410793,0.9844325008664885,0.01556749913351152,0.10307551261839418,1.2741753320408113,-1427.8246441486351
848,-208.16132994762467,0.9890611261275076,0.12540548696140866,4.0,15.0,0.0,208.52335456111558,0.6628358035141292,0.3371641964858708,0.1512178709649977,0.1664537837351245,-1427.5331851902174
849,-209.90759376030104,0.952283691357321,0.19351801147889722,4.0,15.0,0.0,210.67292256785015,0.3979115552721775,0.6020884447278225,-0.40013834263769454,0.26985472611388883,-1439.9188301853133
850,-208.9927973591835,0.9492436158876358,0.23455369859848665,2.0,7.0,0.0,209.3614886778563,0.605885259532316,0.394114740467684,0.037325135581974284,0.055116416861292476,-1433.774139143535
851,-211.59010700808759,0.949317463784658,0.09257668306255593,4.0,31.0,0.0,214.38648554039673,0.9918395911204226,0.008160408879577363,0.1249009186637001,0.7717272189710677,-1427.812684741137
852,-208.90673800098952,0.9583616063293037,0.12540548696140866,4.0,19.0,0.0,210.2702158448813,0.26638182282596823,0.7336181771740318,0.7454294755326838,-0.11467919778683637,-1431.3079264881799
853,-212.0261639133192,0.6365687736581266,0.19351801147889722,4.0,15.0,0.0,213.77128750679145,0.03814560211723024,0.9618543978827697,-0.8387409941914105,0.3623762458307776,-1441.0722578672064
854,-208.8874396639034,0.9920414431591921,0.23455369859848665,4.0,15.0,0.0,209.4183982774058,0.17995441685397556,0.8200455831460245,0.41785137094299496,0.017217473536202454,-1429.5746725573952
855,-209.52795592648368,0.9888024243577521,0.09257668306255593,4.0,15.0,0.0,211.99504690559817,0.6929671200430245,0.3070328799569755,-0.1231598725558825,0.9116135325372244,-1435.9469125932305
856,-208.05197844679495,0.993101549966979,0.12540548696140866,4.0,15.0,0.0,209.1489927150322,0.4989477352833695,0.5010522647166304,0.11412230924622119,0.2136632169522864,-1427.5452748121083
857,-210.44392955808578,0.9810829942650338,0.19351801147889722,4.0,15.0,0.0,211.9321666546509,0.04428586103659921,0.9557141389634007,-1.1088011501700048,0.14939269490879853,-1430.7693201679097
858,-210.03701459316682,0.9054838162298162,0.23455369859848665,3.0,9.0,0.0,210.44874786231185,0.3477699897434653,0.6522300102565347,0.7638513047296304,0.07357881674462163,-1440.1276620720396
859,-208.88867355914724,0.9886573034256845,0.09257668306255593,2.0,5.0,0.0,209.92415880268894,0.7649307330429734,0.23506926695702657,-0.05897685516843139,0.8438942710716568,-1430.4812701680687
860,-209.800051529438,0.961001600298687,0.12540548696140866,4.0,15.0,0.0,210.91336961897684,0.9015371227166528,0.09846287728334724,0.057739918554102376,1.37711968466852,-1430.8782843538572
861,-211.85369104869972,0.1682952874992499,0.19351801147889722,3.0,7.0,0.0,217.77403935553588,0.10398631498432385,0.8960136850156761,-1.3179220558993956,0.3800950883192709,-1445.414784303595
862,-209.65733444051838,1.0,0.23455369859848665,2.0,7.0,0.0,210.48906099140126,0.13433741265653612,0.8656625873434639,0.8332773808481795,-0.06195911609387167,-1432.7955473334519
863,-209.1745097259999,0.9508492646732439,0.09257668306255593,3.0,7.0,0.0,209.48259449189922,0.7962371129755508,0.20376288702444922,-0.09024064027166329,0.8452626613565651,-1431.739535846727
864,-210.3629635610479,0.9505435835926067,0.12540548696140866,4.0,15.0,0.0,210.8666164050946,0.9246937242082907,0.07530627579170934,0.10004194111563983,1.6438897116786602,-1432.3882064180316
865,-208.69505753599614,0.9482801133593013,0.19351801147889722,4.0,25.0,0.0,214.1355014845158,0.1703652276033638,0.8296347723966362,0.46882951136227774,0.12944947371362608,-1427.8945455749108
866,-208.8000548324325,0.9830332868514922,0.23455369859848665,4.0,19.0,0.0,210.36970670461656,0.862980129953602,0.13701987004639804,0.14108578744315706,0.24965285210069157,-1427.5206676756789
867,-210.4066248824679,0.9823381195545561,0.09257668306255593,5.0,63.0,0.0,211.44750729718163,0.9590766890891025,0.040923310910897515,0.10855644117378749,1.6962755413198818,-1428.5765898219297
868,-210.79913353336264,0.9261760061839469,0.12540548696140866,3.0,7.0,0.0,212.37571558593254,0.9019071962101888,0.09809280378981122,-0.08334389012879048,1.3846688331458161,-1437.7353998491128
869,-209.3634584373912,0.9896189469705756,0.19351801147889722,4.0,15.0,0.0,209.83892791439084,0.0787756250493254,0.9212243749506746,0.5723717817292284,0.08773394852766274,-1427.821561666871
870,-212.083276359377,0.8009548891587571,0.23455369859848665,3.0,11.0,0.0,212.53843175599602,0.02680290766879016,0.9731970923312099,0.3283459649248618,0.3113051552926345,-1439.6540681895517
871,-208.69752362014455,0.9660089681260146,0.09257668306255593,5.0,47.0,0.0,211.31119432974967,0.7699268706224219,0.23007312937757807,0.02401262665502157,0.7656014858308566,-1429.1687379354548
872,-210.4463636668183,0.8570608297338328,0.12540548696140866,3.0,11.0,0.0,213.21294349682623,0.8804088970404076,0.11959110295959241,-0.006140415253131859,0.12963003745653648,-1438.147764812355
873,-208.1680851771105,0.978562410527579,0.19351801147889722,3.0,15.0,0.0,210.55315816817082,0.6038087861268882,0.39619121387311185,0.3467044575155045,-0.15168202059513125,-1427.9699811941232
874,-210.14100410649627,0.849523113730402,0.23455369859848665,3.0,11.0,0.0,214.1186424688376,0.051364448606536946,0.948635551393463,0.4558929529605905,0.056451059078799715,-1430.5483606303112
875,-209.80472971458136,0.813880105999027,0.09257668306255593,3.0,15.0,0.0,211.34382299397032,0.6494979020451324,0.35050209795486764,0.09503103270902419,0.6976891025446841,-1438.6285274869003
876,-210.27480936811668,0.9832335419938466,0.12540548696140866,3.0,7.0,0.0,211.68008957019123,0.9626060417310884,0.037393958268911565,0.09001624213779552,0.1643912251957407,-1429.5327471774362
877,-208.08226912866138,0.9924468174723616,0.19351801147889722,4.0,15.0,0.0,208.49819237170777,0.5296732306394576,0.4703267693605424,-0.04091031910908881,0.34212808982966064,-1427.6783231182574
878,-211.4925557444509,0.8390144754484387,0.23455369859848665,3.0,15.0,0.0,214.71070706786776,0.021490873469858215,0.9785091265301418,0.027132834510819492,0.27699833271402385,-1434.19520123066
879,-209.4519335715659,0.933937835216421,0.09257668306255593,4.0,15.0,0.0,211.99116124342405,0.09562048534854935,0.9043795146514506,0.9648691106810149,0.13576170113385588,-1429.1136015840725
880,-209.61642994869948,0.963731891629758,0.12540548696140866,3.0,15.0,0.0,211.02882575207644,0.9409258112329394,0.05907418876706061,0.2062202026839175,-0.13284340615643137,-1427.964650417692
881,-210.14916798584684,0.6437653201787829,0.19351801147889722,2.0,7.0,0.0,211.53614202958076,0.7972353000990199,0.20276469990098012,-0.016294042897020078,0.08371577953824347,-1439.0646412099818
882,-209.34884347448133,0.9730027861834276,0.23455369859848665,3.0,11.0,0.0,212.97271036012455,0.3021385201983377,0.6978614798016622,0.02589225643917831,0.03295640414951821,-1435.3764201029892
883,-211.43607305732323,0.9876390195984196,0.09257668306255593,4.0,31.0,0.0,212.77490424306973,0.31376724183191507,0.6862327581680849,-0.5201200253108842,0.6432948413090097,-1449.3498910275073
884,-209.84685427931194,0.9822879899996487,0.12540548696140866,4.0,15.0,0.0,210.94776615520504,0.9080598620040139,0.0919401379959861,0.1820653727851404,-0.8617392785112519,-1431.7484970801413
885,-209.01756499040718,0.9515689281906703,0.19351801147889722,2.0,7.0,0.0,213.3227723924232,0.4462200437354049,0.5537799562645951,-0.12488704490160496,0.17162323439094485,-1434.146722711987
886,-208.1678045243109,0.947511516686487,0.23455369859848665,2.0,3.0,0.0,209.70861078199655,0.34122256040459054,0.6587774395954095,0.11380661542517763,0.19896065231389765,-1427.6164407178287
887,-211.70860592178386,0.9918876331623313,0.09257668306255593,2.0,3.0,0.0,211.76505265054908,0.308106408510014,0.691893591489986,-0.5113814954358353,0.6548557997133112,-1451.1582907678053
888,-211.69668676232672,0.8167282520758333,0.12540548696140866,4.0,15.0,0.0,212.6391793562189,0.8437430361847575,0.15625696381524246,0.11811423136950991,-0.8889946609371532,-1447.6582271149678
889,-210.65618559992942,0.9734148283311012,0.19351801147889722,3.0,11.0,0.0,211.51563308394125,0.24495914100188113,0.7550408589981189,-0.6425400675558857,0.1911995459152513,-1443.1154677009251
890,-209.84391709600638,0.9055369206709376,0.23455369859848665,3.0,15.0,0.0,211.77594315230397,0.9226017273743734,0.0773982726256266,0.2236830809823047,0.4489460576343412,-1431.1012154768603
891,-210.72712660958086,0.82201042523262,0.09257668306255593,3.0,15.0,0.0,215.362691262,0.47113404573515044,0.5288659542648495,-0.4455279954732403,0.35026962256365823,-1445.7748446918345
892,-209.92254166862213,0.9407339814927792,0.12540548696140866,3.0,13.0,0.0,212.82517256224708,0.9055189010178695,0.09448109898213053,0.3242246986313716,-0.3831435115765882,-1432.8925945383671
893,-209.0052914029864,0.4594660963452123,0.19351801147889722,2.0,7.0,0.0,214.19539500453723,0.23385002981188055,0.7661499701881195,-0.47767394112117634,0.38785696315939444,-1431.5529329685519
894,-208.68739746478096,0.9069401243253914,0.23455369859848665,3.0,15.0,0.0,211.04982084626505,0.3846323117934294,0.6153676882065706,-0.34147043075583405,0.3789708160131998,-1431.3826842679696
895,-208.7628351141,0.9967783961527262,0.09257668306255593,2.0,7.0,0.0,211.26925000979656,0.3815651183774056,0.6184348816225944,-0.15928107251607532,0.4786304749262599,-1431.8878048638765
896,-211.65592786308457,0.959027838632909,0.12540548696140866,3.0,7.0,0.0,212.82835783985192,0.9774024609394675,0.022597539060532523,0.2898270636500552,0.018487873649096737,-1435.6568373734042
897,-208.2552209457308,0.913698759067037,0.19351801147889722,4.0,15.0,0.0,209.63153906024934,0.28111346051493563,0.7188865394850643,0.017681455856943015,0.21019352461340224,-1427.491845916241
898,-208.89578767770755,1.0,0.23455369859848665,3.0,7.0,0.0,209.0069608751573,0.12742894466379992,0.8725710553362,-0.32065764353752557,0.226278703771655,-1427.6950489493404
899,-208.88420330384847,0.9953117949310122,0.09257668306255593,4.0,15.0,0.0,209.80118886238333,0.2745497864044673,0.7254502135955327,-0.46154697930044125,0.38760086501572755,-1431.4610404048294
900,-211.79675047470818,0.9342433219344591,0.12540548696140866,2.0,7.0,0.0,214.10503085891006,0.9914837064391224,0.008516293560877575,0.22815218611604182,0.03842741300797437,-1430.0140182403009
901,-208.07098821430122,0.9971120795255888,0.19351801147889722,4.0,15.0,0.0,208.33783152035835,0.5063620470214253,0.4936379529785747,0.07373363847522849,0.20161417140588225,-1427.6863736535024
902,-209.13840808131496,0.6273975731442905,0.23455369859848665,2.0,7.0,0.0,211.30554158089527,0.5032711246330559,0.4967288753669441,-0.17670235393819975,0.24320729671441932,-1435.0224298427715
903,-208.59007418466481,0.9796955131799808,0.09257668306255593,3.0,7.0,0.0,209.43851877240107,0.21287717668951003,0.78712282331049,-0.20414523150870176,0.3006609178513986,-1428.4350564609647
904,-209.61134809669142,0.9689122775374905,0.12540548696140866,4.0,31.0,0.0,211.98370003001858,0.21783565311163333,0.7821643468883667,0.6887043624773744,0.17099421514180524,-1435.284406418104
905,-210.78327352823132,0.9409164254205353,0.19351801147889722,4.0,31.0,0.0,211.31421097806,0.9431277148103314,0.05687228518966858,0.035773456075200855,1.8624349951249086,-1432.834437115777
906,-208.5495306963101,1.0,0.23455369859848665,3.0,11.0,0.0,209.7197578680091,0.7844444017493788,0.2155555982506212,0.022975707200212366,0.6802203831937681,-1427.9318748008386
907,-209.6531655709598,0.9876577778766142,0.09257668306255593,5.0,33.0,0.0,210.1611621126714,0.1146401602967596,0.8853598397032404,0.09783034466771615,0.051923764219694635,-1432.4191715968293
908,-208.8404226353794,0.9836489538919126,0.12540548696140866,4.0,19.0,0.0,210.82128107544662,0.7985751980401595,0.20142480195984047,-0.038226500165285365,0.6162402261097893,-1429.6670643939044
909,-211.91032657075607,0.9182307120744042,0.19351801147889722,3.0,7.0,0.0,212.30592302501967,0.9089424215286689,0.09105757847133111,-0.0774192469343071,1.7970464900564562,-1443.8187263269308
910,-208.28070203562177,0.9302569763900537,0.23455369859848665,3.0,15.0,0.0,209.34391856102548,0.505149032744755,0.494850967255245,-0.16079921016694573,0.4024589742318109,-1429.0130190739037
911,-209.00732693229477,0.9949019338959569,0.09257668306255593,3.0,15.0,0.0,211.57754120556078,0.21335257785434839,0.7866474221456516,0.24716345130591955,0.018202457643425388,-1431.389577412397
912,-208.56365179304862,0.9152309519820487,0.12540548696140866,4.0,15.0,0.0,210.30319844507585,0.19656893932957895,0.803431060670421,0.261863767887154,0.09508753922855046,-1427.8906547500396
913,-211.27947518819178,0.5200701898332264,0.19351801147889722,3.0,7.0,0.0,216.5367420070309,0.9885837344054684,0.011416265594531572,0.1549728197775088,1.1076079413458926,-1427.4111293776189
914,-208.5181599313607,0.9343748329174292,0.23455369859848665,4.0,15.0,0.0,208.8640509162481,0.2785993316648043,0.7214006683351957,-0.19999071992551423,0.3583309021924737,-1429.1632361430295
915,-210.2105007448473,0.9670434150962627,0.09257668306255593,5.0,31.0,0.0,211.5887062053384,0.964374306189163,0.03562569381083702,0.12747336164870998,1.2911203444721704,-1427.343474975245
916,-208.19518178429067,0.9945871215094416,0.12540548696140866,4.0,23.0,0.0,210.11704270136528,0.3680588219582175,0.6319411780417825,0.06316352541977402,0.15791693094993883,-1428.0616240962113
917,-212.5532854035626,0.8995964318116477,0.19351801147889722,4.0,19.0,0.0,213.95122862758646,0.9909754567116918,0.009024543288308151,0.2816356504686066,0.35833023054857666,-1435.503716519332
918,-209.2726755586376,0.9306732586695493,0.23455369859848665,3.0,7.0,0.0,210.37423144937787,0.9188456720007987,0.0811543279992013,0.12640139051275567,0.36602284366632415,-1427.5421447532945
919,-208.19750209006483,0.9930883056925651,0.09257668306255593,5.0,63.0,0.0,210.77781213638107,0.3937897544245525,0.6062102455754474,-0.14091060136455072,0.3740795761474319,-1428.1442908829324
920,-208.69725232788448,0.989463662516909,0.12540548696140866,4.0,31.0,0.0,209.11782888827645,0.20397679240685995,0.79602320759314,0.5340283745615371,0.12675607852482637,-1428.8119808898132
921,-208.27850046575094,0.9868578315108659,0.19351801147889722,3.0,15.0,0.0,214.80438645308277,0.4551567259893773,0.5448432740106227,-0.050321255724732686,0.41844119188241424,-1428.9515664956425
922,-208.82518805614885,0.9675086138107998,0.23455369859848665,2.0,7.0,0.0,211.90587019599144,0.7275011011225446,0.2724988988774554,0.23030972850977188,-0.33764455367284,-1431.1905083906229
923,-208.45181548015304,0.9491887636742302,0.09257668306255593,4.0,31.0,0.0,209.49678446820727,0.5377504008716899,0.4622495991283101,0.01139422833919665,0.16193160241193222,-1430.295703314519
924,-208.77251563545087,0.733706077191432,0.12540548696140866,3.0,11.0,0.0,210.9888158664432,0.7117260670141415,0.28827393298585846,0.24201101303348463,-0.327599750789205,-1431.0649683229926
925,-208.55692408374026,0.9972994910040056,0.19351801147889722,5.0,31.0,0.0,208.72867101357613,0.5577774332432966,0.44222256675670335,0.49225756131301196,-0.11963847580032341,-1430.7695580898726
926,-213.56057768728598,0.6187654612436646,0.23455369859848665,4.0,23.0,0.0,216.50239983514646,0.9979812314428685,0.002018768557131456,0.19015765780084248,-2.155301015360554,-1428.3034619270945
927,-208.15882717919456,0.9481436646793896,0.09257668306255593,3.0,7.0,0.0,209.50542373595886,0.3944269982615392,0.6055730017384608,0.042989095267946115,0.17805005606976698,-1427.99004381223
928,-208.43482746393775,0.9041226710066295,0.12540548696140866,3.0,11.0,0.0,210.4581503605256,0.7420497651043316,0.2579502348956684,0.2986612211167126,-0.1042127339269126,-1428.309599759858
929,-208.94630897173903,0.995052022812791,0.19351801147889722,4.0,15.0,0.0,209.5611584544025,0.47451456034516637,0.5254854396548336,-0.316223641159218,0.4297531577064672,-1433.5099997858124
930,-215.07113003169005,0.9681526181874606,0.23455369859848665,2.0,7.0,0.0,216.87322995082124,0.9996359646913393,0.0003640353086606929,0.1730166268619584,-1.9349571953075881,-1427.7000900531193
931,-208.5170737381086,0.9872091370531343,0.09257668306255593,3.0,15.0,0.0,208.9930534926089,0.6567089187442091,0.3432910812557909,0.28293254761003744,0.12067868685699461,-1430.012799815206
932,-209.84705558202606,0.9157106694804943,0.12540548696140866,2.0,3.0,0.0,210.13397025793265,0.796207748556975,0.20379225144302504,0.06351937787496582,-0.1610861647278596,-1436.9841225350974
933,-210.64917932164357,0.686300143821336,0.19351801147889722,4.0,23.0,0.0,212.48547990070216,0.05575944783918033,0.9442405521608197,0.4176767383651545,0.013070606371687138,-1434.6251943108996
934,-214.49508801383303,1.0,0.23455369859848665,2.0,3.0,0.0,215.121383390193,0.9993823361502389,0.0006176638497611409,0.14694504653532425,-1.8564652061058196,-1427.635433570285
935,-209.8162877809758,0.989663666913011,0.09257668306255593,4.0,31.0,0.0,210.7097936875499,0.9156301949532668,0.08436980504673319,0.00912918913427832,0.680080057582054,-1431.271526384414
936,-211.07955711147596,0.9633949838686916,0.12540548696140866,3.0,15.0,0.0,212.2004391782971,0.9664547163314001,0.03354528366859988,0.07809742009493625,-0.8842630376108415,-1433.718939909626
937,-208.6884549848345,0.9202803269689543,0.19351801147889722,3.0,7.0,0.0,210.84163655812588,0.45516919145469764,0.5448308085453024,0.5954846682429439,-0.20605131276494543,-1431.5939886886522
938,-214.80727794754415,0.9994248562385011,0.23455369859848665,3.0,7.0,0.0,215.04881923463662,0.9995805209206662,0.00041947907933381767,0.16890604020065542,-1.687507495540809,-1427.6315523597507
939,-208.25385113268624,1.0,0.09257668306255593,4.0,31.0,0.0,209.88666321142404,0.5797322370272435,0.4202677629727565,-0.09264445706398762,0.398119988122957,-1428.6682579684943
940,-210.42881759299215,1.0,0.12540548696140866,3.0,7.0,0.0,211.21676839519645,0.957660793658967,0.04233920634103305,0.12436635497482237,-0.8917505097559638,-1430.7493215691013
941,-209.1625708164405,0.9844998108222869,0.19351801147889722,3.0,15.0,0.0,211.5690477765832,0.15983693548054342,0.8401630645194565,0.7551119889107945,0.13633067851917535,-1430.4663414290283
942,-216.01596964089805,0.8292933474246262,0.23455369859848665,3.0,11.0,0.0,216.67495325884846,0.9996941332008087,0.0003058667991913122,0.04220232815690694,-1.5977837470458836,-1434.0773930233731
943,-208.50794525565098,0.9962958072275068,0.09257668306255593,5.0,31.0,0.0,208.80988114060452,0.7007752111455207,0.29922478885447934,-0.0011823642520877031,0.6582550376997939,-1429.1569173132148
944,-208.585421582906,0.995664426848908,0.12540548696140866,4.0,15.0,0.0,211.04558552653836,0.7807259271515342,0.21927407284846578,0.2869673045802576,-0.35757736836709597,-1428.4835963855553
945,-208.64620227697785,0.99456707885714,0.19351801147889722,4.0,23.0,0.0,209.63920588793266,0.7993331063541745,0.20066689364582546,0.11632203075389332,0.08215672514337,-1428.617603859072
946,-215.55303530029082,0.9997825737332119,0.23455369859848665,4.0,15.0,0.0,216.1041809694822,0.9997554236970675,0.00024457630293250876,0.21823289440982183,-1.5405514629745403,-1429.4507566579287
947,-208.31301018619453,0.9816243069623609,0.09257668306255593,4.0,15.0,0.0,208.81836765429125,0.5891024795525729,0.4108975204474271,-0.0026392302714525785,0.5017666386645205,-1428.9587836577266
948,-208.0829080414168,0.9992788824963358,0.12540548696140866,4.0,19.0,0.0,208.67507707131207,0.44537009500424285,0.5546299049957572,0.17741012482226237,0.16923707735825327,-1427.6747574544413
949,-208.13170274608447,0.965667707213743,0.19351801147889722,3.0,11.0,0.0,209.1479850974335,0.5413765382931269,0.45862346170687307,0.15169911544909248,0.08906840633995258,-1428.0724979026572
950,-216.27419346431614,0.9660013108573682,0.23455369859848665,4.0,23.0,0.0,217.9798800623973,0.9546584711835254,0.045341528816474574,0.18207543938513088,-3.4443938435004413,-1462.0066131981414
951,-208.56717705194538,0.9326828760070107,0.09257668306255593,3.0,11.0,0.0,209.37651648990823,0.4931579422981838,0.5068420577018162,0.22202443877118058,0.2575240437351016,-1431.0537137715446
952,-209.21362820345604,0.9626182725913601,0.12540548696140866,4.0,15.0,0.0,210.28266763236198,0.09164836008076167,0.9083516399192383,0.8246214853019586,0.10218693622862167,-1427.4282421056016
953,-208.46347724234417,0.9903680841942503,0.19351801147889722,4.0,31.0,0.0,208.68791103909209,0.24130460164350112,0.7586953983564989,0.3836723308394267,0.03239621818222274,-1428.1583393710512
954,-214.45137381407477,1.0,0.23455369859848665,2.0,3.0,0.0,216.7775044088497,0.978887100279752,0.02111289972024799,0.21275492461369908,-3.524262211908278,-1443.817235046378
955,-208.4754503487546,0.9852944076396936,0.09257668306255593,2.0,7.0,0.0,209.13062310722353,0.5727723711307477,0.42722762886925225,0.20580062581071917,0.26305285499573783,-1430.276988912462
956,-209.4900425377246,0.9206080084979643,0.12540548696140866,4.0,21.0,0.0,211.57036649416384,0.356211195701327,0.643788804298673,-0.4252820196162834,0.28424494835204794,-1436.7075406985302
957,-208.46250482578293,0.9845472620628785,0.19351801147889722,2.0,3.0,0.0,208.67589665196357,0.21073976333068464,0.7892602366693153,0.3983270360748097,0.07818999250289452,-1427.474621966099
958,-214.43005785315893,0.8477040731080355,0.23455369859848665,3.0,7.0,0.0,215.73311188365847,0.9869636820444586,0.013036317955541388,0.08467373906133357,-3.6024595634061276,-1439.9479003753033
959,-209.49601461817286,0.9798700306846908,0.09257668306255593,4.0,23.0,0.0,210.13293323187446,0.8547740106803479,0.14522598931965214,0.3548387584303716,-0.38184713816597105,-1432.5003621315673
960,-209.54830273178035,0.8362635340488329,0.12540548696140866,4.0,15.0,0.0,211.3374108312612,0.5012481172938006,0.4987518827061994,-0.36049137639351125,0.6193262585745397,-1437.4887611738209
961,-208.47974193539733,0.9464503317913635,0.19351801147889722,4.0,15.0,0.0,209.0117368854079,0.2795810090818255,0.7204189909181745,0.3700506640385402,0.14838899724887666,-1428.9208967144264
962,-214.71548830419155,0.9805968886079872,0.23455369859848665,2.0,7.0,0.0,215.79466972647316,0.9980098334510948,0.001990166548905159,0.22180356477410815,-3.3311597780914974,-1430.6011707319133
963,-209.82827694397093,0.9937547509566366,0.09257668306255593,4.0,15.0,0.0,210.2506400505371,0.8821408997404362,0.11785910025956381,0.06738903726572815,-0.13272688664479387,-1433.786384310355
964,-208.67348586621236,0.9712423291857815,0.12540548696140866,4.0,15.0,0.0,211.02253848132423,0.6106075518407766,0.38939244815922336,-0.12005744060555965,0.6659017178046671,-1431.14727145597
965,-208.17203602219666,0.9985427204759547,0.19351801147889722,4.0,15.0,0.0,208.67753459672943,0.646677909887673,0.35332209011232696,0.12044407093554842,0.15942213435187946,-1427.769213495611
966,-213.4721194392336,0.9567210129639905,0.23455369859848665,3.0,7.0,0.0,216.64918519157789,0.9854194306474706,0.014580569352529382,0.1709264222203528,-3.217765478517879,-1436.3396557559881
967,-209.39561440298482,0.9466522257770471,0.09257668306255593,4.0,15.0,0.0,210.7784037079394,0.6827283075708012,0.31727169242919884,0.49819042516402556,-0.4563118489682582,-1435.493078065357
968,-209.77852115123775,0.960697539322118,0.12540548696140866,4.0,15.0,0.0,210.7891603080719,0.20515998669704844,0.7948400133029516,0.9046286331310069,-0.14594529667686132,-1435.8459081205485
969,-208.96920457162736,0.9076012437745107,0.19351801147889722,3.0,15.0,0.0,209.73975234740647,0.8563624763058251,0.14363752369417493,0.28011373657514566,-0.22918736234980247,-1428.9196534877842
970,-213.52826387983058,0.9315741802043317,0.23455369859848665,3.0,7.0,0.0,214.95895182122646,0.9933571045779166,0.006642895422083406,0.15101378941455632,-3.2310989876344745,-1431.2837213502346
971,-209.02119157623952,0.9894620483684049,0.09257668306255593,2.0,7.0,0.0,211.06903717083472,0.7795374289252729,0.2204625710747271,0.1515109784195763,-0.24278337927497706,-1431.6313990256533
972,-209.10997922584303,0.9349209139165874,0.12540548696140866,3.0,15.0,0.0,210.7842034928052,0.2731598639151736,0.7268401360848264,0.4737612091802153,-0.10846773952556141,-1433.1085073142597
973,-208.72587563505334,0.9930085838245354,0.19351801147889722,2.0,7.0,0.0,209.34576379191648,0.8489091920827925,0.15109080791720753,0.20908463468425972,-0.04667606725645482,-1427.60134008384
974,-209.04291550950813,0.6915226663512616,0.23455369859848665,4.0,19.0,0.0,216.48584297382138,0.8865237472472965,0.11347625275270345,0.2422367105135034,-0.4061097032285499,-1427.959814839681
975,-208.0888551497688,0.9742937318502234,0.09257668306255593,4.0,23.0,0.0,209.60782146817482,0.5723874890665487,0.4276125109334513,0.19238422117487322,0.14450975305591796,-1427.6543911110896
976,-209.09533933097336,0.7993915235061837,0.12540548696140866,2.0,3.0,0.0,210.7337928935078,0.4181424484004008,0.5818575515995992,0.3904369307055788,0.1916962176984115,-1434.4522209646664
977,-209.667052401497,0.9069933979764668,0.19351801147889722,3.0,7.0,0.0,210.85124498312106,0.9469871335927781,0.053012866407221915,0.1733072898245888,-0.2984583653622266,-1427.559972597766
978,-210.9961208251546,0.9475875850034864,0.23455369859848665,3.0,15.0,0.0,212.0838879772197,0.9438892012048788,0.05611079879512115,0.29377537081974814,-1.3838051117023886,-1435.4853913449383
979,-208.15358738919153,0.9740824479487378,0.09257668306255593,1.0,3.0,0.0,208.38242427657082,0.5773042783738891,0.4226957216261109,0.11172858376691912,0.136628413167101,-1428.1038351623436
980,-209.73712261834987,0.9661797277299886,0.12540548696140866,3.0,15.0,0.0,210.60743022710656,0.12005176819381436,0.8799482318061856,0.37517043726421756,0.003352596941433937,-1433.164440188147
981,-210.38168414501962,0.9121891632457075,0.19351801147889722,2.0,7.0,0.0,210.7353019353379,0.9143572078142902,0.0856427921857098,0.058914913198841456,-0.2982455570161763,-1435.590613890218
982,-210.96274714431428,0.999839399425216,0.23455369859848665,2.0,3.0,0.0,211.09525688900507,0.9497926540336498,0.050207345966350236,0.14295908699554,-1.38697759200115,-1434.579293135939
983,-208.4360761978433,0.9744836638905473,0.09257668306255593,2.0,3.0,0.0,208.52479441558123,0.580919960397038,0.41908003960296203,0.037438353272241764,0.15028604367159276,-1430.0451703037936
984,-209.9555209740531,0.9921825438896832,0.12540548696140866,2.0,7.0,0.0,210.47847018961963,0.0701436946659231,0.9298563053340769,0.397589402709202,0.2312549410395409,-1431.2809660959363
985,-209.81130860698894,0.9776437565461119,0.19351801147889722,4.0,31.0,0.0,212.03188776573518,0.560345512272153,0.439654487727847,0.6095977101974538,-0.4202532669656517,-1439.174258720824
986,-210.96274714431428,0.3299627392055127,0.23455369859848665,2.0,3.0,0.0,216.3011038772931,0.9497926540336498,0.050207345966350236,0.14295908699554,-1.38697759200115,-1434.579293135939
987,-210.60581084265976,0.8787012287547931,0.09257668306255593,3.0,15.0,0.0,211.48986785256744,0.4552270551865421,0.544772944813458,0.31350317744782363,0.36757966154467775,-1444.9800736342286
988,-208.29327532470106,0.998651174631723,0.12540548696140866,4.0,15.0,0.0,210.09399541061975,0.6013427231304143,0.39865727686958574,0.13040613225226697,0.060495095590102216,-1428.955172093482
989,-209.09682694493594,0.9425926847787166,0.19351801147889722,4.0,15.0,0.0,210.37687028663936,0.4709538060483675,0.5290461939516324,0.6630884131980953,-0.2202979231588091,-1434.3686159474041
990,-211.78460621200662,0.9831837065344914,0.23455369859848665,3.0,7.0,0.0,212.05490688029406,0.9897734273862374,0.010226572613762586,0.22803933778298713,-1.3493934724106433,-1429.6114392821983
991,-209.18215604360387,0.9831372035371034,0.09257668306255593,4.0,31.0,0.0,211.8409410310161,0.5422995831800473,0.45770041681995266,-0.0042589942884572185,0.07246110128163656,-1435.34879438135
992,-208.44514955215598,0.9991222261796799,0.12540548696140866,4.0,15.0,0.0,208.76478063155076,0.42970241256078395,0.570297587439216,0.5439676379473662,-0.032904813453696266,-1429.917550601136
993,-208.38169551611827,0.8719894984989203,0.19351801147889722,4.0,27.0,0.0,209.45846803751706,0.5452967812811496,0.45470321871885044,-0.13268286266160464,0.5424252092273965,-1429.5473923052602
994,-211.9373526864837,0.888710790865583,0.23455369859848665,1.0,3.0,0.0,212.8810526786295,0.9836401575554907,0.016359842444509276,0.28617454690010935,-1.309367726860169,-1433.9352546567197
995,-209.08365675923653,0.9952915433717485,0.09257668306255593,3.0,15.0,0.0,209.8935929517447,0.5970829468566246,0.40291705314337545,0.2417876290813404,0.31861950094265507,-1434.3189528656935
996,-208.49084983993382,0.9027932736123547,0.12540548696140866,3.0,7.0,0.0,209.1867443381116,0.4506037882976949,0.5493962117023051,0.5487772750589077,-0.18265174352042346,-1430.2709897563932
997,-208.30175259499737,0.9231635405368276,0.19351801147889722,3.0,15.0,0.0,209.6721265429236,0.6594220396801364,0.34057796031986365,0.2556744441120188,0.0961843307845561,-1428.5163468107417
998,-214.01358586144048,0.9764614692996384,0.23455369859848665,4.0,15.0,0.0,214.60658269387648,0.996500224320767,0.003499775679232986,0.023625476143457003,-1.5850038880807682,-1437.0957917443602
999,-208.2560775618655,0.9967627366655843,0.09257668306255593,4.0,31.0,0.0,210.1674215761166,0.4012474465914379,0.598752553408562,0.2661874531084544,-0.0009313819414986206,-1428.6697984957668
