draws,lp__,accept_stat__,stepsize__,treedepth__,n_leapfrog__,divergent__,energy__,rho.1,rho.2,gamma.1,gamma.2,nu.1,nu.2,mu.1,mu.2,log_prob_data
0,-411.69553587417266,0.998437527204034,0.1561688010514578,3.0,7.0,0.0,418.5127403707408,0.21313814856128455,0.7868618514387155,0.14214281853504457,0.8578571814649554,0.7983729345242805,0.06961683493253634,-0.4404613920178346,0.2227483539545566,-2816.2575946585266
1,-411.58489827730256,0.9438187763170629,0.17433156462820298,4.0,15.0,0.0,413.210961986957,0.15533777535050375,0.8446622246494963,0.0924234201414232,0.9075765798585768,1.0003232728187337,0.008707111457113115,0.11851577393551609,0.15579152336294752,-2811.081268366175
2,-410.83339406628056,0.9730330282485694,0.11939575064939824,4.0,31.0,0.0,414.1097485585517,0.4979402357587941,0.5020597642412059,0.6117558770773635,0.38824412292263655,0.013192658309715458,0.2590616200367458,-0.1911492624846354,0.5282023406052755,-2818.099496789959
3,-412.03540582270637,0.9624548675308063,0.13148801768081522,4.0,15.0,0.0,416.4598418307201,0.27135751931130647,0.7286424806886935,0.2591753289138763,0.7408246710861237,0.2937333706105353,0.24927682992405858,0.657327539545493,0.1317516982671641,-2823.1273401102962
4,-411.58402659330477,0.9777787334170326,0.1561688010514578,5.0,31.0,0.0,413.1293764409916,0.8701410567590104,0.12985894324098957,0.1946861613028778,0.8053138386971221,0.5675871650335926,-0.006581938902936516,0.25613299708650844,-0.5539716081282596,-2814.660869053369
5,-412.3837780795664,0.8171647431544307,0.17433156462820298,4.0,15.0,0.0,413.7714285049655,0.25675253874634824,0.7432474612536517,0.1273110411512746,0.8726889588487254,1.0861912505725888,0.19368496540061417,0.16046965611580818,0.10402282113259459,-2820.9433308350112
6,-409.71279092989533,0.9711319155324888,0.11939575064939824,3.0,15.0,0.0,412.6841636324505,0.5221710815815167,0.4778289184184833,0.323851633737218,0.6761483662627821,-0.08591682388911707,0.3172598843864302,0.2515057732528268,0.07848958123823395,-2809.9611075272487
7,-412.5570228896955,0.9584286613941431,0.13148801768081522,4.0,31.0,0.0,415.19183452075066,0.032928206029875506,0.9670717939701245,0.3096166320269718,0.6903833679730282,0.13339085138874818,0.03554904929082099,0.7388901225031049,0.0894707082562526,-2814.879595238765
8,-413.9051583450411,0.9141823073462599,0.1561688010514578,4.0,15.0,0.0,415.43165753218,0.987810506265651,0.012189493734348966,0.44352843144261395,0.556471568557386,0.5128153963959291,0.005699934053988061,0.04964705456164766,-0.21687989087938833,-2818.6923846675986
9,-413.3999823558751,0.958183362964401,0.17433156462820298,4.0,15.0,0.0,414.0975101001332,0.3318660735084947,0.6681339264915054,0.12258844712863048,0.8774115528713695,1.1494832702552458,-0.17322018939322315,0.017258193809155546,0.27707591504421486,-2828.6252241803345
10,-412.2739706371453,0.9414119913396457,0.11939575064939824,4.0,15.0,0.0,413.1380275983562,0.5695515728030806,0.43044842719691945,0.9214111153424128,0.07858888465758718,0.11626614704560433,0.21868454954604413,0.38589252325720236,0.1909289823449456,-2819.8280764635474
11,-414.2692639660167,0.9157204390322783,0.13148801768081522,3.0,7.0,0.0,414.65895403583676,0.026666551311845112,0.9733334486881549,0.37857021811967495,0.621429781880325,0.3620146295501919,0.29041515046986927,0.8681050649119434,0.22294232544747336,-2825.57216115454
12,-418.14969779336263,0.8235966728698665,0.1561688010514578,3.0,15.0,0.0,421.78476611254354,0.9954561547741232,0.004543845225876808,0.06545277341424013,0.9345472265857598,0.6934411435026431,0.06425746611697425,0.36921263490137884,-0.4766445839727525,-2831.15027204296
13,-413.4377254385384,0.9306315230098278,0.17433156462820298,4.0,23.0,0.0,416.74153368947367,0.3865655285752333,0.6134344714247667,0.06321917075973046,0.9367808292402695,-1.3101465989616583,0.3723811323410553,0.17576208767981188,0.0806241731835915,-2824.8268290075016
14,-411.4113040227469,0.7792378345742376,0.11939575064939824,4.0,15.0,0.0,414.64198228087537,0.19938463180135563,0.8006153681986443,0.1371922218658577,0.8628077781341423,-0.03269773126337862,0.10082645593639727,-0.29485478809967336,0.24361451204818055,-2814.3768867536382
15,-413.5867541456366,0.946741948323681,0.13148801768081522,3.0,15.0,0.0,418.9915538273195,0.011649636492140687,0.9883503635078593,0.43071538103842943,0.5692846189615706,0.46682635290690133,-0.1569168907764042,1.1311788479854554,0.0656397542045569,-2815.0903633838693
16,-410.0445047236541,0.9603888287978157,0.1561688010514578,4.0,15.0,0.0,419.5925241508187,0.5632516637237475,0.43674833627625254,0.32854016095800653,0.6714598390419935,0.11747692385860206,0.21569255900359044,0.28431344727493585,-0.10556658655859633,-2812.2275993715534
17,-412.14889838782943,0.9972093450233305,0.17433156462820298,3.0,15.0,0.0,414.6210877931981,0.4408349510181158,0.5591650489818842,0.1318149109664366,0.8681850890335634,-0.947666159734682,0.17798799658415668,0.3405568662170547,0.008564934953474275,-2821.4731326242268
18,-410.8854173729534,0.7748133802861614,0.11939575064939824,3.0,15.0,0.0,415.385160749216,0.39318046483902636,0.6068195351609736,0.14362144546438788,0.8563785545356122,0.2959281800452027,0.2023757982038576,-0.13091530795942583,0.27270765431820276,-2813.731020038867
19,-412.8207337879776,0.988485439435887,0.13148801768081522,4.0,31.0,0.0,416.06671151425496,0.141897043501261,0.858102956498739,0.11783417116274149,0.8821658288372585,-0.6069329201894009,0.31600828102056344,1.0467201623580442,-0.000491144101617793,-2820.130572891158
20,-410.85735239069925,0.9028735014061018,0.1561688010514578,2.0,7.0,0.0,412.68856643280367,0.5221556980006603,0.4778443019993397,0.11253889847402634,0.8874611015259737,0.20547961532436743,0.1994311947627795,0.3853523792060518,-0.02590202247348511,-2812.3982737634965
21,-412.0674338575868,0.959459227384853,0.17433156462820298,3.0,15.0,0.0,416.3870576111434,0.9107286519573322,0.08927134804266779,0.26497163591610573,0.7350283640838943,0.18589133712846523,0.1435944935401583,0.06567184093903472,-0.30261078753268655,-2817.6940156795818
22,-413.4664939326222,0.9495810206327123,0.11939575064939824,4.0,23.0,0.0,416.4621984637534,0.2695405008498365,0.7304594991501635,0.6493805318229461,0.3506194681770539,0.27697977074854374,-0.3259828664874958,0.7976753356894175,0.18421351362087893,-2833.9406946742483
23,-411.9114703691545,0.9766018692712257,0.13148801768081522,4.0,31.0,0.0,415.1459629061974,0.23674595193628747,0.7632540480637126,0.19320170962146424,0.8067982903785358,-0.5124085668001191,0.4041617385694751,0.6807455794671949,-0.02369811654409233,-2819.9570863739855
24,-410.6916087640809,0.9317205483444567,0.1561688010514578,4.0,15.0,0.0,412.1976463888881,0.3201304904539126,0.6798695095460874,0.655777071633467,0.344222928366533,0.23828667102866075,-0.2634316447396317,-0.17439474144033962,0.3119228061897603,-2815.922896848597
25,-412.6582175195979,0.9536234503516064,0.17433156462820298,4.0,15.0,0.0,415.2624419499533,0.9066935113949713,0.09330648860502866,0.8306938724043245,0.16930612759567554,-0.030151162407409775,0.8259865751893186,0.295179461647524,0.22673428045170688,-2819.221734889242
26,-410.57718650977046,0.9329228121343974,0.11939575064939824,4.0,23.0,0.0,417.1895869440888,0.22317342277787458,0.7768265772221254,0.447949133237274,0.552050866762726,0.22790227098887927,0.1711149555995712,-0.3599156938775189,0.3019599388306006,-2814.149795806368
27,-412.61278003359837,0.9494536406408306,0.13148801768081522,4.0,31.0,0.0,414.83149995959775,0.040431381584378756,0.9595686184156212,0.35135347936238215,0.6486465206376179,0.37810720442526435,0.2298535232431362,0.10976447480793948,0.13320887552938376,-2817.3717226956715
28,-410.4685854940704,0.97253777030766,0.1561688010514578,3.0,11.0,0.0,413.29637950535454,0.7828344291194042,0.21716557088059585,0.40149255928002786,0.5985074407199722,0.5297199722640717,-0.007733741744178735,0.14823693114951011,0.4550728303633901,-2812.886701421621
29,-414.45679254400255,0.6493736040700309,0.17433156462820298,3.0,15.0,0.0,417.31122656873987,0.8868282868606255,0.11317171313937446,0.9427492282514387,0.0572507717485613,-0.08560411448754132,1.0726316494973747,0.1234806802803432,0.6970274842241849,-2825.487433173754
30,-410.9150353871841,0.9912185738926478,0.11939575064939824,4.0,31.0,0.0,412.1831199049211,0.6543934733811113,0.3456065266188887,0.8303960261688423,0.16960397383115766,0.03438894170276346,0.5448329978610534,0.359035924569999,0.038545364704379394,-2814.322016017802
31,-412.77176656295944,0.9071414103075216,0.13148801768081522,3.0,7.0,0.0,416.2143409327794,0.04383255847931794,0.956167441520682,0.27338585091106743,0.7266141490889326,0.31672958762601955,0.12750369996185978,0.0626956821450513,0.026602741137724456,-2818.1443731015643
32,-413.64285733001316,0.6242522516508642,0.1561688010514578,3.0,15.0,0.0,418.8013821867538,0.11841205571398766,0.8815879442860124,0.03562826671583826,0.9643717332841617,-0.38826816457211843,0.3025617389294554,-0.3399462941064934,0.21566009187553947,-2818.1002887477052
33,-410.8812798907206,0.9062576710605443,0.17433156462820298,4.0,15.0,0.0,418.05647129672974,0.8315843337830994,0.16841566621690063,0.6829916076135879,0.3170083923864121,0.12732664776941668,-0.06873528259713571,0.22424584855656335,0.08290905458813615,-2814.0514719163994
34,-412.3860976961231,0.9774105198485813,0.11939575064939824,4.0,31.0,0.0,413.91428912798216,0.8044448368089041,0.1955551631910959,0.13150077213190278,0.8684992278680972,1.0330299991782796,-0.03034055513836239,0.08932755187366566,-0.16576136678285436,-2819.9454075944373
35,-412.41671749291476,0.8943990419242334,0.13148801768081522,5.0,31.0,0.0,416.81303025134656,0.8403752140791563,0.15962478592084373,0.9333584154451391,0.06664158455486091,0.30516158865553694,-0.413647467181646,0.13903014910936592,-0.017498686065910637,-2815.5665540785053
36,-411.8227743830575,0.8659877306919842,0.1561688010514578,3.0,15.0,0.0,416.43522054534066,0.042161717565034854,0.9578382824349652,0.2567580881106623,0.7432419118893376,-0.32210818476066266,0.3253610918575701,0.05022879520226477,0.12644651331384463,-2810.9630822317204
37,-411.0602864034504,0.9998596950399332,0.17433156462820298,3.0,15.0,0.0,411.9508440136214,0.45233923281207733,0.5476607671879227,0.07522273478196538,0.9247772652180346,0.8633475008690336,0.08948539669373456,0.12818685551058664,0.2892683609245619,-2810.7150209964443
38,-416.3342541242727,0.9479522387068345,0.11939575064939824,5.0,47.0,0.0,419.0876116290043,0.9702800552182522,0.029719944781747776,0.6238841238071026,0.37611587619289744,0.07949012849609723,0.862389233346306,0.20047894817331463,1.683758776002412,-2838.2953721884032
39,-411.9665955134056,0.44082437244871725,0.13148801768081522,2.0,3.0,0.0,416.94732602036913,0.8191994046042717,0.18080059539572835,0.8786295409424598,0.12137045905754018,0.3512239795615276,-0.51861771284311,0.27895577225263263,-0.08180792664709584,-2816.6987188859416
40,-416.2507354903578,0.8250970164829156,0.1561688010514578,4.0,15.0,0.0,417.69850226946653,0.17317933313258,0.8268206668674201,0.030420435865683697,0.9695795641343163,-0.8263148859362968,0.0700632567402889,-0.9653767292684334,0.34161776744227346,-2836.0933360775966
41,-412.2406594060229,0.7345188913797039,0.17433156462820298,5.0,31.0,0.0,415.76028983148956,0.7836466212619815,0.21635337873801852,0.9623658930010134,0.037634106998986616,0.11017755483119172,1.116782532808045,0.10021382995373193,0.05298035435550397,-2811.3789696056565
42,-415.2994354222537,0.9989918475341556,0.11939575064939824,4.0,15.0,0.0,417.7090745286938,0.9562169715694097,0.04378302843059034,0.19559074199937643,0.8044092580006236,0.47274655812771793,-0.109574175954324,0.18541687589854228,1.9486721597549377,-2830.579677709366
43,-412.48503991289135,0.9522118792055683,0.13148801768081522,4.0,23.0,0.0,413.57542460053355,0.14837755706515143,0.8516224429348486,0.19835720244267144,0.8016427975573286,-0.007383713936984455,0.38568835383027955,-0.08226000058544997,0.2604344584703112,-2822.1615499355175
44,-417.15478234267295,0.74875790319167,0.1561688010514578,2.0,7.0,0.0,422.1182332665211,0.12598170154956223,0.8740182984504378,0.03390013099206595,0.9660998690079341,-0.8316479628993712,0.042800534349446966,-0.871356696367368,0.09081192745196626,-2841.48484497061
45,-411.73980632647675,0.9776984122852106,0.17433156462820298,4.0,15.0,0.0,412.6674254487237,0.7709430464949192,0.22905695350508082,0.8734587205219211,0.12654127947807892,0.06745454083202611,1.2450191146825074,0.28396226191756896,-0.00941759518249438,-2815.594016781944
46,-413.4963070638607,0.9660338090216084,0.11939575064939824,3.0,15.0,0.0,417.09205759248323,0.9548010006275583,0.04519899937244165,0.5492640634801729,0.45073593651982713,0.45332814410474415,-0.07590196225124964,0.038609505491472615,1.9231124882126935,-2821.599987030086
47,-414.7339652691578,0.8246105174518165,0.13148801768081522,3.0,7.0,0.0,418.684725551825,0.1272064829543557,0.8727935170456443,0.7698861293464224,0.23011387065357758,0.4526827272335584,0.1822982565789161,-0.26989839552375877,0.22052763915359153,-2837.431752892929
48,-416.29080760974153,0.9411521717313722,0.1561688010514578,4.0,23.0,0.0,421.7454629506126,0.4551554808744019,0.5448445191255982,0.42646952998381693,0.5735304700161831,0.5913216756734649,-0.12401068615510466,0.6260237083969569,0.31613682159820733,-2855.535938628098
49,-412.9599961112848,0.6639953729228367,0.17433156462820298,3.0,7.0,0.0,414.0874291317904,0.7271901527064993,0.27280984729350066,0.7436176332612222,0.2563823667387778,0.009925851426080462,1.1378459019447102,0.10195434142247749,0.0039085938867437775,-2828.8776517765846
50,-416.04184660228606,0.941377169142499,0.11939575064939824,3.0,15.0,0.0,417.9538417842728,0.9867499715057133,0.013250028494286692,0.860804739611349,0.13919526038865104,0.09848944983006044,-0.2326766204230977,0.2877674216929656,1.9122922236120035,-2826.0148277631733
51,-415.6204699462528,0.997467729494795,0.13148801768081522,4.0,15.0,0.0,419.03669051489635,0.5596707345916634,0.4403292654083366,0.13432265134931587,0.8656773486506841,-0.3846052856897593,0.4621535655858367,0.5392902785778878,0.0896240895212949,-2845.895223559807
52,-415.343926140646,0.9766237173864835,0.1561688010514578,3.0,7.0,0.0,417.1368870222486,0.4385386735391775,0.5614613264608225,0.42092019541940706,0.5790798045805929,0.5120492166505491,-0.12617058706015244,0.5785196002273302,0.32894249844142465,-2849.039106945649
53,-413.5341102821781,0.9956530654121698,0.17433156462820298,4.0,23.0,0.0,416.49932845881034,0.665902140265289,0.33409785973471096,0.987559425530981,0.012440574469019028,0.17852611608351288,1.5935429558745726,0.29060065597166285,0.1632432564596656,-2813.5050473636966
54,-416.68421006810615,0.9995661500240289,0.11939575064939824,5.0,31.0,0.0,417.18732182508234,0.9934889934828517,0.00651100651714831,0.1313298467847212,0.8686701532152787,-0.5606026205324866,0.142608311312278,0.28233523089870316,2.118458426577092,-2824.3034941873234
55,-411.68386997804606,1.0,0.13148801768081522,2.0,3.0,0.0,416.07217874768145,0.46052756060938554,0.5394724393906145,0.19517284534085333,0.8048271546591467,-0.37777834073042565,0.3768745972535838,0.5132999780297529,0.05380547723066285,-2820.929942821667
56,-417.3163391418111,0.9694192357271658,0.1561688010514578,3.0,7.0,0.0,420.2539341240745,0.06812057760861365,0.9318794223913863,0.3989877928164768,0.6010122071835232,0.7973865850310002,-0.34707518492620454,0.5938177674132968,-0.11699713089387895,-2852.8409162433904
57,-412.35827003311175,0.9782343431454359,0.17433156462820298,4.0,23.0,0.0,414.6130992339902,0.5595135721183367,0.44048642788166326,0.7903055879346825,0.20969441206531747,0.02174930512268763,1.1096205625051898,0.1812490124764107,0.40295109219795416,-2825.146867445832
58,-416.48966764984874,0.9599328110549764,0.11939575064939824,5.0,31.0,0.0,420.1061736067577,0.9892748193880411,0.010725180611958929,0.23173346433488792,0.768266535665112,-0.6395666288611489,0.23134792411603988,0.2826291135090625,1.9770736925847765,-2829.8415910379886
59,-414.1925827701818,0.9828945417193273,0.13148801768081522,4.0,31.0,0.0,416.09225645508417,0.08447048456686562,0.9155295154331344,0.027691451281811122,0.9723085487181888,-1.5510509641845596,0.1360945581626711,-0.45742108487527633,0.25932885504372166,-2816.1582836399466
60,-417.7460010197468,0.9698574402703531,0.1561688010514578,4.0,15.0,0.0,424.57261883387554,0.03134057073045582,0.9686594292695442,0.8219031221489078,0.17809687785109218,0.027614098088491842,-0.04690705611192156,1.4614961568570122,-0.1077166572268494,-2846.4161303626943
61,-417.10470466023935,0.8848175995649916,0.17433156462820298,3.0,15.0,0.0,418.6545590221188,0.14147736841528996,0.8585226315847101,0.9841547642660298,0.01584523573397023,0.007921921762782093,1.8085608058320601,-0.01563642462534062,0.41269124193271894,-2834.980753606848
62,-416.3353637231168,0.9950692935131983,0.11939575064939824,4.0,31.0,0.0,418.9514193016044,0.9853299858585594,0.014670014141440646,0.017855352913194615,0.9821446470868054,-0.09704662061157575,0.11720595329400271,0.17020659890144763,2.37875583800847,-2813.8142992523026
63,-413.9086780389902,0.9481207960497973,0.13148801768081522,5.0,63.0,0.0,417.04549213280814,0.9612040249735856,0.03879597502641441,0.8032345443822576,0.1967654556177424,0.25848387268887363,-0.5613496041307633,0.3054176494068778,-1.1179152559540309,-2822.226981598921
64,-417.9551007507576,0.9953817275220073,0.1561688010514578,3.0,7.0,0.0,420.67453819083477,0.008586744236921063,0.9914132557630789,0.4367112768097083,0.5632887231902917,0.061874897739423035,0.24222955101905141,1.5969802540148852,-0.10921320088190543,-2842.2539223007434
65,-413.48995417094403,1.0,0.17433156462820298,4.0,15.0,0.0,418.96778791398646,0.9512211058541156,0.04877889414588443,0.04985480242982471,0.9501451975701753,-0.13912743679707534,0.10106682350450186,0.07575356356639919,0.44730916778552043,-2813.806987284919
66,-415.96780749626754,0.9721860788929472,0.11939575064939824,5.0,31.0,0.0,417.66035153432244,0.9902457573044536,0.009754242695546367,0.9480077544140613,0.051992245585938734,0.056315100951844846,1.6381831814559067,0.11040127183003325,2.282744791864657,-2813.730142618735
67,-413.26894218972876,0.8953937290093825,0.13148801768081522,4.0,31.0,0.0,416.98603129162086,0.9854454852072614,0.014554514792738615,0.6477457992744028,0.3522542007255972,0.3064847438557817,0.05660180725075917,0.25627120833440054,-0.4510876845414236,-2814.917053184704
68,-416.81812692240317,0.9892252909996555,0.1561688010514578,3.0,13.0,0.0,419.6880289288535,0.01206776340247702,0.9879322365975229,0.4429577496907059,0.5570422503092941,0.312266352232429,0.011660260913684418,1.0865217942911474,-0.09233063911057901,-2837.902984958853
69,-411.327006101083,0.8946199024753284,0.17433156462820298,4.0,31.0,0.0,415.461166859402,0.5817380741622235,0.41826192583777655,0.7450465498995676,0.25495345010043236,0.42780061588148677,-0.2535766421087733,-0.09138763103966513,0.507743615849802,-2819.6659693509114
70,-415.31407380813675,0.8704503280929933,0.11939575064939824,5.0,31.0,0.0,417.99218236511786,0.9877467967182733,0.012253203281726743,0.48169570687432095,0.518304293125679,0.3561728712100747,-0.34435580774638497,0.19541049635503152,1.8051858738034687,-2825.750971712863
71,-416.5694495920146,0.7985566195274336,0.13148801768081522,3.0,15.0,0.0,418.5669772173889,0.9590427282618226,0.040957271738177425,0.6137553619676361,0.38624463803236386,0.09934164449329883,0.08230240967917775,-0.09052634216074004,-0.31845213619595647,-2845.1467622488694
72,-415.44134091497455,0.9955247601729643,0.1561688010514578,3.0,11.0,0.0,419.76446931549094,0.010585807369931276,0.9894141926300687,0.12924443063526575,0.8707555693647342,0.6605336666926638,0.06483560134167533,0.6990224583352089,0.31942206360671116,-2822.2954771543946
73,-411.4937032519979,0.7470997015872692,0.17433156462820298,2.0,3.0,0.0,412.9258461133813,0.5768296003522898,0.4231703996477102,0.709805278170948,0.29019472182905204,0.16779018286073705,-0.2660919970246586,-0.11365256418366491,0.5444258663245516,-2821.4899989918076
74,-414.5112301836564,0.7397812309789067,0.11939575064939824,4.0,31.0,0.0,420.81635261786386,0.8794703622966162,0.12052963770338376,0.8402080524739838,0.15979194752601622,-0.08205605996540583,1.030959094649186,0.0016004716866099278,1.4845877061784314,-2831.141740730081
75,-419.15257105880426,0.7411166533023312,0.13148801768081522,2.0,3.0,0.0,422.9293942972946,0.9656403337704,0.03435966622959996,0.5539534669687263,0.44604653303127373,0.38108554474606565,0.013054549196963812,-0.1534185121000553,-0.30631368647025353,-2861.992731371243
76,-415.3544537552497,0.7924850970208046,0.1561688010514578,4.0,15.0,0.0,419.45945522636157,0.017208269106509636,0.9827917308934904,0.2794344302499772,0.7205655697500228,0.6201154615870228,0.11713281033048777,0.4259721132246642,-0.02143652692112164,-2829.413122908119
77,-416.1442335255757,0.7161154056581854,0.17433156462820298,5.0,31.0,0.0,418.6387082064523,0.07552071117752955,0.9244792888224704,0.998695047320625,0.0013049526793750266,0.13485805674304946,0.6523086163525826,-0.2335402688421033,0.1950203341251758,-2809.884420349771
78,-414.8981248083711,0.8920336055605549,0.11939575064939824,4.0,15.0,0.0,418.4715718471739,0.9859496764628394,0.014050323537160625,0.8365944297628147,0.16340557023718527,0.1855257486993326,0.758070059124824,0.20163807590406008,1.7999783762828347,-2819.350031021467
79,-417.62307672563685,1.0,0.13148801768081522,3.0,7.0,0.0,420.1706245372983,0.9533371093549409,0.04666289064505913,0.5211954997365842,0.4788045002634158,0.05813500327498741,0.12821687002144416,0.4938586735789684,-0.5429164823028206,-2853.2661520291344
80,-413.5081224684018,0.9296420696417197,0.1561688010514578,5.0,31.0,0.0,419.7707295259378,0.9701624365827944,0.02983756341720556,0.725182116759487,0.27481788324051304,0.03730004606315581,0.6244606304847977,0.07413433588429724,-1.0958958476657867,-2819.4219811782573
81,-414.0002512076677,0.8811695198693514,0.17433156462820298,4.0,15.0,0.0,417.58969377922233,0.881486805773722,0.11851319422627804,0.18002442601189722,0.8199755739881027,-0.6556450704261466,0.08506624632641288,0.19202825885512292,0.2858874468338441,-2830.513288383128
82,-414.0210353399731,0.9763970717056583,0.11939575064939824,3.0,15.0,0.0,415.9666381953653,0.9814290422388694,0.018570957761130602,0.8714883424936695,0.12851165750633053,0.09809493082184816,0.9506694485824047,0.12907143690930048,1.9195348491881685,-2813.183416370646
83,-412.12137428280147,1.0,0.13148801768081522,2.0,7.0,0.0,417.97655834666745,0.9605526039322116,0.039447396067788354,0.5880677003637258,0.4119322996362742,0.02336498596956066,0.20664891830900267,0.25953537419694517,-0.49866988658806094,-2814.120174396708
84,-413.5877898573081,0.9919210183355162,0.1561688010514578,4.0,23.0,0.0,415.77874718271215,0.9793325403480575,0.0206674596519425,0.23101133951486608,0.7689886604851339,0.009921121044353817,0.11234049939598792,0.20496825026048648,-1.5812942274623407,-2815.8797154525787
85,-413.34072978532964,0.916584441684327,0.17433156462820298,3.0,15.0,0.0,416.8748272168764,0.34544435330747475,0.6545556466925253,0.03558395974629831,0.9644160402537016,-0.4418954328334645,0.22757481754488085,0.18503748511841855,-0.07522204035468258,-2821.4453214590885
86,-413.80304939348525,0.993493145305057,0.11939575064939824,5.0,39.0,0.0,415.98671493311315,0.9720803808593511,0.027919619140648888,0.9434882536736541,0.056511746326345924,0.12299263172957989,0.9214826599551528,0.1588882933849397,1.376361599123197,-2810.8819811514004
87,-411.8455371289624,0.9721298194556786,0.13148801768081522,4.0,23.0,0.0,415.9642196079772,0.6578503844941805,0.34214961550581946,0.2334720162196971,0.766527983780303,0.02798316168062638,0.09481286070886745,0.4899825980242492,-0.19184456407133424,-2822.4939042477363
88,-411.51602299321723,0.9908236887631892,0.1561688010514578,3.0,15.0,0.0,414.8691150451462,0.9544691368204273,0.04553086317957267,0.5018570464132457,0.4981429535867543,0.09192224229906315,0.1906906914083889,0.19870790717524023,-0.6733384957089291,-2810.948952911339
89,-416.76794907490586,0.7773587943234664,0.17433156462820298,2.0,3.0,0.0,417.7597003522163,0.2557138672615734,0.7442861327384266,0.033180260656622974,0.9668197393433771,-0.4633150164454253,0.3657772048891813,0.14475855761919254,-0.0857451186047152,-2843.386010065583
90,-412.94300679058233,0.7188437328639199,0.11939575064939824,5.0,31.0,0.0,417.0514538858614,0.7640957645928276,0.23590423540717242,0.8279593189323011,0.17204068106769888,-0.01191528935549431,0.21109343133244557,0.3358358577319368,-0.5384547178815052,-2826.8252700473895
91,-410.80807698910536,0.9831715635609074,0.13148801768081522,3.0,7.0,0.0,412.5322059533027,0.5621728798314728,0.4378271201685272,0.20897394008757914,0.7910260599124208,0.13760609819158898,0.1784132587806438,0.3059395559852929,-0.2077018393055649,-2815.482180744456
92,-411.48000323611814,0.9214951433978825,0.1561688010514578,4.0,15.0,0.0,413.2676498318035,0.8348827317391427,0.16511726826085726,0.49402809863554725,0.5059719013644528,0.27760496360640297,-0.07703562060871623,0.18057525497860644,-0.5277703252231978,-2818.7975075133077
93,-412.45646123494083,1.0,0.17433156462820298,3.0,7.0,0.0,417.32097367953963,0.40747617736943154,0.5925238226305685,0.01899080846393536,0.9810091915360646,-0.5142917872608824,0.17830412591351558,0.2608238846616213,0.20590763630484396,-2811.4668372878054
94,-414.0024196704939,0.9276675325094149,0.11939575064939824,4.0,15.0,0.0,415.0468980100284,0.9783948907053046,0.02160510929469539,0.08367615083422948,0.9163238491657705,-0.2222536157423569,0.0857511481999721,0.11174613044383734,-0.21513687854035385,-2815.346331480388
95,-411.86377629345736,0.9964188448358191,0.13148801768081522,4.0,15.0,0.0,413.82967228722066,0.1586145652557876,0.8413854347442125,0.19886693069060343,0.8011330693093965,-0.6710905378977267,0.3729485744521262,0.6746506267844907,0.06999904962499487,-2817.547359025476
96,-413.45413888347645,0.9802820266472212,0.1561688010514578,4.0,31.0,0.0,415.2525353695626,0.9034392569113369,0.09656074308866314,0.9666118597129244,0.033388140287075596,0.23211043154438132,-0.5045258170535252,0.28105045071639484,-0.569043175518661,-2814.8591178392776
97,-412.0363917506778,0.984113964016398,0.17433156462820298,5.0,31.0,0.0,414.6078019694128,0.6626127020796224,0.3373872979203776,0.9596466446760288,0.04035335532397122,0.08938990029689182,0.5789406970514057,0.14075973764071412,-0.021840412289895358,-2813.1253181127163
98,-411.4194968986217,0.9701441977259326,0.11939575064939824,4.0,15.0,0.0,415.3495978637593,0.9367139138964028,0.0632860861035972,0.3753915259673599,0.6246084740326401,-0.2409390464620424,0.34276247914969593,0.2328541127981643,-0.0242845005593728,-2812.24954832697
99,-410.77965154251314,0.9776827249245109,0.13148801768081522,4.0,31.0,0.0,414.43255880928047,0.5303397895768546,0.46966021042314543,0.12399692666635612,0.8760030733336439,-0.210830995883424,0.15053276513227204,0.3633740085503657,0.02127520055484597,-2812.4568750313433
100,-413.5907512532278,0.8918933137475682,0.1561688010514578,3.0,15.0,0.0,416.12271496184854,0.9088795338509895,0.09112046614901048,0.9338804261219091,0.06611957387809086,0.029738856396135202,-0.048798281490219475,0.12999989408192608,-0.2586376819738677,-2820.4644981227852
101,-410.70090818085265,0.8854968454409728,0.17433156462820298,4.0,15.0,0.0,415.48019144128637,0.5836997585845369,0.41630024141546307,0.20545549346071332,0.7945445065392867,0.20258128010994464,0.014013138513252525,0.20230298850965983,0.0670105690978584,-2814.653635231607
102,-413.7982834571698,0.8843025809385587,0.11939575064939824,3.0,7.0,0.0,414.19529291621006,0.9375310085145468,0.06246899148545315,0.27320525730330536,0.7267947426966946,-0.12365532906659558,0.35510686225640864,0.35969539150355395,0.008129087686060674,-2827.414661274966
103,-411.330263475729,0.9959859042079665,0.13148801768081522,4.0,27.0,0.0,411.6933820348462,0.5282150531926323,0.4717849468073677,0.06329565301373434,0.9367043469862657,0.06782617562155456,0.2088773562280896,0.317589212845418,-0.07141899286429448,-2812.120781328224
104,-413.06076373296526,0.9914165737185924,0.1561688010514578,5.0,31.0,0.0,415.4293515100277,0.7210413352071526,0.27895866479284737,0.10019591641152854,0.8998040835884714,1.0490045444176865,0.22408525579967395,0.3627693131206195,-0.08671059371364484,-2824.5092173328053
105,-412.98704714487644,0.8728876111704262,0.17433156462820298,4.0,15.0,0.0,414.1659852244078,0.09414515802839157,0.9058548419716084,0.7334388248204142,0.2665611751795858,0.4413229135125498,0.02377618144347765,0.260809085883288,0.18306412978976466,-2824.2770732168337
106,-414.3321892240979,0.9759477511075296,0.11939575064939824,3.0,7.0,0.0,415.7596099976717,0.9385335565979257,0.0614664434020743,0.21334702573431102,0.7866529742656889,-0.08640201692453654,0.1337591953184833,-0.03298573362592483,-0.014451460649080247,-2830.047611031834
107,-412.30738611266463,0.9390590177143856,0.13148801768081522,4.0,15.0,0.0,414.2578961110265,0.5943221088980398,0.4056778911019602,0.017930493727191864,0.9820695062728081,-0.28767601160797784,0.16846273386705857,0.2464854551102695,-0.030451661975208447,-2810.2400007098868
108,-411.36544714270525,0.9996385209661605,0.1561688010514578,4.0,15.0,0.0,413.6446278737467,0.605432267240664,0.394567732759336,0.0587376050244359,0.9412623949755641,0.794705914617677,0.10353408654287895,0.33604614996737275,-0.09588442524028944,-2811.0620481624
109,-412.71604921730113,0.8896506469835671,0.17433156462820298,4.0,15.0,0.0,417.4991104490438,0.09974617323855392,0.900253826761446,0.6185983489892807,0.3814016510107193,0.07866843727334355,-0.13116814112464395,0.5565510065445642,0.04990559393765401,-2824.026361975012
110,-414.2066768060542,0.9976059407074405,0.11939575064939824,3.0,15.0,0.0,416.14246442424275,0.9420937860720855,0.05790621392791451,0.19334379018798528,0.8066562098120147,0.45506538402822155,0.13840476384660869,0.386044353939615,-0.3299916109575717,-2827.8929328688096
111,-412.60707308887066,0.9314249946600467,0.13148801768081522,4.0,31.0,0.0,415.1626630704472,0.2936933793359294,0.7063066206640706,0.03334897038901108,0.9666510296109889,-0.5360950739980236,0.12820216298311018,0.4300588727593911,-0.054237462079595775,-2815.1730224055864
112,-411.50037319564746,0.9041833432082477,0.1561688010514578,3.0,15.0,0.0,414.43485218469647,0.3770565162924935,0.6229434837075065,0.08956974782982595,0.910430252170174,0.44408287905003463,0.06694167246647838,0.004700539661053105,0.3800381257544454,-2814.9231947337535
113,-413.47645656958804,0.9957574032728147,0.17433156462820298,4.0,15.0,0.0,415.02677729969713,0.19762915224100158,0.8023708477589984,0.6946221866624727,0.30537781333752734,0.448393618806912,-0.054612316531862895,0.9358348978555207,-0.10597386101332942,-2831.8200079134162
114,-412.2156849490519,0.9500613578831721,0.11939575064939824,3.0,7.0,0.0,416.3221609874,0.8197678502722089,0.1802321497277911,0.1859015941287662,0.8140984058712338,0.6987311101487854,0.010848917067506791,0.0919943399081789,-0.3214839246388438,-2820.7142396445847
115,-414.56724194015766,0.9642505739059378,0.13148801768081522,4.0,31.0,0.0,416.96231190995513,0.1869411130284128,0.8130588869715872,0.39929187073448563,0.6007081292655143,0.5572017478211317,0.1333987237901932,0.0638276403299188,-0.06918076896969147,-2840.5620785349997
116,-413.7476293022062,0.9936949433116482,0.1561688010514578,4.0,15.0,0.0,414.811182731469,0.5487244533559225,0.45127554664407754,0.9921697571372319,0.007830242862768122,0.09352576013685054,0.6631466183713309,0.22079937411358802,-0.07784137167478274,-2814.4354038831957
117,-413.6351920415817,0.9811704163358015,0.17433156462820298,4.0,31.0,0.0,414.9104006313495,0.023775189904222064,0.9762248100957779,0.248269905093403,0.751730094906597,-0.09352283770253908,0.059627850787034364,0.5766786225283785,0.20046847069495755,-2819.367638348934
118,-411.924711230658,0.9531795757404845,0.11939575064939824,4.0,31.0,0.0,414.7674336426584,0.05790589704341708,0.9420941029565829,0.6436215099674953,0.35637849003250466,0.08805959968413156,0.5496268864238705,0.3565963718265289,0.1992594784596702,-2814.80065007947
119,-411.7506840635892,0.9978852336085283,0.13148801768081522,3.0,15.0,0.0,416.277481476856,0.16147015433668116,0.8385298456633188,0.3633509159734724,0.6366490840265275,0.4793350082432606,0.04386222852515906,-0.00231872054442539,0.023906542731773922,-2820.147655298264
120,-413.6025521442576,0.6715447222192418,0.1561688010514578,3.0,15.0,0.0,418.8820484282926,0.7250665584306991,0.2749334415693009,0.9653380290139552,0.03466197098604484,0.1991992736007457,0.9147018559332627,0.3199118093593038,0.26521493415587816,-2821.550802907652
121,-415.837857348342,0.812843992732936,0.17433156462820298,4.0,23.0,0.0,420.0674606378396,0.0025918484732779354,0.997408151526722,0.7318898096652475,0.2681101903347525,0.0961751553090429,0.4391324032873582,-0.23304077437759158,0.01763812820233518,-2819.879075569439
122,-413.26522471807834,0.9709993569867311,0.11939575064939824,5.0,31.0,0.0,415.149175233296,0.18721763407498934,0.8127823659250106,0.0879952421667261,0.912004757833274,0.18632184911789718,0.23047177086286674,1.0424531513895021,-0.04265565464266194,-2823.2881506664075
123,-411.34511573805065,0.9861264809678295,0.13148801768081522,5.0,31.0,0.0,413.4191909487415,0.8012095399999545,0.19879046000004552,0.3506995174804398,0.6493004825195602,0.3710642484555906,0.1164660564520203,0.3643005847353362,-0.4803112529930889,-2818.115201555396
124,-415.077207768304,0.8978123362949437,0.1561688010514578,5.0,31.0,0.0,419.2104078231192,0.010963343662245517,0.9890366563377545,0.8630928261997216,0.1369071738002784,0.2256084247821416,0.106981536708341,-0.3608509945431921,0.020155926386385782,-2821.080146787426
125,-415.15153287879167,0.9893657291346224,0.17433156462820298,4.0,15.0,0.0,418.3368013890903,0.002229973135581204,0.9977700268644188,0.8276118774104826,0.1723881225895174,0.1591249561064962,0.5561267550565302,-0.2217045507988763,0.13790031883615878,-2811.773954862214
126,-412.70357569485896,0.9963482351915908,0.11939575064939824,4.0,15.0,0.0,414.50897800297884,0.07448451913356015,0.9255154808664399,0.08412904692217589,0.9158709530778241,0.21296758635617194,0.07198808735446652,0.7835926636116176,0.1689989838315334,-2814.075022620068
127,-413.31090923579234,0.9540921597986906,0.13148801768081522,5.0,31.0,0.0,414.7249391018285,0.9828694998087052,0.017130500191294806,0.3174342913961584,0.6825657086038416,-0.3749096492625845,0.4025704485496734,0.21929048857974195,-1.1583365490509365,-2814.8121730316743
128,-414.09921651378454,0.9997311593432819,0.1561688010514578,5.0,31.0,0.0,416.35047609047086,0.1805863620399687,0.8194136379600313,0.7035701498344621,0.2964298501655379,0.518465727251897,-0.5494568294787643,-0.3150041205050676,0.05702058355590151,-2835.887907378987
129,-412.24877161327487,0.9478790672611898,0.17433156462820298,3.0,7.0,0.0,415.78924464261326,0.03510167934928866,0.9648983206507113,0.448828440618873,0.551171559381127,-0.1262068287592094,0.2708735300262237,-0.33234075840493815,0.0966952282234544,-2814.499758103473
130,-410.8386256605182,0.9939143976437621,0.11939575064939824,5.0,31.0,0.0,415.3907709339205,0.8458929803438562,0.15410701965614382,0.4836374737322802,0.5163625262677198,-0.18263926948756837,0.3683684049286298,0.2066794492601298,0.38305954365937517,-2814.0051976287714
131,-413.5785787337902,0.8711405209473505,0.13148801768081522,3.0,11.0,0.0,414.89200490767956,0.9347869915549273,0.06521300844507272,0.3016296239058409,0.6983703760941591,0.1915430877970562,0.29198251574974565,0.16617728970226536,-1.223017835358497,-2825.3949946144285
132,-413.0266169404354,0.9989693124619203,0.1561688010514578,4.0,15.0,0.0,415.6479717454173,0.20486096516170466,0.7951390348382954,0.9843810701887739,0.015618929811226145,0.15893589077375272,-0.6195222721719513,0.07175592990214506,0.10150813963301228,-2811.345017191579
133,-410.83836335962576,0.6649456920215744,0.17433156462820298,2.0,7.0,0.0,417.02388556885455,0.1116869974105571,0.8883130025894429,0.5760525035865489,0.4239474964134511,0.28132977991483,0.0436034399972841,-0.28219731437763357,0.2731463483127731,-2812.0695559812752
134,-412.937389127504,0.9871652387539412,0.11939575064939824,4.0,15.0,0.0,414.08872010279725,0.8117469570399563,0.18825304296004375,0.09246780829744697,0.9075321917025531,0.7862827461489458,0.16245219986512624,-0.09161532192307473,0.7872632717153963,-2821.278068096873
135,-415.2243095491663,0.9063334769404201,0.13148801768081522,4.0,15.0,0.0,418.87543999454937,0.9898383860277578,0.010161613972242245,0.699856261657156,0.300143738342844,-0.059017806988078916,0.10853879443720854,0.14323505802872827,-1.2942758644431784,-2824.240702848402
136,-414.879134856773,0.8879036630639522,0.1561688010514578,4.0,15.0,0.0,415.62750815260273,0.26540265309393996,0.73459734690606,0.9946364704241711,0.005363529575828863,0.2758951888674225,-0.5631742747330979,-0.12443452878976513,0.3090465528347074,-2818.0025280940895
137,-410.2109494423669,0.9965819685955216,0.17433156462820298,4.0,15.0,0.0,411.6523852244357,0.6805594898325529,0.3194405101674471,0.4513916814472035,0.5486083185527966,-0.13732820692183573,0.5222494144783436,0.12223952772193543,0.21628354481119771,-2813.1485860557227
138,-413.839669915223,0.8168655725514016,0.11939575064939824,6.0,63.0,0.0,417.9784945038755,0.045411070960205996,0.954588929039794,0.16243161181944293,0.8375683881805571,-0.3507794282574129,0.34020867379600633,1.6873702202701948,0.18637546255656173,-2820.549441122949
139,-410.72586937890156,0.9972245828490054,0.13148801768081522,5.0,39.0,0.0,416.1847898427388,0.6214488591619807,0.37855114083801933,0.1622880631230329,0.8377119368769671,0.5236594799751,0.09960560111586217,0.3857171531257284,-0.03653515555397682,-2813.038403289767
140,-411.8023138867458,0.9390502436599224,0.1561688010514578,4.0,15.0,0.0,415.9973936472545,0.3371382404421793,0.6628617595578207,0.9618385040026292,0.03816149599737084,0.19277943979249193,-0.7135947990073634,-0.0991516340299585,0.2645857832425482,-2810.9089494823816
141,-410.91985564072917,0.9111610128793142,0.17433156462820298,3.0,11.0,0.0,412.95165218856005,0.6661156850656109,0.3338843149343891,0.36771849482060615,0.6322815051793939,-0.1680216529420903,0.5183982737903309,0.24606118264950674,0.1251957949937461,-2817.750029063415
142,-414.5268194060069,0.9833659818760707,0.11939575064939824,4.0,31.0,0.0,416.5301983828483,0.014163471148801881,0.9858365288511981,0.3713194076749361,0.6286805923250639,0.05929213783565983,0.39471235381054987,2.2934366828332418,0.18340501815742793,-2819.186457585575
143,-409.9543150551923,0.9112566451292282,0.13148801768081522,3.0,15.0,0.0,412.66498000039445,0.4468372299642286,0.5531627700357714,0.2512012278032505,0.7487987721967495,0.1464615930791515,0.12812994059046529,0.33582327760946545,0.0755587898007898,-2810.5329760319764
144,-412.45128652936904,0.9834971571973887,0.1561688010514578,4.0,15.0,0.0,413.24826225191947,0.46411657267818157,0.5358834273218185,0.9853636484891646,0.014636351510835421,0.1482014891796588,-0.8258027696259614,0.14703950827770906,0.1969844735502758,-2809.5588013386155
145,-414.0384877445003,0.6079248423691634,0.17433156462820298,2.0,3.0,0.0,416.4414850185937,0.7786492543109399,0.2213507456890601,0.28518343895436005,0.71481656104564,-0.11508407598788778,0.4022856598237737,0.4372209807322302,0.13985350651771475,-2836.6124366349804
146,-413.80914623719895,1.0,0.11939575064939824,2.0,3.0,0.0,414.73684408069755,0.016074499223450178,0.9839255007765498,0.4114605486395943,0.5885394513604056,-0.0031280595222633253,0.359115816288009,2.288714227937708,0.19476438239852414,-2815.3843314948326
147,-410.3958766140226,0.9565650534082609,0.13148801768081522,3.0,15.0,0.0,412.01587965136855,0.6959328437834054,0.30406715621659464,0.269312250018849,0.730687749981151,0.2357198056356754,0.18256287920384628,0.2347755237575781,0.2399626615608897,-2812.7827954547865
148,-413.4563425860693,0.8094033167945806,0.1561688010514578,4.0,15.0,0.0,419.28517851320277,0.16596766022652432,0.8340323397734757,0.966497053626637,0.03350294637336304,0.19853242884767058,-0.9043793244093462,-0.3577221619530346,0.37070340549331166,-2817.731129414
149,-412.9705629273891,0.9147411956100123,0.17433156462820298,3.0,7.0,0.0,417.12708484490406,0.2694651508727904,0.7305348491272097,0.17312216899867605,0.826877831001324,0.09266042018555952,0.30359446547333346,-0.33424535452791576,0.47280986745359893,-2827.66827307885
150,-417.20598791631585,0.9047699546226331,0.11939575064939824,3.0,15.0,0.0,418.01759979986315,0.0009000203479064787,0.9990999796520935,0.4616220427040236,0.5383779572959764,-0.18145276411282585,0.19398457209599382,2.4595925797647977,0.13010568046454615,-2818.589735322582
151,-411.9636999823084,0.9449861061478729,0.13148801768081522,5.0,31.0,0.0,413.3958363363085,0.8322664914551986,0.1677335085448014,0.7137013335923388,0.2862986664076612,0.12392498689460082,-0.14192330136011022,0.3166359562011933,-0.5113412183840742,-2820.830600130633
152,-414.5872640002887,0.9729048613604373,0.1561688010514578,4.0,31.0,0.0,416.92064597570976,0.23483579864754767,0.7651642013524523,0.9508485696574416,0.04915143034255842,0.1493093636200283,-0.38664645263006114,0.659638069106779,-0.20687621377306592,-2830.288784004751
153,-413.7856286253344,0.7401184694492321,0.17433156462820298,3.0,11.0,0.0,421.3261213330656,0.33330466869029685,0.6666953313097032,0.08637496685912961,0.9136250331408704,0.39049450432048244,0.35057072773320075,0.04572737339612859,0.28190557299118374,-2830.0900502037193
154,-417.19401195483124,0.9873473456140325,0.11939575064939824,3.0,15.0,0.0,419.3104943574595,0.000554775255912527,0.9994452247440875,0.3921325752969867,0.6078674247030134,-0.19934650902320578,0.3094071367565884,2.3673006519602176,0.25497488966990217,-2815.1657335513573
155,-410.7662046490681,0.9927979849308936,0.13148801768081522,4.0,15.0,0.0,412.78425638270033,0.815494768756623,0.18450523124337703,0.3970856501306837,0.6029143498693164,0.493334841223258,0.09331602677549378,0.15923537746879485,-0.011356755001425786,-2814.273982130717
156,-414.48722603079733,1.0,0.1561688010514578,4.0,15.0,0.0,415.96414080402354,0.3109923638868171,0.6890076361131829,0.9777740017274271,0.022225998272572878,0.11242269976294542,-0.43263137801005463,0.4734964222785447,0.26955442951177166,-2825.6565569727773
157,-411.0378261528536,0.9448561558425483,0.17433156462820298,2.0,3.0,0.0,415.08914835435996,0.42398017095399565,0.5760198290460044,0.16921357006671064,0.8307864299332893,0.4012930752446855,0.24076663274811563,0.11962516672934112,0.23808651288331137,-2815.807719347701
158,-412.10025891588316,0.9695098183279807,0.11939575064939824,5.0,47.0,0.0,418.7633391732174,0.029857376438377894,0.9701426235616221,0.46669649000400837,0.5333035099959916,0.30273831132747975,-0.08970101854822526,-0.2932553510321725,0.12427256354367838,-2812.4424133412917
159,-411.24234978681176,0.8550431082123904,0.13148801768081522,4.0,15.0,0.0,413.49004658587893,0.5993497907618631,0.4006502092381369,0.19385668499514805,0.8061433150048519,0.24497014348726914,0.2369997682822279,0.3017011680226987,-0.21614781819463616,-2817.8661264338434
160,-413.98604440786033,0.9487948458952569,0.1561688010514578,4.0,31.0,0.0,417.92313540350887,0.5149364107353933,0.4850635892646067,0.9549337363663111,0.04506626363368893,0.24636233523129064,-1.2133299665754205,0.11574809172834821,0.5401396096641384,-2826.8149015533204
161,-410.7965530197729,0.9487791511878886,0.17433156462820298,3.0,15.0,0.0,413.066462176381,0.2739699543021065,0.7260300456978934,0.23703229743261595,0.762967702567384,0.4709949291287605,-0.04831491523365386,0.0013228915305453018,0.13227396985562778,-2814.5051036504688
162,-411.30442611407665,0.9268725317387667,0.11939575064939824,4.0,15.0,0.0,414.29592343247185,0.3261670178124698,0.6738329821875302,0.8268748642473258,0.1731251357526742,0.3017688381791191,0.031612742397420415,-0.09648193701301391,0.354453604520309,-2817.1006469402273
163,-411.8944080984734,0.9819589909128468,0.13148801768081522,5.0,31.0,0.0,412.79290878168615,0.8054202717286272,0.19457972827137282,0.06745464894993841,0.9325453510500616,0.46508490357930576,0.22313881265821905,0.1832508773950257,-0.042376830212876596,-2813.095488230675
164,-415.3189826310688,0.924221343639477,0.1561688010514578,5.0,31.0,0.0,417.88665829466146,0.947815127390011,0.05218487260998905,0.9496771753871431,0.050322824612856865,0.34013000081099737,-0.6309453579946283,0.27557109096189353,-1.052256012678883,-2825.6820513463695
165,-411.0401276469816,0.8335071198597627,0.17433156462820298,3.0,15.0,0.0,414.73033394928444,0.8294219697937819,0.1705780302062181,0.34019026857353923,0.6598097314264608,0.1470531954861139,0.22402442659179767,0.2945010859783377,0.11239196973259591,-2815.3875205148383
166,-410.5356697219045,0.999999750466749,0.11939575064939824,4.0,31.0,0.0,412.0698254871668,0.7843325119780844,0.2156674880219156,0.3075429590073456,0.6924570409926545,0.3148091719445313,0.05452902692242084,0.19911528468104944,0.39300992467328444,-2812.6656544025655
167,-412.7809205158245,0.9163583620926559,0.13148801768081522,4.0,31.0,0.0,417.75743322567985,0.709564814925144,0.290435185074856,0.015022148711090153,0.9849778512889098,1.3379799602122362,0.12575698734975316,0.06265844000413646,0.3665257226933511,-2809.6952144041315
168,-411.98976154847327,0.9904904408038635,0.1561688010514578,5.0,31.0,0.0,417.2603264565606,0.32793340691893313,0.6720665930810669,0.7162753606968215,0.2837246393031785,0.3330564786675339,0.17044298539781888,-0.27138304978178507,0.41495488645641054,-2824.137314234108
169,-411.3541360877603,0.9565104466821073,0.17433156462820298,4.0,15.0,0.0,413.1558075701168,0.3335243820749977,0.6664756179250023,0.3748195084881552,0.6251804915118448,0.3193214601958744,-0.1314996934414187,0.4375392488491044,-0.07716855712967433,-2820.8491341776844
170,-410.2465160361481,0.8774091861253616,0.11939575064939824,4.0,15.0,0.0,414.50178728153605,0.46120990005651447,0.5387900999434856,0.6897192258949222,0.3102807741050778,0.03512052964615047,0.38699230252731426,0.35478627668771023,0.15968600057270893,-2813.3535463466787
171,-410.21219183079353,0.903676346985348,0.13148801768081522,4.0,15.0,0.0,414.17891977446925,0.49789162622906896,0.5021083737709311,0.2565623020994016,0.7434376979005983,0.5373616387288246,0.005409701089769084,0.3195199504940986,-0.08972272958794032,-2812.279522383694
172,-410.4406081790588,0.9719971658941166,0.1561688010514578,4.0,15.0,0.0,413.910221650705,0.27035042095720313,0.7296495790427968,0.6291063874464556,0.37089361255354436,0.14486905172858988,0.40237659801613207,0.35280281321923307,0.14574693313018644,-2813.6738593034297
173,-414.70477468550723,0.9761536174832278,0.17433156462820298,4.0,31.0,0.0,417.09210009795027,0.2764180433973219,0.7235819566026781,0.04549945525834801,0.954500544741652,2.6375224123952,0.009330152523239491,0.07980621169420461,0.15517211574997855,-2825.861748209718
174,-410.98830581925506,0.8851992322322413,0.11939575064939824,4.0,23.0,0.0,414.697471314825,0.14685801040393434,0.8531419895960657,0.36445295822935403,0.6355470417706459,0.08879883099733327,0.34781649303119117,0.4481404264210085,0.11213214768188617,-2814.259409319665
175,-411.34094305389857,0.9335260548587773,0.13148801768081522,3.0,15.0,0.0,413.3391932282591,0.2327027753656493,0.7672972246343507,0.7554418643687046,0.24455813563129536,0.2797529040828065,0.030294598822326588,0.31806849945270527,0.26345868588895266,-2817.660214690124
176,-412.5217139869328,0.8632298198150201,0.1561688010514578,3.0,15.0,0.0,416.05460009209816,0.3124193264586561,0.6875806735413439,0.9003852344532568,0.0996147655467432,-0.05918536697442066,0.8782325546396836,0.568493024539703,-0.06523898890635986,-2821.366070562083
177,-413.92785117285354,0.9746801443349982,0.17433156462820298,3.0,15.0,0.0,416.15639515550873,0.32163828682203277,0.6783617131779672,0.0448750510345759,0.9551249489654241,2.3390030000660302,0.1869277606249029,-0.0033543598174148315,0.3007798793353282,-2822.205679739031
178,-412.3897473786599,0.8328240265206589,0.11939575064939824,3.0,15.0,0.0,416.90970813762,0.2853753330971169,0.7146246669028831,0.7698137935741985,0.23018620642580145,0.46606015409695095,-0.4160616410443913,0.5245199984840389,0.16997325275698225,-2825.1512637444607
179,-414.7947999588725,0.4842781228716776,0.13148801768081522,3.0,15.0,0.0,422.0976777803229,0.14994679173107636,0.8500532082689236,0.7715429950293607,0.22845700497063925,0.512812620824991,0.022737882857082378,0.2172404832548586,0.10805087445694406,-2838.8028439825944
180,-411.12133697851726,0.9999540323201522,0.1561688010514578,4.0,31.0,0.0,413.1140222828691,0.0966308205784078,0.9033691794215922,0.3340084318581063,0.6659915681418938,0.006911378403587213,0.3358186392818346,0.5356410870370928,0.15201697451929352,-2812.3332196323568
181,-411.7323374639731,0.9022855197616707,0.17433156462820298,5.0,31.0,0.0,417.33009613388276,0.8031230511363607,0.19687694886363927,0.2408523768746854,0.7591476231253146,0.34939754073841,-0.01907958912449246,0.1546878028201323,-0.3335485351995867,-2819.4457732781843
182,-413.6069004272825,0.9255741499150867,0.11939575064939824,4.0,31.0,0.0,417.8408961544848,0.09604486901412825,0.9039551309858718,0.9529336715458818,0.04706632845411818,0.07275911952579933,-0.9000553930553115,0.33210532304822565,0.1199919821282174,-2817.957058764786
183,-417.3673619177294,0.8111112382479178,0.13148801768081522,4.0,15.0,0.0,420.8182095012196,0.5534853332137094,0.4465146667862906,0.2344970200807639,0.7655029799192361,0.5892374844786608,0.35953674047736683,0.6367106603436367,-0.07082131291725648,-2860.785810766892
184,-410.328764113259,0.9995600530478562,0.1561688010514578,3.0,15.0,0.0,412.0057362402912,0.2629934192873636,0.7370065807126365,0.2842437668326189,0.715756233167381,0.06790686672465211,0.09985760825016285,0.15682815129662014,0.10777622745465144,-2812.0732022141033
185,-413.1052984308569,0.999986763651549,0.17433156462820298,5.0,31.0,0.0,413.55278026112785,0.8773775521757884,0.12262244782421161,0.5296514386073946,0.4703485613926054,0.046537729227793395,0.0754668364302207,0.2067869212582698,-0.9725353919376104,-2827.768801007911
186,-415.7898307971988,0.9645860081427527,0.11939575064939824,5.0,47.0,0.0,418.24781645938674,0.9540604682724221,0.04593953172757792,0.9348467563695645,0.06515324363043551,0.19053509195044843,-1.769766104464914,0.16417126287461656,1.2262396813537395,-2827.182687409218
187,-414.0875679625565,0.9887562930494457,0.13148801768081522,4.0,31.0,0.0,418.9408839489443,0.23176754670096675,0.7682324532990332,0.15352371546106372,0.8464762845389363,-0.6575697113882317,0.10691325070458153,0.4680330666018298,-0.10057107349733861,-2833.81809157084
188,-412.1995265498944,0.99293150383038,0.1561688010514578,4.0,15.0,0.0,413.2422000028576,0.7562696977755066,0.24373030222449343,0.09061514256646877,0.9093848574335313,1.244530631111876,0.17984311775987452,0.24759246853288072,-0.0775398651138674,-2817.0260608252447
189,-409.7029941744705,0.9947820206307836,0.17433156462820298,4.0,31.0,0.0,413.69794075537095,0.6469580843589424,0.3530419156410576,0.6738853750251738,0.32611462497482624,0.16161138843930067,0.2071927189612766,0.18625468608887633,0.12521249026108575,-2809.357983526388
190,-417.4143438117218,0.9195755762897672,0.11939575064939824,4.0,15.0,0.0,418.81716870282804,0.9971193918311174,0.0028806081688825813,0.9853576219199547,0.014642378080045315,0.21724538961291934,-1.1774097038940359,0.12700123775442382,1.2754922162710813,-2811.0319644208416
191,-412.22446422305893,0.9860960506505564,0.13148801768081522,4.0,31.0,0.0,416.23901824791926,0.8644839696674715,0.13551603033252846,0.3505260113789885,0.6494739886210115,-0.354114801751399,0.23546136695924372,0.09940379546947335,0.8772731219235921,-2821.681412894342
192,-413.48967212902835,0.9983806013196327,0.1561688010514578,4.0,23.0,0.0,414.7936326807945,0.5185759213677826,0.48142407863221737,0.031095668994430566,0.9689043310055694,2.228058865675038,0.21525870821142992,0.14882890748574173,0.2548602103557475,-2818.1051794853784
193,-409.6703415290911,0.987205478170569,0.17433156462820298,4.0,15.0,0.0,410.14574295777294,0.6121856655608009,0.3878143344391991,0.6238947912038038,0.37610520879619624,0.13867763122822868,0.08537878252958925,0.13610245913384922,0.16911650263392436,-2809.891983554541
194,-414.87623087337016,0.9817175844449082,0.11939575064939824,3.0,11.0,0.0,418.6580044517898,0.9401368965333726,0.059863103466627376,0.8828965620966718,0.11710343790332822,0.27777822349374287,-1.2525560225561467,0.03472379483685673,1.2101793739395272,-2827.6245982180717
195,-411.11915374856375,0.988803532820971,0.13148801768081522,4.0,31.0,0.0,412.9836787742652,0.8825802805498522,0.11741971945014784,0.6977937817689681,0.3022062182310319,0.0624634577023328,0.42072302321470934,0.09111564404970535,0.9110388059444751,-2812.619457839207
196,-414.4219342410049,0.9320215932384767,0.1561688010514578,3.0,15.0,0.0,415.12119943249814,0.3839374782482978,0.6160625217517022,0.048857705146589395,0.9511422948534106,2.018011504659237,-0.07011521958699919,0.16238208369362184,0.03980529185109827,-2828.022316172764
197,-411.22719866996295,0.8938670165865027,0.17433156462820298,4.0,31.0,0.0,411.7675301963465,0.38589185191874287,0.6141081480812571,0.13971734327871513,0.8602826567212849,0.9796167030505311,0.1357916724872883,0.12730272209866236,0.09971712291915732,-2815.2090949687154
198,-413.9303567483769,0.974360362733485,0.11939575064939824,2.0,3.0,0.0,415.14285724206593,0.9414646695585454,0.05853533044145465,0.9235929320331,0.0764070679669,0.2727221188164925,-1.196439381033566,0.11989877907314303,1.206774154706251,-2818.4241413179257
199,-410.868493090468,0.8521280530965956,0.13148801768081522,4.0,31.0,0.0,414.51063635232117,0.4273983479338892,0.5726016520661108,0.6150134317919622,0.3849865682080378,0.5559837399620065,-0.32309595511750083,0.24440289505522356,0.18827478074822912,-2818.0646691186166
200,-413.5318505629385,0.9464103005930368,0.1561688010514578,5.0,31.0,0.0,417.42356519481405,0.8039749575308912,0.1960250424691088,0.4722080490938363,0.5277919509061637,-0.08498027009434166,0.03954798576170358,-0.08424916721011098,0.6058129094251153,-2833.885190678282
201,-411.0739040030821,0.9895235231519197,0.17433156462820298,4.0,15.0,0.0,412.49252057815437,0.24067546871370876,0.7593245312862913,0.16812098442046888,0.8318790155795311,1.0575067205619866,0.043582421975284086,0.057912158609022865,0.2100092370908454,-2813.2605160364433
202,-411.68558102594244,0.9271940027143523,0.11939575064939824,5.0,31.0,0.0,415.59969931015297,0.9083769646220496,0.09162303537795036,0.7748149353542721,0.22518506464572785,0.21686912002052547,-0.021571547635535246,0.04694474581188256,1.063392765991502,-2813.5693818959626
203,-410.66847408583425,0.9996196034307226,0.13148801768081522,4.0,15.0,0.0,412.38844519876193,0.21127543178064304,0.788724568219357,0.6386348660698954,0.3613651339301046,0.07665970555159818,0.1410859963066468,-0.3386116120738901,0.27505865101737476,-2814.1037434605096
204,-411.26973884777686,0.9215307652653143,0.1561688010514578,3.0,15.0,0.0,417.51528564758985,0.39801329861401186,0.6019867013859881,0.4816876235085121,0.5183123764914879,0.3557919481757501,-0.020962619931685952,-0.17257571604253882,0.5449647892886358,-2821.103685886049
205,-411.55695912894777,0.9842934856202289,0.17433156462820298,4.0,15.0,0.0,412.04879681349894,0.43066700336156544,0.5693329966384346,0.06610335288215528,0.9338966471178447,1.3204300472206791,0.14764516892131652,0.22271253589699136,0.1838926273656486,-2812.390533832537
206,-411.61002392886144,0.9644463824940804,0.11939575064939824,4.0,31.0,0.0,413.6523581519513,0.865466633394379,0.13453336660562099,0.12285797022543811,0.8771420297745619,0.8100690680132524,0.038506972630085186,0.036565098316809666,0.5336852677384402,-2812.2425033680106
207,-411.2495205323641,0.9814093181551194,0.13148801768081522,4.0,15.0,0.0,412.47996248225513,0.381863607192413,0.6181363928075869,0.14956186617280576,0.8504381338271942,0.16362446073502204,0.17109824276978058,0.5136925938769272,0.1153790912799662,-2816.306187379426
208,-410.7494267730615,1.0,0.1561688010514578,4.0,15.0,0.0,411.9085922131356,0.277053846022491,0.722946153977509,0.5135186783891612,0.4864813216108388,0.17497765083527322,0.16952291926589141,0.7108196846822364,-0.06262392486300426,-2816.1769477581506
209,-415.3954072451843,0.622934083885882,0.17433156462820298,3.0,11.0,0.0,419.70287827734205,0.6627947045869115,0.3372052954130885,0.41900573438712313,0.5809942656128768,1.0744781029328703,-0.3033359282338534,0.2699079651908144,-0.19732504480759833,-2848.1668414542946
210,-412.2512427282751,0.9231178187942494,0.11939575064939824,4.0,15.0,0.0,415.1548854361711,0.7160820772867968,0.28391792271320315,0.15637238032188633,0.8436276196781136,0.839633738578337,-0.10389401291347825,-0.02101315272090579,0.6630019776928167,-2821.7363749417154
211,-412.47994636123275,0.8403330707858748,0.13148801768081522,3.0,15.0,0.0,419.5823696423313,0.5929476223236942,0.40705237767630575,0.9084635920496007,0.0915364079503993,0.29700257762520055,0.0701557873908254,0.3276384499568808,-0.23432349786336673,-2822.091174033476
212,-410.39868351359894,0.9757906209480022,0.1561688010514578,4.0,15.0,0.0,412.42720190102926,0.2808507133767093,0.7191492866232907,0.8368657930840494,0.1631342069159506,0.0716830901708025,0.3759110614213021,0.1926848102491126,0.11436860920569476,-2809.958863896854
213,-416.43384589784216,0.8107404402843862,0.17433156462820298,2.0,3.0,0.0,418.8337579307817,0.6698236905717303,0.3301763094282697,0.22585926466141318,0.7741407353385868,1.028461524310008,-0.37346492613137156,0.1711232109572555,-0.1421508990008498,-2853.077658184066
214,-411.5463749297817,0.9989539831734653,0.11939575064939824,4.0,15.0,0.0,412.89372956152033,0.5997483641309158,0.4002516358690842,0.28019917959537777,0.7198008204046222,0.6728059953012762,0.07186048014658093,-0.13887452836482617,0.6159230186682939,-2821.2058162926783
215,-413.0693050097125,0.7031116829870218,0.13148801768081522,4.0,15.0,0.0,416.1495655078964,0.710158060508168,0.289841939491832,0.9165673552162434,0.08343264478375656,-0.00816347160996922,0.09121310028932425,0.32430489248130745,-0.23097735376595246,-2824.5598478590623
216,-410.564338727553,0.8512037125214504,0.1561688010514578,4.0,23.0,0.0,414.193890267047,0.39951587461514,0.6004841253848601,0.43616177469241807,0.563838225307582,-0.1260159342065185,0.5387291385161761,0.23809106701753663,0.19450330191537973,-2816.181368172875
217,-418.1071944010672,0.9928894127829143,0.17433156462820298,4.0,15.0,0.0,420.381659299481,0.13720138036124802,0.862798619638752,0.00017208319994166876,0.9998279168000583,0.5405664799175937,0.13982430277367108,-0.33007542245402516,0.3015867674678918,-2813.125671035534
218,-413.10219811402783,0.9945889776185812,0.11939575064939824,5.0,31.0,0.0,413.77006157253305,0.18211889879684004,0.8178811012031599,0.8766935871373025,0.1233064128626975,0.23653941472283296,0.08851624667982412,1.1188287791965275,0.04243933691037836,-2823.950545861313
219,-413.2167025918277,0.992728128862274,0.13148801768081522,4.0,31.0,0.0,416.5917706918756,0.8900893365402239,0.10991066345977607,0.12751788248626997,0.8724821175137301,0.5262310831594346,-0.07258049555588605,0.1705007746315119,-0.37978197379358697,-2822.780512991236
220,-410.9691091004721,0.9770950758715503,0.1561688010514578,4.0,31.0,0.0,412.57961505936333,0.06746676185053341,0.9325332381494666,0.5190204995758806,0.4809795004241194,0.32575707648775226,0.018471529702163106,-0.14764318122658546,0.1480702167086943,-2810.0515206857976
221,-418.9333912756612,0.913486870990111,0.17433156462820298,4.0,15.0,0.0,420.2652811390452,0.2557905975572856,0.7442094024427144,0.00025934214128216297,0.9997406578587178,0.6989439389078148,0.04254853597455341,-0.4688965431690397,0.2631975075308502,-2824.715881958244
222,-410.83755896980244,0.7607512092827768,0.11939575064939824,4.0,27.0,0.0,416.8713422680853,0.3331325050256866,0.6668674949743134,0.1626340760612674,0.8373659239387325,-0.5539241967393899,0.2099380957775791,-0.028430697982261402,0.22304603965650474,-2813.454469994657
223,-411.89079547114744,0.8850884459048369,0.13148801768081522,4.0,19.0,0.0,416.84883270578376,0.9508614170066061,0.04913858299339391,0.17979091167093297,0.820209088329067,0.6423453849774932,-0.011367785210422643,0.16504007186896325,0.0733446284943492,-2810.4718484240784
224,-412.58546593541917,0.8013886192323619,0.1561688010514578,4.0,15.0,0.0,414.8454014807545,0.3547278271958777,0.6452721728041223,0.20963162327286639,0.7903683767271337,-0.41600755851459537,0.13549081190849663,-0.2923813997026946,0.4607213566231514,-2827.0138543065223
225,-416.4466427670858,0.7385712441457755,0.17433156462820298,5.0,31.0,0.0,422.0082461928735,0.9622557037380253,0.03774429626197473,0.9934359849960863,0.006564015003913681,0.2945678689702237,0.22097175462374186,0.17955424620248026,0.23173383332014968,-2818.8533330596565
226,-410.85504541079797,0.9182652368531692,0.11939575064939824,5.0,31.0,0.0,412.73809377962743,0.7537391732973332,0.2462608267026668,0.8533481308043354,0.14665186919566464,0.20397897691096514,-0.0010247294499363957,0.23908227399801762,-0.23581060805186624,-2811.9633871928895
227,-412.95041420096345,0.9882251411191013,0.13148801768081522,4.0,31.0,0.0,414.12372998114904,0.8048500030084503,0.19514999699154967,0.7426439047347712,0.25735609526522885,-0.0297160893838901,0.6806131927451392,0.4322511237219807,-0.700770432804634,-2827.356256324654
228,-411.9058884790885,0.9713904562472695,0.1561688010514578,4.0,15.0,0.0,414.1021339494224,0.32782169400237926,0.6721783059976207,0.10033922578551842,0.8996607742144815,-0.31542692221258706,0.284670794478038,-0.2249361454944766,0.20357428010525427,-2818.048911727049
229,-412.0182342459529,0.6971751376982671,0.17433156462820298,4.0,23.0,0.0,419.8812740777511,0.3835030105542805,0.6164969894457195,0.8248249688881734,0.17517503111182664,0.23539785959502088,-0.6660849068702128,0.3674747210340261,-0.13033618109119063,-2822.23375807691
230,-410.8440869647681,0.9291439699113935,0.11939575064939824,4.0,31.0,0.0,412.3169593652119,0.5998454524819498,0.40015454751805024,0.8652883809940167,0.13471161900598327,0.17347712956800831,-0.35253900440092545,0.35745832970133196,-0.08620911177774945,-2813.0561627882525
231,-411.6098581679482,0.9995152703215089,0.13148801768081522,4.0,31.0,0.0,414.6987609129552,0.7932878957700009,0.20671210422999908,0.09442033708085043,0.9055796629191496,0.363823200826322,0.1282247191229759,0.030934861017403184,0.7352201407381738,-2813.2274965636097
232,-414.7505357383886,0.9847740731010005,0.1561688010514578,4.0,15.0,0.0,417.1570636889179,0.013772959789193925,0.9862270402108061,0.030478275423647762,0.9695217245763522,-0.13472746439150213,0.13039331948393124,-0.266111602351001,0.21306100588709545,-2810.8416424803595
233,-411.3000568615852,0.9996756023871851,0.17433156462820298,3.0,15.0,0.0,413.42304536372336,0.585288525715118,0.414711474284882,0.8764513356009298,0.1235486643990702,0.27448256823286915,-0.9027595198885664,0.20604691381866636,0.1838517850848219,-2815.189477202469
234,-412.96981966676873,0.629238315575891,0.11939575064939824,4.0,27.0,0.0,417.79779826503994,0.6750523753597112,0.3249476246402888,0.1917492087947915,0.8082507912052085,-0.7430487264855228,0.12908418675387745,0.10283504106583821,0.2841859076611632,-2828.7658410452227
235,-410.86329864648474,0.9738346604415794,0.13148801768081522,5.0,31.0,0.0,413.0905387981528,0.39148404746325877,0.6085159525367412,0.8566462643398105,0.1433537356601895,0.3364064857364562,-0.3970312454803385,0.17703851227256595,0.09018647713539443,-2813.4789950231634
236,-411.850746584023,0.9522940454739305,0.1561688010514578,4.0,23.0,0.0,417.5629430342564,0.087248831090169,0.912751168909831,0.10708842155618913,0.8929115784438109,0.7560053070678252,0.027510485879202212,-0.1022569046366601,0.20627473562111973,-2810.730614732039
237,-410.96167502899493,0.6614944143956863,0.17433156462820298,4.0,15.0,0.0,415.11678244430175,0.38092424262772745,0.6190757573722725,0.7292586681968682,0.27074133180313176,0.17007913827659304,0.506861998051428,0.1436832776769354,0.2902980294797511,-2817.299186702761
238,-412.64546284306493,0.9545631864100501,0.11939575064939824,4.0,23.0,0.0,417.1684430350137,0.46472471786101754,0.5352752821389825,0.25280380197392094,0.7471961980260791,-0.09065524059667401,0.052932321558505496,0.6103384027769367,-0.054306193714980924,-2828.997256843365
239,-410.7710824241187,0.9994809062778635,0.13148801768081522,5.0,31.0,0.0,412.181444220797,0.860541546368467,0.13945845363153297,0.29774378000117746,0.7022562199988225,0.3197614343417981,0.05254015997576853,0.2073226194691519,0.3706414150248223,-2811.8035193460655
240,-411.73349131552726,0.9931750096552711,0.1561688010514578,4.0,15.0,0.0,412.6506131969988,0.3773635755582872,0.6226364244417129,0.20148410935232777,0.7985158906476723,0.9412625425733697,0.0007267183878675865,-0.32471413957394396,0.4190459433785057,-2820.5209667365425
241,-410.4262264269863,0.9878111268387827,0.17433156462820298,2.0,7.0,0.0,411.91820673960456,0.4727079419295464,0.5272920580704537,0.7048563768036613,0.2951436231963387,0.06587209507170869,0.4530596166394408,0.17870567260963882,0.3322301078968921,-2814.3777190156325
242,-414.6499085851671,0.8694349747388835,0.11939575064939824,4.0,23.0,0.0,417.5180443849045,0.017603633572614567,0.9823963664273855,0.7173506137035351,0.28264938629646486,-0.19647107063287372,0.6213395796704533,0.1329974661964756,0.27671954506937013,-2824.8014486396596
243,-414.0966982554348,0.9073617649935961,0.13148801768081522,5.0,31.0,0.0,416.38488504852575,0.8984984450107777,0.10150155498922231,0.5505611060260811,0.4494388939739189,-0.2901427241137549,0.8352352350466745,0.22670315495697638,0.6992139259142572,-2833.1478014498757
244,-410.4643241314626,0.9570973071433116,0.1561688010514578,5.0,31.0,0.0,413.96798938729654,0.29915548383405105,0.7008445161659489,0.6582765305606605,0.3417234694393395,-0.025423979443219415,0.4947832621543754,-0.07366496284881952,0.12765855327253572,-2814.059116108214
245,-413.21294732526326,0.9284442934826552,0.17433156462820298,4.0,15.0,0.0,414.7438754899649,0.14892066505563598,0.851079334944364,0.9811590133509147,0.01884098664908529,0.1338130517759731,0.23813414517511736,-0.38019963831865466,0.27288109916884384,-2812.284712615801
246,-413.2222653849408,0.9929707071646042,0.11939575064939824,5.0,47.0,0.0,416.94709340340603,0.834371811893601,0.165628188106399,0.63502223344716,0.36497776655284,0.6347941668729435,-0.40602044747162064,0.08741073802627611,0.8468579462634028,-2829.5518653569293
247,-415.05663607322293,0.7540531841647758,0.13148801768081522,4.0,31.0,0.0,418.5668804329835,0.6997891153239282,0.3002108846760718,0.8214333493203644,0.17856665067963562,0.5393023083445346,-0.7953289505879105,0.21185488393318871,0.47466657562408165,-2842.041822658115
248,-410.96310867164516,0.9942195782672772,0.1561688010514578,4.0,15.0,0.0,411.9805380118399,0.18211867136033538,0.8178813286396647,0.5279227760643092,0.47207722393569085,0.5223529790761612,-0.29146359266641736,0.01647057772259629,0.11796816847709984,-2815.760323764028
249,-415.33947961330387,0.8684528307139079,0.17433156462820298,3.0,7.0,0.0,415.8226664238425,0.2830567846570322,0.7169432153429678,0.9951308293093928,0.004869170690607216,0.06910578282115497,0.32685476951499964,-0.42043274615488035,0.29759801709331984,-2820.904710686242
250,-412.72282074218003,0.97449152287649,0.11939575064939824,4.0,31.0,0.0,415.6094212441244,0.8340759842044888,0.1659240157955112,0.570605644962868,0.42939435503713197,0.3856295971296881,-0.5052558536389132,0.05720063029286914,0.5650247764182519,-2826.984433712407
251,-413.52225640886104,0.9753265287875198,0.13148801768081522,4.0,15.0,0.0,415.9478304545004,0.7009395152992861,0.2990604847007139,0.750804771439605,0.249195228560395,0.32629609668330506,-0.8800101466238419,0.19566871898766053,0.40023447672366935,-2833.20729607608
252,-412.6858278514775,0.9520678629038168,0.1561688010514578,4.0,15.0,0.0,414.1443080697877,0.8607468148171608,0.13925318518283925,0.6455560654343379,0.35444393456566214,-0.23862763640951073,0.8848728529900652,0.11699598089344913,0.7116933655644209,-2824.7161512086886
253,-411.4916126496124,0.9873050571950963,0.17433156462820298,4.0,15.0,0.0,417.56917007425415,0.6799152629759209,0.32008473702407914,0.1742792243973728,0.8257207756026272,-0.47199655234161714,0.415155954865941,0.18821073660245907,0.2499595900460851,-2818.132268159286
254,-413.4506976664414,0.8996541595009012,0.11939575064939824,3.0,7.0,0.0,415.6955727612764,0.7689456061599574,0.23105439384004256,0.7403692542134781,0.2596307457865219,0.5484297543203471,-0.6600062065280906,0.12531093756469727,0.6198750226233256,-2831.7079890187333
255,-415.82559517986175,0.9463231121726893,0.13148801768081522,5.0,31.0,0.0,418.50161233863884,0.9375304875324344,0.0624695124675656,0.8007029379379385,0.19929706206206155,-0.004280012310642171,1.541231795957489,0.2139101947823899,0.5891670454603555,-2837.7525120858136
256,-411.3824996414141,0.9905843964387133,0.1561688010514578,4.0,15.0,0.0,414.9303660562589,0.5850541031612685,0.4149458968387315,0.45884038796473314,0.5411596120352669,0.7147192626211762,-0.26895929026159804,0.0026220716073146327,0.45892738819357715,-2821.6420541847415
257,-411.88594079560403,0.882227184090118,0.17433156462820298,4.0,23.0,0.0,414.14742928866633,0.21782240057456737,0.7821775994254326,0.7114238049047031,0.28857619509529686,0.535180940450396,-0.32672226369490176,0.11961303311416137,0.13097949746708898,-2821.678704908031
258,-412.2337279904969,1.0,0.11939575064939824,3.0,7.0,0.0,413.8756574624838,0.8648145520841453,0.13518544791585474,0.9280661427498426,0.07193385725015744,0.2797239207942639,-0.42047301752154703,0.06292073812417828,0.5530654771223059,-2813.598556388961
259,-415.8076236377513,0.9476687928221085,0.13148801768081522,4.0,15.0,0.0,417.7892696076129,0.7862817689249004,0.21371823107509957,0.9764654479577788,0.023534552042221213,0.3063974406744561,0.734310495096282,-0.03818399077601445,0.9606482446614761,-2832.5686464150817
260,-411.5567199788992,0.9597767450179365,0.1561688010514578,4.0,23.0,0.0,413.30618336035303,0.5336838594210892,0.4663161405789108,0.8826674041384064,0.11733259586159361,-0.022288364614772332,1.2838750063967677,0.14941168945143138,0.03320062979649307,-2816.2178807134483
261,-411.90212115262165,0.9651678257082892,0.17433156462820298,3.0,7.0,0.0,413.4094656964822,0.6278928193418114,0.3721071806581886,0.8088593387822791,0.1911406612177209,0.04803775962742693,-0.22204116573161525,0.06352291676298921,0.3067775167907727,-2822.250224825358
262,-412.2102191912387,0.7215091185518849,0.11939575064939824,4.0,31.0,0.0,415.4381567950847,0.8513933855179091,0.1486066144820909,0.9370632884960101,0.06293671150398994,0.28004623000723233,-0.5063955981596454,0.16152591786647938,0.41095203107949557,-2813.1558869513315
263,-413.8243331704329,0.9846701478249991,0.13148801768081522,4.0,15.0,0.0,418.46153730445826,0.9797107210339635,0.020289278966036495,0.7878603107709623,0.2121396892290377,-0.0312281732658016,0.2666449013940584,0.08659773710573006,0.5160455302473057,-2818.875280618295
264,-410.5143219483202,0.8989987274832716,0.1561688010514578,4.0,19.0,0.0,413.63776441940917,0.7623721638064495,0.23762783619355055,0.7244009227763267,0.27559907722367327,0.09115152631517895,0.1370811259453738,0.02730625121281237,0.5191493656977143,-2812.544808012401
265,-410.0081611230776,0.939336098080996,0.17433156462820298,4.0,15.0,0.0,413.86721457455513,0.40995282954713347,0.5900471704528665,0.5524799815885149,0.44752001841148514,0.3928843675569271,-0.08932488552433697,0.41911958049452097,-0.05564222112676499,-2812.4848684788835
266,-413.66024096011694,0.5488631431378845,0.11939575064939824,4.0,23.0,0.0,416.355127289004,0.3750449696100353,0.6249550303899647,0.21213850421673375,0.7878614957832663,0.3872685154217534,0.3800882873271355,0.15430971564513724,0.19773879040981548,-2834.7758589115906
267,-414.4259308503485,0.8998626137864429,0.13148801768081522,3.0,7.0,0.0,417.3921756631327,0.9892297866448411,0.01077021335515893,0.6914396272260771,0.3085603727739229,0.2948425188206237,0.17436923791549241,0.27073434017425174,0.39258720404419406,-2820.4103637584462
268,-410.08705437625224,0.8438226646967656,0.1561688010514578,3.0,11.0,0.0,412.8580669521353,0.7004355366589164,0.29956446334108355,0.4401553485620314,0.5598446514379686,0.39057280033009223,-0.09198766933394288,0.07991017700226045,0.4716570565709812,-2811.9822198980823
269,-410.70582015073194,0.8661416265389072,0.17433156462820298,4.0,15.0,0.0,411.6322736478761,0.23889930275714874,0.7611006972428512,0.2743708055464527,0.7256291944535473,0.46848070260372854,-0.017287459091373025,0.4967041503557263,-0.02052185166235937,-2813.727411673378
270,-412.1376585144708,0.9753030212433254,0.11939575064939824,4.0,15.0,0.0,414.3641996432004,0.6076201150119768,0.39237988498802323,0.879991887857836,0.120008112142164,0.4009535974428689,-0.3931989767340546,0.07150787414313287,0.2664017495270557,-2821.1753215391263
271,-411.94824671595336,0.9628928091791019,0.13148801768081522,4.0,15.0,0.0,415.9369055854694,0.5923522959180646,0.4076477040819354,0.5960461686455711,0.40395383135442886,-0.1349888479781169,0.3630808957011938,0.2212874612595569,0.4542157818048404,-2825.635830194506
272,-410.09645577412243,0.9730353427831875,0.1561688010514578,4.0,15.0,0.0,410.7634654117547,0.5874483369429133,0.4125516630570867,0.47282494459331176,0.5271750554066883,0.35094611856524466,-0.0948727433645257,0.16992225124633462,0.33429669221959013,-2813.2230107632327
273,-410.93911867145437,0.9559442365109723,0.17433156462820298,4.0,31.0,0.0,412.0637551871072,0.7588740914145017,0.24112590858549832,0.5592578842923651,0.4407421157076349,0.11364114214974103,-0.02849381695857878,0.0547316472724613,0.5751439214082246,-2816.9610800391424
274,-413.8483975506772,0.8836911538744229,0.11939575064939824,4.0,15.0,0.0,416.19289832977927,0.21023482654258635,0.7897651734574136,0.7782842888153517,0.22171571118464828,0.5299575181432161,-0.456513145594304,0.5697551175998797,-0.07041583997392613,-2833.5161095205226
275,-411.0084687388258,0.9965040035817152,0.13148801768081522,4.0,19.0,0.0,413.8555748940606,0.8623333851899241,0.13766661481007592,0.7224865237996174,0.2775134762003826,0.11112916250348437,0.2148794949944567,0.053342245553937656,0.1903739608846043,-2813.2406126774745
276,-409.64501053077436,0.9877895267174852,0.1561688010514578,3.0,15.0,0.0,411.31209020297496,0.5875324660921373,0.4124675339078627,0.46493527052097466,0.5350647294790254,0.3799706171756297,-0.09970142273038939,0.1747157009316631,0.19295178685870193,-2810.134289333839
277,-411.68385858676555,0.9186995738084267,0.17433156462820298,2.0,7.0,0.0,413.87310141771366,0.6146148663967125,0.3853851336032875,0.5343765934181487,0.4656234065818513,0.006351644726702688,0.027311211503843868,0.0429960012085511,0.534127015976998,-2824.0047757400303
278,-411.81299042813936,1.0,0.11939575064939824,4.0,15.0,0.0,415.52811754650395,0.12344217015705602,0.876557829842944,0.4556305340381997,0.5443694659618004,0.2349939614654813,0.33628610503635603,0.5419012191525371,0.0776477379156955,-2819.3074467361394
279,-411.2684273413214,0.9630480780948985,0.13148801768081522,4.0,15.0,0.0,413.13320875779334,0.481039168386551,0.5189608316134491,0.18086499841930884,0.8191350015806912,0.5868471543673399,0.18773729999495353,-0.10872524604694575,0.3001874716111965,-2817.74927420642
280,-411.2916174753696,0.9641735981652315,0.1561688010514578,4.0,15.0,0.0,412.688960242865,0.06286876717801651,0.9371312328219835,0.3752822205749767,0.6247177794250234,0.09088466494873283,0.22203801918623872,0.11316699097131569,0.09297662240774396,-2811.453434889242
281,-410.7459395161502,0.9191399811518021,0.17433156462820298,3.0,15.0,0.0,414.29626289757556,0.3700669174025458,0.6299330825974542,0.325096018004515,0.674903981995485,0.09000097354138886,0.12109535568213105,-0.0052262542236658285,0.41355442022334205,-2816.6280933105736
282,-410.4137119203459,0.9789666587200245,0.11939575064939824,5.0,31.0,0.0,413.7315429650487,0.7818385792819043,0.21816142071809574,0.6956849960693131,0.3043150039306869,0.19840130560620073,-0.113822999919615,0.2667427580967549,-0.16313718166577898,-2811.966012376029
283,-412.8513479207954,0.9636901321807005,0.13148801768081522,4.0,31.0,0.0,414.34960841001816,0.7316280169873468,0.2683719830126532,0.06159093870436184,0.9384090612956382,1.1437729225573932,0.18727432612903094,0.09481355791741508,0.6682484983742538,-2819.3852548599652
284,-411.70630704268603,0.9713809796079864,0.1561688010514578,4.0,31.0,0.0,414.2139553831843,0.6292059059748116,0.37079409402518837,0.11951904368168642,0.8804809563183136,1.2210997056631967,-0.035176749240279026,-0.046688566972529086,0.38521202550358175,-2816.9409777204296
285,-410.7968049172096,0.9988613933818367,0.17433156462820298,4.0,15.0,0.0,411.57508035981283,0.7495906780529193,0.25040932194708065,0.6901436683839257,0.3098563316160743,0.12334647583157302,0.07618762074147888,0.36552671318530133,-0.18266906854792692,-2815.3103520498257
286,-411.62473417384916,0.9533362587704566,0.11939575064939824,3.0,15.0,0.0,415.9127490046715,0.9068216889071776,0.09317831109282237,0.40614135148259184,0.5938586485174082,0.06583222040878764,0.37685700302395164,0.10058881663782399,-0.06311200485948076,-2816.3709860869603
287,-413.1362771055214,0.9105023127373625,0.13148801768081522,4.0,23.0,0.0,418.1049753860188,0.9560915012759944,0.043908498724005596,0.3303613455584868,0.6696386544415132,-0.5069357444987229,0.31638136293754654,0.24896250918757307,-0.34473455460751445,-2821.0575196216632
288,-410.28416500314273,0.9662599561764431,0.1561688010514578,4.0,15.0,0.0,412.6775324871701,0.46844144919199737,0.5315585508080026,0.48639815219912585,0.5136018478008741,0.06418022151690496,0.19189761341758757,0.46775602845909925,0.046287559196301994,-2814.7314274009154
289,-411.89270433393057,0.8851699039474867,0.17433156462820298,4.0,31.0,0.0,414.3905633449364,0.06259433251251922,0.9374056674874808,0.615631401189807,0.38436859881019303,0.24458680144046058,-0.18997272725004963,-0.6776307268416615,0.17468676562340446,-2815.204015230029
290,-410.2235859674429,0.9267090267676317,0.11939575064939824,4.0,23.0,0.0,413.7977890708795,0.7592352366506161,0.2407647633493839,0.7571345041681534,0.24286549583184658,0.22982941523927908,-0.006148933313687974,0.1709882715373121,0.2984397575681499,-2810.139436687236
291,-413.60020762161105,0.9099523932251126,0.13148801768081522,2.0,7.0,0.0,416.356992643208,0.8911382092197245,0.10886179078027547,0.20866735435623998,0.79133264564376,0.11784440375451397,0.24579489504592467,0.020692330501840026,-0.3767165984441646,-2828.305409676613
292,-410.92553633348047,0.9909133666453751,0.1561688010514578,4.0,23.0,0.0,412.26376252307045,0.3634304544835181,0.6365695455164819,0.23462413446654887,0.7653758655334512,-0.5712741668361873,0.2963841331183066,0.21825974664510372,0.22293143309077867,-2816.1578652234916
293,-411.168481229695,0.9544349955313325,0.17433156462820298,4.0,15.0,0.0,412.93324756421595,0.5617262708902648,0.43827372910973517,0.42803838896626084,0.5719616110337391,-0.3336319825940658,0.5214540012879283,0.38497154427413566,0.10225564171245312,-2820.380304648306
294,-411.47978151975406,0.9443034119641572,0.11939575064939824,5.0,31.0,0.0,413.8162049532674,0.9097242915960615,0.0902757084039385,0.269259844672847,0.730740155327153,0.6414998913778275,0.0534696757595348,0.2548235143689171,-0.4220937713400933,-2813.337520497824
295,-413.2229403689267,0.9904543833779149,0.13148801768081522,5.0,31.0,0.0,417.7395958147994,0.8290638842125087,0.17093611578749135,0.9627779013142169,0.03722209868578308,0.27875028736645646,-0.5664674692324614,0.013019329113993477,0.4076923240377072,-2817.4634553728993
296,-411.6101955642519,0.9500155905107105,0.1561688010514578,4.0,15.0,0.0,413.9333488083419,0.9269373115864864,0.0730626884135136,0.23526947278997354,0.7647305272100264,-0.056491432618361426,0.20522462430503893,0.1934191878106212,-0.677954938957938,-2812.3878436214964
297,-413.2054403088042,0.748651702103755,0.17433156462820298,2.0,3.0,0.0,414.93644052040895,0.5040189873607901,0.4959810126392099,0.3869856917870745,0.6130143082129256,-0.31477639392846757,0.5252250476824916,0.5749177366169345,0.11924262864476587,-2834.1855724407974
298,-411.56591258382235,0.8180231356928452,0.11939575064939824,3.0,7.0,0.0,414.00261598586525,0.8840881770345261,0.11591182296547387,0.4249826474514531,0.5750173525485469,0.4781406419391918,0.07602380483325678,0.17529089450630303,-0.47974318120022325,-2817.0987689147314
299,-412.57000874740044,0.9148730361967116,0.13148801768081522,4.0,31.0,0.0,415.9272931322695,0.12312389329266779,0.8768761067073322,0.07059289015389646,0.9294071098461035,0.2311555460806173,0.08052850783994368,-0.04104566331123645,0.29060141281394436,-2815.6132390554662
300,-413.51363646821943,0.812050354960445,0.1561688010514578,4.0,15.0,0.0,415.5304282769319,0.8530978144581457,0.1469021855418543,0.6943357216534034,0.3056642783465966,0.08592861304648983,0.07850434845745789,0.13237634950358002,-0.814158182522281,-2830.7978302789843
301,-413.4058200793317,0.9885887710098611,0.17433156462820298,4.0,19.0,0.0,415.55770215040474,0.4711906003541419,0.528809399645858,0.878515112487415,0.12148488751258502,0.21918832066527538,-0.8702139989379389,-0.08797386183091915,0.05450436832117146,-2829.946452291186
302,-413.0999786746218,0.932637599382987,0.11939575064939824,3.0,15.0,0.0,416.0508497816236,0.866708780549309,0.133291219450691,0.3326057881398699,0.6673942118601301,0.3494933529314198,0.017146566933750308,0.41054420552320825,-0.846372883228795,-2827.417590189385
303,-411.213267102549,0.9375777656405703,0.13148801768081522,3.0,15.0,0.0,413.8503693006241,0.3930689027832331,0.606931097216767,0.33679287891991166,0.6632071210800883,0.2623237711331242,0.284232758289277,-0.0001863938702698978,0.12504807620715633,-2820.1639471818057
304,-414.8013403572263,0.9042004987495031,0.1561688010514578,4.0,15.0,0.0,416.5704939192748,0.9978358681939311,0.002164131806068892,0.46663158065542354,0.5333684193445765,0.2367877823345636,-0.025421749280969172,0.22705271460243048,-0.6367275920087355,-2812.896448233692
305,-415.59534905149906,0.8169019762091452,0.17433156462820298,4.0,15.0,0.0,417.6633351535044,0.228501019585915,0.771498980414085,0.4772861496282571,0.5227138503717429,-0.5487817986699726,0.46874647800495095,0.9064336493493463,0.140090730406352,-2848.0750160200687
306,-414.56038200059004,0.98262924248567,0.11939575064939824,3.0,7.0,0.0,415.046623924225,0.8089638488611991,0.1910361511388009,0.3636566978032988,0.6363433021967012,0.3976716464806355,0.07387305313592782,0.489314423144035,-0.9022953248373429,-2839.6219459466165
307,-411.6332851188623,0.9609129562484049,0.13148801768081522,4.0,19.0,0.0,413.6070326647546,0.8486447372921129,0.15135526270788713,0.23769017707604442,0.7623098229239555,-0.06209639412350983,0.35835750921814447,0.18477712153764767,0.4905259158424045,-2817.134409551531
308,-413.4340381223903,0.9724471161842434,0.1561688010514578,4.0,15.0,0.0,416.564746228775,0.985290139604093,0.014709860395907048,0.6312340516683093,0.36876594833169074,0.2391652560682732,-0.24880234397528345,0.18732017673392037,-1.1200110029415355,-2815.367797977357
309,-412.8809887848116,1.0,0.17433156462820298,4.0,15.0,0.0,418.43402510249433,0.02795517734009116,0.9720448226599089,0.8183591907947669,0.18164080920523307,0.18322818769929755,0.4194138013525154,0.9929328164943538,0.09819036268502064,-2812.9669507948906
310,-413.9577566560765,0.9977832631612966,0.11939575064939824,5.0,63.0,0.0,417.05245980485296,0.9918438579264104,0.008156142073589612,0.43914478886539265,0.5608552111346073,0.31646258123047066,-0.04960270437301567,0.13424161827840386,2.333679700251436,-2811.757080130083
311,-410.6493725905107,0.9501861165264944,0.13148801768081522,4.0,31.0,0.0,413.77462318479456,0.4705107823889712,0.5294892176110289,0.818454069014809,0.181545930985191,0.3028050589253666,-0.6500026166402841,0.22814741537887606,0.08807158948339261,-2813.399265828767
312,-418.93927697611196,0.6575011324486508,0.1561688010514578,5.0,31.0,0.0,422.33974145062376,0.9975614191588813,0.0024385808411186982,0.023859129419465448,0.9761408705805346,-2.070580407006664,0.1786466468212283,0.06910334058425946,-1.8023814398307807,-2819.843713291922
313,-413.26863107184016,0.7827703943458018,0.17433156462820298,4.0,23.0,0.0,416.58367103662863,0.10990801036135524,0.8900919896386448,0.09511593605912588,0.9048840639408742,-0.7934414542424121,0.10037429357818894,0.6200539494238964,0.07577490748741952,-2820.869960984732
314,-414.2733936597607,0.9797968750432078,0.11939575064939824,5.0,31.0,0.0,415.3949544587004,0.9519145539429775,0.048085446057022474,0.10422363921326358,0.8957763607867364,0.9230339233130994,0.15114392342408783,0.06764856148699097,1.8544482233988957,-2820.286294034497
315,-415.43586255400766,0.8888647493994386,0.13148801768081522,4.0,15.0,0.0,416.0107523070073,0.9880730644768333,0.011926935523166704,0.9830912046208794,0.0169087953791206,0.16510809976733856,-0.522178079681888,0.2093374954661121,0.3148155189078037,-2810.3689488588097
316,-418.2830859499067,0.9404160882198529,0.1561688010514578,4.0,31.0,0.0,422.34193341765234,0.8352094102380545,0.1647905897619455,0.028918491329811346,0.9710815086701886,-1.7135782629952996,0.16714599487720122,0.35131322768801276,-1.2488786881784888,-2847.0063913480344
317,-413.98140698261244,1.0,0.17433156462820298,4.0,15.0,0.0,414.6428646082069,0.12022734623323506,0.879772653766765,0.08132883740840363,0.9186711625915964,-0.7536101673843457,0.36115761059957524,1.1203484208726344,0.07433509343680762,-2824.5533582901676
318,-414.05668234571596,0.9767542314497046,0.11939575064939824,5.0,39.0,0.0,417.3601668242463,0.9528881762244062,0.04711182377559375,0.027172608568801267,0.9728273914311988,1.580393997160044,0.07857389142148974,0.10860255773234394,0.867045131312714,-2810.8462799497793
319,-413.7861316591634,0.8839806615099177,0.13148801768081522,5.0,31.0,0.0,418.5499169678649,0.8232422016340006,0.17675779836599936,0.6562657073270376,0.3437342926729624,0.25000035203661675,0.011954670526016065,0.509460974111241,-0.3269988312714981,-2834.362072213409
320,-415.52231608056974,0.951190285524163,0.1561688010514578,5.0,39.0,0.0,420.02218111644964,0.9809265018664566,0.01907349813354342,0.9793259647661053,0.02067403523389466,0.12853180120643218,-1.0717315658908069,0.21967947090377166,1.0317843118604642,-2813.936901596215
321,-414.3515102292934,0.8659612085510369,0.17433156462820298,4.0,15.0,0.0,416.4484417537942,0.03644535625570035,0.9635546437442997,0.18002249613839183,0.8199775038616082,-0.6149692742421471,0.25964641081088724,1.141455923504651,-0.019785175470197286,-2824.378574168448
322,-414.17644261091993,0.9896511299948664,0.11939575064939824,5.0,31.0,0.0,415.33596327972816,0.9763136250810517,0.023686374918948316,0.8353510847369303,0.16464891526306968,-0.11972124458532703,0.8163427702116002,0.17113480798706862,1.2653543336015851,-2819.3096748911157
323,-412.7470088758274,0.9499517817051844,0.13148801768081522,4.0,15.0,0.0,415.74570044721963,0.5661377373646941,0.4338622626353059,0.4744630459930356,0.5255369540069643,0.6049232602113884,-0.1450543960838624,0.10745112240929,-0.1990956181920489,-2831.4846530514587
324,-414.205441601669,0.97781951283432,0.1561688010514578,4.0,31.0,0.0,421.0731956992333,0.7773487007801714,0.22265129921982862,0.9877106709172304,0.012289329082769584,0.13222089385799463,-2.1019478563000433,0.270994720900514,-0.2448410792870853,-2814.6954862216394
325,-415.9204093460709,0.9909933368245086,0.17433156462820298,4.0,15.0,0.0,418.28978339671994,0.03582944135204517,0.9641705586479549,0.031104580360558902,0.9688954196394411,-1.2013436411847196,0.20694504166598243,1.1553989481301965,0.2845321941389165,-2823.1318408018983
326,-410.6708483186567,0.9605663007056482,0.11939575064939824,5.0,31.0,0.0,415.37927709757895,0.8308829542926981,0.1691170457073019,0.4190369775264561,0.5809630224735439,0.0021928171884790654,0.17487220916361268,0.05291457282211102,0.6885022117508336,-2813.0598676410973
327,-411.52220831562187,0.995295491460139,0.13148801768081522,4.0,15.0,0.0,414.8084057378527,0.4290109008995645,0.5709890991004355,0.9020700724371711,0.09792992756282892,0.22676313733297107,0.06609691259289822,0.20184634079311878,-0.04480027732826043,-2816.1306460386068
328,-410.94634000732486,0.9891591392812004,0.1561688010514578,5.0,31.0,0.0,415.90266796876955,0.4510551494351987,0.5489448505648014,0.925225029731825,0.07477497026817503,0.21200769106547449,-0.478752664962521,0.2876116096883985,0.12465152860837973,-2810.3019430615245
329,-415.0559460760935,0.9988187818223271,0.17433156462820298,3.0,15.0,0.0,417.22330656614946,0.07096322491687428,0.9290367750831258,0.04695838276974373,0.9530416172302563,-1.3510376322918844,0.20240456262946538,1.6172237745411544,0.0465420463894276,-2822.9900995079274
330,-411.01873974570003,0.9694269159440335,0.11939575064939824,4.0,15.0,0.0,413.45557823608885,0.37224393824367996,0.62775606175632,0.7279472801666972,0.2720527198333028,0.15131044369572064,-0.28849592884395353,0.00588663059651988,0.18597278967141162,-2817.8671478077513
331,-411.3989640506707,0.978797286560264,0.13148801768081522,4.0,31.0,0.0,413.9897729001534,0.5228521913793326,0.4771478086206674,0.4740573352975788,0.5259426647024212,0.6882534070137024,-0.11649462450209018,0.32528432979581434,-0.1292290809117152,-2822.1314142883393
332,-412.9765589286485,0.9546128615632575,0.1561688010514578,3.0,7.0,0.0,414.62279855234533,0.8134359875034524,0.18656401249654764,0.887507636554377,0.11249236344562297,0.3821073274238609,-0.9548034942408443,0.038456159507565285,0.31319472179638874,-2822.800512741707
333,-413.06709554959986,0.9003501936181624,0.17433156462820298,4.0,15.0,0.0,417.00105937051075,0.013311470769643254,0.9866885292303568,0.33675216841630307,0.6632478315836969,-0.015964515033721427,0.16300538344297932,1.2808857565352327,0.11239139964812946,-2811.632789696869
334,-412.35247320896167,0.907454136706031,0.11939575064939824,3.0,11.0,0.0,414.5046764837068,0.6152532917652854,0.3847467082347146,0.8200522921405609,0.17994770785943914,0.47009152409861255,-0.43086338818946673,0.20630010949764793,-0.04973494120100608,-2824.868827288272
335,-411.04821907204376,0.9749624628921479,0.13148801768081522,5.0,31.0,0.0,413.4877990215017,0.19333897302869651,0.8066610269713035,0.7994702853616958,0.20052971463830416,0.19956866390041594,0.3236398656391154,-0.2744190351699829,0.2658280137179275,-2813.6885753512734
336,-417.2711815934295,0.7901859723458561,0.1561688010514578,3.0,7.0,0.0,419.12720933286295,0.9204950307173728,0.07950496928262718,0.9324942305075276,0.06750576949247244,0.2989282227685877,-0.38961034610300804,-0.1376961122220577,0.5126832543958866,-2844.7904472803825
337,-414.3276697456493,0.9295400867587625,0.17433156462820298,3.0,7.0,0.0,416.0372359738031,0.003728484312852415,0.9962715156871476,0.4455652440431694,0.5544347559568306,-0.246417017994762,0.4343317119023389,0.9830191244050729,0.11015048018221128,-2812.703144361079
338,-411.7395770262653,0.9830162577719572,0.11939575064939824,4.0,15.0,0.0,415.11465894302677,0.5630207547776643,0.43697924522233567,0.7730145477095339,0.22698545229046607,0.04256485614672083,-0.16274056878532506,0.0852009374931024,0.1834042527081114,-2822.4279367060394
339,-411.41417382604925,0.8685739002739191,0.13148801768081522,4.0,15.0,0.0,412.9453823369961,0.1784140253210393,0.8215859746789607,0.5492570472660268,0.45074295273397325,0.3661259025723884,0.11680833594927749,-0.47489362619652736,0.2613747618253425,-2818.6595865379813
340,-411.0779731850124,1.0,0.1561688010514578,4.0,15.0,0.0,418.0849154265838,0.8256266131574564,0.17437338684254355,0.8111810272825352,0.18881897271746484,0.3509159654022943,-0.32748410214528606,0.18752817710684058,-0.11060159835709779,-2813.0372394513306
341,-414.95993687256697,0.8476994523275612,0.17433156462820298,4.0,15.0,0.0,416.57809879290585,0.3608794950614267,0.6391205049385733,0.6555648635184481,0.3444351364815519,0.21058327103711366,0.4063303629930852,0.9724336093298478,-0.019706334767417705,-2845.0317003598966
342,-411.0243418524715,0.9930106429503485,0.11939575064939824,3.0,15.0,0.0,413.08468416647554,0.42967929052117804,0.570320709478822,0.08907101364564243,0.9109289863543576,0.549257805875993,0.043539890073931595,0.07722454432875224,0.2695367302802008,-2811.861769043223
343,-412.6968126247802,0.9125526488174233,0.13148801768081522,2.0,7.0,0.0,414.2776979843575,0.2215552790589616,0.7784447209410383,0.45488788210783576,0.5451121178921643,0.3265158792134976,0.04551656691556074,-0.408544507322849,0.07616653232263124,-2828.792307004709
344,-412.9373822677165,0.9359927371037564,0.1561688010514578,3.0,7.0,0.0,414.0572466996846,0.48281297424435776,0.5171870257556422,0.6776668432684629,0.32233315673153706,0.3059584167601704,-0.28536831534979623,0.508985767399703,-0.3979474489196471,-2831.8658950041363
345,-411.3614159384724,1.0,0.17433156462820298,2.0,3.0,0.0,414.8141086098826,0.18909435058614674,0.8109056494138532,0.619760569523555,0.38023943047644504,0.06119209144931573,0.28152530780977053,0.7952916222269218,-0.07334962976416086,-2818.0244183528275
346,-410.07416237069634,0.9990044685177333,0.11939575064939824,4.0,23.0,0.0,411.6360301680006,0.6516517645969375,0.3483482354030625,0.5898232642573351,0.4101767357426649,0.405354276297466,-0.2241509790554244,0.26473026648443604,-0.11195083373663725,-2812.389767111942
347,-412.91659727070555,0.9579331678911412,0.13148801768081522,2.0,3.0,0.0,414.2659113439608,0.2515530824721109,0.7484469175278892,0.387578741253216,0.612421258746784,0.2637016009055795,0.06314618612455213,-0.4889434146654233,0.11798043121098614,-2830.575379660959
348,-412.86876586165806,0.9569639014115136,0.1561688010514578,4.0,15.0,0.0,416.9098946048983,0.25253027766808,0.74746972233192,0.9389745132006773,0.06102548679932274,0.30724476107732207,-0.3331861140551875,0.530180126447577,-0.04815032793616428,-2820.3048663175236
349,-412.9396633932924,0.925856602337381,0.17433156462820298,5.0,31.0,0.0,415.8971389310333,0.848758173626377,0.15124182637362305,0.03989287464521321,0.9601071253547868,-1.178894282438943,0.1744816770540406,0.02791340160932733,0.5573513901396255,-2814.2753313580224
350,-411.4741730902467,0.9743409694799645,0.11939575064939824,4.0,31.0,0.0,414.0253062193657,0.8492343469995716,0.15076565300042843,0.8350722094164351,0.16492779058356488,0.22746922205077422,-0.39616817215963906,0.038299269363115895,0.2648807983524297,-2814.2277881771747
351,-411.98078989264644,0.9959304830520471,0.13148801768081522,4.0,23.0,0.0,416.2578108395312,0.08257433328093666,0.9174256667190633,0.18150707562256607,0.8184929243774339,0.8299924394407799,-0.008624398748691638,0.9545183785867597,0.058493795922823735,-2813.4828751553728
352,-411.4437994868168,0.9114024812352234,0.1561688010514578,4.0,15.0,0.0,418.1701175796279,0.8070024562230478,0.19299754377695222,0.49361602616525524,0.5063839738347448,-0.24439523859458562,0.5292566837416973,-0.04598745197261189,0.6411975149791397,-2819.0804836402476
353,-411.31644055993434,0.8847954810466374,0.17433156462820298,4.0,15.0,0.0,414.89047869878834,0.7603006360811355,0.23969936391886448,0.12750031271643048,0.8724996872835695,0.3093828909343418,0.16915097274641744,0.04335919953182475,0.6851170199606473,-2813.8295618546604
354,-412.48849308943244,0.8151635602607197,0.11939575064939824,3.0,15.0,0.0,417.7606020045044,0.9494118150027058,0.05058818499729423,0.675093186819443,0.32490681318055703,0.5233871772596322,-0.3758306956583565,0.15131669738338843,0.20477783020471044,-2817.503586567718
355,-412.0737223119736,0.9093736886232805,0.13148801768081522,3.0,7.0,0.0,413.39546736277447,0.05281494992183387,0.9471850500781661,0.23284452563801272,0.7671554743619873,0.6865051790827592,-0.06028738738139609,0.995502380581042,0.13244835355038928,-2812.6349581553077
356,-410.10264156828396,0.9938882364824996,0.1561688010514578,3.0,15.0,0.0,413.16465447978766,0.37533007482704034,0.6246699251729597,0.7380749736000243,0.2619250263999757,-0.013202985276909912,0.7249265487989671,0.045851349977382314,0.23876879045633617,-2811.011903021819
357,-412.4050122203947,0.8729345270522674,0.17433156462820298,4.0,15.0,0.0,414.0371381215706,0.9608544620065728,0.03914553799342724,0.11744236326663218,0.8825576367333678,-0.055534078560767475,0.19329469389094206,0.19228818133601175,0.5041008605414292,-2810.188341045202
358,-412.15442949688264,0.9911301790619728,0.11939575064939824,3.0,7.0,0.0,413.0487792177422,0.9551395783717803,0.04486042162821968,0.6396902942724001,0.3603097057275999,0.43973928942886914,-0.4087718118849309,0.19365031187264836,0.20854057333768106,-2814.7830910225493
359,-413.2655076121642,0.9568325351932537,0.13148801768081522,3.0,7.0,0.0,416.04303747547243,0.06472163707424085,0.9352783629257592,0.33289890978926506,0.6671010902107349,0.5826125968672338,-0.2716028904122273,0.9329301757827967,0.11524350636162695,-2823.849609600391
360,-410.7432683232421,0.943594432989041,0.1561688010514578,4.0,15.0,0.0,412.33466381563113,0.27945289845891064,0.7205471015410894,0.405009112653062,0.5949908873469381,0.050759414754151896,0.1675424997675353,0.501742769354569,-0.08235518956629581,-2816.1633465162527
361,-411.97227394993394,0.925787755166916,0.17433156462820298,4.0,15.0,0.0,414.1529149037413,0.7723384468948262,0.22766155310517378,0.7988661448467504,0.20113385515324955,0.20580612744238846,0.2123297455079546,-0.11141881252781721,0.6154728410674253,-2820.7533198346136
362,-410.9836328789967,0.8789703343434748,0.11939575064939824,4.0,15.0,0.0,416.21674383524993,0.8295810940293972,0.17041890597060283,0.475788264038658,0.5242117359613421,0.6384573872397531,-0.1701437053951718,0.14724239433406916,0.03409201236521528,-2815.4714165434166
363,-410.739158620596,0.9589638684799312,0.13148801768081522,4.0,15.0,0.0,415.2092804849284,0.4244195193421382,0.5755804806578618,0.5730404657498614,0.42695953425013855,-0.18694224210620122,0.4352052294850588,0.10653171448939774,0.036003223448161266,-2817.6199123645115
364,-410.85245950899883,0.9961344347608004,0.1561688010514578,4.0,15.0,0.0,412.85775773759667,0.7289602299420886,0.27103977005791136,0.1178818202140847,0.8821181797859153,0.25953565693559605,0.1543340245471752,0.29464585017764405,-0.0317677983653811,-2811.0761706845174
365,-412.6409403639952,0.9694025711071717,0.17433156462820298,5.0,31.0,0.0,415.64118497594677,0.039048035724837886,0.9609519642751622,0.24583471239772925,0.7541652876022708,-0.3131698753034857,0.36974145460115904,1.3120040423486186,0.16257391640207425,-2814.3927892057136
366,-411.072297846186,0.9483756974004306,0.11939575064939824,4.0,31.0,0.0,413.3458811364385,0.8279046598776396,0.17209534012236039,0.27621186322219066,0.7237881367778094,0.7008050171622368,-0.08423529194644383,0.05724097928152431,0.20733345715024998,-2814.5360789582173
367,-409.99575042203145,0.8797337335560715,0.13148801768081522,4.0,15.0,0.0,412.89782655489637,0.4766602222999557,0.5233397777000444,0.7016026013533099,0.2983973986466901,0.0758335181887344,0.3119541196770246,0.3742435611868993,0.07310628064932159,-2811.5427374440746
368,-411.4693705704142,0.8957420462318397,0.1561688010514578,3.0,15.0,0.0,413.20365986644856,0.8547859627527504,0.14521403724724957,0.11207603788654345,0.8879239621134566,0.4852305302505705,0.05121804637584168,0.16500993399600808,-0.13292709599562144,-2811.7334116896955
369,-412.31606711620344,0.9582309295212117,0.17433156462820298,4.0,31.0,0.0,413.58718742220765,0.04901633195635412,0.9509836680436459,0.4664112110764963,0.5335887889235037,0.12903723755076954,0.2227738369260706,1.5888330602850718,0.14504425723069578,-2815.1377223393506
370,-411.81609648523306,0.9785552326114503,0.11939575064939824,5.0,63.0,0.0,413.4368088329849,0.17348135608451606,0.8265186439154839,0.06755445343014503,0.932445546569855,0.7980603921835053,0.07997807191989348,0.6363409260707211,0.08567648654385304,-2811.29867263112
371,-411.5699546762317,0.9642884371678828,0.13148801768081522,4.0,15.0,0.0,411.9264112201332,0.17256987423922265,0.8274301257607773,0.30624770463997586,0.6937522953600241,-0.27610670958998806,0.321721013934939,0.31161451719934036,0.28617932036615085,-2818.5695006293477
372,-412.2222943007952,0.7124415020985768,0.1561688010514578,4.0,31.0,0.0,419.2292909586899,0.9706204638761227,0.029379536123877337,0.2524660942158461,0.7475339057841539,-0.18833631324705358,0.19320621193766427,0.18662334241221182,-0.34311039636702484,-2811.244984496947
373,-412.87806710376134,0.91126922969267,0.17433156462820298,4.0,15.0,0.0,414.2805237227485,0.08193153811988835,0.9180684618801116,0.6937267396371362,0.30627326036286384,0.41077906239979906,-0.22132923563480517,1.3816400951972456,0.1587313237374317,-2821.6299776072105
374,-413.1343419864185,0.9769381650887089,0.11939575064939824,5.0,63.0,0.0,415.29038354216095,0.832949106579291,0.167050893420709,0.9039009437841007,0.09609905621589931,0.18022257661493407,-0.7576952133397371,-0.07633830202312789,0.6740529608164089,-2822.40758463039
375,-414.0598570783149,0.9409123989854171,0.13148801768081522,4.0,31.0,0.0,416.4584960574558,0.8657708694039761,0.13422913059602393,0.8640367938596327,0.13596320614036728,0.02580776217926814,-0.4389976296849319,0.2712483427660136,-0.37324691767081786,-2830.2124734498093
376,-410.5168598200464,0.9974166219232966,0.1561688010514578,4.0,15.0,0.0,413.58547685986935,0.6830265537012248,0.3169734462987752,0.2836910276352878,0.7163089723647122,-0.48435678168518026,0.38796374468732353,0.16384578186322493,0.11674718093827115,-2813.8049570920825
377,-413.61657859086046,0.9882691850826227,0.17433156462820298,4.0,15.0,0.0,414.22106367761256,0.06770219179701874,0.9322978082029812,0.7469518934680391,0.25304810653196086,0.127033084677998,-0.2351288435119352,1.5007347221732277,0.03352234118276526,-2824.5625848668797
378,-413.8549265881985,0.9435110189419467,0.11939575064939824,4.0,27.0,0.0,417.5229818808973,0.39736057418658804,0.602639425813412,0.23857870048480392,0.7614212995151961,0.170219633125099,0.3607204769061091,0.48474312166842426,-0.2592795960560977,-2836.7546204145183
379,-411.54332193797285,1.0,0.13148801768081522,4.0,15.0,0.0,415.2048580681818,0.6317742177625499,0.36822578223745006,0.3831091739548087,0.6168908260451913,-0.3500486649494202,0.6250765482746728,0.17820028574342145,0.20186516113861047,-2822.2968860283872
380,-413.1820232654458,0.9197931945618203,0.1561688010514578,4.0,31.0,0.0,414.8028863369748,0.8129051422306647,0.18709485776933532,0.014797137889432791,0.9852028621105672,-1.0725193674771096,0.166065926170411,0.06516869628375761,0.4958748328661245,-2810.7104429074952
381,-413.5282219177856,0.8562458180424012,0.17433156462820298,5.0,31.0,0.0,415.83214093631756,0.05282035697507935,0.9471796430249206,0.564452012522876,0.435547987477124,0.29072412124516883,-0.38549746995952344,1.078681758849151,0.08440219883749223,-2824.95809482198
382,-413.5490194796634,0.9998168483882971,0.11939575064939824,5.0,31.0,0.0,418.34098498130527,0.9405179132956609,0.05948208670433908,0.08844460168301499,0.9115553983169851,-0.7649195804971092,0.30286901291703633,0.136474473595198,1.3299597703659434,-2817.256162197523
383,-409.8441606618644,0.9680776994466707,0.13148801768081522,3.0,7.0,0.0,412.181111967877,0.6833774453536562,0.3166225546463438,0.3867298623289032,0.6132701376710967,-0.08698672434446236,0.3838152399727899,0.1489960441541348,0.18623938012605273,-2810.406132977452
384,-411.25468438813084,0.9771734262289424,0.1561688010514578,4.0,15.0,0.0,414.3020283708485,0.8358315317276,0.16416846827239995,0.31718820395264585,0.6828117960473541,-0.35168018064865914,0.41152131889197835,0.11823447301753152,0.7274590938061188,-2815.8371066570126
385,-413.44365307008263,0.48049577318707576,0.17433156462820298,3.0,11.0,0.0,419.4071724300939,0.09632760063535224,0.9036723993646477,0.8687202113537759,0.13127978864622414,0.3770116691900921,-0.13221948285646692,0.8092204583659899,0.14499650190574015,-2823.38450658786
386,-413.1011238771775,0.9777295033770177,0.11939575064939824,5.0,31.0,0.0,415.1495739658301,0.9561559900819404,0.04384400991805959,0.5538295762769826,0.4461704237230174,0.15056253341825715,0.1544692730755608,0.22221117634103554,1.6563390966501652,-2819.5819848021174
387,-412.0452882088499,0.9587360434183905,0.13148801768081522,3.0,7.0,0.0,414.34235192940906,0.26231365045102006,0.7376863495489799,0.7756116356638809,0.22438836433611908,0.15984193087302143,0.4520830249180923,0.07759585066783839,0.3875584924062139,-2822.5508620843048
388,-410.66031400604265,0.9234615714276174,0.1561688010514578,4.0,15.0,0.0,412.4146068549075,0.8679334610361412,0.13206653896385878,0.4029455078166762,0.5970544921833238,0.2674353550630265,0.07619191859018569,0.06609170784144841,0.7437676174884349,-2811.38844618016
389,-411.66989273101603,0.9193922611059542,0.17433156462820298,4.0,15.0,0.0,415.41399544717024,0.3351504111234461,0.6648495888765539,0.8545624673768549,0.14543753262314507,0.38439782528585037,-0.27721194153520257,0.09001579248979938,0.141182009676119,-2818.7217525509986
390,-412.29169012214606,0.9949390242291222,0.11939575064939824,5.0,39.0,0.0,413.9133188354241,0.9010776424576554,0.09892235754234457,0.31451740033283054,0.6854825996671694,-0.14824822037664612,0.31989300437654594,-0.03564090402874354,1.110834965277948,-2819.537204772634
391,-414.9457377956404,0.9833881409533433,0.13148801768081522,4.0,31.0,0.0,415.96403286250575,0.7812860164048645,0.2187139835951355,0.01304397368728293,0.9869560263127171,-1.250176845316838,0.19383068404718826,0.40881805140699773,-0.02965758293198892,-2822.5454805478803
392,-411.1909599537763,0.9854927457707396,0.1561688010514578,4.0,31.0,0.0,412.3285204436691,0.662677615637273,0.337322384362727,0.5415048822692968,0.45849511773070317,0.4869886444681852,-0.22267688834204974,-0.12257030069217711,0.6422503758459192,-2819.8167635286254
393,-410.74261481219924,0.9992740100980597,0.17433156462820298,2.0,7.0,0.0,414.4030933563685,0.41893339716827876,0.5810666028317213,0.4578230857599853,0.5421769142400147,0.3565562740718968,-0.24406295653725374,0.2673441837006816,0.08925460726579273,-2817.6939559747725
394,-415.06747342567263,0.9028374130778907,0.11939575064939824,3.0,7.0,0.0,416.0806609747079,0.881578322803357,0.11842167719664298,0.48582572607616087,0.5141742739238391,-0.4953249148909218,0.46098884729400474,0.11694565151506522,1.3032967387647725,-2840.120582657474
395,-412.66560952201945,0.9697787531443882,0.13148801768081522,3.0,7.0,0.0,416.30732929243936,0.5958227926520158,0.40417720734798424,0.01868406473706174,0.9813159352629383,-1.0051806920290394,0.1700794953684026,0.35654795400747186,0.0008253788681700336,-2812.1274544121625
396,-410.7096995786679,0.9520280177423516,0.1561688010514578,3.0,7.0,0.0,411.6968359457104,0.6221090174142146,0.37789098258578535,0.5671673021476968,0.43283269785230316,0.3716903724285543,-0.20119699195509097,-0.07490294884381427,0.6075466067550714,-2816.901336452226
397,-410.5997020673985,0.9781142665811565,0.17433156462820298,2.0,3.0,0.0,411.1817617896104,0.3839304794539649,0.6160695205460351,0.6712090546212919,0.3287909453787081,0.4401977818079586,-0.10268712835315169,0.2525656191437602,0.0589964948885514,-2815.6912424087195
398,-416.73740216236877,0.9579460133561183,0.11939575064939824,4.0,31.0,0.0,419.57939274857443,0.9980723828736618,0.0019276171263381547,0.8563446668449584,0.14365533315504164,0.3901530262596806,-0.4429551107847096,0.19018313311669438,1.8987670243722135,-2817.6032092238543
399,-413.59638584181135,0.9940236231676409,0.13148801768081522,4.0,15.0,0.0,415.10031950069936,0.14098302569321025,0.8590169743067897,0.019130894971007673,0.9808691050289924,-1.7346579629864347,0.16884247119154902,-0.1288341927982708,0.1868714908778271,-2812.308838610159
400,-412.02470368395564,0.7260318082824379,0.1561688010514578,4.0,15.0,0.0,415.2610193565374,0.9226721024341438,0.07732789756585623,0.308703818130272,0.6912961818697281,-0.10746247618375313,0.40849946555730693,0.2673266888426057,-0.45571049561784954,-2816.863564780071
401,-417.76884612937494,0.3254893588912265,0.17433156462820298,4.0,15.0,0.0,422.3246636821144,0.7811566849204612,0.2188433150795388,0.9485108483245258,0.05148915167547419,0.2502723943415507,0.04446246439154605,0.48560782757119425,0.29235812407949263,-2852.453811937774
402,-417.6987912268251,0.9970146711849814,0.11939575064939824,3.0,15.0,0.0,419.4384946589812,0.9996526716575791,0.00034732834242090505,0.7612343107558756,0.23876568924412445,0.24294314232301667,-0.44682634008644234,0.09160929910727691,1.7725997607746968,-2815.6146601381024
403,-414.49281002011764,0.9967859701818473,0.13148801768081522,4.0,31.0,0.0,415.5679979000973,0.10902209014910193,0.8909779098508981,0.021393338990638253,0.9786066610093618,-2.167068838617768,0.2052672975325415,-0.3055693505491129,0.21851234122912608,-2816.187783830468
404,-411.05681849652876,0.9861248745936085,0.1561688010514578,2.0,7.0,0.0,412.4722687705681,0.8773333956277997,0.12266660437220034,0.3734754617142254,0.6265245382857746,-0.06748760085494426,0.32540568705235506,0.29378077877075165,-0.4679312682516446,-2813.689199607895
405,-411.6920789361843,0.9498220217103629,0.17433156462820298,3.0,7.0,0.0,419.2561035772934,0.6791860730976452,0.3208139269023548,0.9429824885945232,0.05701751140547684,0.2100446771698415,0.10650617721911307,-0.01838143392382674,0.39216853435375804,-2812.969340930533
406,-414.292806352394,0.9692935875677469,0.11939575064939824,5.0,31.0,0.0,419.99890385245476,0.9052355750718024,0.09476442492819759,0.9080675565068338,0.0919324434931662,0.3171636854583617,-0.5842427121939533,0.03993581929287264,1.5255526925870815,-2825.3229748201347
407,-414.4030625184361,0.9820098985562326,0.13148801768081522,5.0,31.0,0.0,417.68068429987045,0.05550160015787951,0.9444983998421205,0.03660572642665757,0.9633942735733424,-1.4444590796909844,0.21117571325406848,-0.8706519937687093,0.17798365235174562,-2816.6004546889267
408,-413.6896530067007,0.7851174858090408,0.1561688010514578,4.0,15.0,0.0,415.4693913598978,0.8507844762645224,0.14921552373547764,0.5001913973979231,0.49980860260207693,-0.15116625630479258,0.17142777030861894,0.20147073380126856,-0.818216987070853,-2833.1751408615164
409,-410.9443069667201,1.0,0.17433156462820298,4.0,15.0,0.0,412.64725492844207,0.5210064676462023,0.4789935323537977,0.3480217388751205,0.6519782611248794,0.4081227628450575,-0.05703181658001684,0.5384484119136063,-0.12517848124040643,-2818.4579951374512
410,-415.74800920495767,0.4940964939044648,0.11939575064939824,4.0,27.0,0.0,421.42853178711437,0.9952041722872513,0.004795827712748668,0.9397824280202506,0.06021757197974942,0.15333102844267843,-0.4098197342525946,0.18584587913713133,2.1390338341624084,-2810.9805338337233
411,-414.0906814979475,0.9557909970744817,0.13148801768081522,4.0,15.0,0.0,416.1750630991574,0.08589361410624795,0.914106385893752,0.017396394264865698,0.9826036057351343,-0.878828273477948,0.1582213222852156,-0.7148234357851915,0.21817551323608156,-2813.58186164328
412,-412.07272948603423,0.9747711475177814,0.1561688010514578,4.0,15.0,0.0,415.7803452600266,0.9528484900527467,0.047151509947253256,0.8239963329103255,0.17600366708967452,0.03746600388311119,0.8191555281336149,0.22015958165141597,-0.09078224077846415,-2811.097608561188
413,-413.4548015806387,0.7880953643670783,0.17433156462820298,5.0,31.0,0.0,416.5126777569351,0.3764977810984959,0.623502218901504,0.9250416401602409,0.07495835983975907,0.247486506371412,0.9438207401156878,-0.2295675457274446,0.4655218533030962,-2826.543862236856
414,-412.9902240406057,0.9865058763103747,0.11939575064939824,5.0,31.0,0.0,418.71685867206264,0.7940427777041387,0.20595722229586133,0.9001657444143069,0.09983425558569314,0.09651766902615286,0.8809305910173146,-0.131235790051615,0.7591488687533383,-2822.493185084323
415,-417.3409821114357,0.7741893827019704,0.13148801768081522,2.0,7.0,0.0,418.0291266038783,0.06591749065148358,0.9340825093485164,0.009453336287332937,0.9905466637126671,-0.8721110237849935,-0.006529610538805991,-0.7118457980981066,0.11860613544387151,-2830.2619179822173
416,-412.6832176929904,0.8909762741121845,0.1561688010514578,4.0,15.0,0.0,414.53157328788666,0.942879450778664,0.057120549221336026,0.810017190504806,0.18998280949519397,-0.09770415328319453,0.6671028607756289,0.21319636689264815,-0.5299089379216738,-2816.9320687270333
417,-414.33236901999743,0.9600344108126955,0.17433156462820298,4.0,15.0,0.0,415.2495531208195,0.3690598645015605,0.6309401354984395,0.6272976221958686,0.3727023778041314,-0.16107096317602843,1.0774475575320142,-0.24858734095778862,0.2975093245432136,-2840.8459682045705
418,-410.0479283593382,0.9831621547937474,0.11939575064939824,5.0,31.0,0.0,414.3428337202495,0.7979990643932547,0.20200093560674526,0.4848415497638626,0.5151584502361374,-0.07155293522751179,0.3139880912833959,0.09124327780124189,0.327037473112409,-2810.131561947815
419,-416.3662578509902,0.9890822739462765,0.13148801768081522,5.0,31.0,0.0,421.3575006681689,0.5851299175716611,0.4148700824283389,0.9995125566892571,0.0004874433107429077,0.195599193999609,-1.8446117622114617,0.2802796906990736,0.03689485596007035,-2810.6525175050897
420,-409.930570413301,0.973388195020225,0.1561688010514578,4.0,31.0,0.0,414.7600789611345,0.6578041560264957,0.34219584397350433,0.5845618733144458,0.41543812668555424,0.24259589521766597,0.1244552799804734,0.31200567924736977,-0.0424790376031266,-2811.472627285912
421,-413.3364658006267,0.4480917829056226,0.17433156462820298,3.0,7.0,0.0,418.1008811006007,0.2890465305442026,0.7109534694557974,0.992036833014754,0.007963166985246017,0.16870377190404165,0.888747106676483,0.16343788345745108,0.21791162767692346,-2810.0863153564296
422,-410.5860727725793,0.8963677467419409,0.11939575064939824,4.0,15.0,0.0,412.62344499576295,0.6683541317841831,0.3316458682158169,0.1956335574228203,0.8043664425771797,-0.13605441759029094,0.15146384565718152,0.3205507315515206,-0.051347753222064293,-2812.9200180567486
423,-415.7754188588232,0.7344859339591109,0.13148801768081522,3.0,7.0,0.0,417.8041550049543,0.606161188580383,0.39383881141961696,0.998515229489182,0.0014847705108179676,0.10844822989119345,-1.8189900879507823,0.18166367595838764,-0.07432791674478655,-2814.2826271098306
424,-412.8433752440683,0.8174278668829933,0.1561688010514578,4.0,23.0,0.0,414.69819842285165,0.4890779256054037,0.5109220743945964,0.03806179758321164,0.9619382024167884,-0.03677843299985412,0.1653668097533504,0.14797851966620135,0.4414205277522153,-2819.1832289929707
425,-411.1386473585588,0.9914123945374468,0.17433156462820298,3.0,15.0,0.0,414.4828724606154,0.5280445885858938,0.47195541141410624,0.9476223896043301,0.052377610395669905,0.13999049403535316,0.7058903225058439,0.1887463689006106,0.16795918946319674,-2809.2004124050877
426,-409.5751914721662,0.9936387030462019,0.11939575064939824,5.0,31.0,0.0,412.0691093288619,0.4977672988021435,0.5022327011978565,0.6279210885261394,0.37207891147386063,0.3239522851449104,-0.11649198542722186,0.22539029853605352,0.09231672023161783,-2809.4715051279577
427,-410.0067720150552,0.7706481654585139,0.13148801768081522,5.0,31.0,0.0,417.7661826039996,0.3657091247728266,0.6342908752271734,0.28982381709805954,0.7101761829019404,0.606461594442201,0.009990641257739852,0.009688694742193568,0.2815825878513696,-2810.8276087296895
428,-413.6315996050837,0.8912926416870942,0.1561688010514578,5.0,63.0,0.0,420.53891653900337,0.4047619256100104,0.5952380743899897,0.03000048819397093,0.9699995118060291,0.16116821594620157,0.10785492023090412,-0.35756027337951696,0.31610007831044873,-2822.772518549357
429,-412.23413899123113,0.968228712394445,0.17433156462820298,4.0,31.0,0.0,413.21657593930564,0.8610872807320685,0.13891271926793147,0.5863221127709384,0.4136778872290616,-0.3094958689803333,0.726592732731961,0.06076463522623745,0.5074828177590899,-2822.3948084611875
430,-410.82012693939583,0.8579285096732993,0.11939575064939824,5.0,31.0,0.0,414.38325731701195,0.3086236368678138,0.6913763631321862,0.708497674911579,0.291502325088421,-0.03990538049972642,0.33615731402701876,0.5597709251879044,0.00985675079208977,-2815.909159018225
431,-411.9521245569006,0.9322277671419154,0.13148801768081522,4.0,23.0,0.0,413.71672879076914,0.9116011709978652,0.0883988290021348,0.8036596790029562,0.1963403209970438,0.04628075173057784,0.8528640692641215,0.15877140572367837,0.8364226335115326,-2814.256794588891
432,-411.00054755318126,0.993387162116909,0.1561688010514578,4.0,15.0,0.0,414.3384147771738,0.2241606747345907,0.7758393252654093,0.09333676669826188,0.9066632333017381,0.6351323934689117,0.11820095368362692,0.019275015051000488,0.23039381270189496,-2809.542729112825
433,-410.13523893340533,0.9030308974647804,0.17433156462820298,3.0,7.0,0.0,414.200438414377,0.34669956945012076,0.6533004305498793,0.5859377277608732,0.41406227223912684,0.22601924824650463,0.05854642889323544,0.05017816026793802,0.34032806756154704,-2812.923168829219
434,-411.3881711689459,0.8446914057830277,0.11939575064939824,4.0,15.0,0.0,413.4719318449227,0.3114818872322303,0.6885181127677698,0.6652785109569755,0.33472148904302446,-0.07041705717702662,0.7902001252453221,0.5668087355565639,-0.07441965324964933,-2819.932312992479
435,-413.70522258269034,0.945780127704417,0.13148801768081522,5.0,47.0,0.0,417.85641067294955,0.9215575009426884,0.0784424990573116,0.4470753215700309,0.5529246784299691,0.602785509832476,-0.3122827065384451,0.30016975505542226,-1.0773459229372628,-2828.49524387177
436,-411.7742415714315,0.9082757723870666,0.1561688010514578,4.0,31.0,0.0,414.11406652083525,0.40842946667678515,0.5915705333232149,0.47747119913185404,0.5225288008681459,-0.27625032059758864,0.5749269084508264,0.6126488308876022,-0.17552811156889422,-2824.331619033627
437,-410.6436707081518,0.9700314775536103,0.17433156462820298,3.0,11.0,0.0,412.08851315359817,0.37489701543717097,0.6251029845628291,0.22516807890919188,0.7748319210908081,-0.12218415882378351,0.2694720624999494,0.28607809347640695,-0.055146181916355286,-2814.393281783368
438,-409.5287559211478,0.9941599036492377,0.11939575064939824,4.0,15.0,0.0,412.0649192189263,0.46134999758293876,0.5386500024170613,0.5687866311748206,0.43121336882517936,0.1595346889209293,0.1628896967613484,0.2122191974359247,0.16583120753710803,-2809.4911491936177
439,-413.83281025267416,0.8346910606028727,0.13148801768081522,4.0,31.0,0.0,420.3616438237879,0.8632354838570441,0.13676451614295593,0.9390703363226769,0.06092966367732311,0.27756498407212593,-0.16991484111563446,0.2586667064247742,-0.8089164960464869,-2823.4202977570358
440,-412.0589934186292,0.775741725778369,0.1561688010514578,4.0,15.0,0.0,415.4493451953676,0.6172952404643463,0.38270475953565375,0.1541315463558209,0.8458684536441791,-0.2978766874133994,0.14217082758686497,0.46483594490554875,-0.011472867511590185,-2822.0812891108317
441,-411.0091077733029,0.9952171558410152,0.17433156462820298,4.0,15.0,0.0,411.45520624356885,0.7899470864207885,0.21005291357921152,0.7165235118784852,0.2834764881215148,0.12231370180200665,0.04831069961761583,0.1256185974862174,0.654674985262019,-2815.3333284987957
442,-411.8996466208114,0.9426968547831005,0.11939575064939824,4.0,31.0,0.0,413.02948641316664,0.5193642103851779,0.4806357896148221,0.9265494128485656,0.07345058715143438,0.16474018584498473,-1.1460038265207708,0.16631671532148115,0.13574719946236694,-2815.9540509763956
443,-413.14875663313467,0.9413822316247366,0.13148801768081522,5.0,31.0,0.0,417.2309627393604,0.861233198537607,0.13876680146239295,0.9694878008618617,0.030512199138138296,0.08311625724855243,0.3944553214500268,0.08489720264550094,0.014793019572412719,-2814.789728429388
444,-415.6022285810049,0.8676565761004801,0.1561688010514578,4.0,15.0,0.0,419.0525170900627,0.06731246371205685,0.9326875362879432,0.9626479213049772,0.03735207869502277,0.30475333013272,1.4906159542091475,0.2753220521108819,0.1661174109572749,-2826.697831843103
445,-412.0104578427088,0.702900837305831,0.17433156462820298,4.0,31.0,0.0,413.8759501027833,0.8721294791612757,0.1278705208387243,0.6832641802069153,0.31673581979308474,0.06532931274351376,-0.08039742424047291,0.13816807313959498,0.6036898600530368,-2820.001702898823
446,-413.13273873532455,0.9719199033816123,0.11939575064939824,4.0,15.0,0.0,413.64862118904927,0.6897745275778336,0.31022547242216636,0.9630696711658415,0.03693032883415848,0.2543579441681638,-1.0847583957594,0.08990831782692713,0.6173853810273037,-2818.714444550016
447,-412.24596643249345,0.9984622001699051,0.13148801768081522,5.0,31.0,0.0,414.35312698201244,0.4189049431919935,0.5810950568080064,0.06368136929804996,0.93631863070195,-0.16078985399530646,0.08481755530129273,-0.20037076882314114,0.42554408572483315,-2818.2368171361218
448,-415.54204450074394,0.9986412649651213,0.1561688010514578,5.0,31.0,0.0,417.0481183855899,0.9608873455167161,0.03911265448328394,0.9925318496940418,0.007468150305958154,0.10981650081075342,1.4521125391271643,0.22779336162221372,-0.6703951479475295,-2811.6531440493595
449,-411.1560575926211,0.9941407760018293,0.17433156462820298,4.0,31.0,0.0,413.0082754408088,0.1178997806735686,0.8821002193264313,0.3502258926424061,0.6497741073575939,0.4874163329231101,-0.11479335406845295,0.13222221459418548,0.0844410794857052,-2814.067250825216
450,-416.4300509436112,0.5093698759397313,0.11939575064939824,4.0,19.0,0.0,419.8294341446535,0.468482798447261,0.531517201552739,0.8198919799925598,0.1801080200074402,0.6090008021374451,-0.5622842472652971,-0.11330392068078275,0.15530164528177776,-2853.1550212494258
451,-412.04903604733,0.9830609973972025,0.13148801768081522,5.0,31.0,0.0,414.3409631145249,0.3436891593865386,0.6563108406134615,0.9568663939738127,0.04313360602618732,0.1785101089384012,0.8215022601324574,-0.08842025140439908,0.3598221410946064,-2813.2997367641774
452,-414.73281608025553,0.9584760677011013,0.1561688010514578,4.0,15.0,0.0,416.93429943798304,0.9773324581185212,0.022667541881478792,0.9534170680284949,0.04658293197150509,0.18452993837610673,1.470151208520643,0.11676933869055565,-0.5290868145866378,-2814.894540645528
453,-411.84633820022077,0.9952136713027178,0.17433156462820298,4.0,15.0,0.0,412.589083905757,0.9554070524357812,0.04459294756421883,0.8212006059224838,0.17879939407751622,0.14465277009851552,0.27071950851208143,0.12319263268134824,0.48239684773027697,-2809.5864699272806
454,-411.0942433680482,1.0,0.11939575064939824,2.0,3.0,0.0,416.31738269459385,0.46767538256944857,0.5323246174305514,0.7505812922090084,0.24941870779099162,0.2819112769106692,-0.4677789874824413,-0.06968455794163783,0.1777786597669692,-2818.2701194409374
455,-410.71399696381593,0.9874998446307984,0.13148801768081522,4.0,19.0,0.0,413.69724811213985,0.1440025424876072,0.8559974575123928,0.2942045292476103,0.7057954707523897,0.027085056058511102,0.16238199866124894,0.07693109234247932,0.24766928677120922,-2811.7111559307073
456,-412.8991654622986,0.951149786284043,0.1561688010514578,4.0,31.0,0.0,417.7394662329691,0.9629368864045109,0.03706311359548908,0.5752314648802245,0.4247685351197755,-0.09350873667604812,0.5901176187402184,0.05285861132101146,-0.27582045095121077,-2819.072818016446
457,-410.6360637691411,0.9975721904184789,0.17433156462820298,4.0,15.0,0.0,412.65833010810894,0.8925400550549383,0.10745994494506173,0.4347286129173245,0.5652713870826755,-0.03839915148314755,0.3944350489017194,0.1661501152297841,0.1799227758999838,-2810.4971267029327
458,-410.5137218087141,0.9984487795173947,0.11939575064939824,5.0,31.0,0.0,411.7707987559443,0.12398208804374164,0.8760179119562583,0.6956658673106524,0.3043341326893476,0.2774266935483453,-0.043678466205501656,0.29733749151003214,0.1310054178125104,-2809.5095468464065
459,-410.61751633338713,0.9623992997246683,0.13148801768081522,4.0,15.0,0.0,413.04419396392035,0.6620604754869978,0.33793952451300224,0.7050235462050207,0.2949764537949793,0.2513388476334789,-0.19623455856146926,-0.03722563083241398,0.27213187938755024,-2815.1016605586365
460,-413.8406703233485,0.9988784711354806,0.1561688010514578,4.0,31.0,0.0,414.9594454676549,0.004908714711375363,0.9950912852886247,0.5241492009500727,0.47585079904992733,0.22292876095371672,0.03806668392025197,-0.09640112413176698,0.23946492225002433,-2812.2553059483243
461,-411.39307208924845,0.8981023643652377,0.17433156462820298,3.0,15.0,0.0,415.3152848196181,0.8741024615733135,0.1258975384266865,0.29468170411808936,0.7053182958819106,0.0356403804265703,0.293533548748217,0.2824123326936114,0.0669066175841338,-2815.5582497278674
462,-411.2577645839272,0.9821275547951289,0.11939575064939824,4.0,23.0,0.0,412.69194679397674,0.8069787297251453,0.19302127027485472,0.3950053552252278,0.6049946447747723,-0.19689441452296663,0.44600937086815895,0.14914238440025368,-0.31685697357080717,-2817.82478526566
463,-411.3054658197958,0.9904941830067112,0.13148801768081522,3.0,7.0,0.0,412.2963784425208,0.7683396926122247,0.23166030738777532,0.9047156267874662,0.0952843732125338,0.26016642033059056,-0.4011413257623306,0.06186037450016592,0.5264077381897163,-2811.9036318581407
464,-414.5135317943705,0.8060972922837886,0.1561688010514578,4.0,31.0,0.0,417.5613824222792,0.0037817509708842926,0.9962182490291157,0.8045879901585534,0.19541200984144658,0.10798881746375788,0.22727971317427323,0.15577441218967053,0.23198197380724891,-2811.9014640004966
465,-414.27377155222325,0.7363276465182026,0.17433156462820298,3.0,15.0,0.0,417.4395672786867,0.7708170264330075,0.22918297356699247,0.7423044204679045,0.25769557953209554,0.22446742921944385,-0.15882637020965168,0.5497042009222086,-0.18197977441915994,-2837.94693339179
466,-411.0304442136007,0.9825414801643864,0.11939575064939824,4.0,15.0,0.0,412.4326347599207,0.6711689017650913,0.32883109823490875,0.8403778165594223,0.15962218344057766,0.12189112231851468,0.34120773582185027,0.3327872086490594,-0.3035938556836098,-2814.6952709954808
467,-411.66854432920945,0.3546724370728982,0.13148801768081522,2.0,7.0,0.0,417.56580418987863,0.623581748783865,0.37641825121613504,0.7831654594636097,0.21683454053639029,0.43966772367654017,-0.4167057793850805,-0.0773011480487289,0.4958119903811573,-2820.9119964089004
468,-418.3940024414686,0.8705916901910774,0.1561688010514578,4.0,15.0,0.0,420.48406624799014,0.0019001528686868596,0.9980998471313132,0.40995122035826387,0.5900487796417362,-0.6025435287802362,0.33092886821565204,0.15223175017557578,0.22777828262800995,-2836.590671019312
469,-415.0581750633549,0.99412705763705,0.17433156462820298,3.0,15.0,0.0,416.19740465027917,0.2147129070240316,0.7852870929759684,0.8358885617368875,0.16411143826311247,0.1652593543390397,0.26199417782335377,-0.23673082683922692,0.5630286280696013,-2840.696386832039
470,-412.2086634608652,0.9055026646865237,0.11939575064939824,4.0,15.0,0.0,413.99729068081785,0.9569543119500544,0.043045688049945574,0.5609839141366745,0.4390160858633255,-0.13045410446786088,0.6570364636108849,0.14185622424492633,-0.28267859384509253,-2815.250795013164
471,-413.2400380082331,0.9745425662386831,0.13148801768081522,5.0,31.0,0.0,417.2078927049553,0.9102494269250269,0.08975057307497314,0.13237036346246986,0.8676296365375301,-0.3544617298665085,0.27938185386942294,0.050440184804428356,1.4722907024053304,-2820.2596660132854
472,-414.21121764536235,0.9931734923337,0.1561688010514578,4.0,15.0,0.0,418.69748248253103,0.32150029550695264,0.6784997044930474,0.5366733632380902,0.46332663676190977,0.4325428492123775,-0.3305209053335243,-0.2986188552033879,0.6202856961213823,-2840.47323866575
473,-412.0004190064024,1.0,0.17433156462820298,2.0,3.0,0.0,414.91430322879455,0.40087656322732634,0.5991234367726737,0.82519521392145,0.17480478607855,0.14718441607464022,0.3314805541726831,-0.3520638683383735,0.2885833426516132,-2822.4774625714062
474,-411.73182672440157,0.9296902077427865,0.11939575064939824,4.0,15.0,0.0,413.4210594181169,0.465348199753814,0.534651800246186,0.8241286542483762,0.17587134575162378,0.013712811118459178,0.26293882783061334,0.4551337314176819,-0.19052243153354229,-2820.9213380774036
475,-411.3570598015278,0.9542827995337306,0.13148801768081522,5.0,31.0,0.0,416.0636512141585,0.8747099662045922,0.12529003379540782,0.8931994847779751,0.10680051522202494,0.1338143604758296,0.07710629967974095,0.20518716929226025,0.08058922820314224,-2809.986974320522
476,-411.64485246479137,1.0,0.1561688010514578,2.0,3.0,0.0,414.09111907839076,0.41923255879548105,0.580767441204519,0.5709003276824468,0.4290996723175532,0.5153114264867286,-0.2621328252966826,-0.32387197963627395,0.34751244916042395,-2823.5831130828747
477,-416.31096019161157,0.6482440991224299,0.17433156462820298,4.0,19.0,0.0,417.47449037569993,0.9724506310216521,0.02754936897834792,0.27387478323600717,0.7261252167639929,-0.1892102853134337,0.009892201468487113,0.0061005757452360365,0.43545282512280215,-2839.4185577690723
478,-410.7467435989254,0.9647550714745402,0.11939575064939824,4.0,15.0,0.0,415.7302032384016,0.47514103334436636,0.5248589666556336,0.8108914755941181,0.18910852440588188,0.2386510712907612,0.33757578395964205,0.188354860724188,0.18733032152594153,-2814.583772749991
479,-410.6616454048214,0.999592238286364,0.13148801768081522,4.0,15.0,0.0,412.3471680546574,0.7622478660212029,0.23775213397879713,0.8599371198499677,0.14006288015003232,0.187168823727361,0.15321600989071965,0.2192487191278972,0.13294775783488116,-2810.223667723675
480,-411.51508186640507,0.9777765209044751,0.1561688010514578,4.0,15.0,0.0,414.3803583534592,0.04332413113427898,0.956675868865721,0.6813877692430874,0.3186122307569126,0.2568895625782798,-0.12937576663998923,0.4405543489192588,0.17573583605987944,-2809.83914671076
481,-416.0180420853812,0.9686893048914876,0.17433156462820298,3.0,15.0,0.0,419.08133195663777,0.9466268062927208,0.05337319370727922,0.32167689192150245,0.6783231080784975,0.09942450633417449,0.4923310022270998,0.27336981014774425,0.9065309531415275,-2841.621220986407
482,-413.7597217982749,0.9891856488451621,0.11939575064939824,4.0,15.0,0.0,414.94234555992705,0.3169382472265721,0.683061752773428,0.9168766223811211,0.08312337761887889,-0.028436798239693695,0.7841529969433886,-0.29747697003870305,0.14516235624201768,-2829.1722567186475
483,-411.3983958537322,0.6085979045852263,0.13148801768081522,4.0,31.0,0.0,414.18750496633584,0.8212293504585931,0.17877064954140687,0.7495130689690672,0.2504869310309328,0.08897833471954497,-0.0028709715056926127,0.03631797273387379,0.2622068500683976,-2816.964378454439
484,-415.1572377706394,0.4299911876813081,0.1561688010514578,2.0,3.0,0.0,417.47565680382746,0.039806428224914335,0.9601935717750857,0.6724998551691183,0.32750014483088175,0.06307773007449827,-0.15571602192186132,0.4485194067730266,-0.011764836995155875,-2834.6055199919
485,-413.86123960125957,0.9913475778880925,0.17433156462820298,4.0,15.0,0.0,417.4769512645843,0.8228201885547809,0.1771798114452191,0.04066475940332432,0.9593352405966756,0.3655614036123893,0.26357479113878235,0.11004456061639036,0.8599474596967873,-2822.3180351056226
486,-414.63834427027604,0.9997881525644475,0.11939575064939824,4.0,31.0,0.0,416.9986569255672,0.15136926426570405,0.8486307357342959,0.8341336927526352,0.16586630724736484,0.18825750637582317,0.7443121790818161,1.3764093253656673,0.05029520894039524,-2834.2342806977213
487,-411.5317932432669,0.9997110724522078,0.13148801768081522,4.0,31.0,0.0,412.32029203935116,0.46218531283774666,0.5378146871622533,0.6000283238209388,0.39997167617906115,0.3455700692515861,-0.40251793090060906,-0.1535402387410532,0.2747907513420216,-2822.9582062558216
488,-412.60957209947156,0.9634947219319534,0.1561688010514578,4.0,23.0,0.0,417.5479629338959,0.20288566447710293,0.7971143355228971,0.05773110519328077,0.9422688948067193,1.0770962519685339,0.16744943800972042,0.2693867368513623,0.2654169068438997,-2816.360073263341
489,-415.35451824278493,0.8733269258078896,0.17433156462820298,4.0,15.0,0.0,417.5873695352135,0.4818692148803886,0.5181307851196114,0.9728814139869499,0.02711858601305006,0.29787576648910774,0.6648502038360463,0.12725074899476413,-0.11908711712092623,-2833.987685025127
490,-410.93739863288704,0.9929103779020008,0.11939575064939824,4.0,31.0,0.0,415.8670264111584,0.11447129400092765,0.8855287059990724,0.18825458134288092,0.8117454186571191,0.032003103522243045,0.21223835484414275,0.15342173193933606,0.12777056314003776,-2809.7925056885047
491,-412.9305373819652,0.9929427285948574,0.13148801768081522,4.0,15.0,0.0,416.59792315583934,0.3507998529170152,0.6492001470829848,0.9351266494217056,0.06487335057829435,0.24452850898194067,-0.5102188420587175,-0.30858011586985257,0.5111411475837188,-2822.260241832899
492,-412.7378581745238,0.9945933711956652,0.1561688010514578,3.0,15.0,0.0,415.1604321757367,0.10131465663633173,0.8986853433636682,0.10054944996575771,0.8994505500342422,0.7060748748039063,0.05418090756619849,0.4594288331105675,-0.0053141005963608795,-2817.3235853505735
493,-412.9372356222028,0.9596313017949152,0.17433156462820298,2.0,3.0,0.0,416.93494641424195,0.5310764098704239,0.4689235901295761,0.9653535469489378,0.034646453051062176,0.278052051570168,0.6885685667907054,0.21264458127013736,0.046894798817416455,-2818.878042133119
494,-410.7878929310118,0.9674758317372857,0.11939575064939824,5.0,31.0,0.0,412.5029271371163,0.7515149693587792,0.24848503064122085,0.8130787852608191,0.18692121473918089,-0.016256565572704038,0.5044446655709389,0.21493411638727664,-0.09383341470708947,-2812.7491470666346
495,-412.4401728704501,0.891041900365021,0.13148801768081522,3.0,7.0,0.0,415.37908221553954,0.4562115218256896,0.5437884781743104,0.8269891213206741,0.17301087867932585,0.3270980683320369,-0.6186811691771956,-0.3425978671424636,0.46806202725579443,-2825.2618087095616
496,-410.742752380023,0.9981070030538953,0.1561688010514578,4.0,31.0,0.0,415.048693920507,0.40179614564406146,0.5982038543559385,0.2246696524875326,0.7753303475124674,0.8692600133446866,0.04743661951248005,0.12492381959782613,0.26854105887632806,-2814.660423268086
497,-411.5924896226511,0.8454164340156132,0.17433156462820298,4.0,15.0,0.0,414.35336008456994,0.31507008055650276,0.6849299194434972,0.44453225407124386,0.5554677459287561,0.08342687906030187,0.5127077133283146,0.1816892264913279,0.18305298157193053,-2822.635700432675
498,-412.8767326877463,0.9972302538279243,0.11939575064939824,4.0,31.0,0.0,413.9219012720262,0.6468331459763366,0.35316685402366343,0.7679795477376845,0.2320204522623155,0.09245578878930487,-0.026506418456560918,-0.23848959667196645,0.4864278042399933,-2829.675511187979
499,-412.3343078910685,0.8552816896815074,0.13148801768081522,3.0,15.0,0.0,416.0489892103944,0.40521484124908114,0.5947851587509189,0.9475631223298525,0.052436877670147486,0.05591003089180502,-0.26707448670495515,0.3852275889564405,0.06782266758853699,-2817.5419668310055
500,-411.22766429211924,0.8649174497996535,0.1561688010514578,4.0,15.0,0.0,413.51818985036766,0.3324726007252577,0.6675273992747424,0.26036919961330773,0.7396308003866923,0.34725722809311754,0.18060723689396224,-0.21589920879780117,0.4387685195316641,-2818.543691405353
501,-413.82600524467796,0.9985311495282716,0.17433156462820298,4.0,15.0,0.0,413.9635972915892,0.7029781182537964,0.2970218817462036,0.0178218426662463,0.9821781573337537,-0.9505244946777672,0.035912956997574255,0.1882788386389218,0.1956527189378829,-2818.9996590825563
502,-412.30033945196067,0.9128847844036319,0.11939575064939824,4.0,15.0,0.0,418.4882183737356,0.913249824192577,0.08675017580742295,0.40034046292098263,0.5996595370790174,-0.32172773651281245,0.44339508808548317,0.23827599728576793,0.6953931198329133,-2819.9735280386485
503,-411.9664050705333,0.9714076725252483,0.13148801768081522,3.0,15.0,0.0,414.8147872632674,0.3355923651709054,0.6644076348290946,0.9522257477509896,0.04777425224901044,0.07506027159697706,-0.1399877008165069,0.3275525957409375,0.062156891632144134,-2813.9322618622496
504,-410.5236774094902,0.9835186580866941,0.1561688010514578,3.0,15.0,0.0,412.76544062622145,0.4671517952097946,0.5328482047902054,0.10471870010818923,0.8952812998918107,-0.21073358002079476,0.16353484190482287,0.11419416953820409,0.17342687709454377,-2809.741058715324
505,-414.0957441556304,0.9643743017027637,0.17433156462820298,3.0,15.0,0.0,415.50178803406493,0.8758443489242627,0.12415565107573734,0.07779702253853173,0.9222029774614683,-1.4721796908738676,0.15003912525913735,0.16720866960625497,-0.18184447346406526,-2825.002227585188
506,-411.90177895552745,0.987411932287668,0.11939575064939824,4.0,27.0,0.0,413.71433195191497,0.9444002282957797,0.05559977170422026,0.43343944483966346,0.5665605551603365,-0.10206395917078183,0.3607144162446057,0.029947249000370962,0.9461570396613016,-2814.366240770216
507,-412.34483287661647,0.9794831089388654,0.13148801768081522,4.0,15.0,0.0,413.4529009059149,0.515061820181974,0.484938179818026,0.9403363372193932,0.05966366278060675,0.26948517503462877,-0.36570661626328776,0.5033217984605813,-0.05359987075995944,-2818.497195320487
508,-412.3514679991633,0.8224857050113105,0.1561688010514578,4.0,23.0,0.0,415.68060663217074,0.9585905380153261,0.04140946198467388,0.7456858560923891,0.25431414390761087,-0.06772612206091125,0.7679196695515792,0.13255222199893696,-0.5325853990219382,-2813.876578327453
509,-413.5800819043346,0.8454642095869676,0.17433156462820298,2.0,3.0,0.0,415.54672401132103,0.8462047396371046,0.15379526036289537,0.09483591695707162,0.9051640830429284,-1.433535852712277,0.2438117469036727,0.2253086129822257,-0.1672321488413476,-2823.970203678157
510,-413.0874443347321,0.9481263131124408,0.11939575064939824,4.0,31.0,0.0,415.38517465442146,0.9842641881950176,0.015735811804982403,0.24159163042236412,0.7584083695776359,0.7306160188566241,-0.0525908884550666,0.14131799858715166,1.1534663708154855,-2811.3655606547622
511,-412.5952306744895,0.9872290389067601,0.13148801768081522,4.0,15.0,0.0,414.33590176860895,0.2047924706082109,0.7952075293917891,0.06100244791201004,0.93899755208799,0.3067243430014312,0.1749168864518666,0.4101167641455369,0.2551596720599359,-2817.5061376099948
512,-410.8605460111325,0.9788948402685994,0.1561688010514578,4.0,31.0,0.0,414.6433879437776,0.5665321927935348,0.43346780720646516,0.48616132296366926,0.5138386770363308,0.634533312918911,-0.2996330189567443,0.07460878364171786,0.3495944641120696,-2818.307522637815
513,-413.9048203619484,0.8019475627856127,0.17433156462820298,4.0,31.0,0.0,416.5489197279002,0.5912272079582662,0.4087727920417338,0.07899090502677865,0.9210090949732214,-0.3887276397601189,0.3709297014670935,-0.18253736565723622,0.38970146106027315,-2830.8307601077363
514,-412.90447642562935,0.677926010053905,0.11939575064939824,5.0,63.0,0.0,417.9946321491548,0.6304772996012751,0.3695227003987249,0.09715699527694127,0.9028430047230587,-0.5388415388647005,0.28386313933676455,-0.05949349255191434,0.7723997906880412,-2824.530277414603
515,-416.9077122661097,0.690542441786137,0.13148801768081522,4.0,19.0,0.0,419.0662640945861,0.9100351558107548,0.08996484418924522,0.08907710755830658,0.9109228924416934,0.4712183049550869,-0.13988527822330446,-0.011718435063699698,0.7285356790969996,-2844.5928278319016
516,-411.2168508502148,0.8004365166893627,0.1561688010514578,4.0,15.0,0.0,413.6933406760543,0.19989992878742824,0.8001000712125718,0.10721748384716673,0.8927825161528333,0.3689308980834597,0.17373317969603014,-0.14233106847388072,0.18044810149766263,-2811.526834564926
517,-410.61432845388424,0.974493367932575,0.17433156462820298,2.0,7.0,0.0,416.3006750915524,0.32490558801646496,0.675094411983535,0.4764449326466719,0.523555067353328,-0.11469741168824013,0.1920760270705833,0.17866988585118557,0.22605609402818955,-2816.2369435587048
518,-412.2484910901758,0.9839983714808943,0.11939575064939824,4.0,31.0,0.0,416.276704950766,0.9688954764314403,0.03110452356855975,0.6150037371161574,0.3849962628838426,0.15045952543786825,0.20308686494525016,0.17565976853577203,1.3413587094377097,-2811.933684439819
519,-412.2663071092454,0.9740604816441566,0.13148801768081522,3.0,15.0,0.0,419.09885546963045,0.9329560676796704,0.06704393232032957,0.1751178168440108,0.8248821831559892,0.7169703150868469,-0.016308241220130276,0.21965878579392945,0.6285876890870534,-2814.495680753769
520,-410.52943822910873,0.9917232308394369,0.1561688010514578,4.0,15.0,0.0,412.2598141990874,0.41201278038147593,0.5879872196185241,0.8209148785798982,0.1790851214201018,0.18333825712126103,0.33739871626204077,-0.07639826629188975,0.3402645064015172,-2812.5673308289806
521,-411.0100464783778,0.985872900476862,0.17433156462820298,3.0,15.0,0.0,412.8022379177344,0.2974702722796166,0.7025297277203835,0.4938354057273241,0.5061645942726759,0.04413554717465602,0.22682602690625814,0.7056653035171142,0.07771629790941181,-2818.2841370402352
522,-411.7826005322245,0.8959888550223536,0.11939575064939824,3.0,15.0,0.0,414.9248509725045,0.8942407759799041,0.10575922402009585,0.3910242259743794,0.6089757740256205,-0.032773249967327785,0.28117620000512145,0.024693181388318775,1.2211224529793572,-2816.9327427990647
523,-413.89116577903485,0.9579448704726752,0.13148801768081522,4.0,15.0,0.0,414.91923232696985,0.9703357484364898,0.029664251563510158,0.127745636836075,0.872254363163925,0.8718992294520428,0.18431042016767873,0.0726348902778055,0.7683640962451327,-2818.1923020506165
524,-410.8672452184135,0.9902102001046681,0.1561688010514578,5.0,31.0,0.0,412.47502255393715,0.6411575265293967,0.3588424734706033,0.1100495212270308,0.8899504787729692,0.6422075621975536,0.09054524605712291,-0.005711583533414638,0.473053152774404,-2811.414426638579
525,-410.5070467940945,0.9967702767546281,0.17433156462820298,4.0,15.0,0.0,411.87359986347286,0.4214943707421993,0.5785056292578007,0.7249342423750409,0.2750657576249591,0.04481233708718583,0.38855710171535907,0.49505530637649126,0.05871365231692123,-2814.4487175152667
526,-412.4073156253918,0.9979453535898898,0.11939575064939824,3.0,7.0,0.0,412.76434128874234,0.9020963775232854,0.09790362247671458,0.3661050317955082,0.6338949682044919,-0.33734749879954423,0.43628210814074664,0.066596963783548,1.301579763177575,-2820.225563546435
527,-411.4086206049965,0.8975526596138359,0.13148801768081522,4.0,31.0,0.0,416.82539329381825,0.8519461397799111,0.14805386022008893,0.8706959426226243,0.12930405737737571,0.1667206514277894,-0.1244814663561231,0.06446057728715651,0.19999432933467925,-2812.4457816747417
528,-411.0833864245121,0.9866814651297812,0.1561688010514578,4.0,31.0,0.0,411.38190795822544,0.3665401930068916,0.6334598069931083,0.9010811158711919,0.09891888412880812,0.2427378249131262,-0.17820065570384794,0.464703576163659,0.044931185288706994,-2812.609888806203
529,-411.49231401973435,0.7932592256711832,0.17433156462820298,4.0,15.0,0.0,414.2897497932948,0.7857004058925818,0.21429959410741817,0.11307818717281042,0.8869218128271896,0.3911267846756051,0.10833439894233379,0.012801017560849184,0.7364060066584472,-2813.685413941683
530,-414.9013483452227,0.7000408971233124,0.11939575064939824,5.0,63.0,0.0,417.05538300514263,0.37881590344370064,0.6211840965562994,0.8881163020845361,0.11188369791546393,0.48681426609705575,-0.5833047717027717,0.4818813653572675,-0.12978258810232168,-2839.379493157521
531,-412.59697778683216,0.9447479881574005,0.13148801768081522,4.0,15.0,0.0,413.50768476185016,0.7309881278326047,0.2690118721673953,0.04886524078089759,0.9511347592191024,0.7212035838582178,0.16557467126531325,-0.03508184249415379,0.753452049804828,-2816.72199174749
532,-411.11014063139265,0.9440939572940863,0.1561688010514578,4.0,31.0,0.0,412.7879921837069,0.7703585132530973,0.22964148674690266,0.2995715666963128,0.7004284333036872,-0.4986778118349429,0.46535068387816503,0.15640341693613913,0.2400012440479618,-2816.624288666223
533,-411.8263292786418,0.9021058217594456,0.17433156462820298,4.0,15.0,0.0,412.7833753682451,0.8658922552279505,0.13410774477204945,0.12086970954488485,0.8791302904551151,0.38582162009283116,0.1906325230182728,0.05023535419977354,0.7880866475323577,-2813.7377405554234
534,-411.69475670328177,0.9962916100144313,0.11939575064939824,4.0,15.0,0.0,419.0702649634859,0.3446167439280447,0.6553832560719552,0.5374989778846989,0.4625010221153011,0.13841465339248954,0.03789974406392321,0.774632302661086,-0.11574047618630012,-2823.446248477295
535,-410.990995551447,0.9703358433845919,0.13148801768081522,4.0,31.0,0.0,414.997245950182,0.48003156816697534,0.5199684318330247,0.8806094866307551,0.11939051336924489,0.12353327142405561,0.7525461771079741,0.38420050824579466,-0.10572970447893337,-2813.2390245117185
536,-411.6857614823184,0.8697879446618796,0.1561688010514578,4.0,23.0,0.0,413.593047159189,0.3436402258198791,0.6563597741801209,0.7244802836275287,0.2755197163724713,0.07945378491544905,-0.23576857804144805,0.0812094417123432,0.1909192437869081,-2822.3156684231517
537,-412.41444843893527,0.9720099817941682,0.17433156462820298,4.0,15.0,0.0,414.1036511910948,0.040933631000378806,0.9590663689996212,0.8857450858323657,0.11425491416763434,0.17503086690594233,-0.2350903355564281,0.3729216620651686,0.19634646382603851,-2810.4427553419823
538,-410.69399017727085,0.9362136695789026,0.11939575064939824,4.0,15.0,0.0,413.38704540456087,0.22013503654856106,0.779864963451439,0.14646357720300235,0.8535364227969977,0.7820672840101519,0.029527210345653858,0.18107740347033302,0.19000012472847763,-2809.849117422294
539,-412.47513291120003,0.9488145448240041,0.13148801768081522,3.0,15.0,0.0,414.8116831740535,0.5679579329946735,0.43204206700532655,0.8422336467542276,0.15776635324577237,-0.012285002314513585,1.4874663382859876,0.27807646386601137,0.06554183071975336,-2823.649025794542
540,-412.58078044891397,0.9916756607950853,0.1561688010514578,4.0,31.0,0.0,413.6346885787929,0.8674806211742905,0.13251937882570952,0.9291777435458888,0.07082225645411122,0.02519573118416621,0.23597038054519132,0.2047648970505197,0.059123065092735724,-2816.1801780320625
541,-410.6628178012147,1.0,0.17433156462820298,4.0,15.0,0.0,412.97392225663765,0.12546392621944882,0.8745360737805512,0.6817230824077335,0.3182769175922665,0.31727781578487135,-0.2435716748230909,0.22680296374851475,0.10733286916563319,-2810.74617644587
542,-411.1627785967798,0.9749868987982758,0.11939575064939824,5.0,31.0,0.0,412.1690203904876,0.8304994462977165,0.16950055370228345,0.89617687063636,0.10382312936364002,0.10362914472315943,0.24940394193796617,0.2120330009870654,-0.01534689669363325,-2810.16258044969
543,-413.33412920003605,0.9995589519222503,0.13148801768081522,4.0,23.0,0.0,414.84676459311373,0.18834551176117426,0.8116544882388257,0.9861873368566811,0.01381266314331886,0.10972798620141339,1.8863066886126427,0.302454144790139,0.1270339527329912,-2809.3852248244007
544,-412.7425254981569,0.8916584681846671,0.1561688010514578,2.0,3.0,0.0,415.55790966617457,0.907536840839904,0.09246315916009595,0.9457010127208265,0.05429898727917348,0.21143886671294568,0.18513008885372062,0.25477213271687527,0.025545229215761127,-2813.372701406614
545,-411.81553668375744,0.9698844357583901,0.17433156462820298,4.0,15.0,0.0,412.8667612529964,0.06050608518245318,0.9394939148175468,0.712527855301058,0.287472144698942,0.3185112533535416,-0.2648648048661375,0.8299194436679402,0.05088613896044102,-2813.215638146714
546,-412.19861965079804,0.9804264054432655,0.11939575064939824,3.0,15.0,0.0,418.1255056600061,0.8744741282784222,0.1255258717215778,0.9314053950813728,0.06859460491862723,0.19540400310035602,-0.08454107789648946,0.21230896421990128,-0.49344181062864545,-2812.816572934824
547,-413.7287831213812,0.8076407049907095,0.13148801768081522,5.0,31.0,0.0,415.0456143708749,0.3248279106531663,0.6751720893468337,0.9342820929122954,0.06571790708770464,0.21184397750683553,1.8557327752643635,-0.09995866362643094,0.21994470004245745,-2825.1185661742375
548,-411.94075169090456,0.9963991379089479,0.1561688010514578,5.0,31.0,0.0,413.9828230292589,0.10946008457717601,0.890539915422824,0.28062232563686174,0.7193776743631383,-0.4787139546867696,0.2788323844671429,-0.007063450935105034,0.264663037003003,-2818.1250647656116
549,-413.33140161272127,0.9462714106787319,0.17433156462820298,4.0,15.0,0.0,415.5440350260666,0.01685587002058719,0.9831441299794128,0.12124024605742034,0.8787597539425797,0.3817245879886279,0.13916256199149438,0.6136990181305183,0.21212748051618052,-2810.8953697587267
550,-413.74606120165726,0.7436599340139206,0.11939575064939824,4.0,15.0,0.0,415.86371003419924,0.8102427521743667,0.1897572478256333,0.7028507633786403,0.2971492366213597,0.4273075263693584,-0.7185893165736971,0.14291827295297516,-0.40907349779717705,-2833.5381265122464
551,-412.0099081065526,0.9986622698377732,0.13148801768081522,4.0,31.0,0.0,413.71865067671104,0.640108509056675,0.35989149094332495,0.9278643080264214,0.07213569197357861,0.05036446455105552,1.6022914965255686,0.16094512216904755,-0.016381600365265092,-2815.001844973654
552,-410.20280918320447,0.6114451931820635,0.1561688010514578,3.0,15.0,0.0,416.8214436550431,0.44299749363776625,0.5570025063622337,0.2532942130750645,0.7467057869249355,-0.26241887745965264,0.2819938097288584,-0.08949734088477229,0.27352383724253754,-2812.2110274496827
553,-413.1398715200983,0.798176308738735,0.17433156462820298,4.0,15.0,0.0,416.0566183307904,0.8615537890140408,0.13844621098595922,0.690565530390329,0.309434469609671,0.40566318948471325,0.055254741517355745,0.021621514274266826,0.029455108716524944,-2828.3749289843627
554,-411.6317001054996,0.9858494251291026,0.11939575064939824,4.0,31.0,0.0,417.32180380155285,0.895802700828935,0.10419729917106502,0.553685900910873,0.446314099089127,0.14013085510111872,0.22611169250911148,0.3081096753821566,0.0922874741011706,-2817.2625702699984
555,-410.4821570661883,0.9998313808743863,0.13148801768081522,4.0,23.0,0.0,412.32600198380334,0.3312493078042422,0.6687506921957578,0.849440794193019,0.150559205806981,0.08638855147393804,0.6637020115887593,-0.019775691869611152,0.18467349750242976,-2810.4758141948128
556,-409.63219075587796,0.9632521288395334,0.1561688010514578,4.0,15.0,0.0,410.73716891902006,0.6397220222349843,0.3602779777650157,0.5341650679590259,0.46583493204097415,0.010269796447887336,0.35978497385151503,0.07418569284630201,0.3023925798974697,-2809.6970181127017
557,-414.52066126822587,0.9592918727063947,0.17433156462820298,4.0,31.0,0.0,418.02589873922875,0.2250442491062765,0.7749557508937235,0.9908158829003396,0.009184117099660383,0.09593856534629758,-0.35806760529616055,0.5943214970060926,-0.07327608763690766,-2818.452206581199
558,-413.3519381742342,0.9912968266613893,0.11939575064939824,5.0,31.0,0.0,415.53949144501325,0.03094435399152762,0.9690556460084724,0.9261189838717595,0.0738810161282405,0.1453442057954213,-0.3453936592585128,-0.5509243340628551,0.13006942323497386,-2812.183654668913
559,-410.98785754082155,0.8168338772522088,0.13148801768081522,4.0,15.0,0.0,412.68524047728465,0.110340834244898,0.889659165755102,0.830877525926026,0.16912247407397396,0.06434555521717766,0.5449129499007264,0.2310565591601084,0.1434193509330146,-2809.0903275218193
560,-410.54970778329664,0.9500144951309973,0.1561688010514578,4.0,15.0,0.0,411.12128605949874,0.6087249420307023,0.39127505796929773,0.1830729777923179,0.8169270222076821,0.13582576934849236,0.2536870574568215,0.22482323107408056,-0.004724919616085441,-2812.8257014117453
561,-412.92132134550343,0.845321679401329,0.17433156462820298,4.0,19.0,0.0,418.66608057625024,0.5073508603246901,0.4926491396753099,0.9423194821927969,0.05768051780720307,0.22267866022625496,1.3950090313654662,-0.02934951780691173,0.4346302574168324,-2820.777647520207
562,-412.92337611065386,0.5984897481539276,0.11939575064939824,4.0,15.0,0.0,417.1224088436292,0.18471350722966143,0.8152864927703386,0.8584222807575677,0.14157771924243234,0.33342048508542027,-0.6222034364002869,-0.6966512910777383,0.3011377689740681,-2823.8099268262454
563,-412.4518154061286,0.7990547262816607,0.13148801768081522,4.0,31.0,0.0,415.17356372872325,0.7675133945888993,0.23248660541110067,0.9104445033622971,0.0895554966377029,0.2550134663355522,0.7140920879516213,0.08236743723086826,0.3781020841171717,-2819.2689742104862
564,-411.45850411505154,0.8245428349809786,0.1561688010514578,4.0,15.0,0.0,414.5016932294476,0.15605677768506956,0.8439432223149305,0.1798420835311094,0.8201579164688906,0.04427081170177927,0.1366100295417369,0.0018195069525298486,0.30545283749876945,-2814.931851217489
565,-411.0106498432443,0.779623840451357,0.17433156462820298,4.0,15.0,0.0,417.15388927420804,0.8999331083247087,0.10006689167529126,0.4457368004962964,0.5542631995037036,0.4637369481952667,-0.11800819236771196,0.05672909544153927,0.600416702447261,-2812.3617932874345
566,-412.90032401320957,0.8901076156924733,0.11939575064939824,4.0,31.0,0.0,415.2461125191372,0.05152072883949515,0.9484792711605049,0.827414356480174,0.17258564351982597,0.14131397585346445,-0.3611298744787643,-0.0463946962662882,0.25812286204344376,-2817.728299958822
567,-413.5331633604142,0.9893819771466219,0.13148801768081522,4.0,31.0,0.0,421.3853920007346,0.9436307508281526,0.05636924917184738,0.9626101087102834,0.03738989128971659,0.18383888789729025,-0.7489523756797511,0.08066412621582708,0.050789565877414955,-2812.8336199421615
568,-413.1222191847399,0.9622430506073584,0.1561688010514578,3.0,7.0,0.0,414.38682472812286,0.2576429707522721,0.742357029247728,0.47177728818980896,0.528222711810191,-0.4713916516875713,0.5061554491364002,-0.07183670872536704,0.06572663690705083,-2832.3015357895733
569,-411.1844301334572,0.8399079920398685,0.17433156462820298,3.0,7.0,0.0,415.05155348180136,0.49020361853981054,0.5097963814601895,0.26349621742075063,0.7365037825792493,0.07238294155125616,0.127434607020047,0.5803922074541968,-0.10771501732389223,-2819.1374948863813
570,-411.44444139459745,0.9979251212503548,0.11939575064939824,5.0,31.0,0.0,414.73605407588826,0.17484722733308267,0.8251527726669173,0.4401618138088628,0.5598381861911372,0.30457251511757416,-0.06970795717100084,0.8239467214192399,0.13926777226496168,-2818.42081968508
571,-412.0406146652585,0.7512527668137422,0.13148801768081522,4.0,31.0,0.0,417.1221702430924,0.047018739422016044,0.9529812605779839,0.653018818990953,0.34698118100904696,0.08357409768764532,0.4694016127908293,0.3474458425424639,0.23731599153854088,-2814.2199601342136
572,-410.8836653832606,0.9501766945149096,0.1561688010514578,4.0,31.0,0.0,416.31298075154143,0.7430904952578388,0.25690950474216123,0.8732519596690971,0.12674804033090292,0.12929379860489734,0.4767894532149526,0.24630987794483314,0.1702166761457567,-2811.352094166282
573,-410.93269458792287,0.7922745656770418,0.17433156462820298,3.0,7.0,0.0,413.8622262578795,0.1037798469420001,0.8962201530579998,0.39777096199886103,0.602229038001139,0.4679401779656162,-0.08161315014331687,-0.09836263072216556,0.2573324158216431,-2812.08469394853
574,-411.6812606617867,0.9197674544199946,0.11939575064939824,5.0,63.0,0.0,415.3721761296061,0.9388376274264947,0.06116237257350532,0.4897278984929906,0.5102721015070094,0.15251370984897203,0.07505208525386758,0.23405564591866346,0.5058168408511676,-2814.1833562417323
575,-415.0021952364604,0.8127747010464594,0.13148801768081522,5.0,31.0,0.0,416.55436550110227,0.25583183097340223,0.7441681690265978,0.9264264346203043,0.07357356537969573,-0.1007392771528467,1.2865781637935436,0.6907678925395433,0.17252245786377024,-2834.8463163500332
576,-411.0411961448575,0.9905079213088356,0.1561688010514578,3.0,7.0,0.0,413.28822052027255,0.5023140712148504,0.4976859287851496,0.8902079971369434,0.10979200286305657,0.11394891000108656,0.48384128434379353,0.31239224719275893,-0.12685479732748142,-2813.420388481582
577,-413.71386444277255,0.9884733609126336,0.17433156462820298,4.0,15.0,0.0,414.55247152647905,0.04843128457708859,0.9515687154229114,0.8690466848646343,0.13095331513536568,0.15767772490092857,-0.29429304041061527,-1.1291929765390614,0.11094368763264532,-2820.356916538529
578,-411.8807872548222,0.9437010308335051,0.11939575064939824,4.0,23.0,0.0,414.3641322495459,0.9643459388572785,0.035654061142721516,0.6239112176175784,0.3760887823824216,0.26559330476342496,0.09304031075801174,0.10044917029178756,0.7775288097366999,-2811.278060532782
579,-414.6548529024627,0.9420317422451382,0.13148801768081522,3.0,11.0,0.0,417.1092065127069,0.024226190688388903,0.9757738093116111,0.9279120234636528,0.07208797653634724,0.17158756768224084,1.5842258787380543,0.6428847848816069,0.12547397013502787,-2817.219461304893
580,-411.2121061666983,0.9551658952350913,0.1561688010514578,3.0,15.0,0.0,413.45465217548735,0.5009169188042679,0.4990830811957321,0.8934122719790561,0.10658772802094385,0.20110035974351345,-0.2922508505243423,0.2963603642186966,0.23090087148451788,-2814.5023030466714
581,-414.26405981192806,0.7087610050129619,0.17433156462820298,4.0,31.0,0.0,416.84989044040805,0.02112041227673031,0.9788795877232697,0.06263355799690794,0.937366442003092,0.4701299212715575,0.10984645324968463,-1.4088035342107077,0.21843459126197823,-2813.299882413875
582,-412.67328179956803,0.9546456741412798,0.11939575064939824,4.0,31.0,0.0,418.8467640511762,0.7413554869726847,0.2586445130273153,0.9360686485110958,0.06393135148890416,0.3315259874913197,-1.1273648537521528,0.11511010987727728,0.11623212213356596,-2818.569601187255
583,-414.562127674645,0.9094755724777288,0.13148801768081522,2.0,7.0,0.0,418.52588912486203,0.03289393151488994,0.96710606848511,0.9827062652324995,0.017293734767500513,0.09813318399728557,1.3865023235378613,0.6292994108118108,0.1553770100563718,-2809.697236062763
584,-412.315817584991,0.8784809755432963,0.1561688010514578,4.0,31.0,0.0,414.1612298376363,0.9074147303125034,0.09258526968749659,0.5019030572873855,0.4980969427126145,0.4772843545622964,-0.34423634264999453,0.2599183686072,-0.5905716553759922,-2820.8329779810656
585,-414.57548930236896,0.9630068023741599,0.17433156462820298,4.0,15.0,0.0,416.6490630835296,0.035079538837063384,0.9649204611629366,0.5162510820795976,0.4837489179204024,-0.257685117033742,0.7206400485086231,-1.5850863420955268,0.22149352406096512,-2828.0963583397215
586,-415.1944774467647,0.9948095239025936,0.11939575064939824,4.0,31.0,0.0,417.2045651210025,0.7930713626087253,0.20692863739127465,0.9844696876824388,0.01553031231756119,0.08965770060223871,-1.1164829258678406,-0.10519489709808308,0.8764755800494705,-2824.9431647274814
587,-415.3394324592447,0.9805800097517425,0.13148801768081522,5.0,31.0,0.0,416.9201707663771,0.9278752967028817,0.07212470329711829,0.9931160825502894,0.006883917449710619,0.17273446368803924,2.438250310896508,0.14527267514261602,-0.18688562508258352,-2810.7371231687534
588,-411.82434462856673,0.45432567447061506,0.1561688010514578,2.0,5.0,0.0,416.83773489494297,0.8635962129048853,0.1364037870951147,0.8033405864232362,0.19665941357676375,0.26081803368671597,-0.00561958595097338,0.1744464303850497,-0.5423144030777453,-2816.9219955589524
589,-414.5232502894339,0.6503797870766288,0.17433156462820298,3.0,15.0,0.0,417.28789977656294,0.017513691278698288,0.9824863087213017,0.6697736641997515,0.3302263358002485,-0.18236404146134882,0.8400351846423785,-1.534506510354832,0.23422220775800986,-2822.221830436211
590,-414.38338228148893,0.9101892214876505,0.11939575064939824,5.0,63.0,0.0,419.6951831024796,0.9966094617469315,0.0033905382530684536,0.8021695097913126,0.19783049020868737,0.2735219968016465,-0.0918018732931753,0.14718213048643486,-0.32423326846071066,-2810.255729630993
591,-416.4974175582541,0.691802256388283,0.13148801768081522,4.0,27.0,0.0,419.8597739889312,0.9073044068154893,0.0926955931845107,0.961672611508601,0.03832738849139905,-0.017605106252209554,2.0613491455273047,0.017667176026252368,-0.2762222361672183,-2833.424953533685
592,-413.58072289584976,0.929189570906643,0.1561688010514578,5.0,47.0,0.0,414.8475990871185,0.04631867241494452,0.9536813275850555,0.9227028331155335,0.07729716688446653,0.27842367430142484,-0.41427532268207945,0.3568640679571274,0.2568627463475368,-2816.742432419067
593,-410.40137735040025,0.9737981396558382,0.17433156462820298,4.0,23.0,0.0,415.891757447211,0.18163478095068203,0.818365219049318,0.26268426747917,0.7373157325208299,0.17449959777751,0.09713047178960312,0.1969648973507645,0.1151196391397378,-2810.3659431623223
594,-414.4446248692176,1.0,0.11939575064939824,4.0,15.0,0.0,414.8394044034379,0.997308147462406,0.002691852537593964,0.7446936070596162,0.2553063929403838,0.15951430048428306,-0.05687054419621475,0.1649584617827013,-0.23603559488458314,-2810.4228603355823
595,-415.5897829895501,0.9888784631595974,0.13148801768081522,3.0,7.0,0.0,418.06647437652794,0.8234603890710364,0.17653961092896364,0.9567561875785883,0.04324381242141173,0.011537292457478587,2.1619770815315076,0.42428616985989426,-0.24390668416314873,-2831.226407569576
596,-411.1236523991501,0.9753230330063185,0.1561688010514578,3.0,15.0,0.0,416.3129981888067,0.35440304476369183,0.6455969552363081,0.7833078905885418,0.21669210941145822,0.133718870771986,-0.28412091901401204,0.44284578211034453,0.013538281311411576,-2817.2477375384547
597,-414.6738771260516,0.9768225214741859,0.17433156462820298,5.0,63.0,0.0,415.9247434440372,0.008140091607218885,0.9918599083927812,0.4524789659644663,0.5475210340355336,0.4052851508259824,-0.11747067381531812,2.926426059838296,0.11320957905926765,-2813.9779109939545
598,-415.49746413632647,0.5242166687404686,0.11939575064939824,4.0,15.0,0.0,420.9354106428876,0.9852241038266482,0.014775896173351843,0.4027394036596369,0.5972605963403631,0.6347989425380238,0.1839756957818723,0.16093497383439145,-0.5060278008480359,-2830.474174065117
599,-417.368308868213,0.9861329660986649,0.13148801768081522,3.0,11.0,0.0,419.6394720827463,0.9636551192350603,0.03634488076493969,0.9836484053852295,0.016351594614770537,0.08885255584891423,2.4831974978708877,-0.005687709665028087,-0.11121992968875138,-2826.0548871217793
600,-415.1332917299951,0.6444946964930602,0.1561688010514578,2.0,7.0,0.0,416.61821828723555,0.5802197013214082,0.4197802986785918,0.7868693942068743,0.2131306057931257,0.41161994448823086,-0.07173543871006789,0.4870533140320518,0.23636764284488518,-2845.144953951462
601,-414.80557016655314,0.9511217271880643,0.17433156462820298,4.0,15.0,0.0,415.67424456143493,0.01759238517464117,0.9824076148253589,0.32277144256312207,0.6772285574368779,0.6653784057109922,-0.05541573345678297,2.9671277036720074,0.1211573491604774,-2818.840333966694
602,-417.6897580189292,0.937120167615637,0.11939575064939824,4.0,31.0,0.0,421.7337296167085,0.9852984230570314,0.014701576942968586,0.2650906088426424,0.7349093911573576,0.7426884002028973,0.28631439175440426,0.2533150275876969,0.4608560431498575,-2843.962155436611
603,-415.13494032056644,1.0,0.13148801768081522,2.0,3.0,0.0,417.4249073086014,0.9471686897725862,0.05283131022741383,0.9864799041151974,0.01352009588480263,0.1281615601181833,2.5107308551464933,0.22549427745741096,-0.10779841289671006,-2811.6290072477736
604,-413.5928273367341,0.9813759763951274,0.1561688010514578,4.0,31.0,0.0,418.81135552830324,0.952677996119727,0.04732200388027297,0.8205741177074739,0.1794258822925261,0.38368412621884684,-0.3833906703401922,0.3073654109066498,-0.5125924072699146,-2821.793140885563
605,-416.60778298698233,0.5831327504189192,0.17433156462820298,4.0,15.0,0.0,419.72197023167337,0.0016649103702423057,0.9983350896297577,0.29497935183292195,0.705020648167078,0.3067391152897025,0.22000698824545467,3.155236564586314,0.1802060152839673,-2814.022243487348
606,-414.54819282565165,0.9983592792023462,0.11939575064939824,4.0,15.0,0.0,419.61823336152963,0.7322427826560153,0.2677572173439847,0.11604864373438484,0.8839513562656152,0.9199139848972749,0.1341222907840054,0.17405426915174446,0.8857323430087312,-2835.163089925252
607,-415.98209519298297,0.7225876625722671,0.13148801768081522,5.0,31.0,0.0,417.6158683392727,0.2334850905742618,0.7665149094257382,0.9747929630834717,0.025207036916528258,0.2730733024452895,1.879792148279472,-0.25258984300510157,0.08907552159781686,-2832.838693922021
608,-414.3529548027814,0.9802846816273767,0.1561688010514578,3.0,15.0,0.0,416.7435115622055,0.9963156249142848,0.0036843750857151747,0.4651674938679968,0.5348325061320032,0.23884795739122358,0.25144085825743995,0.15516179956929124,-0.7423580761371683,-2813.304359088993
609,-414.06471940234337,0.6948089821592985,0.17433156462820298,5.0,39.0,0.0,420.6660769743698,0.0048964636025459855,0.995103536397454,0.35882181776685146,0.6411781822331486,0.3184164471047308,0.11431891854165425,1.1804498476702714,0.2245490303639692,-2811.98414338425
610,-413.7224657948147,1.0,0.11939575064939824,4.0,15.0,0.0,418.1422484474039,0.8566722495581457,0.1433277504418543,0.05363147364720908,0.9463685263527909,1.156475435889386,0.10812450968242004,0.17847518049125213,0.9867015400873353,-2820.7824362847327
611,-411.9534470693421,0.8763918359545115,0.13148801768081522,4.0,15.0,0.0,417.4116994594835,0.19259288810268385,0.8074071118973162,0.8749134833653979,0.12508651663460213,0.05647698910895857,1.3509976967185282,0.005671932969656061,0.24138514741711098,-2815.9058754527773
612,-415.50534118645834,0.9079252250003907,0.1561688010514578,5.0,47.0,0.0,418.7547110226361,0.0072221612385150935,0.992777838761485,0.8926022007198583,0.1073977992801417,0.19252084165894556,-0.1226956570520897,0.030439052221208282,0.014124200225253986,-2819.8562729921146
613,-415.17655512465944,0.9727670985547857,0.17433156462820298,3.0,11.0,0.0,416.2465860052643,0.0017787217850736118,0.9982212782149263,0.6743174933768159,0.3256825066231841,0.17017181733309916,-0.02911027741014253,1.0192672563666718,0.09012360008311958,-2812.785615183497
614,-414.5695750388063,0.9333477093805885,0.11939575064939824,3.0,15.0,0.0,417.618492695072,0.856758704268175,0.14324129573182498,0.21186036662217642,0.7881396333778236,1.0084364620967379,-0.033952641454305744,-0.1553899481232273,0.9127538287358694,-2835.270354418306
615,-412.6992232140296,0.9062869130279027,0.13148801768081522,4.0,31.0,0.0,413.805430188101,0.4813626001327239,0.5186373998672761,0.9525937625615266,0.047406237438473386,0.16386555511251644,1.6657430867730645,-0.10509676434649291,0.24809035896628545,-2817.3604708452667
616,-412.21936613524616,0.9867841832506759,0.1561688010514578,4.0,15.0,0.0,416.74728826277993,0.7638152797417453,0.23618472025825465,0.11097075118780729,0.8890292488121927,0.5811989127616204,0.056861082490272094,0.2657137247372756,-0.5137440143047203,-2819.098011318501
617,-415.0704376970249,0.9136844283289058,0.17433156462820298,5.0,31.0,0.0,420.12889734780737,0.02264196168804013,0.9773580383119599,0.9463318636326649,0.05366813636733514,0.18474020497563,1.4926334382668234,0.22549036078744414,0.06348982594559197,-2818.2941593220994
618,-409.9378276465777,0.8042355664751613,0.11939575064939824,4.0,23.0,0.0,421.3583460545698,0.7869229699746968,0.2130770300253032,0.3959747188801439,0.6040252811198561,0.031473062462550966,0.26060461831736725,0.11461574701870188,0.2557745834445444,-2809.4056533100793
619,-411.54963120788244,0.8427327882816812,0.13148801768081522,3.0,11.0,0.0,414.08677478472197,0.4043738253250376,0.5956261746749625,0.9436691314034638,0.05633086859653624,0.10579106498059399,1.533001937427296,0.13477918469653302,0.19870987233337908,-2810.6911170974795
620,-416.0605192756866,0.5956509010064263,0.1561688010514578,4.0,15.0,0.0,420.18704580745106,0.9782221476586271,0.02177785234137286,0.4434992153716754,0.5565007846283245,-0.641311784371415,0.47366589477121646,0.1881623199864207,0.4584150587413818,-2837.0312873888697
621,-413.8698087385177,0.9873898025721501,0.17433156462820298,3.0,15.0,0.0,418.0780725918836,0.016502313785933875,0.9834976862140661,0.8317965383790371,0.1682034616209629,-0.07018079505818953,0.8341422389933919,1.1911212205051802,0.0952698443095726,-2815.021457274875
622,-412.5624894828591,0.8518403233847774,0.11939575064939824,3.0,15.0,0.0,415.42149268267553,0.7002632737176337,0.29973672628236625,0.2582782293903327,0.7417217706096673,0.6952592722371064,-0.2522741034051024,0.25669056764092646,-0.13261677297092328,-2827.13719467078
623,-410.9477525478577,0.8761343113732555,0.13148801768081522,4.0,15.0,0.0,414.26351989753823,0.5656080521119478,0.43439194788805224,0.17022753316251543,0.8297724668374846,0.9774859552086044,-0.02398222745109281,0.31497896263001,-0.12171986668216782,-2814.5863531510154
624,-417.4585998215348,0.5063608068698702,0.1561688010514578,1.0,3.0,0.0,423.1070390045769,0.9653903590230483,0.03460964097695174,0.49613630704314937,0.5038636929568506,-0.5320080280357019,0.2553199825239797,0.17579820951151767,0.4162733648576381,-2850.169868823778
625,-414.9491902011367,0.9029488152792874,0.17433156462820298,4.0,31.0,0.0,417.43815393160446,0.015426547997447351,0.9845734520025526,0.9653846739121009,0.03461532608789908,0.1686371883506273,1.3550746106747562,1.157776936247877,0.11574653423271353,-2811.1868364710576
626,-410.4344895381378,0.9918825564868856,0.11939575064939824,4.0,31.0,0.0,415.12068626100023,0.5601051035149918,0.43989489648500824,0.5798571469139188,0.42014285308608124,-0.1410106061164434,0.48605460872315265,0.4008490492973232,-0.17658645333396314,-2815.3627740715
627,-412.00471337620166,0.8081263576784059,0.13148801768081522,4.0,15.0,0.0,413.0622690864919,0.6499754621157052,0.3500245378842948,0.14572154682527177,0.8542784531747283,0.4539799453801703,-0.05365075981893435,0.35970732543282424,-0.15233776849200195,-2821.0953999501917
628,-413.5297336156585,1.0,0.1561688010514578,4.0,15.0,0.0,418.0120463409968,0.9569450206295292,0.04305497937047076,0.44778132904473267,0.5522186709552673,-0.4430398032105635,0.38575876349831784,0.08807128689326923,0.386086365228896,-2824.44606128161
629,-414.98974893606197,0.44913451361521983,0.17433156462820298,5.0,31.0,0.0,421.5715752516874,0.9043268446742474,0.0956731553257526,0.3326711811229769,0.6673288188770231,0.8288742316472613,0.1679681288109629,0.031275246940026785,0.6523378749880235,-2838.3591544008964
630,-412.7139018816194,0.9037373967851657,0.11939575064939824,5.0,47.0,0.0,415.8982730249461,0.9667460799251115,0.03325392007488848,0.5873104429636603,0.4126895570363397,0.5409417130736222,-0.22868947275722531,0.15115289451645686,1.1245420355540192,-2815.98231576504
631,-410.5064461478594,0.9871003012446031,0.13148801768081522,4.0,15.0,0.0,415.0859643533464,0.44935404113486677,0.5506459588651332,0.21863084855106887,0.7813691514489312,0.6602772343715695,0.09517239495821228,0.1968778948544569,0.014636778883992452,-2813.406186371219
632,-413.3781112873517,0.9562784527532529,0.1561688010514578,4.0,15.0,0.0,415.8605422437252,0.9508288657429893,0.049171134257010696,0.3810210274475409,0.618978972552459,-0.34144005484921686,0.382396019597062,-0.010144834555065083,0.4694261606181428,-2823.961148018276
633,-413.36946876019454,1.0,0.17433156462820298,2.0,7.0,0.0,417.05395006208585,0.9632402204362273,0.03675977956377274,0.1269626299515676,0.8730373700484324,0.8881220706734838,-0.0285852957336567,0.22654980431340724,0.751688041056303,-2815.9691226183336
634,-411.6730220408824,0.9995080468087878,0.11939575064939824,5.0,31.0,0.0,413.1674991519968,0.0747740631294669,0.9252259368705331,0.5870739848150548,0.4129260151849452,0.3731143231189602,-0.1205525793710108,0.8253180081829466,0.018783926014138974,-2814.7757339566124
635,-411.2949656980308,0.9768871873842309,0.13148801768081522,4.0,31.0,0.0,412.03317001898756,0.3433883996440001,0.6566116003559999,0.1318950746434755,0.8681049253565245,0.7224738600486675,-0.015775232055166455,0.3458605096357867,-0.03493677291445712,-2815.3097969328614
636,-416.3203059654535,0.90279839120885,0.1561688010514578,3.0,7.0,0.0,418.42909205576734,0.9814483352315508,0.01855166476844916,0.3841370837674314,0.6158629162325686,-0.40000060757387196,0.6843534560239828,0.29148826435331665,0.6427300910273538,-2837.236809169147
637,-412.08699949374716,0.6878317583998406,0.17433156462820298,2.0,7.0,0.0,418.21018823124604,0.9287265428703487,0.07127345712965127,0.24882028968039965,0.7511797103196003,0.3831409600709385,0.21531396825012306,0.1465600316703402,0.7721183266396745,-2815.5550603866454
638,-412.25349376453363,0.9410755353737793,0.11939575064939824,4.0,23.0,0.0,413.8930036223271,0.06439890506516845,0.9356010949348316,0.672559956208422,0.327440043791578,0.42873085199851885,-0.1253433727655206,0.38331035820475456,0.23892587999126338,-2817.5401485810357
639,-410.0978381235609,0.9671227634684482,0.13148801768081522,4.0,15.0,0.0,412.6747682895601,0.7457671137726322,0.25423288622736784,0.7266007219781891,0.27339927802181085,0.18946321696405669,0.19633101599826258,0.18191174719600878,0.2017217830897984,-2810.076666167208
640,-415.4125579716663,0.7353164582360134,0.1561688010514578,3.0,7.0,0.0,419.95677899882486,0.9225852045187911,0.07741479548120889,0.7849369051644353,0.21506309483556474,0.36422939307617924,0.36275607071078003,-0.008273459002608029,0.786869949818473,-2838.2860739304197
641,-409.84230430427704,0.9526102719901887,0.17433156462820298,4.0,31.0,0.0,413.4820377216966,0.36725166611090365,0.6327483338890963,0.5065662825743383,0.49343371742566167,-0.13251394183615822,0.48829774457630043,0.29409959694186244,0.06411499584014214,-2811.1325770140684
642,-412.63389670545826,0.9901007981659654,0.11939575064939824,4.0,31.0,0.0,415.17848021663326,0.9686688780358282,0.03133112196417176,0.30405109143661124,0.6959489085633888,0.19885120468761713,0.04023402517732724,0.24552081744224497,0.377397345309333,-2815.2929562895206
643,-413.9129746016925,0.9783719343961718,0.13148801768081522,4.0,15.0,0.0,417.0085504046275,0.9817680106908632,0.01823198930913683,0.9418489480513236,0.058151051948676424,0.12842697755119845,0.40483508714632666,0.0945092825761958,0.48664152391725757,-2810.9874171849715
644,-414.0056734527732,1.0,0.1561688010514578,4.0,31.0,0.0,416.0819849439071,0.642311361015571,0.35768863898442904,0.034007428553668,0.965992571446332,-0.7726899486745411,0.3326346335865805,0.06802822387565,0.5652842815524852,-2825.2037973305405
645,-409.7796123768156,0.9724429150657804,0.17433156462820298,4.0,15.0,0.0,410.3230313301326,0.7250662898325814,0.27493371016741863,0.4880054431731878,0.5119945568268123,0.23570237900634,0.037137377788101646,0.2001890956154725,0.17571028203656638,-2809.8264400676685
646,-413.15438898440084,0.9649371305970659,0.11939575064939824,3.0,15.0,0.0,416.43874150688316,0.9664669428972111,0.033533057102788866,0.7656951212414425,0.23430487875855754,0.2639051617833772,0.22135311477023167,0.07367771760725782,-0.10719747279800103,-2818.2951355719792
647,-413.2905050082917,0.9759398191930201,0.13148801768081522,3.0,7.0,0.0,414.5892716262857,0.9826284747245704,0.017371525275429622,0.8995616488351964,0.1004383511648036,0.12251777689496832,0.42672006214392755,0.19507560707751925,0.44348618419172836,-2809.8124888421034
648,-414.03869302000146,0.988513973873183,0.1561688010514578,4.0,15.0,0.0,416.31792695710607,0.3860665818544208,0.6139334181455792,0.022353525825982556,0.9776464741740174,-1.172148868601387,0.3037465884398339,-0.18070067393806882,0.43175070519515246,-2822.267335199633
649,-411.0712187177668,0.979551220286816,0.17433156462820298,3.0,15.0,0.0,412.95741629423924,0.7969882268906605,0.2030117731093395,0.31352979331226843,0.6864702066877315,0.4232938953613328,0.055839415686480806,-0.021566694077656743,0.8225211745279701,-2815.64488799165
650,-411.84080595764095,0.9825150369825082,0.11939575064939824,4.0,31.0,0.0,416.41287728951863,0.06299953117570689,0.9370004688242931,0.26250464378452537,0.7374953562154747,0.5382281294752042,-0.05996494548472367,0.6238622834615484,0.19576716856657655,-2813.383819020334
651,-412.8242792286165,0.9133580288759815,0.13148801768081522,3.0,7.0,0.0,414.345777251703,0.9763439953125191,0.02365600468748086,0.8101770584507524,0.18982294154924761,0.0564127979121973,0.2826783326177833,0.09378776286437915,0.4140284032003617,-2812.5003088792623
652,-415.1414960580518,0.9782142167375316,0.1561688010514578,5.0,31.0,0.0,419.0531259276741,0.961354911667213,0.038645088332787014,0.03564368076020693,0.964356319239793,-1.4138300853116232,0.08543801382342431,0.12280662466863512,-0.30055092997868704,-2819.844607171047
653,-411.23773297428556,0.986736058302285,0.17433156462820298,4.0,15.0,0.0,412.11115509151927,0.9154518427710187,0.08454815722898135,0.7413384739560168,0.2586615260439832,0.20342284130305988,0.15974329838878765,0.08612985348235742,0.2978103061126572,-2811.5051157993807
654,-411.66581916451497,0.9940751513561186,0.11939575064939824,4.0,31.0,0.0,413.05673175263286,0.566787341408295,0.433212658591705,0.32392571376150386,0.6760742862384961,-0.3697600490029421,0.4899206517022804,0.17273121070732786,-0.12742021689790792,-2823.1303394589113
655,-413.3136424487553,0.9767593057227708,0.13148801768081522,5.0,31.0,0.0,417.3779003616024,0.4277487444443076,0.5722512555556925,0.013583246541014416,0.9864167534589856,0.39906220793634073,0.10573139321177824,-0.18829261954194576,0.4215711595990984,-2815.2259660928485
656,-413.81802616938324,0.9520953508515144,0.1561688010514578,4.0,23.0,0.0,419.95157471516836,0.8795744000382442,0.12042559996175584,0.23984535913260205,0.7601546408673979,-0.4335939856596481,0.3198907997922665,0.3455061554827122,-1.1005546695304629,-2829.888883417895
657,-410.5315177741584,0.9612803104553015,0.17433156462820298,4.0,19.0,0.0,412.57949107413106,0.8558034111420749,0.14419658885792508,0.41064952522400155,0.5893504747759984,0.25240941139916206,-0.029448201874672716,0.18231677303457122,0.10933246914035796,-2811.503058592304
658,-410.5527429416734,0.8890097412382701,0.11939575064939824,4.0,15.0,0.0,413.6488247644228,0.5227794823031833,0.4772205176968167,0.3962202651590211,0.6037797348409789,-0.31156630747839714,0.27400594520692706,0.1976266749051577,0.08858313416146056,-2816.33781886839
659,-413.4582661347896,0.9659049546731031,0.13148801768081522,4.0,15.0,0.0,414.33555845868034,0.4510806737932274,0.5489193262067726,0.01329758760979279,0.9867024123902072,0.5297896403833848,0.2198520820268714,-0.025133480348729163,0.43523254085866525,-2816.042525969643
660,-415.7618032171333,0.6920786314603092,0.1561688010514578,2.0,7.0,0.0,417.7048330740884,0.9353361113323642,0.06466388866763584,0.19306524787126364,0.8069347521287363,-0.46808805025005895,0.4330643795668347,0.39576547382629,-1.1243068437944084,-2838.1807322202735
661,-413.5303455633626,0.4615805914846704,0.17433156462820298,2.0,3.0,0.0,417.3910750868771,0.8838304469344946,0.11616955306550536,0.5059681216655413,0.4940318783344587,0.5693228353554167,0.14486542141235398,0.10053989100647084,0.08923470033667164,-2830.952266743956
662,-411.1859433725469,0.9932514583967126,0.11939575064939824,3.0,15.0,0.0,412.7590172776106,0.2485294875995303,0.7514705124004697,0.6161230778145471,0.3838769221854529,0.16775528723359434,0.393395584489668,0.33370318003191113,0.2321075181165854,-2818.521427901417
663,-415.0006177251543,0.900980429180203,0.13148801768081522,3.0,7.0,0.0,415.76625934208914,0.37708318531944196,0.622916814680558,0.011221081806109286,0.9887789181938907,0.43975817942718504,0.1994658757774338,0.0957801714814839,0.4691751224413193,-2825.2230806651355
664,-412.1371583352128,0.9966277362228373,0.1561688010514578,5.0,31.0,0.0,417.29201067518443,0.8450157695250053,0.15498423047499466,0.06740403519147814,0.9325959648085218,-0.569183295640793,0.11043042910827533,0.18731366619120252,0.035432044268839225,-2813.4660685534745
665,-411.9759961676383,1.0,0.17433156462820298,4.0,15.0,0.0,414.69239324603126,0.5873933004026501,0.41260669959734986,0.23054965949541298,0.769450340504587,-0.26547651880490464,0.37227254052660236,-0.22031934131172698,0.44061335945256086,-2823.7027367118462
666,-410.9068316068521,1.0,0.11939575064939824,3.0,7.0,0.0,411.3671303820593,0.23058796698339717,0.7694120330166028,0.59633595452188,0.40366404547811996,0.14394141614138348,0.3779098177984078,0.31533462705996645,0.2304418282680185,-2816.388172514508
667,-411.9177699771294,1.0,0.13148801768081522,4.0,15.0,0.0,415.7624670710479,0.42411921547329995,0.5758807845267,0.03197226521042598,0.968027734789574,0.650567091230107,0.11674024159903751,-0.03619806748484626,0.21379931094329402,-2811.265108178777
668,-411.72236808169043,0.9592297826170455,0.1561688010514578,4.0,15.0,0.0,413.6186803709235,0.8365933099598208,0.16340669004017916,0.12410492835371621,0.8758950716462838,-0.7174058051793522,0.17676233959890197,0.15781700691400455,0.13396930010872046,-2814.4937703844525
669,-410.3623233677603,0.9351340896503662,0.17433156462820298,4.0,15.0,0.0,413.95982821780206,0.38302860276777495,0.616971397232225,0.3858503760771652,0.6141496239228348,0.07138886156870576,0.27886749267986966,0.2951592370171582,-0.05780718088211148,-2814.6219280060245
670,-413.6115069902521,0.9361990270832414,0.11939575064939824,4.0,15.0,0.0,415.1380226288831,0.7202510185874037,0.2797489814125963,0.14613085455118469,0.8538691454488153,-0.39618769910368345,0.06834786462715388,-0.03369317135696909,0.14721499808764316,-2831.524832381459
671,-412.6932591848859,0.8859387716180732,0.13148801768081522,4.0,15.0,0.0,414.7224803341305,0.6850201409953537,0.3149798590046463,0.02831530603229504,0.971684693967705,0.8826890584839415,0.10478529529357755,-0.016169411132524736,0.23342425911999407,-2814.6410142609375
672,-412.6333500587968,0.963952068976149,0.1561688010514578,4.0,15.0,0.0,414.60859137966384,0.4845465461564814,0.5154534538435186,0.08724514780971478,0.9127548521902852,-0.9308740530553502,0.17228370244573638,0.562145638351999,-0.08839666755998721,-2822.255119655459
673,-412.86007362992626,0.936374799119775,0.17433156462820298,3.0,7.0,0.0,414.62637014957636,0.1221833995417489,0.877816600458251,0.14376136314565524,0.8562386368543448,-0.09648638326857997,0.05109533874376021,0.2586494211834363,0.2599289062051799,-2821.917636958477
674,-411.75421892198773,1.0,0.11939575064939824,4.0,15.0,0.0,416.8609807930557,0.563078357611717,0.436921642388283,0.050274677605927486,0.9497253223940725,-0.4859250616683197,0.11806827964366949,0.011286620482937874,0.23191042608343704,-2813.3356407003944
675,-415.6645734887929,0.9070848596185148,0.13148801768081522,3.0,15.0,0.0,417.3774674007206,0.8975587089917761,0.10244129100822386,0.02357246356301775,0.9764275364369822,0.568545030795893,0.04167420535031849,0.38299248706052813,-0.22638360073840097,-2828.319171538872
676,-411.28843578551164,0.9997282597577727,0.1561688010514578,4.0,15.0,0.0,413.2678240480304,0.7077889624295622,0.29221103757043776,0.21825288748645016,0.7817471125135498,-0.4087041558572349,0.3344021338561444,-0.05224305934326256,0.6865613364764179,-2817.3286998440694
677,-411.40549764416585,0.858230878117436,0.17433156462820298,3.0,7.0,0.0,416.0936838468037,0.13446822114834373,0.8655317788516563,0.5384163318446874,0.4615836681553126,-0.25820534477110413,0.5773156186287351,0.38055860131852115,0.05181712599818675,-2816.9412240284323
678,-411.9260817710871,0.9614008815641559,0.11939575064939824,4.0,15.0,0.0,412.7659116291134,0.40891178933746425,0.5910882106625357,0.07101122543140562,0.9289887745685944,-0.5029062980987566,0.28089435439341526,0.05863167765958589,0.3765680512234969,-2816.484054923195
679,-413.2067171845764,0.9177644727202291,0.13148801768081522,5.0,31.0,0.0,417.606596525047,0.1316240680849157,0.8683759319150843,0.8668220859660958,0.13317791403390422,-0.06410062892486404,0.6531477161872024,0.009734673512551383,0.0426831970559258,-2824.061062034146
680,-412.0373601303939,0.8056150885374701,0.1561688010514578,4.0,31.0,0.0,414.65214919038243,0.948855802488991,0.05114419751100896,0.6517329348724292,0.3482670651275708,0.10003240342818885,0.43833009722530364,0.25842837777161193,0.08707393266338781,-2814.8708054542303
681,-411.8961837020695,0.9875950038494187,0.17433156462820298,4.0,31.0,0.0,417.6012112712709,0.04219421279666036,0.9578057872033396,0.4846294945785787,0.5153705054214213,-0.17709749097937888,0.5527673108051311,0.35310654798384467,0.12782150164140785,-2813.1185371407737
682,-411.0560161078646,0.9679265856839218,0.11939575064939824,4.0,15.0,0.0,415.24738501256843,0.687535322695717,0.31246467730428296,0.177458153489333,0.822541846510667,-0.127696655914495,0.1823931167674146,0.3822261440368628,-0.29669802378562293,-2815.3127999620865
683,-409.94160731465746,0.8347939658883916,0.13148801768081522,3.0,15.0,0.0,415.2643863491721,0.44244605309444923,0.5575539469055508,0.635527020460233,0.364472979539767,0.08513425537808164,0.25466984469171366,-0.0509086730032923,0.3859438457285292,-2811.8115602193707
684,-411.24454528350805,0.935204236406861,0.1561688010514578,4.0,15.0,0.0,415.95877449745717,0.9090223238398629,0.09097767616013708,0.7218925647735676,0.27810743522643244,-0.07393984769882585,0.5226189689666908,0.2043880770241259,0.1361228020892184,-2812.1750061311577
685,-411.8776645136414,0.9297567146957703,0.17433156462820298,4.0,15.0,0.0,412.7857259311126,0.905923938402121,0.09407606159787896,0.5631158783983728,0.43688412160162715,0.39468923876316864,-0.11385401087434904,0.282913749024441,0.36393718324948976,-2818.123775620946
686,-410.3214911857134,0.9345821452959184,0.11939575064939824,4.0,15.0,0.0,413.34247617575437,0.7377874041233065,0.26221259587669354,0.26395941779560406,0.7360405822043959,0.435290161019097,0.13027112509897834,0.08188018363482538,0.4180751326272273,-2811.4002358011476
687,-410.4326679203614,0.9105004880812828,0.13148801768081522,4.0,15.0,0.0,411.3784224800806,0.7540518176035704,0.24594818239642957,0.6490279569089554,0.35097204309104457,-0.029301887297280144,0.24486830955141134,0.12906513172236003,0.16222669697052725,-2813.2208936603847
688,-412.0094529446271,0.8978956752816328,0.1561688010514578,5.0,31.0,0.0,413.9012071698155,0.06626690541099234,0.9337330945890077,0.5431348332079549,0.45686516679204514,-0.10471337706416026,0.6462258913226208,0.6220679153263942,0.1754113955828756,-2816.480202910999
689,-412.15278504430466,0.9853871612985254,0.17433156462820298,4.0,15.0,0.0,414.1571293986791,0.2449908245702176,0.7550091754297824,0.055925232216452354,0.9440747677835476,0.8504547869242262,0.01592071298389973,0.2679141448148509,0.19226231979800906,-2814.3569782162826
690,-411.78241226619417,0.9673513467215307,0.11939575064939824,4.0,15.0,0.0,412.86611910381333,0.8902096986484991,0.10979030135150092,0.7935594938035138,0.20644050619648624,0.15001033661905877,0.5140234574025765,0.027845127649703687,0.8054183248668698,-2815.1239780946435
691,-410.5163970848528,0.9335512250108302,0.13148801768081522,4.0,15.0,0.0,411.9040781202096,0.6451470854090209,0.3548529145909791,0.7656851709858727,0.23431482901412726,0.03063937128507513,0.8467177058007315,0.18424834916617272,0.059654907137444285,-2813.042228623735
692,-410.59485488448684,0.8408804281812031,0.1561688010514578,4.0,15.0,0.0,413.9429071522688,0.14900008493859224,0.8509999150614078,0.38175005747161667,0.6182499425283834,0.5873887063828471,-0.11095970873466782,0.2683399084840338,0.18481915408868854,-2811.6492204831484
693,-411.6608168463783,0.9846427495562775,0.17433156462820298,3.0,15.0,0.0,413.72935786821955,0.09887274304619414,0.9011272569538058,0.19617222182622246,0.8038277781737775,0.8948733751200264,0.04584319724525332,-0.23616394930512863,0.15634873519926265,-2813.4269326318727
694,-411.01585096038866,0.9861516138721803,0.11939575064939824,3.0,15.0,0.0,413.635190007503,0.7854513892581585,0.2145486107418415,0.7550116503069227,0.24498834969307726,0.2866326283053859,-0.02163279633575503,0.1386542252710729,0.5982092821016363,-2814.841926646814
695,-411.9946466834501,0.8668100439031557,0.13148801768081522,3.0,7.0,0.0,413.014153828694,0.5973440905486866,0.40265590945131335,0.7725067869456097,0.2274932130543903,-0.16362632890664988,0.8754197291663691,0.4074674112164016,0.015456005040737377,-2823.2758249554595
696,-411.9118904838753,0.8730629143183657,0.1561688010514578,4.0,31.0,0.0,414.4441149301537,0.95836512426138,0.041634875738620014,0.5678730206939401,0.4321269793060599,0.3576426526876419,0.024572264453728607,0.10482800909488527,-0.2153690721175791,-2813.2691185336757
697,-412.57990580315726,0.9794871386951425,0.17433156462820298,4.0,15.0,0.0,413.58916797243825,0.9636992607085437,0.036300739291456274,0.9111009006691542,0.08889909933084583,0.11701988575406129,0.39974092944533135,0.1436208817116939,0.15500411209267437,-2809.290059267754
698,-413.5023979088478,0.9569626521214633,0.11939575064939824,3.0,15.0,0.0,415.6914879472275,0.8810038813615686,0.1189961186384314,0.48807290123759806,0.5119270987624019,0.5224545644097566,-0.36859540512676836,-0.06524049849533736,0.7734402299916421,-2830.3405835485305
699,-411.0123319872018,0.8106389786361712,0.13148801768081522,2.0,3.0,0.0,413.1016183619057,0.6124479701434086,0.38755202985659143,0.7388381570109384,0.26116184298906164,-0.09025122091180068,0.8803539326806494,0.3371458170504015,0.061492997803099955,-2817.0949715259603
700,-413.1864002579538,0.9842268080837372,0.1561688010514578,4.0,15.0,0.0,415.34665747112683,0.9037787269357607,0.09622127306423933,0.13248828345722272,0.8675117165427773,1.0201928581756636,0.1970920269479566,0.24396090295459585,-0.2033720667634085,-2821.3564063432896
701,-412.4359475148485,0.46503884781314986,0.17433156462820298,4.0,23.0,0.0,419.28197791922264,0.763078819599402,0.23692118040059795,0.3349270118326435,0.6650729881673565,0.4424472101858328,-0.046025441872880574,0.10315621527322262,0.9478432187532051,-2825.862238506898
702,-412.05751128404546,0.926168857094453,0.11939575064939824,4.0,23.0,0.0,418.09022941113085,0.8145525964675955,0.18544740353240452,0.17482869613980684,0.8251713038601931,-0.14088742622543424,0.1839644246842031,0.3233780543708695,0.2194437779323737,-2819.783666132099
703,-413.2469727556927,0.8239283682876719,0.13148801768081522,2.0,7.0,0.0,414.83323749556325,0.8209797944950659,0.17902020550493414,0.7677797268117248,0.2322202731882752,-0.09471199494018637,0.8526330817887507,0.3881977291104961,0.08839721118512692,-2828.6797115684353
704,-412.4359334604745,0.9354738883508323,0.1561688010514578,5.0,31.0,0.0,417.3751659083047,0.8603737827642493,0.13962621723575075,0.5439800161493952,0.4560199838506048,-0.051204534303871826,0.7139447833783747,0.19096762129300365,-0.3786518166843514,-2824.140241111826
705,-411.7706594437968,0.837959770650546,0.17433156462820298,3.0,7.0,0.0,415.02856425717863,0.9321525191489303,0.06784748085106973,0.2620386774929335,0.7379613225070665,0.6088946521692103,0.009144786079966077,0.05233367463632985,0.9639516367323693,-2812.8651200707627
706,-412.01628175244764,0.9900460780944463,0.11939575064939824,5.0,55.0,0.0,413.855948473952,0.07085424321312157,0.9291457567868784,0.6364977366639841,0.3635022633360159,-0.18816467784591645,0.7104465283934394,0.8399420979067764,0.10940681050559802,-2816.117170867342
707,-410.62585115803984,0.5872369272723433,0.13148801768081522,4.0,27.0,0.0,418.5578496842317,0.6417261589929546,0.3582738410070454,0.3542571889362813,0.6457428110637187,0.7495607819048771,-0.07387023219568609,0.12402392197048634,0.3440894627009811,-2815.5532437371307
708,-411.6641034081625,1.0,0.1561688010514578,4.0,15.0,0.0,413.1533848663303,0.3444837126634921,0.6555162873365079,0.47287092631174876,0.5271290736882512,0.3705306058956479,-0.30773069744943266,0.056335689101677265,0.325033982368082,-2823.5050342909567
709,-410.5879047222688,0.9833972142469102,0.17433156462820298,5.0,31.0,0.0,413.293933901666,0.8745396791663915,0.12546032083360847,0.33244529329777317,0.6675547067022268,0.5311097147942725,-0.029378557246088483,0.17519219358631044,0.33242082920716687,-2810.2105876804662
710,-413.83084854021706,0.6621244061131679,0.11939575064939824,4.0,31.0,0.0,416.61870337998306,0.28559189274699814,0.7144081072530019,0.7788950166747396,0.2211049833252604,0.23708194756020934,0.7027396691481548,0.7888638215504816,0.006436872618282019,-2834.4993558523847
711,-410.51463149359,0.9045666508969442,0.13148801768081522,3.0,7.0,0.0,412.8365203312809,0.7247059353451489,0.27529406465485107,0.15800238158667507,0.8419976184133249,-0.017478163693565807,0.24187743417551305,0.10305321341679402,0.3356350136794519,-2810.5089540579825
712,-411.8478449045254,0.9533981735112268,0.1561688010514578,3.0,11.0,0.0,416.2044392605699,0.17255570713055823,0.8274442928694418,0.8447491273575669,0.1552508726424331,0.06391577673703998,0.4314392381775718,0.3574840402412794,-0.022035426106549405,-2817.1909030350052
713,-411.1995613199927,0.9838152090945184,0.17433156462820298,3.0,15.0,0.0,415.14446799434234,0.1262223469727586,0.8737776530272414,0.7805831176719201,0.21941688232807988,0.2379513595505125,-0.3833228684956947,0.03517168321647506,0.11450131827471,-2812.8599699160136
714,-412.9999851265886,0.9780106299581044,0.11939575064939824,3.0,7.0,0.0,415.26204335778567,0.34585051992845733,0.6541494800715426,0.8175281927035756,0.18247180729642443,0.015417516212759497,0.737238271218963,0.8128725431439532,0.06512049293324174,-2828.4501160110744
715,-413.18353844324554,0.9210581727581091,0.13148801768081522,4.0,15.0,0.0,414.5857071391727,0.14916239048797053,0.8508376095120295,0.8459389037371267,0.15406109626287334,0.004731603059817596,0.18124458415079106,0.6385222718031763,0.2260923094294237,-2825.410810499371
716,-412.04056975874596,0.9820829682620081,0.1561688010514578,4.0,15.0,0.0,413.2080147319347,0.1875778349128773,0.8124221650871227,0.6735688854973664,0.3264311145026336,0.157566425298109,0.47322647231187737,0.5095161187759506,0.23245468672362785,-2822.3310725806427
717,-411.9449871710171,0.9644285236423098,0.17433156462820298,4.0,15.0,0.0,413.4562765578409,0.8023180398022087,0.19768196019779127,0.9555699990572598,0.04443000094274019,0.14134947312322307,-0.03637606480898681,0.26922631506168726,-0.15685713318213237,-2810.969780661484
718,-413.6759341216924,0.9471550911782161,0.11939575064939824,5.0,31.0,0.0,416.00445217971094,0.07434029846033154,0.9256597015396685,0.8279707334174717,0.17202926658252826,-0.14369095922146435,1.1453170651642495,-0.2977738354169099,0.11334809726908808,-2824.3840958604146
719,-411.33276214035124,1.0,0.13148801768081522,4.0,15.0,0.0,414.2016044507276,0.10947049762477037,0.8905295023752297,0.769505059607261,0.230494940392739,0.2835589510658004,0.002997803020948514,0.6204620650738504,0.15854952036200085,-2812.933781290433
720,-410.37755365723723,0.932435765754038,0.1561688010514578,4.0,31.0,0.0,414.06086658844157,0.19037022449094962,0.8096297755090504,0.6971626002683794,0.3028373997316206,0.04420166753924533,0.3312196909033029,0.5353830808538981,0.10272982144864126,-2810.773835982546
721,-413.077668400995,0.7624602445531852,0.17433156462820298,4.0,15.0,0.0,415.82156362629087,0.9859633097894901,0.014036690210509906,0.6867751187339033,0.3132248812660967,0.2154641569987878,0.03104223297758378,0.06992359984437566,0.07887920007619997,-2813.2079075919005
722,-412.83281908857623,0.9996809227871908,0.11939575064939824,4.0,31.0,0.0,415.7931035381003,0.2166573172706995,0.7833426827293005,0.509047827057116,0.49095217294288396,0.6853259476331814,-0.3603365953495023,-0.29207832445580173,0.1415167209561191,-2829.309267447565
723,-413.8644766953744,0.9069665471173863,0.13148801768081522,4.0,31.0,0.0,415.5479379109802,0.18166583134177902,0.818334168658221,0.6712723010942029,0.3287276989057971,0.2376249613544819,0.4289259168363323,1.1290837785966537,-0.05720764975569888,-2833.9582844609586
724,-410.546083848204,0.9658727583676419,0.1561688010514578,4.0,15.0,0.0,411.5488289782064,0.8660321179094332,0.13396788209056676,0.27236766629053316,0.7276323337094668,-0.09552743643373379,0.2690719272091651,0.17744643062970633,-0.09940260697424197,-2809.7859092259164
725,-414.867477563137,0.9128472828499431,0.17433156462820298,3.0,15.0,0.0,416.61579775025865,0.9940630494782685,0.005936950521731488,0.25598150458180347,0.7440184954181965,0.6529583896237078,-0.0023922810084306273,0.289513680757207,0.5264609442757118,-2818.21360849632
726,-413.79281029864615,0.7862729854832533,0.11939575064939824,4.0,15.0,0.0,420.23006178470735,0.8810403222995544,0.11895967770044558,0.6146090603999815,0.38539093960001847,-0.42095337379244285,0.6489634391082192,0.15299864225690935,0.18917823744533943,-2832.2814002316195
727,-412.74502235790675,0.9532745309985137,0.13148801768081522,4.0,15.0,0.0,416.5668552869788,0.09256061485530116,0.9074393851446988,0.9079821533749185,0.0920178466250815,0.2647381003194308,-0.14686855760450723,1.0917520317903961,0.08541328071181603,-2815.7691842994295
728,-411.0248822941367,0.8571736489435295,0.1561688010514578,3.0,15.0,0.0,414.56198903446517,0.7211838206921111,0.27881617930788893,0.3899296046893001,0.6100703953106998,0.11170549606719211,0.16478264745853966,0.42244630915404585,-0.11819039099974304,-2818.059113277313
729,-414.4082581895595,0.9569137633799961,0.17433156462820298,4.0,23.0,0.0,418.3720678051871,0.975133818200336,0.024866181799664044,0.03661204700790412,0.9633879529920959,0.14826375620018398,0.08668127767954127,0.2377935941528521,-0.2566014519933605,-2813.702581571057
730,-412.0000287716781,0.9957916283037113,0.11939575064939824,5.0,31.0,0.0,415.4826310271766,0.48775509597909456,0.5122449040209054,0.964681231920428,0.035318768079572016,0.14736540169956086,-0.54981285994159,0.09164981712914173,0.35822619699110053,-2812.673849522833
731,-414.3887583637423,0.9474657931203724,0.13148801768081522,4.0,23.0,0.0,419.40086846804974,0.0033987705258539985,0.996601229474146,0.7772360250765095,0.22276397492349054,0.16042839461671266,0.06671612106428229,1.3580813464790167,0.16898601548421574,-2809.449470471318
732,-414.03247448325135,0.9899380889002917,0.1561688010514578,4.0,15.0,0.0,414.94579364446787,0.0708023269584137,0.9291976730415863,0.049664535486331825,0.9503354645136681,0.8907764317544382,0.11898969661836076,0.505766695951764,-0.016224457488085722,-2819.22630960313
733,-414.3872161058872,0.8623802106647165,0.17433156462820298,3.0,15.0,0.0,418.0798517553151,0.9739108441331631,0.02608915586683691,0.02874000355732723,0.9712599964426728,0.10629637525771485,0.22847802291158503,0.15155977210645066,-0.4276319831112151,-2812.162724263133
734,-410.69745224513434,0.9244684084719903,0.11939575064939824,4.0,31.0,0.0,414.1984338869876,0.40135341449288603,0.5986465855071139,0.7597141045893191,0.2402858954106809,0.2560775044155907,-0.1352810309977406,-0.0911308907901667,0.15260128237591672,-2815.2990651533605
735,-410.0015139641267,0.9949996603215191,0.13148801768081522,5.0,31.0,0.0,415.26012528013536,0.35052936820627806,0.649470631793722,0.2544215830965045,0.7455784169034956,-0.17720936234213944,0.29344054492443544,-0.02964498449676803,0.22931439016423721,-2810.3364865859835
736,-412.1255285695715,0.9961364261070361,0.1561688010514578,4.0,31.0,0.0,414.8544146254652,0.7549371146629926,0.24506288533700737,0.45421738355650765,0.5457826164434924,0.6377327511397942,-0.1464421752632749,-0.01097257447340566,0.08131020805607878,-2825.1965690144316
737,-413.2685069753038,0.9955441257874933,0.17433156462820298,5.0,59.0,0.0,414.856296156822,0.05888880028885777,0.9411111997111422,0.9647636917667252,0.03523630823327484,0.1124774613074942,1.3812162055064592,0.09687959358071957,0.2061813220894291,-2809.7130199135404
738,-412.2927237583121,0.9993432351299439,0.11939575064939824,5.0,31.0,0.0,413.1162512930673,0.43865596449060434,0.5613440355093957,0.9417367769113012,0.0582632230886988,0.22088256110383503,-0.9670659597718239,-0.10932183238394359,0.18257930178166515,-2817.3955994984453
739,-411.8719750122917,0.9208000929335883,0.13148801768081522,3.0,7.0,0.0,413.21209336450806,0.46366269952102535,0.5363373004789747,0.34552053215772616,0.6544794678422738,-0.40606441735728316,0.4833039355393351,0.15769395800171918,0.41479823438663066,-2824.7147453537596
740,-410.8520029259142,0.9797876972778078,0.1561688010514578,3.0,7.0,0.0,413.3695371325736,0.6109730509582901,0.38902694904170987,0.3537560941904467,0.6462439058095533,0.37562191256256866,0.044083587970116134,0.2574800244631839,0.3459020285702472,-2817.6619496405947
741,-413.98163265670195,0.48369826919003067,0.17433156462820298,4.0,15.0,0.0,419.88838861129784,0.22436833371550122,0.7756316662844988,0.9903105932027699,0.009689406797230071,0.19706952813730164,1.420502709382633,-0.008681523384431303,0.304750536015892,-2813.6525714737422
742,-412.0964372039563,0.7809921412740696,0.11939575064939824,5.0,31.0,0.0,415.08541596309726,0.677852946821693,0.32214705317830705,0.4213453256323506,0.5786546743676494,0.1985331640306388,0.372843440856837,0.21214009107411955,-0.2528190520931319,-2826.153301729285
743,-413.3821658770404,0.9865630216165026,0.13148801768081522,4.0,15.0,0.0,417.63496790929355,0.2901908979114993,0.7098091020885007,0.02163507712607075,0.9783649228739293,-0.47554678219116314,0.24111712162510468,-0.28337971202655754,0.3912333216025619,-2817.5502285477282
744,-412.61869112677266,0.8905912269542183,0.1561688010514578,4.0,15.0,0.0,414.4740309159338,0.051353613463714205,0.9486463865362857,0.1544667234636167,0.8455332765363833,0.9099793345861432,0.08618265001364392,-0.6319952233501132,0.14272183539172734,-2814.250433424597
745,-415.62236609747475,0.6258659583017343,0.17433156462820298,3.0,15.0,0.0,418.07407828106204,0.13625796619107394,0.8637420338089261,0.9787956179090375,0.021204382090962537,0.33631883206192936,0.9111154260045371,-0.18572797024126653,0.17863855885231594,-2828.5979498491683
746,-412.45363405933387,0.9886602910212534,0.11939575064939824,5.0,31.0,0.0,413.891090593269,0.0623967607187739,0.9376032392812261,0.26324933182580634,0.7367506681741937,-0.12135014472100765,0.43453831587693864,0.054487350951479684,0.17647888351342386,-2817.984893445953
747,-411.37174088436905,0.8202090469207987,0.13148801768081522,5.0,31.0,0.0,418.686608280082,0.9146385704772586,0.0853614295227414,0.8112586038616043,0.1887413961383957,0.1274279921861945,0.011862202993948811,0.20551046097080278,-0.2046318473675351,-2810.990448785947
748,-414.17552028366003,0.8812272252622854,0.1561688010514578,5.0,31.0,0.0,416.2979740091465,0.6449140324268089,0.3550859675731911,0.02399157278881711,0.9760084272111829,1.4233855465643992,0.11514689523764168,0.46069529078940813,-0.45065583676953946,-2822.78734815708
749,-416.8821447376543,0.9321660552566284,0.17433156462820298,3.0,15.0,0.0,420.7149526600826,0.08688466539505879,0.9131153346049412,0.9747907022369405,0.02520929776305947,0.366223639128678,0.3729760094713976,0.24037273660761388,0.043961428420470905,-2836.3269786074125
750,-413.19690086291627,0.9065550787813698,0.11939575064939824,3.0,7.0,0.0,416.40475703547736,0.11468202808136903,0.8853179719186309,0.2853610843850828,0.7146389156149172,-0.07469525430383239,0.28898514084558785,0.0862486186737268,-0.04263368644048526,-2827.3941729239477
751,-410.5966760345382,0.9857462710177011,0.13148801768081522,4.0,31.0,0.0,412.4291391535868,0.7222600535649335,0.2777399464350665,0.39532624805686933,0.6046737519431307,0.567478651929384,-0.22809127645210567,0.18399735551474944,0.1563136324921142,-2814.945384909653
752,-414.03965411126796,0.9888659856324382,0.1561688010514578,3.0,7.0,0.0,414.7175003145169,0.6431557939280591,0.3568442060719409,0.022979936100073838,0.9770200638999261,1.5133430909920478,0.17643447065308687,0.4501275618663092,-0.39679223606543645,-2821.3778246358793
753,-419.52342609325285,0.9216172794378147,0.17433156462820298,5.0,31.0,0.0,421.53916221493773,0.42953236099240916,0.5704676390075909,0.9985419905711411,0.0014580094288588752,-0.09976807488406547,0.06955912735912957,0.3228153806776696,0.003662810947795178,-2843.0251848379685
754,-414.8827557647058,0.9019788015994914,0.11939575064939824,5.0,39.0,0.0,417.0313863675213,0.9430699554988404,0.05693004450115957,0.6712490095962123,0.32875099040378775,0.46222046199583267,0.014773452842691494,0.1703275732075438,1.7696040586903916,-2832.354721419005
755,-412.9883083896953,0.9341141010701552,0.13148801768081522,4.0,31.0,0.0,415.272684915511,0.1327510221147916,0.8672489778852084,0.05841105489220657,0.9415889451077935,-0.9348986425312642,0.33358220540176864,0.2603658456183594,0.1438723787554311,-2816.926908644721
756,-412.6143882375401,0.9568012490225324,0.1561688010514578,5.0,31.0,0.0,416.50882025739213,0.9229043482520153,0.07709565174798472,0.6749036911992443,0.3250963088007557,0.17341019347492959,-0.28845769459364684,0.09769934662357903,-0.1584066325450595,-2821.376912435204
757,-423.129598397117,0.9676262603785432,0.17433156462820298,3.0,7.0,0.0,424.8232423608651,0.17669596889456096,0.823304031105439,0.9990304551183286,0.0009695448816714469,0.40276585104529516,0.14128847712604653,0.34400613478653974,0.37507928730344375,-2861.240861745966
758,-415.1868913051393,0.9962642025669812,0.11939575064939824,2.0,7.0,0.0,415.8475029870026,0.9719598641673145,0.028040135832685498,0.7399218948878538,0.26007810511214624,-0.006761194463375794,-0.08115478489511468,0.1114486128390041,1.7585767269889396,-2829.0531635141588
759,-412.2962198225776,0.992722317636023,0.13148801768081522,4.0,15.0,0.0,414.21180415600185,0.6951283966454301,0.30487160335456986,0.4586487579023306,0.5413512420976694,0.5262554274876023,-0.4272317083327464,0.22389621782636232,-0.050037568099651986,-2827.25806744391
760,-411.48721091173917,0.9245022889624056,0.1561688010514578,3.0,7.0,0.0,414.17714229498756,0.5927021587948834,0.4072978412051166,0.7282167529040795,0.2717832470959205,0.48565816042630194,-0.23391108648195155,0.30793728519947433,0.07075311214587368,-2821.108114015588
761,-412.3486547170967,0.9094324084415651,0.17433156462820298,5.0,31.0,0.0,425.70938314809666,0.9466703610707804,0.0533296389292196,0.18033866972826182,0.8196613302717382,-0.00019333929569192998,0.10663849856885141,0.2102312093685152,-0.7472367127663755,-2814.0403353539973
762,-414.7504093501646,0.9033328564546078,0.11939575064939824,2.0,7.0,0.0,419.103856739676,0.9695466607106413,0.030453339289358672,0.5805375607887286,0.41946243921127135,0.03292102901378678,0.09184713311938943,-0.028376146400354144,1.7473130825334857,-2828.258908759384
763,-414.0724794042938,0.9482241450629669,0.13148801768081522,4.0,15.0,0.0,415.29021484975704,0.5410948085594234,0.4589051914405766,0.9821047668014266,0.017895233198573446,0.27728721262215233,-0.43188568766446445,0.4494174434112133,-0.23860684745976352,-2822.3211817164583
764,-415.9175885048279,0.9706713492250059,0.1561688010514578,5.0,55.0,0.0,417.781289329562,0.20666084881752247,0.7933391511824776,0.010068251169948046,0.989931748830052,-3.2895989117397955,0.22982484614539767,-0.04845200170496617,0.2789867361495379,-2819.2733011528267
765,-415.11785375347324,0.9410190508039096,0.17433156462820298,4.0,31.0,0.0,416.60552663957304,0.9842428324369548,0.015757167563045238,0.7776267657583097,0.2223732342416903,0.27412741139862284,0.25173305013993974,0.15792258241199097,-2.2260749193856997,-2822.2100220701464
766,-412.761093579553,0.9998411542473057,0.11939575064939824,2.0,7.0,0.0,415.3276031902639,0.9453207834081271,0.054679216591872914,0.5282874735333885,0.47171252646661155,0.23899846027730187,0.11634585963148114,0.03146684582342016,1.683587470572171,-2818.6807128721825
767,-412.10203644005446,0.8137176316008199,0.13148801768081522,4.0,15.0,0.0,416.3305407240785,0.20300457817174752,0.7969954218282524,0.10986674275163105,0.8901332572483689,0.06851318481908172,0.3139326928820225,0.06658437067174955,0.2097593908668849,-2817.9273912173585
768,-416.3931069231987,0.95788006089991,0.1561688010514578,4.0,23.0,0.0,421.4521802339877,0.011584490417219314,0.9884155095827807,0.08095436121780396,0.919045638782196,-1.2015602733629114,0.2193236999528339,-1.7331338913499044,0.07174534960903511,-2823.631204441325
769,-414.3446323713331,0.9622123211144061,0.17433156462820298,4.0,15.0,0.0,416.1351076758235,0.9833073770140432,0.01669262298595675,0.1902173495761413,0.8097826504238587,-0.3177899424141887,0.23201436497373787,0.1949078736412805,-2.175613155761309,-2816.62802974062
770,-415.0103221657365,0.8914826811600248,0.11939575064939824,3.0,15.0,0.0,416.24062110308876,0.9166242868065394,0.0833757131934606,0.3468170476675529,0.653182952332447,0.17694484297506358,0.24601888442334585,0.26127315149881136,1.5787651973374335,-2836.4792978205883
771,-415.9118532301378,0.9707513736009176,0.13148801768081522,4.0,31.0,0.0,419.4066639632861,0.15884959234427193,0.8411504076557281,0.9402024909115196,0.05979750908848036,0.06351534832331256,-0.5316160201943472,-0.7720049955937185,0.45326071482120006,-2838.290325647932
772,-416.69642938485555,0.8964119760683796,0.1561688010514578,3.0,11.0,0.0,418.04182086499543,0.014829596188773268,0.9851704038112268,0.054434232486198705,0.9455657675138013,-1.3762517005390342,0.23878497420443556,-1.7607205983059961,0.2890376358031427,-2824.317109813627
773,-414.95532596637975,0.9586109728384897,0.17433156462820298,4.0,15.0,0.0,417.2169190955469,0.9931652753376088,0.006834724662391212,0.571914601221758,0.42808539877824203,0.4506321117198072,-0.02853807570725382,0.18174223320130906,-2.4853341098832806,-2816.663502911729
774,-413.5070847056081,0.9870312714690991,0.11939575064939824,2.0,7.0,0.0,416.52959769296723,0.9352879714665201,0.0647120285334799,0.2731547931873761,0.7268452068126239,0.2784164537826424,0.12166944532222966,0.23686167684051737,1.4680734154031987,-2823.874190882769
775,-415.4369324390158,0.971307657828745,0.13148801768081522,5.0,31.0,0.0,418.1106095718255,0.06995007797139317,0.9300499220286068,0.9737585879552316,0.026241412044768375,0.11667916707935724,-0.6319175970093898,-1.0544969151657522,0.10688055721054603,-2824.203924965817
776,-417.5368995287587,0.8001961885622012,0.1561688010514578,3.0,7.0,0.0,418.8600032136336,0.01638193804589328,0.9836180619541067,0.06680563697041911,0.9331943630295809,-1.3984628902275342,0.07542958469752387,-1.745172942696708,0.22234787921182064,-2832.1909898592953
777,-416.14508042051517,0.8939542072308057,0.17433156462820298,5.0,31.0,0.0,416.6968188941172,0.9910272156974342,0.008972784302565762,0.2284573908892145,0.7715426091107855,-0.16727815764978007,0.4081865391070018,0.2181919416434988,-2.7730080730930866,-2823.166884548112
778,-418.6284792607591,0.933035180429623,0.11939575064939824,4.0,15.0,0.0,419.6861590819103,0.9984199382314819,0.001580061768518104,0.0937946423865778,0.9062053576134222,-1.0919288601295287,0.2940817368250195,0.30321005451836663,1.7404127069898059,-2826.387505054424
779,-417.4293410695183,0.9471867123208891,0.13148801768081522,2.0,7.0,0.0,419.18029951521294,0.1295095776284895,0.8704904223715105,0.9867361012244245,0.013263898775575544,0.14171899690036088,-0.7159243400331827,-1.2423984865929059,0.37486898473874164,-2836.5556655748883
780,-415.9951084011921,0.982578204127726,0.1561688010514578,5.0,31.0,0.0,419.3040851110583,0.029442469857489825,0.9705575301425102,0.945627924628518,0.05437207537148203,0.34665568166506316,-0.7987405197647856,-1.3266253297986053,0.27664316604011274,-2826.2926555336776
781,-416.3908227206026,0.9624441113704921,0.17433156462820298,4.0,15.0,0.0,418.63400221609885,0.9981270675310401,0.0018729324689599203,0.8912633527537563,0.10873664724624366,0.2488790985926679,-0.2754591919673195,0.2024614091278819,-2.4502704494634724,-2811.4697103861427
782,-411.77956268316075,0.9732265474762849,0.11939575064939824,5.0,31.0,0.0,420.6984951989105,0.7664680050962933,0.23353199490370669,0.37333238566861265,0.6266676143313874,0.5554938875095917,0.0029882030783091873,-0.10569895247765887,0.8128166134791334,-2821.7074095837597
783,-416.03406750344317,0.9689475702491133,0.13148801768081522,4.0,31.0,0.0,421.303056543238,0.08460729427952282,0.9153927057204772,0.9948072792959488,0.00519272070405119,0.16742379775282554,-0.07886371496427755,-1.0405138152522722,0.27336159613245326,-2818.787399717319
784,-413.7650942155404,0.9749907732142612,0.1561688010514578,4.0,15.0,0.0,418.1722829064242,0.012549028738715473,0.9874509712612846,0.6877034113805583,0.31229658861944165,0.2902260464542363,-0.4299153801572293,-0.8742909943824243,0.20811974868615712,-2816.3026005357133
785,-415.7120151500976,0.886527578110871,0.17433156462820298,5.0,39.0,0.0,419.57791256058107,0.9450574542454244,0.05494254575457558,0.9102195487390232,0.08978045126097678,0.11440314195313447,-0.5712869900106361,0.29787501590289206,-1.6019903527774275,-2831.3179973928836
786,-414.5775764782475,0.9584965557377693,0.11939575064939824,5.0,31.0,0.0,416.8164206383755,0.7866396833885588,0.21336031661144117,0.0070387250283908695,0.9929612749716091,-0.16352762002717186,0.03533070687660678,0.2296754343287284,-0.014567308712322202,-2817.1159754980763
787,-415.92064814378716,0.9436063275373671,0.13148801768081522,5.0,31.0,0.0,418.8064466352416,0.14730686887294456,0.8526931311270555,0.01437366070120482,0.9856263392987952,0.8351851675960711,0.14302653909521387,1.3876015452164496,-0.018586632604287365,-2827.0592745273107
788,-411.71768505679586,0.9613607594211625,0.1561688010514578,4.0,31.0,0.0,414.9836518567996,0.17116700812815341,0.8288329918718466,0.28976209983694384,0.7102379001630561,-0.20962485542414944,0.39574422170690304,-0.5923465890427253,0.26792636590264485,-2819.096933294905
789,-411.37657582896395,0.8903382265900001,0.17433156462820298,4.0,31.0,0.0,416.6260823575664,0.9327822159201666,0.06721778407983336,0.7978699976811835,0.2021300023188165,0.2694977320103111,-0.12824197051393535,0.1865865881775246,-0.02871108805335912,-2809.846420601732
790,-413.6110520638726,0.9491680304436486,0.11939575064939824,3.0,15.0,0.0,416.9240247703743,0.8031986678843457,0.19680133211565431,0.018078429818680707,0.9819215701813193,0.17695610367493642,0.24373004397266945,0.22570162701601054,-0.335006137991041,-2816.314779761906
791,-413.8182757052607,0.977683174655344,0.13148801768081522,4.0,15.0,0.0,418.1631492566885,0.130664417687562,0.869335582312438,0.09572606823861353,0.9042739317613865,0.5403243549861282,0.13649807187304686,1.2224007104657624,-0.07980860676367722,-2825.0635522970306
792,-411.9566760712958,0.7956301022426796,0.1561688010514578,4.0,15.0,0.0,414.3925151010695,0.10082247970191817,0.8991775202980818,0.6478098268850044,0.35219017311499556,0.18547186299389054,0.07655546613727154,-0.3591340496941856,0.3532137286531709,-2818.650932941495
793,-410.71007238994434,0.8780858793060985,0.17433156462820298,3.0,7.0,0.0,412.8234326458101,0.834880172528735,0.16511982747126497,0.7294126402352519,0.2705873597647481,0.17504132844721154,0.04194279307818392,0.12529313085128368,-0.09893422037687832,-2812.137571630764
794,-413.0720678999484,0.9691794506138821,0.11939575064939824,4.0,15.0,0.0,417.10164524098775,0.5112714351875902,0.4887285648124098,0.0718183657781864,0.9281816342218137,1.3054830668181345,0.21311592546813013,0.49439597186583506,-0.08524563552253844,-2823.3857293668384
795,-413.9857245398802,0.9556521994695648,0.13148801768081522,5.0,31.0,0.0,416.193471386101,0.006153926180916404,0.9938460738190836,0.8192330300253398,0.18076696997466024,0.2432354086576205,-0.23490311118777843,1.3895482525179979,0.15622568446346546,-2809.523982624949
796,-412.13436731387674,0.9417276427284573,0.1561688010514578,4.0,15.0,0.0,415.05871274668,0.1531570312268158,0.8468429687731842,0.696965279267516,0.30303472073248405,0.2596201480829937,0.2177584591689099,-0.328629731481855,0.3699591416013265,-2821.7624041803597
797,-409.8628627901077,0.9932567985181554,0.17433156462820298,2.0,7.0,0.0,411.72404709734803,0.6984470973167256,0.3015529026832744,0.5405760480109325,0.4594239519890675,0.20855280428091277,-0.008311806191420155,0.19167668595737075,0.0036730564125802417,-2810.7809287452014
798,-415.07079748299066,0.8623636898061218,0.11939575064939824,2.0,3.0,0.0,415.85251523400564,0.4634350439464623,0.5365649560535377,0.07972030984385299,0.920279690156147,1.244766465336572,0.3067700925891009,0.488022002342842,-0.11836723032908257,-2837.9121775606363
799,-412.16810464319695,0.9859681311613613,0.13148801768081522,5.0,31.0,0.0,414.4776240657953,0.9808729216134772,0.019127078386522833,0.5805642252915055,0.41943577470849447,-0.017709829424045524,0.3443023059808727,0.1426626845638304,-0.2501068551322917,-2809.759314072505
800,-411.31411813621867,0.9820433251797638,0.1561688010514578,3.0,7.0,0.0,412.72210152544903,0.18699613497494408,0.813003865025056,0.5211034159473942,0.4788965840526058,0.07560105129196414,0.08706047505111292,-0.3538127427984037,0.1574750277514009,-2818.515740457132
801,-411.08971097334324,0.891801054547345,0.17433156462820298,4.0,15.0,0.0,413.5984627829657,0.6773609073157909,0.3226390926842091,0.7074039449912712,0.29259605500872876,0.011378113287702357,0.05274122605320196,0.22817632622329184,0.021041532659818202,-2818.2736345929848
802,-411.8436710822048,0.9944816672590985,0.11939575064939824,4.0,15.0,0.0,417.19844838157076,0.5791850231675241,0.42081497683247593,0.1262852766306505,0.8737147233693495,0.7347245711995768,0.2315993583160046,0.038686293956765844,0.24628088437492737,-2819.37138327917
803,-413.37568636618045,0.7138976887295806,0.13148801768081522,3.0,7.0,0.0,417.30771559447584,0.9856955368241563,0.014304463175843662,0.6983994356340932,0.30160056436590676,-0.16187488612468098,0.6575792017667423,0.134374931278135,-0.2056303785884823,-2814.8523185887475
804,-410.82249064728154,0.9790136955558556,0.1561688010514578,2.0,7.0,0.0,413.7857318778462,0.22349307535008958,0.7765069246499104,0.6091502177408956,0.3908497822591044,0.14653367559824645,0.10578565895461434,-0.4450299117034237,0.27398549406890893,-2815.585999166378
805,-411.9357547182217,0.997247703345242,0.17433156462820298,4.0,15.0,0.0,412.82257568378066,0.10688132363299686,0.8931186763670032,0.0835096972622049,0.9164903027377951,0.9460646501340416,0.03048449943518356,0.39395897932457996,0.15181969839588882,-2810.644107626951
806,-413.3687164325511,0.7857464680450491,0.11939575064939824,3.0,15.0,0.0,419.518327761162,0.5081800772516885,0.49181992274831154,0.09418226037847686,0.9058177396215231,-0.15418297654175706,0.0537451262894801,-0.09836802150503085,0.11376775583879442,-2828.8263204602968
807,-415.74729978681796,0.9087495624372157,0.13148801768081522,3.0,15.0,0.0,417.1863576775953,0.994162349374961,0.005837650625039048,0.5542853318027053,0.44571466819729466,0.019923360267845816,0.13149751582095737,0.32775509142825066,0.1270724546981383,-2826.5305627961375
808,-411.1636329432129,0.9556788504190168,0.1561688010514578,3.0,7.0,0.0,411.79848842364186,0.2935439634658449,0.7064560365341551,0.527324658747178,0.47267534125282196,0.15199689501102562,0.07959050537160595,-0.418348223582553,0.41439040373516345,-2819.428665546792
809,-412.41928479131116,0.7757698445142155,0.17433156462820298,3.0,7.0,0.0,415.7461202382716,0.23513839966967842,0.7648616003303216,0.23861269020956755,0.7613873097904325,0.8830207487926011,0.02042229595396028,0.4840291471309651,-0.10615878463354689,-2824.3732422495846
810,-411.4745672746385,0.999270167826055,0.11939575064939824,4.0,31.0,0.0,416.64559143424106,0.8127054993501003,0.18729450064989972,0.8494682474463008,0.15053175255369922,0.1430560028315786,0.9063905603354178,0.128532378420306,0.20255047178773164,-2814.37794590674
811,-415.6968757217465,0.9997013663402325,0.13148801768081522,5.0,31.0,0.0,418.6910526462208,0.01643042691579395,0.983569573084206,0.4061775863296152,0.5938224136703848,0.2541127053168912,-0.035328744777195935,0.9736504452561173,0.35310908993308854,-2832.229647848554
812,-412.34101570386946,0.8729338505128686,0.1561688010514578,4.0,15.0,0.0,415.3513681050873,0.8317582973600839,0.1682417026399161,0.5114033392584394,0.4885966607415606,-0.12341172012654189,0.17536246631255478,0.36111197707518733,-0.27683020884467757,-2824.9680137263986
813,-413.6061580273419,0.9357552927320741,0.17433156462820298,4.0,15.0,0.0,416.29357544447925,0.4402609278027502,0.5597390721972497,0.33633658708838293,0.663663412911617,-0.13222157984947425,0.34241298147247,-0.1756349501049445,0.7277983331884161,-2836.455249393927
814,-411.77382961887946,0.8986224491972945,0.11939575064939824,4.0,31.0,0.0,413.719909313423,0.5157476395925765,0.4842523604074235,0.4566457527897127,0.5433542472102872,0.11089832891094442,-0.13677641431327667,0.2161193024941704,0.13502092188849615,-2825.138649038784
815,-414.64257414423895,0.9751342791323173,0.13148801768081522,3.0,15.0,0.0,418.04803886469693,0.02404736151263369,0.9759526384873664,0.4171101800577061,0.5828898199422938,0.09065139340488558,0.10364887974385067,0.869511891070908,0.3319749264663753,-2827.7979963008584
816,-411.78792477841716,0.9949881962517269,0.1561688010514578,4.0,15.0,0.0,414.1102413482283,0.8816430814954086,0.1183569185045914,0.4270904859921753,0.5729095140078246,0.12206489887277665,-0.05754830033387189,0.20165036125843677,0.18618053260751624,-2819.1131426363827
817,-411.1192347873984,0.9916111798646992,0.17433156462820298,3.0,11.0,0.0,415.1344531510378,0.8398517875090243,0.16014821249097566,0.2152229370164706,0.7847770629835293,0.26887321455458413,0.03475446741618911,0.04755336750336128,0.47714656526169336,-2813.505819369195
818,-413.2474120653137,0.9951284229139191,0.11939575064939824,3.0,15.0,0.0,414.70653175781086,0.5607471693312451,0.43925283066875487,0.3007570976118363,0.6992429023881637,0.5561592323547556,0.2584976715132866,0.40821990929825813,-0.23907716601461643,-2833.6444224018555
819,-414.0266794194851,0.9971282487006163,0.13148801768081522,4.0,15.0,0.0,415.6120558616769,0.05488661158182983,0.9451133884181702,0.19283293991008763,0.8071670600899123,0.32760420977647636,0.19332974752890356,0.7177031745213832,-0.04945205644023179,-2826.1340453634025
820,-410.36010945567386,0.9950859019916851,0.1561688010514578,3.0,15.0,0.0,414.6631723928084,0.6500309701630771,0.3499690298369229,0.6935604519816222,0.3064395480183778,0.32102208033378493,0.03474636889547221,0.2768966153047689,0.09001196251463023,-2813.578339207608
821,-410.62335893528603,0.9706818247185702,0.17433156462820298,3.0,15.0,0.0,411.950422972585,0.6464380635847702,0.3535619364152298,0.1623470347139436,0.8376529652860564,0.14386695079819134,0.19068128973080836,0.08962002542128904,0.4508807729595249,-2812.276115828585
822,-414.07260582637514,0.9765633841718677,0.11939575064939824,4.0,23.0,0.0,415.1442465631378,0.5151833768367088,0.4848166231632912,0.991277295553745,0.008722704446255003,0.076306287480718,-0.9307345546056969,-0.02114778837178171,0.4568432154479195,-2816.9801621368238
823,-412.1781640161098,0.989008197656725,0.13148801768081522,4.0,31.0,0.0,416.0800574413782,0.06731924097830778,0.9326807590216922,0.32794999990439083,0.6720500000956091,-0.06215856392234387,0.30612551340261523,1.4149898886319743,0.12968116699760235,-2815.830887289519
824,-410.67374716911263,0.9143865686249912,0.1561688010514578,4.0,31.0,0.0,413.03636704653616,0.5984036325016283,0.4015963674983717,0.7949122404379757,0.2050877595620243,0.08856552251940625,0.13542133189596103,0.038613285974333854,0.4760058556264929,-2814.2355740154057
825,-410.76639642407486,0.9904060835706756,0.17433156462820298,4.0,15.0,0.0,413.06616354232193,0.7058619565764438,0.2941380434235562,0.5037479605040499,0.4962520394959501,-0.19958462611537792,0.3139730177209901,0.25314799740868066,-0.18288860838455073,-2816.8341623114343
826,-419.4164275891867,0.6124285624032187,0.11939575064939824,5.0,31.0,0.0,420.57181169397853,0.4858427977577864,0.5141572022422136,0.9995795919482607,0.00042040805173926277,0.3709187230001377,-1.0237451636008053,0.10773039558409317,0.13233975715602217,-2832.889654691453
827,-414.4839481612837,0.9280602671116707,0.13148801768081522,4.0,31.0,0.0,416.7961453069902,0.01701429853660025,0.9829857014633997,0.8602142880949338,0.13978571190506617,0.175772781739015,0.6523721807304422,1.9621475356657752,0.19656152658954862,-2816.510973959573
828,-415.76443880697997,0.6382818901553933,0.1561688010514578,3.0,15.0,0.0,418.13121325601554,0.9935098186777257,0.006490181322274302,0.20860376689865437,0.7913962331013457,0.09097310456582366,0.28615534488848365,0.31335193283234924,0.17552517693654196,-2824.524438422452
829,-410.8098389314174,1.0,0.17433156462820298,4.0,15.0,0.0,413.86532641311385,0.3311995647009201,0.66880043529908,0.15572979221977362,0.8442702077802264,-0.26150364781773555,0.20834427172821873,-0.1945066181442311,0.2472898602884687,-2813.164496886014
830,-417.435355328245,0.9508171529561052,0.11939575064939824,4.0,27.0,0.0,422.9579417145932,0.1949509666820007,0.8050490333179993,0.9998323366299072,0.00016766337009277432,0.1541540492375853,-0.4858619269385246,0.3567418560020899,0.16970179660915818,-2810.335891032689
831,-413.152959006292,0.6037856749485323,0.13148801768081522,5.0,31.0,0.0,418.7230171692939,0.16236314660933482,0.8376368533906652,0.6943156792766686,0.3056843207233314,-0.15455294198661557,0.2738647351885166,0.8068628199283959,0.09037820333749061,-2828.8161204419926
832,-415.2651903067844,0.9344424079658793,0.1561688010514578,4.0,15.0,0.0,419.05579346967266,0.9908485928407219,0.009151407159278091,0.3403465715131383,0.6596534284868617,0.7701643860267442,0.07418289670611791,0.2447056779699081,0.43646842782171114,-2825.010708721165
833,-410.8695393546915,0.9382883713035396,0.17433156462820298,4.0,31.0,0.0,413.58430626162004,0.45231045585238944,0.5476895441476106,0.24719337008791925,0.7528066299120808,-0.12752743215889423,0.28949078412748075,0.09495757373575156,0.41724211149614815,-2816.6867983442976
834,-415.5411640184898,0.7144125172867933,0.11939575064939824,4.0,15.0,0.0,420.8137885116333,0.8081477945449818,0.19185220545501824,0.9910165391698441,0.008983460830155887,-0.003044238168853325,-0.8235696683696673,0.13904087255278672,0.4503132614258948,-2824.1886401882402
835,-413.7388204704866,0.9610535695120066,0.13148801768081522,4.0,23.0,0.0,415.5430379043029,0.3228412187352842,0.6771587812647157,0.1826425633547847,0.8173574366452153,0.1571335113431663,-0.04955554077803012,-0.44541849056356714,0.33455574498480545,-2834.074387794792
836,-414.7350840086872,1.0,0.1561688010514578,3.0,15.0,0.0,418.0941444361235,0.9917848959486002,0.008215104051399802,0.4564032195060952,0.5435967804939048,0.27934301340337364,-0.21694905143526758,0.09287960853383105,0.0923696682499375,-2821.910220387611
837,-410.1211002109524,0.9606661051993889,0.17433156462820298,4.0,15.0,0.0,412.30548870002747,0.5418708460420053,0.4581291539579947,0.2497996237105026,0.7502003762894974,0.21612712049478455,0.13920780362647034,-0.05498113366457795,0.3122954612734164,-2811.680397752413
838,-413.8136550348288,0.9992498035152619,0.11939575064939824,4.0,15.0,0.0,417.19074846331466,0.8056710913668916,0.19432890863310837,0.9693139645690778,0.030686035430922187,0.31268427272162397,-0.9352067117627754,0.10752799106821256,0.6544581590689257,-2820.2135345356965
839,-411.00557253236417,0.9532867408763872,0.13148801768081522,3.0,7.0,0.0,415.2827776279698,0.18119175315796243,0.8188082468420376,0.3141691847165006,0.6858308152834993,0.16724981426476543,0.16552457559608055,-0.26313773322920475,0.35112165713564286,-2815.1280949367365
840,-414.81619977962595,0.868272361718314,0.1561688010514578,4.0,15.0,0.0,419.2438876050095,0.9565348764466004,0.0434651235533996,0.5606648894888945,0.4393351105111055,-0.42596512742549575,0.49669401195853874,0.10250113148698171,-0.43199215311608397,-2833.2619801874275
841,-411.71359186409506,0.82561164749101,0.17433156462820298,4.0,31.0,0.0,414.11084155311374,0.07769540936986971,0.9223045906301303,0.5647758552915512,0.43522414470844883,-0.035455009056361037,0.1474084341305411,0.4939508290665173,0.11030826669528815,-2815.874874128784
842,-411.33450279405116,0.9981358343142717,0.11939575064939824,5.0,31.0,0.0,414.4405586078442,0.6059212722012839,0.3940787277987161,0.13368011296782445,0.8663198870321756,-0.08610333352688074,0.06565770294303859,0.029787922418127742,0.2576608691120438,-2816.544728844983
843,-410.5726928075268,0.9665766757622306,0.13148801768081522,4.0,15.0,0.0,414.597144885837,0.7693909777583073,0.23060902224169266,0.6656478097772072,0.33435219022279283,0.4597072820383818,-0.273883190690076,0.12783611660298758,0.3069342493231618,-2813.4688944129757
844,-412.27549461305836,0.8728894184532443,0.1561688010514578,3.0,7.0,0.0,416.8690121992869,0.9230464222593031,0.07695357774069689,0.40790184663524043,0.5920981533647596,-0.3312470460252859,0.42491786631485506,0.08082789964484573,-0.30795516926651423,-2819.4769808100787
845,-412.83066925640674,0.9254511355513282,0.17433156462820298,2.0,7.0,0.0,416.0466367521345,0.23581588685766217,0.7641841131423378,0.6542126535118277,0.34578734648817233,0.20704179858767124,0.3081241942508879,0.8073136758399285,0.1791194142851954,-2828.919611026058
846,-410.6176509035424,0.8960427466510068,0.11939575064939824,3.0,15.0,0.0,414.12369778257766,0.6286200808312586,0.37137991916874136,0.5241749418879862,0.4758250581120138,-0.2977793967550281,0.5523522923918986,0.08758178857409438,0.1741697939201582,-2816.4319632927486
847,-410.33898485464204,0.9904429679671622,0.13148801768081522,4.0,31.0,0.0,411.21568629842255,0.41074744869475976,0.5892525513052402,0.5115184008088798,0.4884815991911202,0.1923008489112725,0.30637300588809824,0.2832983728842745,0.0037502848285184687,-2814.9592729562023
848,-412.54520960393063,0.794342774852225,0.1561688010514578,4.0,15.0,0.0,414.8279581812057,0.6948058584706504,0.30519414152934965,0.14538047649779579,0.8546195235022043,0.21232379303895565,0.2022798557350651,0.40317119041605537,-0.5302988500408361,-2824.1843480106745
849,-413.2786543520233,0.8706937908552478,0.17433156462820298,3.0,7.0,0.0,415.06978203551535,0.11128681792608902,0.8887131820739109,0.7063731577531648,0.2936268422468352,0.032987063725413365,0.16759747158165592,0.9328769333498239,-0.08984413213894538,-2827.195949811053
850,-410.02149388290803,0.9995467301956422,0.11939575064939824,4.0,31.0,0.0,412.153511021637,0.4862659002594495,0.5137340997405505,0.29841603787102744,0.7015839621289726,-0.2799788215707867,0.36894784271056624,0.31404044454032026,0.0021097946286321723,-2811.674830810341
851,-411.8150749255186,0.9453340323445206,0.13148801768081522,4.0,19.0,0.0,413.77729795361086,0.2010596723719441,0.7989403276280559,0.8142564528050218,0.1857435471949782,0.03732005896448426,0.011152315600528151,0.5908746775724658,0.07242866390379847,-2818.7309357935737
852,-415.29392910128314,0.8749213807746884,0.1561688010514578,4.0,23.0,0.0,420.1610623940557,0.9961270714833823,0.0038729285166176908,0.5100137182536802,0.48998628174631975,0.5602126416649597,-0.27529163281279706,0.2646059946274215,0.8097704347089414,-2819.816079407566
853,-412.2244740971916,0.8242559942755514,0.17433156462820298,2.0,7.0,0.0,416.31044050852825,0.11780232464560868,0.8821976753543913,0.7768175204251511,0.22318247957484894,0.25596011692175236,0.21110137658803563,0.9870861957968612,0.1298339066515824,-2818.850549039232
854,-410.9831604751413,0.929346996920715,0.11939575064939824,4.0,15.0,0.0,413.6277449808302,0.4924502325041163,0.5075497674958838,0.4282756839295429,0.571724316070457,-0.2339486151857974,0.5619669519059779,0.42198208180777713,-0.1289621685736994,-2819.185463048642
855,-414.6345599487819,0.990617345365112,0.13148801768081522,4.0,31.0,0.0,416.04191943417385,0.4736200337969996,0.5263799662030004,0.014197231675485505,0.9858027683245145,2.180200003544413,0.12111523280151523,-0.24032627951092292,0.5687399316866255,-2820.6632308272397
856,-415.0830578384712,0.9191712684894296,0.1561688010514578,3.0,15.0,0.0,420.8738607214312,0.9877686136227661,0.012231386377233866,0.8069582218490262,0.1930417781509738,0.3303621242879415,-0.6370530114803549,0.024175900186170732,1.5050427365174586,-2821.542272524709
857,-411.1766905146191,0.9922923836182448,0.17433156462820298,4.0,15.0,0.0,413.5207043042234,0.1862535865593013,0.8137464134406986,0.6026321181521149,0.3973678818478851,-0.11737485049854392,0.5618158080142218,0.8393797354206963,0.003928808767411654,-2816.5083734534683
858,-411.7117112923721,0.9725856804388749,0.11939575064939824,4.0,31.0,0.0,413.8342524466873,0.19852337450713836,0.8014766254928616,0.902966927031979,0.097033072968021,0.16622114542112204,0.5907796473182777,0.37537757002461986,0.21357118672945408,-2814.001175942291
859,-417.1053817913559,0.823846035426695,0.13148801768081522,6.0,63.0,0.0,420.0144224695737,0.12467587371456539,0.8753241262854347,0.0030512177555652377,0.9969487822444347,2.0411508467286987,0.19598768490439644,0.07034201426333668,0.35041808383188633,-2822.1866041166586
860,-414.8169278041819,0.9550941416347681,0.1561688010514578,4.0,23.0,0.0,417.75606573959044,0.9875684688637519,0.012431531136248064,0.2818050175229927,0.7181949824770073,-0.42210802351552873,0.25922819299769634,0.05611590006244928,2.1244338850545956,-2819.9123700273462
861,-413.4974653727726,0.8773168012713612,0.17433156462820298,5.0,47.0,0.0,416.57077931121387,0.960376704669099,0.03962329533090103,0.7171101818004648,0.2828898181995352,-0.022398108333877356,0.7358777269698766,0.2626958888439442,1.105431733637562,-2821.1572928835
862,-414.37783206519913,0.9838892384932573,0.11939575064939824,4.0,15.0,0.0,415.80884373886397,0.006019420569057592,0.9939805794309424,0.098833613476008,0.9011663865239921,-0.36096858752619365,0.17032769323955035,0.5441697539110788,0.1619248459160483,-2809.939738825718
863,-414.50718642654255,0.9344724790562485,0.13148801768081522,3.0,7.0,0.0,420.02658863075044,0.13590037466215374,0.8640996253378462,0.04721001571221306,0.9527899842877869,2.241190776826363,0.13005478239078266,-0.2540280445704909,0.10701180114865519,-2822.6766448375747
864,-413.5909591336128,0.9788915395330966,0.1561688010514578,3.0,15.0,0.0,416.84469637365993,0.9457534192073039,0.054246580792696064,0.43192948519457497,0.568070514805425,0.0010416538771932937,0.38672158101817344,0.1505400209236133,1.9734390010608138,-2823.252309113637
865,-412.7245294521861,0.5963720829173078,0.17433156462820298,4.0,15.0,0.0,420.3953010283403,0.36683971280283795,0.633160287197162,0.3042979419055564,0.6957020580944435,0.011352836125869875,0.08549854619885021,0.000640652690185331,0.5191380649638097,-2829.9516907273214
866,-413.48055448312016,0.8771196244308337,0.11939575064939824,5.0,31.0,0.0,418.4056561261146,0.831395246775571,0.16860475322442903,0.9783941439523244,0.02160585604767562,0.11600508210474525,-0.22520165500686068,0.11188946121030631,-0.20074614020756637,-2815.9080945346327
867,-413.0665895478104,0.850457358746341,0.13148801768081522,4.0,15.0,0.0,417.2100197823626,0.7719078301319428,0.22809216986805725,0.08532814358558176,0.9146718564144183,1.303246600869687,0.22213278350255244,0.07061842203086623,0.4643296596592923,-2822.047404422542
868,-416.9723408784059,0.7891191144474196,0.1561688010514578,4.0,15.0,0.0,420.700515862103,0.9902799057425847,0.009720094257415268,0.9623896864187285,0.03761031358127154,0.13743009107113927,0.8106899831512938,0.281783008730491,2.380972610771534,-2819.794979854842
869,-411.6614486175959,0.9888439479515978,0.17433156462820298,4.0,15.0,0.0,414.2451484693664,0.15643834534072623,0.8435616546592738,0.3883159689054457,0.6116840310945544,-0.4094720079673809,0.4014794497346573,-0.1410378038756697,0.3053595006242831,-2819.355479179748
870,-414.42604996354265,0.9884795552753654,0.11939575064939824,5.0,31.0,0.0,416.1636713555124,0.016525911668140308,0.9834740883318597,0.36638994274708375,0.6336100572529162,-0.37165735206237627,0.6185381869790514,0.7953591723487916,0.12519439893457,-2823.199983330574
871,-411.8187233804184,0.8147957151546249,0.13148801768081522,3.0,7.0,0.0,415.18628284285916,0.7802251505608587,0.21977484943914127,0.10286996247126931,0.8971300375287307,1.327975953486656,-0.02216051551583642,0.1400660182821466,0.3345941347196351,-2814.4654654501987
872,-415.11460668597425,0.9999293499035031,0.1561688010514578,4.0,15.0,0.0,418.6413638889778,0.9597424716895998,0.04025752831040019,0.6774279552687537,0.32257204473124634,-0.27210636089020845,0.7466689350175795,0.16634682654245897,1.9962512399891552,-2830.519361000199
873,-414.3971405647652,0.916414266154881,0.17433156462820298,3.0,15.0,0.0,416.09959269864214,0.01546415987325067,0.9845358401267493,0.9209949100193207,0.07900508998067934,0.17602067334102317,0.24718980760581122,-0.017330393607779652,0.2742542622290851,-2815.3995621171475
874,-413.4326666038219,0.9123724846584346,0.11939575064939824,4.0,15.0,0.0,417.0286208722305,0.05545324202768865,0.9445467579723114,0.06771931264914614,0.9322806873508539,1.3735438944817386,0.03544278261367836,1.1819046794296804,0.10393704075075226,-2813.590540055409
875,-412.6184658546463,0.9375080692403908,0.13148801768081522,4.0,15.0,0.0,413.7630341065872,0.6683739358191514,0.3316260641808486,0.026508545886510013,0.97349145411349,1.5813826827498219,0.14534100459016475,-0.009328088553048335,0.30345166783324656,-2812.339891011105
876,-413.4528285451692,0.8986098416538496,0.1561688010514578,2.0,7.0,0.0,417.70343438300176,0.9777455489043135,0.022254451095686467,0.7743271127628276,0.22567288723717238,-0.005708506968883947,0.6245589853982166,0.06382202651535367,1.792924226107032,-2814.423868376001
877,-415.0928124878753,0.8041121558744196,0.17433156462820298,4.0,15.0,0.0,417.8756318620884,0.005905966863545063,0.994094033136455,0.7065553439278762,0.2934446560721238,-0.06549661194660489,0.7894895776147979,-0.03035307223926492,0.28658301110514844,-2820.387073357208
878,-414.1123400672426,0.9867969107007399,0.11939575064939824,3.0,7.0,0.0,415.5005673908454,0.11334832338508566,0.8866516766149144,0.10218031209172022,0.8978196879082798,1.3052757930204548,0.020723707992296673,1.43429028379776,0.06629980564343589,-2824.962615643624
879,-410.34074650926624,0.8093272671133759,0.13148801768081522,4.0,31.0,0.0,415.52597595696835,0.5516191399503294,0.4483808600496706,0.7018951758424665,0.2981048241575335,0.2773638032269312,-0.13515920770028134,0.0866061718142529,0.03469825008102475,-2813.987866948617
880,-411.31030780213086,0.8375980962977011,0.1561688010514578,4.0,23.0,0.0,417.05464534565476,0.8035454864380132,0.19645451356198684,0.20870479821000007,0.7912952017899999,0.2066518735274942,0.1416010725180003,0.022203981758128086,0.8587693251808121,-2815.3472027678035
881,-417.00419475342534,0.9714471188166365,0.17433156462820298,4.0,31.0,0.0,420.9176823113407,0.9786383769537248,0.021361623046275202,0.6443839245759005,0.35561607542409945,-0.1593826072783962,0.9412117332516476,0.3162325046373754,1.6586383664359916,-2840.419113446541
882,-415.83344562614764,0.8206623865234041,0.11939575064939824,3.0,7.0,0.0,418.2498448677352,0.16372663759492348,0.8362733624050765,0.18577439483837177,0.8142256051616282,1.2802532394956438,0.05446971470929983,1.3347796753457635,-0.0685663264687643,-2842.7333644191085
883,-410.4257368969973,0.9915823964211755,0.13148801768081522,5.0,31.0,0.0,411.94707909187844,0.28901068870788554,0.7109893112921144,0.5990601980499367,0.4009398019500633,0.4256751784207005,-0.20977634951664242,0.5327278366455873,0.0861694742552336,-2813.8910820482615
884,-411.18640138923837,0.9878374570415401,0.1561688010514578,4.0,15.0,0.0,411.9689981040867,0.9409318172627188,0.059068182737281205,0.6515724452921702,0.3484275547078298,0.08660386452745802,0.2858950547638646,0.11149017076194499,0.6140634729148569,-2809.756536473572
885,-417.2683117238124,0.9964887375615449,0.17433156462820298,5.0,31.0,0.0,419.1419962970496,0.9902431794543968,0.009756820545603229,0.9430929047749568,0.056907095225043225,0.1415911034247698,0.742945843020276,-0.031661933100705725,2.0764103698512533,-2825.915920404132
886,-413.4963745642647,0.8853462917331064,0.11939575064939824,3.0,7.0,0.0,418.13145725001425,0.1297490148532623,0.8702509851467377,0.066476787912973,0.933523212087027,0.9958331567449366,-0.009418658794151269,1.0554858941576195,0.030143181448553637,-2820.2445433411935
887,-410.9465088307115,0.6893204591512962,0.13148801768081522,4.0,15.0,0.0,413.8649827339141,0.41535209925128813,0.5846479007487119,0.3162669780151248,0.6837330219848752,-0.2665223747854192,0.16121056419950575,0.18759954938154694,0.07579211517748094,-2818.2434975047186
888,-411.2176691649344,0.9298347307856041,0.1561688010514578,3.0,11.0,0.0,416.2937783874218,0.3338510790845203,0.6661489209154797,0.5612339312762791,0.4387660687237209,0.05312833748401545,0.2947807987227462,0.06563784889212654,0.4236749648135848,-2820.2898262468966
889,-415.2818817178484,1.0,0.17433156462820298,2.0,3.0,0.0,417.4804267360659,0.9917931146833767,0.00820688531662328,0.9422194450697705,0.05778055493022949,0.08104142618501353,0.7023932652375411,0.16820774853951648,2.111881943992589,-2811.019180541394
890,-413.5630438363415,0.9447213281298313,0.11939575064939824,5.0,55.0,0.0,415.37236706065335,0.05097014629955167,0.9490298537004483,0.7637387740681554,0.23626122593184462,-0.1465821205959593,0.46078162133782946,1.0313768092847353,0.11912199003785183,-2822.9087673463955
891,-410.7595942837688,0.9907709614946362,0.13148801768081522,3.0,15.0,0.0,413.2524160305581,0.3554448981206413,0.6445551018793587,0.3595040529453814,0.6404959470546185,-0.1234434146738213,0.1743503411128863,0.11156100368232154,0.04788903754161897,-2817.0511624031888
892,-411.12284629797136,0.9780142944225804,0.1561688010514578,3.0,15.0,0.0,414.65595664553683,0.22850741249677123,0.7714925875032288,0.47140451216938273,0.5285954878306173,0.10129364016512435,0.4438921667290078,0.23862624471118074,0.07685693409659311,-2818.1147296857866
893,-415.36529143972564,0.9782714828811561,0.17433156462820298,5.0,31.0,0.0,419.26134386805023,0.9482532866857681,0.05174671331423186,0.9789478632224078,0.021052136777592212,0.15400707343203313,1.8764313277586535,0.1016003944646904,1.6686348943556566,-2816.1281902594524
894,-414.1907994126942,0.9968443463697606,0.11939575064939824,3.0,7.0,0.0,415.4505837531211,0.160866648256532,0.839133351743468,0.7782834166102107,0.22171658338978928,0.25442249690378727,0.5812908627759026,1.1152920759988634,0.008533276444002324,-2833.7366168508443
895,-411.4835323124443,0.9717237845184977,0.13148801768081522,3.0,7.0,0.0,413.2474752923595,0.4386605595420137,0.5613394404579863,0.25652492647404773,0.7434750735259523,0.05489938449717481,0.2945680820413103,-0.05308109520281866,0.08835895262950832,-2821.2141058406874
896,-409.90463278834693,0.9873944627623874,0.1561688010514578,4.0,31.0,0.0,413.4325264523334,0.6002395749630394,0.39976042503696063,0.40929757997704636,0.5907024200229536,0.3838422028092574,0.016600427866251433,0.258565786341319,0.19020777434555777,-2811.637589675504
897,-412.9170928075634,0.6584187559224042,0.17433156462820298,5.0,63.0,0.0,419.56045947430886,0.22200881927022914,0.7779911807297708,0.4904252770867856,0.5095747229132144,0.5801221387108633,-0.36827702904954746,0.007662810987607072,0.012364386747291003,-2830.213066229159
898,-412.87783083318357,0.9859354921595648,0.11939575064939824,5.0,31.0,0.0,415.3750230142224,0.37636341330091516,0.6236365866990848,0.28618041688915913,0.7138195831108409,-0.23587683119039177,0.055318920098173255,-0.1626026808035162,0.21534038560766589,-2830.962150155167
899,-412.3855422840272,0.9888066721920475,0.13148801768081522,5.0,47.0,0.0,414.95349310300367,0.95618044167489,0.043819558325109975,0.5337823522684967,0.4662176477315033,0.20905880639680458,0.04827578865932777,0.1566979108923331,1.615045742596311,-2814.822675006976
900,-410.5356686861339,0.9447650283615209,0.1561688010514578,3.0,15.0,0.0,411.95134672531645,0.5799476306135116,0.4200523693864884,0.5358407462025834,0.4641592537974166,0.0993684958762393,0.1657827646025012,0.24507123115828444,-0.19277034725909398,-2816.3968748034695
901,-411.31226839542404,1.0,0.17433156462820298,3.0,7.0,0.0,413.26845948774945,0.2258059219240605,0.7741940780759395,0.49193707637443457,0.5080629236255654,0.537027224595646,-0.13892969682536055,-0.05566474387459997,0.36829820364288,-2819.2338169869504
902,-414.9615266990718,0.9667662331035092,0.11939575064939824,4.0,31.0,0.0,417.26665178953283,0.015198405506104122,0.9848015944938959,0.09842178468305961,0.9015782153169404,1.062021392710715,-0.08818649726759843,-0.23602150178133485,0.1262812924056919,-2819.6533505477964
903,-413.7850626137838,0.9550573827444517,0.13148801768081522,5.0,31.0,0.0,416.12582762791794,0.8741199124798212,0.12588008752017876,0.10685387998822585,0.8931461200117742,1.602441739804921,0.034268166065057115,0.09692850237421712,1.0446271442489286,-2823.6837952019837
904,-412.4055106429389,0.8634084123229557,0.1561688010514578,3.0,15.0,0.0,414.0022842728631,0.8246391467989084,0.17536085320109163,0.18904016792619924,0.8109598320738007,0.6315281825157538,-0.1115790151757961,0.24750337570612566,0.30631657807188045,-2821.995309664769
905,-411.6736542858034,0.6278418242039752,0.17433156462820298,3.0,15.0,0.0,414.4988456160026,0.6738366217880851,0.3261633782119149,0.6598494505197513,0.3401505494802487,0.34295792330241476,0.04758129340682017,0.3407086190845654,0.220836497932179,-2822.7079394617895
906,-412.2369251582921,0.9878251360052576,0.11939575064939824,5.0,31.0,0.0,418.7225109081493,0.07431425365091295,0.9256857463490871,0.36977892778425003,0.63022107221575,0.8200449130408776,-0.1325100639342458,-0.23594540365056446,0.1659013776538991,-2818.4129527375735
907,-413.62895172781265,0.7945863322324036,0.13148801768081522,4.0,19.0,0.0,416.54238273789645,0.9095686678644631,0.09043133213553689,0.03264682713344704,0.967353172866553,0.17588160484709725,0.23857614629522572,0.14633159344919194,0.8766812656425592,-2815.3666974785424
908,-412.55450796906007,1.0,0.1561688010514578,4.0,31.0,0.0,413.66207371001707,0.8028670299594425,0.19713297004055752,0.10434376299465092,0.8956562370053491,0.6483012564472378,0.26436458941330204,0.1187951467912939,0.1962885346983197,-2820.249618000288
909,-412.1490756026275,0.988822333774814,0.17433156462820298,3.0,7.0,0.0,412.98912986297825,0.7070086617614627,0.2929913382385373,0.7432471644759808,0.2567528355240192,0.16997364917015254,-0.15283209716407783,0.07777123232835086,-0.18455735308442464,-2824.628370054204
910,-413.394068245488,0.9910095832446734,0.11939575064939824,4.0,31.0,0.0,417.476201523273,0.6250094701170383,0.37499052988296167,0.4061142630367943,0.5938857369632057,0.3573521151772439,-0.09094735828021216,-0.30675114634550765,0.4292586571929698,-2835.421092600624
911,-412.89620071286964,0.9998895833907614,0.13148801768081522,4.0,31.0,0.0,415.2153024566674,0.904635521843541,0.09536447815645899,0.21048224018517964,0.7895177598148204,0.27630205192701274,0.2199233100609252,0.07793251565575143,1.3928699651108347,-2821.074638386322
912,-411.6067131140961,0.9785174200017152,0.1561688010514578,4.0,15.0,0.0,415.82022222084754,0.6109154906679997,0.38908450933200034,0.7866174646034635,0.2133825353965365,-0.12824256122052122,0.9061009628446034,-0.08311083212778958,0.3786605340788445,-2820.1726471262555
913,-416.03699154710944,0.9648848601186761,0.17433156462820298,4.0,31.0,0.0,417.14362258714516,0.745612964600026,0.254387035399974,0.00878552109979751,0.9912144789002025,1.502384037866717,0.18649468441397987,0.14531587204280424,0.8576883869641222,-2826.998740222688
914,-412.92029799936154,0.9999226706786962,0.11939575064939824,5.0,31.0,0.0,417.1277344123189,0.009769082837903795,0.9902309171620962,0.624311693244849,0.37568830675515097,0.1707758589428151,0.047038702958734,0.2657466797456375,0.19436202361910807,-2810.174148887343
915,-412.76405077823694,0.9821488569110366,0.13148801768081522,4.0,15.0,0.0,414.8697246209771,0.9800869036021962,0.01991309639780381,0.4075119913839645,0.5924880086160356,0.3468644017360705,-0.030339359479132855,0.11794351527597191,1.6986424927032706,-2811.6559150925664
916,-411.37839397804663,1.0,0.1561688010514578,4.0,15.0,0.0,412.19262794475827,0.4526622039297211,0.5473377960702789,0.9400966638957653,0.059903336104234706,0.16107542887149245,0.9953972350855631,0.3268631697448855,0.031948813502965356,-2811.219617471791
917,-412.4227581316779,0.9421403975398772,0.17433156462820298,4.0,31.0,0.0,418.49479876921214,0.10762752508269986,0.8923724749173001,0.16679504702076023,0.8332049529792398,0.8883931055360753,0.07292754561744713,-0.007658977644068143,0.04570519028983189,-2818.4108085440344
918,-412.09636725806786,0.9962277911469446,0.11939575064939824,4.0,15.0,0.0,413.77712751579804,0.024872069933275627,0.9751279300667244,0.7501472630223703,0.24985273697762966,0.16808018835928082,0.13436896759223782,0.3212003280236623,0.14170725149421326,-2809.257017335093
919,-412.61404092556387,0.9112676469296905,0.13148801768081522,5.0,31.0,0.0,414.41544520026815,0.9053777800448527,0.0946222199551473,0.7092913495197211,0.29070865048027894,-0.1407726037188327,0.5584098966321687,0.1448513685143704,1.1359105777760736,-2820.937211217175
920,-413.34707032933494,0.7085536941441635,0.1561688010514578,4.0,15.0,0.0,416.96861488096874,0.9450734102197292,0.05492658978027076,0.7520828671207267,0.2479171328792733,-0.014424014126827402,0.9399663160032081,0.008683270934722757,0.907360981636182,-2821.789432912506
921,-414.0749344539081,0.8062217455678262,0.17433156462820298,3.0,7.0,0.0,415.9480966462598,0.10743136443566763,0.8925686355643324,0.09073394988275715,0.9092660501172428,0.8856441412900982,-0.12075806865903552,-0.13162217963970346,0.20297729116429533,-2826.1578579217176
922,-412.0925070116743,0.9794444728462149,0.11939575064939824,3.0,15.0,0.0,415.02311655645553,0.027408831096851213,0.9725911689031488,0.31821313531316836,0.6817868646868317,0.5556917117536081,-0.014740172715890194,0.8761154588064113,0.14693092869132318,-2810.0919875219333
923,-413.9051939342231,0.8622655780037375,0.13148801768081522,5.0,31.0,0.0,415.8538607966346,0.9694310948496961,0.03056890515030386,0.27108772995759295,0.7289122700424071,0.2555296404801567,0.23689299701445046,0.15757539736575624,2.126736990372942,-2819.615871377287
924,-414.99646477586526,0.9869494329869238,0.1561688010514578,5.0,31.0,0.0,416.8995305000611,0.04716747114698285,0.9528325288530172,0.944186288014928,0.05581371198507201,0.09905758546247018,2.1831328822104155,0.7988548198595782,0.0706415315532287,-2820.2537720562573
925,-413.40372828775173,0.9626504780369682,0.17433156462820298,4.0,15.0,0.0,415.78135209365365,0.4977147512655695,0.5022852487344305,0.009289230128717222,0.9907107698712828,1.357921345205551,0.12690274275220326,0.04275882220551647,0.39318929401563574,-2811.9891293947576
926,-410.2469239554385,0.9884551906065713,0.11939575064939824,4.0,23.0,0.0,413.10676483014294,0.6144563735675173,0.38554362643248274,0.40565442947069696,0.594345570529303,-0.1490573740355575,0.330647540798265,0.34370427984238316,-0.20915768510640564,-2813.857392669918
927,-415.6882228902606,0.9030329944308277,0.13148801768081522,5.0,47.0,0.0,419.7724889835985,0.9829284147233346,0.017071585276665413,0.32251384917728043,0.6774861508227196,-0.06486754011504584,0.07573146740022915,0.01947368466328747,2.381285204481945,-2827.8249012825295
928,-414.00341072109853,0.7849918935575438,0.1561688010514578,5.0,31.0,0.0,418.8892914011681,0.02150336942072917,0.9784966305792708,0.7499747463604113,0.2500252536395887,0.45343533361380295,-0.6375287054576079,0.7292985916229288,0.20062126350401682,-2820.5759934267844
929,-411.497204338234,0.97296884155239,0.17433156462820298,4.0,15.0,0.0,414.5727693463116,0.22012986908550675,0.7798701309144933,0.1600424469174296,0.8399575530825704,1.1928161932713381,-0.018910318563709838,-0.019879635258984278,0.18410159343883484,-2815.2289769684794
930,-412.85566366734037,0.9136512148073332,0.11939575064939824,4.0,15.0,0.0,414.4766406142618,0.06123704227441349,0.9387629577255865,0.2808139201692863,0.7191860798307137,0.8359482625628782,-0.05215979348367181,0.7681481060392525,0.23919565478417426,-2819.9610242752838
931,-414.4113808783266,0.975258396966641,0.13148801768081522,4.0,31.0,0.0,418.82016523504427,0.9616792791012551,0.03832072089874494,0.07525194593251917,0.9247480540674808,1.0973932235785735,0.036815188641579,0.15573876292032252,1.9170040803903017,-2817.205697817046
932,-415.92997278477947,0.6508631334615317,0.1561688010514578,4.0,15.0,0.0,418.7674935329914,0.023916960741331105,0.9760830392586689,0.945125219346492,0.05487478065350804,0.33150614785840293,-0.07946102858140947,0.7669842778274013,0.2509196627317418,-2826.083770688449
933,-411.17581564170285,0.9563572648202734,0.17433156462820298,4.0,31.0,0.0,414.12021968050914,0.3525034781846419,0.6474965218153581,0.1612083828477432,0.8387916171522568,0.8614038450718737,0.09393089720588008,-0.2311931628672023,0.31104942592297946,-2815.49742413066
934,-410.5246848554475,0.9959224458423224,0.11939575064939824,4.0,31.0,0.0,413.65348662402357,0.7996151022118652,0.20038489778813484,0.38811402910676385,0.6118859708932362,-0.0888122450292767,0.1852460502396231,0.21998930141053835,-0.15722069669687735,-2813.124377566683
935,-416.2404999803597,0.8881863180789175,0.13148801768081522,5.0,43.0,0.0,417.10204695393327,0.9760099906239355,0.023990009376064547,0.052516236302945746,0.9474837636970542,1.2872656548268873,-0.02551508788297012,0.008191248413474933,1.6027654683569923,-2824.9762076092597
936,-412.0292897491515,0.9987267186438286,0.1561688010514578,4.0,15.0,0.0,417.7675371667743,0.0912480026279183,0.9087519973720817,0.1246582983518087,0.8753417016481913,0.9348059915447899,-0.0060947426779548175,0.5497663335748982,0.07166915490033679,-2812.6752913814203
937,-410.1662216520461,0.7845660744673069,0.17433156462820298,2.0,7.0,0.0,413.7505438880238,0.30363350850656573,0.6963664914934342,0.2541774634056516,0.7458225365943484,0.49148097953762954,0.027496863846643085,0.03484965437278657,0.28543687507964055,-2810.826367240741
938,-410.6868327584194,0.9934718213470063,0.11939575064939824,4.0,31.0,0.0,412.26255551126565,0.8248779534533446,0.17512204654665542,0.6623869073057299,0.3376130926942701,0.19288764022651897,0.34555214072241375,0.15657243429771234,0.11086301779758224,-2813.0458966660976
939,-418.0650174787829,0.9815868202379063,0.13148801768081522,5.0,47.0,0.0,422.1130733514073,0.9903919726131049,0.009608027386895146,0.008931218037590321,0.9910687819624097,1.1079519714355333,0.3040691480378122,0.12535112811473548,0.6560619997215164,-2821.5573644413066
940,-411.24718929368294,1.0,0.1561688010514578,4.0,15.0,0.0,412.6738290931585,0.23684097319931982,0.7631590268006802,0.14694050309673962,0.8530594969032603,0.9745255785142682,0.09749988085663872,0.3530536176071202,0.1698447416018887,-2813.6723583163985
941,-410.3824086331561,0.9782680333453276,0.17433156462820298,3.0,15.0,0.0,412.99850047577075,0.651038367630446,0.348961632369554,0.3499204238705402,0.6500795761294598,0.33572560917805033,0.10259676184413913,0.36175690879206185,-0.24531704491012268,-2814.084335478006
942,-410.2535662898913,0.9919884712810426,0.11939575064939824,5.0,31.0,0.0,411.7937162937747,0.20100654288536945,0.7989934571146305,0.35506870310464356,0.6449312968953564,-0.25752761976361305,0.391718145517231,0.2912794737818708,0.1382818487919688,-2810.836250239876
943,-417.00429556783746,0.9621085723438914,0.13148801768081522,3.0,7.0,0.0,419.4028059073011,0.9888636515200947,0.0111363484799053,0.01670472173003568,0.9832952782699643,0.9936640602778876,0.00458275133392147,0.21574178585483317,0.7077859848628887,-2819.709676341444
944,-411.9964930827869,0.9391791646176696,0.1561688010514578,4.0,31.0,0.0,414.14008375188774,0.04754529189344912,0.9524547081065509,0.28670141756172207,0.7132985824382779,0.6611166116423733,0.05460498831962867,-0.40722387411563304,0.15891779878722986,-2813.0841822928396
945,-411.0416005883466,0.8539632976908317,0.17433156462820298,4.0,15.0,0.0,412.41399101919086,0.15820958216355552,0.8417904178364445,0.735471533214957,0.26452846678504305,0.23260556866796245,-0.28786822251838234,-0.20379470117477672,0.28655569653524815,-2813.91496802406
946,-410.4919096784714,0.9459624033457394,0.11939575064939824,4.0,31.0,0.0,414.37488984478455,0.21439899960209174,0.7856010003979083,0.2698544242089159,0.7301455757910841,-0.023043662772267492,0.16234150650226903,-0.1962951699466694,0.2768302774147442,-2811.9299000388723
947,-415.6335113337738,0.9750336181151623,0.13148801768081522,5.0,47.0,0.0,419.4074318729931,0.9935678830829588,0.006432116917041153,0.8670810439780927,0.1329189560219073,-0.08710215534250039,1.051554753389178,0.14547276423793104,1.972365747968684,-2816.926480418414
948,-411.632473346761,0.7145769720033778,0.1561688010514578,3.0,7.0,0.0,415.3152660631881,0.4766960110277754,0.5233039889722246,0.1502228777192501,0.8497771222807499,0.4453402543301291,0.0018858035427551934,-0.2089280717165578,0.4497822081047115,-2819.2625219116217
949,-411.0911159873829,0.9723171437192683,0.17433156462820298,4.0,15.0,0.0,413.88031785046127,0.3553341258853503,0.6446658741146497,0.9246059381901541,0.07539406180984587,0.22636626095774012,-0.033938168679829406,0.09795151598641016,0.13837237649864004,-2811.068458068222
950,-410.0443605113443,0.9976052635584632,0.11939575064939824,5.0,31.0,0.0,412.19790545219723,0.8125761072732386,0.1874238927267614,0.5762266774639453,0.4237733225360547,0.24292670177406583,0.09574676672408153,0.20365241210964402,-0.007049927671148926,-2809.652842671958
951,-416.39151535133584,0.9850848103778743,0.13148801768081522,5.0,31.0,0.0,417.1450976719149,0.9951267459236759,0.004873254076324107,0.06259109366842003,0.93740890633158,1.2770675903664743,-0.010864324588220786,0.09975274110264785,1.8746222156495165,-2815.4799690534296
952,-414.5511441637029,0.8118384407308613,0.1561688010514578,4.0,15.0,0.0,416.7519902581542,0.12691782350221464,0.8730821764977854,0.3459418923123725,0.6540581076876275,-0.3517408804045385,0.6651139791501643,-0.13407892636572522,0.33974567393567645,-2837.55197589621
953,-410.546978528153,0.9964588800355137,0.17433156462820298,4.0,15.0,0.0,412.53871615509314,0.31606338551113555,0.6839366144888644,0.8699515866464007,0.1300484133535993,0.15875243155005112,-0.10674156539796345,0.06398414596591062,0.15446754153841602,-2810.2685478918984
954,-411.56585945992634,0.9555471865984237,0.11939575064939824,4.0,15.0,0.0,412.07820413609966,0.7568905217014592,0.2431094782985408,0.7072405045401341,0.2927594954598659,-0.08708295847525996,0.35473322083756337,0.31559929351982086,-0.36044220372872754,-2820.1112873469847
955,-413.0411876408371,0.9505523330908354,0.13148801768081522,4.0,31.0,0.0,418.4468454604536,0.8653483087419964,0.13465169125800358,0.1103059473668926,0.8896940526331074,0.5663691237283811,-0.030944148179849987,0.19984724111082386,0.6426311177273091,-2821.633558733283
956,-414.05430872837104,1.0,0.1561688010514578,4.0,23.0,0.0,416.4452626294287,0.32428428428519535,0.6757157157148046,0.9747766347116565,0.025223365288343458,0.004584320781841997,0.45461319812782014,-0.2723478481825966,0.28822976450100857,-2823.787893472961
957,-411.99848031992434,0.7572287741639268,0.17433156462820298,4.0,15.0,0.0,414.1468830648954,0.837622268877188,0.16237773112281195,0.6730546856593792,0.3269453143406208,0.47466081783783287,-0.3286612479581097,0.04554621620473223,0.016279843993110762,-2821.4561595505998
958,-413.29472491803955,0.9579987557469609,0.11939575064939824,3.0,7.0,0.0,414.0542155162716,0.6625339847822493,0.33746601521775066,0.7693308379273094,0.23066916207269061,0.3271315203242851,0.24641157070873793,0.24748109389177317,-0.3729816869407615,-2832.329797922511
959,-412.43511078319943,0.9726627925472312,0.13148801768081522,4.0,15.0,0.0,414.0836996095183,0.5782804066030329,0.4217195933969671,0.6212397613012189,0.37876023869878106,-0.2499593741932894,0.35847423354399316,-0.026711448777631788,0.5216087514323976,-2828.8579878969804
960,-412.54957007805143,0.9717126483026268,0.1561688010514578,5.0,31.0,0.0,416.81287890582666,0.8473849284067961,0.15261507159320387,0.40776650178249074,0.5922334982175093,0.03561125376056776,0.47721174174779535,0.21329758986466033,-0.570861686858726,-2825.328354566688
961,-414.72856417187273,0.7376146581617227,0.17433156462820298,5.0,31.0,0.0,417.3755766891856,0.010049076422793516,0.9899509235772065,0.3098991809594172,0.6901008190405828,-0.12995910272785,0.05522553651035994,0.7579120095917854,0.17478081815976862,-2821.801792084314
962,-416.0595548830372,0.9409746076393973,0.11939575064939824,5.0,31.0,0.0,419.3615030837201,0.9919800988362796,0.008019901163720422,0.9647067395016696,0.03529326049833037,0.2728517754832735,-1.3861592765674073,0.20971075243142573,-0.2667142981527697,-2815.47535820061
963,-410.2871279433756,0.9989305986797989,0.13148801768081522,4.0,15.0,0.0,412.994816330809,0.6016131657798777,0.39838683422012233,0.23532100471436265,0.7646789952856373,0.5216896573517207,-0.0026926776497269433,0.06700658757927618,0.41962412385815945,-2812.0570896891604
964,-410.5083655488607,0.919987597890261,0.1561688010514578,3.0,15.0,0.0,417.43929087226337,0.7683150821434542,0.23168491785654577,0.6358584149742945,0.3641415850257055,0.26187547058451577,-0.231284085388662,0.22090024212640794,0.19211351868372306,-2813.483613426389
965,-414.0806788945243,0.9203862869601213,0.17433156462820298,4.0,15.0,0.0,417.17708027215224,0.03953286389692051,0.9604671361030794,0.8481694434424412,0.15183055655755884,0.2672121875263291,0.5570066005184169,0.415983699647402,0.21815386042335616,-2823.0943698606134
966,-417.1093756915624,0.9228668528264335,0.11939575064939824,5.0,31.0,0.0,418.5682287251271,0.9970669824796976,0.0029330175203023945,0.9496925093095414,0.05030749069045859,0.11257273300407286,-1.2629867541628377,0.11535765202206948,-0.5239634426816122,-2818.3402521634343
967,-412.3242663940317,0.9553229046705233,0.13148801768081522,4.0,31.0,0.0,414.624262932913,0.8232951714188232,0.17670482858117675,0.3069936448015435,0.6930063551984564,0.43927877378055846,-0.049501533455802604,0.1168949942710304,-0.48075961174018866,-2823.8480872698547
968,-413.1201122637607,0.8314679654735518,0.1561688010514578,4.0,19.0,0.0,416.30163028195517,0.23176898548363262,0.7682310145163673,0.3636301229658502,0.6363698770341498,0.11139498822054279,0.09158887734407391,-0.34188917055356866,0.05122850696944234,-2831.580770186931
969,-415.5634293399962,0.9781688653125997,0.17433156462820298,4.0,31.0,0.0,416.5679650754502,0.6178885833196207,0.3821114166803793,0.0038639091389753464,0.9961360908610246,-0.45822871745438154,0.1242856392931346,0.15669286467096746,-0.22261870483502705,-2821.9738039136237
970,-412.9941734580744,1.0,0.11939575064939824,5.0,31.0,0.0,417.45271856465445,0.06489555198029835,0.9351044480197016,0.1967319171073483,0.8032680828926517,-0.06336958370515852,0.26978208287665356,0.5811964913577904,0.2828546475896422,-2820.3349078799715
971,-412.5264152455963,0.9884277491438557,0.13148801768081522,4.0,15.0,0.0,414.10963090692826,0.9588835510656527,0.041116448934347294,0.5141988655750104,0.4858011344249896,0.2598765170995086,-0.16901268920485446,0.24080641298923633,-0.680304058877562,-2817.18202043931
972,-410.9909684484604,0.9487379308796876,0.1561688010514578,4.0,31.0,0.0,416.4797639605915,0.17379341619175687,0.8262065838082431,0.3144957601165298,0.6855042398834702,-0.03833800400753162,0.3293882681858939,0.7702646510281927,0.060187592653378114,-2814.408930020418
973,-416.29992845658137,0.7167550188308675,0.17433156462820298,3.0,7.0,0.0,420.22930042298503,0.5940455267344479,0.4059544732655521,0.0044601596165925565,0.9955398403834075,-0.49722590298206326,0.04839604616540061,0.5046938639052312,-0.3612727571286717,-2827.905302963348
974,-411.3882189720148,0.9329301534529234,0.11939575064939824,4.0,31.0,0.0,416.14111765677484,0.950309391697814,0.04969060830218597,0.5537851926951414,0.44621480730485863,-0.11849522029622887,0.40445201449364837,0.15687415447513356,-0.17808212861974163,-2810.82182167147
975,-412.24353255830044,1.0,0.13148801768081522,3.0,7.0,0.0,413.5813889224391,0.890893024406211,0.10910697559378901,0.7935379854394076,0.20646201456059243,0.26795511486974743,-0.24602455755898148,0.19375558926817488,-0.8308084500028681,-2818.3376867113575
976,-410.93564106747556,0.9438849883173795,0.1561688010514578,2.0,7.0,0.0,411.8317393417575,0.13912342312426781,0.8608765768757322,0.4443329716036359,0.5556670283963641,-0.1663384195962641,0.33670063103410425,0.7988148770154071,0.10109194240812513,-2813.639290406422
977,-416.3094672011754,0.9880729658811823,0.17433156462820298,4.0,31.0,0.0,418.6451158559795,0.7882124600864351,0.21178753991356492,0.05004038506187539,0.9499596149381246,-2.230600483346794,0.3249488819564402,0.07316981386877194,0.7034820283121025,-2837.535736320603
978,-411.4679153516023,0.8400190564725095,0.11939575064939824,3.0,7.0,0.0,413.3651271003545,0.9290231753664582,0.07097682463354182,0.4163441887087747,0.5836558112912253,0.031236721326433528,0.39149253922940747,0.18017807123000723,-0.317917594936216,-2813.516517994255
979,-412.47827265362156,0.9891292160169162,0.13148801768081522,3.0,7.0,0.0,412.7491517399048,0.9014523118438391,0.09854768815616088,0.8225292485772348,0.17747075142276525,0.19944675969143047,-0.2903747277909189,0.19355943344847099,-0.8642984785318747,-2818.498284550544
980,-415.3254079745886,0.8630473619718176,0.1561688010514578,4.0,31.0,0.0,416.5646087637262,0.8713720161626924,0.12862798383730756,0.00744775468418491,0.9925522453158151,0.8771033184193215,0.08613242911963387,0.20096404081435032,0.7733835996915731,-2818.727969981044
981,-415.7107739592069,0.8841368490363992,0.17433156462820298,4.0,31.0,0.0,418.783388860273,0.8674328930794579,0.13256710692054208,0.00502393622224206,0.9949760637777579,-1.1474197975292952,0.22003268315053232,0.12332005704265554,1.0088714493586153,-2818.015729365927
982,-411.6048443660342,0.9685628061529531,0.11939575064939824,4.0,31.0,0.0,415.8550662637627,0.6505660474104671,0.3494339525895329,0.1870435780578611,0.8129564219421389,0.4010167781730328,0.005269869773377567,-0.027744635107770935,0.6724841687582995,-2819.4919754888588
983,-413.60345357051955,0.9670357113263321,0.13148801768081522,5.0,31.0,0.0,415.56163410769625,0.49258922192075516,0.5074107780792448,0.9639391176718818,0.036060882328118216,0.1093097287977219,-1.183166091898407,0.14805648699207735,0.4217491908493118,-2822.8971113002895
984,-413.9624297054146,0.986159918097891,0.1561688010514578,3.0,15.0,0.0,416.71478178736055,0.8618870191422715,0.1381129808577285,0.017929076441403506,0.9820709235585965,1.0596538372695665,0.2140160243378346,0.08422408718152564,0.8584222120791642,-2815.2944213177925
985,-413.72178886044225,0.8670588500732173,0.17433156462820298,4.0,27.0,0.0,418.0611079507229,0.7636037912939654,0.23639620870603462,0.2278841876104659,0.7721158123895341,-0.21712226728628592,0.5437289249756398,0.12023038135315081,0.4454653549231026,-2833.5808224875914
986,-411.78761684557674,0.9412613171315174,0.11939575064939824,3.0,7.0,0.0,413.55554805989226,0.7608311313751561,0.23916886862484388,0.42105168272178434,0.5789483172782157,0.24774935225455907,0.11528680667688668,-0.13984454096006807,0.5310206375247107,-2822.6823266908345
987,-414.0160083250144,0.9957889645194127,0.13148801768081522,4.0,15.0,0.0,414.7407552858648,0.7691516858920019,0.2308483141079981,0.9545708297284438,0.04542917027155624,0.27581896659128774,-1.1442179778551522,0.42102161215028705,-0.11330009170982722,-2824.943974779406
988,-418.8235113025937,0.8478368114636359,0.1561688010514578,3.0,7.0,0.0,419.860636638324,0.7904224258454964,0.20957757415450362,0.24430340981316642,0.7556965901868336,1.3883444597839878,-0.3395037557996008,-0.08042509696567116,0.8878804435058845,-2866.5906968820746
989,-412.7911022555348,0.9829858509775178,0.17433156462820298,4.0,15.0,0.0,416.62346896579913,0.9151201594297362,0.08487984057026376,0.33717107231592586,0.6628289276840742,0.6462695331721173,-0.24778668122974545,0.22049682593506092,0.5407607271764153,-2822.750354287126
990,-412.14815709085144,0.9568231975018301,0.11939575064939824,4.0,23.0,0.0,414.58129434839304,0.5927564993024567,0.40724350069754334,0.8807433278630683,0.1192566721369317,0.30159525373128176,-0.32224936640691565,0.25958097372202144,0.35359132000676885,-2821.299767396182
991,-412.2721161795324,0.9682258330884482,0.13148801768081522,4.0,15.0,0.0,415.01818460971634,0.210121509663754,0.789878490336246,0.9338725758727902,0.06612742412720984,0.13094650834019944,-0.6603769174553682,-0.3313157260715463,0.25434281872955056,-2815.691685524431
992,-416.9533905761459,0.9683892154730454,0.1561688010514578,4.0,15.0,0.0,421.302788001823,0.9724350364840385,0.027564963515961494,0.0033127363190243093,0.9966872636809757,1.0195174028577467,0.11866751056004178,0.04943944584149082,0.8219583490493888,-2814.250482960664
993,-417.98450965777755,0.6876624098810591,0.17433156462820298,5.0,31.0,0.0,420.3120854742763,0.6751085357233293,0.3248914642766707,0.9960290857941944,0.003970914205805642,0.3766199478802634,0.31946628721589454,0.057054399515088644,0.5763794461217375,-2838.13556393356
994,-412.44493992165195,0.9464582665693939,0.11939575064939824,4.0,15.0,0.0,414.41826956592615,0.4627770383005023,0.5372229616994977,0.9779360530288636,0.02206394697113645,0.11051501869108564,-0.34556964911007576,-0.04749746311833502,0.24706133427185517,-2812.786836939008
995,-412.2018565535627,0.9778097211336279,0.13148801768081522,4.0,15.0,0.0,413.9381170467731,0.15193827494316756,0.8480617250568324,0.9135194101496561,0.0864805898503439,0.147338124878651,-0.7013717836406731,-0.3269041067876599,0.23055490839973855,-2815.119451543064
996,-413.11760702522344,0.9422596388493217,0.1561688010514578,4.0,31.0,0.0,420.04572618318446,0.8217188460015568,0.17828115399844324,0.024582130830517128,0.9754178691694829,-0.24912245320469242,0.1804446392848588,0.006144833458585575,0.7982370857412603,-2814.04509002355
997,-418.1513707223112,0.9841585244145297,0.17433156462820298,3.0,7.0,0.0,419.0719255418675,0.7121801648419055,0.2878198351580945,0.9932999034234546,0.006700096576545356,-0.0644212845282415,0.2506075133172298,-0.13257428178627034,0.5396370716825466,-2842.5910505666398
998,-412.4389656845636,0.8923220696815409,0.11939575064939824,4.0,31.0,0.0,415.66446148051443,0.046007597926011085,0.9539924020739889,0.31719297868669244,0.6828070213133075,0.27081370817973205,0.016609383138085118,-0.06393020111948221,0.056605193287213015,-2816.796204348107
999,-411.62061002007346,0.9429799597158145,0.13148801768081522,5.0,31.0,0.0,414.458354956115,0.6559472160688394,0.34405278393116057,0.6388385383388887,0.3611614616611113,0.32066151486783345,0.10640936896078812,0.34697781637972747,0.21282131215007466,-2822.7192311615327
