draws,lp__,accept_stat__,stepsize__,treedepth__,n_leapfrog__,divergent__,energy__,rho.1,rho.2,mu.1,mu.2,log_prob_data
0,-212.59455570806753,0.8798456088449327,0.12831397245528595,2.0,3.0,0.0,214.4714403153155,0.8418394654704132,0.15816053452958678,1.1169619349324438,0.38317916928977874,-1453.418935999767
1,-212.82304245060195,0.9981251944902764,0.16148718527119207,3.0,7.0,0.0,212.87188675902638,0.11752551878861704,0.8824744812113829,0.5153811288675546,1.0942392196188144,-1453.2124206591914
2,-212.90052770916407,0.905594704255379,0.16686800712275793,3.0,15.0,0.0,215.07973134381461,0.35588870155836544,0.6441112984416346,1.2905303780069477,1.05469120567658,-1458.090893987975
3,-213.40795629274197,0.8504850061288568,0.18267628987911633,4.0,15.0,0.0,213.94463395978715,0.6227579737054989,0.3772420262945011,0.9249578366625376,1.5920449840823965,-1461.2369960215995
4,-213.24382256528637,0.6358979766280998,0.12831397245528595,4.0,31.0,0.0,215.15674606752532,0.523189039960781,0.47681096003921897,1.4148758043553729,0.913886898882318,-1460.9953678230834
5,-213.9608199976541,0.9547227195345656,0.16148718527119207,2.0,7.0,0.0,216.53088753154805,0.35770126905257527,0.6422987309474247,0.24363130711067135,1.2425471062957167,-1466.4449587610095
6,-213.92420259672164,0.984559953332169,0.16686800712275793,4.0,15.0,0.0,214.44872833896656,0.09757574787158489,0.9024242521284151,0.3236286991382842,0.9888638513351364,-1460.0168169709557
7,-213.5939748151157,0.9307133400453593,0.18267628987911633,4.0,17.0,0.0,215.54613170413427,0.9327571715558803,0.06724282844411966,1.0361934630574854,0.03203475032096891,-1455.3989602905147
8,-212.7996381757483,1.0,0.12831397245528595,2.0,7.0,0.0,213.42533937725477,0.5413201305387358,0.45867986946126416,1.3337189782890393,0.9257465146695071,-1458.0683602129761
9,-212.68013351366312,0.9661936672003869,0.16148718527119207,2.0,3.0,0.0,214.04480588584906,0.21963940697052958,0.7803605930294704,0.2809403517247522,1.3185514349811145,-1455.3892818213858
10,-212.73749047301632,0.7710472322658938,0.16686800712275793,2.0,3.0,0.0,215.17177288097733,0.14246374002173745,0.8575362599782625,0.29596060471464264,1.1047901479574231,-1453.886386426349
11,-215.31405610457128,0.7452972438357726,0.18267628987911633,2.0,7.0,0.0,215.98340879988464,0.971330898221902,0.028669101778098005,1.212927651994502,-0.044469982840554874,-1461.3279361285183
12,-212.07894500373632,0.8410033681228402,0.12831397245528595,3.0,11.0,0.0,215.7304256923533,0.48732919342614794,0.5126708065738521,0.886541062746302,1.1791569019405155,-1453.5296066385765
13,-212.951523427918,0.9531292396615058,0.16148718527119207,3.0,11.0,0.0,213.8860249393054,0.09896527903166268,0.9010347209683374,0.18968327466685464,1.094588560887274,-1453.253989066571
14,-212.75281054100577,0.8243659438641975,0.16686800712275793,2.0,7.0,0.0,213.95983597652932,0.22725352871007373,0.7727464712899262,0.3410892560543189,1.1325276016482086,-1456.4203965013194
15,-216.4237497584472,1.0,0.18267628987911633,2.0,7.0,0.0,217.86704418452442,0.9925682746400786,0.007431725359921426,0.9377433029772421,0.31458017020723406,-1460.2442222410514
16,-212.8412531437005,0.8006306948707357,0.12831397245528595,2.0,7.0,0.0,215.09856400471745,0.2805131851788495,0.7194868148211505,0.542030817759795,1.0948323110994616,-1457.9117631778506
17,-212.21258679964546,0.984135459122973,0.16148718527119207,4.0,23.0,0.0,214.49295396964575,0.5963617658883145,0.40363823411168553,0.9744004253941542,1.2064066746823163,-1453.9984435344554
18,-212.681456014573,0.9762883012516607,0.16686800712275793,2.0,3.0,0.0,213.01123592365113,0.14440825315063008,0.8555917468493699,0.4154915097859866,1.2006649308267663,-1453.3129932584939
19,-214.1259673581565,0.9926009446329246,0.18267628987911633,4.0,31.0,0.0,216.45985041756697,0.052727600846738734,0.9472723991532612,1.6641324578186099,1.0637690987643742,-1455.0603816237708
20,-214.62713560279738,0.8589968132912041,0.12831397245528595,3.0,15.0,0.0,216.2199594953546,0.40488713841478446,0.5951128615852155,0.6717765246033435,0.9754741029907398,-1471.5496454969748
21,-213.53947494673335,0.8183502131067452,0.16148718527119207,3.0,7.0,0.0,213.96108038385836,0.46626513172251555,0.5337348682774845,1.057689280467989,1.2917163032212544,-1463.064041684298
22,-213.28472812999792,0.8177412564615086,0.16686800712275793,2.0,7.0,0.0,215.22541028237023,0.36618878785538356,0.6338112121446164,0.2779228275121247,1.4135899492216728,-1461.4370559664583
23,-214.15896126120634,0.926678558796544,0.18267628987911633,4.0,15.0,0.0,216.13938335364742,0.05130359028998357,0.9486964097100165,1.9621366656908998,0.968691223092901,-1454.343305163775
24,-212.41525429006126,1.0,0.12831397245528595,3.0,15.0,0.0,215.7624143429568,0.31028154338961944,0.6897184566103806,1.4551467105376026,0.9252824914314272,-1454.0949709403048
25,-212.32868162879572,0.9845459704131567,0.16148718527119207,3.0,9.0,0.0,213.61960187974088,0.47049181344639607,0.529508186553604,0.6442963915028668,1.26123624224306,-1455.382311065816
26,-213.03242934653014,0.46346569673898474,0.16686800712275793,2.0,3.0,0.0,216.27177686030396,0.2916750024799438,0.7083249975200562,0.22025918226421595,1.2483867746382147,-1459.2950026114738
27,-213.9797836189297,0.9672632464104305,0.18267628987911633,4.0,23.0,0.0,215.7426142565614,0.9320429569771636,0.06795704302283645,0.9811320041461014,0.5547143923758785,-1457.9628261757784
28,-212.1373470134375,0.99599109704032,0.12831397245528595,4.0,31.0,0.0,212.90734761158998,0.30624338544713753,0.6937566145528624,0.4980278332977219,1.2522636863037344,-1453.1244725122729
29,-214.75970544268446,0.6852106856901612,0.16148718527119207,2.0,3.0,0.0,215.11180978893515,0.5302917090079122,0.4697082909920878,0.6097349470908902,1.101784155070955,-1472.5366984802629
30,-212.11682565239087,0.9974341261051541,0.16686800712275793,4.0,19.0,0.0,213.8256236373206,0.4199812995241718,0.5800187004758282,0.8970706782705109,1.1693241992647803,-1453.6202107071817
31,-212.5152776304193,0.9771931479813294,0.18267628987911633,3.0,11.0,0.0,214.7706651707115,0.22499024226082015,0.7750097577391799,1.2621580740398834,0.970477947228387,-1453.7498150842537
32,-212.36532041639398,0.9994308129042322,0.12831397245528595,4.0,19.0,0.0,212.7749717274061,0.7089107344571006,0.2910892655428994,0.9028636984539576,1.275652572809925,-1453.9571996127086
33,-212.5312722620097,0.8191071613391339,0.16148718527119207,1.0,3.0,0.0,216.5835133882792,0.3729967253136932,0.6270032746863068,0.727496200678539,1.3675978512672533,-1456.0051651479992
34,-212.39371927526395,0.9845117338980481,0.16686800712275793,3.0,15.0,0.0,212.51572414113159,0.26661135362708355,0.7333886463729165,0.7578252723672786,1.089950860399403,-1454.3683980986254
35,-213.70046857227157,0.9905272665023189,0.18267628987911633,3.0,11.0,0.0,214.07528494387861,0.20492589491418434,0.7950741050858157,1.9910551594626393,0.8717122804125881,-1459.5777360766506
36,-212.81122645701782,0.9977401593682761,0.12831397245528595,4.0,15.0,0.0,213.89909480678116,0.3933272731878421,0.6066727268121579,0.5709666549103427,1.4802680404821205,-1457.9763730392922
37,-212.40233867276692,0.9617912361662447,0.16148718527119207,3.0,11.0,0.0,213.58025934652179,0.6067526035344892,0.39324739646551077,1.2895674120028142,0.8440380510451863,-1455.2738331309993
38,-212.1625959797997,0.9383536937989234,0.16686800712275793,4.0,19.0,0.0,213.15092203709614,0.5366817504507915,0.4633182495492085,1.1423614563336542,0.9678347645601444,-1454.0181967878507
39,-213.58819514543737,0.8881073958555316,0.18267628987911633,2.0,3.0,0.0,214.613679222025,0.20184255170315551,0.7981574482968445,1.97304339769462,0.8430029057731564,-1458.8283499815923
40,-212.81122645701782,0.29181123227791017,0.12831397245528595,2.0,3.0,0.0,223.48623334126128,0.3933272731878421,0.6066727268121579,0.5709666549103427,1.4802680404821205,-1457.9763730392922
41,-213.0088281929933,0.8211224383414876,0.16148718527119207,3.0,11.0,0.0,214.70349758503605,0.48508779930949975,0.5149122006905003,0.8987549039827335,0.965423198667518,-1460.3282619900083
42,-212.1583868555234,0.9913732240482661,0.16686800712275793,2.0,7.0,0.0,214.5897369761816,0.5644434833178167,0.4355565166821833,1.3968430282524977,0.6401530939698601,-1453.8076979067857
43,-214.42803457635102,0.9737772586981982,0.18267628987911633,3.0,7.0,0.0,214.49308733349022,0.23814662116518867,0.7618533788348113,2.0297076154884133,0.7368909480794367,-1465.3996310734406
44,-213.8724214548383,0.9988479094448124,0.12831397245528595,4.0,23.0,0.0,214.99278264320444,0.05151572562424119,0.9484842743757588,0.7168543747448805,1.113920246027325,-1455.010376711969
45,-212.45078614900675,0.990351458920842,0.16148718527119207,3.0,11.0,0.0,213.7955309537764,0.2645588142575359,0.7354411857424641,1.4441944153401445,0.942747881651581,-1453.6818423940854
46,-212.5142118712689,0.9451736739214226,0.16686800712275793,4.0,31.0,0.0,212.68921970861422,0.3530265638486333,0.6469734361513667,1.2179176194918848,1.0402622832697386,-1455.5805451231797
47,-214.9319698167405,0.8424825504246171,0.18267628987911633,4.0,31.0,0.0,216.26289803551828,0.9427560794385991,0.05724392056140093,1.1188805325116604,1.8703487200379179,-1460.4295116655626
48,-216.4782335345109,0.8669441812560575,0.12831397245528595,4.0,19.0,0.0,218.26438139324873,0.038656410132760444,0.9613435898672396,0.2962532543881428,1.2772925782352522,-1471.1505974740585
49,-212.43635022822463,0.9607376204505769,0.16148718527119207,4.0,15.0,0.0,212.9277000363468,0.7646408500101985,0.23535914998980145,1.2027461622058357,0.72153225304538,-1453.9129538278014
50,-212.46935303678242,0.9944158611193492,0.16686800712275793,2.0,7.0,0.0,213.50913856020742,0.24614944580825432,0.7538505541917457,1.2328268902905306,0.9976234228889046,-1453.8793025380369
51,-214.72095963382742,0.9989946118123402,0.18267628987911633,4.0,31.0,0.0,214.95162467049803,0.025717098164345406,0.9742829018356546,0.2163606638389765,1.150373207464901,-1456.5902469848882
52,-214.740285432855,0.9939800343397066,0.12831397245528595,3.0,7.0,0.0,219.1150509611625,0.02231056246406062,0.9776894375359394,0.6049754920710312,0.9938094808713551,-1455.7805546805405
53,-212.61347702917712,0.9832681703759223,0.16148718527119207,3.0,15.0,0.0,213.12740476442636,0.830474057486942,0.16952594251305797,1.246629790584068,0.18985546301333928,-1453.7661301296841
54,-213.4790586508504,0.7788165184007753,0.16686800712275793,2.0,7.0,0.0,214.46072779270432,0.31660273815704454,0.6833972618429555,1.211460200967719,1.1478334471782485,-1461.6818980602263
55,-214.69883045531705,0.9797136851288099,0.18267628987911633,4.0,31.0,0.0,219.27016796965376,0.02090981339539454,0.9790901866046055,0.8250565579719406,1.0127828772166776,-1454.7515459192166
56,-215.50150288373874,0.9998008070567805,0.12831397245528595,4.0,15.0,0.0,216.54300617911852,0.011351374377383172,0.9886486256226168,1.7448204673421939,1.0424156022015163,-1454.0499613710501
57,-212.47141651965867,0.9537404862185921,0.16148718527119207,3.0,15.0,0.0,213.83480666097248,0.7046133911236317,0.29538660887636825,1.0779043781653115,0.7539136803237664,-1455.364270705657
58,-213.30273045570976,0.9663330778927318,0.16686800712275793,4.0,31.0,0.0,215.38231569981716,0.19379585224063695,0.8062041477593631,1.7083173911802287,0.7918286969189279,-1457.558431144817
59,-214.79351333765536,0.9863179764814821,0.18267628987911633,3.0,7.0,0.0,215.38134253760535,0.0196570008644478,0.9803429991355522,0.5435575788500061,1.0014770618903701,-1455.3399563737512
60,-216.09625314698033,0.899275806087797,0.12831397245528595,3.0,15.0,0.0,218.06159107351297,0.01882478304943,0.98117521695057,1.2117233524781004,0.9038857220629394,-1463.193867468056
61,-212.56851365537236,0.9427634664276853,0.16148718527119207,3.0,11.0,0.0,213.206102698316,0.6579912096519334,0.34200879034806664,1.0286097321833774,0.8652217774922851,-1456.5084917502215
62,-215.57229553535734,0.967618844295622,0.16686800712275793,4.0,15.0,0.0,216.953647691332,0.018315590835395877,0.9816844091646041,2.5314279696927158,1.0387670003826974,-1454.8969931760762
63,-217.3433794412316,0.7298494104753421,0.18267628987911633,3.0,13.0,0.0,218.3412403584915,0.013527742836807783,0.9864722571631922,0.08401849323173335,0.8701901336784903,-1470.8766929808849
64,-214.27614443068924,0.9959207247940569,0.12831397245528595,4.0,15.0,0.0,216.31068758503437,0.03716279111640402,0.962837208883596,1.667017261647771,1.0198847161583442,-1453.864458978532
65,-212.55755791636486,0.9628886297274594,0.16148718527119207,4.0,15.0,0.0,213.76900093718479,0.8442135234134189,0.15578647658658107,1.170356139647852,0.5081311495277256,-1452.8767223158925
66,-215.3611035001272,0.9694699996920559,0.16686800712275793,2.0,3.0,0.0,215.6775258117199,0.02295767123131461,0.9770423287686854,2.517594914929614,1.0297118397231557,-1455.042327311719
67,-216.90619598624048,0.8630066126002273,0.18267628987911633,3.0,15.0,0.0,220.277733524713,0.014921087524335247,0.9850789124756647,-0.6492847873927368,1.2405227168388286,-1467.4912974738886
68,-213.12943813048955,0.9986928634649977,0.12831397245528595,4.0,15.0,0.0,214.79699015190337,0.2556322280976422,0.7443677719023578,1.7994978631898955,0.7819666069702964,-1457.4603410004943
69,-214.07312866405036,0.8834357541288561,0.16148718527119207,3.0,15.0,0.0,214.75269893962474,0.9529904393469862,0.04700956065301376,1.1810281563251803,0.0745086106362775,-1456.103188369107
70,-212.2787025480099,0.9566278121756997,0.16686800712275793,4.0,23.0,0.0,215.98667613905633,0.7137676480587456,0.2862323519412544,1.1301726700885535,0.6815978488182292,-1453.8947344073265
71,-215.11446790859102,1.0,0.18267628987911633,2.0,3.0,0.0,216.87174980627336,0.01680044974148036,0.9831995502585197,-0.7823516033183892,1.004101308627643,-1456.2144849296574
72,-212.85066108211726,0.9600883856052588,0.12831397245528595,4.0,15.0,0.0,214.49402532779575,0.10407842182046576,0.8959215781795342,0.10032679318090901,1.1699383180236416,-1452.7409686388864
73,-213.58210091841906,0.979744259058993,0.16148718527119207,4.0,23.0,0.0,215.55622019869259,0.1144777644807814,0.8855222355192186,1.524979754206947,0.8883994842569592,-1456.871813103338
74,-212.45477010928167,0.9929779629060946,0.16686800712275793,4.0,15.0,0.0,213.14381186332812,0.44434751702625214,0.5556524829737479,1.5412093677720407,0.6956488227132045,-1455.4543862621217
75,-212.7062446535347,0.9482902123798367,0.18267628987911633,4.0,27.0,0.0,215.8530086870596,0.1713428604596656,0.8286571395403344,0.5642701383124241,1.0760609854638785,-1454.56374027156
76,-215.08789285510196,0.9436717779598354,0.12831397245528595,4.0,15.0,0.0,216.6771862901146,0.13894052407827234,0.8610594759217276,-0.5371237157809066,1.2959653442594827,-1469.4079514513296
77,-212.2691781263486,0.9983719331761877,0.16148718527119207,4.0,23.0,0.0,213.89811553364584,0.6710912305805087,0.3289087694194913,1.1858619686227805,0.5712516260803225,-1454.3710815020102
78,-216.07224603680766,0.4740502096973948,0.16686800712275793,3.0,15.0,0.0,217.87620130744642,0.708740330259487,0.291259669740513,0.8131967159751754,0.8195933085040297,-1480.5240757033814
79,-212.6900754685879,0.9990553832337314,0.18267628987911633,4.0,15.0,0.0,213.07788779075196,0.36880089628946283,0.6311991037105371,0.3791810703851071,1.3916438235055317,-1457.3456188456926
80,-217.14817963156054,0.8361177623058458,0.12831397245528595,2.0,3.0,0.0,218.2400272390459,0.11153191283988718,0.8884680871601128,-0.613498903490859,1.4026768550186615,-1482.013947437742
81,-213.05299118719725,0.8461046442631112,0.16148718527119207,4.0,15.0,0.0,214.9162828132067,0.18750315610959925,0.8124968438904008,1.1010507675972654,0.9376862186145735,-1456.914267362132
82,-214.06317558354192,0.9291645500494733,0.16686800712275793,2.0,3.0,0.0,217.66247261498964,0.6677558966103763,0.33224410338962374,0.95119088267239,0.7408764729257061,-1467.039707517428
83,-214.02340738238152,0.942586686031249,0.18267628987911633,4.0,15.0,0.0,215.01581365875006,0.8782072433321146,0.12179275666788536,1.0243983183602152,0.00011730288606871808,-1462.074250146578
84,-214.1475881030168,1.0,0.12831397245528595,2.0,3.0,0.0,217.45165462750032,0.07872454242144915,0.9212754575785509,-0.4655275696828356,1.2439407713834072,-1459.6313375688705
85,-213.5500594295775,0.95137792159113,0.16148718527119207,3.0,11.0,0.0,214.904950137517,0.08921828496371877,0.9107817150362812,0.49258877759430186,1.0084400073248905,-1456.7246250308133
86,-215.6533455624974,0.9128808278667314,0.16686800712275793,4.0,19.0,0.0,217.21810583757625,0.24912959521945696,0.750870404780543,1.7277295301365538,0.5743837308379466,-1475.2386648971672
87,-215.8334294063594,0.9003931470489365,0.18267628987911633,3.0,15.0,0.0,216.23609945929965,0.9752179487684876,0.024782051231512447,0.9222101639547713,-0.2377106918588477,-1464.4256563525207
88,-213.81109361886953,0.9884962754304744,0.12831397245528595,2.0,7.0,0.0,215.51674117550516,0.0661617233942369,0.9338382766057631,-0.2774290460508525,1.2139053165323663,-1456.3839555404313
89,-212.62128593414278,0.84513459510748,0.16148718527119207,3.0,15.0,0.0,215.3859308379835,0.45303985273304237,0.5469601472669576,0.9989776210753326,0.9320913288646457,-1457.4865423653746
90,-213.55061725520775,1.0,0.16686800712275793,1.0,1.0,0.0,214.96337034174772,0.2978149732226927,0.7021850267773073,1.7325239885066384,0.6632267893939057,-1461.37422561063
91,-214.1197200471114,0.9598145477288517,0.18267628987911633,2.0,3.0,0.0,215.9650411688179,0.9599615793421152,0.040038420657884766,1.170478065241075,-0.1835560776659402,-1455.363724890203
92,-212.3474865757532,0.999446659534145,0.12831397245528595,4.0,17.0,0.0,214.14541363258445,0.24467456124378184,0.7553254387562182,0.6892113419988125,1.2103868596559353,-1453.5060177935493
93,-213.61098434114976,0.9065140857522015,0.16148718527119207,4.0,19.0,0.0,214.801588016204,0.9206084907047389,0.07939150929526106,0.9633430703248611,1.8008129661533556,-1453.8996407961943
94,-213.55924991967078,0.9924275905243483,0.16686800712275793,3.0,11.0,0.0,215.5640786493061,0.18562439237279385,0.8143756076272062,1.9522102851252008,0.9214743011056651,-1458.1397998507625
95,-214.84036086690529,0.9518727230583547,0.18267628987911633,3.0,7.0,0.0,215.50511914070822,0.982954584879253,0.017045415120746976,1.1171574511928761,-0.055867300757258195,-1454.7380269962257
96,-212.17858004611696,0.9822405014778842,0.12831397245528595,3.0,15.0,0.0,212.8762339901383,0.4708777171905663,0.5291222828094337,0.8185796809930277,1.1595875466038794,-1454.3384046859167
97,-215.2691608910626,0.9974512914122221,0.16148718527119207,2.0,7.0,0.0,216.00122107161258,0.9836495951107437,0.01635040488925632,1.0597520253109318,1.9034728177489748,-1454.3994647044224
98,-214.50924865078346,0.9846248052070337,0.16686800712275793,3.0,7.0,0.0,214.58162345467454,0.18993361086717012,0.8100663891328299,2.078366611573884,0.7543104296061963,-1464.626863078531
99,-216.19825517106906,0.9320445517872805,0.18267628987911633,3.0,11.0,0.0,217.17400473365913,0.9960339430563262,0.003966056943673801,1.0686433499039996,0.1649255070718343,-1454.2078513351678
100,-212.0545012587415,1.0,0.12831397245528595,3.0,7.0,0.0,212.17789158548567,0.4581787996541791,0.5418212003458209,0.8583244216036868,1.2001517808940605,-1453.3160750643624
101,-213.18838540124503,0.8700696229258601,0.16148718527119207,4.0,15.0,0.0,216.25589871122645,0.7465503315296181,0.25344966847038186,1.0752567020305197,1.3465910998931405,-1458.5885363461416
102,-214.37311309226442,0.941966626041897,0.16686800712275793,2.0,3.0,0.0,215.117402135807,0.2106208641063557,0.7893791358936443,2.094348474798413,0.7922891075950602,-1464.113629584617
103,-214.27257736963256,0.9604601366056582,0.18267628987911633,3.0,11.0,0.0,217.91227289818505,0.9758659912902772,0.02413400870972282,1.0739631477435057,-0.2533221205774192,-1453.1970360812877
104,-213.05077882632497,0.842302362980396,0.12831397245528595,3.0,15.0,0.0,214.55160785088626,0.45539883538501463,0.5446011646149853,1.4296208146016778,0.9395570940214139,-1459.5442596225612
105,-212.5098362505942,0.8978439029061612,0.16148718527119207,3.0,11.0,0.0,215.82822453799892,0.6892944543658786,0.31070554563412145,0.9285169038650978,1.1193811480186056,-1455.49474348224
106,-212.73226867920178,0.989609110179629,0.16686800712275793,4.0,15.0,0.0,214.9788168397126,0.1844689274752272,0.8155310725247729,1.545083162034363,0.9032858825693955,-1453.6519794372805
107,-214.02807237807409,0.9952722708344048,0.18267628987911633,3.0,7.0,0.0,214.5430528776963,0.9695133952106032,0.0304866047893968,1.089915119256455,-0.08436799404037709,-1453.0965036004247
108,-212.06437171418492,0.9926725742381082,0.12831397245528595,5.0,31.0,0.0,213.70155975682877,0.4769523724406443,0.5230476275593556,0.7214000834253959,1.3758295640006584,-1453.2140756038475
109,-212.391170532735,0.918428826175116,0.16148718527119207,2.0,7.0,0.0,213.34617673609077,0.6232765637008612,0.37672343629913885,1.0465864138762264,1.160645429093543,-1455.027857631734
110,-215.01480705766966,0.4856078726245385,0.16686800712275793,2.0,3.0,0.0,217.43646630895967,0.15808978525282824,0.8419102147471718,1.3643014723494962,0.7683961197295418,-1469.2219656178904
111,-213.8806286043663,0.9735286851032531,0.18267628987911633,3.0,7.0,0.0,214.25174916928802,0.7992633885142795,0.20073661148572053,1.2106468641912476,-0.15048963539120722,-1463.5099358977607
112,-212.11233848794834,0.9746758990796187,0.12831397245528595,4.0,15.0,0.0,213.18633976611034,0.4535349445794323,0.5464650554205677,0.9189994819469587,1.1472076996431917,-1453.7183778971762
113,-213.3929687966767,0.9742258071729651,0.16148718527119207,4.0,31.0,0.0,214.6199252507503,0.9410470093863249,0.058952990613675094,1.0939964213014388,0.2839461875459498,-1452.9876760227821
114,-215.48540678202656,0.9824705205150936,0.16686800712275793,4.0,15.0,0.0,216.23786673471568,0.2509394037078515,0.7490605962921485,1.584521557919945,0.5939266359318532,-1474.5017791975965
115,-213.32226357205468,0.8635605954051011,0.18267628987911633,3.0,15.0,0.0,215.4074741842857,0.9275889128065253,0.07241108719347467,1.05571272202404,0.3129657798267104,-1453.8762308502814
116,-212.280696899673,0.9984845957299983,0.12831397245528595,4.0,15.0,0.0,212.32025219620638,0.6822306769108,0.31776932308920003,0.9674225184928564,1.206812034577562,-1453.7567316614095
117,-213.87230204898222,0.882498239477654,0.16148718527119207,2.0,3.0,0.0,214.28862737291456,0.9354467526854499,0.06455324731455014,1.004965530817212,0.18653449916833564,-1457.0853723062723
118,-212.1395781635042,1.0,0.16686800712275793,3.0,11.0,0.0,215.66875439878916,0.5925868572104707,0.40741314278952934,1.2446535590923178,0.6319281670890181,-1453.9086239962328
119,-212.41666821373965,0.7932774450625383,0.18267628987911633,3.0,15.0,0.0,214.93295127638362,0.6959009219772411,0.30409907802275893,1.176352889103056,0.4979124849481938,-1455.1860218568315
120,-213.34711517498678,0.9587396612473533,0.12831397245528595,4.0,31.0,0.0,215.35023029481164,0.08244981067393495,0.917550189326065,-0.05240409166479679,1.0659751800216004,-1454.9329724495503
121,-212.30729069731703,0.9431234404129201,0.16148718527119207,3.0,15.0,0.0,214.5842036704097,0.7761772040514325,0.22382279594856747,1.1435749713491772,0.6283206125115448,-1453.0062360216095
122,-212.0850327709847,0.9900981793158427,0.16686800712275793,3.0,15.0,0.0,212.94809919126743,0.7005346697333923,0.2994653302666077,1.235219346311495,0.5950667957778694,-1452.6206726277399
123,-212.24885367580126,0.9194081851456727,0.18267628987911633,3.0,11.0,0.0,213.49442686945125,0.5089311389955774,0.4910688610044226,1.1456543956335978,0.8294382064310926,-1454.8573894831277
124,-212.95748823044337,0.9942388343441706,0.12831397245528595,3.0,15.0,0.0,213.9723863234409,0.09317807453491919,0.9068219254650808,0.05223537726284548,1.1169687017055723,-1452.909153980173
125,-212.82764279366782,0.9469665989822421,0.16148718527119207,3.0,11.0,0.0,213.6085884086016,0.7959748272117172,0.2040251727882828,1.1552760828670163,0.9183788147756204,-1455.7243413243978
126,-212.37309608532027,0.9509707155225803,0.16686800712275793,2.0,7.0,0.0,212.72394265027896,0.6568302256081797,0.3431697743918203,1.2193636377609423,0.4990367953411773,-1455.2309055296016
127,-212.48734675668592,0.9663232373780681,0.18267628987911633,2.0,7.0,0.0,212.9526966642992,0.4294198013833907,0.5705801986166092,1.3543804444155316,0.9406783662224167,-1455.7474083273023
128,-213.5937540186421,0.9572704017655467,0.12831397245528595,3.0,7.0,0.0,213.84640118285202,0.09112051913622546,0.9088794808637746,-0.053457130110464456,1.2485752670444632,-1456.8968041300025
129,-213.05491326223046,0.854129605661396,0.16148718527119207,2.0,7.0,0.0,216.74514368089643,0.8266422629062065,0.17335773709379354,0.8528365704848274,1.600320439026199,-1455.4715499636327
130,-212.84471389869046,0.9930683128790274,0.16686800712275793,2.0,7.0,0.0,213.32980668621357,0.7089374977958942,0.2910625022041058,1.4008159134405382,0.3485233012418818,-1457.578083404481
131,-212.256623121571,0.9678548481675264,0.18267628987911633,2.0,3.0,0.0,212.8063447222237,0.4113774154978973,0.5886225845021027,1.3603057865252166,0.9038067905202134,-1454.1170010261192
132,-214.469516340995,0.9985519488661432,0.12831397245528595,3.0,7.0,0.0,214.59714074722518,0.053892350174920944,0.9461076498250791,-0.2684605947709102,0.9879653825648809,-1460.039267040554
133,-212.56979061749055,0.9617913965540591,0.16148718527119207,2.0,7.0,0.0,213.80788411434412,0.7514073233477384,0.2485926766522616,0.926079499720828,1.5539310516309324,-1453.9650753858882
134,-212.75064720941563,0.9494983350560816,0.16686800712275793,3.0,7.0,0.0,213.40626485811822,0.8190639852734782,0.18093601472652177,1.0781468733195616,0.49992952185295475,-1455.2215822650453
135,-212.11160686719842,0.9366768799493993,0.18267628987911633,2.0,7.0,0.0,212.84591356776474,0.48385589221376385,0.5161441077862361,1.321092572536751,0.7090617026347414,-1453.6905586555233
136,-214.1956355391852,0.9529207679048055,0.12831397245528595,4.0,23.0,0.0,216.8018817269003,0.9482834003500106,0.051716599649989425,1.0777114275764421,1.5899744709640804,-1455.5978549956194
137,-212.443176664708,0.9900427573460353,0.16148718527119207,2.0,7.0,0.0,213.29942806674723,0.6989701907964838,0.3010298092035162,0.8612353085439246,1.2922202648737813,-1454.6560962949657
138,-213.66458604563869,0.8772855854346295,0.16686800712275793,3.0,15.0,0.0,215.98023332628867,0.3634444334578365,0.6365555665421635,1.6749773300669686,0.9042218785280023,-1462.7025209573308
139,-212.15663110129506,0.8818621291594247,0.18267628987911633,3.0,11.0,0.0,213.53726357262155,0.7296318167240201,0.2703681832759799,1.2058121298140008,0.5265905383925548,-1452.8186101660763
140,-215.24991579188926,0.363007156394445,0.12831397245528595,4.0,31.0,0.0,218.14187870736373,0.9773164034839946,0.022683596516005378,1.1281910209454284,1.3261773972031727,-1457.9640405739428
141,-213.011131359365,0.7775647549763816,0.16148718527119207,3.0,7.0,0.0,214.84482334145375,0.7734968218125354,0.22650317818746457,0.9955031088824857,1.5715045555508702,-1456.4084636016814
142,-212.87247762159782,0.9554578012842785,0.16686800712275793,2.0,3.0,0.0,213.85032807083715,0.27654226749459193,0.7234577325054081,1.5686262793597858,0.7467512430421148,-1456.7495334765622
143,-212.49202096145328,0.8937295092843337,0.18267628987911633,2.0,3.0,0.0,212.81748790024224,0.707588589052989,0.29241141094701095,1.136667082881715,0.5514682915986996,-1455.5815991589038
144,-215.09605459623938,0.993661192801251,0.12831397245528595,3.0,7.0,0.0,215.40216601584126,0.9727443896403405,0.02725561035965951,1.1331272507056986,1.2478768268060907,-1458.3015913496474
145,-213.00797033871433,0.9960132842979736,0.16148718527119207,4.0,15.0,0.0,213.74751653379604,0.8230572465143398,0.17694275348566024,0.9293962719557439,1.1971836639181435,-1456.1146339996446
146,-214.7068780868158,0.839073685362401,0.16686800712275793,3.0,11.0,0.0,215.24629248753425,0.2621899410273884,0.7378100589726115,1.7334084539580714,1.0433233877768502,-1468.2604438333417
147,-212.4530441221698,0.9159082942890094,0.18267628987911633,3.0,11.0,0.0,214.11473754300366,0.487180165797904,0.512819834202096,1.417046142131486,0.8408898602766591,-1455.6484930780098
148,-214.03697547919927,1.0,0.12831397245528595,4.0,15.0,0.0,216.96733777250955,0.21474732123049564,0.7852526787695043,1.6397599943467847,0.7104233198661781,-1463.4614446139744
149,-217.4437963665195,0.8537636000315152,0.16148718527119207,4.0,15.0,0.0,218.75851451550582,0.994055797812266,0.005944202187733949,0.9204029591530025,2.4046680492880323,-1460.8783304550138
150,-212.87430339580038,0.9896472189158365,0.16686800712275793,4.0,31.0,0.0,217.0323700585518,0.2123349832547434,0.7876650167452566,1.5251671796056363,0.9962103604237338,-1455.2651603680645
151,-213.72941729476622,0.88861831941662,0.18267628987911633,2.0,3.0,0.0,213.87078228578264,0.5453736348526039,0.45462636514739607,1.4376803115908345,0.9165300265374875,-1464.2471429497348
152,-215.74419147345498,0.9348069697772994,0.12831397245528595,5.0,47.0,0.0,216.91685651044526,0.944552203324422,0.055447796675577976,0.9264313597058194,2.802083669972326,-1462.4138632404208
153,-217.8743737115663,0.9928472731477217,0.16148718527119207,3.0,11.0,0.0,218.72504515511133,0.9961524661588484,0.0038475338411515514,1.161875134313809,2.161829249700128,-1461.3858031874183
154,-212.6589088129302,0.9493909926109553,0.16686800712275793,4.0,15.0,0.0,213.4596504664075,0.3014481908972243,0.6985518091027757,1.648990538079941,0.7727569458806529,-1455.3705434382778
155,-212.15937642168282,0.9955526144907061,0.18267628987911633,2.0,7.0,0.0,214.500238871538,0.48845509661630837,0.5115449033836916,1.1225607120941157,0.9897472707461054,-1454.0312376078489
156,-218.4550750158317,0.8786687709459982,0.12831397245528595,5.0,31.0,0.0,218.82295515159723,0.9886929570359501,0.01130704296404994,0.9211776252782327,3.7941260418293035,-1464.8301176441444
157,-214.7404559602959,0.9338649673285613,0.16148718527119207,4.0,31.0,0.0,219.57027806145896,0.880927817265207,0.11907218273479303,0.8563896463743554,1.123635727417214,-1466.0754264452514
158,-212.5455892504453,0.9744002279406313,0.16686800712275793,4.0,15.0,0.0,213.00159885457404,0.7861506957614884,0.21384930423851156,0.9422778098366483,1.3630742893974321,-1453.5247982666908
159,-212.25101449708941,0.9924269846956005,0.18267628987911633,2.0,7.0,0.0,212.47875368850075,0.42942286881705555,0.5705771311829444,1.151556737759755,1.0167017848150957,-1454.4252750175829
160,-217.23990020642444,0.9977378615564074,0.12831397245528595,3.0,15.0,0.0,218.42725095770385,0.9835889851923599,0.016411014807640067,1.0774995043468005,3.503217234920668,-1460.5368059633417
161,-213.58167221529874,1.0,0.16148718527119207,3.0,7.0,0.0,214.77291189213426,0.7581660526552786,0.2418339473447214,1.0990549019643865,1.3757670818896404,-1460.974583805031
162,-212.1346952008082,0.9965236279865942,0.16686800712275793,4.0,15.0,0.0,212.69491456848948,0.27597874911228654,0.7240212508877135,0.5488880669119173,1.2453393776296426,-1452.6512733775614
163,-212.22504140188272,0.998920042673815,0.18267628987911633,2.0,7.0,0.0,213.46914267001193,0.46670814053000026,0.5332918594699998,0.7179859754151159,1.2149480009896076,-1454.6720871726852
164,-214.76516922486647,0.8848282328220775,0.12831397245528595,5.0,31.0,0.0,217.7751079003266,0.9032392172730789,0.09676078272692112,0.9933602828376368,2.3795384378379985,-1460.9679080110768
165,-212.08308270686712,0.9862163149636043,0.16148718527119207,3.0,15.0,0.0,214.78847155353137,0.4872417544669875,0.5127582455330125,1.2296374292924412,0.8061518205236229,-1453.570627926599
166,-213.23437355465757,0.8079346756389102,0.16686800712275793,2.0,3.0,0.0,213.60411272587416,0.38625859932457757,0.6137414006754225,0.5814263252643103,1.111855718624197,-1461.6682984206077
167,-213.05923786121323,0.5859546047047394,0.18267628987911633,3.0,7.0,0.0,215.6665376097746,0.7136824038371089,0.2863175961628911,1.0140721309850105,0.7428523271856391,-1459.427331074714
168,-215.26420227286405,0.3232969210333893,0.12831397245528595,2.0,3.0,0.0,217.98562276706855,0.907928185833403,0.09207181416659704,0.8158348919815883,2.314492058769013,-1464.6487154823856
169,-212.08699032988525,0.9930017140466904,0.16148718527119207,2.0,3.0,0.0,212.18749113413358,0.48915249995535853,0.5108475000446415,1.2044600286117713,0.8385642726160688,-1453.6057539536107
170,-217.605339870137,0.5764489827967252,0.16686800712275793,3.0,13.0,0.0,222.27815025305094,0.9926425435155808,0.007357456484419211,1.156517715493514,2.6953266593217116,-1461.7544073969007
171,-212.67144532500006,0.997440475927769,0.18267628987911633,4.0,31.0,0.0,213.94011642778162,0.27851721988492967,0.7214827801150703,0.37722861683380066,1.173930808761337,-1456.6844393509884
172,-215.46805018477107,0.9323868991186703,0.12831397245528595,2.0,3.0,0.0,216.0032362248559,0.8824908904563694,0.11750910954363059,1.0634262981746911,2.2618815115462954,-1467.35180761108
173,-214.26936380093613,0.9554641119291521,0.16148718527119207,3.0,15.0,0.0,215.59856197488122,0.9743375852237979,0.025662414776202125,1.0462550287349834,-0.23353910168371542,-1453.6472270635156
174,-217.58024126796212,0.9169852601883355,0.16686800712275793,2.0,7.0,0.0,219.4543240208625,0.9959532311887461,0.004046768811253876,1.1119599116232215,2.8088721861977337,-1457.0222370661222
175,-212.08086853428227,0.946754484283014,0.18267628987911633,3.0,15.0,0.0,215.6504932383676,0.5188556231298108,0.4811443768701892,0.7397616614091383,1.400998030310911,-1453.2493810512547
176,-213.23222203009874,0.9645968170226557,0.12831397245528595,4.0,15.0,0.0,219.03360459855804,0.6418423485740653,0.3581576514259347,0.8425495974892958,1.0649400881189672,-1461.208036378849
177,-213.62591890793746,0.9770871114199242,0.16148718527119207,3.0,11.0,0.0,215.37974632155894,0.9418101637603759,0.05818983623962415,1.032667056926549,0.3395863054995404,-1454.5950953429865
178,-217.63529183447798,0.9185808224283651,0.16686800712275793,3.0,7.0,0.0,218.3407654461978,0.9957479475766498,0.00425205242335025,0.9540624337503616,2.8259521022463203,-1457.941484200957
179,-212.35134689791454,0.8357179835307647,0.18267628987911633,3.0,11.0,0.0,213.87018542293458,0.3309226898110409,0.6690773101889591,0.4437888576253617,1.251060674371805,-1454.9346135618746
180,-212.68214611263605,0.9762851973714396,0.12831397245528595,2.0,7.0,0.0,213.86146792229073,0.7555634591689188,0.24443654083108124,1.1007016233988889,1.0808818393252289,-1455.4334625608599
181,-213.94139216038135,0.8601957125402552,0.16148718527119207,2.0,7.0,0.0,215.47989300281571,0.9480040916905577,0.05199590830944234,1.0012345033395942,0.6152559083435934,-1455.8700692962736
182,-217.43507157309458,0.8751732801758858,0.16686800712275793,1.0,3.0,0.0,219.00907949961422,0.9945915075233259,0.005408492476674076,1.121577249171875,2.807547684344735,-1458.001470496428
183,-212.41956572923553,0.989592988668191,0.18267628987911633,3.0,15.0,0.0,213.39720000570767,0.18327273416736836,0.8167272658326317,0.27666571455474526,1.1957843633178247,-1452.9221923697307
184,-212.34231963361216,0.9004470185570423,0.12831397245528595,4.0,23.0,0.0,213.71075025854466,0.4557668262469652,0.5442331737530348,0.9650323281525147,1.211306553174727,-1455.1072470355416
185,-212.45291648315649,0.9846635821448793,0.16148718527119207,3.0,15.0,0.0,214.73291182052628,0.8229635967236837,0.1770364032763163,1.2087371730085008,0.4401798016841077,-1452.837866191786
186,-217.4942539105458,0.9983812844275801,0.16686800712275793,3.0,15.0,0.0,218.32500599044906,0.9949859227385298,0.0050140772614701845,0.9701629433228807,3.0442561159487287,-1456.9673887858428
187,-212.41956572923553,0.4107290437013907,0.18267628987911633,1.0,3.0,0.0,215.45690997987916,0.18327273416736836,0.8167272658326317,0.27666571455474526,1.1957843633178247,-1452.9221923697307
188,-213.6143378543044,0.8868536946756187,0.12831397245528595,2.0,3.0,0.0,213.93234467565804,0.430082595298753,0.569917404701247,1.1241740459966432,1.2264332710209762,-1463.4929750069007
189,-212.4401313201016,0.9934141820013785,0.16148718527119207,2.0,5.0,0.0,212.57779498431438,0.806529130362671,0.19347086963732896,1.2346788673398599,0.44684580436887555,-1453.163581046129
190,-213.0515669708304,0.9713478963898301,0.16686800712275793,4.0,23.0,0.0,217.61452373604698,0.10599077168546783,0.8940092283145322,0.6869390725348192,1.0558956400347375,-1454.0602047757081
191,-213.15592668267536,0.8738881545737253,0.18267628987911633,4.0,15.0,0.0,213.3887642100655,0.803685974439721,0.196314025560279,1.1562437301633808,1.02085779418251,-1457.61897379318
192,-212.7334344503979,0.9976194019823074,0.12831397245528595,3.0,7.0,0.0,213.5662616083747,0.48182302758053686,0.5181769724194631,0.8586927939677461,1.0343219083579753,-1458.3647468194847
193,-212.15607781175962,0.9941518378946637,0.16148718527119207,3.0,15.0,0.0,213.14113623771726,0.56704564706265,0.43295435293734996,1.2496841200685496,0.6533574568385234,-1454.1036658645082
194,-214.03007695865432,0.6239920221584597,0.16686800712275793,4.0,15.0,0.0,216.1956317547787,0.049757494413385436,0.9502425055866146,0.7887885476515138,0.9926058214969062,-1455.999478145902
195,-212.26802756894836,0.9999164116713425,0.18267628987911633,4.0,15.0,0.0,213.38784341350402,0.6501236201544279,0.34987637984557207,1.0100974967642635,1.0705015168799967,-1454.1962958180065
196,-212.78450227829762,0.9730129641716622,0.12831397245528595,4.0,31.0,0.0,214.6366918252261,0.26855767044942913,0.7314423295505709,0.8744374571746959,0.9999994150326849,-1457.0976924988324
197,-213.2189794125868,0.9848843035720439,0.16148718527119207,3.0,11.0,0.0,213.53684085870273,0.9078914223896696,0.09210857761033042,1.0982740659341748,0.7886478351955251,-1454.1449344286698
198,-213.30343041336812,0.9996883980311904,0.16686800712275793,3.0,15.0,0.0,214.4189387856116,0.09816321926321074,0.9018367807367893,0.4468782996553655,1.0312080374122157,-1455.6097821003577
199,-215.64016422127753,0.6524030050646187,0.18267628987911633,2.0,3.0,0.0,215.95147278099708,0.5577646701725593,0.44223532982744074,1.249826325433284,1.2717245709347358,-1477.1752109457532
200,-212.5851308139663,0.9830270781230825,0.12831397245528595,3.0,11.0,0.0,216.84932627348425,0.21563150830968844,0.7843684916903115,0.28693605352186885,1.1643022818086195,-1454.9689490582457
201,-212.0877428404572,0.9014593900274315,0.16148718527119207,3.0,15.0,0.0,214.44752049402751,0.5229257018797103,0.4770742981202897,0.8718325390881104,1.194971253137004,-1453.5701924571579
202,-213.8180562354089,0.9451807889518321,0.16686800712275793,4.0,31.0,0.0,216.77694952116633,0.6188337826480335,0.38116621735196654,0.5811401797758889,1.7280461328141414,-1464.1549226278755
203,-214.91970266933185,1.0,0.18267628987911633,1.0,1.0,0.0,215.87021987880078,0.5396555519765425,0.46034444802345753,1.2365587518403562,1.2347267739943928,-1472.3562255738163
204,-212.6772858124726,0.952685214685565,0.12831397245528595,5.0,31.0,0.0,213.88871982865624,0.4733894236723907,0.5266105763276093,0.5122072053151034,1.3730674512609373,-1457.6724199478767
205,-212.7148461394445,0.9048434475313044,0.16148718527119207,3.0,15.0,0.0,213.51339931463846,0.5441813389961769,0.45581866100382307,0.6567137161557526,1.2800952615233618,-1457.9644621604248
206,-212.47244956976039,0.7254574847147961,0.16686800712275793,3.0,7.0,0.0,217.5761424179843,0.7457680668868607,0.2542319331131393,1.1545304939258274,0.8776006807240612,-1454.4051487334477
207,-214.44553418787282,1.0,0.18267628987911633,2.0,3.0,0.0,215.18464668193755,0.5550554823853763,0.4449445176146237,1.2360683729549478,1.1956205968044469,-1469.1232225573772
208,-213.58660810331753,0.9742730341049121,0.12831397245528595,3.0,15.0,0.0,214.31195760371205,0.8062649264083259,0.19373507359167408,0.76700680968498,1.661108216809022,-1459.6885030550982
209,-212.4832462520278,0.9968687513680429,0.16148718527119207,3.0,15.0,0.0,213.2925882747902,0.39080852916101666,0.6091914708389834,0.991375013782004,1.1826322556711364,-1455.812227006731
210,-212.5569195196445,0.9963734928152687,0.16686800712275793,4.0,15.0,0.0,212.65422390520075,0.4702188416740108,0.5297811583259893,1.437684112220261,0.5858179061303866,-1456.609387336096
211,-212.606948885507,0.9400692682328188,0.18267628987911633,3.0,7.0,0.0,215.46913536818252,0.3259872894274906,0.6740127105725093,0.8833537913044645,1.0155905386046364,-1456.6043586776393
212,-212.50978755672998,0.9921638386103067,0.12831397245528595,4.0,15.0,0.0,213.9980668859219,0.5673988887650441,0.4326011112349559,0.871223717200493,1.4516690957303107,-1455.7877271216782
213,-214.10704931541358,0.9605357341220705,0.16148718527119207,4.0,15.0,0.0,215.62865865929288,0.11287754170615893,0.8871224582938411,-0.24158246221429835,1.0502779661211288,-1462.0999349642925
214,-213.47861354451544,0.9955482920782416,0.16686800712275793,3.0,15.0,0.0,214.36272781231128,0.8855835750835375,0.11441642491646253,1.0384279846379592,0.1510843635318833,-1457.892455670421
215,-214.22640226934004,0.881626624873347,0.18267628987911633,4.0,15.0,0.0,215.80393512475425,0.1355410483688361,0.8644589516311639,1.006027237518916,0.8924183851455244,-1463.4508350214028
216,-212.45447556515882,0.9211067868098728,0.12831397245528595,3.0,11.0,0.0,214.18368000002272,0.6499549398252996,0.3500450601747004,0.8730220873103165,1.1825516897963604,-1455.4906696200937
217,-213.7358688990362,1.0,0.16148718527119207,3.0,11.0,0.0,214.29309068877086,0.05375995480494023,0.9462400451950598,-0.09711833109556436,1.175904071185382,-1454.6583214491698
218,-214.07309389106496,0.9973963622785006,0.16686800712275793,3.0,15.0,0.0,214.71263756876263,0.9467537484019186,0.053246251598081384,1.2081799781043905,-0.19206157952613803,-1456.8350640610772
219,-216.76203659760426,0.9985154958102328,0.18267628987911633,3.0,15.0,0.0,218.40128349735957,0.011745979965489465,0.9882540200345106,0.18877860383070602,0.8983861388810888,-1465.8300565149111
220,-213.62250426479946,0.9267402969738533,0.12831397245528595,4.0,19.0,0.0,214.47869854802929,0.12129198324451988,0.8787080167554802,-0.05798002267858607,1.0606588198400744,-1459.2122007988453
221,-214.22638978783522,0.9782532953107769,0.16148718527119207,2.0,7.0,0.0,214.57823779267653,0.13514029461504332,0.8648597053849567,-0.3173368523538787,1.094283419157438,-1463.8741611653672
222,-215.49756293142013,0.8471746370670427,0.16686800712275793,2.0,7.0,0.0,215.99659687923943,0.8855429603283576,0.11445703967164245,0.9590026554710224,-0.10353649876016474,-1471.9884389969086
223,-216.7756669646864,0.9746890303939965,0.18267628987911633,3.0,11.0,0.0,218.03530089988325,0.015856379971716825,0.9841436200282832,-0.3698621177957245,0.8935046027829122,-1467.8883717383615
224,-212.51757294805432,0.9624535699059389,0.12831397245528595,4.0,31.0,0.0,215.29138129739655,0.6486372469417464,0.3513627530582536,0.9459579131331078,1.0456617218414317,-1456.0872866143566
225,-213.7268872759115,1.0,0.16148718527119207,2.0,3.0,0.0,214.12776800732166,0.08864672310536936,0.9113532768946306,-0.2718831546826145,1.2443074749261265,-1457.592929435053
226,-213.62074027686756,0.9628775960749304,0.16686800712275793,2.0,7.0,0.0,216.64312267880246,0.9426473735697286,0.05735262643027139,1.0471976600728816,-0.08034325350731114,-1454.533257891673
227,-214.5030644205415,1.0,0.18267628987911633,3.0,15.0,0.0,217.57594031199923,0.02639464644900974,0.9736053535509903,-0.26601191876919794,1.008992412405152,-1455.502842307392
228,-212.1761964745511,0.8453895234153077,0.12831397245528595,4.0,23.0,0.0,214.26530204675163,0.3963281198244592,0.6036718801755407,0.894245461179233,1.1897398033124678,-1453.868792797027
229,-214.5802450314073,0.940113543698413,0.16148718527119207,4.0,15.0,0.0,215.55390418057905,0.058787673696454046,0.9412123263035459,-0.4736471819863102,1.247921358657325,-1460.73554743649
230,-214.21417820003967,0.6963692735143139,0.16686800712275793,3.0,11.0,0.0,218.1686863233385,0.6873830955908903,0.3126169044091097,1.4301951065679508,0.7606835925498122,-1466.8516494666987
231,-215.71629833498994,0.8142091833756087,0.18267628987911633,2.0,7.0,0.0,216.94788901805143,0.2138634646557847,0.7861365353442153,-0.3850169344940227,1.2557166260560015,-1476.309040379965
232,-213.1213068090231,0.9847249055893282,0.12831397245528595,4.0,15.0,0.0,213.66619384846473,0.9016299557440345,0.09837004425596552,1.0573068761597948,0.7636714911687176,-1453.9864702969012
233,-212.66881795943976,0.9987200266821025,0.16148718527119207,3.0,15.0,0.0,215.04234471191057,0.12384634440355513,0.8761536555964449,0.3067310703578294,1.1386223708107157,-1452.5218337614915
234,-212.440934436652,1.0,0.16686800712275793,3.0,13.0,0.0,215.21522784756263,0.6953423602997162,0.3046576397002838,1.0741089479465555,0.7864560758266794,-1455.2394589882508
235,-213.34343630003397,1.0,0.18267628987911633,2.0,3.0,0.0,216.1654522871117,0.13704952386001354,0.8629504761399864,-0.2331233606168663,1.1970451284502794,-1457.693290462413
236,-212.831124419178,0.9174383327971789,0.12831397245528595,2.0,7.0,0.0,213.51772337843838,0.858129713309681,0.14187028669031898,1.1281639119185165,0.760876782808187,-1454.0398058657688
237,-212.6584154304019,0.9718503447649626,0.16148718527119207,4.0,27.0,0.0,215.81631889908587,0.8434093459468662,0.15659065405313377,1.091399225148048,0.6992252865893509,-1453.557385351366
238,-212.2958867279885,0.994362370144915,0.16686800712275793,4.0,23.0,0.0,212.84082416875893,0.29593001457181295,0.7040699854281871,0.5317903859890087,1.3221909115126709,-1453.899452773058
239,-212.75378449276624,0.954107990921651,0.18267628987911633,3.0,15.0,0.0,214.23195916716523,0.15661626966354186,0.8433837303364582,0.04112832999209019,1.219920591016646,-1454.3812979879997
240,-212.30774020024685,0.7016539909819475,0.12831397245528595,3.0,11.0,0.0,214.91786039418483,0.7261430148578123,0.2738569851421877,1.2143884118192267,0.739221194232544,-1453.6675667058712
241,-214.1538647017437,0.8640927284135944,0.16148718527119207,4.0,15.0,0.0,215.01595622698287,0.9557735449304665,0.04422645506953349,0.9940117334390849,0.4547657462308741,-1456.436921327056
242,-212.90460845897655,0.9595265250813373,0.16686800712275793,3.0,15.0,0.0,213.84347872033914,0.24537250201865574,0.7546274979813443,0.1321090889359452,1.2802516825360428,-1457.6126080268182
243,-213.22181112180743,0.9674703769125228,0.18267628987911633,3.0,7.0,0.0,213.81652670109764,0.07342986660578782,0.9265701333942122,-0.07080676845034416,1.0942634998254308,-1453.2799279028866
244,-213.1508869498495,0.7522830234276152,0.12831397245528595,3.0,15.0,0.0,213.9256376542217,0.5319087308833431,0.4680912691166569,1.3871618740030571,0.9232620783248247,-1460.392256044745
245,-214.24803426349527,0.9944020016389918,0.16148718527119207,4.0,15.0,0.0,215.23930108883644,0.97367491311557,0.026325086884430027,1.045487919450463,-0.22591442569725456,-1453.67571101923
246,-213.5990436408866,0.8875088331762416,0.16686800712275793,2.0,3.0,0.0,213.8667191680382,0.20290263102126807,0.797097368978732,0.049434349093628975,1.3714228977661893,-1461.2791968628514
247,-212.97376261723582,0.9548481195886962,0.18267628987911633,5.0,31.0,0.0,213.70189080547723,0.34876043274096924,0.6512395672590308,1.6599984124205125,0.6764963123054104,-1458.1570922075678
248,-212.9364622930315,0.9968990903454593,0.12831397245528595,4.0,15.0,0.0,213.61906963505635,0.23627091076477927,0.7637290892352208,0.9514778416951684,0.966257057872675,-1457.4968072373606
249,-213.82310677718917,0.8563331076376525,0.16148718527119207,2.0,3.0,0.0,215.08838349918693,0.9619227610657599,0.03807723893424009,1.06701323987484,-0.1393138906904065,-1453.1941929355548
250,-214.738481204337,0.9400495576531023,0.16686800712275793,3.0,15.0,0.0,217.42089906154825,0.01814399999775024,0.9818560000022497,-0.7050938725506375,1.0959169050103554,-1454.0719956106097
251,-213.482180071078,0.7675877273249087,0.18267628987911633,2.0,3.0,0.0,214.35599166069662,0.36762813989295023,0.6323718601070498,1.7512546359933139,0.7932902501166503,-1461.4129531664375
252,-212.95132635701688,0.9965213859774564,0.12831397245528595,4.0,15.0,0.0,213.5306457051299,0.1314554966339214,0.8685445033660786,0.7359394193169835,1.142336622946191,-1454.4312278232267
253,-214.76600894134782,0.9556524964871547,0.16148718527119207,3.0,15.0,0.0,218.09260632045527,0.9829406308415884,0.017059369158411553,1.0841268339757006,0.37967589573042765,-1454.170981976921
254,-213.9775326729664,0.7954460064768873,0.16686800712275793,3.0,15.0,0.0,215.9636640363998,0.04665618544857258,0.9533438145514275,-0.541325887232676,1.1584450751184687,-1455.1906604281046
255,-213.42603583741513,0.8978369732928156,0.18267628987911633,2.0,3.0,0.0,214.156784726778,0.2822592858131482,0.7177407141868518,1.498862549218711,0.6968027275633133,-1460.9069643003465
256,-212.24272224593665,0.9911432640701687,0.12831397245528595,3.0,15.0,0.0,213.3593951983633,0.25008839144155337,0.7499116085584466,0.6922373189239998,1.1697945469421878,-1452.9636369648385
257,-214.87618017716983,0.9955165682519027,0.16148718527119207,2.0,3.0,0.0,214.91244233666424,0.9839423738469228,0.016057626153077154,1.0153688100425178,0.35293712099120955,-1454.6625893863245
258,-215.60487366003395,0.6157641603918524,0.16686800712275793,2.0,7.0,0.0,216.86762040064153,0.08291915446520592,0.9170808455347941,-0.4438005372334054,0.9638183067585631,-1470.5760419318017
259,-213.02574047894416,0.9979219945627851,0.18267628987911633,3.0,11.0,0.0,214.0449159504192,0.6414078152244673,0.3585921847755327,1.4109880882346906,0.7197280098408088,-1459.2112816638544
260,-212.2389221234265,0.9944242604535757,0.12831397245528595,3.0,7.0,0.0,212.41303481162103,0.2714498363642878,0.7285501636357121,0.7480787045639405,1.1387868620426793,-1453.2963024873438
261,-214.62595438905825,1.0,0.16148718527119207,2.0,3.0,0.0,214.92627960395174,0.9795490697389544,0.020450930261045608,1.0951205248504614,0.4014652508389543,-1454.3968348271069
262,-215.40125897665314,1.0,0.16686800712275793,1.0,1.0,0.0,216.12425845467988,0.08259610992224208,0.9174038900777579,-0.44386816933110934,0.972856614039819,-1469.129823675903
263,-212.92670027532915,0.9992478763658007,0.18267628987911633,3.0,15.0,0.0,213.59762386021657,0.8753027327566055,0.12469726724339447,1.2137942558308388,0.34643477254724764,-1454.168724497972
264,-212.35978982508456,0.9963906447999873,0.12831397245528595,3.0,15.0,0.0,212.88539580960324,0.30347460546314764,0.6965253945368524,1.1622188633071668,1.0181059863308073,-1454.1327048737153
265,-215.0406497579012,0.9436449759796088,0.16148718527119207,3.0,7.0,0.0,215.31881074219982,0.9817678149628317,0.01823218503716828,0.9808243401393506,0.5123243439638578,-1456.6011981921013
266,-218.5663260614419,0.7823103876633969,0.16686800712275793,4.0,31.0,0.0,220.5876844460382,0.014737514484829125,0.9852624855151709,0.7448469235538985,1.27551176236117,-1478.6837931011034
267,-213.80635329470448,0.7637940141387197,0.18267628987911633,4.0,15.0,0.0,215.2546412228922,0.1278196374017139,0.8721803625982861,-0.15639121370364184,1.0726796818907196,-1460.7524190649287
268,-212.38937745663162,0.999487220852077,0.12831397245528595,3.0,7.0,0.0,212.40779012047298,0.28875921943077915,0.7112407805692209,1.1808003164395862,1.0146067143969373,-1454.1067088933703
269,-219.9009513680426,0.609907237109307,0.16148718527119207,3.0,11.0,0.0,220.69977864558103,0.9953485226057509,0.004651477394249093,0.8150910986315758,1.2059521011035474,-1480.0617380383098
270,-217.93303949243406,0.9840456276318438,0.16686800712275793,4.0,19.0,0.0,220.9408547867434,0.0008844440783467529,0.9991155559216532,0.27360216482389965,0.9847687243943574,-1455.9546601751904
271,-213.68073512237697,1.0,0.18267628987911633,2.0,3.0,0.0,214.03387188499838,0.12056510178470234,0.8794348982152976,-0.20324258308973658,1.0856017026782356,-1459.4996456585395
272,-212.50581361515427,0.9772625300857357,0.12831397245528595,4.0,31.0,0.0,212.91620638841405,0.24130954077720226,0.7586904592227978,0.8439275673372036,1.165579337181328,-1454.4218560840968
273,-216.9192030596144,1.0,0.16148718527119207,2.0,7.0,0.0,220.0254175866845,0.9798722566940878,0.02012774330591216,1.2176784021282072,1.1583322564926604,-1468.86615014002
274,-217.42535997600027,0.5608078806149693,0.16686800712275793,2.0,3.0,0.0,220.2232833994001,0.001509704322149581,0.9984902956778504,0.31283911865246544,0.9823105978076949,-1456.1213610882526
275,-213.89704777066453,0.4807399408182988,0.18267628987911633,2.0,3.0,0.0,219.04815947650124,0.2052125197806969,0.7947874802193031,-0.10313138014926759,1.1798047346478953,-1463.8109279316684
276,-212.4547508485475,1.0,0.12831397245528595,1.0,1.0,0.0,212.51015078063523,0.2457379673877039,0.7542620326122961,0.8309742389327011,1.1651222330042088,-1454.1739615957213
277,-217.1831881646022,0.9826152785389798,0.16148718527119207,3.0,15.0,0.0,218.33174577222835,0.990044848648455,0.00995515135154501,0.8845952768096212,0.7393667665544836,-1467.1890641448742
278,-216.16812631445126,0.6081355733784983,0.16686800712275793,4.0,17.0,0.0,220.00592178690005,0.0039978127133174675,0.9960021872866825,-0.10088922564734255,1.0300999543110276,-1454.1391438491116
279,-214.61898719428117,0.851994370142117,0.18267628987911633,4.0,31.0,0.0,219.2060298234321,0.7727670471925665,0.2272329528074335,1.4149985252914044,0.6086538652699951,-1468.470269412794
280,-213.40794943958224,0.9911253282186208,0.12831397245528595,4.0,31.0,0.0,214.34414215972797,0.9282015789840927,0.07179842101590728,1.0544040939072605,0.769455107024552,-1453.9897264671472
281,-214.2967551641575,0.8968640717142988,0.16148718527119207,4.0,15.0,0.0,218.19865626036756,0.7695061751015633,0.23049382489843673,1.4348531086567333,0.03721936198450834,-1466.583409961915
282,-214.93018510043026,0.9554967782453446,0.16686800712275793,2.0,7.0,0.0,216.62090193972935,0.014852241939859977,0.98514775806014,-0.04875316370758761,1.1060597569480874,-1454.4444448290046
283,-212.9242755211898,1.0,0.18267628987911633,1.0,1.0,0.0,214.24694124004577,0.7470523134069816,0.25294768659301836,1.34678691161906,0.5559551281239516,-1457.486059767666
284,-215.45252153924497,0.9057509754548557,0.12831397245528595,4.0,23.0,0.0,217.55490139991906,0.9809259458890681,0.019074054110931882,0.9530288607968118,2.003169953054233,-1456.5604203382597
285,-218.38703214095457,0.6184009155776307,0.16148718527119207,3.0,11.0,0.0,220.44562687336526,0.9882744953749705,0.011725504625029526,1.2812061495753853,-0.4893085553096414,-1476.1467850980187
286,-215.47952936410135,0.9702448074627424,0.16686800712275793,3.0,15.0,0.0,216.2014218810346,0.011370260947494982,0.9886297390525051,0.14349464598012282,0.979390548595126,-1456.6305179778922
287,-212.710721802978,1.0,0.18267628987911633,2.0,7.0,0.0,213.06158022676027,0.5203141747876073,0.47968582521239267,1.2296048058685687,0.6212216731409743,-1458.1272869063785
288,-213.0106260051025,0.9993470085830497,0.12831397245528595,4.0,15.0,0.0,215.55184571058865,0.7410846259992665,0.2589153740007335,0.9555827603496809,1.6355695848413385,-1456.922977668744
289,-217.82410490017216,0.9870327643234708,0.16148718527119207,2.0,7.0,0.0,219.22400124103413,0.9491169821031492,0.05088301789685079,0.8571538646166943,-0.44434144973727374,-1482.937123793752
290,-213.1370542815749,0.8133838406326956,0.16686800712275793,4.0,15.0,0.0,216.40989509235914,0.10323580560098443,0.8967641943990156,-0.020776193817664594,1.0907557397858272,-1454.832529936244
291,-214.00821748168318,0.9649091209559825,0.18267628987911633,3.0,11.0,0.0,214.63815240995459,0.3828318301788877,0.6171681698211122,1.1470689348066816,1.2308224044966203,-1465.9058548116589
292,-212.90936285478585,0.7321851580668127,0.12831397245528595,2.0,3.0,0.0,214.76999872476034,0.6651804176225667,0.33481958237743326,0.8608166056764076,1.6564929729661302,-1457.3421223272312
293,-216.45876346800392,1.0,0.16148718527119207,2.0,7.0,0.0,218.26387901768845,0.8730110603785353,0.12698893962146474,1.434037554336658,-0.27884730118975715,-1478.207985166301
294,-212.86206384049294,0.8193376195212343,0.16686800712275793,2.0,3.0,0.0,214.14542444435295,0.11472684052437092,0.8852731594756291,0.0065930682419170225,1.1403468141478692,-1453.477707050402
295,-216.94953587921253,0.9322371081351705,0.18267628987911633,5.0,39.0,0.0,217.24517930497376,0.9875773051783661,0.01242269482163394,1.0840701631429057,-2.4159104229583015,-1462.1806288241858
296,-212.31340648357718,0.9683290257265721,0.12831397245528595,4.0,31.0,0.0,213.71247930906304,0.3566641810496552,0.6433358189503449,1.5088988425425178,0.8379131100860355,-1453.868333309733
297,-213.70105169081134,0.9718523717984202,0.16148718527119207,4.0,15.0,0.0,216.8426588465772,0.9376705360071501,0.06232946399284989,1.0067743904776867,1.428238888256219,-1453.942199428987
298,-214.36439743762315,0.9753136305252448,0.16686800712275793,3.0,15.0,0.0,216.22523493268898,0.11146940558396429,0.8885305944160358,-0.5461635525263095,1.2444815418047883,-1463.2098932913552
299,-217.58289441555831,0.9046035538774853,0.18267628987911633,3.0,11.0,0.0,217.90365193468602,0.991059562605989,0.008940437394010958,1.1147743415961608,-2.7405439643968457,-1462.8040807525563
300,-213.38647287012603,0.965350526276558,0.12831397245528595,4.0,31.0,0.0,214.16149632479483,0.11312896748400668,0.8868710325159933,1.238209965006234,0.9457411719180575,-1456.04250358407
301,-212.328376121211,0.9644166443468084,0.16148718527119207,4.0,23.0,0.0,213.98114467742744,0.3066496955101146,0.6933503044898854,0.8466398112712202,1.191566085188117,-1454.1724830556846
302,-214.93688454453067,0.8617739958848145,0.16686800712275793,5.0,31.0,0.0,219.65517081952746,0.02142788067707308,0.9785721193229269,0.7072598359048494,1.1249593112113045,-1456.510165999395
303,-217.58289441555831,0.32989084618121917,0.18267628987911633,1.0,3.0,0.0,220.44546284852495,0.991059562605989,0.008940437394010958,1.1147743415961608,-2.7405439643968457,-1462.8040807525563
304,-213.46734658256662,0.977697993859625,0.12831397245528595,3.0,15.0,0.0,215.45880767392038,0.1626376932505516,0.8373623067494484,1.7217802114431904,1.021101029760394,-1457.3479275530085
305,-212.20677811577582,0.9991368614391266,0.16148718527119207,3.0,15.0,0.0,212.59919413384569,0.4205454008033582,0.5794545991966418,1.0522892152492607,1.00742387034251,-1454.2871656676107
306,-217.30123005875694,0.8688709189816402,0.16686800712275793,4.0,15.0,0.0,217.58394068435075,0.006421710809563028,0.993578289190437,0.9538312106632804,1.1879336984537747,-1464.1442836621968
307,-217.35387450367733,1.0,0.18267628987911633,1.0,1.0,0.0,217.51689493921984,0.9907521900938122,0.009247809906187787,1.08312385106919,-2.7411599590397073,-1461.510573318699
308,-213.67890384553755,0.9669592810420947,0.12831397245528595,2.0,3.0,0.0,214.15785912312356,0.20214800556823737,0.7978519944317626,1.7898414558056437,0.9989286501337178,-1459.810000857297
309,-212.88083236381965,0.9762886210421137,0.16148718527119207,4.0,15.0,0.0,213.2478508356899,0.2935398871007642,0.7064601128992358,1.7317243367539845,0.7989047229018655,-1456.5206636847474
310,-217.79696721859779,0.94682498449768,0.16686800712275793,2.0,3.0,0.0,218.52035666669212,0.006407333052674891,0.9935926669473251,1.0097385641316978,1.2091478396875526,-1467.414632183754
311,-218.18036697288116,0.9799881851821187,0.18267628987911633,3.0,7.0,0.0,218.75772116508077,0.9728524932200326,0.027147506779967356,1.017564015216628,-2.662380597549344,-1475.0192757870109
312,-214.0780804022438,0.9892954933407648,0.12831397245528595,2.0,3.0,0.0,214.24597700597073,0.1875711088211299,0.8124288911788701,1.8392074760590293,1.0246565330673578,-1461.9758442611424
313,-212.78694271006077,0.9615294457032292,0.16148718527119207,3.0,7.0,0.0,213.5353789046893,0.17527679386000838,0.8247232061399916,1.468548256220076,0.9879208887016313,-1453.8149396772685
314,-215.74130440474738,0.9410232708396636,0.16686800712275793,2.0,3.0,0.0,217.7704204771542,0.007915150836537911,0.9920848491634621,1.0599456373864065,1.0034922197523615,-1454.9671697691358
315,-218.65321901761894,0.768305841268138,0.18267628987911633,3.0,7.0,0.0,219.74813974349047,0.9973428326857903,0.0026571673142097296,0.9424870315644522,-2.8667037664710566,-1461.5551552067272
316,-213.95727888785459,1.0,0.12831397245528595,3.0,7.0,0.0,214.98251785715436,0.08621485935434427,0.9137851406456557,2.0332061205193748,0.902528345675206,-1456.138550399511
317,-212.62086115050045,1.0,0.16148718527119207,3.0,7.0,0.0,212.89980498622015,0.24701152030534076,0.7529884796946592,1.5942137124308562,0.9180464497689832,-1454.191591919103
318,-215.26517451023804,1.0,0.16686800712275793,3.0,7.0,0.0,215.8673269159435,0.012241311552126375,0.9877586884478736,0.9835283495665456,1.0785570531119328,-1454.6599202418574
319,-218.34953684155215,0.9578938982070054,0.18267628987911633,2.0,7.0,0.0,219.90440080686008,0.9954265205604302,0.004573479439569761,0.9444632064267817,-2.907729724519575,-1462.9873358011705
320,-214.0440515790513,0.9618513609218098,0.12831397245528595,4.0,23.0,0.0,215.17104250695724,0.7732062969246878,0.22679370307531221,1.2846270994010605,0.894351330381416,-1464.4224380060873
321,-212.18762331064127,0.9992546251292975,0.16148718527119207,4.0,15.0,0.0,212.75575767388094,0.4440926305363708,0.5559073694636292,1.1623173464066527,0.8845296511590247,-1454.2349805165838
322,-213.33196284257733,0.7681624558614983,0.16686800712275793,4.0,15.0,0.0,216.74283611072488,0.9373026287439437,0.06269737125605634,1.0828625072472755,0.011431522059979299,-1453.0545277985145
323,-218.0700926072729,0.9746866047903006,0.18267628987911633,3.0,15.0,0.0,218.7896679541943,0.9943361569435045,0.005663843056495477,0.9883720590749897,-3.2220428064225297,-1460.7896066866479
324,-213.47337528112996,1.0,0.12831397245528595,1.0,1.0,0.0,214.13928276740162,0.7702628821022742,0.22973711789772577,1.2443784152765467,0.9023824328563397,-1460.6185062683978
325,-212.4512578089168,0.9857046069233959,0.16148718527119207,4.0,21.0,0.0,212.9103256427321,0.6623926037902197,0.3376073962097803,1.271252875839722,0.40902680736071256,-1455.6751797876796
326,-214.0599572758678,0.8852501915358564,0.16686800712275793,2.0,7.0,0.0,216.0612776678104,0.8871161965780071,0.11288380342199289,1.0341912535549143,-0.1306414179794457,-1461.8395800746111
327,-217.93115977246887,0.991277437054304,0.18267628987911633,2.0,3.0,0.0,218.11114525690041,0.995485388921659,0.0045146110783409465,1.053691649537743,-3.227072626749145,-1458.1281217307417
328,-212.48206630740577,0.977153758015154,0.12831397245528595,1.0,3.0,0.0,213.3692848991479,0.7706517502732141,0.2293482497267859,1.0650250821284328,0.8900422604601537,-1454.139317836998
329,-213.58834730516102,0.9412323046041291,0.16148718527119207,3.0,15.0,0.0,215.15575797399558,0.2687845432766211,0.7312154567233788,1.6042969893486738,1.0158265250353822,-1461.0644720038542
330,-213.91021172751698,0.9999576967553871,0.16686800712275793,3.0,11.0,0.0,214.54024299365082,0.9293817990667802,0.0706182009332198,1.2163820549340436,-0.43395545603247637,-1457.3845375325404
331,-219.01727360617394,0.8426509262177875,0.18267628987911633,3.0,15.0,0.0,219.5725637200884,0.9968732521540946,0.0031267478459053866,0.9497643033322625,-3.515236276782255,-1461.6051203454704
332,-213.48421439670736,0.5917911483853944,0.12831397245528595,3.0,11.0,0.0,216.11552756212734,0.26096892559812834,0.7390310744018717,1.4988686583849293,1.0489719508141917,-1460.438149340579
333,-213.1436880326789,0.8998647802192054,0.16148718527119207,2.0,7.0,0.0,215.3736298978685,0.13735460842620864,0.8626453915737914,1.7951544325522824,0.9287904123013119,-1454.083130445937
334,-214.33336089398804,0.7545451618292304,0.16686800712275793,3.0,7.0,0.0,216.82116896349245,0.9269377817610007,0.07306221823899928,1.267635081151397,-0.03628346285684991,-1460.5759230862482
335,-219.4997535476713,0.9439363649868824,0.18267628987911633,2.0,3.0,0.0,219.60746623026998,0.9968809564647134,0.003119043535286581,1.1631195937849557,-3.6005596683674352,-1464.0074875802866
336,-212.26826695895772,0.985969529409588,0.12831397245528595,4.0,23.0,0.0,215.3353194915949,0.7668443140634491,0.2331556859365509,1.1683805169579022,0.6525069822417906,-1452.8590316700133
337,-213.8673906760246,0.7922409702425145,0.16148718527119207,2.0,7.0,0.0,214.63737093021672,0.12331271784968167,0.8766872821503183,1.9304356685317225,0.8387468396696568,-1458.1511143934606
338,-214.5268604076029,0.9793543880763581,0.16686800712275793,2.0,7.0,0.0,215.072970531551,0.912011765317276,0.08798823468272399,1.3057956179757506,-0.04950045694541328,-1462.9987527776293
339,-213.02485653523402,0.9870393291658743,0.18267628987911633,5.0,31.0,0.0,220.04561660510154,0.6834413584288435,0.31655864157115654,1.173656323738553,0.38059280196559037,-1459.6342859873364
340,-212.6185309211504,0.7626256108903557,0.12831397245528595,3.0,9.0,0.0,213.6980795816386,0.5957571025273034,0.4042428974726966,1.3299639759669224,0.4421949172874685,-1457.1863255549845
341,-215.99388561752147,0.3841428988088445,0.16148718527119207,2.0,3.0,0.0,217.17324139015895,0.15977349802733323,0.8402265019726668,1.9344485224526724,1.1236234965995628,-1473.8402283686635
342,-213.02588585120367,0.9787578685072998,0.16686800712275793,2.0,3.0,0.0,215.06440296292598,0.9050566027122345,0.09494339728776546,1.1499451151995161,-0.11645116220761839,-1453.4239135841838
343,-212.63089942740055,0.9688389635514113,0.18267628987911633,3.0,11.0,0.0,215.13291514845307,0.8319261294716365,0.16807387052836353,1.1109246534246164,0.37779911607558164,-1454.0232549058005
344,-212.41041971593816,1.0,0.12831397245528595,2.0,3.0,0.0,212.69673070712437,0.623384970207622,0.37661502979237804,1.410237781644422,0.5055770671215861,-1455.33106018632
345,-215.83870803023697,0.9442299029008246,0.16148718527119207,4.0,23.0,0.0,217.96535754619094,0.0381627556810963,0.9618372443189037,0.9848229773011208,0.8827548089292332,-1466.6218666259556
346,-213.59260800311003,0.984414485777609,0.16686800712275793,3.0,7.0,0.0,213.65355089689103,0.9525266620642805,0.047473337935719506,1.0759213226572693,-0.06993362836227718,-1453.0537253855814
347,-212.75425215350097,0.9985616209931282,0.18267628987911633,3.0,7.0,0.0,213.1621327474904,0.8805808285339259,0.11941917146607406,1.1215082449799085,0.20214527537095373,-1452.9747077400498
348,-213.3687781997321,0.9425357047806419,0.12831397245528595,4.0,31.0,0.0,214.87369348817282,0.27415126511391413,0.7258487348860858,1.4500986696839764,1.05218110299054,-1459.9751841275042
349,-213.45770661939156,0.9982254048674125,0.16148718527119207,4.0,15.0,0.0,215.77623132195592,0.10977156278785241,0.8902284372121476,0.8351560703590194,1.1570936783293218,-1456.6903830714373
350,-214.2412011115573,0.9971398218814632,0.16686800712275793,3.0,7.0,0.0,214.45421911551728,0.9751758075069206,0.024824192493079433,1.077979170660724,-0.23130552750518732,-1453.171935888826
351,-212.7901340249293,0.9866707504078193,0.18267628987911633,2.0,3.0,0.0,212.85593453583758,0.8911431162164087,0.10885688378359126,1.1643198290943904,0.18695405501916715,-1452.5858414126137
352,-212.69779431848556,0.9595688257675201,0.12831397245528595,4.0,27.0,0.0,215.11095219266943,0.16320777297742786,0.8367922270225722,0.7340456504014102,1.0691709512028984,-1454.0592757695692
353,-213.24761062312814,0.9109024010577628,0.16148718527119207,2.0,3.0,0.0,213.77586153115925,0.11058997615147806,0.889410023848522,0.817727611693794,1.0096545277430322,-1455.5847694942674
354,-214.48007182878393,0.9746084653946068,0.16686800712275793,2.0,3.0,0.0,214.5590741521057,0.977428905272133,0.022571094727867003,1.1185580314591699,-0.2294224306561318,-1454.1044603617195
355,-214.37436655104142,0.9925306572446998,0.18267628987911633,4.0,31.0,0.0,214.92705876695405,0.030771804955711572,0.9692281950442885,1.3525154456539277,1.024184909475148,-1454.0974990223697
356,-213.96930964412041,0.8267514270715068,0.12831397245528595,2.0,3.0,0.0,215.25906455383702,0.1708767441126037,0.8291232558873963,0.7002120558817228,0.9486886584577514,-1463.348010529223
357,-213.74388229442286,0.8412569857052402,0.16148718527119207,2.0,3.0,0.0,213.99220195794916,0.11815115206886156,0.8818488479311384,0.8013071505127272,1.1977012221392507,-1459.0753045825195
358,-214.53790768646957,0.9792821165722125,0.16686800712275793,4.0,31.0,0.0,217.08969472492333,0.0451836642650436,0.9548163357349564,1.3824768973840356,0.935434143980171,-1457.8566544911403
359,-212.37815356156847,0.9698079874889092,0.18267628987911633,4.0,31.0,0.0,214.81159911932093,0.6857102064751369,0.3142897935248631,1.3160987570790406,0.38114357361334555,-1454.833637447394
360,-212.478922179667,0.9984043781923656,0.12831397245528595,3.0,15.0,0.0,214.90115531042198,0.17223196044359634,0.8277680395564037,0.32901726905722006,1.2230036910929936,-1452.9115385911196
361,-213.39174785725723,1.0,0.16148718527119207,1.0,1.0,0.0,213.75594111166885,0.12094126257313488,0.8790587374268651,0.810542863408449,1.1685071856391058,-1456.8289780538053
362,-213.9978510085308,0.8923451420688545,0.16686800712275793,2.0,3.0,0.0,215.31200618364014,0.04487274382926368,0.9551272561707363,1.3119808091437335,1.019263266916696,-1454.1031521372283
363,-214.41227175795788,0.5321635848308287,0.18267628987911633,1.0,3.0,0.0,215.09214350092716,0.8041103380922898,0.19588966190771018,1.4038609186976578,0.4535421532650814,-1466.4610697213543
364,-212.9787183639307,0.8787705910616185,0.12831397245528595,3.0,15.0,0.0,216.06833278676677,0.33774321922246137,0.6622567807775386,0.6674594782970501,1.06413342231909,-1459.4975571793696
365,-212.4655481011146,0.9139161283575049,0.16148718527119207,3.0,15.0,0.0,214.28350222286954,0.3017284638008641,0.6982715361991358,0.9634906154207912,1.0127561937793288,-1455.2148359880305
366,-214.27791933783934,0.9112749662221896,0.16686800712275793,3.0,13.0,0.0,215.88886359901394,0.029360049850589338,0.9706399501494106,0.764697889581661,1.0375705216450628,-1454.1676923281375
367,-212.283392050636,0.9751996987558776,0.18267628987911633,1.0,3.0,0.0,214.1178561497145,0.7422186656722005,0.2577813343277995,1.2358137706729642,0.37616570727170484,-1453.5370846487485
368,-212.6723420285323,0.988044803414886,0.12831397245528595,2.0,7.0,0.0,213.41102512434944,0.3569982114636942,0.6430017885363057,0.8026187508103437,1.0440543406685652,-1457.425349036804
369,-213.45218565430903,0.9266436957838718,0.16148718527119207,4.0,27.0,0.0,215.4899588181823,0.6383640246274428,0.3616359753725572,1.3187207218675445,0.2542698832075984,-1462.7915230512408
370,-214.75076655538618,0.779684519103725,0.16686800712275793,3.0,15.0,0.0,215.99483532592552,0.017698274700705185,0.9823017252992948,0.5207790200864829,1.0271856410098055,-1454.3092784257908
371,-212.4906852577412,0.9575155993134132,0.18267628987911633,2.0,7.0,0.0,213.39219600793845,0.8009453322632849,0.1990546677367151,1.1293123781574907,0.43194445190635244,-1453.887733030162
372,-212.56022452311169,0.9973321805945877,0.12831397245528595,3.0,15.0,0.0,214.0893791292087,0.214317753788412,0.785682246211588,0.624732254626118,1.0866986852035032,-1454.6511713283708
373,-212.23571124204074,0.6175389552744869,0.16148718527119207,2.0,7.0,0.0,216.29635463245833,0.5653172885496445,0.43468271145035553,1.311645769509322,0.5755596412555537,-1454.6057055531503
374,-215.6750787275668,0.9539857442497895,0.16686800712275793,4.0,15.0,0.0,216.46963136294542,0.00731483824859781,0.9926851617514022,0.9236401148663937,1.0430854012209938,-1454.13252856538
375,-213.23303481429758,0.8204522570456394,0.18267628987911633,2.0,7.0,0.0,214.2499849770232,0.8509088340705182,0.1490911659294818,1.2459854051534507,0.5534315779526482,-1457.094553882955
376,-213.18673973631397,0.985612708840021,0.12831397245528595,5.0,31.0,0.0,213.44364454174934,0.8299217118356886,0.17007828816431136,1.318905799941253,0.10863809105550391,-1457.6047855837564
377,-212.8454993609696,0.8955278234072928,0.16148718527119207,2.0,5.0,0.0,213.1718022958905,0.7277757710883581,0.2722242289116419,1.336422387071558,0.6330022216744111,-1457.2135528458966
378,-218.07745724783445,0.5885946932036105,0.16686800712275793,3.0,11.0,0.0,219.85337423282428,0.002783750756077638,0.9972162492439224,1.2199929096762463,0.9050256131406158,-1463.769105662802
379,-212.54950695590995,0.8887085361691576,0.18267628987911633,2.0,7.0,0.0,214.1143253065964,0.6967238316031643,0.3032761683968357,1.081361756292173,0.7112273210242712,-1456.055554578103
380,-212.0243910505441,0.7209988820956882,0.12831397245528595,4.0,31.0,0.0,215.05972009553437,0.6331849872908166,0.3668150127091834,1.230120592370518,0.7048128404670986,-1452.7925047398078
381,-212.152595565147,0.9985329867311558,0.16148718527119207,2.0,3.0,0.0,213.01192135377806,0.7368312179053866,0.26316878209461336,1.1994668601419003,0.5706831455849184,-1452.643527882892
382,-216.9143210044318,1.0,0.16686800712275793,2.0,7.0,0.0,218.2013184088462,0.005941622972609786,0.9940583770273902,1.2613668189008727,1.1562845401506074,-1460.4140219858857
383,-214.32484568394887,0.9629963749214715,0.18267628987911633,4.0,23.0,0.0,215.0084729587674,0.9640174450031721,0.0359825549968279,0.9907415306416387,1.3841173032201353,-1454.7823113847994
384,-212.16387303089883,0.9970707175677427,0.12831397245528595,4.0,23.0,0.0,212.5673387386307,0.5439883326198072,0.45601166738019283,0.9867556317203575,1.0952315795472307,-1454.0697504423808
385,-212.739565201192,0.9962890637043555,0.16148718527119207,4.0,31.0,0.0,213.39486187106914,0.8765485563056271,0.12345144369437289,1.1726359775872197,0.06960649289287127,-1453.000763727293
386,-217.33457406960224,0.9263287862996817,0.16686800712275793,2.0,7.0,0.0,219.31252484711746,0.0017492270246762971,0.9982507729753237,1.3116298579445977,1.0006851875439162,-1455.077369158739
387,-212.88599019692052,0.9780716827854677,0.18267628987911633,4.0,31.0,0.0,214.95587470201934,0.6268608261260434,0.37313917387395656,1.1794834756409969,0.5019077433067742,-1459.1097369016272
388,-212.33729083827836,0.9534315922427475,0.12831397245528595,3.0,15.0,0.0,213.05988225683657,0.34905469358420355,0.6509453064157964,0.8649929200317451,1.069146956250259,-1454.9046716683977
389,-212.7898559324434,0.9190774281907738,0.16148718527119207,4.0,15.0,0.0,213.5510859966191,0.5278581710168142,0.4721418289831858,1.000457489266314,1.2973090201476714,-1457.9851033705306
390,-216.19904726990626,0.9952515778190627,0.16686800712275793,4.0,15.0,0.0,218.2596100681199,0.3263449586555152,0.6736550413444848,1.812513518697996,0.4734116757947388,-1479.9557901704256
391,-213.44596346436396,0.9965547173027735,0.18267628987911633,4.0,15.0,0.0,213.86589258343986,0.700830727955259,0.299169272044741,1.1924527523576824,0.2378615975557637,-1462.364288107779
392,-213.52464899356292,0.8845982456821658,0.12831397245528595,2.0,7.0,0.0,214.26825149876032,0.41469119719924646,0.5853088028007536,0.734138229919467,1.0172840564114174,-1463.8368164316742
393,-213.23803831708602,0.9910132965966842,0.16148718527119207,3.0,15.0,0.0,213.8781292281495,0.8730150431380227,0.1269849568619773,1.0385791580353878,1.4962025680717772,-1454.938292012113
394,-214.91246412716353,0.998067732864685,0.16686800712275793,3.0,7.0,0.0,217.09062867933665,0.020828671884998113,0.9791713281150018,1.1415921715885704,1.0963937621030595,-1455.5111944347623
395,-213.37865399769643,1.0,0.18267628987911633,3.0,7.0,0.0,213.92683552415494,0.9263185535428934,0.07368144645710661,1.0435197496582576,0.4992811804899637,-1454.2678610419266
396,-212.49331460509143,0.9922322320119695,0.12831397245528595,2.0,3.0,0.0,213.7346424748866,0.37345405445334656,0.6265459455466534,0.8717414293279802,1.038882807803175,-1456.230244206295
397,-212.53256887979614,0.9978880348289206,0.16148718527119207,3.0,13.0,0.0,214.218660924439,0.562542386811619,0.43745761318838094,1.3996684267291628,0.48730460099218076,-1456.5412149524336
398,-219.3462431559977,0.9625534762619145,0.16686800712275793,5.0,31.0,0.0,223.3936358452616,0.00035884589201163426,0.9996411541079884,1.8781054548024179,1.1101364990072289,-1456.2812683927523
399,-212.39872034470528,0.9350314287429459,0.18267628987911633,3.0,7.0,0.0,213.762666426136,0.7837228497316707,0.21627715026832928,1.26836658164063,0.36989653587175575,-1453.4305928691756
400,-215.16525673909155,0.8209000618717731,0.12831397245528595,2.0,3.0,0.0,215.68364927781224,0.4398131006161013,0.5601868993838988,1.3175177714274096,1.1877556430733653,-1473.9149241786263
401,-212.36329209942215,0.844337109842308,0.16148718527119207,2.0,3.0,0.0,213.29179901363514,0.5760628244048555,0.42393717559514454,1.3300135493151803,0.5202489304521116,-1455.4546024342778
402,-218.8493401264986,1.0,0.16686800712275793,2.0,3.0,0.0,219.34372141076378,0.0005143606232444367,0.9994856393767556,1.9279045855169799,0.9942307844880167,-1455.3816680243801
403,-213.64496213986052,0.9260512873441337,0.18267628987911633,4.0,27.0,0.0,214.27265133959645,0.09273439940559552,0.9072656005944044,0.6919005219669312,1.176359202728275,-1457.0998482815205
404,-214.84802693240215,0.9593771691390611,0.12831397245528595,4.0,15.0,0.0,218.9082542119669,0.026966571711388016,0.973033428288612,-1.108053039030865,1.0623109279182197,-1456.9353689197064
405,-212.25612868672204,0.9861644718045933,0.16148718527119207,4.0,15.0,0.0,212.60367464761916,0.4757554918168818,0.5242445081831182,1.1423692566705799,1.0215815976503337,-1454.592974954194
406,-212.8133904089987,0.7110076359849539,0.16686800712275793,5.0,31.0,0.0,220.64105475475066,0.6076069793630735,0.3923930206369265,0.6301278772700862,1.4985739611133937,-1457.877081415461
407,-213.30686086913678,0.9039164754897911,0.18267628987911633,2.0,3.0,0.0,214.56967008438744,0.09739816916572014,0.9026018308342798,0.8004310280731965,1.1266044928566925,-1455.026764636902
408,-214.58864157841617,0.9961322140582959,0.12831397245528595,2.0,7.0,0.0,215.48987625023102,0.030063873620832286,0.9699361263791677,-0.9778795932827146,1.0927661258599446,-1456.0504172272947
409,-212.4020776628894,0.9839639953964755,0.16148718527119207,3.0,11.0,0.0,213.14011286287283,0.516200664274435,0.483799335725565,1.0799515241661743,1.1179261776332083,-1455.5519462390657
410,-213.1006485010172,0.8112688070111043,0.16686800712275793,2.0,3.0,0.0,214.2546227609969,0.44924610853116625,0.5507538914688337,0.7119165782469765,1.5238608564875864,-1459.9566666690687
411,-212.48289635574142,0.9828376632706366,0.18267628987911633,3.0,15.0,0.0,215.15451848104905,0.2667076762961366,0.7332923237038633,1.0605339427774172,0.992448308971356,-1454.6860354673954
412,-213.04769919998031,0.9949757607616802,0.12831397245528595,5.0,31.0,0.0,214.537968514318,0.8919397955158022,0.10806020448419784,1.0575149620978617,0.4531744420892241,-1454.3782257280923
413,-213.55810391089724,0.9405422440414853,0.16148718527119207,3.0,15.0,0.0,214.96842495298864,0.9228012506027272,0.07719874939727278,1.0967603770628942,0.9928197015841885,-1455.0690428979253
414,-212.9399428110552,0.971460208316515,0.16686800712275793,4.0,31.0,0.0,213.9841319606684,0.7969401162726641,0.20305988372733585,0.876225510226175,1.3345242013883774,-1456.1556553711446
415,-212.52031285027266,0.9677201672598652,0.18267628987911633,4.0,23.0,0.0,213.92927418980716,0.6843838704577966,0.3156161295422034,1.3822244433269475,0.49997992116219414,-1455.5868738884087
416,-212.94650270651823,0.907928483564531,0.12831397245528595,4.0,19.0,0.0,214.5604099790262,0.7977531536640892,0.20224684633591083,0.9539320986977982,1.04909227000007,-1456.644971235037
417,-212.43945919420585,0.9936709183649239,0.16148718527119207,4.0,15.0,0.0,213.57994301846523,0.3534491443962176,0.6465508556037824,1.5747361950470904,0.7618440159054776,-1454.6407368667965
418,-212.9803758688175,0.988156722151409,0.16686800712275793,2.0,7.0,0.0,213.84658255115738,0.806904878317617,0.19309512168238296,1.090323932186707,1.186241225377914,-1456.1324124245746
419,-212.9237969234845,0.717395513458779,0.18267628987911633,2.0,7.0,0.0,215.92092592761614,0.6255766770739625,0.3744233229260375,1.118483305582651,0.6052317877766376,-1459.4027254136788
420,-212.64211486362967,1.0,0.12831397245528595,3.0,7.0,0.0,212.90508608006093,0.7905631847711763,0.20943681522882374,1.008390030124831,1.0253433895168802,-1454.6713692220683
421,-212.69768961465965,0.5328730870704089,0.16148718527119207,2.0,3.0,0.0,215.78268793938122,0.29896500218597166,0.7010349978140283,1.508215621038039,0.7504597736815238,-1456.018905184176
422,-213.2815500050528,0.9996038631140612,0.16686800712275793,3.0,7.0,0.0,213.33996165438052,0.8754120352591269,0.12458796474087308,0.9627976458240315,1.1031621486629049,-1456.139290229801
423,-214.76132042514095,0.9861870017331004,0.18267628987911633,4.0,15.0,0.0,214.95013495901247,0.034013590293019424,0.9659864097069806,1.8215265398415612,1.0861413433721918,-1456.04091807041
424,-212.7486140320137,0.9983626500601454,0.12831397245528595,3.0,7.0,0.0,212.7652878053484,0.8122013399426824,0.1877986600573176,1.0948487309336887,1.0138877979557195,-1454.7034201655676
425,-213.1708210438091,0.9094229907970055,0.16148718527119207,4.0,27.0,0.0,215.50777471251791,0.08217494725226109,0.917825052747739,-0.001055070347575078,1.1803265942046839,-1453.474750646592
426,-212.16409418030878,0.9951686489685189,0.16686800712275793,4.0,15.0,0.0,213.65635932512077,0.6486653910883273,0.3513346089116727,1.2822912899389731,0.510325155836675,-1453.7174242176625
427,-216.53042898333428,0.9866327748577554,0.18267628987911633,4.0,15.0,0.0,218.08877495875254,0.061820180649294836,0.9381798193507052,3.0354427328085776,0.9542085420058255,-1467.328359826217
428,-215.41915853505355,0.9977445381225669,0.12831397245528595,4.0,31.0,0.0,216.10545662573276,0.009342810821057163,0.9906571891789429,0.5356304575310035,1.0167407228356173,-1454.5766737270162
429,-213.8056328286116,0.9651609731669507,0.16148718527119207,4.0,31.0,0.0,215.6463622812114,0.9567888250020701,0.043211174997929924,1.0482751515300583,0.4165916571908391,-1453.811359879134
430,-212.74270192315672,0.8107821564530248,0.16686800712275793,1.0,3.0,0.0,213.31247655839167,0.7321301794094889,0.2678698205905111,1.331115837456096,0.6038852199933638,-1456.4765931887623
431,-214.95454576605576,0.9950868350072201,0.18267628987911633,4.0,15.0,0.0,217.09475904313075,0.03654363983206239,0.9634563601679376,2.4538262105964863,0.9760591213629679,-1455.7149632198013
432,-215.66911032806965,0.9827532800624929,0.12831397245528595,5.0,47.0,0.0,216.66280955381734,0.9431686490456779,0.056831350954322124,1.0731021733539103,-1.267538098194455,-1467.194496263077
433,-212.23674322189026,0.8271661993630595,0.16148718527119207,4.0,15.0,0.0,215.1334219996337,0.41017478707871774,0.5898252129212822,1.1814998882619792,0.8763432596338407,-1454.4082031177313
434,-214.42116105361873,0.8271736867632165,0.16686800712275793,4.0,15.0,0.0,217.08428727492966,0.9790405118307245,0.02095948816927551,1.0774536913391393,-0.2019038134258409,-1453.2853727617755
435,-217.03646990219707,0.8359790845240931,0.18267628987911633,4.0,15.0,0.0,217.6432633364136,0.03401159054321054,0.9659884094567894,2.993945697446547,1.1271675843828406,-1466.8033617225676
436,-213.9779009039286,0.9779983963972746,0.12831397245528595,5.0,63.0,0.0,218.1378472220273,0.956851734532508,0.04314826546749195,1.0165008779780036,0.46638906327791396,-1455.0104182407024
437,-212.2976670549469,0.9998851318185985,0.16148718527119207,4.0,15.0,0.0,212.45708496563788,0.7481127908191288,0.25188720918087115,1.182826073735168,0.7299625679562034,-1453.3033004051028
438,-214.32590419190603,0.9345286453577129,0.16686800712275793,3.0,9.0,0.0,215.42867436677082,0.9509448110080346,0.04905518899196537,1.1920700774537032,-0.6469117838440246,-1457.7495019067562
439,-218.20393023419618,0.8262038104906649,0.18267628987911633,3.0,7.0,0.0,220.41605696270963,0.03553491075353053,0.9644650892464695,2.6576384091429452,1.2083824143621973,-1476.6370337717494
440,-213.71205467360855,0.997997111382375,0.12831397245528595,3.0,15.0,0.0,214.88783086743484,0.953578999935614,0.04642100006438599,1.099663329316589,0.38687114653260357,-1453.5620023667502
441,-212.02422052763683,0.976632944564117,0.16148718527119207,4.0,15.0,0.0,212.62913934489941,0.5471987937455992,0.4528012062544008,1.253526506191406,0.8144088258092325,-1453.0439157040041
442,-213.44317682173872,0.9613468830047833,0.16686800712275793,4.0,15.0,0.0,215.5832652953485,0.1674418223334454,0.8325581776665546,1.1471036855099377,1.1371268217319,-1458.5496783307217
443,-214.1249626660506,1.0,0.18267628987911633,3.0,11.0,0.0,218.19912237590083,0.056272669394487225,0.9437273306055127,2.0195902588532113,0.9613509661409645,-1454.525486080343
444,-212.88335256604455,0.9932326692842,0.12831397245528595,4.0,23.0,0.0,214.23708753511448,0.8784129893668517,0.12158701063314825,1.0732949418406943,0.6511975029679467,-1453.734241981511
445,-212.37167655987034,0.9454549360152352,0.16148718527119207,3.0,11.0,0.0,212.56914205212192,0.6170064420541327,0.3829935579458673,1.162363341380795,0.6580572811991517,-1455.5058129359795
446,-213.61843336339066,0.9865955631804753,0.16686800712275793,4.0,31.0,0.0,213.9857462937336,0.6802650596987508,0.31973494030124916,0.8519617001414445,1.7993340156744857,-1461.6635228488526
447,-215.23358217155481,0.8259890895773435,0.18267628987911633,2.0,7.0,0.0,216.52356021484223,0.18646835656700922,0.8135316434329908,2.0041823458753725,1.0463999848718442,-1469.340028806254
448,-213.5580154514796,0.9959372873761327,0.12831397245528595,4.0,23.0,0.0,214.2882559542796,0.39035354782210835,0.6096464521778917,1.69851025815884,0.5910368137783698,-1462.4971977173627
449,-212.19861220667767,0.9815298418235133,0.16148718527119207,2.0,3.0,0.0,212.68233652873587,0.6921569607487629,0.3078430392512371,1.1557327788575757,0.667553131117885,-1453.5978122864708
450,-214.18780410722573,0.8820924298618362,0.16686800712275793,4.0,23.0,0.0,215.03702039864461,0.05842583549692594,0.9415741645030741,1.6135020574957286,0.9289851915550992,-1456.5299353559192
451,-213.3832690445368,0.9875546008693914,0.18267628987911633,2.0,3.0,0.0,215.3128045261559,0.10997377924129823,0.8900262207587017,1.8494002771705456,0.9312240700564564,-1454.2435676219482
452,-213.90552944996656,0.9597028035762409,0.12831397245528595,4.0,25.0,0.0,215.11024468259347,0.17302729349321389,0.8269727065067861,1.4458449226678947,1.1110719513413907,-1461.3053828242334
453,-212.2124783791132,0.9920927143526795,0.16148718527119207,4.0,15.0,0.0,212.54447747731922,0.34157463091394746,0.6584253690860525,1.4247086693495326,0.8240888314939879,-1453.2657860875054
454,-212.60251205217133,0.9863489558972823,0.16686800712275793,3.0,11.0,0.0,214.5373196732033,0.2471771351207692,0.7528228648792308,1.6243561643097049,0.8399885834538172,-1454.1026738632709
455,-213.10256591726355,0.9994102382146918,0.18267628987911633,2.0,7.0,0.0,213.5589077601753,0.18579305714860292,0.814206942851397,1.810135373215689,0.9264151936668048,-1455.443652380551
456,-212.4940099236372,0.9342826721683636,0.12831397245528595,3.0,11.0,0.0,215.46941611249312,0.3373618522692933,0.6626381477307066,1.1649274936267224,1.0610681805644242,-1455.364008204419
457,-215.93696866813013,0.7678877401013201,0.16148718527119207,4.0,15.0,0.0,216.66493673752072,0.03244842561226297,0.967551574387737,0.8485235229377479,0.8893089285093603,-1466.426789611063
458,-212.51406503208042,0.9190210337409904,0.16686800712275793,4.0,15.0,0.0,215.03734427993393,0.6796042860147721,0.3203957139852279,0.8629279554812538,1.2241923939678783,-1455.52766150258
459,-213.02699397904274,1.0,0.18267628987911633,2.0,3.0,0.0,213.1135984977275,0.18967717448880037,0.8103228255111996,1.8080608416682176,0.8958147747978875,-1455.0861393421333
460,-212.57297863140582,0.9985174563727826,0.12831397245528595,4.0,31.0,0.0,213.2376959604653,0.8164222438851522,0.18357775611484783,1.260569020911957,0.2372964048611526,-1453.870902283006
461,-213.58408207944908,0.961387593242157,0.16148718527119207,4.0,19.0,0.0,216.61662857017336,0.1442286484743249,0.8557713515256751,-0.022910147933814615,1.078333636107784,-1459.9303057806917
462,-213.02014722356378,0.8440132918492584,0.16686800712275793,3.0,11.0,0.0,214.76482758478625,0.8238652252509389,0.17613477474906114,0.852422739235444,1.6884492329731928,-1455.0682741652233
463,-213.34065300415455,0.9492535107245978,0.18267628987911633,4.0,15.0,0.0,213.47041689057886,0.1353970195847233,0.8646029804152767,1.7830180439023189,0.8719412108882573,-1455.4861066020267
464,-212.75610310304808,0.9773209844171924,0.12831397245528595,4.0,15.0,0.0,214.52631348698057,0.7887792893566477,0.21122071064335235,1.0473298028711435,1.2551168308804048,-1454.9801866993557
465,-213.67429181517574,0.982634396983966,0.16148718527119207,2.0,7.0,0.0,213.81549054792546,0.12941896978809905,0.8705810302119009,0.04611236982016185,1.3118388120609994,-1459.4402527023472
466,-212.98434592631057,0.9806192623225903,0.16686800712275793,3.0,7.0,0.0,213.41994863340926,0.7531096288661454,0.2468903711338546,0.808615422957737,1.7765424418889733,-1456.3326552333926
467,-212.6746578552745,0.9680714502387856,0.18267628987911633,3.0,15.0,0.0,215.15974220539943,0.21916654340366862,0.7808334565963314,1.1983930519495054,1.0499742739714988,-1454.7181178907479
468,-213.40416133834995,0.9761121142578059,0.12831397245528595,4.0,15.0,0.0,214.5863718918206,0.8933370459588227,0.10666295404117732,0.9601718480024279,1.1708702123639734,-1455.9246480807885
469,-213.46780119117216,1.0,0.16148718527119207,2.0,3.0,0.0,213.79192727051085,0.14708284558217982,0.8529171544178202,-0.06770569779849253,1.1030921204113588,-1459.1892136997117
470,-215.1703085006121,0.831575120663423,0.16686800712275793,3.0,7.0,0.0,216.0148775743807,0.5577519741318157,0.44224802586818435,0.5738077738281657,1.841424884288963,-1473.4626810989416
471,-212.33095982066635,0.9840930822193585,0.18267628987911633,4.0,15.0,0.0,215.32826876143432,0.4074807759874216,0.5925192240125784,1.2028379208251794,1.0096489303581726,-1454.7839693515295
472,-212.88073942792425,0.9996892860011917,0.12831397245528595,4.0,23.0,0.0,213.81741880444946,0.8277194575841091,0.17228054241589086,0.9140656053159931,1.379200795747252,-1454.7098037323005
473,-215.31169315586828,0.9953156361621619,0.16148718527119207,4.0,31.0,0.0,217.21294151519567,0.01391958885622444,0.9860804111437755,-1.192939191320895,1.0466796123546374,-1455.5219750752838
474,-212.8096673452528,0.9933888194462225,0.16686800712275793,4.0,27.0,0.0,215.83328335789034,0.46498400903893156,0.5350159909610684,0.6210626382848491,1.199419555442101,-1458.8517087866182
475,-212.5353827555721,0.9990086080436189,0.18267628987911633,4.0,15.0,0.0,212.858429466815,0.8446346252491593,0.15536537475084067,1.1620789387407315,0.498128445610475,-1452.7336503589163
476,-212.4792651456608,0.9544244765818292,0.12831397245528595,5.0,31.0,0.0,213.34031015229226,0.3769710428909306,0.6230289571090695,0.7797179151608689,1.0850165451473481,-1456.2056769905596
477,-215.1838779407552,0.9882678798511861,0.16148718527119207,3.0,7.0,0.0,215.42242655574967,0.014450216413944781,0.9855497835860553,-1.110561967714322,1.068701246610054,-1455.0174000308393
478,-212.11026315675204,0.9457078078928381,0.16686800712275793,2.0,7.0,0.0,213.3518744506434,0.33486327305429786,0.6651367269457021,0.6348394011867542,1.2918589408589787,-1453.042713338658
479,-212.51567658088936,0.9258981063964683,0.18267628987911633,2.0,3.0,0.0,212.92848643855885,0.828822452445598,0.17117754755440195,1.2044745075948886,0.4761705638659737,-1453.0683319840607
480,-213.4812317258766,0.8605771287766578,0.12831397245528595,3.0,13.0,0.0,216.4219332664189,0.4774280222829237,0.5225719777170763,1.4436238810062685,0.46386859059564206,-1463.1005214452698
481,-214.15069844110252,0.8847854350618939,0.16148718527119207,3.0,15.0,0.0,216.42322271815428,0.11998339608986298,0.880016603910137,-0.354572324609285,1.084465326988307,-1462.6464359541667
482,-213.19987844721723,0.9560454231580381,0.16686800712275793,4.0,23.0,0.0,213.88100792389466,0.1043931737720522,0.8956068262279477,0.01364047916605049,1.2328717369225306,-1455.0496675411755
483,-212.19220276732636,0.9978971496158453,0.18267628987911633,3.0,15.0,0.0,212.90530238597646,0.7451802132975466,0.2548197867024534,1.1753654712142296,0.6116948102045572,-1452.7798083035432
484,-212.69872550505272,0.9567266729164816,0.12831397245528595,5.0,39.0,0.0,216.14395576309107,0.2410218351035231,0.7589781648964768,1.4438925691766635,0.99246346281154,-1454.8861987360267
485,-213.42486119386322,0.9726467031257575,0.16148718527119207,4.0,31.0,0.0,215.1730268530293,0.11035852253706933,0.8896414774629307,0.38745384398911553,1.0206119323680236,-1457.2250478791077
486,-212.84828993697585,0.9995732336914502,0.16686800712275793,4.0,15.0,0.0,213.3117055695966,0.25168950663295486,0.7483104933670451,0.24461507438667723,1.1865944202074763,-1457.5039887611663
487,-212.17438656674963,0.9497084701239271,0.18267628987911633,4.0,15.0,0.0,212.5569826216644,0.48683547112974496,0.5131645288702551,1.229926548160615,0.7682044722758682,-1454.2520133704286
488,-212.21461838189057,0.9297030267197158,0.12831397245528595,4.0,23.0,0.0,214.2506448575036,0.3851195661613286,0.6148804338386714,1.3149506093258543,0.8046847084565102,-1453.92369717655
489,-212.84636935066294,1.0,0.16148718527119207,2.0,3.0,0.0,213.42931054297733,0.11554750215500635,0.8844524978449937,0.4398668001379261,1.161721179936561,-1453.202607142864
490,-212.27926401980636,0.9711223152858667,0.16686800712275793,4.0,23.0,0.0,213.85001630766612,0.645144314382018,0.354855685617982,1.2428971261482311,0.825821236931852,-1454.2661768160463
491,-213.69479113178235,0.8299169522640187,0.18267628987911633,3.0,15.0,0.0,214.74409262679654,0.7825667793805222,0.21743322061947779,1.402038347389722,0.36837650075551776,-1462.102908246175
492,-212.21272324446986,0.9988000913776666,0.12831397245528595,2.0,7.0,0.0,212.26401446393467,0.3943281418244278,0.6056718581755722,1.2930440539781396,0.8082896632924025,-1454.0139098964746
493,-212.62751297394138,0.9968342708726919,0.16148718527119207,3.0,15.0,0.0,213.93746793341293,0.25303382870216234,0.7469661712978377,1.172852890206789,1.0628809367312462,-1455.1074798887585
494,-212.08263225223513,0.9989132124247178,0.16686800712275793,3.0,15.0,0.0,212.332813235247,0.6596963514578735,0.34030364854212647,1.193070253203175,0.7490833607588423,-1452.981886280961
495,-212.7500355016531,0.9863318017397502,0.18267628987911633,4.0,23.0,0.0,215.0068203745093,0.4087484456107366,0.5912515543892634,0.646560759230167,1.1378142665132902,-1458.3361691010637
496,-213.4932905265976,0.9678654339184989,0.12831397245528595,4.0,31.0,0.0,215.02536381013763,0.8988823694155705,0.10111763058442946,1.2549117729426507,0.07840014738028328,-1456.8289950753242
497,-212.7659820123019,0.9642325248185694,0.16148718527119207,2.0,7.0,0.0,213.85351055463977,0.25571514826455627,0.7442848517354437,1.3857152210954653,0.8238323732754653,-1456.0311370314155
498,-212.14058585859215,0.9996901408275972,0.16686800712275793,4.0,15.0,0.0,212.1922154637994,0.37525701073428663,0.6247429892657134,1.2963731296224863,0.8982391594269717,-1453.2473364845766
499,-212.0677198717009,0.9612144010817685,0.18267628987911633,2.0,7.0,0.0,213.4529632683202,0.3890642801736557,0.6109357198263443,0.8016415409104756,1.2235760443637478,-1453.1394028645025
500,-212.61697591840104,0.818711969767831,0.12831397245528595,3.0,11.0,0.0,214.95358910040258,0.6144109276777462,0.3855890723222538,1.2891437740582994,0.4386111212687283,-1457.1572498684675
501,-213.17746531718223,0.9924722046617583,0.16148718527119207,4.0,15.0,0.0,213.9527035725982,0.1303151892109351,0.8696848107890649,1.7567778274448225,0.9137248547600828,-1454.1508487328483
502,-214.6901896264,0.8298328684346602,0.16686800712275793,4.0,15.0,0.0,216.39484543992768,0.05936438907670779,0.9406356109232922,2.434676065408961,0.9515534330197921,-1457.1964453040978
503,-212.37488479844274,0.9598908500935124,0.18267628987911633,2.0,7.0,0.0,212.9927314449888,0.33034932247506327,0.6696506775249367,0.9939536852778407,1.1245244362019935,-1454.667702242516
504,-212.17307320207118,0.9973732488292745,0.12831397245528595,4.0,23.0,0.0,213.02579161953514,0.5121050113769012,0.48789498862309877,1.1890707189898453,0.7927608183750958,-1454.2959198563267
505,-212.95195976141872,0.9911793048274286,0.16148718527119207,3.0,15.0,0.0,214.36176302863691,0.1345142510926359,0.8654857489073641,1.181843262393942,1.0270854796933089,-1454.0476227971146
506,-215.61238481312924,0.6529524113416217,0.16686800712275793,3.0,15.0,0.0,217.73384743641333,0.012758422261538603,0.9872415777384614,2.029884857606876,0.9933245685740443,-1454.7704286629144
507,-212.26658785887238,0.9845819632861196,0.18267628987911633,4.0,15.0,0.0,212.67322871862368,0.43525900611883944,0.5647409938811605,0.6654366748615369,1.2169492369766406,-1454.9315484937765
508,-212.9554391824901,0.9276800465994508,0.12831397245528595,3.0,13.0,0.0,213.4658653103803,0.21195982327785876,0.7880401767221412,1.597741674303664,0.8128956491491534,-1455.9073578005043
509,-214.24544274919413,0.7716025857561207,0.16148718527119207,3.0,11.0,0.0,215.65635041718897,0.14840898332898272,0.8515910166710172,1.843533527301231,0.7703840230832502,-1462.219801309034
510,-215.04444181096167,0.9972717980928164,0.16686800712275793,2.0,7.0,0.0,215.77761645805768,0.023964202703948966,0.976035797296051,2.0294646787281883,1.0672156919271303,-1454.992805083653
511,-212.46853785628775,0.9967610090313216,0.18267628987911633,3.0,11.0,0.0,213.24990601067154,0.7437724724077882,0.2562275275922118,0.8850894259202284,1.5525905421940753,-1453.471759242108
512,-213.77654240790793,0.9592708938006466,0.12831397245528595,4.0,15.0,0.0,215.0078942634803,0.758848984805767,0.241151015194233,1.113075800804613,1.374371618291014,-1462.2839163282715
513,-218.19547466659054,0.40821476264583456,0.16148718527119207,2.0,3.0,0.0,219.1883334828249,0.15119413627531114,0.8488058637246889,2.048497897693201,1.1878913488524736,-1488.216679533147
514,-215.0063719349022,0.9939339104121244,0.16686800712275793,2.0,3.0,0.0,215.163978401177,0.021475994397044552,0.9785240056029555,1.9990057472240175,1.0027622358380537,-1454.211301758276
515,-212.05109112854177,0.8624425741089637,0.18267628987911633,3.0,15.0,0.0,214.76752064969327,0.3422163845276032,0.6577836154723968,0.7041580781554224,1.2180420800480285,-1452.7870520672489
516,-212.4723951026377,0.9221064516721875,0.12831397245528595,2.0,3.0,0.0,214.2682089228561,0.7613740477488107,0.23862595225118932,0.9277450582678032,1.328853187237037,-1453.658255864006
517,-217.31633138025236,1.0,0.16148718527119207,1.0,1.0,0.0,219.03745653407054,0.14407473858483674,0.8559252614151632,2.0565581059962863,1.1624853736524632,-1481.8912827767513
518,-215.16388356153357,0.8149616657779092,0.16686800712275793,4.0,17.0,0.0,218.63686675226083,0.012974094155500071,0.9870259058444999,1.1286456897386028,1.0342286201474662,-1454.1729098493956
519,-212.11275244977853,0.9711245172704448,0.18267628987911633,3.0,15.0,0.0,212.35268133506554,0.2874327480095771,0.7125672519904229,0.6114244038349318,1.2040156713635841,-1452.6951907418297
520,-212.4723951026377,0.42325747281940757,0.12831397245528595,2.0,7.0,0.0,218.13059872881666,0.7613740477488107,0.23862595225118932,0.9277450582678032,1.328853187237037,-1453.658255864006
521,-213.71466132067192,1.0,0.16148718527119207,2.0,3.0,0.0,216.53430954322454,0.13285569434992267,0.8671443056500774,1.9530308823048936,0.9941336027922809,-1457.2137081181877
522,-215.26478291662812,0.787236663474145,0.16686800712275793,2.0,3.0,0.0,215.8941190307039,0.01630494820752069,0.9836950517924793,1.1005963569865669,1.111362217361474,-1456.3361561945549
523,-215.24999772467714,0.6003393470569741,0.18267628987911633,3.0,11.0,0.0,218.06001558750026,0.43592965753760055,0.5640703424623994,0.24509649965519756,1.294166038028052,-1475.705692845503
524,-212.61325099891602,0.9508285667800565,0.12831397245528595,3.0,15.0,0.0,213.05339433211478,0.7317425834326348,0.26825741656736524,0.982786320196804,1.4243551836612187,-1454.847756230902
525,-213.07166146332935,0.9613239964879814,0.16148718527119207,4.0,19.0,0.0,214.56506294397352,0.6451605558165947,0.3548394441834053,0.9061757775482169,1.6001380348620426,-1458.7425684499212
526,-215.39289493769294,0.9859931000813269,0.16686800712275793,4.0,23.0,0.0,217.66521125977098,0.5665829923223289,0.4334170076776711,1.307345899440739,0.22066954908229153,-1476.6637809883337
527,-213.15760264932632,1.0,0.18267628987911633,3.0,7.0,0.0,215.26584709526156,0.08519786608114949,0.9148021339188506,0.3838773244614502,1.150124337340702,-1453.54373519273
528,-213.05421442319042,0.9957211166985791,0.12831397245528595,4.0,15.0,0.0,213.3827928189949,0.8604667633881655,0.13953323661183448,0.9816195220830749,1.6461271185490116,-1453.9119873621694
529,-214.96956445160924,0.9718479400099905,0.16148718527119207,4.0,15.0,0.0,215.4023552845763,0.013594144458663585,0.9864058555413364,-0.006343273249806457,1.0936742584217602,-1454.1394094082657
530,-217.53507424388818,0.9566349416921783,0.16686800712275793,4.0,31.0,0.0,218.68814398113315,0.9983544447730274,0.0016455552269726281,0.9930806461302062,1.570913788906759,-1455.408792458914
531,-212.83803794821614,0.999928778771481,0.18267628987911633,3.0,11.0,0.0,213.49911137877717,0.13412376315608449,0.8658762368439155,-0.020568691435872533,1.2004310239767053,-1454.115989806337
532,-213.03694597604317,0.8428787296270638,0.12831397245528595,4.0,15.0,0.0,213.89332549340372,0.7467220372525775,0.25327796274742254,0.7762118933364903,1.454544879881183,-1457.7563086397386
533,-214.42939228258578,0.9723999086400298,0.16148718527119207,3.0,15.0,0.0,216.50106627048447,0.030271373369860955,0.969728626630139,0.4458583394406853,0.9975862228101345,-1455.822235421915
534,-217.96358539770063,0.9803287893361295,0.16686800712275793,2.0,3.0,0.0,218.03325596129866,0.998626421230266,0.0013735787697339852,0.96541894611284,1.556860202250557,-1457.207514935074
535,-212.2244189740292,0.9583871484795583,0.18267628987911633,4.0,23.0,0.0,213.69630651366026,0.5376863226867462,0.4623136773132538,1.066846435581952,1.0698770555477684,-1454.4076867648967
536,-212.78354561984406,1.0,0.12831397245528595,4.0,23.0,0.0,216.1319937874257,0.26255382353379475,0.7374461764662052,0.44890097353815844,1.3671580394013039,-1456.7271557076836
537,-212.76406431898715,0.9881190940383856,0.16148718527119207,3.0,15.0,0.0,215.2181991183563,0.2763961781265319,0.7236038218734682,0.5071864447000736,1.1114476486363514,-1457.3157565152615
538,-212.34242186278507,0.9761099480737038,0.16686800712275793,4.0,31.0,0.0,218.32407394164414,0.49848339459514773,0.5015166054048523,1.130081771066689,1.0532539478747236,-1455.1726316581319
539,-212.24235854287025,0.9877851852683253,0.18267628987911633,3.0,11.0,0.0,212.65286670960887,0.6048290385902837,0.3951709614097163,0.9947934887401156,1.058263406357246,-1454.4100545149129
540,-213.74644929987016,0.9690729953039859,0.12831397245528595,4.0,19.0,0.0,214.82548972812904,0.04820024519087299,0.951799754809127,0.0770232375290494,1.1490078459307838,-1454.0748087381517
541,-212.95000333089567,0.9897504147878943,0.16148718527119207,2.0,7.0,0.0,213.11978632667913,0.1783446033903096,0.8216553966096904,0.5954942413518601,1.2472574461890769,-1456.0909053059538
542,-212.6600297446383,0.9467625398092715,0.16686800712275793,4.0,15.0,0.0,213.52312426181982,0.18179580542920729,0.8182041945707927,0.3316466473708864,1.2717086266907613,-1454.3492028533335
543,-216.097106665611,0.9631024848713198,0.18267628987911633,3.0,15.0,0.0,218.5283308167546,0.600462155977481,0.399537844022519,1.3614943915299245,0.07324857346796793,-1481.2798742063505
544,-213.43537100078413,0.988676601068471,0.12831397245528595,3.0,15.0,0.0,214.31514729356184,0.21092657349244218,0.7890734265075579,0.004599716714040719,1.180773017732777,-1460.7688420244147
545,-212.52875346520312,0.7405721559168515,0.16148718527119207,2.0,3.0,0.0,215.15600903267355,0.22762476522381825,0.7723752347761818,0.7591849323170458,1.0696579575950327,-1454.6029556253786
546,-212.01952945673642,0.8540178121927365,0.16686800712275793,3.0,11.0,0.0,213.6824720250155,0.36502085523840794,0.634979144761592,0.6902264594217007,1.2414384810190109,-1452.738014517807
547,-213.03149035598867,1.0,0.18267628987911633,2.0,3.0,0.0,216.62018860254128,0.8412334926440808,0.15876650735591924,1.293081130150354,0.19643197432972287,-1456.1855739477558
548,-213.26156184209353,0.9936495951440816,0.12831397245528595,3.0,15.0,0.0,215.7437881912759,0.21230498026076036,0.7876950197392396,1.2000998640140343,1.1217862481734788,-1458.474821010351
549,-213.89961987258658,0.9493181194796915,0.16148718527119207,2.0,7.0,0.0,215.0829407730802,0.04296092790182838,0.9570390720981716,0.7689664700594183,1.0464895345131824,-1454.0647910425566
550,-212.70999611528686,0.9227393398816118,0.16686800712275793,4.0,15.0,0.0,213.24025695049787,0.26533382755655793,0.734666172443442,0.3924730483000235,1.1502337526739372,-1456.778282130594
551,-213.74334195044725,0.8452419120686079,0.18267628987911633,1.0,3.0,0.0,214.150005499848,0.8744459638011407,0.1255540361988593,1.3003345300747002,0.24797637477988532,-1459.7130863578386
552,-212.93649672968965,1.0,0.12831397245528595,2.0,7.0,0.0,213.3782324675429,0.17666956666234956,0.8233304333376504,1.0985243441803965,0.9621324177460995,-1455.7546334747162
553,-214.25323466687396,0.9524294091394687,0.16148718527119207,3.0,7.0,0.0,214.44004489009083,0.032615008255340194,0.9673849917446598,0.7010242943126747,1.096100722115242,-1454.6729903788748
554,-212.40012497437317,0.9975205446358348,0.16686800712275793,2.0,7.0,0.0,212.70233024696242,0.21852147726258545,0.7814785227374146,0.3630656091189289,1.2714640768486585,-1453.4893289934068
555,-213.20821300945997,0.7721244097789057,0.18267628987911633,2.0,3.0,0.0,214.90285909540012,0.7629560092697255,0.2370439907302745,1.2497312951682145,0.056422754720302976,-1459.6261123969591
556,-213.48669751252442,0.9607726012260953,0.12831397245528595,2.0,7.0,0.0,213.99527794474895,0.16544399665365947,0.8345560033463405,1.208895037994804,1.126965494761377,-1458.678110464841
557,-214.46228284226362,0.9381345740339727,0.16148718527119207,3.0,15.0,0.0,216.4540149630602,0.04305046010761686,0.9569495398923832,1.5314180714063785,1.0958274454290984,-1456.3595308935692
558,-212.89749426834027,0.9900360026466282,0.16686800712275793,4.0,15.0,0.0,213.1894600554973,0.12600934223017676,0.8739906577698232,0.2890714171751118,1.0829771529631114,-1454.3198313163477
559,-212.56899284748764,0.999135972750576,0.18267628987911633,3.0,11.0,0.0,213.64548966127236,0.7495992295310142,0.2504007704689858,1.327038458385461,0.3031159571215699,-1455.2186041465097
560,-214.0171576467507,0.9989262466524679,0.12831397245528595,4.0,15.0,0.0,215.73649698373032,0.13231705112283887,0.8676829488771611,-0.40585596410418656,1.1558543840440896,-1462.1306056112107
561,-212.32561990738046,0.9904442387013237,0.16148718527119207,4.0,15.0,0.0,215.12992287917768,0.502134761888854,0.497865238111146,1.4607598468383307,0.7310535409970496,-1454.8131539783317
562,-214.10885668114867,0.7887086331422819,0.16686800712275793,4.0,23.0,0.0,217.73437161069225,0.963778704532929,0.03622129546707098,1.0223534685414704,-0.10107944275762148,-1454.9247287372118
563,-212.73762144318945,0.9756449993735643,0.18267628987911633,2.0,7.0,0.0,212.96644113402365,0.8145861613230688,0.18541383867693118,1.093037828162788,0.4215370348266822,-1455.2970646712745
564,-213.0113993095661,0.9772629882852966,0.12831397245528595,4.0,15.0,0.0,214.64448006890126,0.09902572398090526,0.9009742760190947,0.15724295427348928,1.1922514865346854,-1453.4882223570069
565,-212.22682496917568,0.9722578361744073,0.16148718527119207,3.0,11.0,0.0,213.05448686177635,0.5538769889558044,0.4461230110441956,0.9682128786874086,1.2183790911632992,-1454.2628911084212
566,-213.35412650043486,0.9816179270603752,0.16686800712275793,3.0,11.0,0.0,214.63138971082637,0.665524588619295,0.334475411380705,1.342914614484163,0.20976283206127802,-1461.8248874909982
567,-212.56715740115297,0.9870567894770234,0.18267628987911633,3.0,15.0,0.0,214.1972280859869,0.2836726821329268,0.7163273178670733,1.6364108078721769,0.8332705972689454,-1454.442259885956
568,-214.8765949027034,0.8898702933546089,0.12831397245528595,3.0,15.0,0.0,217.333600352045,0.0667984387225762,0.9332015612774238,0.7193137271784695,1.2199303255142204,-1463.41265303009
569,-212.60711503118975,0.9610629928628505,0.16148718527119207,4.0,15.0,0.0,213.2384543936241,0.732209138582058,0.26779086141794195,1.0273125723349688,0.8629834049351941,-1455.8292021425295
570,-216.21360125386857,0.33737305904959697,0.16686800712275793,1.0,1.0,0.0,216.33965729574066,0.5868440099642874,0.4131559900357126,1.2963302924180786,0.127138104429653,-1482.2978718022373
571,-214.92604845960486,0.8379097953340225,0.18267628987911633,4.0,15.0,0.0,215.35460380446963,0.9554316284809692,0.044568371519030814,0.9156673451731235,1.1751584052172313,-1460.9370176658167
572,-215.78548495455325,1.0,0.12831397245528595,4.0,15.0,0.0,216.98794161878138,0.074525681939749,0.925474318060251,2.2470923475389872,1.1226504562468895,-1466.6732763698976
573,-212.27558801204103,0.9998159525255182,0.16148718527119207,2.0,7.0,0.0,212.85675595599068,0.6824148719711108,0.31758512802888916,1.0858627460675827,0.8852673748435449,-1454.09016500589
574,-215.94607194463737,1.0,0.16686800712275793,2.0,3.0,0.0,217.95817004932388,0.5990764351590986,0.4009235648409014,1.4169330454935967,0.0761103263461112,-1480.1111490205872
575,-213.05630984895822,1.0,0.18267628987911633,4.0,21.0,0.0,215.17840932707594,0.24683329704473245,0.7531667029552676,0.5761932968987895,1.3456560020471198,-1458.2682438422432
576,-214.9142650941716,1.0,0.12831397245528595,3.0,11.0,0.0,216.26341372435272,0.06903698023178424,0.9309630197682157,2.1000388924411295,1.0941774982417898,-1460.77397992463
577,-212.3253154415029,0.9975920143841879,0.16148718527119207,3.0,15.0,0.0,213.3867795453673,0.48076169833851806,0.5192383016614819,1.1014734016246155,1.0754708890852276,-1455.058582257471
578,-213.13515138879376,0.9878673828282031,0.16686800712275793,3.0,7.0,0.0,217.75375426983643,0.5592033905258205,0.44079660947417953,1.3138320953679563,0.4341585712622351,-1460.9585113938472
579,-212.7380550372714,0.7840387164375648,0.18267628987911633,2.0,7.0,0.0,214.74770692862083,0.3736459597464754,0.6263540402535246,0.5572009979663378,1.1632154668964463,-1458.0739673153323
580,-213.5374630972838,0.961118153385226,0.12831397245528595,3.0,15.0,0.0,216.1344569315903,0.07103357543822611,0.9289664245617739,1.1716860688449964,1.0466027639793158,-1454.1560510292009
581,-212.59395714099406,0.912123700669741,0.16148718527119207,3.0,15.0,0.0,213.77937567530944,0.6246724340278914,0.3753275659721086,1.4153396947153083,0.6489257818502835,-1456.434140007153
582,-215.05112748771873,0.5277219805815999,0.16686800712275793,1.0,1.0,0.0,215.20052252866154,0.4965591662869002,0.5034408337130998,1.2668237190118972,0.40083363544947553,-1474.4195879977951
583,-212.82196943871838,1.0,0.18267628987911633,2.0,7.0,0.0,212.88367802653215,0.19769160753250417,0.8023083924674959,0.6065443384874514,1.2550078600600085,-1455.725099502316
584,-213.21928477973663,0.9979870969224648,0.12831397245528595,4.0,15.0,0.0,215.2056540383388,0.2690609930524679,0.7309390069475321,0.115122072808414,1.2824058372995617,-1460.2014802017034
585,-212.5263524136231,0.997559912455641,0.16148718527119207,4.0,23.0,0.0,213.9662055341858,0.14985530168900502,0.850144698310995,0.2981698589057672,1.1554166079667691,-1452.6175723566596
586,-212.07578265422416,1.0,0.16686800712275793,2.0,3.0,0.0,215.3728411465907,0.6301237124716954,0.3698762875283046,1.2596100627867182,0.5948525353886112,-1453.2314402474358
587,-212.05998436947883,1.0,0.18267628987911633,3.0,13.0,0.0,212.7927708482876,0.403558187553465,0.5964418124465349,0.8151315811421673,1.2203446142184933,-1453.1607576739962
588,-214.151815694479,0.7370814456298586,0.12831397245528595,2.0,3.0,0.0,215.66060658467987,0.3272046629574591,0.6727953370425409,0.15652075088121528,1.23756376377685,-1467.5099489221398
589,-213.54666292868157,0.9800320092427721,0.16148718527119207,3.0,15.0,0.0,214.36834999478165,0.12306606033712657,0.8769339396628735,-0.33643590134784807,1.198919395597306,-1458.4100617119934
590,-213.1335595960694,0.8601400620584019,0.16686800712275793,3.0,11.0,0.0,213.59730274784067,0.6253654752155472,0.3746345247844528,1.4095798899731404,0.7717713227924341,-1460.019825691105
591,-212.03690883986,0.9903486561917506,0.18267628987911633,3.0,11.0,0.0,213.88443911561214,0.5530002246240872,0.44699977537591284,0.8148384129988729,1.3234232589769004,-1452.9592053395218
592,-212.78952147048557,0.9919000802242955,0.12831397245528595,2.0,3.0,0.0,214.79159991442154,0.2156543910211847,0.7843456089788153,0.11134183210499249,1.2440182162943432,-1456.275977996916
593,-213.29082568922829,0.9016487241759606,0.16148718527119207,3.0,15.0,0.0,216.63903962519393,0.1120878225127086,0.8879121774872913,0.6177994592657491,1.016605141050061,-1456.2002339989672
594,-213.5192365154728,0.9824561372937798,0.16686800712275793,3.0,11.0,0.0,214.49889312905995,0.2956855950923158,0.7043144049076842,1.4525005283074894,0.685481853817834,-1461.8729982538816
595,-212.49017703756022,0.8932165910069578,0.18267628987911633,2.0,7.0,0.0,213.42121014546342,0.7657659625643893,0.23423403743561066,0.9000968089263733,1.507943796147212,-1453.2974561146486
596,-212.40006204755093,0.9843787404829503,0.12831397245528595,3.0,7.0,0.0,213.0946801786224,0.2718738813429177,0.7281261186570823,0.48761073226498675,1.1605058697844721,-1454.6509722935082
597,-212.40925405432037,0.9761300086427777,0.16148718527119207,4.0,15.0,0.0,214.9718758740523,0.37715519921506746,0.6228448007849325,1.479373189955116,0.8758080104563813,-1454.7128157978057
598,-213.16987548038526,0.9831592389668914,0.16686800712275793,4.0,15.0,0.0,215.11056198377366,0.8681277883949694,0.1318722116050306,1.1513778738103244,0.8357362452818533,-1455.8061193231765
599,-213.52609996900762,0.9369312644945188,0.18267628987911633,3.0,7.0,0.0,213.739646875308,0.8483095657178779,0.15169043428212214,0.8442648662524874,1.9269185871728571,-1457.000681679829
600,-215.19464895428948,0.9210240420184561,0.12831397245528595,3.0,15.0,0.0,218.6372936346736,0.02245337929986444,0.9775466207001355,0.8416576194641773,0.9511814212286887,-1458.738201404139
601,-212.22578078411087,0.6827143201791628,0.16148718527119207,2.0,7.0,0.0,215.28456506830494,0.394652854518411,0.6053471454815891,1.091273314661205,0.9793131228562737,-1454.2575107013513
602,-213.32451903856298,0.8690837839078749,0.16686800712275793,3.0,15.0,0.0,216.22755844440272,0.9366704949645855,0.06332950503541446,1.0786530414761537,0.12204995316630277,-1453.062851841032
603,-212.85875823399903,0.9765000321225904,0.18267628987911633,4.0,15.0,0.0,214.74337275503134,0.773785484316519,0.22621451568348105,0.8538470010765805,1.7490275124801804,-1455.0668903987805
604,-217.95305027770212,0.8164987392646927,0.12831397245528595,2.0,3.0,0.0,218.48052239279806,0.029202524992880993,0.970797475007119,0.8879243040473668,0.8165706645086954,-1479.6965334165473
605,-212.49838189405384,0.9959225634746095,0.16148718527119207,3.0,11.0,0.0,212.9019815059116,0.24035652462872756,0.7596434753712724,1.508565365865913,0.9232265706850058,-1453.4388857812119
606,-214.73356952748327,0.972123323611166,0.16686800712275793,4.0,31.0,0.0,215.2545228161915,0.9820304408669283,0.017969559133071744,1.0706694120203166,0.60548650025464,-1454.132512754241
607,-213.26114301657094,0.9451896973015546,0.18267628987911633,3.0,15.0,0.0,213.7721817342166,0.8785897032949411,0.12141029670505887,0.9270181872241294,1.4205655520175577,-1455.2115934417911
608,-218.30189426713812,1.0,0.12831397245528595,3.0,7.0,0.0,219.1970993708511,0.013624555617914176,0.9863754443820858,0.29789401479406474,1.2747582325813713,-1476.726631754872
609,-212.44693014935504,0.9994728035854188,0.16148718527119207,4.0,15.0,0.0,212.7277351891597,0.7448459132748252,0.2551540867251748,1.0285396601102819,1.0443842156262424,-1454.206035277275
610,-213.67813275313995,0.8805755764539536,0.16686800712275793,4.0,31.0,0.0,217.69515769650798,0.3499379316449242,0.6500620683550757,0.2961201349708928,1.2113050657179705,-1464.4653774627548
611,-213.42506373078672,0.3913685118339074,0.18267628987911633,3.0,11.0,0.0,219.61719156176335,0.8467639311421435,0.15323606885785646,0.8367670353781748,1.8234601838715858,-1456.7060967100601
612,-217.09010984438336,0.9945771086100944,0.12831397245528595,3.0,7.0,0.0,219.0318370383576,0.015526804618372041,0.9844731953816279,-0.28277728684362563,0.8800350775369755,-1469.9873905422016
613,-213.24835755481664,0.9853627790199871,0.16148718527119207,4.0,15.0,0.0,213.96793739870935,0.906402522786587,0.09359747721341305,1.1012075263060395,0.830755632659424,-1454.3828513337605
614,-213.06584172748668,0.9939482537542357,0.16686800712275793,3.0,11.0,0.0,214.2257057385574,0.32685460195945004,0.67314539804055,0.42607881934159114,1.4573390638124122,-1459.3574927725238
615,-215.4555179175106,0.9224274262330142,0.18267628987911633,2.0,7.0,0.0,216.3920855078446,0.9383384536449424,0.061661546355057606,1.1465322311830946,1.8978338445526284,-1464.3836064260174
616,-215.3450844442661,0.9959656903486945,0.12831397245528595,3.0,7.0,0.0,217.5616280419078,0.020428716395387177,0.9795712836046129,-0.1291714403797488,0.9535974058453133,-1459.7321756569722
617,-212.8450960395029,0.995570147022317,0.16148718527119207,4.0,19.0,0.0,214.11077282197505,0.21909731847998393,0.7809026815200161,1.7328777199195644,0.8913361654143446,-1454.8069982275567
618,-212.57255641583626,0.1860764229514094,0.16686800712275793,2.0,3.0,0.0,220.23526707833244,0.23671567461025192,0.7632843253897481,0.525728351863752,1.297658469338525,-1454.8872239765476
619,-214.29529305905453,0.922334181789138,0.18267628987911633,4.0,15.0,0.0,216.51151481487852,0.2826600640079036,0.7173399359920964,1.9144051137773188,0.6727792486246744,-1465.7212247286107
620,-214.69578732626087,0.9747604231898988,0.12831397245528595,5.0,31.0,0.0,217.53570723878386,0.45815068717137203,0.5418493128286279,1.1793365856250266,0.5546042868585989,-1471.9746794670325
621,-213.4916940362291,0.8750757137616877,0.16148718527119207,3.0,7.0,0.0,214.1926701604715,0.1489736529202654,0.8510263470797346,1.299810792031422,0.8844027579806375,-1458.347586392725
622,-215.8995579406773,0.6707380012279699,0.16686800712275793,3.0,7.0,0.0,216.48188984103777,0.10641543650822681,0.8935845634917732,0.31847533070340783,0.897484831716429,-1474.344837667793
623,-213.51122646891756,0.6155846234796477,0.18267628987911633,2.0,3.0,0.0,215.68208330955923,0.3137373431711422,0.6862626568288578,1.8161527994890525,0.8217166024273663,-1460.8439963849357
624,-214.92193647454562,0.9969368496554057,0.12831397245528595,2.0,3.0,0.0,215.59029551577612,0.6448823645621385,0.35511763543786146,1.5994651045178339,0.5565714254884182,-1471.9696722223766
625,-213.3271877264706,0.9954973260091696,0.16148718527119207,3.0,7.0,0.0,213.81674019884744,0.21975206055658353,0.7802479394434165,1.0909500847903557,0.8933859226194222,-1459.714033788248
626,-213.4901867192874,0.8663351188351465,0.16686800712275793,1.0,3.0,0.0,216.57717734191743,0.0706761392270058,0.9293238607729942,0.35094438499302477,1.1643180139633063,-1454.6516277497847
627,-213.51122646891756,0.3192456093250984,0.18267628987911633,1.0,1.0,0.0,215.60615736751245,0.3137373431711422,0.6862626568288578,1.8161527994890525,0.8217166024273663,-1460.8439963849357
628,-212.71524315010817,0.994832963753954,0.12831397245528595,3.0,15.0,0.0,215.99915850782548,0.2656558229093382,0.7343441770906618,1.3352642141281783,0.8366124881640022,-1455.9514182173198
629,-212.03810132475266,0.9713968122386021,0.16148718527119207,3.0,15.0,0.0,215.17119746171957,0.4115264795824974,0.5884735204175027,0.7304279686507945,1.3017180893089089,-1452.987584144018
630,-213.25782508896827,0.995380418069004,0.16686800712275793,4.0,31.0,0.0,216.29992092531393,0.7408725720733533,0.25912742792664667,1.0828921119878867,1.33974387214251,-1459.170165374129
631,-213.239642166742,0.9985771438654439,0.18267628987911633,4.0,15.0,0.0,213.9964127876744,0.8147186946577926,0.18528130534220744,0.9387037920089479,1.0170058773635782,-1458.2921864202197
632,-213.07548826986314,0.994822186220851,0.12831397245528595,4.0,15.0,0.0,213.25045779585858,0.2446910510034533,0.7553089489965467,1.2562504735500126,1.0926572077205812,-1457.816769350595
633,-213.39817877191985,0.9219501628988096,0.16148718527119207,3.0,7.0,0.0,213.6307242309108,0.4850310817736748,0.5149689182263252,0.6939533706522474,1.602532280628196,-1461.8867134819795
634,-214.51739416578556,0.8719132827316949,0.16686800712275793,3.0,7.0,0.0,215.11890963109,0.4545196940147548,0.5454803059852452,0.8829163224780129,1.5293913725318442,-1469.5072906818577
635,-212.17360870374557,0.8762597881986556,0.18267628987911633,2.0,7.0,0.0,214.45684227823614,0.6355978900226047,0.3644021099773953,1.242718138726733,0.8022539366447909,-1453.650248964514
636,-212.67290316861454,1.0,0.12831397245528595,2.0,3.0,0.0,213.14705243320117,0.23101623152973386,0.7689837684702662,1.2741614641811292,1.0344404340610391,-1454.8302931550402
637,-212.0688566630729,0.9935295313780685,0.16148718527119207,3.0,7.0,0.0,214.4054200659166,0.5819002679430556,0.4180997320569444,1.2439686931484535,0.8182944438991971,-1453.2413439687462
638,-213.74405622002791,1.0,0.16686800712275793,3.0,11.0,0.0,215.61880032105438,0.9356183229118683,0.0643816770881317,0.9780489813072658,1.5189495967668245,-1454.2662939617157
639,-214.0515435865694,0.9797059491628153,0.18267628987911633,4.0,31.0,0.0,214.90817207104408,0.32878270655953157,0.6712172934404684,1.842728782225919,0.8472971696006242,-1464.6259850210677
640,-214.43737126565526,0.9354829633706065,0.12831397245528595,4.0,21.0,0.0,215.62724547477382,0.8478234261605264,0.15217657383947358,1.2200267081092386,1.0421318426188113,-1464.9121998416144
641,-212.90255645541646,0.9527019908648146,0.16148718527119207,3.0,15.0,0.0,213.7764959168695,0.7381877797914327,0.2618122202085673,0.8478333824057475,1.2543540768178016,-1457.3453192867553
642,-214.64249809198844,0.8419520699489941,0.16686800712275793,2.0,3.0,0.0,215.27646579880684,0.9250701806016556,0.07492981939834442,0.8684432246283154,1.5108257091759618,-1461.6382620266347
643,-212.67495770414723,0.9449905525501325,0.18267628987911633,2.0,3.0,0.0,214.4853777731209,0.27005597075251353,0.7299440292474865,1.656773819297715,0.8000700725474345,-1454.9661110187442
644,-212.8786888133126,1.0,0.12831397245528595,4.0,15.0,0.0,214.87699171759914,0.27778386081207757,0.7222161391879225,1.622957759969204,0.7441033401867211,-1456.6651980724735
645,-213.32679395310942,0.7136828874488603,0.16148718527119207,2.0,7.0,0.0,215.35890748264725,0.6874451757438975,0.3125548242561025,1.0651357577603313,1.3772470518373963,-1460.3694409541642
646,-213.5062158240331,0.9997027639269014,0.16686800712275793,3.0,7.0,0.0,215.11412080060126,0.825409044565722,0.17459095543427805,0.8185077997971836,1.4941580131551517,-1458.9608969308297
647,-215.7316610864096,0.651803063202316,0.18267628987911633,3.0,11.0,0.0,217.9351474767084,0.7736110403330417,0.22638895966695827,0.9590086439089082,0.3227786510473688,-1477.3028287105763
648,-216.0033262201468,0.7937425959515477,0.12831397245528595,3.0,7.0,0.0,216.06536251632042,0.3994633232018698,0.6005366767981302,1.9190719082540917,0.8064124524886572,-1478.495315950958
649,-214.82348893843562,0.7358523838674129,0.16148718527119207,1.0,1.0,0.0,214.83549863883525,0.6684990924304351,0.33150090756956485,1.1400966468624378,1.4140051974325287,-1470.6903883576595
650,-213.1454349037964,0.8869348777148793,0.16686800712275793,2.0,7.0,0.0,215.34438100788404,0.4042732264979665,0.5957267735020335,0.7803992962307739,1.437257196259673,-1460.2128151839033
651,-212.93376968572892,1.0,0.18267628987911633,1.0,3.0,0.0,214.98617243137033,0.8266751541717338,0.17332484582826624,1.0762053258131543,0.37440107086648744,-1456.3519549126952
652,-213.75943736675305,1.0,0.12831397245528595,2.0,3.0,0.0,215.6522985399865,0.3248026276184679,0.6751973723815321,1.8421563173803186,0.8053684487498236,-1462.6265490497813
653,-213.92889797087142,0.9698997984045236,0.16148718527119207,3.0,11.0,0.0,217.79578457205082,0.8119626508566057,0.18803734914339432,0.745158671534202,1.8054829438414466,-1461.4917694128053
654,-212.1300753603294,0.9168464880045853,0.16686800712275793,2.0,3.0,0.0,213.72357154961165,0.5135507406730011,0.4864492593269989,0.720871372109752,1.292573806662459,-1453.8700445427362
655,-212.899440830296,0.9799381343464697,0.18267628987911633,2.0,7.0,0.0,213.60736717820032,0.7793215900986971,0.22067840990130294,1.1194971149780213,0.31617463511278465,-1457.328478537353
656,-213.81207099359355,1.0,0.12831397245528595,3.0,7.0,0.0,214.30988622212658,0.3187831904962796,0.6812168095037203,1.8701738444099765,0.7527582637192894,-1462.9031915092091
657,-213.713477222398,0.9904625382619611,0.16148718527119207,3.0,7.0,0.0,214.255806635841,0.7938078945371632,0.20619210546283684,0.9565993742478757,1.8904310328856062,-1459.9023733426525
658,-212.1667156911477,0.8071030747554486,0.16686800712275793,3.0,9.0,0.0,213.5845847337522,0.48642914841956497,0.513570851580435,1.030011052312381,1.0616053593608028,-1454.1252680136415
659,-216.99972166533453,0.5725569403722083,0.18267628987911633,4.0,23.0,0.0,217.39923687265284,0.023996089012883134,0.9760039109871169,1.0698468991389274,1.2311695563067957,-1470.7510703507478
660,-216.1201462729793,0.8203898258654786,0.12831397245528595,2.0,3.0,0.0,216.36271961178943,0.3481772545098377,0.6518227454901623,2.0390570932304373,0.7812933502945891,-1478.5435276562296
661,-214.1239368792106,0.9638114621388824,0.16148718527119207,5.0,31.0,0.0,214.60044071911153,0.9378915774578724,0.06210842254212756,0.9268860571469539,1.6039791257574219,-1456.5137324038342
662,-213.21249836016207,0.9938032153285986,0.16686800712275793,4.0,15.0,0.0,213.6221413004375,0.8982796578479856,0.10172034215201442,1.1351609674772434,0.7229381302934516,-1454.726930084614
663,-214.89335155405846,1.0,0.18267628987911633,3.0,15.0,0.0,219.54335048862765,0.0241652129547344,0.9758347870452656,2.048967629804206,1.0179872088216484,-1454.0253426645497
664,-212.87655622656007,0.900931858506658,0.12831397245528595,3.0,15.0,0.0,218.5358862556709,0.12042121567631181,0.8795787843236882,0.4954239479115465,1.1679024462082712,-1453.601046132759
665,-212.674539930581,0.9874558379975709,0.16148718527119207,3.0,15.0,0.0,214.509450156751,0.7662804279497657,0.2337195720502343,0.8664051822546435,1.6686363267906068,-1454.1710706893314
666,-216.2458622196423,0.6877271125235155,0.16686800712275793,2.0,3.0,0.0,217.12381462260166,0.923000903026145,0.07699909697385499,1.2903201300750087,0.7444945296687376,-1473.592583073994
667,-214.21839671136678,0.9802630955296012,0.18267628987911633,2.0,7.0,0.0,215.34291205600067,0.057031143206465726,0.9429688567935343,2.0316592192577856,1.0344546584452057,-1455.089636583071
668,-212.33347300516883,0.9972823618964476,0.12831397245528595,4.0,31.0,0.0,213.1364453954509,0.4203335403746638,0.5796664596253363,1.0169423185184399,1.1412697970043064,-1454.9762136897768
669,-214.5135332459575,0.6827870071386872,0.16148718527119207,2.0,3.0,0.0,215.41714944319028,0.8533401615932453,0.14665983840675467,0.7747354620406414,1.5646427672620384,-1464.8189102265972
670,-212.31124072350806,0.9604921463446708,0.16686800712275793,3.0,11.0,0.0,217.65171640186193,0.6798654703613376,0.3201345296386624,0.8127092200875583,1.4380999876247758,-1453.7045486882434
671,-214.3247247129029,1.0,0.18267628987911633,2.0,3.0,0.0,214.37682776124527,0.04502747499744329,0.9549725250025567,2.005418267237964,0.9698391820460112,-1454.4823297319938
672,-212.53831948661033,0.9736584433680772,0.12831397245528595,3.0,11.0,0.0,212.96365386615233,0.5301734859221253,0.4698265140778747,0.8795160563765121,1.0640819003457296,-1456.9156977231528
673,-213.23273581563393,0.9908348669619241,0.16148718527119207,4.0,15.0,0.0,215.40520127630018,0.5008835878547078,0.49911641214529223,1.4885628076035715,0.45876914373359945,-1461.288326940774
674,-213.38002801126078,0.9733086448290253,0.16686800712275793,4.0,19.0,0.0,214.06563933945444,0.09870648436106227,0.9012935156389377,0.3248005367770014,1.2184132027172851,-1455.8905621656345
675,-212.85846484809502,0.9994565787149607,0.18267628987911633,3.0,7.0,0.0,214.73974094694321,0.23191768429192144,0.7680823157080785,1.6745693938085655,0.9308832431962606,-1455.2871498095988
676,-213.12005227813177,0.8351126856548443,0.12831397245528595,2.0,7.0,0.0,215.35973589096287,0.4167205192877018,0.5832794807122982,1.4000973858187087,0.9930646080128169,-1459.86647201753
677,-215.10785719589617,0.4634534975619056,0.16148718527119207,2.0,3.0,0.0,216.15693527149747,0.6766900330567602,0.32330996694323977,1.5750846478049891,0.540338298628449,-1473.0205416627514
678,-213.7092678101097,0.9883780396478966,0.16686800712275793,2.0,7.0,0.0,214.90183825590907,0.060787481778168735,0.9392125182218313,0.32745116377324585,1.1654763916598565,-1455.208367237139
679,-212.5296893441837,0.9925643681885455,0.18267628987911633,3.0,7.0,0.0,213.024472947224,0.3779695187796386,0.6220304812203614,1.5464736221959756,0.843315255426208,-1455.4235321154815
680,-212.5704273972614,1.0,0.12831397245528595,3.0,15.0,0.0,213.74501185663573,0.34213702900279536,0.6578629709972046,1.4149543142983425,0.9597494967184084,-1455.5588322247693
681,-213.76786785004995,1.0,0.16148718527119207,3.0,7.0,0.0,214.9402096603501,0.6527958658957319,0.3472041341042681,1.5315791969905928,0.48276374954187884,-1464.1759959577528
682,-212.79132688291486,0.9952465218686595,0.16686800712275793,3.0,7.0,0.0,213.84658648185535,0.15993423455983066,0.8400657654401693,0.1770828517822251,1.2657299446868575,-1454.634280300858
683,-212.4674605909452,0.8105932260022268,0.18267628987911633,2.0,7.0,0.0,215.0526181399931,0.26214802040371216,0.7378519795962879,1.348272778857976,0.8810695225399744,-1454.0848155325302
684,-212.5229919374219,0.9927752057569961,0.12831397245528595,3.0,15.0,0.0,213.0557809364015,0.2354027890228208,0.7645972109771793,1.296910393404991,0.9246761629926181,-1454.020339043732
685,-213.79915326557324,1.0,0.16148718527119207,2.0,3.0,0.0,214.44653960743173,0.587860737116589,0.41213926288341096,1.5855160525493948,0.43396148516238214,-1464.7461340060927
686,-212.31878123575518,0.9264267612737679,0.16686800712275793,3.0,15.0,0.0,213.81166222809324,0.2320522161539164,0.7679477838460835,0.3581419700052947,1.2614230933304278,-1453.2468073952914
687,-213.8092309141615,0.7918042008487335,0.18267628987911633,2.0,3.0,0.0,214.81444826570157,0.19361302316947027,0.8063869768305297,1.4442815507142315,0.7829909984355956,-1461.7830275295207
688,-212.9001892145328,0.953488204862127,0.12831397245528595,4.0,15.0,0.0,213.70877717755536,0.5098556515783145,0.4901443484216855,1.1942870551058862,1.08926877784749,-1458.827442236111
689,-213.73431749503604,1.0,0.16148718527119207,3.0,7.0,0.0,214.07803896035028,0.6079453103179685,0.3920546896820315,1.5580884066338516,0.39475779027228347,-1464.2877210709066
690,-212.6628327390045,0.902943399735486,0.16686800712275793,2.0,7.0,0.0,213.63232018583463,0.22309504616825004,0.77690495383175,0.4252834669601056,1.11625038336032,-1455.6842425512323
691,-212.47225031660614,0.9960685226532782,0.18267628987911633,2.0,3.0,0.0,214.10745411181438,0.23233754589321223,0.7676624541067878,1.3590999250638445,0.9410795524610669,-1453.437876742349
692,-215.40318940050767,0.8046766885752952,0.12831397245528595,2.0,7.0,0.0,217.87596009003335,0.8533968566641489,0.14660314333585112,0.8157567606232665,1.073246498050739,-1472.0251603334737
693,-212.46514568981507,0.9063032387557598,0.16148718527119207,2.0,7.0,0.0,216.97945113258902,0.6917088891184747,0.3082911108815253,1.0810506255446468,0.7526218503580926,-1455.4844570012704
694,-213.18748434902506,1.0,0.16686800712275793,3.0,7.0,0.0,213.46844449513924,0.2660922683621133,0.7339077316378867,0.11945646001823838,1.2694500790574919,-1459.9608378596804
695,-212.63256646765106,0.9639897003893889,0.18267628987911633,4.0,15.0,0.0,213.27869017122677,0.8112065793531805,0.18879342064681948,1.0559821069816404,0.9500352938249718,-1454.1102823370002
696,-213.28101482163217,1.0,0.12831397245528595,2.0,3.0,0.0,214.6890395558119,0.8620421054119639,0.1379578945880361,0.9527361970175756,1.0848892167560271,-1456.7845966369457
697,-212.15001693798317,0.95285991958748,0.16148718527119207,4.0,19.0,0.0,213.13118253875433,0.2733991031730581,0.726600896826942,0.5091101918954305,1.2183350686779395,-1452.8105936243298
698,-214.55231951022586,0.9534698713078227,0.16686800712275793,4.0,15.0,0.0,214.6317237128095,0.27362854562856187,0.7263714543714381,0.11702208234774918,1.4897709582996779,-1468.9859892095365
699,-213.14652391959808,0.9908870388164817,0.18267628987911633,3.0,7.0,0.0,213.29697386021968,0.8930828697716958,0.10691713022830418,1.05291183126265,1.0742823281987592,-1454.1854708919022
700,-212.66833822216844,1.0,0.12831397245528595,3.0,15.0,0.0,214.8451422601207,0.7882272919836867,0.21177270801631332,1.084123750243457,0.5531665721263646,-1455.4154275893693
701,-212.78059088163243,0.894064832568746,0.16148718527119207,4.0,15.0,0.0,213.4188800952669,0.2412263213649585,0.7587736786350415,0.36515709593413637,1.1324515822288987,-1456.8838999379773
702,-214.49843428691437,0.9946757272051093,0.16686800712275793,3.0,11.0,0.0,216.28013120433417,0.02125090228805207,0.978749097711948,-0.14225796064366675,1.1074156508343482,-1453.8736825060214
703,-212.66757256440332,0.9740103899183216,0.18267628987911633,3.0,15.0,0.0,213.76818439284133,0.7373580939249951,0.2626419060750049,1.0597709813203848,0.7078965390416346,-1456.3129878767406
704,-212.16947248494156,0.773571279302766,0.12831397245528595,4.0,17.0,0.0,214.13068601590086,0.6973256884480018,0.3026743115519982,1.1582924025022152,0.6916493374295436,-1453.2975534100472
705,-215.16940432427157,0.9349763422891525,0.16148718527119207,4.0,31.0,0.0,216.31774508581472,0.9824772498677716,0.01752275013222837,0.9847731586050319,1.616799867514985,-1455.1842282954437
706,-212.30616162651475,0.9967092005790329,0.16686800712275793,4.0,19.0,0.0,215.7107294256587,0.30781787027006446,0.6921821297299355,0.804409936952037,1.095927762885913,-1454.282754723907
707,-212.23651878848895,0.4683291847078887,0.18267628987911633,2.0,3.0,0.0,219.0855056329783,0.7224486699027578,0.2775513300972422,1.2548869792573947,0.6342618446984617,-1453.2710447505624
708,-215.01211797773402,0.4684372928385521,0.12831397245528595,2.0,3.0,0.0,216.03327490398726,0.6166393919524286,0.38336060804757144,0.9337760210325692,0.6924811288188917,-1474.121431342428
709,-215.2457844840465,0.9743493812253456,0.16148718527119207,1.0,1.0,0.0,215.30206717220204,0.9824200786433445,0.017579921356655537,0.9738329046609692,1.613183472171508,-1455.7625311290171
710,-212.49958778542515,0.9960162990058593,0.16686800712275793,4.0,15.0,0.0,212.56089264842865,0.7089145519077764,0.2910854480922236,0.9533154140422514,1.4407906313156194,-1454.4164285122934
711,-213.2063778150637,0.9782978850285681,0.18267628987911633,4.0,19.0,0.0,213.6206283658821,0.8391425936749666,0.16085740632503343,1.119720012970912,1.1081712347489652,-1456.800958396006
712,-212.24658998791676,0.8679562184398772,0.12831397245528595,1.0,3.0,0.0,215.74244823234923,0.6736215147477622,0.3263784852522378,1.2725468329901208,0.7242946462621975,-1453.83248258317
713,-212.49595704188096,0.8820503615052374,0.16148718527119207,4.0,15.0,0.0,216.37394531944085,0.4850205269915373,0.5149794730084627,1.3521280647374863,0.604344560327574,-1456.393678896928
714,-212.2852958739792,0.898956580251569,0.16686800712275793,3.0,7.0,0.0,213.34502969626985,0.6758773982265861,0.3241226017734139,0.8245501177193996,1.4952091668397232,-1453.4088225072733
715,-212.7633779610175,0.9103856308226148,0.18267628987911633,3.0,15.0,0.0,214.43922807610505,0.7188853460664525,0.2811146539335475,1.023394582296259,0.8046404348077122,-1457.208135343178
716,-212.76135632054462,0.86895589187959,0.12831397245528595,4.0,31.0,0.0,213.37772425164695,0.3383092633582383,0.6616907366417617,0.9542255375026174,0.9620592535762713,-1457.7787670396656
717,-213.39938968213824,0.982878051620599,0.16148718527119207,3.0,15.0,0.0,215.1001967554306,0.7284069241813319,0.2715930758186681,1.2296314597224303,0.1269156281030834,-1461.5983397771604
718,-212.42340803975398,0.9754119402385145,0.16686800712275793,4.0,23.0,0.0,212.98133215511965,0.7412350657307707,0.2587649342692293,0.9907181505064113,1.2039599625561181,-1453.863200147373
719,-212.43169933784037,0.9829394532969542,0.18267628987911633,3.0,11.0,0.0,213.28539953992936,0.4647069573756168,0.5352930426243832,1.3729423750696783,0.8960171526476779,-1455.4946589454441
720,-212.73982804379727,0.9928206444969362,0.12831397245528595,3.0,15.0,0.0,213.344759336217,0.681645185597116,0.31835481440288405,0.9944415761794466,0.8932112648195036,-1457.4579658882726
721,-212.95826656704634,0.9799214860879896,0.16148718527119207,3.0,7.0,0.0,214.41915131790137,0.8112692254729531,0.1887307745270469,1.190141496089397,0.039468119375020136,-1456.8761771721208
722,-212.32902596482293,0.9985754726518673,0.16686800712275793,4.0,15.0,0.0,212.9660020229459,0.35184928685318506,0.6481507131468149,1.5212466235596507,0.8333864285069381,-1453.9080726659106
723,-212.23024758655947,0.9974557428251642,0.18267628987911633,3.0,15.0,0.0,213.19842834489077,0.6277736220079669,0.37222637799203306,0.998531239635474,1.1003042777462717,-1454.0856092234421
724,-214.00939718645276,0.6113563954851364,0.12831397245528595,4.0,15.0,0.0,216.95951283288437,0.25214586921657706,0.747854130783423,-0.023300027722014893,1.232068690765148,-1465.4891611294063
725,-214.26389992731555,0.9936460159482164,0.16148718527119207,4.0,15.0,0.0,214.56973361678843,0.9669299650671058,0.03307003493289418,1.0757149364348921,-0.7411626198496893,-1454.8273663245102
726,-212.83444176234906,0.9922042379878976,0.16686800712275793,3.0,7.0,0.0,212.94149489351406,0.4242155404297784,0.5757844595702216,1.6172464787713867,0.6515405423125117,-1457.846572936491
727,-212.5413157225594,0.9863890802219567,0.18267628987911633,3.0,15.0,0.0,213.94218957429018,0.7580774639388141,0.24192253606118586,0.8540435233705022,1.5564860679889403,-1453.7454113492834
728,-213.02903490479326,0.9696219570428143,0.12831397245528595,3.0,7.0,0.0,217.02868436806762,0.13303160572881595,0.8669683942711841,1.2992020974120362,1.0363020746949736,-1454.2474613534641
729,-214.45338086765287,0.9907024730058112,0.16148718527119207,3.0,7.0,0.0,214.562451163806,0.9408232394379303,0.059176760562069664,1.1294742820957786,-0.8895067005102172,-1459.6555782507703
730,-212.2349181693273,0.9998435940619356,0.16686800712275793,4.0,15.0,0.0,213.28800871825715,0.3730806909732197,0.6269193090267803,1.1092673087422207,0.9799618057536007,-1454.1389245760752
731,-216.538147981636,0.5794075237675631,0.18267628987911633,4.0,15.0,0.0,217.4835916133943,0.7599817511154145,0.24001824888458545,1.033265807489521,2.0520707260362543,-1479.4810433842351
732,-213.86360410668686,0.9951541053559742,0.12831397245528595,4.0,15.0,0.0,214.1823828981043,0.05028587974598885,0.9497141202540111,1.0524156990675477,1.0175468825666567,-1454.4562394515585
733,-214.49501706669304,1.0,0.16148718527119207,3.0,7.0,0.0,214.60372123128528,0.951362397104441,0.04863760289555896,1.117135577330932,-0.9469541957954808,-1458.5981497737728
734,-214.49993750473018,0.9719746789824046,0.16686800712275793,4.0,23.0,0.0,214.65269760081353,0.038623372650737946,0.9613766273492621,-0.38671188562978087,1.1981181144428128,-1457.5952293784314
735,-214.6939311544403,0.961231529766455,0.18267628987911633,3.0,9.0,0.0,217.11655392956843,0.9627873944719941,0.03721260552800587,1.0213493926299932,2.258348498291111,-1454.75246393027
736,-212.80395750282656,0.9934665641506667,0.12831397245528595,3.0,7.0,0.0,215.9466200958191,0.2255520014560544,0.7744479985439456,0.21242214950354696,1.174569397607144,-1456.714728809508
737,-214.820510829354,0.5444288399452385,0.16148718527119207,4.0,15.0,0.0,220.05462136964616,0.27280095824734724,0.7271990417526528,0.23810091903887284,1.0631878983583392,-1471.7287640778843
738,-213.34401482502932,0.9995317018564016,0.16686800712275793,4.0,15.0,0.0,214.9802927145933,0.28307778323127736,0.7169222167687226,0.2669502925556766,1.435303144904287,-1460.8712459752292
739,-212.95883529682828,0.9984628992244442,0.18267628987911633,4.0,15.0,0.0,215.1342392868379,0.8576695691301558,0.1423304308698442,0.9494009005825397,1.6199471482800776,-1453.4953002580412
740,-213.12128475448836,0.9913873431865602,0.12831397245528595,3.0,7.0,0.0,213.39929604035413,0.0916961615376548,0.9083038384623452,0.37449814521491,1.1643119583299757,-1453.7291529050242
741,-213.9599008967641,0.9789781571959025,0.16148718527119207,2.0,7.0,0.0,215.44610017956754,0.21590622496278639,0.7840937750372137,0.17657526521514355,1.074631515358774,-1464.6894250561575
742,-212.57605559990478,0.9781720016632994,0.16686800712275793,3.0,7.0,0.0,213.5998065128914,0.34192026315333374,0.6580797368466662,0.362660819874069,1.3538804864515548,-1456.4234160553915
743,-213.67840108580805,0.9367479996399252,0.18267628987911633,4.0,15.0,0.0,214.9471293707783,0.046942755021056895,0.9530572449789431,0.18458313173641563,1.1218918565605553,-1453.4601343983059
744,-212.96917892120825,0.9854470852437953,0.12831397245528595,5.0,53.0,0.0,213.4482166426194,0.1444160446686181,0.8555839553313819,0.06973087208652497,1.2644759888325672,-1455.3098608850203
745,-214.0085586603646,0.9730258068492913,0.16148718527119207,4.0,15.0,0.0,215.2645847648422,0.8156496030390252,0.18435039696097477,1.212742144749031,1.034417910160855,-1463.0368418446697
746,-213.4438174407823,0.25103465200404856,0.16686800712275793,4.0,15.0,0.0,219.21296281846588,0.47315362706415626,0.5268463729358437,0.8425222023684507,1.4971721230659527,-1462.2731152878582
747,-213.4758507689922,1.0,0.18267628987911633,2.0,3.0,0.0,213.67967563783736,0.05747149809968866,0.9425285019003113,0.18313081494903324,1.0602278386761186,-1453.498732651666
748,-213.1480771596175,0.9491782078682681,0.12831397245528595,4.0,15.0,0.0,214.0662337932541,0.5092952517555812,0.4907047482444188,1.2340652739994433,1.0819769316669594,-1460.4703516453858
749,-214.40174250028812,0.6477657976886185,0.16148718527119207,3.0,7.0,0.0,218.92907588555326,0.8383954137398593,0.16160458626014074,1.261022198780164,0.8804589192150021,-1465.1846387983867
750,-214.5898884539898,0.877689807219397,0.16686800712275793,3.0,15.0,0.0,215.19448406554167,0.9083634933233019,0.09163650667669809,1.1899579103677569,1.0615560168902762,-1462.9657878719015
751,-216.15173366660537,0.8630363286696012,0.18267628987911633,4.0,15.0,0.0,216.86178440217125,0.0103246004998625,0.9896753995001375,-0.2550654119352295,0.9386477818135208,-1460.6439198914945
752,-213.27353077793325,0.7296255574700045,0.12831397245528595,3.0,15.0,0.0,218.4197841678599,0.36146016455420704,0.638539835445793,0.45847743519583184,1.155672892739317,-1461.7786474399788
753,-213.6286819552599,1.0,0.16148718527119207,2.0,3.0,0.0,214.80169923943808,0.6544064359020794,0.34559356409792064,0.9746449481659862,0.7597455440412832,-1464.1075054270634
754,-213.17448369623298,1.0,0.16686800712275793,3.0,7.0,0.0,216.50660113012884,0.7237502668598114,0.27624973314018864,0.7274142870466489,1.739561694781515,-1458.367532738025
755,-215.9537226767765,0.992732476881038,0.18267628987911633,4.0,15.0,0.0,216.82760325198794,0.023871808085594786,0.9761281919144053,0.13817679737774358,1.2232004256986697,-1464.479281082053
756,-213.07374830775834,0.9840661479331991,0.12831397245528595,4.0,23.0,0.0,216.6462648040858,0.09044053199180628,0.9095594680081938,0.24883490340970038,1.0762488995204509,-1453.5530886252807
757,-212.43836235621845,1.0,0.16148718527119207,3.0,7.0,0.0,214.10128150427153,0.3530701606125864,0.6469298393874137,1.0810024652660912,1.0973115518697902,-1455.2234682656926
758,-212.7938546679324,0.9960934470697875,0.16686800712275793,4.0,15.0,0.0,213.84319283170956,0.7815822344738682,0.2184177655261318,0.9404789853022144,1.6415335360116825,-1454.626005206179
759,-218.8279024827791,0.7783383347410682,0.18267628987911633,3.0,7.0,0.0,220.298084452557,0.059300276083381336,0.9406997239166187,0.18552956236493087,1.4013294029382828,-1489.9465963451828
760,-213.03714842579527,0.9929883592423868,0.12831397245528595,3.0,7.0,0.0,213.25597454026496,0.08957269790933799,0.910427302090662,0.34966855484997345,1.1436718457176882,-1453.058900636636
761,-212.17087999984187,0.8249826361214545,0.16148718527119207,3.0,9.0,0.0,214.1075998432372,0.3771898867680087,0.6228101132319913,0.6018403700806393,1.3606125490490726,-1453.7072228806053
762,-212.72027469025076,0.9810432850199631,0.16686800712275793,5.0,31.0,0.0,213.95786493132428,0.6695956823179419,0.33040431768205814,1.0791846068168092,1.198948573555063,-1456.7522692310406
763,-214.22329868030099,1.0,0.18267628987911633,1.0,3.0,0.0,218.00040067278135,0.054796248616499746,0.9452037513835002,0.19419257071538293,1.2067431590532092,-1458.061822278302
764,-213.3578096310693,0.9861617650465082,0.12831397245528595,4.0,15.0,0.0,213.89269999149144,0.10079006742129004,0.89920993257871,0.7629208901755961,1.0072397076481785,-1455.8597335179575
765,-212.15318032073378,0.9971199865343188,0.16148718527119207,3.0,15.0,0.0,212.48802820811363,0.37019808955140937,0.6298019104485906,0.5250201734793647,1.3237502099816407,-1453.6930148549613
766,-214.1979284817701,0.8796061328958927,0.16686800712275793,2.0,7.0,0.0,214.71123111646057,0.686642268384028,0.313357731615972,0.783975498529048,1.0795249293149503,-1467.47716153792
767,-214.23188340203495,0.9942738330033669,0.18267628987911633,3.0,11.0,0.0,214.96271810482068,0.08742145518253021,0.9125785448174698,-0.1562347974736772,1.0071234893682233,-1461.498302471827
768,-215.90612822610586,0.836436808553799,0.12831397245528595,4.0,23.0,0.0,218.53461591445281,0.2883108783392428,0.7116891216607573,1.8135380276156923,0.5239640100677593,-1477.4090493781057
769,-212.1425321140374,0.8891182516886217,0.16148718527119207,4.0,23.0,0.0,213.0041792550134,0.6338646929628347,0.36613530703716535,1.222858343572641,0.6075926011025696,-1453.728747772897
770,-215.00230415751244,0.9180584645088156,0.16686800712275793,4.0,23.0,0.0,218.05293480511227,0.1249786046436923,0.8750213953563077,1.992662563104953,0.7578526210655653,-1465.9711054685736
771,-213.63214483909087,0.9717062386864922,0.18267628987911633,4.0,15.0,0.0,215.42994853152075,0.9131839902480767,0.08681600975192327,0.9708993967902769,1.03197654465646,-1456.475402143099
772,-213.48824265624748,0.8899764385380398,0.12831397245528595,4.0,23.0,0.0,219.28062828561002,0.0777495893914438,0.9222504106085562,1.1572737323642848,1.0040226775672565,-1454.4943552371315
773,-212.63311013326756,0.9668731938480163,0.16148718527119207,4.0,15.0,0.0,213.02707504286903,0.31137253276251087,0.6886274672374891,1.3019063912605617,1.0246067384961404,-1455.810755902456
774,-214.18470407272446,0.9947273495260212,0.16686800712275793,4.0,15.0,0.0,215.73333148464613,0.10543661380161139,0.8945633861983886,1.1963258237975811,0.8900790307007574,-1461.305993015752
775,-212.04335340082977,0.7498015463607481,0.18267628987911633,4.0,15.0,0.0,216.69029492833855,0.6061176498142674,0.3938823501857326,1.2231366850266514,0.7884161057801983,-1453.0204969061451
776,-213.18100558822377,0.9830088899200399,0.12831397245528595,4.0,15.0,0.0,214.85940675808746,0.1672524797659149,0.832747520234085,1.84601668688311,0.8681075068011861,-1455.391896302812
777,-215.08632949135915,0.9391525566186693,0.16148718527119207,5.0,47.0,0.0,217.58179463900387,0.9845891486500927,0.015410851349907273,1.0358066130610946,-0.9641997928903011,-1455.1034054932068
778,-212.9697834915061,0.8834407064325907,0.16686800712275793,2.0,7.0,0.0,215.18393965777278,0.13198182096230815,0.8680181790376919,1.048685930062755,1.0213981794840643,-1454.3261588963157
779,-212.16204627714833,0.9976743499394715,0.18267628987911633,4.0,15.0,0.0,212.3086685718249,0.6320125639465823,0.36798743605341766,1.3220233882692147,0.5185040714787901,-1453.7469057495166
780,-213.29155107320875,0.969132186607783,0.12831397245528595,4.0,15.0,0.0,214.08132976346621,0.16633939080384239,0.8336606091961576,0.9281779255947413,0.9601020806285022,-1458.1786699683994
781,-212.17650059599274,0.8749828975634919,0.16148718527119207,4.0,31.0,0.0,215.93543697188997,0.6154539165733547,0.3845460834266453,0.8272229036546608,1.443457520256212,-1453.3186979751558
782,-212.8558590971892,0.9931189595628215,0.16686800712275793,3.0,7.0,0.0,213.11751691321015,0.1517912100496813,0.8482087899503187,1.139454313299973,1.0398201840613313,-1454.1414338962347
783,-212.94709706556768,0.8871724296145749,0.18267628987911633,3.0,7.0,0.0,213.44651635739498,0.8815524917311076,0.11844750826889239,1.0786397642250716,0.7951767435884435,-1453.8287624801496
784,-214.2408450574022,0.9583203891271632,0.12831397245528595,3.0,15.0,0.0,216.37418366232242,0.07397392216152432,0.9260260778384757,1.3854749410712894,0.9057903208886617,-1459.0384546196503
785,-212.07175076866687,0.9637291240334449,0.16148718527119207,3.0,11.0,0.0,213.26873971181348,0.5188784763087386,0.4811215236912614,1.2101983315634672,0.8844794748625276,-1453.413603516162
786,-212.15926885111594,0.99457974568278,0.16686800712275793,4.0,15.0,0.0,212.99550604126398,0.48823241358741265,0.5117675864125873,0.9988884814984741,1.0987631225540289,-1454.0602992578827
787,-212.9624399480998,0.9383836942043239,0.18267628987911633,2.0,3.0,0.0,213.28811908406388,0.8604029781797021,0.13959702182029787,1.1366891986979182,0.813519297452913,-1454.7653565711882
788,-213.91141138860343,0.9975656931411067,0.12831397245528595,4.0,15.0,0.0,214.49958012820989,0.10531557489214784,0.8946844251078522,1.1281458972704939,1.1463812700115177,-1459.0973114620622
789,-213.12535144163678,0.7094018672083745,0.16148718527119207,3.0,15.0,0.0,216.7556790711107,0.13184178262669613,0.8681582173733039,1.2959755187229736,1.0556091475298857,-1454.8325616884636
790,-212.35744943065927,0.9873574918718883,0.16686800712275793,3.0,15.0,0.0,212.63670618425016,0.34221449841412294,0.6577855015858771,1.0080098422228487,1.1174928892176645,-1454.6568399611604
791,-213.59114982161068,0.9887218529539455,0.18267628987911633,4.0,19.0,0.0,214.7594468727615,0.9259036928084515,0.07409630719154847,1.0812358242025686,-0.3535832340410405,-1455.809519568855
792,-212.9057269304347,0.9940344519846589,0.12831397245528595,3.0,7.0,0.0,214.2407303533187,0.23330033581335674,0.7666996641866433,0.5036604055266226,1.0768911278809932,-1457.59139867888
793,-214.5230584082043,0.4897236854998807,0.16148718527119207,3.0,11.0,0.0,217.44676121974527,0.10483927102562662,0.8951607289743734,1.1101517985773524,1.1881769395253905,-1463.2453084792676
794,-214.03122414765696,0.9054026697712892,0.16686800712275793,3.0,15.0,0.0,214.61730498422662,0.10200651708478303,0.897993482915217,0.6500572050333718,1.225327268695657,-1460.302318494399
795,-213.20773270806177,0.9851684166453865,0.18267628987911633,3.0,7.0,0.0,213.88708672084616,0.8795155952665199,0.1204844047334801,1.1564357110142844,-0.20735356200524213,-1456.0896822628322
796,-212.88872851945013,0.8735973120849195,0.12831397245528595,3.0,7.0,0.0,215.4715132149842,0.3234991397676002,0.6765008602323999,0.6554256370578786,1.071141500752862,-1458.7261022751175
797,-214.35180410094597,1.0,0.16148718527119207,4.0,15.0,0.0,218.1901757174915,0.027064673013092164,0.9729353269869079,-0.0720634495034332,1.1306522689612561,-1454.4582300663596
798,-213.20175244415282,0.87641067929582,0.16686800712275793,2.0,3.0,0.0,214.50104840461051,0.10804962509063554,0.8919503749093645,0.6519147834705074,1.0275097678769536,-1455.3061732855422
799,-212.64796903180326,0.46107569150949457,0.18267628987911633,3.0,7.0,0.0,217.1728181242099,0.8685165742095313,0.13148342579046868,1.1730597504576337,0.3448469905078064,-1452.6405086756477
800,-213.14659452816582,0.9865759598994509,0.12831397245528595,3.0,15.0,0.0,213.6208267964623,0.1576063029078731,0.8423936970921269,0.7541211859836497,1.1986879754780997,-1456.6848978226294
801,-215.64949899820877,0.7056286781350304,0.16148718527119207,3.0,7.0,0.0,216.75428927112452,0.019017476865101992,0.980982523134898,-0.013672707412683364,1.1932522856222114,-1460.9204505926662
802,-212.71518537118675,0.8563060917264168,0.16686800712275793,2.0,7.0,0.0,215.03583540166392,0.49786946044690583,0.5021305395530942,0.5501648258924844,1.3500426983654576,-1457.9730084314779
803,-212.8988564771481,0.9829600705777664,0.18267628987911633,2.0,7.0,0.0,213.36942532118692,0.7329718488980186,0.2670281511019814,1.3100045003549878,0.1742490227655925,-1457.8782838571447
804,-213.39385006438178,0.9807946445582649,0.12831397245528595,4.0,17.0,0.0,214.75199225335086,0.8559316047102877,0.14406839528971227,1.1127036996782163,1.197312729632693,-1457.307438924257
805,-215.22049712727323,0.9986731888240001,0.16148718527119207,4.0,15.0,0.0,218.50441497138743,0.020986435154239248,0.9790135648457607,-0.49158247373670905,1.180753606052449,-1458.4407914333144
806,-212.135784556864,0.9092298864505887,0.16686800712275793,3.0,7.0,0.0,213.47251792634384,0.5158564703673861,0.48414352963261387,0.6876207693784935,1.3437304455294015,-1453.8315948269108
807,-214.4405334937919,0.4963840288836111,0.18267628987911633,4.0,15.0,0.0,216.20038676506084,0.7263982471982623,0.2736017528017377,1.2285395259185845,1.1595882446066048,-1467.6772985568853
808,-212.79962623194032,0.9350678445746979,0.12831397245528595,4.0,15.0,0.0,213.76242855840246,0.7679437340187819,0.2320562659812181,1.1036600276960384,1.1090623507788697,-1455.9393006202752
809,-214.12328692832764,0.9528699677018285,0.16148718527119207,3.0,11.0,0.0,217.09957093029257,0.04311969001887039,0.9568803099811296,-0.5072408931385417,1.037618800339378,-1455.9385390151226
810,-212.58832561897498,0.9727026829766143,0.16686800712275793,3.0,15.0,0.0,213.52316805721944,0.20380770853640326,0.7961922914635967,0.7838556707124789,1.0629642709033713,-1454.4402553794769
811,-213.9135281294592,0.9705085919051418,0.18267628987911633,2.0,7.0,0.0,215.64006726515214,0.30815846610502007,0.6918415338949799,0.8004484422559113,0.9323360631607548,-1465.6822833278154
812,-212.65332892048082,0.9992771962657607,0.12831397245528595,5.0,31.0,0.0,213.1315389843909,0.2765067174404658,0.7234932825595342,0.6462660374205648,1.0809695193686613,-1456.4717086904827
813,-212.8176343076644,0.9992650195269874,0.16148718527119207,4.0,31.0,0.0,215.19673846679535,0.8215616011604097,0.17843839883959034,1.0305499885182534,1.3096217987003262,-1454.4308532414843
814,-212.37157894360973,0.9004303528645846,0.16686800712275793,3.0,11.0,0.0,213.68318834817603,0.35898340060640765,0.6410165993935923,1.0055069836537243,0.99710834934632,-1455.13067742929
815,-213.94929274199313,0.9852288524621324,0.18267628987911633,4.0,15.0,0.0,214.45026206955725,0.47916572945777935,0.5208342705422206,1.2053810391096562,0.5626253466785351,-1466.7932689312627
816,-213.29223938995418,0.9790794645872675,0.12831397245528595,3.0,15.0,0.0,213.76008151980713,0.20997237810417077,0.7900276218958292,0.6843473803648035,0.9995747335597154,-1459.6939156213693
817,-212.83653910033453,0.9882294902195891,0.16148718527119207,2.0,3.0,0.0,213.03363849726745,0.8388554184542754,0.16114458154572464,1.00891927967151,1.3638407328009508,-1453.91408506335
818,-213.01476741201003,0.9430549185396995,0.16686800712275793,3.0,11.0,0.0,213.65822207600445,0.3317961693907054,0.6682038306092946,0.9159771033349715,1.2698276589725626,-1458.9312911485715
819,-212.034045675707,0.8865878095091609,0.18267628987911633,2.0,5.0,0.0,214.8939904246945,0.6354227968677102,0.3645772031322898,1.2195725730316327,0.7207545898246308,-1452.843984396338
820,-212.7516524954532,0.9861642240483528,0.12831397245528595,2.0,7.0,0.0,213.6803140690718,0.17654237268925257,0.8234576273107475,0.8896829771392183,1.1234311041572573,-1454.5419265220376
821,-215.46377122906483,0.969891169691288,0.16148718527119207,4.0,23.0,0.0,216.23277827966413,0.008413210690899198,0.9915867893091008,0.028147664435152292,1.019180213640467,-1454.4101227541864
822,-212.14062671027528,1.0,0.16686800712275793,2.0,3.0,0.0,213.06085097263906,0.41342012362666397,0.5865798763733361,0.9045566820337451,1.1735813629239433,-1453.7332979967496
823,-212.0860609188792,0.8751776444867906,0.18267628987911633,2.0,3.0,0.0,212.91397408106084,0.5804899957775137,0.4195100042224863,1.2697478221975957,0.6396299047000387,-1453.5356479974664
824,-213.86140769801938,0.8974123044995788,0.12831397245528595,2.0,7.0,0.0,215.16365743724177,0.2519653575324933,0.7480346424675067,0.8920258918429074,1.2924097763365148,-1463.6454713200326
825,-215.47322877662336,0.999458213006979,0.16148718527119207,2.0,3.0,0.0,215.52433514738976,0.007734242869399517,0.9922657571306005,0.030664251280621238,1.0530287723610547,-1453.838231794493
826,-213.3482340569482,0.9335211256730223,0.16686800712275793,4.0,15.0,0.0,213.9377173480174,0.12722096401679978,0.8727790359832002,0.4738557489970582,1.2406829067832619,-1457.0517999912743
827,-212.22423523848528,0.9952215858701398,0.18267628987911633,4.0,15.0,0.0,212.34891689303862,0.45852821384722864,0.5414717861527714,1.0666357023541615,0.9658246394891281,-1454.5813736230157
828,-212.1932298116354,0.9482566486365399,0.12831397245528595,3.0,15.0,0.0,214.77458627488127,0.561608561009366,0.43839143899063404,1.1438469523748587,0.97092008816826,-1454.1533086727754
829,-213.17113492482042,0.9837938814214312,0.16148718527119207,4.0,15.0,0.0,215.7487069826563,0.716115019866019,0.283884980133981,0.9326677418907214,1.6805384047768075,-1458.339559752768
830,-213.3400390102272,1.0,0.16686800712275793,2.0,3.0,0.0,213.49275937332084,0.158412143029135,0.841587856970865,0.45558776665483997,1.0252132951502655,-1458.694733557192
831,-212.30464624303923,0.8095865867557345,0.18267628987911633,3.0,7.0,0.0,214.0836448550281,0.4745600024138564,0.5254399975861437,1.1223013118170475,0.8667547209447739,-1455.2181678468057
832,-214.10137002632098,0.7607142877104734,0.12831397245528595,2.0,7.0,0.0,214.41524013296177,0.46676159093051167,0.5332384090694884,0.8418478068291819,0.9092241309930669,-1468.0273249743755
833,-214.59189811500545,1.0,0.16148718527119207,3.0,11.0,0.0,215.06717006391588,0.9470983287939874,0.052901671206012635,1.060842624211212,2.1380649718036286,-1456.7498247081348
834,-213.2435719954862,0.9940024578498274,0.16686800712275793,3.0,9.0,0.0,214.03618156882695,0.13184015786253292,0.8681598421374671,0.5332309063107601,1.0226398808684514,-1456.913019136689
835,-212.54751829905234,0.9550212477184082,0.18267628987911633,2.0,3.0,0.0,213.28164418894693,0.681604733684006,0.318395266315994,1.2670252289423503,0.8087008438342083,-1455.7219210561839
836,-213.99800300551757,0.9452669397237744,0.12831397245528595,3.0,7.0,0.0,215.5007269047435,0.3793119267158672,0.6206880732841328,1.2152015779611607,1.1864983698694973,-1465.7643178729215
837,-212.09633945682526,0.9517508509156254,0.16148718527119207,4.0,15.0,0.0,215.95874376330212,0.5979775294203377,0.40202247057966234,0.8155853565448943,1.3867861377822766,-1453.0279873453205
838,-212.21434031858712,0.9986441631646452,0.16686800712275793,4.0,19.0,0.0,214.71717629183672,0.4266953775723794,0.5733046224276206,0.8126961601546144,1.308929048864657,-1454.1487732702649
839,-213.18410422932232,0.9572021687822477,0.18267628987911633,2.0,7.0,0.0,213.51675274204467,0.484921040821606,0.515078959178394,1.2229670041116487,0.6127027725505277,-1461.4255567184503
840,-214.03801766738118,0.9226710898334997,0.12831397245528595,4.0,23.0,0.0,216.73014609256742,0.6925350575405125,0.3074649424594875,1.4870317706304095,0.5727376219993945,-1465.644794492742
841,-215.65395965438134,0.8697938975432596,0.16148718527119207,3.0,15.0,0.0,216.3616566328654,0.028306361501951458,0.9716936384980486,0.6044702331872297,1.2007630781204628,-1463.3020889960965
842,-213.0363756873633,0.6461800344527383,0.16686800712275793,2.0,7.0,0.0,215.2629831771841,0.6091320985906671,0.3908679014093329,0.7813597346622387,1.1537812977740394,-1460.0131612753328
843,-212.18663917216153,1.0,0.18267628987911633,2.0,7.0,0.0,213.50862298453885,0.6669544752097115,0.3330455247902885,1.2017107109689684,0.8120195108093653,-1453.5242985436043
844,-213.7166476281458,0.991404895825249,0.12831397245528595,4.0,23.0,0.0,214.83497795061012,0.13233673229098927,0.8676632677090107,0.8918860477649613,0.9442696121102678,-1459.8946868377363
845,-215.7017670390402,0.9901725591495367,0.16148718527119207,3.0,15.0,0.0,216.4337557747482,0.02914556029662834,0.9708544397033717,0.3843343135924035,0.913403252131995,-1464.5407125698052
846,-213.51939713147883,0.9952685342618957,0.16686800712275793,3.0,11.0,0.0,214.1270874563176,0.2327910561813636,0.7672089438186365,0.7048707080896276,1.3236852441263511,-1461.098443780943
847,-213.03114973669332,0.9585270623327351,0.18267628987911633,3.0,15.0,0.0,213.33149802136066,0.6580824732768354,0.34191752672316456,1.4651080509739691,0.4898498932166865,-1459.2027022238567
848,-213.54213576532734,1.0,0.12831397245528595,1.0,1.0,0.0,213.7317511196636,0.1372940108983401,0.86270598910166,0.909712997691721,0.9534805733682512,-1458.860829087886
849,-212.91180842281932,0.992560028793642,0.16148718527119207,4.0,15.0,0.0,216.53920280698108,0.28603788854827444,0.7139621114517256,1.1082007451304314,0.8905197209822628,-1458.024122240496
850,-213.65874571235165,1.0,0.16686800712275793,2.0,3.0,0.0,214.11591484730343,0.512554547235899,0.487445452764101,0.6020825821929243,1.1805427257152181,-1464.8053782730792
851,-212.3263743348071,0.8548501520204397,0.18267628987911633,3.0,7.0,0.0,213.7087829609455,0.6546410937498385,0.3453589062501615,1.3312005924294823,0.4332634437564059,-1454.7356736831055
852,-212.8809098895999,0.8267634506458198,0.12831397245528595,3.0,7.0,0.0,218.57010842948694,0.16251826176951967,0.8374817382304803,1.5650978521829166,0.9057893921003259,-1453.9294169439481
853,-212.97992999790065,0.9913127875022147,0.16148718527119207,3.0,15.0,0.0,214.29579185082198,0.3056341648835173,0.6943658351164828,1.6132865826709955,0.9302535009993321,-1457.5107989666728
854,-215.79769313153272,0.874653766974944,0.16686800712275793,2.0,3.0,0.0,216.18531396861775,0.6216819898649351,0.37831801013506494,0.5928413139363078,1.1597659906996851,-1479.2148455465458
855,-213.07979007964065,0.7418535323540764,0.18267628987911633,1.0,3.0,0.0,213.78387911611352,0.7596608236506621,0.24033917634933788,1.3578066451077928,0.5102098751729605,-1458.339104475744
856,-212.35905496155382,0.9932490745882535,0.12831397245528595,4.0,15.0,0.0,213.7179837523583,0.2953904797320724,0.7046095202679277,1.1969903903068733,1.0010663969106646,-1453.9797080248065
857,-214.6916786694577,0.970360887066581,0.16148718527119207,3.0,15.0,0.0,215.85740493358267,0.13190090328537235,0.8680990967146276,2.078253905081772,0.7779503259058358,-1463.815386614189
858,-212.40538407652545,1.0,0.16686800712275793,2.0,3.0,0.0,215.76827140862676,0.5474079026919436,0.4525920973080564,0.6604658702912711,1.3519809171661406,-1455.650896057687
859,-212.5473251620831,0.8514604495526547,0.18267628987911633,2.0,3.0,0.0,214.45483928260467,0.6944561501213019,0.3055438498786981,1.1051732347856316,0.6413045440611385,-1456.1061269779182
860,-212.20079316642193,0.9271090747184468,0.12831397245528595,5.0,39.0,0.0,215.76221357324457,0.5432984405046265,0.4567015594953735,1.321894301549205,0.6070959922258579,-1454.3758949649252
861,-215.29269867628386,0.844874278699518,0.16148718527119207,3.0,9.0,0.0,216.31357113527469,0.21880458273760173,0.7811954172623983,1.9198576705436678,1.0452696939262187,-1470.8606445358973
862,-213.78554564904695,0.8387335063144435,0.16686800712275793,4.0,15.0,0.0,216.13367480687407,0.3584866589769127,0.6415133410230873,0.2851078736752876,1.508187074467139,-1464.5910275743615
863,-213.99155994095315,0.9159054844714493,0.18267628987911633,3.0,15.0,0.0,215.27984641350733,0.9568875320080331,0.043112467991966885,1.037058171801976,1.1429602330497302,-1454.1226652789626
864,-212.41953122676867,0.9772769122758995,0.12831397245528595,4.0,27.0,0.0,212.8236754043944,0.6721564403667404,0.3278435596332596,1.2091156005046821,0.4761406549552276,-1455.4361611410184
865,-214.82147135266797,0.8041230606894151,0.16148718527119207,4.0,15.0,0.0,217.17072919235935,0.025790878041418865,0.9742091219585811,1.209894192966668,1.1060512439334491,-1456.166614575632
866,-212.0403634699343,0.9879228348733476,0.16686800712275793,3.0,15.0,0.0,215.78812213852348,0.487327831490014,0.512672168509986,0.8492712400401934,1.2203507681024752,-1453.2336050449487
867,-212.94436603845975,0.9773332263886204,0.18267628987911633,3.0,7.0,0.0,214.17008365082486,0.8557190645824866,0.1442809354175134,1.0863228025315723,1.0166876248951613,-1454.6063778244466
868,-212.24348033654104,1.0,0.12831397245528595,1.0,3.0,0.0,212.47482701289042,0.6667541443166473,0.33324585568335274,1.2757943281649302,0.4602424641534803,-1454.1469866552688
869,-216.2273473020773,0.98937899751054,0.16148718527119207,3.0,15.0,0.0,219.3513761802056,0.011600427548269827,0.9883995724517302,2.45040283233914,1.0977350949819857,-1456.5539338828653
870,-212.38687278845444,0.9430786975507509,0.16686800712275793,3.0,15.0,0.0,212.7388187979831,0.6892775427588016,0.3107224572411984,0.8283483154674761,1.3666647185492067,-1454.2666791735387
871,-212.53463039371775,0.8744556473011056,0.18267628987911633,2.0,7.0,0.0,215.12451611059026,0.5772258993072192,0.42277410069278076,1.1546256472625078,1.0533535469458881,-1456.2850396611545
872,-212.32671510264487,0.9218028681177569,0.12831397245528595,4.0,15.0,0.0,213.47154925952697,0.7347473255971102,0.2652526744028898,1.1289922139867936,0.8502660644198171,-1453.6798821822
873,-216.02788384777583,1.0,0.16148718527119207,2.0,3.0,0.0,216.22224532617457,0.011889090072283096,0.9881109099277169,2.4375655712844004,1.0775842298216014,-1455.4358896044457
874,-212.1757303325499,1.0,0.16686800712275793,2.0,7.0,0.0,212.5138808301554,0.6471527394555362,0.3528472605444638,0.8585278045117606,1.3324844088593057,-1453.286466223318
875,-212.50283004814312,0.9923981000028068,0.18267628987911633,3.0,15.0,0.0,213.3943867822191,0.7693890244414964,0.23061097555850363,1.0465324735165404,1.008781233218774,-1454.148384092766
876,-212.139034085345,0.9882840105635516,0.12831397245528595,4.0,27.0,0.0,213.28132899128886,0.5028589202216406,0.4971410797783594,0.665486727652591,1.4080624935294956,-1453.7337686384276
877,-215.51811578171825,0.5977320983749913,0.16148718527119207,3.0,15.0,0.0,218.4874585016804,0.04106873461906013,0.9589312653809399,2.1853642087266936,1.1228372876209811,-1461.191251675013
878,-212.19380814759114,0.9932474041323753,0.16686800712275793,2.0,3.0,0.0,212.2539390791876,0.6496433552187361,0.35035664478126394,0.8527114925833555,1.3304079007370748,-1453.4023139600645
879,-212.21967297033794,0.6189043906311233,0.18267628987911633,4.0,19.0,0.0,218.20172123863668,0.4330280818424999,0.5669719181575001,0.6157470821188943,1.266289393300668,-1454.5483839650055
880,-212.7237231322865,0.9745417684373346,0.12831397245528595,4.0,15.0,0.0,212.89339244755547,0.78083513132859,0.21916486867141005,1.0430951221703315,1.261055823399724,-1454.9363691981937
881,-212.39918497891188,0.9171639995426885,0.16148718527119207,4.0,15.0,0.0,218.5565794655027,0.25551418434702505,0.744485815652975,1.3936746406573295,0.9322010420257824,-1453.3104076029156
882,-212.47667382682258,0.9488005416635191,0.16686800712275793,2.0,3.0,0.0,212.66148275534076,0.6483935879568783,0.3516064120431217,0.8222056305617005,1.254173689552288,-1455.5818273176496
883,-213.05446209247194,0.9308104948366662,0.18267628987911633,3.0,15.0,0.0,213.6155929280819,0.11961446970950619,0.8803855302904938,1.1857588664016527,1.0285016951455264,-1454.052128636002
884,-213.3413698226484,0.8637083681498705,0.12831397245528595,4.0,15.0,0.0,214.1035923706302,0.8979498846733158,0.10205011532668418,0.9582253261151588,1.3524307848106725,-1454.8287271785352
885,-213.01218819017356,0.9423649471861193,0.16148718527119207,3.0,15.0,0.0,214.50854227297674,0.30979302249196633,0.6902069775080337,1.6925354714922012,0.7103856642121971,-1457.8707547802087
886,-213.8924345508899,0.9065924464399683,0.16686800712275793,3.0,11.0,0.0,215.0508126548924,0.8140448194427662,0.1859551805572338,1.0725468110447385,1.611557056419554,-1461.2389966599433
887,-212.98618040289986,0.997581027771656,0.18267628987911633,4.0,15.0,0.0,213.42120330078694,0.5248412829155917,0.47515871708440827,0.6398695886743152,1.6094953206227667,-1459.0728289200422
888,-213.15064211428648,0.8930508209871956,0.12831397245528595,2.0,3.0,0.0,213.59547329879436,0.8858988247066606,0.11410117529333941,1.0240478784055784,1.3862184740177195,-1453.9963838197823
889,-212.9876549798765,0.9276366207178786,0.16148718527119207,4.0,15.0,0.0,213.77898902805566,0.16822572878405956,0.8317742712159404,1.2116098803664617,0.9379912612599836,-1455.6542351045457
890,-212.64157837544292,0.9870145464813614,0.16686800712275793,2.0,7.0,0.0,214.41790288256865,0.7677801631801423,0.2322198368198577,0.992865733997351,1.409232640307652,-1454.3987984482237
891,-212.60621412225012,0.9999846334547028,0.18267628987911633,3.0,15.0,0.0,214.1676263371556,0.736875276169245,0.263124723830755,0.8619639342128621,1.6455044061588038,-1454.3202307389897
892,-213.13727316195352,0.9993759043033967,0.12831397245528595,4.0,31.0,0.0,214.74182506042175,0.08896353935637957,0.9110364606436204,0.2763904611146727,1.065839643791905,-1453.896124725419
893,-212.5707302979069,0.9624074450112182,0.16148718527119207,5.0,31.0,0.0,213.62010379003962,0.8020438828132,0.19795611718679995,1.0754609914766007,0.903264505873049,-1453.9710333923927
894,-213.32328651286278,0.8763205724211421,0.16686800712275793,3.0,15.0,0.0,215.97244217326607,0.579546521608466,0.420453478391534,1.0273258838463577,1.3727369910418337,-1461.2933542748647
895,-213.2442838685494,0.9200349588201643,0.18267628987911633,3.0,7.0,0.0,213.57902515707065,0.6411961918982959,0.3588038081017041,0.7752175500062778,1.7395265104516269,-1459.7573466864071
896,-216.03975891596048,0.7892383199182221,0.12831397245528595,2.0,3.0,0.0,216.84555841424861,0.0649316172119555,0.9350683827880445,0.165652104227554,1.3218255520710138,-1471.464952776456
897,-213.06263925763812,0.918401739606893,0.16148718527119207,2.0,3.0,0.0,213.28371170795668,0.8363050759768474,0.16369492402315255,1.1482828781383831,0.9290592949357531,-1456.1645772875436
898,-213.69683217957234,0.943071661922456,0.16686800712275793,4.0,27.0,0.0,214.7941525415824,0.9409848133491137,0.05901518665088634,1.095884856356757,0.820818910367055,-1454.577806963883
899,-213.44994958947387,0.7785763980595735,0.18267628987911633,2.0,3.0,0.0,214.2879743446554,0.6582937523255252,0.3417062476744748,0.6665122421420608,1.7587337309563913,-1461.0998598111587
900,-213.0694116645728,0.9946211154533701,0.12831397245528595,3.0,15.0,0.0,216.27638669059172,0.2930814597041692,0.7069185402958308,1.0799966325893438,1.167427876051255,-1458.773591641549
901,-214.04322982623964,0.7845901367418718,0.16148718527119207,2.0,7.0,0.0,215.69012665838608,0.8732112612005062,0.12678873879949382,0.9256899900186615,0.878347575531615,-1461.9495177780211
902,-214.1072167905479,0.9912214260505884,0.16686800712275793,3.0,7.0,0.0,214.42311519258166,0.9644404147177468,0.035559585282253225,1.0290456153900676,0.6982823210222167,-1454.3667223808209
903,-212.86220973291333,0.6818185585603554,0.18267628987911633,4.0,19.0,0.0,216.00391474496533,0.5057812425277364,0.4942187574722636,0.6697178134646874,1.1932881503601946,-1459.2061365328673
904,-213.85155382772393,0.9921860204122983,0.12831397245528595,3.0,15.0,0.0,215.07304834325706,0.07372481649789958,0.9262751835021004,0.14261809882150905,1.0057811555404759,-1457.8027417154785
905,-213.61207617748764,0.9597212870421273,0.16148718527119207,2.0,7.0,0.0,214.77799198732473,0.8010516527906617,0.1989483472093383,1.2375481427019837,0.8871472318167121,-1460.8915768418
906,-212.00764667983003,0.9934029459049918,0.16686800712275793,4.0,15.0,0.0,214.56942939294197,0.4178545769142695,0.5821454230857305,0.6698270520918487,1.310165477131295,-1452.8621597186943
907,-212.7642958403191,0.9960634596492972,0.18267628987911633,3.0,15.0,0.0,213.3662469057956,0.4391216563805625,0.5608783436194376,1.0741766684701062,1.1776332221289139,-1457.8505379990759
908,-215.68583820721028,0.8762844677187344,0.12831397245528595,2.0,3.0,0.0,216.2927867682742,0.11758859283328911,0.8824114071667108,0.04164910575168121,0.9372343626248416,-1473.494385273711
909,-212.37274314446736,0.9968670731315541,0.16148718527119207,3.0,7.0,0.0,213.91595288876724,0.4543051614169465,0.5456948385830536,1.0287830514574716,0.9544462676861603,-1455.6843349619087
910,-212.48548055389853,0.9802795903743101,0.16686800712275793,4.0,15.0,0.0,212.62676626725923,0.20533710517392484,0.7946628948260752,0.21737811320163805,1.2325291750476268,-1453.9218350246354
911,-213.30809182117147,0.9954885304791207,0.18267628987911633,4.0,15.0,0.0,213.51007357377588,0.239736677588034,0.760263322411966,0.08040937725771032,1.2085159137125085,-1460.4543047614532
912,-212.8490124727104,0.919314667169425,0.12831397245528595,4.0,19.0,0.0,217.47562279530507,0.8210041396906275,0.17899586030937253,0.8820229018194851,1.6446638107025906,-1454.0550784221975
913,-212.80617309068776,0.9238002881596469,0.16148718527119207,2.0,3.0,0.0,213.29283847915946,0.5064890269590839,0.49351097304091607,1.2479408948792188,1.0282393952459368,-1458.1779644242151
914,-213.652389907094,0.8953383797240657,0.16686800712275793,3.0,11.0,0.0,215.1845228296961,0.0739996537591464,0.9260003462408536,0.9072949606400498,1.1157152375359127,-1455.556005700854
915,-213.6870682158881,0.7047890718875754,0.18267628987911633,2.0,3.0,0.0,214.588495575696,0.156180465692703,0.843819534307297,0.1137730298104541,1.3453245045595883,-1460.5250262026302
916,-213.74907371973927,0.905092426682846,0.12831397245528595,4.0,15.0,0.0,214.15081521279822,0.8762625235367689,0.12373747646323108,0.8564055564300874,1.965110584310052,-1457.2117327145982
917,-214.0457642864947,0.8953053092566435,0.16148718527119207,4.0,31.0,0.0,215.91618219150268,0.9632837898066355,0.03671621019336446,1.08893661536481,-0.6068086170897828,-1454.1485947307235
918,-212.59362803145254,0.7515149954968614,0.16686800712275793,4.0,19.0,0.0,216.84486161511742,0.5089120482589894,0.4910879517410106,0.9082807064889882,1.0198529524479234,-1457.3559449413283
919,-213.02389414732858,0.8137081840728814,0.18267628987911633,2.0,3.0,0.0,215.21148859831095,0.1616182268189045,0.8383817731810955,0.04416554670876839,1.2847700293411777,-1456.2827514427886
920,-213.4814255064635,0.7891309793203265,0.12831397245528595,2.0,7.0,0.0,214.6359209250433,0.8930448757826986,0.10695512421730136,0.9856625162723255,1.8728070189832622,-1454.587401944362
921,-212.62475515335385,0.9992066925316649,0.16148718527119207,4.0,15.0,0.0,214.3695405122513,0.8548180880676992,0.1451819119323008,1.1739711683190497,0.13483022604137124,-1453.140077500338
922,-213.1936364042069,0.8718072248893722,0.16686800712275793,3.0,11.0,0.0,216.0163763666799,0.10507399666596229,0.8949260033340377,0.9807761625799677,1.0845850145631701,-1454.5125001984832
923,-213.222597125369,0.9847250506951541,0.18267628987911633,3.0,7.0,0.0,214.12620901827978,0.29030232696532454,0.7096976730346755,0.15557149940036819,1.3442411318221328,-1460.3958304192463
924,-213.19663532167232,0.998735439241597,0.12831397245528595,2.0,5.0,0.0,213.5370809523014,0.8507386494155319,0.1492613505844681,0.8882132824619652,1.8354601687822865,-1454.8644367116526
925,-214.1512174595629,0.8192442258803808,0.16148718527119207,3.0,7.0,0.0,214.91721793028697,0.7560486522986576,0.2439513477013424,1.4227764036345292,0.029655686139472455,-1465.8784103730177
926,-213.39852593390762,0.8720990095132878,0.16686800712275793,4.0,15.0,0.0,214.04443323082475,0.10810004612915237,0.8918999538708476,1.0575267248026539,1.1104177820241392,-1455.91651384266
927,-213.32418058790157,0.9821410526420772,0.18267628987911633,3.0,7.0,0.0,213.47764382137828,0.29680788724286644,0.7031921127571336,0.14758025955511503,1.3141742685067548,-1461.258131180233
928,-212.98648721689938,0.9101217462574087,0.12831397245528595,2.0,7.0,0.0,213.53324993972208,0.8215841808217563,0.17841581917824367,0.892148992030569,1.7830682666203015,-1454.5620237616113
929,-213.37111134513887,0.9995497026426029,0.16148718527119207,3.0,15.0,0.0,214.80952226784092,0.9385725173704093,0.061427482629590746,1.0736843300083356,0.07613110763858968,-1453.2051598328105
930,-212.2113542338614,0.7859018119571711,0.16686800712275793,4.0,15.0,0.0,215.94492393170518,0.3417801097158571,0.658219890284143,1.2637167573714658,0.9081716785359517,-1453.507973934123
931,-212.89683690603863,0.9428241368111946,0.18267628987911633,4.0,15.0,0.0,213.88813285726985,0.5993337894790567,0.4006662105209433,1.4976972865735996,0.49887443485065947,-1458.6331573229472
932,-215.22167825547922,0.6717262121935001,0.12831397245528595,3.0,15.0,0.0,218.53666036076555,0.9035969799589134,0.09640302004108658,0.7856838624635067,1.8257509933203329,-1466.4284094370341
933,-213.6282434515673,0.8212509530235662,0.16148718527119207,3.0,7.0,0.0,214.88272741232723,0.8976757732542585,0.10232422674574149,1.2604211577514033,0.1907088387241529,-1457.7958149288731
934,-212.54868561428916,0.9610371933579778,0.16686800712275793,4.0,31.0,0.0,212.6975382633891,0.6649582140796968,0.3350417859203032,1.056303018680275,1.1950896872677714,-1455.6654162299378
935,-213.2434881229081,0.998745580094944,0.18267628987911633,4.0,15.0,0.0,214.79124010463445,0.09362427487278374,0.9063757251272162,0.6586107570144865,1.0352338473764868,-1454.694074932093
936,-213.54590538401627,0.9830068829889712,0.12831397245528595,3.0,7.0,0.0,214.6753874969553,0.9166434051531289,0.08335659484687108,0.9851838419683006,1.7875631352004175,-1453.76124061286
937,-212.96452944017432,0.9880646098983874,0.16148718527119207,3.0,11.0,0.0,214.08902292939845,0.8990173778007646,0.10098262219923537,1.0815289404760655,0.36145943725324636,-1453.4105341203676
938,-214.863004432142,0.7617815918518216,0.16686800712275793,3.0,15.0,0.0,218.80993477388344,0.07172943730403307,0.928270562695967,0.5105906349733591,1.249005382417979,-1463.9338342080287
939,-212.77401660307,0.8851587898902629,0.18267628987911633,3.0,15.0,0.0,215.06625388687723,0.11038832092560717,0.8896116790743929,0.20346490316908072,1.1625880165884426,-1452.5570419896794
940,-212.77084658167988,0.9792101970111499,0.12831397245528595,3.0,11.0,0.0,213.9408707440723,0.6495567879394671,0.35044321206053286,0.7199216267918851,1.6554350876935406,-1456.731478458408
941,-212.96963858363415,0.9970646696812301,0.16148718527119207,3.0,7.0,0.0,213.32115878157666,0.7266095888320904,0.27339041116790963,1.2850844910353727,0.17078060663525457,-1458.5265365158791
942,-215.7342416742303,0.9859011317452442,0.16686800712275793,2.0,3.0,0.0,216.05373195237638,0.04569530690064935,0.9543046930993506,0.432092039439362,0.8983210032231906,-1467.7425667712268
943,-214.34194049014238,0.9265947624303841,0.18267628987911633,4.0,15.0,0.0,216.1447753462142,0.9729699328130976,0.027030067186902373,1.03423719887021,0.6503124841156914,-1454.2010498629809
944,-213.0268025053195,0.9738596482479587,0.12831397245528595,3.0,7.0,0.0,213.64898626014144,0.5449636132298495,0.45503638677015046,0.6631091103930594,1.6315304349891218,-1459.2266066523741
945,-212.57970952279285,0.7779749521236227,0.16148718527119207,2.0,3.0,0.0,214.2175778191561,0.7054890992062527,0.2945109007937473,1.2403055471213258,0.3295259746886148,-1456.1723457253954
946,-213.5545683664135,0.9669080380580483,0.16686800712275793,3.0,11.0,0.0,216.54129059440402,0.44996281681320627,0.5500371831867937,0.6485619488311765,1.592259646444389,-1462.984636294657
947,-213.78996074429534,0.7990401454868418,0.18267628987911633,4.0,15.0,0.0,216.79734133427854,0.9048492841862593,0.09515071581374068,1.0984527648960976,1.383516534333397,-1457.1743362609145
948,-213.1256715289323,0.8910919198391746,0.12831397245528595,1.0,3.0,0.0,213.84362152049678,0.5430677258556761,0.4569322741443239,0.7916026869903328,1.5905472611797367,-1459.8668385566755
949,-212.50690274801136,0.999579837263295,0.16148718527119207,4.0,15.0,0.0,212.93596192323977,0.8041606867824417,0.19583931321755832,1.2393400188028092,0.20424123415037465,-1453.8149904513036
950,-212.54279702595292,0.9819708697338352,0.16686800712275793,3.0,11.0,0.0,214.47768022264236,0.17336208060727748,0.8266379193927225,0.6744302042012708,1.139953181221348,-1453.2586806789927
951,-212.9476623209902,1.0,0.18267628987911633,4.0,15.0,0.0,213.87641196665976,0.8255148660291738,0.1744851339708262,0.9896032097015103,1.5913309811382308,-1454.5732302925828
952,-213.19600555607093,0.9209720174119064,0.12831397245528595,4.0,19.0,0.0,214.9022646854246,0.666321563416676,0.33367843658332397,0.7083932497151789,1.7473940645779225,-1459.2497929664512
953,-213.32383043867728,0.9950941169933828,0.16148718527119207,3.0,15.0,0.0,214.58316662593901,0.9325891892094439,0.06741081079055611,1.1029222776496215,-0.20191688747502806,-1453.3912898633398
954,-214.95985893755866,0.8142443130986534,0.16686800712275793,3.0,15.0,0.0,216.75346895912514,0.040485559397514435,0.9595144406024856,-0.12933279008043327,1.232139893661215,-1461.1274235596384
955,-213.18102456401596,0.8959485965911133,0.18267628987911633,2.0,7.0,0.0,213.72481681009984,0.7903703249307997,0.20962967506920027,0.8008816690392256,1.5167302485989094,-1457.6442828107715
956,-213.59961556409542,0.8963566771013074,0.12831397245528595,3.0,11.0,0.0,214.520584657054,0.8582362488330955,0.14176375116690454,1.013976087175591,1.829458844479478,-1457.1651615972394
957,-213.3898766653051,0.9999752103068704,0.16148718527119207,3.0,7.0,0.0,213.4924084731719,0.9299746700113989,0.07002532998860111,1.1416088283118289,-0.32840314238087664,-1453.9580815081622
958,-214.2122520036848,1.0,0.16686800712275793,2.0,3.0,0.0,214.78242644194972,0.0515552680547446,0.9484447319452554,-0.15826199004171568,0.9993745064367505,-1457.9939669403598
959,-212.6709866335783,1.0,0.18267628987911633,2.0,7.0,0.0,213.2549283163733,0.7759164950892693,0.2240835049107307,0.8462037869774118,1.5878308152889047,-1454.1990981796398
960,-213.17085767682906,1.0,0.12831397245528595,3.0,7.0,0.0,213.5589082028687,0.7842005149259349,0.2157994850740651,0.928756725229409,1.7930162250710626,-1456.7397235496285
961,-215.04788317405485,0.7741462641263902,0.16148718527119207,3.0,15.0,0.0,218.0668299554362,0.9861883359238541,0.013811664076145869,1.0283184965473962,0.8416143116603902,-1454.296724889073
962,-214.6121106838585,0.9886083210975984,0.16686800712275793,3.0,7.0,0.0,214.96737649919012,0.0359616674741149,0.9640383325258851,-0.2971554505165322,0.9849342919995389,-1458.3506856141887
963,-212.819312837736,0.9689940601309089,0.18267628987911633,3.0,7.0,0.0,212.9836258219656,0.7721685414883369,0.2278314585116631,0.9862066251027776,1.5253035608866101,-1455.2513955397396
964,-213.32348258351826,0.9790347091313961,0.12831397245528595,2.0,7.0,0.0,215.40925503886248,0.9057192363964286,0.0942807636035714,0.9769687303225716,1.4904726946497084,-1453.8474945671608
965,-217.27470063533568,0.7249871812414592,0.16148718527119207,4.0,15.0,0.0,218.69682392996037,0.9885207074599279,0.011479292540072072,0.8749205321738139,1.7110341094706434,-1466.7534091855207
966,-213.5601625471661,1.0,0.16686800712275793,2.0,7.0,0.0,214.98049346251517,0.07389804459895093,0.9261019554010491,-0.3550383507490577,1.190086605233463,-1455.3640675115544
967,-214.96001584318253,0.4918457462045473,0.18267628987911633,2.0,3.0,0.0,216.00542115926197,0.8349224206760585,0.16507757932394151,0.7335888735431586,1.5307394640865328,-1468.7137691430526
968,-213.79246895094576,0.9970569857380663,0.12831397245528595,4.0,31.0,0.0,215.48071412318308,0.061948648935610355,0.9380513510643896,-0.17696170968275637,1.0330295172649715,-1456.2222373769305
969,-216.1538616006832,1.0,0.16148718527119207,2.0,3.0,0.0,217.1843046854745,0.9902989845787703,0.009701015421229697,1.1227706057870155,1.6770307135336333,-1457.5326183186112
970,-215.77870057381503,0.6311290995585991,0.16686800712275793,2.0,3.0,0.0,216.7351902278252,0.10082228001862381,0.8991777199813762,-0.42082136445716073,0.9738807260513859,-1472.9913492768706
971,-215.907377709849,0.9386592829932733,0.18267628987911633,4.0,15.0,0.0,217.70990359324608,0.018649013879879293,0.9813509861201207,1.7378260740532323,1.1441183086100222,-1460.06087093604
972,-212.2682109243646,0.998268505618808,0.12831397245528595,4.0,23.0,0.0,214.93120564006037,0.6053321107319726,0.3946678892680274,0.9565446354840289,1.0921017279414935,-1454.5871962795256
973,-213.4271541288224,0.7293295494530839,0.16148718527119207,2.0,7.0,0.0,219.04694945220885,0.9167367537232677,0.08326324627673232,1.0029754983236077,1.4972664070537829,-1453.7267391856724
974,-214.36121425250928,1.0,0.16686800712275793,2.0,3.0,0.0,215.59914295840284,0.1094182078360417,0.8905817921639583,-0.40718142188837814,1.063243476587993,-1463.551088184899
975,-215.0729606675401,0.8751165892056768,0.18267628987911633,3.0,15.0,0.0,217.27279245674134,0.09710439235650317,0.9028956076434969,2.168861197750825,1.0794043102733408,-1463.7893301877843
976,-212.2205411381089,0.9997971710632366,0.12831397245528595,3.0,15.0,0.0,213.0481546941036,0.612277338355383,0.387722661644617,1.0371883767758803,1.0289442704136058,-1454.1909066683615
977,-213.69832938436315,0.9534000564759326,0.16148718527119207,3.0,7.0,0.0,213.90975124813767,0.9357087550284341,0.06429124497156591,1.0341107796277134,1.4572783517125756,-1454.0024660690383
978,-214.49166850436535,0.93982765879703,0.16686800712275793,2.0,3.0,0.0,215.57335924129887,0.12918922058609408,0.8708107794139059,-0.4890141269389678,1.268939194776615,-1464.9669887159685
979,-214.90861068606054,0.7688636881730524,0.18267628987911633,2.0,7.0,0.0,217.54531877097705,0.047697874960503074,0.952302125039497,2.1295967428233866,0.8972953802153354,-1458.5678931363025
980,-212.1392540899393,0.9496647926789338,0.12831397245528595,4.0,19.0,0.0,212.66775173209098,0.39831320964241135,0.6016867903575887,0.9031582650125783,1.1520011939309702,-1453.6878393589059
981,-213.63243745444885,0.9684095364013818,0.16148718527119207,4.0,15.0,0.0,214.42564904814714,0.6780625713265249,0.3219374286734751,0.7383666747691767,1.8403935772282995,-1461.8122259816141
982,-216.35244426539384,0.6233634706186191,0.16686800712275793,3.0,11.0,0.0,219.0220047601391,0.09893385322418316,0.9010661467758169,-0.5271397260327133,0.9618689648728795,-1476.7715633410469
983,-214.15082536290927,0.9903100094588339,0.18267628987911633,3.0,15.0,0.0,216.9898166718068,0.0433175553824904,0.9566824446175096,1.287331454452751,1.07579136568298,-1454.8805090714402
984,-212.30940670859624,0.9721066770951301,0.12831397245528595,4.0,15.0,0.0,212.73334064805582,0.23261502368259113,0.7673849763174089,0.5309893017063853,1.150635767334259,-1453.2917592134916
985,-212.86526184674835,0.9422097965290259,0.16148718527119207,3.0,11.0,0.0,215.316346503899,0.8807352272380196,0.11926477276198044,1.0804983867638065,0.5897195461634945,-1453.5467801140983
986,-214.66903695920507,1.0,0.16686800712275793,1.0,3.0,0.0,216.19628030186948,0.10071617459500838,0.8992838254049916,-0.5757903796237841,1.0677701758625682,-1465.020730497286
987,-214.5559745102119,0.900066275930921,0.18267628987911633,1.0,1.0,0.0,214.5648122125355,0.04207996445634855,0.9579200355436515,1.2996988701262293,1.1183206353365343,-1457.3796801272983
988,-214.20304130883474,0.9935289581001585,0.12831397245528595,4.0,23.0,0.0,214.68452699597506,0.05276362558538076,0.9472363744146193,-0.7054467351506915,1.0630141233288533,-1457.5601589747891
989,-212.32072215507313,0.9613089983002818,0.16148718527119207,4.0,23.0,0.0,213.62751271635798,0.3314534862005993,0.6685465137994007,1.1647059525895225,1.0164137547826135,-1454.1867964225937
990,-215.84651557301615,0.9889603209171437,0.16686800712275793,4.0,31.0,0.0,216.43670545946478,0.010370792813633794,0.9896292071863662,-1.0871977479342307,0.9842752923465099,-1457.525858706317
991,-213.40452260874852,0.9799069028935852,0.18267628987911633,2.0,7.0,0.0,214.9188538939946,0.08359589833123846,0.9164041016687615,1.3609082500744736,1.0206563316427202,-1453.9010720384838
992,-214.36381609644022,0.9883118585242681,0.12831397245528595,3.0,7.0,0.0,214.7238956230887,0.0417872456993004,0.9582127543006996,-0.6092275882769432,1.0243590320701665,-1457.3181328831693
993,-212.22036363149704,0.9990455376702492,0.16148718527119207,3.0,15.0,0.0,212.77772058229658,0.27726236939580584,0.7227376306041942,0.7597465610857732,1.1504826825082506,-1453.2208157665323
994,-216.5928780828108,0.9938783762233625,0.16686800712275793,3.0,7.0,0.0,216.9205446132882,0.002998478208744453,0.9970015217912556,-1.0296865723459907,1.0456539925688417,-1454.1586019433273
995,-214.13044248270873,0.8394817169421106,0.18267628987911633,2.0,3.0,0.0,214.29058118562997,0.08649656064682794,0.913503439353172,1.3521191432846975,1.124805302461426,-1458.9569235273812
996,-214.54773458406154,0.9586078702925381,0.12831397245528595,5.0,35.0,0.0,216.0272156420292,0.9313371207520457,0.06866287924795433,1.2516537256349647,-0.555930901198778,-1461.4295197474285
997,-212.22290070936654,0.9900959112953764,0.16148718527119207,2.0,5.0,0.0,213.3641840596229,0.3689152336551346,0.6310847663448653,0.5069292907253355,1.2882680750415016,-1454.2608496314956
998,-215.40450071782962,0.9936213687772902,0.16686800712275793,3.0,11.0,0.0,217.0493564137337,0.011614714926598655,0.9883852850734014,-1.1664887120732135,1.0686474561477965,-1454.942485566163
999,-212.34146833295029,1.0,0.18267628987911633,3.0,11.0,0.0,214.35918524025234,0.7871078647246693,0.21289213527533069,1.1508375307881669,0.49023986072086845,-1453.1120394111556
