draws,lp__,accept_stat__,stepsize__,treedepth__,n_leapfrog__,divergent__,energy__,rho.1,rho.2,gamma.1,gamma.2,nu.1,nu.2,mu.1,mu.2,log_prob_data
0,-418.6873672854283,0.947394388888286,0.10638009832687431,4.0,31.0,0.0,423.57080643935467,0.9107036555509976,0.08929634444900236,0.8979560017112255,0.10204399828877453,-2.3350656620057606,-0.8810320617375652,1.0293229519547042,0.3881107365646099,-2851.923333250264
1,-417.81584692549836,0.957113666740124,0.11670692469842758,3.0,15.0,0.0,419.64405293142005,0.5119435411434343,0.4880564588565657,0.792969557508788,0.20703044249121205,-2.3199138300259095,-1.5027834227118024,1.0303864676305814,1.1251419077058367,-2855.5010895235673
2,-421.7258818912635,0.6303129409722975,0.1282460608506968,2.0,7.0,0.0,423.03202806505044,0.21615319107088143,0.7838468089291186,0.4691584763430994,0.5308415236569006,-2.5539681604315367,-2.247959506806353,0.6380595216338792,1.0526359903975941,-2880.0093844965086
3,-420.9562370554212,0.991514702790152,0.12587532214707559,4.0,31.0,0.0,422.61721484664207,0.9193907419946298,0.08060925800537022,0.5671714324126824,0.4328285675873176,-2.638636931681576,-1.3772683274913753,1.0383970306779378,0.6555268155927022,-2871.2336046046335
4,-419.7722268753873,0.7197222406564349,0.10638009832687431,3.0,7.0,0.0,426.07246661342475,0.8761248150103328,0.12387518498966721,0.8866906725130309,0.11330932748696909,-2.211687827039062,-0.9310775071770808,0.8679891820686847,0.31005942318055113,-2862.764477451998
5,-419.17059143722537,0.9210653327226723,0.11670692469842758,4.0,23.0,0.0,419.5808035458789,0.34891285877984674,0.6510871412201533,0.9256374484649994,0.0743625515350006,-2.3185368381820606,-1.2980424254589713,0.6894813251459085,0.9095857523033365,-2859.583170845767
6,-417.55400014434986,1.0,0.1282460608506968,3.0,15.0,0.0,422.100837233643,0.2089227915269764,0.7910772084730235,0.4239480154645713,0.5760519845354287,-2.2357680993286366,-1.8957537921703758,0.7979657553876055,1.0406405609616964,-2853.2836868699533
7,-421.0361528880405,0.8726320738583,0.12587532214707559,5.0,31.0,0.0,425.34187992159997,0.5399941801893999,0.46000581981060007,0.9948014732986907,0.0051985267013092695,-2.0700947682880204,-1.2132217362722255,0.7078765611815818,1.3840040668268152,-2855.369884775976
8,-425.1784470104085,0.5664795694911747,0.10638009832687431,3.0,7.0,0.0,427.18647014156426,0.9124971500721053,0.0875028499278947,0.7316188545648769,0.26838114543512315,-2.5969504555171237,-0.9483089828412633,0.8030413957906274,0.3344974052654465,-2901.0701853018804
9,-420.271510811349,0.9906202001109158,0.11670692469842758,5.0,31.0,0.0,421.6160860210768,0.8994953145170583,0.10050468548294167,0.29685724368045346,0.7031427563195465,-2.3326469066238356,-2.243487531602189,1.0183419757403172,1.5449413320668843,-2863.7069802677847
10,-419.3692949269227,0.9631719997689231,0.1282460608506968,3.0,7.0,0.0,421.00058327266436,0.146725846389669,0.853274153610331,0.5226403120011611,0.4773596879988389,-2.6936707549237955,-1.5699986466703257,0.6525640446904521,0.9924128159096139,-2863.3450329867114
11,-419.885648932034,0.9965061285951369,0.12587532214707559,3.0,15.0,0.0,421.25188643793,0.6145037418413939,0.3854962581586061,0.9932342475943474,0.006765752405652581,-2.102173878767038,-0.9545541718746502,0.7583407596896367,1.1953955514349504,-2849.6287878289413
12,-420.63255529892626,0.9742492164489743,0.10638009832687431,3.0,7.0,0.0,428.11696415209826,0.8980669724079225,0.10193302759207745,0.9359759833505759,0.06402401664942414,-2.2381114834100244,-1.7858757835531704,1.1836289364854935,-0.10751654129177887,-2861.368825373062
13,-421.3525125054594,0.8244575845049454,0.11670692469842758,4.0,15.0,0.0,423.3044439172151,0.8193298962209459,0.18067010377905413,0.9707999527031129,0.029200047296887077,-2.0112955581118883,-2.298710536144737,0.7730269937875218,1.8277807158627324,-2861.333673248851
14,-417.27108129546156,1.0,0.1282460608506968,3.0,7.0,0.0,419.5392707386354,0.25594211951569945,0.7440578804843005,0.6942076736687324,0.3057923263312676,-1.9565469767856225,-2.412928645088151,0.49591834876716806,1.0729615780476962,-2850.7053826343135
15,-420.1672075731016,0.960250355992121,0.12587532214707559,4.0,31.0,0.0,424.30096231812854,0.9593860263956304,0.04061397360436958,0.8789736099823673,0.12102639001763271,-2.198976455322052,-1.0669946963724997,1.0622426970908228,1.3007496702196757,-2856.923728118719
16,-421.12604287184877,0.8726851562808123,0.10638009832687431,5.0,31.0,0.0,422.62590870010496,0.8964224583004352,0.10357754169956479,0.9500841558272872,0.049915844172712776,-2.0453378645879408,-1.7139893810559008,1.1820154880022369,-0.06081713778989793,-2864.199803267232
17,-417.40169191660465,0.9766465357463344,0.11670692469842758,4.0,31.0,0.0,422.0098476794343,0.7474339668481027,0.2525660331518973,0.8132675708966406,0.1867324291033594,-2.158938789009308,-1.9616829732078385,0.8040226347706723,1.3703601749868792,-2849.2454939803406
18,-419.11306904109057,0.995924733715169,0.1282460608506968,4.0,31.0,0.0,419.8317865529459,0.9655405484728161,0.03445945152718388,0.23119112262272182,0.7688088773772782,-1.9611554729647604,-2.1597292542458555,0.8805950746602201,1.1268919507791604,-2850.575843429103
19,-418.11379393971106,0.979535707021483,0.12587532214707559,5.0,63.0,0.0,421.55264999627724,0.14424618575324544,0.8557538142467546,0.16502571793146872,0.8349742820685313,-1.825719235580639,-2.1328243931648743,1.0654556909469806,1.0106787211687238,-2851.417224259136
20,-420.95181671146406,0.9919825617221686,0.10638009832687431,3.0,7.0,0.0,422.9294419153541,0.8304744072855498,0.16952559271445022,0.9706241905017885,0.029375809498211503,-2.02863791440132,-1.8982578321871397,1.0240424161324402,0.06892019411222902,-2862.141269367541
21,-418.39104409556325,0.9427048454098619,0.11670692469842758,4.0,31.0,0.0,419.5848198352405,0.4551397462907789,0.5448602537092211,0.20526619127998746,0.7947338087200125,-2.478142830755747,-2.1590893605697397,0.7932746234772046,0.8992410980874476,-2857.416281013348
22,-418.93873236054037,0.9556562165898265,0.1282460608506968,4.0,15.0,0.0,422.8999221908301,0.8745365853022177,0.12546341469778233,0.12559094446931357,0.8744090555306865,-1.1462489098912048,-2.201829302599112,0.7932096046708396,1.8899091574189832,-2854.45467732872
23,-417.7513020531177,0.9938144178856163,0.12587532214707559,5.0,31.0,0.0,419.4305651319268,0.6677596130601687,0.33224038693983127,0.8710044002040951,0.1289955997959049,-2.0705769878981006,-2.5043027937845803,0.823860189781204,1.2786482884510242,-2849.1066330522976
24,-418.95978286884133,0.8410669230519764,0.10638009832687431,4.0,31.0,0.0,423.20670060238155,0.8931804782376008,0.10681952176239917,0.9371838896023097,0.0628161103976903,-2.122891382022323,-1.3058884346573296,1.0767766874810665,0.5682677010103588,-2851.631790146612
25,-421.5902075998529,0.9345477720853546,0.11670692469842758,4.0,31.0,0.0,422.99122276782117,0.45314860597054435,0.5468513940294557,0.0605047464469261,0.939495253553074,-3.1801829322399726,-1.929117694852101,1.4510172913994555,0.7177146403796252,-2868.588337467946
26,-420.85247296628745,0.8884527474892013,0.1282460608506968,5.0,31.0,0.0,422.2973475469641,0.925987758884665,0.074012241115335,0.9365615827189719,0.06343841728102806,-2.1209468228541395,-1.2698532634116662,0.7618705370252045,1.2311320821483864,-2862.041502345264
27,-419.79742301258466,0.46559022510216497,0.12587532214707559,4.0,31.0,0.0,425.63803266284424,0.7344472411643288,0.2655527588356712,0.5371853713962216,0.4628146286037784,-1.4916560207238945,-2.587325803894742,0.8881976630078017,1.0866616452245492,-2869.5497624498757
28,-419.92452409469496,0.8470644544541149,0.10638009832687431,4.0,31.0,0.0,423.5340337193764,0.9871728801443553,0.012827119855644664,0.6284492518946296,0.37155074810537037,-2.2716467949843837,-1.9518495960584896,1.0175300235347235,-1.1113924410404978,-2850.801373484539
29,-419.99056788806126,1.0,0.11670692469842758,5.0,31.0,0.0,423.11352241706834,0.5999053483878342,0.40009465161216584,0.9840200079419654,0.015979992058034576,-2.1489347350300037,-2.850235400848216,1.140577298690908,0.6045957643762706,-2850.2087441250046
30,-419.5840776181271,0.9940175560344847,0.1282460608506968,3.0,7.0,0.0,421.71910460083143,0.9145793803036482,0.08542061969635184,0.9286932943516848,0.0713067056483152,-2.2517501316674955,-1.2398906471627185,0.7994917969922973,1.2755550601204666,-2854.3579472091233
31,-418.2765591643248,0.866841510452222,0.12587532214707559,3.0,7.0,0.0,423.07260476685224,0.7450993676781765,0.2549006323218235,0.2162960562403284,0.7837039437596716,-1.6196770757787096,-2.34235307043083,0.7386653883402163,1.090601488994362,-2857.116540869867
32,-422.75289633285115,0.9285098040953883,0.10638009832687431,4.0,15.0,0.0,423.65636135956396,0.9912993961284153,0.008700603871584667,0.8589880020938061,0.1410119979061939,-2.1277690948793877,-1.8744710064503263,0.7976022940224126,-1.0708310315696115,-2864.3760055123075
33,-420.48573308819465,0.9363760115746861,0.11670692469842758,4.0,31.0,0.0,422.69476181081995,0.5812067156368477,0.41879328436315233,0.9880584370522241,0.01194156294777593,-2.092808562533088,-3.037374798952644,1.1042680458008738,0.6274308907948025,-2851.0422669003487
34,-417.51553523636915,0.9871583634575145,0.1282460608506968,5.0,31.0,0.0,420.6783299380354,0.481241121526697,0.518758878473303,0.17500559277131483,0.8249944072286852,-1.5234268684797372,-2.2580562102818407,0.6065088585261234,1.3594925955346893,-2852.8203910735856
35,-418.43615178216453,0.9481315301248019,0.12587532214707559,4.0,27.0,0.0,422.42215992324145,0.31887068940534363,0.6811293105946563,0.41784286348796784,0.5821571365120322,-1.9859764645630236,-2.3560456162550873,1.6561964751974925,0.697406093622193,-2859.1541890329545
36,-427.4706764604066,0.6170444415138571,0.10638009832687431,4.0,31.0,0.0,429.5029338504935,0.9869246040896805,0.013075395910319476,0.7695462712944677,0.23045372870553227,-2.342291107214269,-2.4278250655980513,1.187563945507146,-1.4048173737274827,-2898.11606876963
37,-420.3319926240665,0.9843551305494851,0.11670692469842758,4.0,15.0,0.0,421.8153737189496,0.579320720208175,0.42067927979182496,0.8788414963446917,0.12115850365530834,-2.06558699793881,-3.4457706885837536,1.0596521395420626,0.837794403732263,-2862.8142414600184
38,-417.42755608369777,0.6642586754208477,0.1282460608506968,4.0,31.0,0.0,419.8449953167565,0.47759000896818593,0.5224099910318141,0.6317623680342529,0.3682376319657471,-1.9212845663222382,-2.2448866837090935,0.8680864635433749,1.1489005916543662,-2854.494701158501
39,-417.1812157761079,0.9139825589655214,0.12587532214707559,5.0,31.0,0.0,421.07964749989327,0.36363358967449216,0.6363664103255078,0.873854672548167,0.12614532745183304,-2.2366932199327145,-1.3117083801005383,0.6361005625376264,1.0524655439233572,-2849.33165007256
40,-424.61781926733977,0.9735965760427312,0.10638009832687431,3.0,11.0,0.0,430.06490065281054,0.9960864441605466,0.003913555839453409,0.17270854644086325,0.8272914535591367,-1.5256015493895174,-2.2577814769462927,0.7360405465629571,-1.2120329761386632,-2873.2487838878255
41,-418.70768350116765,0.9887933013685654,0.11670692469842758,4.0,15.0,0.0,423.09894411274587,0.4593300798341662,0.5406699201658338,0.9322228070167414,0.06777719298325857,-2.07335825388705,-2.9883498607356485,1.146917597552601,0.7352079024750295,-2850.6055008418034
42,-422.25246467877923,0.8546402973933465,0.1282460608506968,5.0,47.0,0.0,426.41122578840094,0.9486432500228058,0.051356749977194194,0.9573541674975065,0.04264583250249354,-2.139840741946291,-2.995312755580623,0.9146621446700003,-0.7460284392995077,-2860.94616804114
43,-417.86465805634504,0.6533465200812357,0.12587532214707559,2.0,3.0,0.0,418.7571382492871,0.37991457584685456,0.6200854241531455,0.8777477380655545,0.1222522619344455,-2.3618212070777087,-1.359026392953606,0.6519336607292971,1.1026562600587537,-2853.273420255746
44,-425.8069337251844,0.999295478688159,0.10638009832687431,4.0,15.0,0.0,426.9588215758948,0.9989643978453779,0.0010356021546220617,0.11652801142700442,0.8834719885729956,-1.6188526564442158,-2.194047095162879,0.741491970745885,-0.7239614820483801,-2870.8358008995847
45,-419.826614401378,0.9531390293673472,0.11670692469842758,3.0,7.0,0.0,420.51665569778027,0.4734413546945746,0.5265586453054254,0.8510317961013497,0.1489682038986503,-1.9913769745429781,-3.2013063757547338,0.9922045101595952,0.7402343295829076,-2862.6005292454442
46,-421.7585343397538,0.9693070981057011,0.1282460608506968,5.0,31.0,0.0,423.85118710494345,0.9606229153779865,0.0393770846220135,0.6927643359165573,0.3072356640834427,-2.599049716495802,-1.306625476001937,0.8886417025464124,-0.08288758450044348,-2872.1011272255673
47,-418.3833290267231,0.9696794573183249,0.12587532214707559,4.0,15.0,0.0,421.0523657591959,0.3602349394238804,0.6397650605761196,0.9769851270868425,0.023014872913157514,-2.1656179867173533,-0.17138708087468985,0.8685873295316064,0.9164066253731364,-2848.285699955739
48,-423.97529307347844,0.9988302261377479,0.10638009832687431,3.0,7.0,0.0,426.5215816441391,0.9991073003135393,0.0008926996864606629,0.13693111319682555,0.8630688868031744,-1.5533383004438799,-2.206537082874387,0.8106944752950926,-0.6063770793057945,-2858.2859954882297
49,-418.5780865338868,0.9219161297452948,0.11670692469842758,5.0,31.0,0.0,423.2656836578632,0.5910911534764063,0.4089088465235937,0.8997797557012219,0.10022024429877807,-2.242718224487593,-1.469249451457216,0.5298836592364513,1.396126742815606,-2856.8731276907456
50,-422.185219583723,0.9912449244356827,0.1282460608506968,3.0,7.0,0.0,422.92145062299113,0.9686777602743897,0.031322239725610324,0.7054116175129068,0.2945883824870932,-2.6033312924541026,-1.3086061045756083,0.8707171371018424,-0.03227682597459511,-2873.3685207275466
51,-422.91738340279005,0.9544421752964641,0.12587532214707559,6.0,63.0,0.0,424.6630513962429,0.9921676215076042,0.00783237849239582,0.3962878026301424,0.6037121973698576,-1.4462783083617812,-2.4960437934246267,0.8055359620472518,0.8981153360395863,-2869.533883170746
52,-422.36546000077266,0.9648708615290569,0.10638009832687431,5.0,31.0,0.0,426.63464398851477,0.9948626263165468,0.005137373683453239,0.3733473136656516,0.6266526863343485,-2.2053366866271125,-2.121769478777647,0.7905487895746941,0.17191273656987283,-2862.4632289587125
53,-418.37334766296414,0.9977429972602695,0.11670692469842758,4.0,15.0,0.0,419.2915139352407,0.5740633745193152,0.4259366254806848,0.8997018817887735,0.10029811821122647,-2.202115379521539,-1.4063203747407986,0.5487585177853933,1.447659108687221,-2855.7114823931884
54,-419.9551176126708,0.9725462623751202,0.1282460608506968,3.0,7.0,0.0,424.00459580976514,0.9464003449871174,0.05359965501288255,0.2359856696497584,0.7640143303502416,-2.0329512766460978,-2.3431072265581507,0.9368291375034311,0.02126724438996222,-2859.451616896991
55,-423.24844728548885,0.9915621303369374,0.12587532214707559,5.0,31.0,0.0,426.5950292387526,0.005611959697170867,0.9943880403028291,0.9806680130573955,0.019331986942604518,-2.1931106466450108,1.1023577567377478,0.5665420574049769,0.911886632607362,-2854.265619435902
56,-421.4536969876292,0.9074877598937922,0.10638009832687431,2.0,7.0,0.0,426.54224170940284,0.996441479086626,0.0035585209133740525,0.4442407045044014,0.5557592954955985,-1.9731780407806472,-2.4252623215493614,1.0143762871653759,0.21562477459182644,-2853.293669565539
57,-420.73559438027576,0.9862151566991311,0.11670692469842758,5.0,31.0,0.0,421.40754794520984,0.9234935573168446,0.07650644268315543,0.9904644555445402,0.009535544455459788,-2.1653561897305997,0.4189760727352613,1.0105210005019345,1.2431836985208051,-2849.4106559184447
58,-421.3890908216691,0.8841357129490924,0.1282460608506968,4.0,31.0,0.0,424.211989209865,0.9613749721698743,0.03862502783012567,0.5912956823427462,0.4087043176572538,-2.6134421072850866,-1.816139610400438,1.0156720974417768,-0.9873102549188326,-2867.8153306946974
59,-418.0546197500927,0.8299829015911967,0.12587532214707559,6.0,63.0,0.0,425.53251423664307,0.2506469097403684,0.7493530902596316,0.17156337278875702,0.828436627211243,-1.3981745460841082,-2.376808510355768,0.6749735887378271,1.157755901895523,-2854.6736285982674
60,-420.9829947307106,0.9405821928881362,0.10638009832687431,5.0,31.0,0.0,422.7740120050035,0.9951383142759506,0.004861685724049436,0.4852748733134098,0.5147251266865902,-1.9212188165007638,-2.465242845616972,1.0205471509484725,0.10249650808147409,-2852.295208933587
61,-422.4046836422744,0.9922127094478287,0.11670692469842758,5.0,31.0,0.0,424.17307159939367,0.9766197450424493,0.023380254957550695,0.9847968303375071,0.01520316966249291,-2.1877472644151905,0.21492603543695418,1.042826780614663,2.1447894667940828,-2853.65301534786
62,-424.2068029346927,0.9235567949558723,0.1282460608506968,5.0,47.0,0.0,426.03018363940083,0.838916029734933,0.16108397026506704,0.03861613582932469,0.9613838641706753,-0.8628238575373971,-2.0254904028221077,0.7054253273250508,2.370102048949522,-2884.2752025287637
63,-420.759575341721,0.8803200415677784,0.12587532214707559,4.0,31.0,0.0,422.37228001312224,0.38071534255997486,0.6192846574400251,0.02820125492357336,0.9717987450764266,-1.6616734025578515,-2.006058965559304,0.7571837852379767,0.8913396032095133,-2864.6359656717473
64,-422.64057759965067,0.91426196223727,0.10638009832687431,5.0,31.0,0.0,425.4451926630261,0.9959350911599838,0.0040649088400162015,0.04185718221215367,0.9581428177878464,-1.006432095539154,-2.2754723034572577,0.8858946518174199,1.0294826080195691,-2852.2845112893056
65,-422.3457974241011,0.5256672342031062,0.11670692469842758,2.0,7.0,0.0,431.23541229518406,0.9660174550819204,0.033982544918079616,0.9693370430296819,0.030662956970318067,-2.313045321885426,0.16711288160051882,1.008316512897034,1.9594529432046386,-2860.7376370692805
66,-421.9497331262322,0.9989862524474614,0.1282460608506968,3.0,7.0,0.0,424.93800260562904,0.9815370921183778,0.018462907881622193,0.045865342668394864,0.9541346573316052,-0.74008767580307,-2.3528858717858396,0.9350317681254131,1.8028216693654335,-2856.59221467784
67,-423.374569941053,0.8980912315537352,0.12587532214707559,2.0,7.0,0.0,426.37125344832106,0.6750457076946893,0.3249542923053107,0.01621767314756421,0.9837823268524358,-1.7254460560148273,-2.1544186617567513,0.6311741569714433,0.8754867441797656,-2877.9198998635866
68,-422.8290344407276,0.45240671225844514,0.10638009832687431,4.0,15.0,0.0,429.4822590451747,0.9949150140099927,0.005084985990007285,0.11129739405135419,0.8887026059486458,-0.5686829276526533,-2.1989014007852297,1.043036914037637,1.2744036072160498,-2861.503822197624
69,-421.50399909912267,0.992416914167229,0.11670692469842758,5.0,31.0,0.0,424.72372990396616,0.9787366102699482,0.021263389730051818,0.9687194636035481,0.0312805363964519,-2.1952835323582365,-1.5448784204158192,0.9846009827095076,2.050280878614227,-2850.0557071022213
70,-422.3588511751051,0.9731571345507749,0.1282460608506968,4.0,15.0,0.0,423.95216696139784,0.9968562289471643,0.0031437710528356977,0.03927218655729989,0.9607278134427001,-0.7935547004567972,-2.210448369200713,0.9619378536043514,1.8465815593272632,-2846.5802098794525
71,-418.9776535765868,0.9947446576124903,0.12587532214707559,4.0,15.0,0.0,425.0372498146194,0.7996606940407122,0.20033930595928784,0.1968494203508667,0.8031505796491333,-2.160506036476739,-2.195127003606206,0.8287950116668039,0.7557778006153733,-2859.52577476184
72,-418.9034209183803,0.9918521897157715,0.10638009832687431,5.0,31.0,0.0,424.5557290342709,0.8074951867055035,0.19250481329449654,0.34108298926700736,0.6589170107329927,-2.48869847010986,-1.953504178544931,0.8768317651418162,1.8425095128525535,-2858.2736908093243
73,-421.43048949099824,0.9043513416630851,0.11670692469842758,4.0,31.0,0.0,424.25555355187345,0.9682813665865514,0.031718633413448605,0.9854746834214941,0.014525316578505865,-2.171028377595897,-1.3456057292917984,0.9325317531770733,1.8611257024484817,-2848.3696054178235
74,-422.90266354271165,0.7485809831757836,0.1282460608506968,5.0,31.0,0.0,424.6447152236021,0.0024081656956428457,0.9975918343043572,0.7923966459502572,0.20760335404974284,-2.226581725142007,-2.3488735202311437,1.7054108584120153,0.9398793035426268,-2854.859270923224
75,-417.2797023398689,0.9487372599241779,0.12587532214707559,3.0,15.0,0.0,420.5882583197835,0.8475777952326848,0.15242220476731516,0.27379905307711894,0.7262009469228811,-1.9297569382208897,-2.1724532405139887,1.0051210968926194,0.6251199085137682,-2848.6710294989575
76,-418.89952601186314,1.0,0.10638009832687431,4.0,15.0,0.0,419.7652474408275,0.937409001426483,0.06259099857351702,0.21864068023642555,0.7813593197635744,-2.550685215139529,-2.0340907823952232,0.8914922883398879,1.7468784401902608,-2849.348737722674
77,-422.5209408098809,0.7912348341928829,0.11670692469842758,3.0,15.0,0.0,427.45612534627975,0.6478720684242257,0.35212793157577427,0.9699562409860693,0.03004375901393075,-1.9641306057617447,-2.023922576541867,0.8277389903827499,1.5739627678074444,-2874.440901031507
78,-423.0595571215532,0.9993584974682801,0.1282460608506968,2.0,7.0,0.0,424.5801129096285,0.001611967809740997,0.998388032190259,0.8887416820472804,0.11125831795271957,-2.0700218639713293,-2.4214934612571213,1.76763949550642,0.9048214124920428,-2849.81040392372
79,-417.00121549384824,0.9909493692262665,0.12587532214707559,5.0,47.0,0.0,418.202508565685,0.7436388532904317,0.25636114670956833,0.4573923993385963,0.5426076006614037,-2.247774732029406,-2.107304224827504,1.0820702341629773,0.5050924874332962,-2850.0387195727676
80,-418.2945200193985,0.7806463391939054,0.10638009832687431,5.0,31.0,0.0,423.2120753330592,0.38850248341875965,0.6114975165812404,0.31930559713906376,0.6806944028609363,-1.4109981053310006,-2.452207214301151,0.966628477175584,0.7657735440664384,-2860.780150926068
81,-419.9941145316662,1.0,0.11670692469842758,4.0,23.0,0.0,424.6260659644605,0.6806182737385443,0.31938172626145567,0.8864548501315386,0.11354514986846143,-2.28078391426208,-2.344003564816509,0.6925589476617579,1.2777778055402487,-2863.753822500657
82,-418.4452377547403,0.9377526442440322,0.1282460608506968,4.0,15.0,0.0,424.47086576157363,0.10964614060940063,0.8903538593905994,0.6419006752726082,0.3580993247273918,-1.9954728424157175,-2.4227160430586947,1.4221921166496023,1.0084076296618931,-2853.1582768374465
83,-417.84697017136153,0.9918718794092267,0.12587532214707559,4.0,15.0,0.0,418.666145696244,0.895019096227737,0.10498090377226299,0.305379130762152,0.6946208692378479,-2.2303931469082467,-2.006817957708361,1.029450841439188,0.39547731603739916,-2850.51440051667
84,-418.7001403765202,0.9365240162961729,0.10638009832687431,3.0,7.0,0.0,420.4047642315481,0.5217730141169865,0.4782269858830135,0.21183614858343983,0.7881638514165602,-1.4095000688339794,-2.2899163448101905,1.1526995836630967,1.0773600171431565,-2861.9312141439614
85,-418.86597534467967,0.9301725059062645,0.11670692469842758,4.0,15.0,0.0,424.24699076555,0.40893341505993425,0.5910665849400658,0.248047240599496,0.751952759400504,-1.5926375807495825,-2.3404839092693868,1.4112781957371032,0.45958502708507626,-2863.1924977908166
86,-419.5164570118925,0.9984364620559535,0.1282460608506968,4.0,15.0,0.0,420.25746476594526,0.1206994797449298,0.8793005202550702,0.7615667544804842,0.23843324551951584,-1.9491432566693014,-2.876544391176641,1.3625768538972136,0.8043098218011506,-2858.0504790680125
87,-418.67120261060836,0.8994102282256957,0.12587532214707559,3.0,15.0,0.0,422.69891811298135,0.9264044181064185,0.07359558189358151,0.6238724768781325,0.3761275231218675,-1.965516482876377,-2.412980398110354,1.058622117477814,1.017115457033983,-2853.288623573148
88,-421.12902366687933,0.5485851636106204,0.10638009832687431,4.0,31.0,0.0,427.2880116174077,0.31775089526138367,0.6822491047386163,0.9334685569599578,0.06653144304004222,-2.2974308969235753,-1.2003951969473934,0.7226590685636787,1.3628797506410009,-2871.4426216735574
89,-419.3724883548461,0.9976261506235631,0.11670692469842758,4.0,15.0,0.0,420.05394328319676,0.541465749755199,0.458534250244801,0.33224432270651505,0.667755677293485,-1.5053653734402292,-2.354009710312907,1.4932733725234677,0.4448373209087471,-2868.059726372198
90,-419.161801172537,0.873670072208031,0.1282460608506968,4.0,15.0,0.0,422.7111007751476,0.3683571785821855,0.6316428214178145,0.9018171069933946,0.09818289300660543,-2.125160453455913,-2.280630242626296,1.4231814507618825,0.8970981756247489,-2857.813822323004
91,-418.22633298759877,0.9633831356729163,0.12587532214707559,5.0,31.0,0.0,419.5435249149444,0.8893154685647741,0.11068453143522594,0.5639586372261779,0.4360413627738221,-1.8756359092737251,-2.5410822132130284,0.8670043576818491,0.9679813746104526,-2853.2289199290235
92,-419.1214184191591,0.998923473452523,0.10638009832687431,4.0,15.0,0.0,422.7839160260681,0.9481489082437365,0.05185109175626346,0.8397854080594287,0.1602145919405713,-2.281479415578664,-0.9690388611323862,0.9469613590818041,1.0752425832428287,-2853.4438902502525
93,-422.9149434438321,0.6544745507577362,0.11670692469842758,5.0,31.0,0.0,425.08763118743855,0.9935278274297618,0.006472172570238244,0.8551595169786376,0.14484048302136243,-2.181945186635428,-2.1126729609509582,1.116770699509627,1.1987760445641615,-2861.8212098026715
94,-417.30321678276056,0.9450548946610103,0.1282460608506968,4.0,15.0,0.0,420.5520347470157,0.760453515324952,0.23954648467504802,0.6110089918335596,0.3889910081664404,-1.931045171229494,-2.254719474204734,0.8935397351338633,1.0179977679920469,-2851.746554963638
95,-419.3076476858469,0.9445283532588076,0.12587532214707559,4.0,15.0,0.0,421.44952720369025,0.34276696057540085,0.6572330394245991,0.8825710985764648,0.11742890142353524,-2.1461672934222396,-2.0499189187500924,1.615372147740162,0.8089662472722241,-2860.0965390281444
96,-421.50719028464846,0.9147396260096918,0.10638009832687431,4.0,15.0,0.0,422.8426478990604,0.6265679195591534,0.37343208044084664,0.9851524389014529,0.014847561098547124,-2.1572696618156346,-1.077065964508406,0.4739789679656188,1.5686400127914575,-2865.1116838848357
97,-419.8883963521643,0.9989125336662993,0.11670692469842758,4.0,15.0,0.0,424.0199047368812,0.975593732600623,0.024406267399377013,0.6092520992763608,0.3907479007236392,-2.192226076100788,-2.039025547906873,0.8304622882947771,0.9360832465632438,-2855.661757792015
98,-419.55103477361075,0.9380088366140045,0.1282460608506968,4.0,31.0,0.0,421.0710812616292,0.6809293855570322,0.3190706144429678,0.9427184590212534,0.0572815409787466,-2.091450407525727,-3.2581115511529455,1.083148538277473,0.8661069258600336,-2852.8444205252113
99,-419.6352413267333,0.6703192477602536,0.12587532214707559,5.0,31.0,0.0,423.9991459779337,0.23046437061326394,0.769535629386736,0.2652031038972662,0.7347968961027338,-1.6320865152917796,-2.4690460240914454,0.025585380930887094,1.1638149422523383,-2866.758623333895
100,-417.72219555863006,0.9406217693258219,0.10638009832687431,4.0,31.0,0.0,424.28770070923116,0.7288301923823368,0.2711698076176632,0.3443351673599575,0.6556648326400425,-2.5406323401017192,-1.9189312363623787,0.9668610265062145,1.2425230488653,-2853.149201932548
101,-422.35781818751383,0.9764740987475814,0.11670692469842758,5.0,31.0,0.0,424.03513950394046,0.01842290036599922,0.9815770996340007,0.9350657063447858,0.06493429365521419,-2.17108213493619,0.19551066547979318,0.5384631851686259,1.050865280438108,-2865.166161038645
102,-420.691204784893,0.8222045727266137,0.1282460608506968,3.0,11.0,0.0,423.2224762213761,0.8707028098578555,0.12929719014214447,0.9281543728793767,0.07184562712062326,-1.95154582700254,-2.447761310912829,0.9520312039461705,0.36373130130048376,-2862.881006239184
103,-420.6667717408676,0.9852057789534138,0.12587532214707559,4.0,27.0,0.0,423.35203204695136,0.12003678043873009,0.8799632195612699,0.8370311336885227,0.16296886631147733,-2.355047323689491,-1.3010613210064899,2.273329293873439,0.7311681621224648,-2865.4000556367287
104,-418.23688018098466,0.8772154510292083,0.10638009832687431,4.0,23.0,0.0,420.7552854256953,0.12202488956805534,0.8779751104319446,0.77199496063019,0.22800503936980998,-1.9422620072056351,-2.5825629965458825,0.4762347242696228,0.9739765953140068,-2851.617173796809
105,-423.7029951667716,0.9615180597348302,0.11670692469842758,4.0,31.0,0.0,425.3392728116771,0.004664571414870423,0.9953354285851296,0.9885568272793169,0.01144317272068307,-2.07692059300385,-0.12663382243672283,0.34569638192421775,0.8629787728696459,-2854.2807166339817
106,-419.5602163862189,0.9581436817337109,0.1282460608506968,4.0,15.0,0.0,421.96927986570233,0.9196898400937024,0.08031015990629764,0.8771247736408807,0.1228752263591193,-2.105663669219536,-2.819345889948213,1.078293278809389,0.24172270705128063,-2853.0858955328513
107,-420.918490702417,0.8831567821571892,0.12587532214707559,5.0,31.0,0.0,424.240549957952,0.34903301650483476,0.6509669834951652,0.03447619952800867,0.9655238004719914,0.2001760094094733,-2.203272360826861,0.32313797101184394,1.0129002407653154,-2868.6590152565987
108,-418.37419139806195,0.858629818227042,0.10638009832687431,4.0,15.0,0.0,421.30655358581396,0.0781801721891668,0.9218198278108332,0.820242213216688,0.179757786783312,-2.2858450150760503,-1.7540867421268027,0.22441036909494388,0.9651448131811847,-2850.6183600728987
109,-422.81675764465683,0.9863249584383663,0.11670692469842758,4.0,15.0,0.0,424.85299689250655,0.004072373194025063,0.9959276268059749,0.9325565215105214,0.06744347848947863,-2.3310522470236417,-0.5537698551106951,0.08611084818446518,0.863722904309718,-2857.953324474443
110,-420.99235713982193,0.9565087111539791,0.1282460608506968,5.0,31.0,0.0,423.09935333688037,0.8625160926941872,0.13748390730581284,0.9890205839895878,0.01097941601041219,-2.059473721524471,-1.9462628454587747,0.9831335961182417,0.2971431007094607,-2854.2976543662553
111,-419.34553644764384,0.9640809610001021,0.12587532214707559,5.0,63.0,0.0,422.4067527106701,0.2770528524599211,0.7229471475400788,0.0680727583034216,0.9319272416965784,-1.097759069524184,-2.2895289072443803,0.5919811303225216,0.8905107101862191,-2860.025399406243
112,-416.88378672888086,0.7886152652213881,0.10638009832687431,3.0,15.0,0.0,422.2618190545672,0.3674300785610446,0.6325699214389554,0.4513846390705938,0.5486153609294062,-2.284585289516094,-2.0965119693370613,0.762331513839185,0.9896997855042601,-2850.360105390777
113,-420.90249462814774,0.969540935779803,0.11670692469842758,4.0,15.0,0.0,424.32535627771466,0.00881304180090838,0.9911869581990916,0.9462631747283956,0.053736825271604394,-2.224391406492632,-1.2647425754076425,0.16653698165936628,0.978998890004617,-2847.6635397777636
114,-420.95710947220545,0.9961879804516275,0.1282460608506968,4.0,31.0,0.0,424.5389657934936,0.7067327814087405,0.2932672185912595,0.9962811295284058,0.003718870471594249,-2.081732919355423,-0.7165594543243863,1.1709313049564258,0.6687992563357252,-2852.5720101128645
115,-419.3266534908771,0.9946514409880882,0.12587532214707559,3.0,15.0,0.0,420.5724540510159,0.17409389442435574,0.8259061055756443,0.1392227322776993,0.8607772677223007,-0.7581134068778606,-2.2735153202519784,0.4774348881482187,1.180346891431213,-2862.194018075309
116,-419.1547436218641,0.9099685238478806,0.10638009832687431,2.0,7.0,0.0,420.02299205115526,0.2995664581559494,0.7004335418440506,0.33888999482619625,0.6611100051738037,-2.310058729055119,-1.7646276403548191,0.8280747618709138,0.9755067182457412,-2865.5883574868144
117,-417.8842277333448,0.9957072787207563,0.11670692469842758,4.0,31.0,0.0,422.37192937360425,0.3191510053949662,0.6808489946050338,0.7226526940743729,0.27734730592562706,-2.421991120513209,-1.5795708749377866,0.40474313739380474,1.0866524096909629,-2856.6137510838375
118,-422.3877231730599,0.8570479867589038,0.1282460608506968,4.0,15.0,0.0,423.7309928045827,0.139675037206847,0.860324962793153,0.8987167001481922,0.10128329985180784,-2.3897845942187423,-0.12472407772405245,0.7900646238262645,0.8385451240475383,-2880.4681334121656
119,-418.0213421199476,0.984524815331923,0.12587532214707559,4.0,15.0,0.0,420.4191573326849,0.45846712668779677,0.5415328733122032,0.07169942885566014,0.9283005711443398,-1.4674697569381212,-2.240232927216194,0.6624202274984794,1.0594259736088634,-2851.7064368618803
120,-418.0803067959002,0.9170938878168123,0.10638009832687431,3.0,15.0,0.0,424.0394984687824,0.19815766215349997,0.8018423378465,0.915292462686686,0.08470753731331404,-2.196693900397363,-1.9306217677289061,0.8290335658056902,0.9944029203539624,-2848.7934831925154
121,-418.0479898096202,0.9641674892610469,0.11670692469842758,5.0,31.0,0.0,419.34231896231074,0.6504369392959994,0.34956306070400056,0.1377466171500974,0.8622533828499026,-1.4528727371357364,-2.295692595436175,0.9396754310448195,0.6444283517197495,-2855.3299486170845
122,-419.5386100673854,0.99371622676463,0.1282460608506968,3.0,15.0,0.0,423.3014151318673,0.34605634807936553,0.6539436519206345,0.9883831368934236,0.011616863106576392,-2.196226336583391,-0.3144986723242025,0.5395744774305795,1.0433084378980972,-2851.5075349715535
123,-419.04625009918345,0.9489985041336582,0.12587532214707559,3.0,15.0,0.0,420.54942326820594,0.4040128823026909,0.595987117697309,0.08012345268319843,0.9198765473168016,-1.4901684967734654,-2.2760820910196653,0.5942596769487791,0.9714572862490347,-2859.309525572665
124,-420.39121310054213,0.754748378882322,0.10638009832687431,4.0,15.0,0.0,422.3941271866279,0.15161474795043126,0.8483852520495687,0.6038122892630864,0.3961877107369136,-2.2426588941053693,-1.4212981916902343,0.6920541300972092,0.9447114705245119,-2872.641100364619
125,-417.8807243044156,0.9867608659917443,0.11670692469842758,4.0,23.0,0.0,420.23387053901286,0.851764455957705,0.148235544042295,0.15016090213782624,0.8498390978621737,-1.257542311161433,-2.2270980888233245,0.8394871281317824,1.374669128148787,-2850.212988993575
126,-419.97620755873606,0.8544086233104541,0.1282460608506968,3.0,15.0,0.0,423.6981203730562,0.3374972788204409,0.6625027211795591,0.9933038471877841,0.006696152812215916,-2.2265790124543523,0.06472024076377146,1.0360743079974601,0.979814042508633,-2850.077121398958
127,-417.6748613674208,0.9983280164012382,0.12587532214707559,4.0,15.0,0.0,420.79088865266766,0.5767364522532458,0.42326354774675423,0.46319833419181866,0.5368016658081813,-1.737531110101616,-2.569154165734593,1.2506459360654394,0.6112645236868216,-2855.8617899922024
128,-419.2287491196245,1.0,0.10638009832687431,4.0,31.0,0.0,422.15587957239825,0.041104438366977664,0.9588955616330224,0.6885255714635049,0.3114744285364951,-2.0171859100880356,-2.391095981987451,0.9345249500772557,0.8530690885209915,-2853.1244317672677
129,-421.24636069838505,0.9683411634629236,0.11670692469842758,5.0,63.0,0.0,423.3417222118965,0.1488267633373333,0.8511732366626668,0.01300361203291294,0.9869963879670871,1.4298996536309838,-2.102758342938049,0.8579665775849682,0.8438121348324573,-2858.673257063136
130,-421.90344722012645,0.7215972399054331,0.1282460608506968,5.0,31.0,0.0,423.9259608926087,0.7185861665668849,0.2814138334331151,0.9819071112455459,0.01809288875445414,-2.3639679004173377,-1.0293513789525426,0.8417186560891503,1.0387125564396964,-2868.2391029529663
131,-416.98847701248957,0.7166286526491097,0.12587532214707559,3.0,7.0,0.0,420.370881857635,0.5266937220960192,0.47330627790398083,0.6514569380318465,0.34854306196815354,-2.171844005110714,-2.2633127618459854,0.97975052270912,0.884259375066438,-2850.6173356196005
132,-419.8979362912068,0.9948381767253008,0.10638009832687431,4.0,15.0,0.0,421.09058541098904,0.07755748197415985,0.9224425180258402,0.8893137571161407,0.11068624288385931,-2.083644773100427,-2.985626169841465,0.9046410411053768,0.8910364698517813,-2853.480602964983
133,-422.83526778658404,0.750949918736366,0.11670692469842758,3.0,15.0,0.0,424.10052542385415,0.5140093338060138,0.48599066619398623,0.005612554092803233,0.9943874459071967,1.4732113996202758,-2.2963057493228005,1.1534514523171566,1.0095162712849117,-2866.9649934847266
134,-422.36602599961265,0.9917570908650639,0.1282460608506968,4.0,15.0,0.0,424.2436609814217,0.8291017719871399,0.17089822801286014,0.9895409016837605,0.010459098316239479,-1.9524541532677149,-0.6741785667024872,0.9927874267651908,0.9530129630058232,-2867.2093925702807
135,-418.7901915942836,0.9633790144139717,0.12587532214707559,5.0,63.0,0.0,421.68263818859646,0.5397978348315614,0.4602021651684386,0.9800915321074263,0.019908467892573722,-2.2214003603800205,0.026152658306930116,0.7241762390925424,1.2899790722758189,-2849.9350103099246
136,-421.62951386274926,0.6996260063039944,0.10638009832687431,4.0,23.0,0.0,425.73079369099054,0.9580377147943854,0.041962285205614624,0.042786073342714434,0.9572139266572856,-3.418774877811674,-2.0462122984806137,0.9553519536622896,1.2665012260918647,-2852.36015029716
137,-421.2706247057008,0.9925773356659026,0.11670692469842758,4.0,15.0,0.0,422.65519204005267,0.4847257198186862,0.5152742801813138,0.006285684802213464,0.9937143151977865,1.4991559632114464,-2.2253941713004126,1.1258645362888293,1.0071013577085668,-2857.202328827287
138,-418.3440390175489,0.905080484571598,0.1282460608506968,4.0,23.0,0.0,423.82135905134294,0.8362111604878573,0.16378883951214274,0.9547256335979203,0.04527436640207971,-2.1900460886498574,-1.2283465647354088,0.9155364798808574,1.001451043113258,-2847.351589132631
139,-420.199571167885,0.9921144042185801,0.12587532214707559,3.0,7.0,0.0,420.71074546918476,0.489585834434055,0.510414165565945,0.9150215240968791,0.08497847590312091,-2.292399668293176,-0.04752108550882111,0.5219078004457217,1.3239106700854286,-2869.1248796670297
140,-421.3115696167704,0.9909833133297016,0.10638009832687431,4.0,15.0,0.0,423.0737801173033,0.9197492222162308,0.08025077778376921,0.0602333647472761,0.9397666352527239,-3.4591138313087018,-2.1071327871476067,0.8496957085517162,1.504534694308898,-2855.733579485857
141,-419.63818440511204,0.9988371670953803,0.11670692469842758,4.0,31.0,0.0,422.96372277358665,0.31582289384687173,0.6841771061531283,0.02749114212076077,0.9725088578792392,0.5778006347192914,-2.1068393956401565,0.5928964770558649,1.0056551777947829,-2857.858332315152
142,-418.6636155691176,0.9982645501898993,0.1282460608506968,4.0,15.0,0.0,419.6883553683651,0.9353553022608855,0.06464469773911452,0.8933372760455456,0.10666272395445442,-2.2180873579187104,-0.9941469238808305,0.9590026753179035,1.2602538794782645,-2849.1384953818765
143,-419.8439671579212,0.8292852249428282,0.12587532214707559,4.0,15.0,0.0,424.14209433964027,0.4100827049953875,0.5899172950046125,0.9911150967030146,0.008884903296985436,-2.258961633562349,0.1153375701467748,1.1057093928462456,0.8744465027513902,-2851.5527331310673
144,-423.8225826625061,0.916253065697718,0.10638009832687431,4.0,15.0,0.0,425.19725675496176,0.20504559747552678,0.7949544025244732,0.008998950181759764,0.9910010498182402,-4.1666972981946175,-2.1045870872984334,0.7153517196725951,0.8200077878950043,-2862.6915852045267
145,-420.11358175511276,0.9971869128667453,0.11670692469842758,4.0,23.0,0.0,422.03040097639854,0.18838591599109727,0.8116140840089028,0.02188990386336052,0.9781100961366395,0.13175465914798382,-2.102689174856775,1.717556389452165,0.7394553835022962,-2855.664609686363
146,-418.32733278684674,0.9694725738990719,0.1282460608506968,4.0,15.0,0.0,419.17467187760934,0.8735435980743872,0.1264564019256128,0.9099863247664395,0.09001367523356052,-2.142932807925428,-1.2415077318335423,0.8952213239242361,1.1298655448052348,-2850.1102526171867
147,-420.10149090603636,0.9969346660337869,0.12587532214707559,5.0,63.0,0.0,422.62634422335435,0.07606423345084057,0.9239357665491594,0.9621832592827378,0.037816740717262154,-2.1492740310484444,-0.38612438019559986,2.101807381780489,0.8348441581531063,-2852.1932866580205
148,-419.9972605418694,0.996337562830531,0.10638009832687431,5.0,31.0,0.0,424.60745058088355,0.7293655397221465,0.27063446027785354,0.06013071686715141,0.9398692831328486,-3.085359774098997,-2.0938661919537718,0.6749565267982499,1.3788285192790892,-2856.141895540581
149,-418.75880216993903,0.9303782720857143,0.11670692469842758,4.0,15.0,0.0,420.6446632405476,0.23619693793041954,0.7638030620695805,0.051255881174486054,0.9487441188255139,0.020575469121813107,-2.205354789172114,0.921805226733406,0.8998018560141366,-2854.3349341691205
150,-418.92208203986803,0.9841380709478594,0.1282460608506968,5.0,31.0,0.0,420.27679811586154,0.06724918425516078,0.9327508157448392,0.5041937110344987,0.4958062889655013,-2.3302889965540485,-1.9334814748612386,0.38459372413396614,0.8581762072883163,-2856.4267677044827
151,-420.43353503432127,0.9925341782833744,0.12587532214707559,5.0,31.0,0.0,421.038202988579,0.08412083133260093,0.915879168667399,0.9829098529775511,0.01709014702244893,-2.1267585975411643,-0.24540621917112967,2.018768490192655,0.8659899067959124,-2850.192228410385
152,-417.8409649521503,0.9838200572776709,0.10638009832687431,4.0,31.0,0.0,422.13624426345365,0.37907330700690844,0.6209266929930916,0.10809165011559604,0.8919083498844039,-1.6625532685937645,-2.1651873497124927,1.3478272860548142,0.6523636674556513,-2851.821433303907
153,-420.7393739969969,0.9051886702937715,0.11670692469842758,3.0,7.0,0.0,421.3772695949068,0.1823937255263847,0.8176062744736153,0.10095822207877367,0.8990417779212263,0.038861287682325406,-2.2346065800879695,0.9113656971887931,0.9840410138408252,-2870.778129459221
154,-420.1880177164652,0.9981065059267459,0.1282460608506968,4.0,31.0,0.0,420.5861787578591,0.9034038582053258,0.09659614179467424,0.6411386012330602,0.3588613987669398,-1.8780193390776576,-2.6347874414555323,0.7700338174931002,0.9689474527581808,-2865.1972004029462
155,-418.6587975881732,0.8737042386282866,0.12587532214707559,4.0,15.0,0.0,423.135693170901,0.5408267189116898,0.45917328108831024,0.9599511059603502,0.04004889403964984,-2.265714112558464,-1.3840847519654573,0.7508084903254877,1.1914175600768404,-2852.0618691607397
156,-419.3131212097434,0.9402902417583262,0.10638009832687431,5.0,31.0,0.0,422.7504261764507,0.10841538295375275,0.8915846170462473,0.03349140337857226,0.9665085966214277,-0.12466278167133676,-2.212636439692121,1.6770975568483557,0.8655020975537056,-2849.3586856618813
157,-423.3479226193159,0.9034588999862059,0.11670692469842758,4.0,31.0,0.0,425.12287033297554,0.9016301064826507,0.09836989351734926,0.0005291619136962494,0.9994708380863038,0.29611751026536587,-2.156538721030051,1.0857084326693942,0.21752409474424358,-2850.381964044458
158,-419.5248941163463,0.9848291980594204,0.1282460608506968,4.0,15.0,0.0,422.1850802876921,0.8636836225585769,0.1363163774414231,0.81359835789202,0.18640164210798005,-2.3703340999190514,-1.2992746615142028,0.704118611973972,1.5412303602913822,-2861.3801758333702
159,-420.97661332958165,0.6538404886923747,0.12587532214707559,4.0,31.0,0.0,423.9121065590928,0.3354225195235894,0.6645774804764106,0.014127890304551605,0.9858721096954484,-2.4159457895804013,-2.146015720223153,1.2575329486955207,0.6176777528478024,-2857.4010921629256
160,-419.3144883816555,0.8404589855449969,0.10638009832687431,4.0,23.0,0.0,421.99302587390525,0.2565577117149542,0.7434422882850458,0.058166101318241153,0.9418338986817588,-0.5989636067833954,-2.1268846289128645,1.3291629796593947,0.9883285779189582,-2858.429209070012
161,-423.1817514990729,1.0,0.11670692469842758,3.0,7.0,0.0,423.4267856313893,0.8920628602559985,0.10793713974400154,0.0004991878790495222,0.9995008121209504,0.3060021634033554,-2.1124404953175997,1.0484955709430281,0.20915835618231354,-2849.6280165095013
162,-417.4348396145676,0.9907542198329866,0.1282460608506968,3.0,15.0,0.0,420.47335299696994,0.6750780636880624,0.32492193631193755,0.8497293381147119,0.15027066188528815,-2.276052951028828,-1.4800636632495476,1.072909190604526,0.9553195787282407,-2850.694112297411
163,-419.8346642305229,0.9038348154733187,0.12587532214707559,4.0,23.0,0.0,424.82850357947694,0.4442276352549246,0.5557723647450754,0.0201412965977089,0.9798587034022911,-0.14403611692596968,-2.299224673093915,0.8500270697719805,0.8854806207137976,-2857.453720517115
164,-419.65477992742274,0.7238899818170984,0.10638009832687431,5.0,31.0,0.0,422.4605575901738,0.9348438987348734,0.06515610126512661,0.08144454591832033,0.9185554540816797,-0.5993852926176992,-2.235760077548289,0.8482320464678461,0.8954344491553146,-2855.691941120365
165,-423.0653175697931,0.807004008659384,0.11670692469842758,5.0,47.0,0.0,426.89465440848716,0.9272113906679523,0.07278860933204767,0.011827500272424216,0.9881724997275758,-1.8436588993204461,-2.0957846862984755,1.2047371305721482,0.1429641113334094,-2865.077292151674
166,-417.6578418193181,0.974016397480255,0.1282460608506968,5.0,31.0,0.0,420.70966375703404,0.3066972827609671,0.6933027172390329,0.22104470725808573,0.7789552927419143,-2.2831425881363514,-2.2059369016821297,0.7100967314986927,1.0459655561394037,-2852.1487407695226
167,-420.7157225326445,0.9850225833707872,0.12587532214707559,5.0,31.0,0.0,425.06379120037036,0.007747500989622048,0.9922524990103779,0.4328061737600346,0.5671938262399654,-2.0637951943230775,-2.1050301125641955,2.3731542897449223,0.955888412145526,-2849.7152923768053
168,-421.3084426748878,0.9645441678383804,0.10638009832687431,4.0,23.0,0.0,423.8840962701472,0.9361825128940254,0.06381748710597457,0.01163284350253112,0.9883671564974689,0.4544389536911648,-2.2065453967385285,1.1146170004120968,0.35261152251405764,-2854.421862856916
169,-421.73896802915425,0.9293541222751248,0.11670692469842758,2.0,5.0,0.0,424.55496145251834,0.922609295506974,0.07739070449302599,0.008183481100030239,0.9918165188999698,-1.844040262156334,-2.2058009030366135,1.09204559958316,0.13682193532929618,-2853.6006787439983
170,-418.99174919045805,0.9900812257181739,0.1282460608506968,3.0,7.0,0.0,420.4671648807914,0.3216761201053176,0.6783238798946825,0.31414748842977724,0.6858525115702228,-2.862939753659637,-1.909528236527624,0.42512237293817073,1.1775454676651564,-2861.5940280708737
171,-420.98771902270227,0.9857327893281241,0.12587532214707559,4.0,15.0,0.0,422.7700663776347,0.04585432921831658,0.9541456707816834,0.8995927798995121,0.10040722010048786,-2.0556426522303606,-2.71807965285389,2.441292523072148,0.845697076749928,-2854.0639037584046
172,-419.65819435623706,0.931078181907621,0.10638009832687431,4.0,15.0,0.0,424.2726310722576,0.9253535902899264,0.07464640971007364,0.031444158040552096,0.9685558419594479,0.07654645166239127,-2.2325768336344582,1.0087014407572668,0.08114177283101309,-2851.1230834249263
173,-420.78720753907777,0.4965368783638134,0.11670692469842758,5.0,31.0,0.0,426.3687450243814,0.8369442072952751,0.16305579270472492,0.004755409645958901,0.9952445903540411,-0.25071498335369813,-2.177209500558384,1.1313217472326589,0.42418918769529457,-2850.55043930924
174,-418.0856460234727,0.5658144446113739,0.1282460608506968,4.0,31.0,0.0,422.08352346726394,0.29761055104737694,0.702389448952623,0.12032045971552158,0.8796795402844784,-2.3673040108276395,-2.0291555152834566,1.0152686510815472,0.9989427386508173,-2851.561671209732
175,-419.6238255183035,0.79493284381199,0.12587532214707559,4.0,23.0,0.0,422.61471737181813,0.07711819531602689,0.9228818046839731,0.5114520144484613,0.48854798555153867,-1.7783179779549019,-2.2536483111779466,2.0988316134329645,0.8880025627102317,-2859.223269037924
176,-421.78203368059314,0.6057407046500835,0.10638009832687431,3.0,11.0,0.0,424.00570993568004,0.9208582750163541,0.07914172498364591,0.04579764832096962,0.9542023516790303,-0.006480232388690138,-2.013008748901058,0.9718748834393653,0.14102805511958844,-2869.5201085467847
177,-417.88692052555336,0.9613321473748432,0.11670692469842758,4.0,23.0,0.0,422.1922975675045,0.5498059288253815,0.4501940711746185,0.03811270646589296,0.9618872935341071,-0.243065682356489,-2.1993069654117217,1.1234982313762027,0.8013471197502128,-2848.306052914684
178,-417.9038745015564,0.7450851079364976,0.1282460608506968,4.0,27.0,0.0,421.38454598414785,0.5034189107509836,0.49658108924901645,0.12220443491844706,0.877795565081553,-2.4320421834845067,-2.114920332268045,1.0435204694607596,0.7121647305187874,-2851.432635528265
179,-419.73319952227246,0.9294905885267103,0.12587532214707559,4.0,31.0,0.0,422.06896203967597,0.3000955188759832,0.6999044811240168,0.21119011520597775,0.7888098847940223,-1.2453510482524621,-2.110114039773392,1.2364554103843153,0.7696176864436602,-2869.239290997416
180,-421.9091180873733,0.724039871690018,0.10638009832687431,5.0,63.0,0.0,426.45469436668634,0.3824748404845814,0.6175251595154185,0.04085456767730304,0.959145432322697,1.0163566327078242,-2.025874277835577,0.8594305980699163,1.0943640281595637,-2875.9911757745035
181,-421.03789369286585,0.9492536587623894,0.11670692469842758,4.0,23.0,0.0,422.85452723136643,0.7699929666239579,0.2300070333760421,0.04153380989092863,0.9584661901090714,-0.5230488381151807,-2.2124279960871305,0.8579072365651909,1.9639623152857124,-2865.7721446861965
182,-418.09984983930883,0.8951478242099837,0.1282460608506968,4.0,15.0,0.0,419.6062289040957,0.6917923784706549,0.3082076215293451,0.44290470706819457,0.5570952929318054,-1.887759429882491,-2.1902947027270625,0.6316267080120873,1.3811522048175817,-2858.577887208589
183,-418.57390971878004,0.9826662081437602,0.12587532214707559,3.0,7.0,0.0,420.9538346650299,0.26518488934617884,0.7348151106538212,0.3891571763375502,0.6108428236624498,-1.5829943672934628,-2.2177646625647167,1.217857944412583,0.8213206753355502,-2861.910613285148
184,-422.49600886948207,0.9684578918109431,0.10638009832687431,5.0,31.0,0.0,424.3852274879022,0.09260855233580279,0.9073914476641972,0.018765417470208216,0.9812345825297918,1.3035873765508932,-2.3019151560298425,0.04057470768674879,1.0871345852507028,-2866.732689811849
185,-420.09666435797106,0.9998974704340403,0.11670692469842758,5.0,63.0,0.0,421.7032426108409,0.9517028997923697,0.04829710020763034,0.11761831247251991,0.8823816875274801,-1.0189513124182787,-2.2465818747484985,1.0260339489187063,1.9320567768800474,-2855.613978992136
186,-417.3825943260763,0.6647803071399646,0.1282460608506968,4.0,27.0,0.0,422.27581609438505,0.40706329745843695,0.592936702541563,0.37505007460444095,0.624949925395559,-1.6659189514049204,-2.523321430048132,0.8287728793940246,0.9870893632059035,-2854.007513260526
187,-417.55157765976037,1.0,0.12587532214707559,4.0,15.0,0.0,420.9036310169623,0.4255287505922366,0.5744712494077634,0.34923138541092036,0.6507686145890796,-1.8057049584746523,-2.369522069903239,1.4441529666748132,0.700162341243645,-2854.490689270229
188,-421.1198766312328,0.8578163219734686,0.10638009832687431,4.0,23.0,0.0,427.60483273323496,0.2068599664087493,0.7931400335912507,0.007847527569354121,0.9921524724306459,0.6163738782406922,-2.10790027815285,0.07991854364397422,1.053854493257726,-2857.838197576152
189,-421.81736400573,0.7186211933259443,0.11670692469842758,5.0,31.0,0.0,424.79844589025475,0.9883901256829823,0.011609874317017654,0.4985696216684805,0.5014303783315195,-2.0323972782578985,-2.4319746505279163,1.054593480952145,2.3308486432388764,-2859.0488573603575
190,-420.7549556555326,0.7832740750135129,0.1282460608506968,5.0,31.0,0.0,422.57935672166064,0.1801829068277299,0.8198170931722701,0.8525905149566837,0.1474094850433163,-2.1630542767629497,-0.5490503793739652,1.255225859901053,0.9427567056096229,-2872.506460682228
191,-420.1129823494886,0.8136427301131522,0.12587532214707559,3.0,11.0,0.0,421.3553936487655,0.34077253755953346,0.6592274624404666,0.4255920086806771,0.574407991319323,-1.469381632242292,-2.3088322171978994,1.542569549112011,0.7773097793064466,-2872.9483807584766
192,-419.8022507812028,0.9239788117255037,0.10638009832687431,5.0,63.0,0.0,423.77765159215863,0.08103084934408059,0.9189691506559194,0.05908482344235726,0.9409151765576428,-1.3870134117416995,-2.1751842285697505,-0.3295466386411634,1.1161256588348152,-2855.0715715267957
193,-422.9274120393528,0.84079767709383,0.11670692469842758,3.0,7.0,0.0,425.0942966967229,0.9885507205108364,0.011449279489163633,0.4299669679195235,0.5700330320804765,-2.123935552087245,-2.4841514488285488,0.9468159461572243,2.2997735938330046,-2866.2453919288446
194,-418.76872681550094,0.9558983823732944,0.1282460608506968,5.0,31.0,0.0,423.0151805930016,0.9184837448877671,0.08151625511223293,0.8246535808565508,0.17534641914344917,-2.053844915658142,-2.4567569188672183,0.8506880660646292,1.5560616194265828,-2849.919421510005
195,-418.3834024354346,0.9816673131620028,0.12587532214707559,3.0,7.0,0.0,421.59608306285645,0.1507967476645451,0.8492032523354549,0.2005133349318213,0.7994866650681787,-1.7989233201637456,-2.342310761025094,1.3915846509715848,0.8285310473863764,-2853.450534433941
196,-420.11926126251427,0.9865952548147149,0.10638009832687431,6.0,63.0,0.0,421.1377629519007,0.04212319495419243,0.9578768050458075,0.027955719075853185,0.9720442809241469,-1.1997001691031453,-2.17204065479639,-0.2503115554254075,1.0067446261854331,-2848.754319254749
197,-419.62555210475244,0.9044705362846867,0.11670692469842758,5.0,31.0,0.0,427.5852382988433,0.9765618495802243,0.023438150419775705,0.8677853071687008,0.13221469283129916,-2.216231039844258,-1.1180727255188843,0.9138842428244255,1.1122737306820596,-2850.5131407916388
198,-417.5836233138609,0.9534864081033215,0.1282460608506968,4.0,15.0,0.0,420.4791615461073,0.2513078557533432,0.7486921442466568,0.4603286952082195,0.5396713047917805,-2.2303388830564526,-2.241992650206659,0.7067137146210047,1.0531649752387564,-2853.381754491827
199,-417.36667493040204,0.9184817194801607,0.12587532214707559,2.0,7.0,0.0,419.52466414304257,0.17347769552348774,0.8265223044765122,0.2680935379013158,0.7319064620986842,-1.7654141994290489,-2.212553917208366,1.3833889257416598,0.8686906193647106,-2849.178680351344
200,-419.8082588800906,0.9363090172890405,0.10638009832687431,5.0,47.0,0.0,421.94744426761974,0.1888718417143653,0.8111281582856347,0.9458316937986173,0.05416830620138269,-2.2098629286175577,-2.4226287370789863,0.2446716128313959,1.0361475390048707,-2856.1850250420002
201,-419.0042820803767,0.9177374313893253,0.11670692469842758,5.0,31.0,0.0,422.18457719115895,0.6071875527754221,0.39281244722457787,0.7918046992649113,0.20819530073508874,-2.109030023766606,-2.336429289983364,0.4911958562081956,1.3950507848296223,-2861.5820316433965
202,-418.95988565999914,0.9326894071314757,0.1282460608506968,5.0,55.0,0.0,421.98388215087823,0.9588596001050507,0.04114039989494933,0.5809607677776185,0.4190392322223815,-2.1034266195721503,-2.2854218038537617,1.0357080709650925,-0.5297966120141746,-2852.4824626517247
203,-417.696209028071,0.8585357403920831,0.12587532214707559,4.0,23.0,0.0,420.850683602143,0.8198755631550299,0.18012443684497015,0.13855703007514908,0.8614429699248509,-1.0698920856608614,-2.2627877880988576,1.0229615211354175,0.8751179963651421,-2850.4730192164825
204,-421.81536092530405,0.8727330237055673,0.10638009832687431,5.0,63.0,0.0,423.57389539206616,0.026772552726960115,0.9732274472730399,0.8789463399822431,0.12105366001775686,-1.8826817448825697,-2.9230507858879617,-0.20094139552164525,0.9445924846077697,-2861.880414727869
205,-417.76030148321274,0.9508076661697689,0.11670692469842758,4.0,15.0,0.0,420.6481978317229,0.6896970060651153,0.3103029939348847,0.22872484438451152,0.7712751556154884,-1.9277154248442514,-2.336914050721183,0.9112121291208246,1.107518519973301,-2853.4512473127265
206,-418.27045419482374,0.975267846749414,0.1282460608506968,5.0,31.0,0.0,419.6754650858133,0.8792090892313722,0.1207909107686278,0.1402417825248355,0.8597582174751646,-1.4447771934075597,-2.2969954763807947,1.0425279869390334,0.02263512772366881,-2851.909372099267
207,-417.8460279764436,0.9294920507771548,0.12587532214707559,3.0,15.0,0.0,419.05535518051545,0.5129045876050936,0.4870954123949064,0.03825219104078276,0.9617478089592173,-1.075744721729066,-2.171268776943382,0.9622138508143891,1.0095305389062619,-2847.2346303591444
208,-422.28252606434535,0.9760134014483413,0.10638009832687431,4.0,31.0,0.0,423.69463042545317,0.0645103303488314,0.9354896696511686,0.9611520794583519,0.038847920541648095,-2.2442835591794053,-3.200572212490021,0.01858130046988994,0.9743783588536229,-2860.904935528754
209,-419.1819379297048,0.9892428725316293,0.11670692469842758,4.0,15.0,0.0,420.25660135706534,0.796038391573055,0.203961608426945,0.3556391749169215,0.6443608250830786,-1.4712824790293493,-2.238488108028651,0.7848966593670557,1.4404167410376696,-2864.3516779914294
210,-418.5691207801936,0.8140764166139917,0.1282460608506968,5.0,31.0,0.0,419.76969384326054,0.43185158965468745,0.5681484103453125,0.11965646479630064,0.8803435352036993,-1.223893898167049,-2.0989035184433726,1.0616023244146098,1.0032622006397542,-2859.1813581040187
211,-418.42275619248556,0.9841870721183678,0.12587532214707559,4.0,15.0,0.0,422.672639281883,0.4353788530532988,0.5646211469467012,0.3871916235903036,0.6128083764096963,-2.391019216024229,-2.0880243708076827,0.38185076303398324,1.290973503975549,-2860.4663936486786
212,-421.1780860869872,0.9009678249339412,0.10638009832687431,3.0,15.0,0.0,425.94623817137597,0.24874582988462454,0.7512541701153754,0.9805862226364628,0.01941377736353722,-2.2031177711327095,-2.214071931417649,0.12755196371046698,1.2133876411604958,-2860.7350916593928
213,-421.4953496783097,0.9453168338565348,0.11670692469842758,5.0,31.0,0.0,423.8620485600925,0.971271545676429,0.028728454323570962,0.22384492921923377,0.7761550707807663,-2.2642095594652853,-2.2348704975969986,1.0310201286000487,2.3193594627064904,-2860.4715044933
214,-417.29142061818357,0.8878513087158679,0.1282460608506968,4.0,31.0,0.0,420.5702241983263,0.5009189366976906,0.4990810633023094,0.10868680324569704,0.891313196754303,-1.412827362969493,-2.1692611927934284,1.1993533844317281,0.7041237551601928,-2849.3887949844857
215,-420.6337638190137,0.8967723041772979,0.12587532214707559,4.0,31.0,0.0,424.1135104603199,0.1153399149791782,0.8846600850208218,0.8922960898231097,0.1077039101768903,-2.2572860781324664,-1.528680221123737,-0.10593772391286164,0.8804783026289588,-2866.591891285538
216,-421.1780860869872,0.6324011086975458,0.10638009832687431,2.0,3.0,0.0,424.85677479887175,0.24874582988462454,0.7512541701153754,0.9805862226364628,0.01941377736353722,-2.2031177711327095,-2.214071931417649,0.12755196371046698,1.2133876411604958,-2860.7350916593928
217,-420.72561343768433,0.9363582054182265,0.11670692469842758,4.0,31.0,0.0,423.3049673443591,0.8647468357696868,0.1352531642303132,0.9399162588042607,0.06008374119573934,-2.0360084884425325,-2.0576657551763953,0.7288581834344098,1.8000418292525935,-2861.101534367121
218,-418.8552718576984,0.9654280251430851,0.1282460608506968,5.0,47.0,0.0,420.71557689791115,0.3592145132979031,0.6407854867020969,0.021099431962399922,0.9789005680376001,0.12420013305679209,-2.1647947926421036,1.1858236185472342,0.7133264913558537,-2850.688612011508
219,-421.09346402144996,0.9759924880315763,0.12587532214707559,4.0,31.0,0.0,423.8440519564283,0.0034143283739629378,0.9965856716260371,0.3147191604759834,0.6852808395240166,-2.393885453165258,-2.069155982345123,-0.5606148916077296,0.9292785528516243,-2849.293804430177
220,-418.100693628268,0.9594816083676,0.10638009832687431,5.0,31.0,0.0,423.00113888775394,0.3550307070629137,0.6449692929370863,0.12379023519329348,0.8762097648067065,-1.528960826667401,-2.169385446003244,1.517507703296627,0.7113513373060814,-2854.102620171955
221,-421.417005150028,0.9898108425171175,0.11670692469842758,4.0,31.0,0.0,423.80200816533153,0.9512012968670984,0.04879870313290158,0.9787198669206486,0.021280133079351393,-2.086468245947111,-1.5730949462338404,0.8811301066268895,2.206307350130228,-2852.32553083661
222,-417.12807955764777,0.8522199685531651,0.1282460608506968,4.0,31.0,0.0,422.61956716442313,0.382798205814957,0.617201794185043,0.636543019353886,0.363456980646114,-2.470628657397726,-1.7394119363192992,1.080740202493492,0.9085089113961172,-2851.736258209171
223,-421.0870232079926,0.9744537651746675,0.12587532214707559,3.0,15.0,0.0,422.5518605346695,0.0028670293581666297,0.9971329706418334,0.34942286761195424,0.6505771323880458,-2.426848855235079,-1.965895138614259,-0.5083641302959715,0.974283408706328,-2848.6066877132803
224,-418.9519321974099,0.9382855837345502,0.10638009832687431,4.0,31.0,0.0,419.70979179962274,0.13009398426686739,0.8699060157331326,0.1432218977668485,0.8567781022331515,-1.0515704994665533,-2.3743741558245253,1.6732002277725555,0.9165227743425014,-2855.508841232745
225,-423.28628811431656,0.7991850775588409,0.11670692469842758,3.0,15.0,0.0,425.62419148820413,0.9726457735100531,0.027354226489946898,0.9845284654736538,0.015471534526346198,-2.277365901492772,-1.8743179512915,0.8925681522874965,2.0431822410226017,-2858.1975921659523
226,-418.6561426929881,0.8907366117392237,0.1282460608506968,5.0,31.0,0.0,425.0537855408028,0.8589529977513024,0.1410470022486976,0.8549979917950397,0.14500200820496034,-2.280674840873399,-1.4165333982031332,0.8901684623520628,1.8629395364105208,-2853.0680404273903
227,-421.7096559963863,0.8921728669990863,0.12587532214707559,4.0,15.0,0.0,425.4491226359683,0.010428869713900635,0.9895711302860993,0.41726520443983967,0.5827347955601603,-2.224514000987174,-2.0457975731473885,-0.9862289093405183,1.132760121348884,-2861.870893876322
228,-420.3276523423264,0.8063849198612413,0.10638009832687431,3.0,11.0,0.0,423.5853073209073,0.20932376873500882,0.7906762312649912,0.19725314260045212,0.8027468573995479,-1.113963043391848,-2.2562795811290286,1.6798609392660953,0.973568082565266,-2869.642109798327
229,-420.6681034847758,0.9631419760682329,0.11670692469842758,4.0,31.0,0.0,425.4921803953508,0.7344006985453211,0.2655993014546789,0.9895897060179809,0.010410293982019092,-2.111791848803406,-0.6670591198457174,0.6586604329481399,1.6278081314616473,-2856.0783099148657
230,-418.81822787340104,0.8699813812721816,0.1282460608506968,3.0,15.0,0.0,424.1670406559248,0.24195060758943612,0.7580493924105639,0.9769800684421179,0.023019931557882067,-2.1854179691495594,-0.4083199812289447,0.6773612643644479,0.9358339270807653,-2849.7450018646746
231,-420.27080467757344,0.8672128762100842,0.12587532214707559,3.0,7.0,0.0,424.3616290544696,0.00887513379554101,0.9911248662044589,0.4458390828213308,0.5541609171786692,-2.3714722933272157,-1.834873202670201,-0.8698166947476562,0.9400279053229554,-2851.593436979642
232,-418.91567227220696,0.9760400639784944,0.10638009832687431,5.0,31.0,0.0,422.61910100411933,0.2402147477820471,0.7597852522179529,0.17938590064122817,0.8206140993587718,-1.9981135823618739,-2.1936549747241867,1.8034550667627605,0.7340859525530171,-2857.906380107328
233,-420.0153841809604,0.923580235681008,0.11670692469842758,4.0,15.0,0.0,422.61357845322465,0.8350191912799265,0.16498080872007348,0.9883165708735296,0.011683429126470357,-2.2049538458388733,-0.28091333740132884,0.9207297887871004,1.512757445129573,-2849.8787667050747
234,-417.9593067307248,0.9451867072706166,0.1282460608506968,4.0,15.0,0.0,420.0525091477968,0.296941357762105,0.703058642237895,0.9075564744851139,0.0924435255148861,-2.2746934415497404,-1.1060143309206907,0.7988044111529262,1.1520928741675645,-2851.999749887348
235,-422.10480616951145,0.7886512209954121,0.12587532214707559,4.0,15.0,0.0,423.4739579163838,0.07103292331383618,0.9289670766861639,0.3981636515553928,0.6018363484446072,-2.0975710121094533,-1.9144791190568515,-1.0763224553959256,0.9894073849143903,-2878.3410607063406
236,-420.56174030916577,0.7976924914801444,0.10638009832687431,5.0,63.0,0.0,424.94744170775505,0.12079677251180325,0.8792032274881968,0.10186628083303736,0.8981337191669626,-0.11230946200728442,-2.236723393737124,0.6337108224084347,0.9361531569054699,-2867.693367812711
237,-420.20680513676007,1.0,0.11670692469842758,3.0,11.0,0.0,421.5637854288564,0.8626893515669924,0.13731064843300755,0.9887271310041242,0.011272868995875762,-2.1109433099255117,-0.059012715318478556,0.8351070371243755,1.7195358193234058,-2849.8820333371373
238,-418.30213166069854,0.9486580565276598,0.1282460608506968,5.0,31.0,0.0,419.8126923108754,0.22554567256682523,0.7744543274331748,0.8978863024970899,0.1021136975029101,-2.1389960662238967,-1.1960750525566608,0.646533953098369,1.141672918225399,-2854.298344234414
239,-421.3071155995872,0.9818868626428696,0.12587532214707559,4.0,23.0,0.0,423.6150557006931,0.019420531388126935,0.9805794686118731,0.399997850901361,0.600002149098639,-2.0447309507105684,-2.4290185519593996,-0.125481511799664,1.086948241409949,-2863.3279706492694
240,-420.60908009068856,0.9819103840095768,0.10638009832687431,3.0,15.0,0.0,425.8097356062724,0.04971311911072219,0.9502868808892778,0.05028888829289135,0.9497111117071086,-0.2908854675795457,-2.2271429335927113,0.2930553290997834,1.1262179149134675,-2857.8430474651204
241,-419.6573385131139,0.9703061510221537,0.11670692469842758,5.0,47.0,0.0,421.3731300166144,0.13493611293995122,0.8650638870600488,0.04968244625052051,0.9503175537494795,-1.221416535777967,-2.050184573418604,0.9867220095943945,0.8919593824060211,-2856.5179601615614
242,-418.9174356340002,0.831423777919485,0.1282460608506968,4.0,15.0,0.0,422.6101923154844,0.740103866216569,0.259896133783431,0.6769748037091484,0.3230251962908516,-2.5238280487153038,-1.8499309598158895,0.9051837822594021,1.0675580399355402,-2861.744702925964
243,-423.754267567733,0.8842760397618122,0.12587532214707559,2.0,7.0,0.0,427.48078626727164,0.03064772564878855,0.9693522743512114,0.3352472983014023,0.6647527016985977,-1.9852156817187845,-1.974404192130449,0.003265730245998022,1.2099310358506055,-2884.497651923412
244,-421.33836016885385,0.7685862043658293,0.10638009832687431,5.0,31.0,0.0,425.0376369267257,0.9977782719941568,0.002221728005843193,0.3372467611060374,0.6627532388939625,-1.9236049080168516,-2.1708303715051356,0.9316622990453022,-0.548856647003969,-2849.6605901821786
245,-417.83525846589254,0.681949601191712,0.11670692469842758,4.0,15.0,0.0,422.2438587084623,0.5096203844705987,0.49037961552940135,0.14131704079983284,0.8586829592001671,-1.2932296268851655,-2.382731680420794,0.6756958394367568,1.2440110564702844,-2854.078915031057
246,-418.1469849859727,0.9911819109124177,0.1282460608506968,3.0,15.0,0.0,419.857842995848,0.5432118838275386,0.4567881161724614,0.49093728109591495,0.509062718904085,-2.2558458767264087,-1.7330327893943092,0.9117962876477925,1.1394313993023062,-2860.4243056891605
247,-420.3459311879055,1.0,0.12587532214707559,3.0,7.0,0.0,424.2333578297368,0.027740106760665163,0.9722598932393348,0.3041979352363695,0.6958020647636305,-2.125919397989471,-2.0625725843666634,0.023423211196647958,1.1226983300491193,-2859.298226171952
248,-421.60330008225327,0.9377135703396259,0.10638009832687431,5.0,63.0,0.0,424.56068172551954,0.9756560567002425,0.02434394329975753,0.741027330065043,0.25897266993495704,-2.4759065442768033,-1.1509081781653618,0.8593240536129871,0.02633187104510372,-2868.018500762694
249,-418.84944856726327,0.876066868917335,0.11670692469842758,4.0,15.0,0.0,421.3118865401155,0.026360763298476683,0.9736392367015233,0.725454998335982,0.27454500166401796,-2.300869955340096,-1.8135555466146844,0.06826422876886364,0.9960239963822853,-2848.591077798239
250,-418.7477755763246,0.9970664463739299,0.1282460608506968,3.0,15.0,0.0,419.82599860885415,0.24487263562764017,0.7551273643723598,0.7943683985967106,0.2056316014032894,-2.127142497192742,-1.3858204120121866,0.5374244310184983,1.136387406675805,-2861.5019341621933
251,-418.53682459755834,0.9901040214394146,0.12587532214707559,4.0,15.0,0.0,422.39039418247086,0.09081908708831023,0.9091809129116898,0.10736015324306916,0.8926398467569309,-2.075780433899876,-2.1555815349824443,0.3396835246452362,0.9848956938727849,-2849.0517825542806
252,-422.151960652549,0.4816941176275968,0.10638009832687431,4.0,19.0,0.0,427.99357800125733,0.9813188077034113,0.01868119229658871,0.6932332298731178,0.30676677012688225,-2.096738477410208,-1.5523010342385772,0.8911059645128903,0.12608327842132422,-2871.2279528262266
253,-419.59987030370513,0.7634821635386736,0.11670692469842758,2.0,7.0,0.0,423.0316949111216,0.03491626353470981,0.9650837364652902,0.5836735911477474,0.4163264088522526,-2.197120633528461,-1.7291750232707999,0.03450022827855696,0.9472922123423135,-2857.7752187826827
254,-418.06374964753206,0.9846986032343981,0.1282460608506968,4.0,31.0,0.0,419.44934335276207,0.6401974746201705,0.3598025253798295,0.9292516693586126,0.07074833064138741,-2.3164797544444204,-1.1904236476629553,0.8982359827793921,1.0467411784359557,-2851.4375111769577
255,-418.77887712159395,0.9002130406496878,0.12587532214707559,3.0,7.0,0.0,419.6814683602733,0.1064688593723207,0.8935311406276794,0.1353198626365917,0.8646801373634083,-2.128804397152256,-2.1310739035345603,0.3246049831740329,1.124754474015333,-2852.733172634196
256,-421.6241545831756,0.992328122520337,0.10638009832687431,5.0,43.0,0.0,424.04782192662833,0.09926133214303016,0.9007386678569699,0.22543004051159835,0.7745699594884017,-1.7594193201301096,-2.508163958692112,0.4433644318762155,0.8723879151625767,-2874.810276114838
257,-419.614111097497,0.9771264196488885,0.11670692469842758,4.0,31.0,0.0,423.4066249942258,0.3042376327267732,0.6957623672732268,0.0584686973424051,0.9415313026575949,-2.838332288593141,-2.1082853937232957,0.30846767290512955,1.2211048000356097,-2855.6729436647393
258,-416.8596938132334,0.9846399923162547,0.1282460608506968,5.0,31.0,0.0,419.49701247830063,0.33288804875464784,0.6671119512453522,0.398719334402462,0.601280665597538,-1.6550854302450917,-2.4009187378214993,0.9036641156422249,0.961450881113968,-2850.4587383486796
259,-421.1237154886155,0.5803386560377383,0.12587532214707559,3.0,7.0,0.0,424.5039598715025,0.06212572430248843,0.9378742756975116,0.24499112946387136,0.7550088705361286,-1.7955472370745391,-2.022882802101781,0.11607625060027972,0.874089472420666,-2870.7368759351
260,-419.28826241380676,0.9635948305130855,0.10638009832687431,4.0,31.0,0.0,424.612930170521,0.42811774947364195,0.5718822505263581,0.47888257953587693,0.5211174204641231,-2.5358031394285914,-2.092307559003477,0.717573455140411,1.2699457038464652,-2865.862143194034
261,-418.8452478901984,0.3525725059964151,0.11670692469842758,4.0,31.0,0.0,427.84921678515025,0.4713402535072319,0.528659746492768,0.7319437916661988,0.26805620833380117,-2.0870873592526262,-1.5887744070671614,0.719505344623033,1.1972288097422272,-2864.8060607580833
262,-418.6276845673277,0.7493068364139741,0.1282460608506968,3.0,15.0,0.0,419.6430594690875,0.36798877824505827,0.6320112217549417,0.31260040751409074,0.6873995924859093,-1.5408866715867597,-2.5386408591533263,0.8165520686079643,0.8740384383118057,-2862.230115290398
263,-425.5522882659683,0.7345975320073795,0.12587532214707559,3.0,7.0,0.0,428.1478256187149,0.06692275982321637,0.9330772401767836,0.21067366160240972,0.7893263383975903,-1.630002134065085,-2.5317405400791233,0.15400651709854324,1.2785535707717322,-2898.7991277514348
264,-418.1090410878386,0.9849982295311237,0.10638009832687431,4.0,23.0,0.0,420.71865744195594,0.4563779111156901,0.54362208888431,0.1216643554402007,0.8783356445597993,-2.375917751686364,-1.9911649362077886,1.0134041104782225,0.9370370419934589,-2853.176109277803
265,-419.6619174172831,0.9722294209272595,0.11670692469842758,4.0,31.0,0.0,421.0783964659519,0.7538679387332066,0.24613206126679343,0.9409599850868925,0.05904001491310751,-1.9895564602541191,-2.4448924606575226,0.85064507730521,1.0383999124768306,-2857.1849413079117
266,-418.0437056009657,1.0,0.1282460608506968,3.0,15.0,0.0,419.57127548116705,0.6201983027810192,0.3798016972189808,0.33697795752340326,0.6630220424765967,-2.1489302771541205,-2.2690328659816767,1.0218820180938029,1.10331685488012,-2857.017904048429
267,-420.6820019914993,1.0,0.12587532214707559,3.0,15.0,0.0,426.6311886649996,0.04533412316250548,0.9546658768374945,0.497755369098896,0.5022446309011039,-2.2090362906132723,-2.0964524424419073,-0.1548870696325036,0.8097740237428177,-2866.1054713150806
268,-419.21215899931957,0.9715727214636012,0.10638009832687431,4.0,15.0,0.0,422.92855547553023,0.16215301146990202,0.837846988530098,0.11439657280513416,0.8856034271948658,-2.3702529587381407,-2.227327137557615,1.2984492327544774,0.8386749777249829,-2855.0125602578414
269,-417.9804481986678,0.998744785962374,0.11670692469842758,4.0,15.0,0.0,420.40915186544765,0.5289702819741338,0.47102971802586624,0.21610475236492765,0.7838952476350723,-2.0643175367701736,-1.9923591234203655,1.1047868740755327,0.7759291006108646,-2856.7618023286573
270,-418.8704092387069,0.9747806300575683,0.1282460608506968,3.0,11.0,0.0,421.9173447354826,0.16971400444571746,0.8302859955542825,0.1668300706529461,0.8331699293470539,-2.7765907468771456,-1.9538967705940467,1.1750806628837358,0.8224199482347929,-2854.556934642385
271,-419.3932098621184,1.0,0.12587532214707559,2.0,3.0,0.0,421.09763808793036,0.04432330255283511,0.9556766974471649,0.5438007948314113,0.4561992051685887,-2.1609467600862873,-2.02497874072094,-0.1504850633459961,0.8731855496710398,-2857.346105255555
272,-419.68190209921573,0.8379213649399773,0.10638009832687431,4.0,23.0,0.0,421.7378898934695,0.3768497689479478,0.6231502310520523,0.44031131185480676,0.5596886881451932,-2.0726222030020693,-2.5493652208463096,0.8338626828948997,0.9548892754172863,-2868.667167996704
273,-418.3699532539261,0.8612272518420081,0.11670692469842758,3.0,15.0,0.0,420.104020752092,0.3751459632031079,0.6248540367968921,0.5968632086290725,0.4031367913709275,-2.0298853614244425,-1.9266122544634596,1.2940142516436,0.6974621482776128,-2861.5070909089704
274,-419.67016189919826,0.4777859521342769,0.1282460608506968,4.0,31.0,0.0,423.6523570717686,0.7182774883495155,0.28172251165048445,0.9775803574932639,0.022419642506736115,-2.0882194467516464,-2.177262783303863,1.0760239545390153,0.4422241291426452,-2852.5238455808712
275,-419.0128946813659,0.9953859945139713,0.12587532214707559,5.0,47.0,0.0,421.9055631994887,0.2255250367041479,0.7744749632958521,0.9625011058926973,0.03749889410730267,-2.2237668194606632,-0.3475354938407973,0.43207789597932567,1.2144872572094674,-2853.6309242969346
276,-418.08117363813994,0.9882082367948833,0.10638009832687431,4.0,19.0,0.0,421.36954672757116,0.9160221579392173,0.08397784206078274,0.7368171903544117,0.26318280964558827,-2.1621368987075846,-2.094427541560062,0.8828171297893793,1.3447349773619544,-2848.8949962999172
277,-418.25240335572175,0.8899306163765703,0.11670692469842758,3.0,15.0,0.0,422.2856387083414,0.5503992921666703,0.4496007078333297,0.333746759007658,0.6662532409923421,-2.277785080298485,-2.095024074595902,0.9728511202846027,0.5980721301704509,-2859.7571048876507
278,-418.6994995942462,0.9632395160546023,0.1282460608506968,4.0,31.0,0.0,422.10506237906486,0.8381855562835095,0.16181444371649045,0.3269206705814989,0.6730793294185011,-2.0220979459419866,-2.277530787355833,0.7625926584383075,1.8783435942731461,-2856.4571802435785
279,-418.3215284272842,0.952137839967314,0.12587532214707559,2.0,7.0,0.0,420.1300774259084,0.23729394876358592,0.7627060512364141,0.9272796506975252,0.07272034930247484,-2.2267001579518864,-0.36771302755300206,0.5069435945891109,1.1179331044695857,-2853.528320639075
280,-418.6939844989681,0.945307389152896,0.10638009832687431,4.0,31.0,0.0,423.76406198125557,0.8633833982573246,0.13661660174267543,0.9188259157764084,0.08117408422359162,-2.309017091952394,-0.6661437027279914,0.9351635152853823,0.6044897932544311,-2853.4817149154346
281,-418.10208228541984,0.8974111812685374,0.11670692469842758,5.0,31.0,0.0,421.1582559699324,0.6092299957830485,0.3907700042169515,0.26552265651116524,0.7344773434888348,-1.170879859535655,-2.3618089767230903,0.8315861950974895,1.0795855372568983,-2859.337281717934
282,-418.895632196912,0.8741413450835297,0.1282460608506968,4.0,15.0,0.0,420.2785261324358,0.925226286048064,0.074773713951936,0.3967920191034612,0.6032079808965388,-1.5707470455323904,-2.3946232927288356,0.9027271311209973,1.8648340897427675,-2854.5127235666437
283,-418.3961961498707,0.7886013862838737,0.12587532214707559,5.0,31.0,0.0,421.1909067474149,0.5874981022325386,0.4125018977674614,0.8737626686677231,0.12623733133227688,-2.3556392118356193,-1.2691698529844333,1.0592756063844322,0.5440549537523505,-2857.752348943796
284,-418.1744460060392,0.9823560379254973,0.10638009832687431,4.0,23.0,0.0,421.58477357811387,0.7678587667377574,0.23214123326224256,0.9185792430793792,0.08142075692062078,-2.1122775130981304,-1.7909641712966018,0.9318148710559662,1.2086065162770974,-2850.188530350655
285,-417.369979933362,0.9957925166399619,0.11670692469842758,3.0,15.0,0.0,418.65825788484057,0.516047159284617,0.483952840715383,0.07903818741163764,0.9209618125883624,-1.2734053471245896,-2.2164787562407606,0.7504613709022724,1.2219965090750848,-2847.9890519238
286,-420.820713097685,0.32524742709290194,0.1282460608506968,2.0,3.0,0.0,423.53813849984726,0.9250129211340241,0.07498707886597589,0.37434263216702496,0.6256573678329751,-1.6603526962523525,-2.1082895539618725,0.9194990832949755,1.9046070092321816,-2868.3863673646397
287,-423.7048416442529,0.8515713647118106,0.12587532214707559,5.0,31.0,0.0,426.0873138038124,0.035889949358384764,0.9641100506416153,0.03039936269241091,0.969600637307589,-0.252801706238383,-1.9446005874022514,0.7762734394177904,0.9219412641836098,-2874.693752684547
288,-420.10013007136956,0.7439523714747254,0.10638009832687431,4.0,15.0,0.0,421.93537161903464,0.8655077163245377,0.1344922836754623,0.7392065668284747,0.26079343317152526,-2.3265370696360863,-1.2237395058347709,0.849356660027264,2.0843861261802554,-2865.379648415446
289,-418.0793759926065,0.40155529389969624,0.11670692469842758,2.0,7.0,0.0,421.7557991596553,0.47062119840794925,0.5293788015920508,0.14775390728291485,0.8522460927170852,-1.2288951997455548,-2.4213163515296015,0.7086530115458338,1.1352015578790806,-2856.163788441746
290,-417.17003011958303,0.9823501638136776,0.1282460608506968,4.0,19.0,0.0,422.21758158542553,0.4862523508932576,0.5137476491067424,0.6912812533965133,0.30871874660348675,-2.144027193586839,-2.1270932382391488,0.604086557620811,1.1437522130193678,-2852.1371216314337
291,-422.95087006286514,0.948295422545464,0.12587532214707559,2.0,7.0,0.0,425.7647415583619,0.07429118899561807,0.925708811004382,0.055802664160309386,0.9441973358396906,-0.15365868928461085,-2.445905668752541,0.784623785984925,0.9047872272383763,-2876.392857992712
292,-419.44707981701805,0.9994878080247129,0.10638009832687431,4.0,15.0,0.0,420.89700129038766,0.9644656454154735,0.03553435458452647,0.7865210012084506,0.2134789987915494,-2.0932214618738585,-2.362588623926692,0.9387649021834243,1.989517082671439,-2849.0272194898607
293,-419.2685425269903,0.9126392124616854,0.11670692469842758,4.0,15.0,0.0,421.23591870572625,0.7725089888277303,0.22749101117226966,0.08900551477326972,0.9109944852267303,-1.4701003079819928,-2.347393326891062,1.0776475446673215,0.8972297166892786,-2858.5174603839546
294,-416.82985693707445,0.940727498232391,0.1282460608506968,4.0,31.0,0.0,418.4838495517159,0.5251916870013478,0.4748083129986522,0.3955034749937455,0.6044965250062545,-1.7624796561910094,-2.37648769346207,0.6579630016464868,1.206842948021324,-2850.6899556088324
295,-421.757491047222,0.9889429974475487,0.12587532214707559,4.0,31.0,0.0,427.6312303806449,0.0604331979007915,0.9395668020992085,0.43525143306940933,0.5647485669305907,-2.659292429239458,-2.010954862551838,-0.9049883258630745,0.9856837789003334,-2872.745028427657
296,-420.82912502418765,0.8199328206889702,0.10638009832687431,4.0,15.0,0.0,422.41386820083187,0.964576595705598,0.03542340429440205,0.8499005530815326,0.15009944691846744,-2.1826416962088997,-2.455336520672934,0.8429228890449216,2.1478057708595655,-2855.5213800585307
297,-420.0401857711339,0.9986496985290495,0.11670692469842758,5.0,47.0,0.0,423.79114742179195,0.10939114025384043,0.8906088597461596,0.04148448827544207,0.958515511724558,-0.4316729617967536,-2.0537963814946236,0.9690827653002897,1.0042690721475531,-2857.6878829955967
298,-418.25954503006295,0.9537277970574868,0.1282460608506968,4.0,23.0,0.0,419.0807663449507,0.30727943653692724,0.6927205634630728,0.038823079602059156,0.9611769203979409,-1.3249900552376424,-2.2238998757600945,0.9189407684345222,0.979007958738911,-2848.4892324135762
299,-420.8514929799915,0.9227836417659543,0.12587532214707559,4.0,15.0,0.0,424.3494543712599,0.030251099280015927,0.9697489007199841,0.333964398351077,0.6660356016489231,-2.3363822022881937,-1.7922822900260689,-0.6106546967881376,1.0112096904943042,-2863.686757239248
300,-422.5390871071444,0.7570015379357968,0.10638009832687431,5.0,31.0,0.0,426.2656880067099,0.9778347060385656,0.022165293961434407,0.0989725876459194,0.9010274123540806,-2.2515522307901668,-2.3129960389293496,0.9838473995644199,1.6181990711140724,-2863.537887183059
301,-420.0128982105357,0.988338713844979,0.11670692469842758,4.0,31.0,0.0,423.0553369716391,0.06292877726995087,0.9370712227300492,0.24172277435301112,0.7582772256469889,-1.3753581238082724,-2.168736370717808,0.8936336389367397,1.0435411675863402,-2862.747567257416
302,-418.4442670638266,0.7309651845127875,0.1282460608506968,4.0,23.0,0.0,422.7577855323611,0.3867181336645807,0.6132818663354194,0.4910818874718868,0.5089181125281133,-1.6862841662782508,-2.3470670698119687,0.4171590300268673,1.2829338362266134,-2862.2086251768555
303,-417.5353520863619,0.9900534776054692,0.12587532214707559,4.0,31.0,0.0,422.9164451930815,0.5347790507102814,0.4652209492897186,0.3880161527267724,0.6119838472732275,-2.0965315235798547,-2.0906256858306755,1.2634297098353433,0.8300272212335434,-2855.148157590516
304,-423.2511659227722,0.9898926915889558,0.10638009832687431,5.0,31.0,0.0,426.4035923090302,0.005623723969880686,0.9943762760301194,0.9130113985068319,0.08698860149316812,-2.0386920684130776,-2.035707038933594,1.2921340683713234,0.825494118274766,-2861.194672116074
305,-420.2235966777996,0.8630694737262833,0.11670692469842758,3.0,11.0,0.0,423.8858177385491,0.1493279662201664,0.8506720337798336,0.16912373132061229,0.8308762686793877,-1.556518517683105,-2.4852768721454193,0.889861691513602,0.9058017379870644,-2866.175480838352
306,-418.94416126931895,0.9704047702975854,0.1282460608506968,4.0,31.0,0.0,421.7327589948399,0.0553650574440515,0.9446349425559485,0.13821181344813518,0.8617881865518648,-1.4953391562451945,-2.2982980555597847,-0.10434440612358895,0.9487887191240054,-2851.604421806691
307,-417.6827085023688,0.8093104152854789,0.12587532214707559,3.0,15.0,0.0,421.52157684920115,0.5048598498778332,0.49514015012216683,0.728428185207116,0.27157181479288395,-2.2099396979621644,-1.900757275181488,1.0553179648417308,0.6066748930278931,-2855.8637115542565
308,-418.0152592716165,0.9628732835697241,0.10638009832687431,5.0,31.0,0.0,425.20747990155553,0.2243285406552294,0.7756714593447707,0.6651820177057386,0.3348179822942614,-2.0250745247936632,-1.9778002556833543,0.6714960062674971,1.0652525245267337,-2856.805399792666
309,-419.62242845587565,0.8937834616227106,0.11670692469842758,5.0,31.0,0.0,425.9097516573192,0.0774498351649787,0.9225501648350213,0.41536122114604923,0.5846387788539508,-2.5477281690813816,-1.6451383672905562,0.8010755757995991,1.011379022491632,-2861.26525972143
310,-418.18771223466547,0.9830519856842882,0.1282460608506968,5.0,47.0,0.0,420.2958695904087,0.08498777044387615,0.9150122295561238,0.7440749338758798,0.25592506612412025,-2.3540532869186084,-1.4633953020055757,0.33306147980572076,0.9397359102820837,-2852.1466800847734
311,-419.9036964702462,0.8826282226465881,0.12587532214707559,4.0,23.0,0.0,421.86077097424436,0.5104384281582993,0.4895615718417007,0.9458266737815006,0.05417332621849935,-2.2529458881303936,-1.3580211483523934,1.1140660235606907,1.1222275836064894,-2862.353692972221
312,-417.88145057527925,0.9238007773624021,0.10638009832687431,3.0,7.0,0.0,419.375726883472,0.3889575555969548,0.6110424444030452,0.5725674239803387,0.42743257601966134,-2.41644233013275,-2.0533009483199436,0.6641173332657244,1.0655487494202496,-2856.930376960103
313,-420.33831169370995,0.9989907214859116,0.11670692469842758,4.0,15.0,0.0,422.4380506773939,0.012788415082590538,0.9872115849174095,0.6690004472389809,0.3309995527610191,-1.983599299346684,-2.183457726647489,1.1678620741724093,0.893867558235245,-2853.5970529053047
314,-419.02969341021975,0.9283409939387779,0.1282460608506968,5.0,35.0,0.0,420.8966939592857,0.15181424769853905,0.848185752301461,0.1570100574145309,0.8429899425854691,-1.8942489002357423,-2.1506150689666987,0.09044268173674613,1.2070017594331377,-2858.069239796054
315,-419.60656953205677,0.9950973149289336,0.12587532214707559,4.0,15.0,0.0,422.5162604519766,0.7973515504891561,0.20264844951084393,0.9189259193694419,0.0810740806305581,-2.255932421309814,-1.8381312424498941,1.2139562146690956,0.4906590669355394,-2859.2172154966875
316,-417.58505143045954,0.9835464352067378,0.10638009832687431,3.0,7.0,0.0,418.5521594620288,0.34770675006082413,0.6522932499391758,0.4891298014778486,0.5108701985221513,-2.3486124625703235,-2.1329514900421676,0.8442665593491465,0.9303860745550309,-2854.693034134425
317,-419.2217223148302,0.9630318724944662,0.11670692469842758,4.0,15.0,0.0,422.358043982483,0.06963316415228767,0.9303668358477123,0.7781662660893327,0.2218337339106673,-2.1702600355570065,-2.430767834880962,1.232866965817596,0.9894174967661088,-2853.515602295067
318,-419.2851297792853,0.849583501450449,0.1282460608506968,5.0,31.0,0.0,421.29416893221963,0.16631027077928753,0.8336897292207125,0.9156951431284835,0.08430485687151645,-2.1456303667476435,-1.0352081249787959,0.011998431260590706,1.0209061628947114,-2859.1767312766474
319,-423.22372522157417,0.9996217191377279,0.12587532214707559,5.0,47.0,0.0,424.9935132874675,0.053039759810972927,0.946960240189027,0.01596536235117393,0.984034637648826,-2.5790819732678836,-2.0384747205006075,-0.25243738692478546,1.157998673362564,-2863.6280463096373
320,-417.4595507712023,0.9893178712130306,0.10638009832687431,4.0,15.0,0.0,419.3835121417536,0.43766283707604225,0.5623371629239577,0.30801791070212137,0.6919820892978786,-2.2692116830438724,-2.1371103968667753,1.1931917493314275,0.631522116693055,-2853.3824109483626
321,-418.7199378026911,0.7966213225328183,0.11670692469842758,3.0,7.0,0.0,422.99939799059536,0.07842579003022603,0.921574209969774,0.8200379005465003,0.17996209945349972,-2.044410165909943,-2.1564302716725465,1.3878876779434786,0.9003662647909615,-2851.0614099901754
322,-419.68293462901806,0.7748015317689348,0.1282460608506968,5.0,63.0,0.0,422.7838149598992,0.0646188641478186,0.9353811358521814,0.09549699660153922,0.9045030033984608,-2.0904183250990482,-2.079887636530987,-0.3928421332582025,1.0274571098787963,-2854.2128657864605
323,-419.03384293340423,1.0,0.12587532214707559,4.0,15.0,0.0,423.5677606794174,0.1125502023361149,0.8874497976638851,0.11424012425863948,0.8857598757413605,-2.203635198450638,-2.05271510361103,0.330299725520518,1.112791520881122,-2853.85060746734
324,-418.96248906805994,0.9368405442138013,0.10638009832687431,4.0,31.0,0.0,420.8687764910624,0.21454280888248023,0.7854571911175198,0.09961806382902509,0.900381936170975,-2.405882394801662,-2.1744093628964385,1.6058913086911846,0.7745055838729425,-2853.3071842548725
325,-419.5300064194252,0.9036388872775168,0.11670692469842758,4.0,31.0,0.0,421.9543867408646,0.17695846200616094,0.8230415379938391,0.8439399995458791,0.15606000045412094,-2.307772538559072,-2.200206527134978,1.1195827941842513,0.9026957162085273,-2860.134299668471
326,-418.43394918543237,0.9940648604561482,0.1282460608506968,5.0,31.0,0.0,422.09059930624585,0.5356607152706636,0.4643392847293364,0.10103626838054355,0.8989637316194564,-2.094570671467177,-2.1181782278528662,1.3612253671404781,0.6521479190529635,-2854.62813992702
327,-418.0417493057794,0.963871518565588,0.12587532214707559,4.0,15.0,0.0,421.2193949408354,0.5597444435233007,0.44025555647669934,0.13764951397218173,0.8623504860278183,-1.8735725392241511,-2.0685259470033337,0.921381515020896,1.14560380399094,-2854.7413130223144
328,-420.039358424643,0.9437185097030403,0.10638009832687431,4.0,31.0,0.0,421.7887866069459,0.07048196878729798,0.929518031212702,0.30843387906547026,0.6915661209345297,-2.580790473505741,-1.832930719969697,1.968544268762806,0.9853074685841671,-2859.192874559123
329,-418.4562559040576,0.9398679088759536,0.11670692469842758,4.0,31.0,0.0,421.2531307251679,0.49239896051268384,0.5076010394873162,0.308946498854574,0.691053501145426,-2.3962020593906512,-1.8582014968361504,1.1904777345543285,0.5508185218938428,-2860.924134804333
330,-419.8055158182489,0.6019846294438714,0.1282460608506968,4.0,15.0,0.0,423.4488901927872,0.95423767160177,0.04576232839823002,0.16739503461043148,0.8326049653895685,-2.58162020655406,-1.9231457299899979,0.9860846384317662,0.6915936789198713,-2854.47130053041
331,-417.9894641413256,0.9973420382295193,0.12587532214707559,4.0,15.0,0.0,418.8153064118325,0.4907755675009011,0.5092244324990989,0.22322840675131633,0.7767715932486836,-1.3174411247036288,-2.472420100480547,0.9070112810584124,1.0859085616882944,-2857.1813399899625
332,-418.9067878772258,0.983867839523651,0.10638009832687431,4.0,31.0,0.0,421.9026780851119,0.22147752250596667,0.7785224774940334,0.8219792642647433,0.17802073573525667,-1.9257523783046147,-2.8633586980769663,1.3336881633045639,0.7784501126384777,-2855.946447075789
333,-419.43353478530776,0.9490072260215794,0.11670692469842758,4.0,31.0,0.0,422.44166785422453,0.3098794719904146,0.6901205280095855,0.15259197054676318,0.8474080294532368,-3.018712397870922,-2.0032330436332666,1.2120574785464266,0.9942001250191294,-2859.103522127399
334,-418.65426521022164,0.8987528009357434,0.1282460608506968,3.0,15.0,0.0,423.2450718772056,0.7474793960542822,0.25252060394571785,0.16290544883204058,0.8370945511679594,-2.9351074513375237,-1.9691527791326027,1.0086971250550907,0.5819416871376029,-2854.723003668657
335,-422.9298974084411,0.992578791677138,0.12587532214707559,4.0,15.0,0.0,425.2591204516054,0.0004955817211057219,0.9995044182788942,0.56202766534154,0.43797233465845997,-2.408638526142206,-1.7575795231569062,1.1161345236146283,0.9224137052694115,-2849.755868090713
336,-420.08654131250717,0.9394221305350238,0.10638009832687431,5.0,31.0,0.0,421.0421764985691,0.7156667914975167,0.28433320850248334,0.4525957818501468,0.5474042181498532,-2.679867757098522,-1.8700695534830882,0.9922347104017998,1.4276514066680999,-2869.3874068806167
337,-420.07102488499953,0.8462349397853457,0.11670692469842758,3.0,7.0,0.0,421.3337445643545,0.16742507607217952,0.8325749239278205,0.17531439713196992,0.82468560286803,-2.8502471451863984,-2.123998420469429,0.9032462131476051,0.8263625058141062,-2862.573063844508
338,-418.91824204040216,0.9543659357633204,0.1282460608506968,4.0,31.0,0.0,420.9467046574788,0.23092898813911655,0.7690710118608834,0.34966089237724696,0.650339107622753,-1.9660909232587918,-2.110367976611366,0.7709688101758231,0.8075767495221023,-2863.356123836855
339,-421.9844604631956,0.939809420881153,0.12587532214707559,4.0,15.0,0.0,424.4909671811805,0.003934539818262245,0.9960654601817378,0.8793723924805751,0.12062760751942492,-2.255430402605948,-1.6085720756476007,1.0304997773475288,0.8566996575364886,-2853.007728321307
340,-420.2647921122309,0.9246997725671793,0.10638009832687431,5.0,31.0,0.0,422.32573272571244,0.6274121934415696,0.3725878065584304,0.6645622633395856,0.33543773666041443,-2.000766903649718,-2.792801228247089,1.3800326690112699,0.5328062439134054,-2870.5972485845696
341,-417.67698230795787,1.0,0.11670692469842758,3.0,11.0,0.0,421.62801120723844,0.37379004052928533,0.6262099594707147,0.16533653265490883,0.8346634673450912,-2.5055327667694693,-1.9789052951747481,1.0251118617191977,0.9317416928418749,-2851.0396189430908
342,-418.2693065176444,0.8911095251067339,0.1282460608506968,4.0,23.0,0.0,420.7771936963957,0.8360153082792593,0.1639846917207407,0.7077411090562872,0.2922588909437128,-2.1594430800114037,-2.1112561537483816,1.167861805336645,0.5814859065262377,-2855.34548339011
343,-424.6191112335816,0.9946965373641532,0.12587532214707559,5.0,47.0,0.0,426.16187491188276,0.9308028117946149,0.06919718820538512,0.006487306296054439,0.9935126937039456,-0.059963921053727304,-2.1862412445867916,0.9059422414476868,-1.1560565962906577,-2873.3819132816097
344,-419.76167036512703,0.9999722808020098,0.10638009832687431,5.0,63.0,0.0,423.6555412299602,0.07119240362472774,0.9288075963752722,0.7138855476067855,0.28611445239321454,-2.278496738154327,-1.232899822532013,0.439282173532967,1.0213923362723742,-2863.0129584097035
345,-423.52715783078395,0.47809014404164046,0.11670692469842758,3.0,15.0,0.0,424.9655502235333,0.18239398944273094,0.8176060105572691,0.20144618371753553,0.7985538162824645,-2.8756394870008677,-2.2805266632278793,0.8775682625157846,0.8485736038446848,-2886.9372511896977
346,-418.1157957816097,0.9816669399242629,0.1282460608506968,4.0,15.0,0.0,419.8320049564556,0.11007034617696881,0.8899296538230312,0.6868550991530873,0.3131449008469127,-2.4675424736745435,-1.5245134490097751,0.5146923001217709,0.9729621674009356,-2853.2674338253505
347,-422.72644753564214,0.9794138804011358,0.12587532214707559,5.0,31.0,0.0,427.0928729828528,0.8154230951697137,0.18457690483028633,0.0019298699579954847,0.9980701300420045,0.5575892007224328,-2.2245132512872865,1.2058062943219812,0.20698569404394263,-2857.986718979394
348,-419.41974719363486,0.9553666657761564,0.10638009832687431,4.0,15.0,0.0,420.6314486563974,0.08259187969682608,0.9174081203031739,0.7180557962194988,0.2819442037805012,-2.2555366933707948,-1.2851663467004233,0.4564185262005164,0.9658075406272543,-2861.588888832
349,-420.1792215004818,0.7109363902440147,0.11670692469842758,4.0,31.0,0.0,428.2666870634826,0.26113864289594935,0.7388613571040507,0.9426570867094842,0.05734291329051577,-2.011005095450161,-2.140787583879668,1.223246427946743,1.0115468636995464,-2861.3495952514822
350,-417.6468349782978,0.938866253777575,0.1282460608506968,5.0,31.0,0.0,419.158005157991,0.7277934840814488,0.27220651591855116,0.8809894902930624,0.1190105097069376,-2.1717880046237377,-2.010294194561953,0.8675551934905303,1.2526263610418051,-2848.673248716695
351,-423.41990129493,0.9472056739980131,0.12587532214707559,4.0,15.0,0.0,424.4539995183078,0.9473361252885486,0.0526638747114514,0.06332246399659797,0.9366775360034021,0.893835204717533,-2.200629475754662,1.0746737643887294,0.11572493675366874,-2878.777928620217
352,-420.5190649230731,0.9927200189919996,0.10638009832687431,6.0,95.0,0.0,424.4424599514864,0.7432484854284181,0.25675151457158185,0.01554564709999311,0.9844543529000069,0.7013991681709202,-2.121334429480939,0.8888152106998163,0.6106505946019934,-2859.2144618238035
353,-417.6294041526745,0.8721271471050825,0.11670692469842758,3.0,11.0,0.0,422.65674889910656,0.2713104340776019,0.7286895659223981,0.7094459179876075,0.2905540820123925,-2.3476857926154824,-1.504977615626087,1.2028822980680152,0.7437520607666364,-2854.3334132060236
354,-419.27812450707074,0.8709065924541097,0.1282460608506968,3.0,15.0,0.0,420.88430251180796,0.7513788030036082,0.24862119699639185,0.725644062890148,0.27435593710985196,-2.0088500728565126,-2.674800984828407,1.1095963277913652,1.0792386042509117,-2861.8013611674073
355,-420.59092270147636,1.0,0.12587532214707559,3.0,7.0,0.0,424.45628555707077,0.9281901364651653,0.07180986353483465,0.01495468605023794,0.985045313949762,0.5543839263090543,-2.1059901611045158,0.9271694621320117,0.2910882649491172,-2852.5852315697543
356,-420.89852629827266,0.9797822792467707,0.10638009832687431,5.0,63.0,0.0,424.6909969794431,0.9912658019140118,0.008734198085988187,0.05914069422066801,0.940859305779332,-1.369850079133315,-2.1523368074522997,0.9930405787306813,-0.14821931217383494,-2848.2112118882956
357,-420.9641852003122,0.7652507146756904,0.11670692469842758,5.0,31.0,0.0,422.0764799934251,0.9420786378791529,0.057921362120847086,0.28668055865687986,0.7133194413431201,-1.668948579316018,-2.5637469271165503,0.8465480896100133,1.3872776495380936,-2866.5023363374626
358,-418.54430428577143,0.7897082858552753,0.1282460608506968,4.0,19.0,0.0,424.7482073756152,0.2982855498939904,0.7017144501060095,0.6581953319714297,0.34180466802857035,-1.746094124066543,-2.7425091516369444,1.0870078519119528,0.855665755232234,-2859.314074947961
359,-424.6254899885842,0.9627485617268532,0.12587532214707559,3.0,15.0,0.0,426.17038773566645,0.8329108656123153,0.1670891343876847,0.0005606762755434805,0.9994393237244565,-0.028254380758476638,-2.105033799160146,1.100508942039183,-0.23017329375608442,-2862.950243764273
360,-419.7741334485942,0.9935507910702053,0.10638009832687431,5.0,47.0,0.0,422.29502789434895,0.7907436765263783,0.20925632347362166,0.020874408433543098,0.979125591566457,-0.9762461216218614,-2.1894653272306357,1.1036878093792506,0.12158162082345628,-2854.3698922555955
361,-418.0112645537174,1.0,0.11670692469842758,5.0,31.0,0.0,421.460629932712,0.7208856449043269,0.27911435509567306,0.5299715790764437,0.47002842092355634,-2.319226918736738,-1.8058562178797872,0.6769731878639297,1.6031416302551715,-2856.7673103842044
362,-417.9060677762792,0.8894872631747455,0.1282460608506968,4.0,15.0,0.0,420.0404347846217,0.30652745646496576,0.6934725435350342,0.25873160741799867,0.7412683925820014,-1.9812876210165715,-2.027765251966163,1.1449263792002624,0.9082609578786053,-2855.904894190113
363,-422.97714630276823,0.7632628755949694,0.12587532214707559,3.0,7.0,0.0,426.876217527695,0.8965906252266922,0.1034093747733078,0.0009755679853147714,0.9990244320146853,-0.12421240950625914,-2.143267653941111,1.0015770145851766,-0.06888010116506336,-2852.6497488930872
364,-422.55939847048825,0.9641622774354277,0.10638009832687431,5.0,31.0,0.0,424.61800660776527,0.9966341996926842,0.003365800307315814,0.03196914828799414,0.9680308517120059,-1.5296946499777724,-2.1608382924319107,0.9879205712222154,-0.6601161566867548,-2848.3013026076937
365,-418.87465320217717,0.9748108096819684,0.11670692469842758,4.0,31.0,0.0,420.1992605158792,0.9135828079606262,0.08641719203937381,0.3566315670722628,0.6433684329277372,-2.574232864837503,-1.8397348075923639,0.8398168667539345,1.8094370659768864,-2853.6958147065743
366,-420.4891225332422,0.8943770437635156,0.1282460608506968,5.0,47.0,0.0,423.31129329770096,0.34036779200024814,0.6596322079997519,0.9619056358713882,0.03809436412861178,-2.252067167986991,0.8750961035329097,1.0951640116833858,0.7907422648764554,-2864.860331664541
367,-425.33815840251367,0.7239492955090715,0.12587532214707559,3.0,7.0,0.0,426.95263164032315,0.9171574196049923,0.08284258039500769,0.0009120141739682897,0.9990879858260318,-0.23019298053242032,-2.1163519549055616,1.2288614191827485,-0.20443877578869232,-2866.7158361938245
368,-421.10928927541903,0.9897555563902282,0.10638009832687431,4.0,31.0,0.0,423.773849860033,0.9940164197948211,0.005983580205178862,0.1538974058233983,0.8461025941766017,-1.2433251513565415,-2.2781172452642307,0.8975274171082309,-1.2463210993723162,-2851.584580678635
369,-419.5905245130341,0.9225330432638019,0.11670692469842758,4.0,31.0,0.0,420.51091083597765,0.7808477160974878,0.21915228390251218,0.9054124767297426,0.09458752327025743,-2.2979958571159633,-1.860398310913208,0.8876655318221094,1.5467055958684863,-2858.96311907102
370,-420.2808850925713,0.9774400553433271,0.1282460608506968,3.0,7.0,0.0,421.273603295855,0.354629275410156,0.645370724589844,0.9828661852642869,0.01713381473571307,-2.0799698825396575,0.7641579621862595,1.1834907080994403,0.9920722612506196,-2858.501010263044
371,-424.1590060564779,0.9853943102427957,0.12587532214707559,4.0,19.0,0.0,427.27998509598007,0.9265356878430626,0.07346431215693738,0.15289565600763041,0.8471043439923696,-0.13993308160414883,-2.287337778852075,1.1203812213366389,0.4391204881653071,-2891.519836661949
372,-423.01829086299415,0.8893899398099616,0.10638009832687431,3.0,11.0,0.0,423.81455714414835,0.9908322696115093,0.009167730388490725,0.165606354797111,0.8343936452028891,-1.3195256485618672,-2.3514971788912824,0.7863980378126224,-1.3103050805721277,-2867.665305054986
373,-418.25350149017,0.9917251817311051,0.11670692469842758,5.0,31.0,0.0,421.5120244059294,0.6945157992548711,0.30548420074512894,0.8709410526240452,0.1290589473759548,-2.2171844241412773,-1.696986840278167,1.0079929250659443,0.4444933106829202,-2855.6057622097396
374,-420.7063019622082,0.9980264101762172,0.1282460608506968,5.0,39.0,0.0,423.4346140915154,0.2975796459487989,0.7024203540512011,0.5510753543619437,0.44892464563805634,-1.520967679256302,-2.6730643003820638,1.294751544817141,0.9708111794990597,-2875.2463234359316
375,-420.3989786649784,1.0,0.12587532214707559,3.0,7.0,0.0,425.1994871315618,0.7622463730684708,0.23775362693152924,0.010487252875364212,0.9895127471246358,-1.018219940552752,-2.0749009764598227,1.1867598739312974,0.35086182677936484,-2854.7241555624173
376,-422.17115055406174,0.9827935478125125,0.10638009832687431,2.0,7.0,0.0,423.92582676289874,0.9906042057958601,0.00939579420413994,0.12254072011627071,0.8774592798837293,-1.3454103207557084,-2.2233153059022355,0.8178781380082685,-1.3796842990499567,-2860.4908675671454
377,-419.4672300050963,0.8661088611071383,0.11670692469842758,4.0,31.0,0.0,424.5826277934562,0.751871850979062,0.24812814902093805,0.9724454364848809,0.02755456351511909,-2.2317663856578323,-1.1382449225154332,1.171009702106069,0.26852815059555524,-2854.3102682039025
378,-419.7333673394249,0.21305544765382514,0.1282460608506968,4.0,15.0,0.0,432.6513886696393,0.596260613536839,0.403739386463161,0.07566782833273926,0.9243321716672608,-1.8481197645198122,-2.3017086462726373,0.7275235270582973,1.0198350867228545,-2862.3242297796037
379,-419.39454901418486,0.9906354300618111,0.12587532214707559,4.0,15.0,0.0,421.60002915515474,0.893406069615009,0.10659393038499099,0.028615018175149956,0.97138498182485,-1.275028175294876,-2.1961908484846497,1.073287157921556,0.3494409979778901,-2849.4136472617433
380,-421.5448225418701,0.970694132776663,0.10638009832687431,4.0,31.0,0.0,424.30247140766033,0.9904612467909875,0.00953875320901254,0.27638105949790054,0.7236189405020994,-1.2226090708705817,-2.436624492677188,0.941504308607351,-1.2336581543836742,-2860.1101271014822
381,-418.8670040951453,0.9778812023721489,0.11670692469842758,4.0,23.0,0.0,421.7166451732521,0.586988325387307,0.41301167461269295,0.9250500997012001,0.07494990029879989,-2.248795270553799,-1.9249134095598912,1.2471007371832856,0.5022904648068707,-2856.0797418874727
382,-421.1147361257851,0.9961039208535489,0.1282460608506968,4.0,31.0,0.0,423.55627260902645,0.3378969601273175,0.6621030398726825,0.026067089298110614,0.9739329107018894,-2.405504801498429,-1.9772396876533782,1.4432121029208538,0.7776570282943567,-2862.5458144731906
383,-420.5562201764307,0.960173433153722,0.12587532214707559,3.0,15.0,0.0,422.17802424276874,0.9331686736123448,0.06683132638765521,0.015956116999479474,0.9840438830005205,-1.4981330996837903,-2.194166926407166,0.9466574708849727,0.36659553769121317,-2850.25245371455
384,-422.1857987072006,0.7694554313139339,0.10638009832687431,5.0,31.0,0.0,427.21333554064614,0.19216176068776974,0.8078382393122303,0.9978788674642037,0.0021211325357962663,-2.101091965098735,-2.513915591945728,0.6800817091972564,1.0837872501585033,-2850.2684911529536
385,-418.5659207576847,0.9957062673988883,0.11670692469842758,4.0,15.0,0.0,420.65239301505636,0.9278291499106727,0.07217085008932733,0.7992614297258563,0.20073857027414366,-2.2092564260167897,-1.336506577413682,0.9811490213394317,0.3360516906555727,-2853.349475092113
386,-421.1147361257851,0.202147250265091,0.1282460608506968,1.0,1.0,0.0,423.87477003198086,0.3378969601273175,0.6621030398726825,0.026067089298110614,0.9739329107018894,-2.405504801498429,-1.9772396876533782,1.4432121029208538,0.7776570282943567,-2862.5458144731906
387,-421.13562026896597,0.9586085412095003,0.12587532214707559,5.0,31.0,0.0,424.22726918967277,0.952066993194695,0.04793300680530499,0.28794739340895875,0.7120526065910413,-1.2473889147231827,-2.2000306620073142,1.0240135017544183,0.43556000066512685,-2870.239079963968
388,-419.1629976753451,0.9419255026592317,0.10638009832687431,4.0,15.0,0.0,424.85998596513656,0.3345487504869557,0.6654512495130442,0.9709697344410837,0.0290302655589163,-2.061943897358986,-2.385318086080872,0.8503115568274442,0.9988433522853782,-2850.3753803236227
389,-418.1119712169754,0.9925150598732019,0.11670692469842758,5.0,47.0,0.0,420.1643305023792,0.18686598738791835,0.8131340126120816,0.22604104916105014,0.7739589508389498,-1.4443506834914055,-2.3199272379876215,0.12938855201141067,1.1694215815759237,-2855.5134452845555
390,-419.0564001272263,0.9950859421832151,0.1282460608506968,4.0,15.0,0.0,421.4218638379615,0.22111619284027287,0.7788838071597272,0.03016548158106424,0.9698345184189358,-2.092214491197565,-2.149908444959509,1.2396293181605698,0.876818187923124,-2848.4310780917062
391,-420.1581074283479,1.0,0.12587532214707559,4.0,31.0,0.0,422.1318413684553,0.5719563540306639,0.4280436459693361,0.02766405517507857,0.9723359448249215,-0.8257388933884439,-2.0331649233165936,1.1018266703356545,0.5267947008096477,-2862.206413013003
392,-420.9926581675023,0.9628563046369039,0.10638009832687431,4.0,31.0,0.0,424.79945752719414,0.23989442234293173,0.7601055776570682,0.975250719596394,0.024749280403606022,-2.040398158044862,-2.938828540327276,0.26444353914680113,1.217544302469026,-2858.24089133998
393,-418.8906783872729,0.5752332805133077,0.11670692469842758,3.0,15.0,0.0,422.708746249511,0.32896425774357235,0.6710357422564277,0.11505961433051765,0.8849403856694824,-1.6479145896650316,-2.279318265406865,0.2650256435301857,1.1944977406658537,-2859.2539358241183
394,-421.4567665412914,0.9213504021221276,0.1282460608506968,4.0,15.0,0.0,422.435155489188,0.3980320765247437,0.6019679234752563,0.12645463204178037,0.8735453679582197,-3.621354136981981,-1.9906201486117125,1.097133823269092,0.8400546181576846,-2869.838361322513
395,-418.3721696405176,0.97528118807418,0.12587532214707559,4.0,31.0,0.0,422.4389395246748,0.8068665142689828,0.19313348573101718,0.21000429057465916,0.7899957094253408,-1.6555905407600766,-2.36839667548747,0.9156208700597909,0.5749157534804241,-2856.542952951842
396,-420.7199892468519,0.9632331273597969,0.10638009832687431,4.0,15.0,0.0,423.4651945400344,0.1326689575375106,0.8673310424624894,0.7452724877883874,0.2547275122116126,-1.934089856961411,-3.0427383014219265,0.07754640936662986,0.9892550867885797,-2867.742448273537
397,-418.92058391970534,0.9820540331105468,0.11670692469842758,4.0,15.0,0.0,419.7489284736681,0.07620632538931908,0.923793674610681,0.44192683006279737,0.5580731699372026,-1.5846189447472847,-2.3797553347967746,0.5516845327602887,0.9274701209792684,-2857.7368341635274
398,-423.2208812466442,0.8255394268866737,0.1282460608506968,3.0,7.0,0.0,425.0926940046122,0.3008155921114096,0.6991844078885904,0.11708048498077493,0.882919515019225,-3.5134927755846044,-1.983710380664776,1.1341651754360071,1.1403557030943874,-2880.7692136998403
399,-417.9454682953879,0.7414817893801796,0.12587532214707559,4.0,31.0,0.0,422.1449921200676,0.7285963460420825,0.27140365395791755,0.13070112505096462,0.8692988749490353,-1.6585944330471232,-2.1330056893668674,1.1158035407624334,0.8112999238795631,-2852.8980274402234
400,-420.13171002850703,0.9936777198000223,0.10638009832687431,3.0,7.0,0.0,422.32397857521886,0.054110131330027136,0.9458898686699728,0.9350648634178591,0.0649351365821409,-2.042881417910108,-2.4869800810868288,0.28898820069204745,0.9264060910830739,-2852.5252083827295
401,-419.4029022362143,0.947429699483268,0.11670692469842758,5.0,31.0,0.0,423.37945701406306,0.13675057569427973,0.8632494243057203,0.03738385924289451,0.9626161407571054,-0.3497400834218693,-2.3017329764219316,0.8281464588902373,1.0282502987844562,-2853.222137236934
402,-423.16791977940534,0.7488087399345282,0.1282460608506968,2.0,3.0,0.0,426.5115547682151,0.2755146676197319,0.724485332380268,0.17290912690246654,0.8270908730975335,-3.489392169253596,-1.9216776402196476,1.2016649771633534,1.0360497383247984,-2882.698974760088
403,-419.14088475591427,0.8368622764048832,0.12587532214707559,4.0,15.0,0.0,423.9437368733239,0.11507769255465708,0.884922307445343,0.43854014858846396,0.5614598514115361,-2.580657510655777,-1.9108054782418196,1.3206167954298083,0.7762577795800603,-2858.9317818386435
404,-418.31560141419106,0.7843720585654391,0.10638009832687431,5.0,31.0,0.0,423.02808532683673,0.7418286780096155,0.2581713219903845,0.5109632158509666,0.4890367841490334,-1.9456396292502478,-2.480168178890938,1.0876619748804526,1.0433733665992282,-2858.0838109152546
405,-418.8782701037539,0.9880281108715541,0.11670692469842758,3.0,15.0,0.0,421.6867861511285,0.6297497405116487,0.37025025948835133,0.04737549446832023,0.9526245055316798,-0.03657788813197334,-2.151093456918041,0.7670500835944409,1.0369708495171728,-2856.616191559771
406,-420.3407850589254,0.9746584460776933,0.1282460608506968,4.0,15.0,0.0,426.5058078892094,0.12073836048013167,0.8792616395198684,0.06506888707432416,0.9349311129256759,-3.2724704867093086,-2.1309007578079284,1.035583972484185,0.9880372592245008,-2853.8429727361736
407,-419.0021161892724,0.9352182922115005,0.12587532214707559,5.0,43.0,0.0,423.4921369875963,0.6409408316167566,0.35905916838324337,0.046158148061941275,0.9538418519380587,0.22469342649976332,-2.260278469589415,1.0750312601534908,0.8262619084818853,-2856.601152007837
408,-418.1128481155049,0.9988152769839008,0.10638009832687431,4.0,31.0,0.0,419.3081442899208,0.7199840590713749,0.28001594092862514,0.7303205382226552,0.2696794617773448,-2.055952967651481,-2.473480523574056,0.9449104023840752,0.557583671175865,-2855.963202204545
409,-418.7423521127273,0.9545936173652471,0.11670692469842758,5.0,31.0,0.0,422.3185265471104,0.08702404717570128,0.9129759528242987,0.18529000825254674,0.8147099917474533,-1.153167264398037,-2.3009391650833475,0.7499944348814329,1.0634632104788704,-2854.8321575783148
410,-419.9509478892592,0.5577206699986802,0.1282460608506968,4.0,15.0,0.0,422.7456011383289,0.14830504547175374,0.8516949545282463,0.03517871273618232,0.9648212872638177,-3.042133504260449,-2.125116921140706,1.2495996483838374,0.8825120605022073,-2849.344969176372
411,-420.92183192918895,0.7022488658560403,0.12587532214707559,3.0,15.0,0.0,424.4534490992601,0.40112178467392134,0.5988782153260787,0.013162394033402365,0.9868376059665976,0.5583288834262181,-2.071353587592398,0.8669016815077999,0.7667726152381891,-2862.6379712343464
412,-418.43525682551245,0.9785747564500417,0.10638009832687431,4.0,23.0,0.0,420.2224309601012,0.7473993288858686,0.2526006711141314,0.7346055274343821,0.2653944725656179,-2.118719823043776,-2.2221639415688603,1.088401530262922,1.1012600999664115,-2857.428538504275
413,-417.551420291362,0.9936310979491793,0.11670692469842758,5.0,47.0,0.0,419.4333555123311,0.8894236964391182,0.11057630356088177,0.4570837402822584,0.5429162597177416,-1.9919227180739392,-2.267261728856407,0.9695540928540194,0.3521260809663039,-2849.911650722345
414,-420.5293242433845,0.5107125127892018,0.1282460608506968,3.0,7.0,0.0,422.7249363689768,0.09943102165863982,0.9005689783413602,0.026189009016628986,0.973810990983371,-3.0097009990143926,-2.0818847939546594,1.25592749408647,0.9271891186207971,-2849.2325210599042
415,-422.13575150253956,0.9684738048703179,0.12587532214707559,4.0,15.0,0.0,424.0895708210933,0.7593134135558259,0.24068658644417407,0.0016842401730672327,0.9983157598269328,0.5924522423652067,-2.245906498702346,0.9851481149946716,1.068218976520632,-2853.660619363794
416,-417.61793151638284,0.996219799168862,0.10638009832687431,3.0,15.0,0.0,419.429801280849,0.4997566136263281,0.5002433863736719,0.3063874769841626,0.6936125230158374,-2.279831307598055,-2.067828741177574,0.8411821807501477,0.8336096644767269,-2855.13679830669
417,-419.9668398946573,0.8162189396458727,0.11670692469842758,4.0,15.0,0.0,421.6266418967411,0.4608517149792635,0.5391482850207365,0.4974186601376754,0.5025813398623247,-2.5118579019259957,-1.7560765593125713,1.210162986095569,0.38899159443490766,-2872.3271568166097
418,-417.6695114357706,0.793985345937471,0.1282460608506968,5.0,31.0,0.0,421.7168412459503,0.3872371605159737,0.6127628394840263,0.6700202498599774,0.32997975014002257,-2.166676380652287,-1.7455187671249541,1.3210903191620034,0.8152694714413385,-2856.0317051548172
419,-420.270617905738,0.9835439557134846,0.12587532214707559,4.0,31.0,0.0,422.95779313050514,0.4639494452500854,0.5360505547499146,0.004024540748867696,0.9959754592511323,1.101115003589089,-2.1708574985911393,0.8594871764881545,0.9391543947491794,-2848.872314182742
420,-418.93114220424354,0.9740776996646558,0.10638009832687431,5.0,47.0,0.0,420.7162691361394,0.07359421441644992,0.9264057855835501,0.22702038439003744,0.7729796156099625,-2.5597810305963526,-2.0381048492105256,1.252797854154738,1.0160962626367411,-2851.80980763198
421,-419.20878996063374,0.9964575411761237,0.11670692469842758,4.0,31.0,0.0,422.99058583076436,0.7212062843671392,0.2787937156328608,0.2974650699785397,0.7025349300214603,-2.249403329639037,-2.0942705180656334,0.5611914705912247,1.6078767156739526,-2863.236307991531
422,-417.52741146114926,0.9565798101267774,0.1282460608506968,5.0,31.0,0.0,419.77316722895944,0.4115897166834099,0.5884102833165901,0.5563146662316982,0.44368533376830177,-1.915793249140317,-2.157055516639374,1.239265202845162,0.7253502534893039,-2855.750020798297
423,-421.19815251552,0.9678184274028291,0.12587532214707559,5.0,31.0,0.0,426.07600236911503,0.9892925653692203,0.010707434630779722,0.29455445820968895,0.705445541790311,-1.449913569193843,-2.436072343524208,0.8398603410532155,0.9682236912006251,-2858.908624339052
424,-417.4604100491952,0.9791360422568958,0.10638009832687431,3.0,11.0,0.0,419.7266397793669,0.17367704294476613,0.8263229570552338,0.4653243388669589,0.5346756611330411,-2.3907771463945773,-1.9725099996521718,1.1868438754519373,0.8325216167340432,-2850.5848906047117
425,-419.88245897842495,0.9421137243769477,0.11670692469842758,3.0,7.0,0.0,422.3235521463245,0.5797869270074308,0.42021307299256916,0.12861941804668947,0.8713805819533105,-2.407409116166879,-2.1485590179255984,0.6181363288522498,1.624571462882692,-2863.9735811721434
426,-421.6682695570974,0.8417009454818273,0.1282460608506968,5.0,31.0,0.0,423.18176875629393,0.4181217252654974,0.5818782747345026,0.005180530328805691,0.9948194696711943,-2.9127009316277985,-2.0930029504533363,0.8951250410949385,0.8240216636350266,-2854.2406685208025
427,-423.25748552488267,0.9912979379061619,0.12587532214707559,5.0,31.0,0.0,425.3903676817664,0.9925977696310317,0.0074022303689682545,0.657298563400491,0.342701436599509,-2.138745318045364,-2.0995312674410243,0.7460270843472778,1.7467017884104163,-2868.6515479317222
428,-417.5868917220463,0.9725162435496685,0.10638009832687431,4.0,31.0,0.0,418.93260702661496,0.1488923590730623,0.8511076409269377,0.6559037610555801,0.3440962389444199,-2.3684628546405153,-1.6098048497021475,1.2498901674117895,0.9557030098849801,-2850.8166713097144
429,-419.1706756592469,0.7774949942536201,0.11670692469842758,3.0,15.0,0.0,424.9318463861206,0.7035380435036553,0.29646195649634466,0.08228293089022855,0.9177170691097715,-2.061026948481071,-2.1888779316427103,0.6595935280008997,1.249203936538557,-2857.3268233477115
430,-419.5842115811213,0.9817157845512716,0.1282460608506968,4.0,15.0,0.0,422.77264086197255,0.3856232427643586,0.6143767572356413,0.42950813799316595,0.570491862006834,-2.7844108156898204,-1.8431338950050544,0.6830549135191072,1.284470917053937,-2867.2675022230405
431,-422.67098379822295,0.9568282785274184,0.12587532214707559,2.0,7.0,0.0,425.9294404245094,0.9960397118382676,0.003960288161732439,0.553942551874943,0.446057448125057,-2.319046824387674,-2.016657072292311,1.0993744933288883,1.8103012726869663,-2859.7846983491004
432,-418.88051010253093,0.8036187709576671,0.10638009832687431,4.0,15.0,0.0,421.1242670088792,0.23297605707823393,0.767023942921766,0.5034519416644467,0.49654805833555327,-1.6276913152281474,-2.364641422589723,1.5509440474832044,0.7787718133057219,-2862.335529415113
433,-417.89848651647424,0.9754711107211622,0.11670692469842758,4.0,31.0,0.0,422.25849847648504,0.07441963698590968,0.9255803630140903,0.7128534444355421,0.2871465555644579,-2.2713188978490355,-1.9034698702414514,0.5227415189603988,0.9627124091000693,-2848.683014773163
434,-417.42705407393174,0.9999696803334073,0.1282460608506968,4.0,15.0,0.0,420.46389137481066,0.7306219749929829,0.26937802500701713,0.13344922643246232,0.8665507735675377,-1.9300672164157742,-2.150516379514322,0.9098792527010249,0.976640072863715,-2848.605189746166
435,-420.0542699857766,0.8801352035921505,0.12587532214707559,3.0,7.0,0.0,424.4444084041022,0.988233174954627,0.011766825045372964,0.6782252414099872,0.3217747585900128,-2.1506839531285142,-2.02738474511503,0.9604833713385754,1.9528161752068687,-2848.7155471354667
436,-420.01610713165155,0.9776519100883795,0.10638009832687431,3.0,7.0,0.0,420.7112179826879,0.28304278774106917,0.7169572122589308,0.36092224413485774,0.6390777558651423,-1.6920760744243066,-2.6210375638128216,1.5385047834844692,0.6559495773375678,-2869.3994142554216
437,-418.00149218814073,0.9810271017531345,0.11670692469842758,4.0,31.0,0.0,420.9050149616814,0.8000714549078259,0.19992854509217406,0.8384569592473342,0.1615430407526658,-2.22186927718225,-1.198148373825089,1.0155008223470208,1.071862939332262,-2853.596590902199
438,-416.89554626825253,0.6691338756098952,0.1282460608506968,4.0,23.0,0.0,419.6941094328227,0.7116029139074963,0.2883970860925037,0.3865745311715175,0.6134254688284825,-2.141963997094887,-2.131071637964168,0.8433316737089256,1.3063570880765625,-2848.9610908626105
439,-419.02670766257273,0.8674096986405462,0.12587532214707559,4.0,15.0,0.0,421.9584274224946,0.9693123751460893,0.030687624853910744,0.5006512628596971,0.4993487371403029,-2.032637098585869,-2.250977730750149,0.9449849659991798,1.9490254096847341,-2848.682782750702
440,-418.50474537029436,1.0,0.10638009832687431,3.0,7.0,0.0,421.1005033964509,0.23629267187718145,0.7637073281228186,0.37156484163853537,0.6284351583614647,-1.6847216493621575,-2.506865506211045,1.4842015128471617,0.6883765909724049,-2858.8644199819078
441,-418.61646027910604,0.9815683333567211,0.11670692469842758,3.0,7.0,0.0,419.0680091045997,0.8205691119411701,0.1794308880588299,0.8125337035340485,0.18746629646595148,-2.3982408658844974,-1.3008734759071143,0.7964509095284438,1.0985509814542342,-2857.450730085824
442,-417.3988324654235,0.9706595787945254,0.1282460608506968,5.0,31.0,0.0,418.0513596666312,0.709091260261193,0.29090873973880704,0.662924328089376,0.33707567191062404,-2.3530128424661627,-1.8590655967553311,0.7535065164504027,1.4746942781420296,-2851.900354441467
443,-419.87512135650445,0.980976472946225,0.12587532214707559,3.0,7.0,0.0,420.476451686668,0.9817499022523681,0.018250097747631866,0.5846464298853605,0.41535357011463947,-1.8286536245053069,-2.4660936457248916,0.9194893573724605,1.9251623130198874,-2850.7655453995444
444,-417.90130213488555,0.999530947370568,0.10638009832687431,5.0,31.0,0.0,420.0477231362294,0.7867061272115579,0.21329387278844214,0.4202518710134234,0.5797481289865767,-1.8198511709546275,-2.185980093303812,0.9800186389607461,1.187408684749672,-2855.642972621118
445,-419.2841831668642,0.9007029868276499,0.11670692469842758,4.0,15.0,0.0,424.1913072732557,0.36792222696023325,0.6320777730397668,0.9841240224869461,0.015875977513053918,-2.1676082035281254,-1.879996991728929,0.7556900944734012,1.0976698569139414,-2848.865330252714
446,-418.32883476176164,0.9702047578803622,0.1282460608506968,2.0,3.0,0.0,418.58700212627434,0.6599073116841758,0.3400926883158242,0.5807362064556597,0.4192637935443403,-2.302380330155724,-1.7167294211012976,0.6878766703312152,1.6083026955528572,-2859.868968147384
447,-419.80577316957607,0.9865003372149396,0.12587532214707559,5.0,31.0,0.0,420.8733522957001,0.911004138881625,0.08899586111837499,0.24297381667412693,0.7570261833258731,-2.1625366305228466,-2.0328426609360073,0.7974505909540502,2.209285686799271,-2858.4947947646797
448,-417.6840063208188,0.7962353787619677,0.10638009832687431,2.0,7.0,0.0,421.62737945785676,0.7736627960886929,0.22633720391130707,0.3122460928515881,0.6877539071484119,-1.8928576386324691,-2.393047953500347,0.9391223600685363,1.0870886097183434,-2852.776569079621
449,-422.843892722052,0.7597685099208659,0.11670692469842758,4.0,27.0,0.0,423.85416418784365,0.5094413572243155,0.4905586427756845,0.04439127206374559,0.9556087279362544,-2.15643499039921,-2.3447732569807664,0.9569644809158286,0.6434590587768606,-2879.5832600985673
450,-420.534168558672,0.9049772473934563,0.1282460608506968,4.0,31.0,0.0,425.17275693858306,0.09122394649770066,0.9087760535022993,0.9928061117110144,0.007193888288985595,-2.153347037056127,0.7325200448244753,1.2215620951433097,0.9156255764492218,-2847.1302685340434
451,-419.7011330169473,0.8458037605695765,0.12587532214707559,3.0,15.0,0.0,422.43827665643636,0.945060285624864,0.054939714375136006,0.35987978663697906,0.6401202133630209,-1.92819490387538,-2.234343716673118,0.9686337614532994,2.422018427268428,-2855.221805898497
452,-420.47342217530195,0.8961171778939923,0.10638009832687431,5.0,39.0,0.0,421.876381374146,0.957219007977228,0.04278099202277197,0.42432824676296294,0.575671753237037,-2.2497800271219894,-2.303142820726163,1.0105465624044172,-0.6319338639430208,-2862.5410233681678
453,-422.46032771642854,0.9271325236613979,0.11670692469842758,4.0,15.0,0.0,426.06302393320834,0.2834337013573596,0.7165662986426404,0.6776011547646741,0.3223988452353259,-1.8027095910843394,-2.1189429542629408,1.5256079089507295,0.5727831526664982,-2887.7573823696125
454,-420.44838914009176,0.8990621140324253,0.1282460608506968,4.0,15.0,0.0,422.07239420582744,0.4716720676031616,0.5283279323968384,0.9781383209935202,0.02186167900647984,-2.2671121541003476,1.1619658286300911,1.2169272487330824,0.7808244464166805,-2860.7859599979647
455,-420.2410838356904,0.9824406753673373,0.12587532214707559,4.0,23.0,0.0,423.26131459140004,0.9284709527014277,0.07152904729857235,0.029260774854997566,0.9707392251450024,-1.5929930998837563,-2.1800771925802502,0.8416415331902987,1.4744220237935013,-2850.805947374021
456,-424.09419692495976,0.9466156945612502,0.10638009832687431,5.0,31.0,0.0,425.1832823152425,0.9763134790351561,0.023686520964843916,0.007762018343492741,0.9922379816565072,0.10572425828717938,-1.9869819566281417,0.9491517117358645,-1.058818572941235,-2864.7387712003087
457,-421.0325667053819,0.9685844974658314,0.11670692469842758,4.0,15.0,0.0,427.576560865567,0.286543799091846,0.713456200908154,0.616333657113302,0.383666342886698,-2.0523440031733693,-1.921099604504708,0.9888935536301753,0.6448949255774006,-2879.4359798181704
458,-419.62723362638815,0.9602751669925153,0.1282460608506968,4.0,31.0,0.0,424.3389996132069,0.07120962488730437,0.9287903751126956,0.7944003771892788,0.2055996228107212,-2.227467473459718,-2.295869831635477,1.8406259450525382,0.9122956778854623,-2854.9244139427797
459,-417.74089549686965,0.9938392124790411,0.12587532214707559,5.0,31.0,0.0,421.2682099158667,0.39590446801931134,0.6040955319806887,0.08711883404025605,0.912881165959744,-1.7211408595667967,-2.163891451832163,0.585594397900327,1.212242052212005,-2850.1157063852565
460,-424.8813999211131,0.39095910695215436,0.10638009832687431,2.0,3.0,0.0,428.46379876367604,0.9781209131525538,0.021879086847446216,0.007788087077427372,0.9922119129225726,0.1495750637364625,-2.3491126386174708,0.9901321570471668,-1.103094716768351,-2868.147240887471
461,-422.1661649745998,0.9814704779490574,0.11670692469842758,4.0,23.0,0.0,425.42553583703153,0.23955718557875869,0.7604428144212413,0.9840683653237883,0.015931634676211726,-2.0762943836089556,-1.6030026990126305,1.1445012922108413,1.1399608339345306,-2867.5583395236367
462,-420.8192930639861,0.9813701676355898,0.1282460608506968,4.0,31.0,0.0,424.0573494705591,0.8998784788224501,0.10012152117754991,0.8561956632867757,0.14380433671322435,-2.324985183224169,-2.1606383796377955,0.8461190370437895,1.0527127350963232,-2865.5483664392273
463,-418.2891305401336,0.9091387674088677,0.12587532214707559,4.0,15.0,0.0,419.79725596296026,0.29551984673705683,0.7044801532629432,0.603320985925536,0.39667901407446404,-2.0541739808787676,-2.579546697062157,0.8457867244482322,1.0824533544811297,-2857.7023579897973
464,-421.5847837690441,0.9636821365289534,0.10638009832687431,4.0,31.0,0.0,427.45017322544066,0.9679678357855199,0.032032164214480074,0.06954435831489282,0.9304556416851072,-0.712054344323074,-2.252564058350615,0.9872405245251255,-1.7185860608041152,-2861.0864458547085
465,-419.88162458236616,0.9942553957268122,0.11670692469842758,5.0,63.0,0.0,423.7160192695019,0.9055143361183087,0.09448566388169133,0.8837047123843944,0.11629528761560559,-2.376195305412141,-1.3135606767839438,1.1358110708661198,0.3653945553777391,-2860.144982762289
466,-417.1392652425262,0.9627081548436743,0.1282460608506968,3.0,15.0,0.0,421.8453367769236,0.4629608036096995,0.5370391963903005,0.4403049663792011,0.5596950336207989,-2.137779365573884,-2.1355594870474306,1.0120463972229399,1.0790110925575096,-2852.432615870075
467,-417.1335307851327,0.9945645090770419,0.12587532214707559,4.0,15.0,0.0,419.21336707087085,0.31126436558022363,0.6887356344197764,0.5738659653423528,0.4261340346576472,-2.1793247740551625,-1.9555056109453917,0.9562095945231099,1.058071756058475,-2851.9306336336067
468,-422.2447731602062,0.8754384992373562,0.10638009832687431,4.0,19.0,0.0,424.7752048410475,0.983337581828447,0.016662418171553006,0.03421145002665573,0.9657885499733443,-0.2624311254003678,-2.1432575711194497,0.9336197576549615,-1.9922033127860574,-2856.6020174676437
469,-417.3223483731385,0.9539009836484761,0.11670692469842758,5.0,31.0,0.0,422.35481253406385,0.8548519327972334,0.14514806720276663,0.6650268429517857,0.3349731570482143,-2.2829666847066807,-1.6960584585772118,1.0391917190371853,0.452717284019264,-2849.8787824467004
470,-419.1081409407821,0.9874728210783041,0.1282460608506968,4.0,31.0,0.0,421.20308357012175,0.5717171520632557,0.4282828479367443,0.017444852265300813,0.9825551477346992,0.3093559665492456,-2.153182966363573,1.0144044543953703,0.6658790076145756,-2851.930390554755
471,-420.83829054107565,0.994454648298588,0.12587532214707559,4.0,15.0,0.0,421.20924194453517,0.6302331038222615,0.3697668961777385,0.012083907050159432,0.9879160929498406,-2.558268181013611,-2.0734334187502452,1.1121993807077568,0.4526000406837641,-2855.7903184430907
472,-422.4339739657078,0.8557427089356475,0.10638009832687431,5.0,31.0,0.0,424.5340952294997,0.9924167265243072,0.0075832734756927644,0.1474489265524235,0.8525510734475765,-1.220398635050515,-2.1386428930254846,0.9507025448318731,-2.2737005777685733,-2859.4906243622972
473,-420.1512642852082,0.8796375227629963,0.11670692469842758,4.0,15.0,0.0,420.6023973694538,0.7316394647085379,0.2683605352914621,0.9851537168194452,0.014846283180554809,-2.1433651622052436,-1.472148517248805,1.0974623151992562,0.26850290523960285,-2854.931672405005
474,-417.6317951430863,0.6411974665527111,0.1282460608506968,5.0,63.0,0.0,421.6461449611287,0.44590372599395744,0.5540962740060426,0.1526029415899305,0.8473970584100695,-1.5446625625952528,-2.1678137834217903,0.5794866605002689,1.1162097471037464,-2853.627093040448
475,-420.0962133397486,0.7424714295187644,0.12587532214707559,4.0,15.0,0.0,424.1566120359228,0.42744777396490413,0.5725522260350959,0.08240844238865414,0.9175915576113458,-2.4428486733545,-2.2730243504637206,1.2788229386680774,0.6310473227238619,-2862.9923891258263
476,-423.9434131020101,0.880437782786761,0.10638009832687431,5.0,63.0,0.0,428.1856056666952,0.9834055636948109,0.016594436305189086,0.8813440009785874,0.11865599902141255,-2.210520403523893,-2.217729004205052,0.980553640687757,-3.331596929848946,-2865.5920580019047
477,-421.1394819633565,0.9874767328887197,0.11670692469842758,4.0,15.0,0.0,422.3848106061466,0.91096404425505,0.08903595574495005,0.8933622874358889,0.10663771256411114,-2.3603705997348654,-0.35871607892348645,0.938485452940715,-0.008566182650651715,-2869.8533674418995
478,-418.9424285913052,0.9515658267058864,0.1282460608506968,3.0,7.0,0.0,420.20716051241675,0.40671100796948917,0.5932889920305109,0.295638621052007,0.704361378947993,-1.5712333027899088,-2.3204021840306566,0.37209115858062713,1.4297028797743117,-2864.6266242141537
479,-418.8784077857426,0.9765916670480699,0.12587532214707559,4.0,31.0,0.0,421.76313924819414,0.5327955379468826,0.4672044620531174,0.7175277969763055,0.28247220302369447,-1.7438564935397223,-2.7373489027656017,0.9824726499718308,0.9265681784451884,-2862.207305538707
480,-423.89204301999837,0.9203397362247246,0.10638009832687431,6.0,63.0,0.0,425.7839904298187,0.9906149410353914,0.009385058964608617,0.05274448333642434,0.9472555166635757,-0.6771324211345029,-2.0697711175384823,0.8949091591751529,-2.6870094601968164,-2864.1078407613845
481,-420.5272966571644,0.9824621608413392,0.11670692469842758,5.0,63.0,0.0,422.3966324407233,0.9402991442933138,0.05970085570668615,0.9496662989818457,0.050333701018154264,-2.170030003319284,-0.3914713574700229,1.149208982548828,0.10792384005606812,-2858.6521123623634
482,-419.074978402677,0.9512211515157399,0.1282460608506968,3.0,7.0,0.0,421.8661729352359,0.46971354308382274,0.5302864569161773,0.11653299871735245,0.8834670012826475,-1.7481248743045412,-2.141557502993951,0.4111730964802774,1.4097195640166547,-2861.1003867089303
483,-417.5559671402484,0.9158110598936338,0.12587532214707559,3.0,7.0,0.0,423.8275275858324,0.3499843963012147,0.6500156036987853,0.7692973681875057,0.23070263181249429,-2.1337617405368814,-2.318068950509315,1.0905110857386433,0.9992055552974385,-2851.743719098566
484,-423.9592555747327,1.0,0.10638009832687431,4.0,15.0,0.0,424.7590306372608,0.990919691845778,0.009080308154222005,0.05028785759879627,0.9497121424012037,-1.5215732904660604,-2.0628525068787105,0.8886276314195553,-2.7891210790050454,-2861.982991551517
485,-423.535847655483,0.7207962296829127,0.11670692469842758,3.0,7.0,0.0,425.3131188560302,0.9342685376652171,0.06573146233478289,0.906483358018826,0.09351664198117404,-2.0140883756754095,-0.21945579991731243,1.0288582390733128,0.05883932120691564,-2884.8999269018823
486,-418.87117445655,0.9639735410063789,0.1282460608506968,4.0,15.0,0.0,419.88840912499654,0.5440717059526687,0.45592829404733126,0.5027370386448382,0.4972629613551618,-1.761363319749442,-2.4995400321803327,1.4544409470389943,0.4395560835481352,-2864.186178767126
487,-418.68188005735647,0.7416159228748123,0.12587532214707559,5.0,31.0,0.0,421.122822304702,0.9132322522832151,0.08676774771678486,0.06699562649384619,0.9330043735061538,-0.5728294012191995,-2.2548345962183274,0.9344492401301835,0.9721513685127396,-2849.2437928092536
488,-425.21443289423075,0.9991788437741594,0.10638009832687431,4.0,31.0,0.0,426.78862087353656,0.9995294701753241,0.00047052982467588045,0.30871266902051586,0.6912873309794841,-1.4811644870528973,-2.4297653690214105,0.8740940038801808,-3.468065667226591,-2855.642725826151
489,-424.38522935571655,0.9152317168609465,0.11670692469842758,5.0,63.0,0.0,428.34224802017326,0.22339493214672598,0.776605067853274,0.9989173609586186,0.0010826390413813947,-2.309037944165653,-0.9001273141773319,0.7392030218147956,1.1141252654437344,-2865.4263959374016
490,-419.64272817196587,0.9772782456240018,0.1282460608506968,2.0,3.0,0.0,419.87982014389047,0.5496381377429941,0.4503618622570059,0.5184266604480675,0.4815733395519325,-1.7114806908030904,-2.5522305701073016,1.4539884612353642,0.3669486648568049,-2869.4636040704722
491,-419.3808259971327,0.7856816156510228,0.12587532214707559,4.0,31.0,0.0,422.9300673692961,0.25437151643913325,0.7456284835608668,0.1681987376490199,0.8318012623509801,-1.5703205990601528,-2.3190733216380086,1.8141227169108627,0.6612461690748368,-2861.9177653240968
492,-423.2651471409883,0.9661616692226397,0.10638009832687431,3.0,15.0,0.0,426.5192325774991,0.9983683696776608,0.0016316303223391504,0.2564880237270922,0.7435119762729079,-1.6080622328628214,-2.28722513191846,0.9336365391224124,-3.496243945573665,-2849.9616920693984
493,-424.117305459533,0.9890623369963581,0.11670692469842758,2.0,7.0,0.0,425.8214252506857,0.25680811863454595,0.7431918813654541,0.9991594641694774,0.0008405358305225707,-2.30148184766959,-0.965673940766343,0.681591389127095,1.1036229824665174,-2862.503187348021
494,-419.554761169459,0.8798849595640584,0.1282460608506968,5.0,31.0,0.0,424.09149682387215,0.13726459422181053,0.8627354057781895,0.8611671219090659,0.13883287809093414,-2.2903819365125804,-1.5796312217233541,0.06501664285268749,1.2227623144338404,-2860.7933869590934
495,-420.58022742781486,0.7675296304397046,0.12587532214707559,2.0,3.0,0.0,421.73701652207023,0.35441833259166633,0.6455816674083337,0.17087048251639986,0.8291295174836002,-1.562550043649245,-2.195366629578807,1.8355010448727447,0.6685606800779051,-2872.012985611968
496,-424.6354641219429,0.9812013287589059,0.10638009832687431,5.0,55.0,0.0,426.5920246194475,0.9813372025055177,0.018662797494482297,0.8151018859771888,0.1848981140228112,-2.1212697230663937,-2.396480753947808,0.994417420986348,-4.180138218633724,-2867.788061462304
497,-423.5060723143445,0.9409102739674886,0.11670692469842758,6.0,63.0,0.0,427.9586923278019,0.007862528972684114,0.9921374710273159,0.014649059408966936,0.985350940591033,0.14823048267495434,-2.145754640157823,-1.9086076039770665,0.8642662931454339,-2854.8882078038387
498,-416.982693869537,0.9903402842833295,0.1282460608506968,4.0,19.0,0.0,420.754473145134,0.24959538108270657,0.7504046189172935,0.6513458658449784,0.34865413415502156,-2.256633842407256,-1.8150658241659912,0.9662847295212481,1.017662690763035,-2849.661273756494
499,-418.3578962129469,1.0,0.12587532214707559,3.0,7.0,0.0,420.85971112272534,0.0693197336189367,0.9306802663810633,0.1833799269085068,0.8166200730914932,-1.614174360326499,-2.2049278926290974,1.5367426525390977,0.9277152140839684,-2848.6344013062007
500,-424.5421516963515,0.9047793376451752,0.10638009832687431,6.0,63.0,0.0,426.3289155443971,0.9987145984802897,0.0012854015197103497,0.8925923896262701,0.10740761037372992,-2.267774594116011,-1.7273075454796605,0.9164165851455341,-3.5040522524701383,-2852.10064638361
501,-424.30972201238745,0.9786693385022556,0.11670692469842758,6.0,63.0,0.0,426.5163264697151,0.002570941073320045,0.99742905892668,0.1257644827077062,0.8742355172922938,-0.7347701181128969,-2.3014158190047813,-2.5717411485786617,0.8362589623324738,-2863.2107985541784
502,-417.1492132767393,0.912492889803601,0.1282460608506968,4.0,31.0,0.0,419.00895308816064,0.5123423025425523,0.4876576974574477,0.8089095857597928,0.19109041424020723,-2.3341898347331953,-1.5700705295349096,0.7645325489665773,1.2326229710022103,-2850.437231489344
503,-418.3835351267792,0.9808387095008536,0.12587532214707559,5.0,39.0,0.0,421.0144348197695,0.07322785345822252,0.9267721465417775,0.8366124648500824,0.16338753514991755,-2.269279464476188,-1.1991488772855323,1.2506303110812387,0.901959472473015,-2850.019869173906
504,-423.0685525895799,0.9028200344994441,0.10638009832687431,4.0,23.0,0.0,426.9213007125859,0.9965381214317436,0.0034618785682564157,0.08191901362104201,0.918080986378958,-2.342803005587169,-2.091138026167104,1.0197111747472152,-2.1984802398019982,-2851.830903068158
505,-423.359691321709,0.9594810359796602,0.11670692469842758,4.0,31.0,0.0,430.07504501712856,0.04577008334814963,0.9542299166518504,0.04973396917316136,0.9502660308268387,-1.2155700528394786,-2.223321257482055,-1.6000119727552944,1.1266272289928905,-2872.903463797478
506,-417.28458791620756,0.9110314928597393,0.1282460608506968,4.0,15.0,0.0,419.63599810876417,0.6804388500069125,0.3195611499930875,0.5438861403468331,0.45611385965316686,-1.8841240721119272,-2.3313730546326124,1.1695473893804216,0.41654288936694506,-2853.240817451062
507,-418.4582650721239,0.9230992049477906,0.12587532214707559,5.0,31.0,0.0,420.1557501127956,0.07781275981347488,0.9221872401865251,0.7398233757250993,0.26017662427490074,-2.342514600889191,-1.4378771283149288,1.060914123799856,1.0229279169211412,-2852.628151229083
508,-423.1025783858061,0.949893125892265,0.10638009832687431,4.0,15.0,0.0,424.13033138836425,0.9966182338467583,0.0033817661532417054,0.13589429094943384,0.8641057090505662,-2.4980147919787927,-2.1251177263283423,0.8649194210783869,-2.093560203058217,-2854.8508148246515
509,-423.7089225911669,0.9974595557140039,0.11670692469842758,5.0,63.0,0.0,426.6743661973386,0.014394143721519172,0.9856058562784809,0.21336618869277593,0.7866338113072241,-1.1903868048924902,-2.399361472792492,-3.434204535673457,0.9072103518171354,-2868.064822527489
510,-419.2934925335084,0.7438322842535976,0.1282460608506968,4.0,15.0,0.0,421.63702349153664,0.6207455837049352,0.37925441629506484,0.4836541612254252,0.5163458387745747,-1.6552796490704984,-2.7124899052348166,1.186568291023492,0.44311467695912293,-2866.6978278901483
511,-421.0863579242445,0.8305557904626645,0.12587532214707559,4.0,23.0,0.0,425.7731062701191,0.16054989432181532,0.8394501056781847,0.9718500247776419,0.02814997522235807,-2.0979616503185867,-3.403247471562617,0.08547792589355566,1.1232556792698714,-2855.160856471942
512,-423.23903066378597,0.9925836644375753,0.10638009832687431,4.0,15.0,0.0,424.9890085542255,0.9681874525609158,0.03181254743908424,0.30687878088110987,0.6931212191188901,-2.824345490190345,-1.9253239743295758,1.0441418029510918,-2.050849358220115,-2874.237200083613
513,-424.0486727202196,0.9552710778734189,0.11670692469842758,5.0,31.0,0.0,426.53446811995036,0.015558093926211576,0.9844419060737885,0.07246498300736809,0.927535016992632,-1.2559509198445042,-2.1511487024661577,-3.8005261410031883,0.9751608412578023,-2863.0571068178497
514,-418.22807146963294,0.7685780585384399,0.1282460608506968,4.0,15.0,0.0,421.2233202341902,0.89761805640636,0.10238194359363995,0.16842045043379056,0.8315795495662095,-2.5146340524878674,-2.0703107384626267,0.9613111558947179,0.7325974347826718,-2848.526848106747
515,-421.4990824463744,0.8521970937323791,0.12587532214707559,4.0,31.0,0.0,424.681827802661,0.33476263815332896,0.665237361846671,0.9973405697316666,0.0026594302683333737,-2.08412691267902,-2.415600576397938,1.0558709431643072,0.9357688955641786,-2849.750758812532
516,-422.24245445564924,0.9771749764428704,0.10638009832687431,4.0,15.0,0.0,425.4891261820067,0.998878338701962,0.0011216612980380347,0.30169797763321377,0.6983020223667862,-1.6414229641777185,-2.2526403377488795,0.9560639007931804,-1.190078086018005,-2850.3372526581243
517,-424.4684851112625,0.7528372756719145,0.11670692469842758,3.0,7.0,0.0,427.0576211844941,0.020842095248559584,0.9791579047514404,0.07272764332963418,0.9272723566703658,-1.2348597532031658,-2.1974027347508143,-3.9173026119626884,0.9408631889072908,-2867.1129285927536
518,-418.5346148654592,0.9519310142114532,0.1282460608506968,4.0,15.0,0.0,419.0789478849883,0.893407476618912,0.10659252338108804,0.1312150743254842,0.8687849256745158,-2.6109235177557677,-2.0296052194109917,1.0030429652228983,0.63805841830594,-2849.2273424828595
519,-423.41229813913446,0.8232098695042073,0.12587532214707559,5.0,31.0,0.0,424.6370200304959,0.16229762287917404,0.837702377120826,0.9993911612552463,0.0006088387447537036,-2.14566178893116,-2.692588989408985,0.6669323470240492,0.9945966313648557,-2848.42204898844
520,-421.14727615335033,0.9719726285290924,0.10638009832687431,5.0,39.0,0.0,425.2895397684301,0.8656539108080546,0.13434608919194535,0.9646690647234499,0.03533093527655007,-2.241553937313807,-1.179377460883156,0.954568988483751,-0.2014866179245277,-2864.617044501834
521,-424.19228113945314,0.7487849410514019,0.11670692469842758,4.0,15.0,0.0,426.6996659961784,0.005552413943791798,0.9944475860562082,0.23008093376017358,0.7699190662398264,-1.2152671196449556,-2.2890238789223782,-4.1906493675897405,0.9803635986825124,-2860.5532816483014
522,-417.4780233551229,0.958749268132474,0.1282460608506968,4.0,15.0,0.0,419.3450813798866,0.42552262512141303,0.574477374878587,0.2811615020910036,0.7188384979089963,-2.567187710061017,-1.9069848939368892,0.8840585343826817,1.1129962943227398,-2852.4845031940454
523,-423.27205471018726,0.9866930940089923,0.12587532214707559,4.0,15.0,0.0,426.1159940142697,0.11476454574978293,0.8852354542502171,0.9979943411650959,0.0020056588349041116,-2.1326052736065177,-3.5678750088983624,0.31857693391356395,1.0404615334965277,-2849.198760182595
524,-419.6234099818882,0.9990676155118999,0.10638009832687431,4.0,15.0,0.0,422.56638184723124,0.9746995048380949,0.025300495161905134,0.5837728473162846,0.41622715268371535,-2.2609022018401523,-1.7101036216055376,0.9091763053798806,0.1895182034763879,-2855.622884222875
525,-423.2794322851494,0.9915032680164471,0.11670692469842758,5.0,31.0,0.0,425.28459539721143,0.0037560991085757852,0.9962439008914242,0.432864051626218,0.567135948373782,-2.0848812310494633,-2.3013813896180286,-3.7670320849343084,0.9749078054768852,-2854.2071090781105
526,-418.6880264353795,0.977634377264,0.1282460608506968,4.0,15.0,0.0,420.3722004632627,0.1075519157902316,0.8924480842097684,0.16863179267217593,0.8313682073278241,-2.644795662056579,-2.106245582653137,0.21409783852081238,1.0315104665424177,-2851.604993598432
527,-422.26885112268917,0.4015383536074765,0.12587532214707559,5.0,31.0,0.0,430.41865659666956,0.02084163563080262,0.9791583643691973,0.04691725003239615,0.9530827499676039,-2.7667400080668334,-2.1034825956127987,0.4983112463023345,0.8293273022859511,-2857.3419562933964
528,-419.9742043240392,0.9552266596682831,0.10638009832687431,4.0,15.0,0.0,421.8820601170859,0.9465748755018397,0.05342512449816028,0.832746284229692,0.167253715770308,-2.374634012282888,-1.3491252061374392,1.04847546886484,-0.7810745126559099,-2858.929980416729
529,-423.5012918162514,0.9742701182371509,0.11670692469842758,4.0,15.0,0.0,424.4532516796422,0.009405766620924894,0.9905942333790752,0.3820266387435004,0.6179733612564996,-2.4402524369283114,-2.0614515114817276,-3.9925296243320836,0.9789664687219118,-2859.768887076958
530,-417.59985446116673,0.9968672217131009,0.1282460608506968,5.0,31.0,0.0,419.47614965484627,0.7698930433811556,0.2301069566188444,0.7730963810881926,0.22690361891180744,-1.9826811670797657,-2.358195315800754,1.0268138511323737,0.8439596000618527,-2850.977170387658
531,-424.3277989072146,0.8615621936077817,0.12587532214707559,3.0,7.0,0.0,428.69807325248667,0.016346751894644,0.983653248105356,0.4265055152497608,0.5734944847502392,-1.623385310194487,-2.0826055351424424,0.5348687920648681,1.0899076001568628,-2885.601673752806
532,-421.14968737416376,0.9767908336127964,0.10638009832687431,5.0,63.0,0.0,421.9389245787336,0.9767892412320022,0.02321075876799783,0.9584203420084957,0.041579657991504315,-2.2915117063086696,-0.25790127979910504,0.9787981888244044,-0.8931964653188605,-2854.6732323918854
533,-425.98879467790726,0.980346914238064,0.11670692469842758,5.0,31.0,0.0,426.98062577545755,0.0055827916899685755,0.9944172083100314,0.8783924259779,0.12160757402209998,-2.036613052450139,-2.527317952849584,-5.3161020922262425,0.8872761256315047,-2857.1207774180275
534,-417.7881763001241,0.867139131925623,0.1282460608506968,3.0,15.0,0.0,419.55085587271566,0.7930140108010688,0.2069859891989312,0.5569085942916558,0.44309140570834415,-1.8712236885539042,-2.6259589122620417,0.9689035088324646,0.816293951465178,-2853.466211857273
535,-419.0385400183849,0.9972026968232899,0.12587532214707559,3.0,15.0,0.0,426.5391899265113,0.03051991642306134,0.9694800835769387,0.21490916786580883,0.7850908321341912,-1.9094857358249597,-2.2157352049416965,0.7749356188688852,0.9076625196134753,-2849.388083657713
536,-422.91990260870074,0.988716116962581,0.10638009832687431,5.0,31.0,0.0,424.9048669319667,0.9923350054374565,0.007664994562543548,0.9853146916183921,0.014685308381607864,-2.1685618045832835,0.10800641254767035,0.9873611575755866,-2.018798362606392,-2850.03497093929
537,-423.36847367204246,0.9940031342511759,0.11670692469842758,5.0,47.0,0.0,428.9515538964646,0.007037262187652215,0.9929627378123478,0.30637301226803587,0.6936269877319641,-1.9068033918573375,-2.2398575696298737,-4.0698967313161685,0.8877855258720946,-2857.0853489640376
538,-418.554731754485,0.9619559006096466,0.1282460608506968,4.0,15.0,0.0,419.6614699706115,0.8876316646783035,0.11236833532169654,0.49293420572333585,0.5070657942766641,-1.7643730231093915,-2.319594893041633,1.0567587438256552,0.9769468365645239,-2856.6502428276754
539,-418.387443512868,0.8035109640656153,0.12587532214707559,3.0,7.0,0.0,421.57273139234263,0.09348446709735275,0.9065155329026473,0.21956591457236846,0.7804340854276315,-1.8862676508380174,-2.2437929122974536,0.8691112288989207,1.058236115627031,-2851.8450063756204
540,-427.650959684039,0.5744885064045147,0.10638009832687431,4.0,15.0,0.0,430.42317558544124,0.9853435534504598,0.014656446549540236,0.9996172805309108,0.00038271946908918775,-2.16988683587794,-0.09272453500337474,0.9172282682221488,-2.644603950570478,-2859.6428140750795
541,-422.7325008030158,0.9712648670736436,0.11670692469842758,4.0,31.0,0.0,425.30244980077305,0.005941627206695394,0.9940583727933046,0.34979226820012355,0.6502077317998765,-2.3973137271606912,-2.0925603673242854,-3.012961424221425,1.0284200757264637,-2856.9591759486107
542,-420.2774561901955,0.9185992108675715,0.1282460608506968,4.0,31.0,0.0,423.284098294456,0.9786173809630361,0.021382619036963924,0.5262829230958473,0.47371707690415266,-1.7098513086693663,-2.3306208386866785,0.9130812920311489,0.2763569701409574,-2858.8672171263383
543,-418.413596380307,0.9819545631599332,0.12587532214707559,5.0,31.0,0.0,419.95435448601756,0.7427981423634422,0.2572018576365578,0.07416278930771926,0.9258372106922808,-1.1656655183080282,-2.1946652789150503,0.9020824956180422,0.6496843906118414,-2853.9627522854557
544,-420.46774305262517,0.9782983990136367,0.10638009832687431,5.0,39.0,0.0,428.688160707057,0.9728351096075376,0.027164890392462393,0.8968501014749972,0.10314989852500278,-2.098825212951609,-2.1249220288935478,1.0608624164081413,-0.7623418496015604,-2853.7702990114717
545,-418.05126778278844,0.9919091528932535,0.11670692469842758,5.0,39.0,0.0,423.97073791482364,0.10757902084283358,0.8924209791571664,0.6073055246284645,0.39269447537153546,-1.856641939283404,-2.386382381720713,0.421372244519053,0.9583112053907549,-2852.8666113068825
546,-419.63851172216465,0.9912924147168963,0.1282460608506968,5.0,31.0,0.0,424.95283055851286,0.016848011140385297,0.9831519888596147,0.3826754614397781,0.617324538560222,-2.3227427778674543,-2.0327181332458695,1.9213950147523757,0.9451604342159254,-2848.2819775888765
547,-418.64650840928215,0.9712596249804228,0.12587532214707559,3.0,7.0,0.0,419.47751205633165,0.7782834548248305,0.22171654517516948,0.10623661134220866,0.8937633886577914,-1.1678156619018587,-2.245652352456503,1.1499741568614197,0.8761520686070671,-2856.170186768526
548,-418.3784087043477,0.9790020511921154,0.10638009832687431,5.0,31.0,0.0,422.5257131976996,0.855023648287904,0.144976351712096,0.07856831685445981,0.9214316831455402,-1.1275897276859619,-2.18608776282798,0.9472812174086785,0.40835052006796174,-2851.353301366264
549,-418.6090974742377,0.9464262795773093,0.11670692469842758,5.0,31.0,0.0,419.8426538089361,0.27858671531576146,0.7214132846842385,0.14120663881204706,0.8587933611879529,-2.046291650799026,-2.2797097821695744,0.43682034146867443,1.1068716126757794,-2856.665758742844
550,-420.4364867597915,0.9582247359508745,0.1282460608506968,4.0,15.0,0.0,421.0001262134973,0.21488957187766267,0.7851104281223373,0.3238874189445589,0.6761125810554411,-2.5465817190055664,-2.036045466664126,2.0571874609312135,0.7469485710158509,-2868.1732546939634
551,-419.6343684644374,0.9071876455722901,0.12587532214707559,5.0,39.0,0.0,425.9389138110522,0.4354038097701698,0.5645961902298302,0.9817583939030301,0.018241606096969898,-2.07271019959606,0.43337223573600414,0.8116754137090966,1.195775574681572,-2855.57763298919
552,-417.2425084341579,0.97924174499317,0.10638009832687431,5.0,31.0,0.0,419.5965366397459,0.4644957478132359,0.5355042521867641,0.8668230042763819,0.13317699572361807,-2.324774812232555,-1.3969549136767432,1.0205996962399335,0.8467265812134672,-2849.8140139824372
553,-419.82519796376897,0.9190112792316122,0.11670692469842758,5.0,39.0,0.0,421.91793710233117,0.2834338782363023,0.7165661217636977,0.0067131740498462995,0.9932868259501537,-0.5509236223286874,-2.124748650015572,0.8354830866756677,1.0701647542115356,-2848.6757141658536
554,-420.4995079189217,0.7910022037966291,0.1282460608506968,2.0,3.0,0.0,422.3750323325388,0.19887675423042134,0.8011232457695787,0.3367710651511415,0.6632289348488585,-2.599494696880156,-2.004225395455845,2.0874960467519843,0.7895873045527451,-2868.0605348296085
555,-419.42013919783886,0.9493072934907285,0.12587532214707559,5.0,31.0,0.0,420.59931270577204,0.7287772172704294,0.27122278272957057,0.9815467434930861,0.018453256506913873,-2.2686094935793037,0.3017258469401932,1.0023130252888406,0.8720038323313651,-2852.298266922582
556,-417.6861242311357,0.9919859132711608,0.10638009832687431,6.0,95.0,0.0,420.54337096777147,0.48349588804116334,0.5165041119588367,0.2700561012731989,0.7299438987268011,-1.5915331801590487,-2.4458434652811496,0.9121443293352927,1.143539440829668,-2855.272113054598
557,-420.4142878394766,0.977923923803996,0.11670692469842758,4.0,31.0,0.0,423.0578865562605,0.7602451532236856,0.23975484677631442,0.01869030931571047,0.9813096906842895,-0.3938616605118419,-2.127873489477727,0.632611301934334,1.4191252635140492,-2858.610684778856
558,-421.3609112547222,0.7173893642733011,0.1282460608506968,2.0,3.0,0.0,423.36171345058784,0.19363242817575357,0.8063675718242465,0.3530787383873533,0.6469212616126467,-2.5844865923658,-2.031939412413669,2.1860034421200036,0.7296638255405596,-2873.7117556950634
559,-419.4376914612339,0.9969340715867728,0.12587532214707559,4.0,15.0,0.0,419.91454937419877,0.5251135678924356,0.4748864321075644,0.9756124511247124,0.0243875488752876,-2.2449131562010596,0.5603173587376453,1.268844401213745,0.647072588063155,-2855.581179327242
560,-417.5706196099999,0.9526791102970229,0.10638009832687431,3.0,15.0,0.0,418.93386521007596,0.7168297898618964,0.2831702101381036,0.21756770010360635,0.7824322998963936,-1.5652720312031165,-2.335142006996703,0.8382074781344521,0.9149816343627296,-2853.0760320865543
561,-420.96239601052633,0.6707241819497082,0.11670692469842758,3.0,15.0,0.0,424.97109974611703,0.8277233504659989,0.17227664953400113,0.023907003374211047,0.976092996625789,-0.6298031732931596,-2.3417050000839956,0.8289687879212599,1.5837166826022264,-2860.6564505476335
562,-419.65236051675845,0.9296914275164198,0.1282460608506968,2.0,3.0,0.0,422.09635892356977,0.15097028170660629,0.8490297182933937,0.31227185609030295,0.687728143909697,-2.528857938688967,-1.9922823820647808,2.1097668115458643,0.8547202978102023,-2860.615698487866
563,-418.92282734853916,0.981872007717189,0.12587532214707559,4.0,15.0,0.0,419.7590362993416,0.7994521860276529,0.2005478139723471,0.9778814978377656,0.022118502162234432,-2.1670224834543936,0.3406197725264202,0.9398344275174624,0.8705728734393569,-2849.117061276178
564,-417.3998113865762,0.8453099848127892,0.10638009832687431,4.0,15.0,0.0,419.4042117369354,0.666407309110116,0.33359269088988397,0.2906506481037767,0.7093493518962233,-1.9568785105271136,-2.0720049213957537,0.9498353189469938,1.0396861555873274,-2853.2750386745124
565,-419.52845900927264,0.7153142259511475,0.11670692469842758,5.0,39.0,0.0,424.90279135395446,0.15122051587132812,0.8487794841286719,0.9876234117261723,0.012376588273827704,-2.1429331822624267,0.4512681023742735,1.146068311171076,0.9288584990359312,-2847.3738077030016
566,-418.7993608198347,0.9863645101501604,0.1282460608506968,4.0,15.0,0.0,420.1199582045311,0.08225600154925779,0.9177439984507422,0.4125872269404274,0.5874127730595726,-2.5624082211542736,-1.9033102189170112,1.8445822664539797,0.9308941842607135,-2852.841266567925
567,-419.35400723310636,0.9166310850473187,0.12587532214707559,4.0,15.0,0.0,420.5018144323847,0.7333759265823249,0.26662407341767513,0.9727717958725193,0.027228204127480726,-2.1681307283960893,0.41293057551113754,0.8112602987598329,1.0095209833716694,-2854.784014351871
568,-417.8026638841408,0.9426984528964529,0.10638009832687431,3.0,15.0,0.0,421.1142865342806,0.670818080976699,0.32918191902330096,0.5828946052491621,0.41710539475083785,-2.0588153656304056,-2.3319164983790293,1.0553281339652607,1.107585790997457,-2855.5000337428446
569,-418.2958588072275,0.9841454771527515,0.11670692469842758,4.0,15.0,0.0,419.9879881122312,0.40928522942198886,0.5907147705780111,0.9655151515064785,0.034484848493521514,-2.235266111567377,-0.25735272342626514,1.236758241217148,0.8489049276390149,-2849.8611566322015
570,-420.5959537420069,0.7435368693546446,0.1282460608506968,4.0,15.0,0.0,421.812580828834,0.10209653330206005,0.89790346669794,0.5170359735114409,0.4829640264885591,-1.6346994251047684,-2.441350566827723,1.8566036088580575,0.7182883967099788,-2868.4077312141926
571,-419.7933802726289,0.8853924269182326,0.12587532214707559,5.0,31.0,0.0,421.7190093356051,0.8766285069472937,0.12337149305270634,0.9828634488931608,0.017136551106839204,-2.2216724902171245,0.0511604402218354,0.8345706478955639,1.5138167041981185,-2849.4110737764872
572,-417.0887711763433,0.9912374872297391,0.10638009832687431,4.0,23.0,0.0,419.10197790046936,0.7517182614207508,0.24828173857924918,0.6189646747789409,0.3810353252210591,-2.1127073376112553,-2.041972765803418,0.9324332392892276,0.8213822741403592,-2850.7853950683325
573,-417.93487643611724,0.9593372766559085,0.11670692469842758,5.0,63.0,0.0,420.1617752628718,0.9135300757989028,0.08646992420109723,0.2918140677525591,0.7081859322474409,-1.7577293233718092,-2.265724188707119,0.9156441462901563,0.5737203256626331,-2850.457288405094
574,-418.4152878201226,0.9858438680430802,0.1282460608506968,4.0,27.0,0.0,422.55978466501733,0.1498361455616128,0.8501638544383872,0.6569194251785059,0.3430805748214941,-2.1001416246373097,-2.0692357267772605,1.6493313989369516,0.7376357722641652,-2855.459997129516
575,-419.7987000556351,1.0,0.12587532214707559,4.0,15.0,0.0,420.2861815252925,0.7506122395092582,0.24938776049074185,0.941206620731794,0.05879337926820605,-2.1614337605356546,-0.03548938409306331,0.6850007633212096,1.568631772251035,-2861.7338608390837
576,-418.3788092989288,0.99262803990922,0.10638009832687431,4.0,15.0,0.0,421.0685419475391,0.6468790478721785,0.35312095212782146,0.23853181473974958,0.7614681852602504,-1.9213019399890572,-2.161379333183341,0.8228858416473298,1.5410908449308551,-2858.21932008988
577,-417.7618892441279,0.9510147522180016,0.11670692469842758,3.0,11.0,0.0,419.2879059025616,0.8267257474645006,0.17327425253549944,0.35835651841703314,0.6416434815829668,-1.8560843347379257,-2.2950671876051216,1.1472859409418144,0.6181785219747281,-2853.2305575574533
578,-420.911944566416,0.9802412135967709,0.1282460608506968,5.0,63.0,0.0,425.9422375303385,0.5746223321976841,0.4253776678023159,0.9950526385925801,0.004947361407419915,-2.203650697915951,1.6471037334185297,0.7654889852642833,1.022769641272733,-2853.173241816209
579,-417.832295051636,0.9965958716001445,0.12587532214707559,5.0,31.0,0.0,420.5406476984591,0.34819404479332305,0.651805955206677,0.3136026726967786,0.6863973273032213,-2.427947652122542,-2.072660590515281,1.5046550180614133,0.7137715861534097,-2854.234922882019
580,-417.71836834884425,0.9745965649088729,0.10638009832687431,3.0,15.0,0.0,420.017659001678,0.6731240143800834,0.3268759856199166,0.5962607156937726,0.4037392843062274,-1.8559884237798048,-2.4351641568437277,0.7585577469483741,1.0373603305519499,-2855.680017343874
581,-423.67779977547855,0.8326178058345978,0.11670692469842758,5.0,31.0,0.0,425.5364881624948,0.24115554459828156,0.7588444554017184,0.9996437685053235,0.0003562314946764511,-2.108359643570801,-2.3492759463701187,0.9219295090065187,0.8954390969473557,-2850.0516625594346
582,-422.6084102722448,0.947483630702395,0.1282460608506968,4.0,15.0,0.0,423.65506761117786,0.6998221517181277,0.30017784828187233,0.9974401316564944,0.0025598683435056335,-2.119407113320603,2.171550372494664,0.7338113088274195,1.0194548869952853,-2857.9426756001676
583,-418.04178390596144,0.9557941898687411,0.12587532214707559,4.0,23.0,0.0,420.25782367974335,0.6934252315764204,0.30657476842357956,0.7403994946793485,0.2596005053206515,-2.1962717637307834,-1.656512193617357,0.7974393946225294,0.9282503482821886,-2857.814700891445
584,-416.96109152957325,0.9851229483336309,0.10638009832687431,5.0,31.0,0.0,419.619182363391,0.5283981041101085,0.47160189588989154,0.7190518470089993,0.28094815299100073,-2.1719670761957324,-2.0414190428216097,1.2483352733902104,0.6399961809895649,-2850.247334201842
585,-422.6792839945671,0.9088475717154961,0.11670692469842758,4.0,27.0,0.0,426.4882225138206,0.3269928342140522,0.6730071657859478,0.9979777535933616,0.002022246406638395,-2.1486790107312372,-2.117803200429706,0.6002012595252969,0.9259514466606867,-2857.530812877358
586,-420.5539455748996,0.8789150034112739,0.1282460608506968,5.0,31.0,0.0,424.4435711254966,0.5407512939133107,0.45924870608668933,0.993894228718205,0.006105771281795014,-2.198030765618962,0.867291121930498,1.2703035899742814,0.7963642153743552,-2853.4377010803632
587,-420.0078119233152,0.9346247982325832,0.12587532214707559,5.0,31.0,0.0,422.22011146672776,0.0949934316492073,0.9050065683507927,0.9395341074258201,0.06046589257417989,-2.1457223840169246,-1.8467875081983112,2.0536827581945283,0.9131428128441331,-2853.26717900034
588,-417.3909962540727,0.8786587229144225,0.10638009832687431,4.0,23.0,0.0,418.6736157212951,0.5048830519793669,0.4951169480206331,0.31334558698483234,0.6866544130151677,-2.1262230359414955,-2.0808804722939227,0.8632256303986146,1.2344214722293605,-2853.443485728498
589,-419.2995597624032,0.9599711580572555,0.11670692469842758,4.0,23.0,0.0,425.89549853714453,0.9338497440967005,0.06615025590329948,0.7926935531488309,0.20730644685116906,-2.010284012883821,-2.661220155056176,0.8385054537998496,1.736289059239868,-2851.8963119496593
590,-422.9042347563223,0.9748180523289776,0.1282460608506968,4.0,31.0,0.0,424.2665567326253,0.33642799106130505,0.663572008938695,0.9838316348868726,0.01616836511312736,-2.0785937084651125,3.2205875852997523,1.0274582382619515,0.7738974971905653,-2868.240433375501
591,-420.0212199150017,0.5543593904911996,0.12587532214707559,4.0,15.0,0.0,423.9657459665275,0.08576916922786557,0.9142308307721344,0.21352730293724095,0.786472697062759,-2.5471502485063175,-2.1303418424329124,2.0726074142857778,0.9447127934690455,-2857.4927875129315
592,-419.67102554327124,0.9539227263766973,0.10638009832687431,5.0,31.0,0.0,424.05176178261297,0.8842125174569865,0.11578748254301352,0.08014619115387156,0.9198538088461284,-0.5410298447959999,-2.1335970257564134,1.074254077588446,-0.05177048595677343,-2860.047752708787
593,-420.02471544237454,0.8552679755821828,0.11670692469842758,5.0,63.0,0.0,425.2684238695253,0.848307902721934,0.15169209727806598,0.9467221989072512,0.05327780109274882,-2.0786044902886647,-0.5160240148286629,1.1686431258197616,0.33892793094358153,-2861.3917442516354
594,-424.4921619868666,0.9657759221078189,0.1282460608506968,4.0,15.0,0.0,426.3370937150417,0.2619519588373878,0.7380480411626122,0.9996866551375951,0.0003133448624048629,-2.0726143857041173,3.0517341664543696,1.0379010268213158,0.8547673275079419,-2851.888990612747
595,-418.48008800283844,0.9850081340827878,0.12587532214707559,4.0,15.0,0.0,422.21249480056264,0.16367308032723313,0.8363269196727668,0.12192902820234089,0.8780709717976591,-2.5161592838091105,-2.147805242867759,1.1024603043050274,0.8837185394657031,-2850.4131079177323
596,-422.71881949110275,0.9533974270709574,0.10638009832687431,5.0,31.0,0.0,423.90147440261853,0.9209340906666997,0.07906590933330027,0.8377817308535782,0.1622182691464218,-2.0571223106084022,-1.744639132962908,1.005773140596469,-1.1393890045811916,-2879.877755440972
597,-418.55830726464836,0.9624940784897965,0.11670692469842758,4.0,31.0,0.0,422.9635600252724,0.5843549949532332,0.4156450050467668,0.8380441476153951,0.16195585238460486,-2.2084436503603175,-1.1685305935839292,1.2064247090544553,0.9069869049135628,-2860.36969079119
598,-420.609577871644,0.940463251265284,0.1282460608506968,5.0,31.0,0.0,426.14459625022465,0.7855847892993735,0.21441521070062652,0.9901196138311366,0.009880386168863442,-2.0778216562142156,-2.495101312143906,1.0500449110670909,0.801777891563611,-2850.590472383006
599,-417.17151468375573,0.994693223019443,0.12587532214707559,4.0,15.0,0.0,419.1463939912285,0.6916575124512835,0.3083424875487165,0.5812626585556063,0.4187373414443937,-2.3031106504951095,-1.9437389378426433,0.9189480000519219,0.7430646128049517,-2852.235371180811
600,-422.71881949110275,0.554566693244775,0.10638009832687431,3.0,7.0,0.0,428.5756627456602,0.9209340906666997,0.07906590933330027,0.8377817308535782,0.1622182691464218,-2.0571223106084022,-1.744639132962908,1.005773140596469,-1.1393890045811916,-2879.877755440972
601,-419.38364521769756,0.951594705400621,0.11670692469842758,5.0,31.0,0.0,422.3763803240575,0.17671298551230763,0.8232870144876924,0.4688376616331325,0.5311623383668675,-1.7217166211531447,-2.710568922806045,1.1267661317367907,0.854734950371858,-2863.4498422379006
602,-420.782655951105,0.9672559649124802,0.1282460608506968,5.0,31.0,0.0,424.82345639174736,0.15411136573872827,0.8458886342612717,0.7800083645648896,0.21999163543511036,-2.062461159026541,-2.7018890482720694,1.4571998073560952,0.653293896350621,-2868.2351792273726
603,-418.33018860987767,0.919954677291004,0.12587532214707559,4.0,31.0,0.0,420.20504656728605,0.37147551465944834,0.6285244853405516,0.9375010733607296,0.06249892663927037,-2.3241032456908526,-1.089557966845601,0.6981479130309863,1.0662854832731106,-2852.9842466242153
604,-422.87372431282824,0.7380751018082566,0.10638009832687431,4.0,15.0,0.0,426.30745259111217,0.9976666162358448,0.0023333837641551503,0.6648910351607935,0.3351089648392065,-2.2421115277630426,-1.4603305427348674,0.9945205102149751,-0.9963332491609207,-2860.963232089179
605,-419.0589937788537,0.9501974101816733,0.11670692469842758,4.0,15.0,0.0,422.8124508879638,0.10867130931876212,0.8913286906812379,0.5132150076452725,0.4867849923547275,-1.67415579354245,-2.3657862923665762,1.4100933778444973,0.8267935493543523,-2859.489954843829
606,-419.5072310701969,0.9013066847235061,0.1282460608506968,3.0,15.0,0.0,425.1608246213286,0.39625365200586665,0.6037463479941334,0.6351522309741036,0.36484776902589644,-2.1637155385179354,-2.493857729386512,1.3680910254622554,0.8815142910863626,-2866.1730532975544
607,-419.33787529725873,0.9654998629764411,0.12587532214707559,3.0,7.0,0.0,421.37672756430663,0.2211852798796167,0.7788147201203833,0.8359860575721266,0.16401394242787337,-2.3090164700673887,-0.7220923368757047,0.8262162750888152,0.8897442619147279,-2864.482295931342
608,-420.23510854186947,0.9036759377495142,0.10638009832687431,5.0,31.0,0.0,425.75982786566516,0.03853796842190766,0.9614620315780923,0.28862933798820095,0.711370662011799,-1.7563804915222478,-2.3654174191049377,1.4010204112681568,1.0828401725776255,-2858.9789174156185
609,-419.3791628914214,0.9615244946022893,0.11670692469842758,4.0,31.0,0.0,421.53674923619354,0.8670428833363815,0.13295711666361854,0.16208389518588667,0.8379161048141133,-1.6168817252708942,-2.3500410235142484,1.1482571290431465,0.6535536472100371,-2859.720612834082
610,-418.8239096368031,0.8889321887618092,0.1282460608506968,4.0,15.0,0.0,424.77220232171294,0.9120351210443767,0.08796487895562333,0.40776808564732,0.59223191435268,-2.54425111776399,-1.9927034264386698,0.8876249273724854,0.6458113848454974,-2855.831629677633
611,-417.745696643005,0.9430395928543827,0.12587532214707559,5.0,47.0,0.0,421.61190559413194,0.8591404774703161,0.14085952252968392,0.4024636615596063,0.5975363384403938,-1.9338621527580397,-2.1359607744152957,0.9421237066163841,0.6529161844936991,-2852.9497993182417
612,-418.5792859093436,0.880550945771586,0.10638009832687431,3.0,15.0,0.0,423.6535671739027,0.4007223277449824,0.5992776722550176,0.1161193074122025,0.8838806925877976,-2.130081381534348,-2.2562502273377607,1.1794812773247032,0.90997086522185,-2855.6336141800057
613,-418.3321308188339,0.8853785092393189,0.11670692469842758,3.0,15.0,0.0,423.41224569999406,0.6262613738684389,0.37373862613156106,0.5041435249385767,0.4958564750614233,-1.8003100029162569,-2.543156842230594,0.9322398931520604,0.6267852640523349,-2860.655124054645
614,-418.243983830202,0.998207746903701,0.1282460608506968,4.0,31.0,0.0,419.74434641237826,0.8428155143333842,0.1571844856666158,0.807648189076927,0.19235181092307296,-2.114335606045764,-2.341846416216164,0.9264163101125046,0.5243043442273249,-2852.727530887229
615,-416.99854190902454,0.8262185677092687,0.12587532214707559,3.0,11.0,0.0,421.37217000520496,0.4721118892169293,0.5278881107830706,0.6678260709969385,0.33217392900306153,-2.0012248191397353,-2.4537704100742768,1.2515304539459013,0.6825094603228995,-2850.1125627122296
616,-420.60904994044665,0.9893861533375974,0.10638009832687431,5.0,31.0,0.0,423.2309247128466,0.14877430974591033,0.8512256902540897,0.9381954552375255,0.061804544762474545,-2.0878497379693526,-3.458135485451372,1.446004200779992,0.915023311748355,-2854.901482760551
617,-420.33792104005676,0.9569699633782297,0.11670692469842758,4.0,15.0,0.0,422.3078006442009,0.45596092475247146,0.5440390752475286,0.13505989704432828,0.8649401029556717,-1.7356264288407701,-2.127933306284727,1.4046141646462857,0.3499040145388171,-2870.809369605238
618,-418.89122491622356,0.7701306654982103,0.1282460608506968,3.0,7.0,0.0,422.8982403498201,0.85715724105044,0.14284275894956,0.8517909218512635,0.14820907814873652,-1.9444138142346943,-2.771762388613448,1.0646298348437369,0.45849635474830136,-2853.7363595864476
619,-418.28973961512287,0.91610974753786,0.12587532214707559,4.0,31.0,0.0,419.1160357802172,0.6707663274255368,0.32923367257446323,0.0938164087462644,0.9061835912537356,-1.5945372719909239,-2.2299465560343883,0.869451972715947,0.789700502827719,-2854.302722808278
620,-418.36527939213187,0.8703682582920665,0.10638009832687431,4.0,23.0,0.0,423.620934695117,0.18422961295994877,0.8157703870400512,0.5471954777920149,0.45280452220798506,-2.32719195389444,-1.593806720949464,0.6787115577418737,1.0053555484415015,-2859.095123348526
621,-420.50662657583564,0.6202634881732627,0.11670692469842758,4.0,15.0,0.0,424.7729608135336,0.7879517692195237,0.2120482307804763,0.9531630998458386,0.04683690015416142,-2.2599688954354367,-2.585314431029222,1.0429545087954317,0.8842027089560035,-2859.124770625048
622,-419.39795672911066,0.8990627525016055,0.1282460608506968,5.0,31.0,0.0,421.03860895325016,0.8129317099461113,0.1870682900538887,0.08176003501928793,0.918239964980712,-2.3833233878331628,-2.239515568773842,1.0710618441885296,0.42748636575084775,-2855.818738399766
623,-418.86362128387674,0.8334761661502086,0.12587532214707559,5.0,31.0,0.0,421.9143377303425,0.6951169423917122,0.3048830576082878,0.9614311524504037,0.03856884754959633,-2.304570637903371,-0.5766821303652564,0.9078165998821796,1.2202145836370837,-2853.0610733189146
624,-420.6566520304582,0.9032031592635585,0.10638009832687431,4.0,15.0,0.0,424.2124565917649,0.33879380055937586,0.6612061994406242,0.9831218879300608,0.016878112069939166,-2.21286652164611,-0.8860339871327944,0.2657233986289116,1.1101675729944176,-2861.1143491177277
625,-419.61289957800165,0.9707846391931559,0.11670692469842758,5.0,37.0,0.0,421.96242255195745,0.6946601296614899,0.30533987033851007,0.014926446500862053,0.9850735534991379,-1.279320130235244,-2.116187813820095,0.9184165157055779,0.7516267778719725,-2852.2270734718277
626,-418.891127601646,0.9906240333386261,0.1282460608506968,5.0,31.0,0.0,421.55713968234807,0.8344477060515602,0.16555229394843984,0.05310644222487879,0.9468935577751212,-2.3912595507796386,-2.118332414929732,0.9928078444482233,0.5140552384590946,-2849.378087691841
627,-419.85316717536847,0.954837646288586,0.12587532214707559,5.0,39.0,0.0,422.83632707554295,0.5796853125681354,0.4203146874318646,0.969076980435996,0.030923019564004006,-2.2902423125666433,0.48269336915199135,1.1047305333721547,0.8961882165142805,-2859.7813749581765
628,-419.6604594864794,0.7661201442626492,0.10638009832687431,4.0,23.0,0.0,427.959673468143,0.7499288228846132,0.25007117711538684,0.957810089020417,0.04218991097958302,-2.202263708869541,-0.0387729342366806,0.6658098089275704,1.6402725509308254,-2858.2898375007503
629,-419.6652205020044,0.9991970801933486,0.11670692469842758,4.0,31.0,0.0,421.0763488800163,0.771020741547967,0.22897925845203304,0.012273849050553155,0.9877261509494468,-1.7778209568078807,-2.1576548778389717,0.9969278024093806,0.8262271788736842,-2848.2874630073197
630,-421.8643134812366,0.25981136877251093,0.1282460608506968,5.0,31.0,0.0,425.6832012454945,0.04295974694246752,0.9570402530575325,0.929138107590613,0.070861892409387,-2.24647489114971,-2.8999980033089847,0.7510969111122738,0.955024006924864,-2860.4032649579754
631,-417.97148908520603,0.9644018031326617,0.12587532214707559,5.0,63.0,0.0,420.68994858032795,0.5949189333358595,0.40508106666414045,0.9138593203177121,0.08614067968228789,-2.12392125067273,-0.934434675384,1.0909637822929328,0.6862118557815935,-2853.773144727868
632,-420.7606297911727,0.9533631998962627,0.10638009832687431,2.0,3.0,0.0,421.0930534248261,0.6948162310223182,0.30518376897768185,0.9414338310244533,0.05856616897554667,-2.2295757384933976,-0.050613236115000584,0.6452557473223445,1.770780952159647,-2868.417974675115
633,-419.62795944387597,0.9904214037019013,0.11670692469842758,3.0,15.0,0.0,422.27743562327856,0.1388663148737494,0.8611336851262505,0.020028977405194322,0.9799710225948057,-1.212440909839055,-2.1268321803359447,0.917762759843111,1.0371492264114417,-2850.032609429756
634,-417.687249314897,0.9807465581003334,0.1282460608506968,4.0,15.0,0.0,422.2642218820359,0.1800871597982668,0.8199128402017332,0.21738816289180676,0.7826118371081933,-2.1188618962661248,-2.0488745626486597,0.7918694389096855,1.0047525178811223,-2850.9182120243527
635,-419.3112058453817,0.9455162558866788,0.12587532214707559,3.0,15.0,0.0,422.96708930395835,0.7230108084885193,0.2769891915114807,0.9079789663773874,0.0920210336226126,-2.1784786413993387,-1.290151976837709,0.5837042673045809,1.4843852909358872,-2860.5120251786675
636,-418.8298257346984,0.8118790558181448,0.10638009832687431,4.0,15.0,0.0,427.3407976093505,0.6007483859512239,0.39925161404877607,0.9785631224741218,0.021436877525878195,-2.214867394109769,0.06453233902555876,1.059566494322679,0.6171172656670041,-2851.0800151134717
637,-418.983112174189,0.9971243022269348,0.11670692469842758,3.0,15.0,0.0,421.0599198243025,0.15147710604803727,0.8485228939519627,0.02425477968601692,0.975745220313983,-1.0003988475672396,-2.1693729014473915,1.160416631034302,0.952417806258898,-2847.3266961933573
638,-417.971689252067,0.9321403689951276,0.1282460608506968,4.0,15.0,0.0,419.01148673533464,0.31207011221819236,0.6879298877818076,0.14159548748341722,0.8584045125165828,-1.9866708507058417,-2.0816958545454782,0.457414473064902,1.1775520063122475,-2853.532301158237
639,-417.7018172717821,0.9894375753206044,0.12587532214707559,4.0,15.0,0.0,420.20720208563677,0.5527262622347306,0.44727373776526935,0.847788353012937,0.15221164698706302,-2.2816170167596024,-1.428251460977612,0.8851197146204155,0.7882030442639161,-2854.1147949540878
640,-418.05121260461357,0.8989367243302422,0.10638009832687431,5.0,31.0,0.0,422.9108043270422,0.16605484625969225,0.8339451537403078,0.05182883843034522,0.9481711615696548,-1.0240921391030264,-2.1784524644015337,0.7739580957802594,0.9657304339398313,-2846.9995676291915
641,-418.1674786419031,0.9964198275542545,0.11670692469842758,4.0,23.0,0.0,419.42771318492186,0.8443219743550673,0.15567802564493272,0.07110273621695148,0.9288972637830485,-1.6869816196670544,-2.1846832345957883,1.0130908380185462,0.6540137683390657,-2847.9763258940693
642,-417.3674792095748,0.9712172230518558,0.1282460608506968,4.0,31.0,0.0,419.06357128281593,0.36466249493193653,0.6353375050680634,0.8098389031134489,0.19016109688655114,-2.0297060932723676,-2.434021170820776,1.170905448893601,0.8908466335180203,-2849.5056581559643
643,-416.8578887084828,0.9860073878666522,0.12587532214707559,3.0,7.0,0.0,418.64082755677885,0.4620617307437923,0.5379382692562077,0.7438986381996743,0.2561013618003257,-2.3616715615913164,-1.4405624163200499,1.1198760867163908,0.818660082850754,-2850.213451468423
644,-421.58410880863187,0.9814107241071613,0.10638009832687431,5.0,31.0,0.0,422.5529507793238,0.8777528706392372,0.12224712936076276,0.00954498181649745,0.9904550181835026,1.6577157536664577,-2.152082433637318,0.91250961426671,1.8254683927707136,-2854.6134030735025
645,-418.3493490572128,0.986488195336913,0.11670692469842758,5.0,39.0,0.0,420.1648409062979,0.28625946788246864,0.7137405321175314,0.3120751262953277,0.6879248737046724,-1.5336946014228026,-2.3523148580020434,0.8209880694984945,1.2001263577533914,-2859.621955444266
646,-416.6597113360879,0.9993839811566934,0.1282460608506968,4.0,15.0,0.0,417.63788950838693,0.5183758237274225,0.4816241762725775,0.5901977074349527,0.4098022925650473,-2.1103467551068253,-2.2084366746043798,0.9749700132159808,0.8403494902942247,-2849.3057063520214
647,-417.311593618372,0.9833764916202922,0.12587532214707559,3.0,15.0,0.0,418.22184020266405,0.23603502718885505,0.763964972811145,0.6683557398635182,0.33164426013648185,-2.377797487841003,-1.5896676670910919,1.1824027453013173,0.8115503209982403,-2851.606008339527
648,-421.9960765237807,0.8183767569615408,0.10638009832687431,3.0,11.0,0.0,423.8903931368343,0.8313951981021626,0.16860480189783744,0.008826810904088978,0.991173189095911,1.3951799902614803,-2.203841897364981,0.9663010690837688,1.6751853045232659,-2859.6343478808894
649,-417.6423272013957,0.9740677564066875,0.11670692469842758,3.0,15.0,0.0,423.3698299130853,0.7429896377689255,0.25701036223107454,0.22942657197996633,0.7705734280200337,-1.5218616647791252,-2.3167460264996547,0.7061052444479129,1.4586611020509372,-2852.6619606333343
650,-417.19489345275,0.890425386564606,0.1282460608506968,4.0,23.0,0.0,419.28107996191096,0.2621086092677489,0.7378913907322511,0.6552900540291197,0.34470994597088034,-2.104740245111174,-2.0449084766296095,1.3331456739381131,0.8674420259857525,-2850.634042296971
651,-417.9631569725262,0.8735921740084592,0.12587532214707559,5.0,31.0,0.0,420.0171101443935,0.573976586365748,0.426023413634252,0.10702536317824331,0.8929746368217567,-1.7150432772488176,-2.3020175920919947,0.9648157871640056,0.9439169645283378,-2852.550837752303
652,-420.4166850262532,0.7908796923686996,0.10638009832687431,3.0,11.0,0.0,424.24835320864855,0.8428000840248103,0.15719991597518967,0.012251966249603684,0.9877480337503963,0.8120923634795104,-2.1878308643572955,0.7713432279516255,1.4655344383424476,-2852.608788864224
653,-417.81944059506986,0.9457996289874718,0.11670692469842758,4.0,31.0,0.0,420.04838673757234,0.6214487765667658,0.3785512234332342,0.10880009227746132,0.8911999077225387,-1.7796439742968413,-2.1195279572666537,0.9350637122983008,1.160207558334528,-2851.5483930952205
654,-420.0750335967524,0.9624511589569199,0.1282460608506968,2.0,7.0,0.0,422.57805963915774,0.26616822318177186,0.7338317768182281,0.6124364104036284,0.3875635895963716,-1.7651380608139668,-2.9212416296499923,1.343252181085519,0.8317769171110381,-2868.34558215945
655,-417.4439956316824,0.8541241234400427,0.12587532214707559,3.0,15.0,0.0,420.8494951337748,0.4030212781220982,0.5969787218779018,0.20242149772119947,0.7975785022788006,-1.7464818639438164,-2.3569263618970506,0.9955727239973816,0.8978351785816626,-2852.1807660490813
656,-420.5355529016255,0.8410660642050959,0.10638009832687431,3.0,7.0,0.0,422.79326970489564,0.6695380739842026,0.3304619260157974,0.016623000355549523,0.9833769996444505,0.8773562771391392,-2.1682221460426585,0.7465891052603172,1.615348381118417,-2858.661789447077
657,-421.02493300265763,0.962261051822502,0.11670692469842758,4.0,31.0,0.0,422.7431146331843,0.3141859173081342,0.6858140826918657,0.25640393474430095,0.743596065255699,-2.858949322962942,-1.999683162166718,1.4348712696043369,1.0118512045290178,-2873.114176660618
658,-417.6838060010508,0.9731610509820341,0.1282460608506968,4.0,15.0,0.0,422.64839666799577,0.10142110760400849,0.8985788923959915,0.6930692293043295,0.30693077069567054,-2.2040696869109806,-1.992185677972379,1.2497190498412445,0.8986493389586644,-2848.3515541048696
659,-419.49613032782594,0.8809045450729526,0.12587532214707559,4.0,23.0,0.0,421.78825402584795,0.5575993780861491,0.4424006219138509,0.7327876313493878,0.26721236865061215,-2.476736263132699,-1.7262780933982649,1.0748545749378429,1.1171869842770523,-2866.899118408514
660,-422.1695499807708,0.7054647617805304,0.10638009832687431,5.0,31.0,0.0,425.2893528787763,0.28658485046703897,0.713415149532961,0.013749904007926937,0.986250095992073,1.5076000435728014,-1.9993452315310736,0.6380740520553214,0.9407116883741309,-2869.0413759716866
661,-419.61552991930876,0.9947402252318517,0.11670692469842758,5.0,31.0,0.0,423.0522565651677,0.25456569136089635,0.7454343086391036,0.25318044486926056,0.7468195551307395,-1.5776601017388447,-2.314133363047771,0.6352715789419151,1.3197337319004956,-2866.989738205489
662,-417.6335926445874,0.9867752366061572,0.1282460608506968,4.0,31.0,0.0,419.4563502938535,0.27247521843207995,0.72752478156792,0.8627479910027551,0.13725200899724488,-2.269899027623615,-0.9883816852824765,0.9795128149873279,0.8701168446404219,-2852.218872705125
663,-419.6934604451373,1.0,0.12587532214707559,4.0,15.0,0.0,420.95769627328,0.8038878111481439,0.1961121888518561,0.7546985811352026,0.2453014188647974,-2.476941295013046,-1.5748847432340398,0.7957436089698435,0.8893694589967173,-2866.058275966646
664,-420.91032379399,0.9791013006923415,0.10638009832687431,4.0,31.0,0.0,425.5556885554262,0.2517243678042556,0.7482756321957444,0.05031656994030038,0.9496834300596996,0.7251924859846008,-2.243631215475825,0.5249692878982689,1.1708192373925095,-2868.7845329866627
665,-422.4217201118129,0.8977726592744942,0.11670692469842758,4.0,31.0,0.0,426.02145606234143,0.9355261289654091,0.0644738710345909,0.9798035222720937,0.020196477727906337,-2.1098076724645716,-0.5455699689894503,0.764923165335961,0.7578474136732174,-2866.3895038460973
666,-417.2251197878071,0.7505198854719576,0.1282460608506968,4.0,31.0,0.0,422.2884067026409,0.6720036545486004,0.32799634545139955,0.8197513521960028,0.1802486478039972,-2.3658832578357147,-1.310452007313525,1.0925613053154852,0.7047556367440293,-2850.6583995890214
667,-418.3621174648375,0.9913898100362458,0.12587532214707559,4.0,15.0,0.0,421.2350839700186,0.08712509616309115,0.9128749038369088,0.469479314407488,0.530520685592512,-1.8031112335375625,-2.2626887786906407,0.9327285263362131,0.8850746920423016,-2854.198027762652
668,-417.5967198149876,0.9997778973012331,0.10638009832687431,4.0,31.0,0.0,422.1639535153426,0.507614593156565,0.492385406843435,0.060607224597492244,0.9393927754025078,-1.2647552222826646,-2.220684949990727,1.1223809903980801,0.7220402182467416,-2848.10421385756
669,-418.4138659135574,0.817712857694424,0.11670692469842758,5.0,47.0,0.0,425.22777483547833,0.7183785942661308,0.2816214057338692,0.07129243823038142,0.9287075617696186,-0.5629549499598745,-2.2149724690438273,1.1525153224730051,0.7987884434027201,-2854.300488882784
670,-418.70829040789374,0.9514863691814186,0.1282460608506968,4.0,15.0,0.0,419.93733767275506,0.7179051928295047,0.2820948071704953,0.9692018204880496,0.030798179511950408,-2.120637940281099,-1.820274689189709,0.9206250190540649,0.9539129863362501,-2848.7843729220217
671,-418.68880094211295,0.9886960572565751,0.12587532214707559,4.0,15.0,0.0,419.7720734128726,0.12787952988011048,0.8721204701198895,0.1193618909004947,0.8806381090995052,-2.251772758196666,-2.161195845919063,0.5826008721632512,0.9183558596603659,-2852.0539437943216
672,-420.2263492928902,0.9430080156954154,0.10638009832687431,4.0,31.0,0.0,423.7465491511335,0.6223266219194173,0.37767337808058266,0.029035750565587715,0.9709642494344123,-1.7550494597240698,-2.088026302692361,1.2830732572108494,0.3178647676481531,-2860.233575227226
673,-418.425807999818,0.9924027155665759,0.11670692469842758,3.0,15.0,0.0,419.1662280504424,0.6596806562998404,0.3403193437001596,0.03911551669881899,0.960884483301181,-0.4116408479464962,-2.1829520791571393,0.8671039297268527,0.8424560316991213,-2851.8754667814064
674,-419.0179996316692,0.9104096518231756,0.1282460608506968,2.0,7.0,0.0,423.3401049383309,0.6577112014299431,0.3422887985700569,0.9107500341788836,0.08924996582111644,-2.1847526103673,-1.5067014400620846,0.6901594605374287,1.0116438851943044,-2859.4599732406764
675,-418.9737695601219,0.9729571924973179,0.12587532214707559,5.0,31.0,0.0,420.0247658972026,0.9278539052177999,0.07214609478220013,0.7692570371388562,0.23074296286114382,-2.0565592500196446,-2.521446722362814,0.8352429147564954,1.3789954244247007,-2852.162051719255
676,-421.8641260455804,0.9235393662991846,0.10638009832687431,4.0,15.0,0.0,424.84836266255314,0.8782624031431104,0.12173759685688956,0.06527434424562795,0.934725655754372,-3.74740042090235,-2.0989338123955386,0.9364776689040015,0.46977786518738074,-2862.4943036851146
677,-420.588301188509,0.9303064787820977,0.11670692469842758,4.0,23.0,0.0,421.8039422700015,0.6390144337630663,0.3609855662369337,0.010735027704174376,0.9892649722958257,-0.28295141315563566,-2.1356826195140712,1.1627000207894107,1.0014953233826924,-2857.752250893944
678,-419.8315877182365,0.9174076682927697,0.1282460608506968,2.0,7.0,0.0,420.75704469254333,0.6812731197540339,0.31872688024596607,0.92347679184088,0.07652320815911995,-2.291783515197224,-1.4968326682384074,0.6727915473525014,1.073600619411976,-2863.3844014683737
679,-419.4760627256643,0.9802660849631879,0.12587532214707559,4.0,23.0,0.0,423.3759514507425,0.9813095409298155,0.018690459070184517,0.2904147754508894,0.7095852245491105,-2.3826614597226405,-1.953873759388142,0.9614428832595016,0.1643583598361921,-2850.0857608351635
680,-421.4517679779527,0.9764336550103375,0.10638009832687431,4.0,15.0,0.0,422.95306270552396,0.7482177462248739,0.2517822537751261,0.026964751349236454,0.9730352486507635,-3.0238488762146263,-2.08082347031251,1.1310421926490237,0.06814905652957556,-2861.86424181267
681,-420.06038524279705,0.9910402550819114,0.11670692469842758,3.0,15.0,0.0,422.9834288962933,0.37018863942400376,0.6298113605759963,0.008342448655386733,0.9916575513446133,-0.8182409635555608,-2.1152176300535386,0.6161034889649992,1.0020935384582348,-2852.8587340000868
682,-421.05232029666865,0.9959429559138996,0.1282460608506968,4.0,31.0,0.0,422.99310510183324,0.9452813279767978,0.05471867202320224,0.558167952306321,0.441832047693679,-2.2614194574505944,-2.0515580808846217,0.7361482996568274,1.0558386063218284,-2868.915965270174
683,-421.2173539110209,0.6049801769159988,0.12587532214707559,3.0,7.0,0.0,425.42032567252505,0.9664320271235697,0.03356797287643032,0.4942310487823823,0.5057689512176178,-2.558046636127091,-1.9393310002051212,0.8218740835765663,0.10768544479872862,-2866.916273298359
684,-417.947242473887,0.983231306903902,0.10638009832687431,5.0,63.0,0.0,423.1770469261143,0.11757123093197663,0.8824287690680234,0.7811808346900205,0.21881916530997947,-2.3158503757862627,-1.6304827285516281,0.05821765805994875,1.0329951477912638,-2851.372744848211
685,-418.16987509885763,0.9382541894675143,0.11670692469842758,2.0,7.0,0.0,423.34166996941957,0.36171819262356614,0.6382818073764338,0.033079171441834816,0.9669208285581652,-0.772230036813589,-2.173565749826579,0.5320841609298984,1.163412626013786,-2848.701968664811
686,-418.4880254083053,1.0,0.1282460608506968,4.0,15.0,0.0,422.6984569742229,0.11091775150208381,0.8890822484979162,0.9145947047080717,0.08540529529192831,-2.1930016222403768,-0.7244856014517216,0.5315322412903665,1.0556330025594236,-2851.3866381072835
687,-421.64670910970335,0.9171563593900102,0.12587532214707559,4.0,31.0,0.0,425.278636282172,0.657960072134175,0.34203992786582504,0.9186934017910062,0.08130659820899377,-2.1914472826583857,-2.278858791000449,1.1183307962294127,0.09611546566510348,-2874.689968066944
688,-418.8471120329828,0.8720021716286176,0.10638009832687431,3.0,7.0,0.0,419.98599533074105,0.1559218691629628,0.8440781308370372,0.8518172983237526,0.14818270167624736,-2.287428918985285,-1.7909196850295215,0.014756749825592672,1.114729483509425,-2856.627512951247
689,-417.51357617412924,0.98999219927949,0.11670692469842758,4.0,15.0,0.0,419.33571796941067,0.5022418389269689,0.49775816107303106,0.05960395891069377,0.9403960410893062,-0.6776340368262913,-2.199216861237796,1.064426141735858,0.9256103324522019,-2848.30987207691
690,-419.91111221009237,0.9476282137834976,0.1282460608506968,4.0,31.0,0.0,422.152683534797,0.3146715341581528,0.6853284658418473,0.9649118198564148,0.03508818014358517,-2.0868386177962495,0.1762890658766893,0.35583938248107316,1.2275745642842129,-2861.461486636848
691,-420.2629513617668,0.6222550312191085,0.12587532214707559,3.0,7.0,0.0,425.7198824306757,0.8780827161609875,0.12191728383901246,0.9101690277288774,0.08983097227112258,-2.221692541769678,-2.0572542059173378,1.2028618118591725,0.17693301911662332,-2861.1492336896576
692,-421.169951728946,0.9917397750534643,0.10638009832687431,5.0,55.0,0.0,423.18123022127156,0.02593750872707502,0.974062491272925,0.3871224568102765,0.6128775431897235,-1.9921638343607018,-2.1310553767335993,-1.7733860569368978,0.9062652313176566,-2863.21939581056
693,-419.239786343337,0.8251700637179142,0.11670692469842758,5.0,31.0,0.0,420.5174980967471,0.3525178843771261,0.6474821156228738,0.9099785248529236,0.09002147514707637,-2.2078280812408435,-2.4701689903261705,0.574587746145296,1.0098694400801222,-2857.8740868519812
694,-423.99445309649286,0.9702258231020656,0.1282460608506968,4.0,31.0,0.0,428.66268054099856,0.09886708054562027,0.9011329194543798,0.9965179790727766,0.0034820209272233837,-2.2485599594577286,3.237296464089787,0.9688199420577158,1.0115079279931427,-2857.914556963313
695,-420.00763271156814,0.9439499705829405,0.12587532214707559,3.0,15.0,0.0,422.1884164652894,0.9027913501601378,0.09720864983986222,0.7835269213347761,0.21647307866522392,-2.078753704553492,-1.8764372019386375,0.8587918370663343,0.29260796615540846,-2864.7639765460594
696,-422.28137934486,0.9990718373210274,0.10638009832687431,4.0,15.0,0.0,425.20836429080146,0.021644289190893545,0.9783557108091064,0.1371360922213818,0.8628639077786182,-0.8046049610868381,-2.1816701861678447,-1.7893561704038063,0.9671812626242158,-2867.4034507087995
697,-419.70948647367567,0.9501404651249744,0.11670692469842758,5.0,47.0,0.0,423.5713376282015,0.5151192838885846,0.48488071611141537,0.019742639663332562,0.9802573603366674,0.4024219177652316,-2.0764100411306408,1.0697926197054353,0.64657076716748,-2857.205571718957
698,-423.592399087077,0.9939834249712927,0.1282460608506968,4.0,15.0,0.0,424.6087508882913,0.1937610342052553,0.8062389657947446,0.9964517547594394,0.0035482452405606324,-2.023562897415776,3.194796719246764,1.0006388437118299,0.8494246194054499,-2860.4185405581957
699,-419.83224224336556,1.0,0.12587532214707559,4.0,15.0,0.0,421.10482021766666,0.07051086371002246,0.9294891362899775,0.2689715608620381,0.7310284391379619,-2.435740861457813,-2.090492131455882,1.365017807059618,1.0719983335386276,-2858.5413884960085
700,-422.2953774606702,0.8229367063069607,0.10638009832687431,5.0,31.0,0.0,427.9506325278298,0.08778298262978915,0.9122170173702109,0.05006817645247756,0.9499318235475225,0.15024725025278202,-2.394431360682393,0.0001739314838941075,1.0181135063916116,-2872.7684178387026
701,-418.40044756975186,0.9971218601607861,0.11670692469842758,5.0,63.0,0.0,421.16681786850774,0.10373296369290963,0.8962670363070904,0.16257027290754214,0.8374297270924579,-1.127399582805635,-2.25631299528425,1.2372850324797133,0.8620023437712965,-2852.5675238021267
702,-419.1905580048568,0.9867290842551452,0.1282460608506968,5.0,47.0,0.0,425.19733823485905,0.8661641405472732,0.1338358594527268,0.9501490259450032,0.04985097405499683,-2.079637849153467,-2.0471741316905328,1.0761369614463854,0.41427447390532884,-2851.211867617788
703,-418.5688320181718,0.9872809924367646,0.12587532214707559,4.0,23.0,0.0,421.8216214427528,0.07753243934416688,0.9224675606558331,0.597161984817199,0.40283801518280105,-1.9603364366281095,-2.342533180739028,1.1454018338400636,0.8299592720855489,-2853.5238522832765
704,-422.6089209128237,0.9232528171620974,0.10638009832687431,2.0,3.0,0.0,423.3086025020294,0.08566495583932342,0.9143350441606766,0.04057056146873377,0.9594294385312663,-0.042297631376546685,-1.9738842352080004,0.0028311678937345463,1.0589770123944426,-2874.9282466971013
705,-419.6027220474621,0.49223154920617523,0.11670692469842758,4.0,15.0,0.0,424.89588122246533,0.08986070785081861,0.9101392921491814,0.04672203447980612,0.9532779655201938,-1.3362518791051694,-2.1029972930635497,0.6547082629955276,1.0728825489704288,-2853.000992479138
706,-420.8698487468402,0.8346563002175056,0.1282460608506968,4.0,31.0,0.0,422.85328002367487,0.9438741194068432,0.05612588059315682,0.4930622516006884,0.5069377483993116,-2.5409779146651097,-2.109077929397625,1.04636549247121,-0.19598290588107978,-2866.9994659460626
707,-418.4506657835411,0.9998970233603856,0.12587532214707559,5.0,63.0,0.0,419.6296485645369,0.050592267673162945,0.9494077323268371,0.4076163752631066,0.5923836247368934,-1.973011039739299,-2.2379558899417695,1.0146274090193932,1.0234255081814811,-2850.2883567647546
708,-423.83139139602343,0.9008761111394101,0.10638009832687431,4.0,31.0,0.0,426.82920777279185,0.21456014999994294,0.785439850000057,0.05348660480429734,0.9465133951957027,-1.2211811885126937,-1.9189127997871773,0.10095411317521438,1.2091955168693622,-2889.0766944117695
709,-419.2188943068287,0.9925583209097075,0.11670692469842758,5.0,39.0,0.0,422.65153774048986,0.8300898451983245,0.16991015480167548,0.2098197383006787,0.7901802616993213,-2.3269863870335192,-2.0413314094843678,0.7785045725022601,0.924261822682639,-2860.3833950147528
710,-419.0482587170732,0.9843673243231706,0.1282460608506968,4.0,15.0,0.0,421.80986703507807,0.9382392382452617,0.061760761754738325,0.8858046930987803,0.1141953069012197,-2.2897120294907922,-1.5797423028480302,0.9503544120920916,0.14012567612991694,-2851.70284965969
711,-418.1329962342911,0.9861877283836042,0.12587532214707559,4.0,31.0,0.0,419.6739398773551,0.1063200945388423,0.8936799054611577,0.17196080046866916,0.8280391995313309,-1.8054516911327976,-2.2335416583715317,1.1660640360366115,0.8665300176382712,-2849.692455337796
712,-421.7400482919608,0.8727334321214735,0.10638009832687431,2.0,3.0,0.0,425.85317293712126,0.2610956944798932,0.7389043055201068,0.08108687385068637,0.9189131261493136,-1.5844131899122853,-2.382987686658978,0.07738573434408354,1.203412555060223,-2875.6460032597365
713,-420.1370666773987,0.9868265281439648,0.11670692469842758,4.0,15.0,0.0,421.47132103931415,0.7066355410850992,0.2933644589149008,0.8101238294175606,0.18987617058243944,-2.1590660691446426,-1.795538169558005,0.7081835158695626,1.8908744552734664,-2868.0739415920784
714,-417.9904803603729,0.9995698640625608,0.1282460608506968,3.0,15.0,0.0,419.98428601829795,0.912393015920418,0.087606984079582,0.7990388801872597,0.20096111981274034,-2.197519399351531,-1.6316873809221177,1.041996706504568,0.3094584133434413,-2849.799861239101
715,-418.7048928185819,0.9925245181269817,0.12587532214707559,4.0,31.0,0.0,420.2428626556452,0.2651460300917151,0.7348539699082849,0.24740960706227377,0.7525903929377262,-1.4431122248575896,-2.3679808367484076,0.31012042133453604,0.987250793243813,-2861.8367129869507
716,-420.22689499845507,0.9916267721308036,0.10638009832687431,4.0,15.0,0.0,423.0057110042009,0.05569746597145761,0.9443025340285424,0.07310871999675143,0.9268912800032486,-1.2399257487227484,-2.341733368689121,0.465450941425454,1.0607530082915846,-2856.665359920367
717,-417.8259742004216,0.9329928485870284,0.11670692469842758,5.0,31.0,0.0,423.54445762382875,0.6694042484587244,0.33059575154127563,0.1523262618497379,0.8476737381502621,-1.7664525188634739,-2.2765712228247574,1.0249781515603908,0.5665738584229323,-2853.32719353606
718,-417.14646919173884,0.9956609395067209,0.1282460608506968,4.0,31.0,0.0,418.48852274973575,0.4985946274326549,0.5014053725673451,0.2236228509884167,0.7763771490115833,-2.3551176515519074,-2.029482292531364,1.1724414014064088,0.6921119658268382,-2849.928304389699
719,-417.3037330108033,0.9950269071403393,0.12587532214707559,5.0,31.0,0.0,419.5490089634089,0.5451438362245704,0.4548561637754296,0.14326263429716674,0.8567373657028332,-1.7012206418192888,-2.142492602760897,0.9012793317175136,0.9114479273642078,-2850.6276557547185
720,-422.4513736063591,0.9899451115661654,0.10638009832687431,5.0,31.0,0.0,423.536909827214,0.2616924442908841,0.7383075557091159,0.008167986858549307,0.9918320131414506,0.8281548432759782,-2.2638568145585753,0.46420057015978616,1.3203098940598899,-2866.8597773728097
721,-417.43360631342205,1.0,0.11670692469842758,3.0,7.0,0.0,417.9285629555791,0.727582526416253,0.272417473583747,0.20863591743241153,0.7913640825675885,-1.8264532795776363,-2.1902048002151764,1.1720839398095793,0.6343600902364406,-2851.351150900267
722,-417.92158807001533,0.9920340216687719,0.1282460608506968,5.0,31.0,0.0,418.96671378040634,0.8631787159705865,0.13682128402941351,0.5585519328792297,0.44144806712077034,-1.76164246004622,-2.4069943382198415,1.0353916102209373,0.5279087708051917,-2853.6234512625156
723,-418.6054327287336,0.8640202938280472,0.12587532214707559,3.0,7.0,0.0,419.2660542756955,0.5884867072087322,0.4115132927912678,0.14189442573667907,0.8581055742633209,-1.8108338375555249,-2.0713667734400305,0.8372872124768991,0.8536603927543873,-2859.511472858055
724,-422.5073560600649,0.8495948612239794,0.10638009832687431,4.0,15.0,0.0,424.63513949065975,0.09495605060375746,0.9050439493962426,0.026287976875461555,0.9737120231245384,1.0824656610986667,-2.1160652299457623,0.4040926743340474,1.1860252431513876,-2870.0723876848942
725,-417.97285036201833,0.9976237913596391,0.11670692469842758,4.0,31.0,0.0,420.20925743249455,0.6813355542578006,0.31866444574219943,0.05582919050302408,0.944170809496976,-0.6391509122565286,-2.2388288802920977,0.735310970448346,1.3651967928604916,-2849.6180344519307
726,-417.91262537100096,0.9094604661630904,0.1282460608506968,4.0,23.0,0.0,421.3980905295686,0.24639831536319992,0.7536016846368001,0.8128347274536805,0.18716527254631954,-2.3144864179476268,-1.6610654663152062,1.256160378267153,0.9761046114819628,-2853.00723266594
727,-417.717443929422,0.8293264040313468,0.12587532214707559,4.0,15.0,0.0,422.72012511048416,0.8206039880237358,0.1793960119762642,0.1817792137518667,0.8182207862481333,-2.172366474871617,-2.0866715082622664,0.9420173999789091,1.1875488775419596,-2849.2736219976973
728,-425.7752740281578,0.9945412429874655,0.10638009832687431,4.0,31.0,0.0,427.68865762682947,0.04398985381319793,0.956010146186802,0.0008856555320693363,0.9991143444679307,2.6190796293261975,-2.108450245995486,0.036194044234248,0.8396518221421652,-2860.3286930287495
729,-419.9094160432039,0.9316091932141956,0.11670692469842758,5.0,31.0,0.0,420.78562170353166,0.9219293251682538,0.07807067483174623,0.02251346670833973,0.9774865332916602,-0.4855475509203474,-2.227173818936209,1.002681604024825,1.2078322672204627,-2849.4769603267223
730,-421.7481463723492,0.9247002899000472,0.1282460608506968,4.0,15.0,0.0,425.45706796412725,0.7344105548756633,0.2655894451243367,0.6769168314464078,0.3230831685535922,-1.7822702348486523,-3.012748237601038,1.1691503457952257,0.12417372845708122,-2879.7683613085824
731,-417.4748323288321,0.9537476623656186,0.12587532214707559,5.0,31.0,0.0,419.2419405026415,0.16993519767773552,0.8300648023222645,0.26000191198077,0.7399980880192301,-1.4837225081692238,-2.2638218378138224,0.572869421729947,1.034688965781262,-2851.3654949179722
732,-431.6372340379303,0.9671256685182569,0.10638009832687431,4.0,15.0,0.0,432.47642141605434,0.00898865095324423,0.9910113490467558,3.6088258129215625e-05,0.9999639117418708,3.426720797706349,-2.070265872380101,-0.3519730613981504,1.1285743030092326,-2863.3238696612807
733,-419.1965082107179,0.8757558495323841,0.11670692469842758,5.0,31.0,0.0,421.22910561011275,0.8699769605914722,0.13002303940852777,0.04095143196440682,0.9590485680355931,-0.06934703303743794,-2.1206096848209315,0.9341501856032332,1.1859160247929916,-2852.4359003539334
734,-419.9282599276688,0.9355033225688929,0.1282460608506968,4.0,31.0,0.0,427.95333230748065,0.5655629630744529,0.43443703692554714,0.9289309847107311,0.0710690152892689,-2.1387875708930046,-3.151129300438852,1.3208934828424728,0.546697358601898,-2858.00319635965
735,-417.1442759262291,0.9959943597560299,0.12587532214707559,4.0,31.0,0.0,419.0108777349403,0.7263815012825201,0.2736184987174799,0.28596364652583245,0.7140363534741676,-2.06683080433869,-2.1143436158247946,1.0960707519469677,0.7714857498475305,-2850.295346228056
736,-431.03198636077036,1.0,0.10638009832687431,3.0,7.0,0.0,431.9066884384461,0.01143947910003166,0.9885605208999684,4.024787061467466e-05,0.9999597521293854,3.4638366261814304,-2.166989018818369,-0.3442802704907297,0.8084629742206879,-2861.5102285327725
737,-419.41059208270093,0.9376876377488934,0.11670692469842758,4.0,31.0,0.0,422.4194077934055,0.533083943272779,0.46691605672722103,0.010423720774665189,0.9895762792253349,0.3395634256395394,-2.1384142607614782,0.7617933750116517,1.3052939196803963,-2849.961816886677
738,-421.3168019511681,0.7792766414588645,0.1282460608506968,4.0,31.0,0.0,427.13811107376074,0.9851250608349732,0.014874939165026801,0.9600367592488708,0.039963240751129225,-2.14027040266786,-1.6501705721043216,0.9845347279246107,1.7374570819885073,-2848.907989960773
739,-419.5787520197103,0.9935530400256829,0.12587532214707559,4.0,15.0,0.0,421.26850906112736,0.6078455779500236,0.3921544220499764,0.2202569762046434,0.7797430237953566,-1.2443501047082985,-2.3979915672889938,0.7436155415812039,1.6203176733799918,-2867.2256170875057
740,-423.1777046882273,0.9961889113629987,0.10638009832687431,5.0,63.0,0.0,432.32644307095984,0.4268784286827611,0.5731215713172388,0.0161716129746449,0.9838283870253551,3.363941488928566,-2.144100920313082,0.6377328023588739,1.3501562408491565,-2869.213021730759
741,-419.2007789396738,0.8055659274335727,0.11670692469842758,4.0,15.0,0.0,421.63002368856314,0.420827093794752,0.579172906205248,0.04154580261363826,0.9584541973863617,0.16602391297350422,-2.204236128738041,0.7645265950072978,1.260884240805149,-2857.6218274937237
742,-418.6827515217501,0.8719917171491837,0.1282460608506968,5.0,31.0,0.0,424.0663085826146,0.7199814520146535,0.28001854798534653,0.40957425908840756,0.5904257409115925,-1.955468739923611,-2.221137018550381,0.5774663294442868,1.55219825802992,-2861.359832472393
743,-422.01955687784306,0.5788658189456337,0.12587532214707559,2.0,7.0,0.0,424.617199158051,0.7968618624263482,0.20313813757365184,0.15255705986112328,0.8474429401388768,-1.4488024528664085,-2.50104171233989,0.6477599213242999,1.5348719409914828,-2878.8875407622813
744,-424.75575576172463,0.9935273632207778,0.10638009832687431,4.0,15.0,0.0,425.379431782557,0.8133345170831634,0.1866654829168366,0.0023627854056224302,0.9976372145943776,4.4342782989257845,-2.1799415858461755,1.049184333505053,1.0762479401441885,-2856.261258536539
745,-421.68264256395423,0.935984752339647,0.11670692469842758,5.0,31.0,0.0,422.1589121964009,0.8979825664044987,0.1020174335955013,0.003794073505287249,0.9962059264947127,0.6472395123481712,-2.1067041843106296,1.056439290641911,0.9663740910367918,-2851.8731704729153
746,-419.572640206799,0.811210108331582,0.1282460608506968,3.0,7.0,0.0,423.557200428203,0.7933154904252907,0.2066845095747093,0.6143580111403517,0.3856419888596483,-1.8694013488746495,-2.776003018318455,0.7494843875038142,1.18902561684639,-2864.490520608593
747,-418.07795255856246,0.9858828641416266,0.12587532214707559,2.0,7.0,0.0,423.29225261494446,0.6094199835014152,0.39058001649858476,0.2464440396995929,0.7535559603004072,-1.3536919185493312,-2.368456367952663,0.6118772751890018,1.4646163472364013,-2857.8337889311474
748,-426.99156772262097,0.9072668870052818,0.10638009832687431,3.0,15.0,0.0,429.39694378010785,0.8670213415560553,0.13297865844394474,0.0017197045894082393,0.9982802954105917,4.981104551631658,-2.1437703894450175,1.138706352390649,0.993763162313326,-2863.2822749247894
749,-417.5565616753671,0.9961655734682169,0.11670692469842758,4.0,31.0,0.0,426.04365356344164,0.5022643859356896,0.49773561406431044,0.07706809631394188,0.9229319036860582,-0.7735424407104056,-2.236911506408038,1.1634174217960531,0.6530807849189363,-2850.1688866109894
750,-421.8031102548963,0.9324958356328528,0.1282460608506968,5.0,31.0,0.0,427.5500356812097,0.9173239726919172,0.08267602730808277,0.6333456026936111,0.36665439730638894,-1.7753316347565027,-2.5384396504347198,1.1231497818224647,1.5308899353769059,-2874.412606168498
751,-418.3946444236303,0.8772233864114592,0.12587532214707559,4.0,15.0,0.0,419.5872846804313,0.8621784551388492,0.13782154486115084,0.16123229610096562,0.8387677038990344,-1.815876065915504,-2.076537047342326,0.9214625744699001,1.0566094171172689,-2853.365467563001
752,-422.95742565550825,0.9866517463602262,0.10638009832687431,5.0,31.0,0.0,428.6888847201577,0.5508190478249001,0.4491809521750999,0.006092447677110695,0.9939075523228893,3.951431183140988,-2.1288269618212574,1.2421477514974857,0.7746396936137414,-2857.5162195351277
753,-418.68015497162713,0.7954662049187039,0.11670692469842758,6.0,63.0,0.0,420.24309471246926,0.7954356449455044,0.20456435505449555,0.9613081601084256,0.03869183989157443,-2.2033685393980864,0.05995796175806491,0.8823968948962846,1.0730490492111646,-2850.998250473062
754,-419.8890969976223,0.9958180261148898,0.1282460608506968,4.0,15.0,0.0,422.5359337730203,0.8773928339066525,0.12260716609334754,0.09143726216769248,0.9085627378323076,-1.936348138872473,-2.1849504325554334,1.020193545938505,1.589097266125224,-2857.464456111492
755,-419.0487073786557,0.9547955355850549,0.12587532214707559,2.0,7.0,0.0,422.26692777146917,0.9061941468337833,0.0938058531662167,0.22498523387982014,0.7750147661201798,-1.4773839915649067,-2.413116371006735,1.050644265776568,1.1190056520925182,-2856.645940991016
756,-424.85682572030237,0.7897621536097954,0.10638009832687431,4.0,23.0,0.0,427.0786789473066,0.49630041988910195,0.5036995801108981,0.00527947162888067,0.9947205283711194,4.088088135896753,-2.0037422942977448,1.2868785555318065,0.8557164555720167,-2869.010327178603
757,-416.7295636875953,0.981179652378131,0.11670692469842758,4.0,31.0,0.0,420.3049317678428,0.47781106661683903,0.522188933383161,0.47707831877390827,0.5229216812260917,-2.1946679250703682,-2.168500437480874,1.0004876051634284,0.8480076557614393,-2849.7807496427954
758,-419.8290451642112,0.8846725767679541,0.1282460608506968,3.0,7.0,0.0,421.9254623592044,0.8977286972682388,0.10227130273176122,0.05177998060584547,0.9482200193941546,-1.7795991983680557,-2.158462865616584,0.7879265479209887,1.4058156909401618,-2853.761053522122
759,-417.71979880447583,1.0,0.12587532214707559,4.0,31.0,0.0,420.59762428998704,0.8612383252459052,0.13876167475409484,0.163801025279263,0.836198974720737,-1.3338248033374296,-2.266042865953925,0.8923156527007227,0.9578869219204362,-2849.6490264880335
760,-425.97766802491975,0.9549645279157707,0.10638009832687431,4.0,15.0,0.0,427.09584910198214,0.5515771161811107,0.4484228838188893,0.004083281463746938,0.9959167185362531,4.201968340825399,-2.009000650309763,1.3305095506013092,0.3327678764394492,-2874.5174927815374
761,-419.4766547492627,0.890357456820515,0.11670692469842758,4.0,31.0,0.0,421.0489715477325,0.7791105826215052,0.22088941737849477,0.9431819003741378,0.05681809962586215,-2.0767607691990846,-1.1195116853249352,0.82121514570102,1.6503207140659626,-2857.5313929362246
762,-418.60377114782307,0.9082630354943254,0.1282460608506968,5.0,31.0,0.0,423.001550508541,0.03873575320180851,0.9612642467981914,0.5089925781854968,0.4910074218145032,-2.1517797884472145,-2.1937424477073932,1.338138522402191,0.9436035048293331,-2848.835623348622
763,-424.13504000115137,0.3029961939074091,0.12587532214707559,2.0,7.0,0.0,429.3649921107156,0.9186556035378806,0.08134439646211944,0.0926232051688517,0.9073767948311483,-1.408570021017104,-2.529957791066666,0.9882182972436984,0.9842988266541398,-2885.876738741833
764,-424.696540559793,0.7283139632196484,0.10638009832687431,5.0,31.0,0.0,430.4762033822992,0.1578236241763079,0.8421763758236921,0.01336726378749815,0.9866327362125018,2.170683862541053,-2.329628899328404,-0.10300065507809136,1.1137526499059507,-2880.0250703644256
765,-418.11519637574224,0.9907238509039419,0.11670692469842758,5.0,31.0,0.0,420.81564794942085,0.6218481799270752,0.3781518200729248,0.03905505515372648,0.9609449448462735,-0.6817812090528931,-2.2435985541624617,0.7643156771158871,1.128065019515817,-2849.2117558483824
766,-420.3755271356845,0.7223233664492777,0.1282460608506968,3.0,7.0,0.0,424.59796817542605,0.014660032481572981,0.985339967518427,0.4133092614186481,0.5866907385813519,-2.5688429825893504,-1.7550900672920515,1.5087914675617966,0.9203312341958972,-2853.738540875361
767,-427.33056175666894,0.9169890500883151,0.12587532214707559,2.0,7.0,0.0,429.729081661757,0.9791227574569437,0.02087724254305634,0.1274125317065608,0.8725874682934391,-1.04833125864103,-1.9409022169869845,0.789826466735937,1.0983396264094545,-2904.0667111299795
768,-423.0781834876094,0.7992778614212857,0.10638009832687431,4.0,31.0,0.0,429.0966032737567,0.009383619451067901,0.9906163805489321,0.008231793081052402,0.9917682069189476,0.9111589065850711,-2.0855588968312633,-0.9444209481044447,0.9878828108082792,-2850.906570535598
769,-419.2418671487665,0.9759383387123522,0.11670692469842758,3.0,15.0,0.0,422.5574010393375,0.4738605519904776,0.5261394480095224,0.06541544032754075,0.9345845596724592,-0.6725945690407795,-2.1740961421575107,0.4398661826347441,1.4266220442200104,-2860.7239567841602
770,-419.2418559637084,0.92849914598081,0.1282460608506968,3.0,7.0,0.0,421.56427599980884,0.027673410245650367,0.9723265897543496,0.4205956942485387,0.5794043057514613,-2.3750240696771017,-2.0497810829628125,1.415222605438729,0.987289361579623,-2850.2239578581166
771,-425.0800355615681,0.9780213593116032,0.12587532214707559,5.0,31.0,0.0,429.6225876097037,0.006014071554037989,0.993985928445962,0.8721481213562877,0.12785187864371228,-1.8609814162636984,-2.098936550067927,-0.18879608048460383,0.9635287700052065,-2878.203059747831
772,-421.32940673914896,0.9578959935193301,0.10638009832687431,5.0,63.0,0.0,425.9748048386363,0.024976360842829184,0.9750236391571708,0.32300876878886176,0.6769912312111382,-2.1334929334951753,-2.2737617007768174,-0.8960687940172504,0.8490693423795099,-2864.5660508341825
773,-418.9960861553827,0.5036723763777585,0.11670692469842758,5.0,39.0,0.0,425.46647110040067,0.8388803911984402,0.16111960880155984,0.09281642475733239,0.9071835752426676,-1.1270580617085577,-2.2427335621590805,1.042764327326811,1.3111731479430928,-2855.5411252441586
774,-418.47127834137166,0.9357190154810956,0.1282460608506968,5.0,31.0,0.0,420.6407149501675,0.2318076127852217,0.7681923872147783,0.45710960490716046,0.5428903950928395,-1.579103577412043,-2.4033788480886487,1.5130687540114625,0.8447791863277023,-2859.4164770711513
775,-420.8277352150466,1.0,0.12587532214707559,4.0,15.0,0.0,425.79287662192604,0.21270334462658083,0.7872966553734192,0.16814342238052965,0.8318565776194704,-1.6985023708893923,-2.4207907762080296,-0.019516322002702022,1.097626840352813,-2872.451235577929
776,-420.4424307664053,0.858007375108744,0.10638009832687431,2.0,7.0,0.0,424.7526707727165,0.017382864737541626,0.9826171352624584,0.46425240717216343,0.5357475928278366,-1.7930017453322151,-2.200634000070622,-0.8792848498441993,0.9393248836282906,-2858.2016335874196
777,-419.84851807538604,0.8811944266958793,0.11670692469842758,4.0,15.0,0.0,424.8749962869271,0.8383916938631382,0.16160830613686183,0.02356915053484667,0.9764308494651533,-0.21511935340706023,-2.1477328886283145,0.7241914237952467,1.573728314014438,-2853.73522599431
778,-420.25967207472786,0.926713327713564,0.1282460608506968,4.0,31.0,0.0,423.2277349154075,0.46090279872050444,0.5390972012794956,0.39451797524600374,0.6054820247539963,-1.5932758309459085,-2.648191804826166,1.5012442426043915,0.524640063301401,-2873.11066996245
779,-421.5966297007886,0.9687123259904405,0.12587532214707559,3.0,15.0,0.0,423.9436293039982,0.2233396157479311,0.776660384252069,0.23772988756853922,0.7622701124314608,-1.6192490686042518,-2.1090884120729942,-0.21763681607215174,1.1890421492569117,-2881.0196723574054
780,-420.58515541170766,0.9902036974093903,0.10638009832687431,4.0,15.0,0.0,422.05870662907347,0.017870046635347143,0.9821299533646528,0.8497226131940626,0.15027738680593739,-1.9942696743475596,-2.530563332789753,-0.9439838189200322,0.9686026981180252,-2852.6135421848076
781,-418.89907322546406,0.9386638912569344,0.11670692469842758,3.0,15.0,0.0,421.57036817954787,0.7267109192270809,0.27328908077291914,0.03144829030000187,0.9685517096999982,-0.34419854619919504,-2.169721467429185,0.6936755595590122,1.517414084760992,-2851.7978317253987
782,-416.908841019047,0.8188509058022365,0.1282460608506968,3.0,7.0,0.0,421.91264520979144,0.38630632601505005,0.6136936739849499,0.36936193699523084,0.6306380630047692,-1.667395149347872,-2.3156343868341227,1.2192801702927252,0.7662425207652852,-2851.075400398694
783,-421.9717362721475,0.8972407056711232,0.12587532214707559,2.0,7.0,0.0,425.112480138889,0.16580130170783441,0.8341986982921656,0.2794707427741773,0.7205292572258226,-1.6018114892549888,-2.0378252487598725,-0.1609599048743102,1.083558046095,-2883.304260050017
784,-421.6247027881216,0.8637510152978626,0.10638009832687431,3.0,15.0,0.0,422.93333674886173,0.01810211829504154,0.9818978817049585,0.8499500805275135,0.15004991947248647,-1.931269196999468,-2.3790844804502127,-0.9710299002153933,0.9405416515298318,-2860.730615002667
785,-419.0317324694987,0.9816305213958986,0.11670692469842758,4.0,31.0,0.0,421.7432648403782,0.8659795927577149,0.13402040724228514,0.03573227190082804,0.9642677280991719,-1.3101055893908877,-2.1669629186115493,0.9375474489508852,1.3960451973289063,-2848.447308705042
786,-417.828454445755,0.9603665489217825,0.1282460608506968,4.0,31.0,0.0,418.6379804544716,0.32365648785158746,0.6763435121484125,0.3124813055842643,0.6875186944157357,-2.3689002168525195,-2.0485787039718644,0.448723100068669,1.284298573692859,-2855.072369854032
787,-421.3125419713316,0.9523313721793267,0.12587532214707559,3.0,15.0,0.0,425.7530952008639,0.013657458309600358,0.9863425416903996,0.14887530077422104,0.8511246992257789,-2.88112249863622,-1.9281788169247882,-0.4089619141161796,0.9872069224583645,-2854.9366220908596
788,-420.2858553200392,1.0,0.10638009832687431,4.0,15.0,0.0,423.29794105941653,0.06710001834966352,0.9328999816503365,0.4029696964810791,0.5970303035189208,-1.6693747751112065,-2.423014953227868,-0.9634929380271529,1.0575765098524463,-2865.0058059296553
789,-420.497244758856,0.8892554984784244,0.11670692469842758,5.0,63.0,0.0,423.31192625135935,0.9735989299807676,0.02640107001923242,0.9545755164810378,0.04542448351896222,-2.244003452740988,-0.037038221359424,0.9638638820624458,1.0265647675882292,-2851.6627920366386
790,-417.23303955211315,0.9905446101142107,0.1282460608506968,4.0,31.0,0.0,418.9849566409754,0.7573016756406211,0.24269832435937888,0.5994132593280947,0.40058674067190525,-1.8856075613186114,-2.432003325213024,1.0714472666004717,0.8233179132828853,-2850.833919172471
791,-421.43752070821233,0.9548382102319231,0.12587532214707559,2.0,3.0,0.0,422.1657575573619,0.01894801153705215,0.9810519884629478,0.221369614605114,0.7786303853948859,-2.9080527648286774,-2.0473851339975586,-0.3922575010816153,0.9042973460207115,-2859.7531592168025
792,-419.70470068329536,0.9417411439441181,0.10638009832687431,4.0,15.0,0.0,421.4592260500177,0.04792466475145236,0.9520753352485476,0.24807348892779518,0.7519265110722049,-1.8439350709787345,-2.1918151359235707,-0.8867427185173178,1.0671173624188903,-2857.546097905618
793,-424.00431774695676,0.7880484897243092,0.11670692469842758,4.0,15.0,0.0,426.02660354486073,0.9863129824432271,0.013687017556772929,0.9754959657063266,0.024504034293673427,-2.2109715779199495,-0.16008221266130604,0.7499247155552891,0.9112653575963309,-2867.9421514012424
794,-417.98565307351885,0.9848331815242352,0.1282460608506968,4.0,15.0,0.0,420.36677735152483,0.8303167619565811,0.1696832380434189,0.6371579491385264,0.3628420508614736,-2.421350257257432,-1.75887286977453,0.959278117736255,1.4334501694411024,-2853.3858667848835
795,-420.6345474611793,0.9777360842788303,0.12587532214707559,4.0,31.0,0.0,423.2744542490056,0.4435008389834136,0.5564991610165864,0.34194844820391956,0.6580515517960804,-1.613893301404124,-2.6687595242597424,0.8336563098939801,1.2568709410371575,-2875.30913535387
796,-420.62038393260156,0.8618591270092215,0.10638009832687431,4.0,15.0,0.0,423.4282684101389,0.011800866074435241,0.9881991339255648,0.21073780822564303,0.789262191774357,-1.4227918301335585,-2.4121807482648054,-1.1477042680840974,0.9608870494297657,-2853.6952366017154
797,-421.0747576602449,0.9771546849377531,0.11670692469842758,3.0,7.0,0.0,425.9603796786115,0.9601509105574635,0.03984908944253651,0.9524688989981108,0.047531101001889176,-2.3225743628762037,-0.7264681889310307,1.0700356326258713,0.8068206933148756,-2858.094887721588
798,-418.41495082482714,0.828809788561211,0.1282460608506968,4.0,31.0,0.0,421.2546218060268,0.582105145480217,0.41789485451978303,0.5577272163625191,0.4422727836374809,-1.9970787432356225,-1.9457936959925755,0.9706911653350105,0.809768496656135,-2862.7814148432476
799,-417.6466271172185,1.0,0.12587532214707559,4.0,15.0,0.0,421.3662499354871,0.46366474843540356,0.5363352515645965,0.2747347194319873,0.7252652805680126,-1.980243476134229,-2.1504396042298026,0.4815260696347477,1.2975166125709754,-2855.2116694846354
800,-421.6916844234941,0.9404705454239649,0.10638009832687431,4.0,15.0,0.0,423.06020995572834,0.006769131008042014,0.993230868991958,0.19528870454245287,0.8047112954575472,-2.3802459959150464,-2.2006649584284896,-1.3087869450206162,0.9795430771437422,-2854.224702170632
801,-417.76209415468736,0.9475179159712783,0.11670692469842758,4.0,15.0,0.0,423.4604181486782,0.4874065958692232,0.5125934041307768,0.7263300386489185,0.27366996135108146,-2.2915673249355297,-2.1287089879460686,0.7049396628558233,1.158131196121367,-2855.023408758596
802,-416.8766628177052,0.9128404205077641,0.1282460608506968,2.0,3.0,0.0,420.00540533677565,0.6949219646133341,0.3050780353866659,0.6207001280146706,0.37929987198532944,-2.1149146205609273,-2.273453131811172,0.9720571640895203,0.8281606504769237,-2849.242920153527
803,-417.49115268533035,0.9347158253285005,0.12587532214707559,3.0,7.0,0.0,418.4834498633838,0.3993152390332311,0.6006847609667689,0.26279072113149043,0.7372092788685096,-2.025727201699673,-2.0637584216463063,0.7204691749607588,1.2001851071033773,-2853.814126037599
804,-422.7063193032275,0.8675434064004028,0.10638009832687431,5.0,31.0,0.0,430.31202637018913,0.007887712502562363,0.9921122874974376,0.7226994973561304,0.27730050264386963,-1.9372415699562804,-2.3857362774677857,1.1254916985573205,0.7829121750860345,-2865.5648126823376
805,-418.96883916886867,0.9784588365155377,0.11670692469842758,2.0,7.0,0.0,419.9885245514308,0.5492642058408708,0.45073579415912923,0.4240005966772722,0.5759994033227278,-2.2915585326532684,-1.7622550958077818,0.6840979894113064,1.024827219008037,-2866.2261935036804
806,-416.6649685502327,0.9497378914345501,0.1282460608506968,3.0,15.0,0.0,417.5518653301544,0.5345797398885889,0.46542026011141113,0.5637087718576757,0.43629122814232435,-2.018240001203364,-2.3717551516673643,0.9228470943556503,0.935612870401166,-2849.0554844499725
807,-418.2027072548187,0.9950878498283682,0.12587532214707559,5.0,31.0,0.0,419.49299006305574,0.8946906417938157,0.10530935820618426,0.36473685825484237,0.6352631417451576,-1.5259794048423287,-2.4794628465436,0.9398506754766697,0.9691175473790016,-2853.5310160834088
808,-418.5388804160965,0.9269490935299747,0.10638009832687431,3.0,15.0,0.0,424.4477855923077,0.05621227476619885,0.9437877252338012,0.5953743829932733,0.4046256170067267,-1.925409284193432,-2.241521933474045,1.077059357363587,0.9238324897458542,-2851.7694040276733
809,-419.7667757680298,0.9982694766335833,0.11670692469842758,4.0,19.0,0.0,422.2811326685462,0.016003201566200866,0.9839967984337992,0.4537492546261137,0.5462507453738863,-1.834470129292622,-2.4680940099431252,1.0076819004127024,1.010052037979963,-2851.412508594436
810,-416.7716619991706,0.9996141849219695,0.1282460608506968,4.0,23.0,0.0,417.1845567449062,0.5873115852164832,0.4126884147835168,0.5499969891291151,0.4500030108708849,-1.8219178264947515,-2.4197428332707474,1.0164803858991402,0.8633205900277435,-2850.0632865091716
811,-419.64655101428383,0.761891219676837,0.12587532214707559,4.0,31.0,0.0,422.6886824034295,0.8150370947729764,0.18496290522702363,0.1623623284124124,0.8376376715875876,-2.8999491607171275,-1.9203873755419725,1.0868647291670803,0.9215976292575145,-2859.76446324414
812,-419.1075802561312,0.9581473516430076,0.10638009832687431,4.0,31.0,0.0,422.3601207396533,0.12319096141238703,0.8768090385876129,0.8076757770489128,0.1923242229510872,-2.1384462835561497,-2.662113288913591,0.15174468609976538,1.0613179323917004,-2855.7957229149424
813,-419.18366127763244,0.9812800360328484,0.11670692469842758,4.0,15.0,0.0,421.1757731466541,0.35263776939167446,0.6473622306083255,0.3232060896787006,0.6767939103212994,-2.1319990702405986,-2.1056211031296574,1.4623699833053,0.9568782959977821,-2864.525188638551
814,-419.7128023641876,0.866896446496169,0.1282460608506968,4.0,15.0,0.0,420.4467919219093,0.5150047936509011,0.4849952063490989,0.1142466680332589,0.8857533319667411,-1.377492199813987,-2.0396258126158386,1.3512535315168006,0.6619813477089629,-2866.681739056075
815,-418.648016673667,0.9971134853420968,0.12587532214707559,3.0,15.0,0.0,422.0339861978574,0.8367539509389268,0.1632460490610732,0.17697632496833046,0.8230236750316695,-2.294841561863742,-2.1616964437532613,0.7714514044972861,1.3131981724284105,-2854.2736230906353
816,-419.6504222155708,0.8685989028415398,0.10638009832687431,4.0,15.0,0.0,420.8411970888781,0.07741187270194883,0.9225881272980512,0.46331839141291387,0.5366816085870861,-1.89627034085681,-2.040276948283217,-0.010658804636207586,1.0067024039873833,-2863.4236269316275
817,-417.0601319805376,0.96028288968611,0.11670692469842758,5.0,31.0,0.0,421.1546858665821,0.6381406635109996,0.36185933648900037,0.3133354168966094,0.6866645831033906,-2.4320132876872678,-1.9148711417002053,1.007956439530402,0.8264020952221788,-2850.471422787581
818,-420.38193954164336,0.9679218356535643,0.1282460608506968,3.0,15.0,0.0,422.71187740531525,0.09897055794811402,0.901029442051886,0.054719279092550116,0.9452807209074499,-0.9954780830088379,-2.2953191929519257,1.5275446066547336,1.0355516626593735,-2858.393376376969
819,-421.51882519775035,0.7272869523483277,0.12587532214707559,3.0,11.0,0.0,425.9839298997926,0.16395549815771843,0.8360445018422815,0.6043168120149024,0.3956831879850976,-1.9516517569734415,-1.9152099832800593,0.527565056901471,1.2202056708242204,-2880.1558783489704
820,-421.41041742370675,0.8017455568238631,0.10638009832687431,2.0,7.0,0.0,423.33765581697656,0.11848400547734093,0.881515994522659,0.37976129261438435,0.6202387073856157,-2.3770682879004084,-2.326255793155915,-0.07686819903583791,1.0618115686422551,-2874.876884531517
821,-416.856648598107,0.9911292592610986,0.11670692469842758,4.0,23.0,0.0,418.9547157466404,0.3879573624114487,0.6120426375885513,0.3727164310408455,0.6272835689591545,-2.240840879928902,-2.1408487086955015,0.9050714122186422,0.9211070447385877,-2849.839460129446
822,-421.27274324972365,0.9735369490754404,0.1282460608506968,4.0,23.0,0.0,422.9140639961601,0.056810445615778166,0.9431895543842218,0.062268096657300494,0.9377319033426995,-0.2677744766490379,-2.343932034718425,2.0686687071760423,0.8411019967085218,-2861.0993444755586
823,-418.1336927943676,0.9313103960211888,0.12587532214707559,2.0,7.0,0.0,426.9931008757408,0.13844779976005595,0.861552200239944,0.7298502529643309,0.2701497470356691,-2.3005528708032497,-1.9055699281470229,0.6033430040059439,1.112894507968014,-2853.3721694273404
824,-419.4992145649177,0.8502604656884757,0.10638009832687431,3.0,7.0,0.0,423.46470869524427,0.09326412146188093,0.9067358785381191,0.35170662372705175,0.6482933762729483,-1.981977356583383,-2.009403474317602,-0.030599097537615905,0.9628863495150969,-2862.842278041036
825,-417.37874615590505,0.8981805507814493,0.11670692469842758,3.0,15.0,0.0,421.089798115607,0.40700926734590415,0.5929907326540959,0.5347374030435041,0.46526259695649586,-2.245430698534338,-2.225479603582814,0.9585677529998359,0.9979367975071389,-2853.4378423917437
826,-419.8908569069309,0.9845572404488958,0.1282460608506968,5.0,63.0,0.0,422.0804394645211,0.16412127880137822,0.8358787211986218,0.04341176454952317,0.9565882354504769,0.014810677773599122,-2.2993693872742944,1.5968466683596771,0.8754033598840806,-2857.3762705124436
827,-418.016142307274,0.9636036137447542,0.12587532214707559,4.0,15.0,0.0,420.03592703755515,0.05774199321668319,0.9422580067833168,0.5508467989189949,0.4491532010810051,-2.3476836488060924,-1.812856970114177,0.273890461836008,0.9721160051162036,-2849.317418227747
828,-420.7102087315889,0.9306023579976137,0.10638009832687431,4.0,23.0,0.0,425.78970462611187,0.41063547274112633,0.5893645272588737,0.9136284559639465,0.08637154403605352,-1.9981966801546092,-1.4255298578249374,1.0414254123012743,1.0933232621801796,-2871.649988465965
829,-417.906124743656,0.918600719530362,0.11670692469842758,3.0,7.0,0.0,419.57616803721163,0.4203549209547851,0.5796450790452149,0.7190928946742996,0.2809071053257004,-2.2112569988484703,-2.3598173107779497,0.7675808752942168,1.0333709682053576,-2855.529291186423
830,-418.97186938118546,0.9941190134524517,0.1282460608506968,5.0,63.0,0.0,420.9847614142094,0.8140558297951335,0.18594417020486653,0.8671512708376798,0.13284872916232016,-2.1004581035407677,-1.3599647366764303,0.8132225026914363,1.5928420223453983,-2858.016465962259
831,-417.36350566613186,0.9938051728143257,0.12587532214707559,4.0,31.0,0.0,419.13180262713155,0.7549786893037855,0.24502131069621447,0.57662590426324,0.42337409573676,-2.1881328823263333,-2.121293970675221,1.0433546998818837,1.0205964928486282,-2851.788824418222
832,-419.70712610507485,0.9606787138215419,0.10638009832687431,4.0,23.0,0.0,423.2334739192414,0.2697183531627033,0.7302816468372967,0.11651437972979087,0.8834856202702092,-2.4253084616907583,-1.9371268095064973,0.3812252860915791,1.1959536961620267,-2862.6257742388366
833,-418.38489688758597,0.9862011773236089,0.11670692469842758,4.0,31.0,0.0,419.9356698165236,0.40885422894001644,0.5911457710599836,0.8786455470081189,0.12135445299188108,-2.3856537868172696,-0.9052610914286923,0.6272868763533817,1.0661112852025956,-2857.8853478329384
834,-419.43927880667695,0.9700963665785662,0.1282460608506968,3.0,15.0,0.0,420.4336044158473,0.8040442094531646,0.19595579054683543,0.8701387424673294,0.12986125753267064,-2.076161084108938,-1.4374279171710604,0.7409538310059709,1.54482497559527,-2861.5162292272666
835,-418.8957502172536,0.9914802538782063,0.12587532214707559,4.0,15.0,0.0,419.9843182136373,0.35723702148810715,0.6427629785118929,0.08394663123532538,0.9160533687646746,-2.47376785720698,-2.059427352209519,0.6768710869749749,0.9331714986282975,-2855.6518300822363
836,-416.94901562732946,0.9968980461212641,0.10638009832687431,4.0,27.0,0.0,421.0351419789476,0.2738747556383465,0.7261252443616535,0.7151733757402151,0.2848266242597849,-2.346528596540071,-1.767479218213247,0.6957211319502872,1.0703683798424768,-2849.1748605326397
837,-418.7520545753096,0.9695451194500345,0.11670692469842758,4.0,27.0,0.0,420.29101834017007,0.548293182981998,0.45170681701800197,0.9526268596605398,0.04737314033946016,-2.29186704806653,-1.4600175003212716,0.9824131600421211,0.9188666137801795,-2853.6554334045145
838,-418.44710471966823,0.9769681868444963,0.1282460608506968,5.0,31.0,0.0,420.80509175650025,0.5920318539896667,0.40796814601033327,0.761327738105295,0.23867226189470503,-2.28607699671659,-1.078999537590058,0.8639173720362939,1.036169394819165,-2861.846330950556
839,-422.61098271638434,0.8927075692968324,0.12587532214707559,4.0,15.0,0.0,424.03856253422873,0.8880248097768387,0.11197519022316127,0.19667091817496307,0.8033290818250369,-2.849253383254912,-1.994142966316383,0.6318216561087477,1.4949190981388223,-2877.88434939937
840,-419.7140762475929,0.8700283171022855,0.10638009832687431,5.0,47.0,0.0,422.9285566614991,0.541488654235455,0.458511345764545,0.9804711493029958,0.019528850697004163,-2.1546783220606165,0.3595093366689173,1.3274396933738355,0.4476074423706231,-2856.5191167835537
841,-420.21248105520624,0.9727513822305366,0.11670692469842758,4.0,27.0,0.0,422.2228980674142,0.8808815761531155,0.11911842384688454,0.9424661440998869,0.05753385590011306,-2.3236844981392752,-0.01060764059450274,0.9179781994456153,1.4126516572607548,-2859.9048969677974
842,-418.59211871947724,0.8914900883871949,0.1282460608506968,4.0,15.0,0.0,424.49888313242184,0.5755166610920265,0.4244833389079735,0.8772694902083287,0.12273050979167133,-2.3180841063475315,-1.6562269330837585,0.590527626210671,1.2808409912036471,-2857.674869609296
843,-423.26032127816467,0.9633140369202388,0.12587532214707559,3.0,7.0,0.0,428.2886074354061,0.8434331391199278,0.1565668608800722,0.03467501033094343,0.9653249896690566,-3.3286937463501345,-2.120599331067823,0.6480032568624305,1.3078576453980038,-2871.0378953681825
844,-420.62448391866593,0.8212750075429901,0.10638009832687431,4.0,23.0,0.0,422.18153094064513,0.7748488135424846,0.22515118645751542,0.968661154544995,0.03133884545500498,-2.07005039530805,-0.6843590269745651,0.7221501961643716,1.8278764912088405,-2861.92905193155
845,-422.22275073962885,0.9952073516808378,0.11670692469842758,5.0,31.0,0.0,424.8388836677572,0.0066982394281033435,0.9933017605718967,0.9517196369025979,0.048280363097402135,-2.086381361033153,-0.5559954171530523,0.2823103095318918,1.0269403219397373,-2855.7029978409146
846,-421.2670440834909,0.89512480158656,0.1282460608506968,4.0,27.0,0.0,423.9670654656763,0.3223454025414649,0.6776545974585351,0.996105846875088,0.0038941531249120365,-2.250204218706384,-1.2176391466383718,0.9825993862059669,0.9310397757062676,-2853.913631478858
847,-421.53004541128627,0.9987064538866215,0.12587532214707559,4.0,15.0,0.0,424.3140924367967,0.6395649204661905,0.3604350795338095,0.0148456286019926,0.9851543713980074,-3.071238605038361,-2.11089522345612,0.9654417281681095,1.323725877574649,-2858.1945397837394
848,-419.9177653043093,0.9997119964305328,0.10638009832687431,4.0,15.0,0.0,421.5180842103755,0.8872925363071164,0.11270746369288365,0.9780377843944559,0.021962215605544122,-2.223210288906348,-0.6050665130253454,0.8488777045694765,1.8380152589981855,-2850.130354177521
849,-422.16991744933614,0.9847871485191164,0.11670692469842758,5.0,31.0,0.0,424.23981573377455,0.02454207104053365,0.9754579289594664,0.9513053970341064,0.04869460296589356,-2.109688532375641,-0.06381997132642918,0.7267345437999545,0.8250752166626097,-2864.353409652755
850,-419.41652214244414,0.9853728397381087,0.1282460608506968,3.0,11.0,0.0,422.80995752880364,0.5734742798348769,0.42652572016512313,0.9790588219060272,0.02094117809397278,-2.2210803969787856,-0.8005167564669474,0.5811638293667859,1.262502477690386,-2854.1669446770097
851,-418.0809267395422,0.9026471897475884,0.12587532214707559,4.0,23.0,0.0,425.20013501015654,0.552493963886426,0.447506036113574,0.7418606617849861,0.2581393382150139,-2.101454514837369,-2.61204960801604,1.1375952327117111,0.8853862787238733,-2855.4317271771006
852,-421.33528447191225,0.9858768289213041,0.10638009832687431,4.0,15.0,0.0,421.6035727239487,0.9289619796138983,0.07103802038610174,0.9905938291755483,0.00940617082445172,-2.2186349507320977,-0.7750452372965508,0.9331953560421617,1.825557236420941,-2851.0060489818547
853,-423.8533067107834,0.974768336817916,0.11670692469842758,5.0,47.0,0.0,426.03968568101226,0.9980629236460922,0.0019370763539078295,0.9650928850000415,0.034907114999958466,-2.273694463185717,-0.2670039697610665,0.892120146630337,2.12693694456585,-2852.1714483549217
854,-419.62781226758295,0.9154928173569494,0.1282460608506968,3.0,15.0,0.0,422.59359685680244,0.6648553117341303,0.33514468826586974,0.958287465836582,0.041712534163418025,-2.023871597437507,-1.055009890653509,0.7600398838715667,1.2490228415654994,-2859.7313830962225
855,-419.4856652178124,0.9949238862603704,0.12587532214707559,4.0,31.0,0.0,421.09880972661534,0.8775108406019404,0.1224891593980596,0.6449000770979815,0.3550999229020185,-2.131576498232172,-1.8831935880092805,1.049510061059503,1.444557174976543,-2862.376701709671
856,-419.1224036671036,0.9624872458769331,0.10638009832687431,4.0,31.0,0.0,425.9678676349805,0.7445786581017265,0.2554213418982735,0.8782815454941749,0.12171845450582508,-2.0077437888669034,-1.8260263117020996,0.8710958409128953,1.2573162027580183,-2859.9050522626844
857,-423.72779487974157,0.9491261162188427,0.11670692469842758,4.0,31.0,0.0,425.92672619776044,0.9957522509055812,0.004247749094418829,0.9598027325532166,0.040197267446783425,-2.2829602091049446,-0.3436811190486932,0.8217529865854227,1.6911237332993605,-2859.11326522769
858,-420.3412940016219,0.8975405566739704,0.1282460608506968,4.0,31.0,0.0,427.50846678610463,0.9834848707548589,0.01651512924514109,0.635578833934781,0.364421166065219,-1.9519644645998804,-2.4492504439137126,0.8930835663365378,2.5329574413199047,-2850.3518293532643
859,-418.33959609313064,0.9977560564654835,0.12587532214707559,5.0,31.0,0.0,422.1113864401382,0.2055101742869933,0.7944898257130066,0.2874682627044586,0.7125317372955414,-1.6376471505791255,-2.470716081055058,1.5695377494449732,0.7991602379816029,-2856.050473926225
860,-419.51304748744604,1.0,0.10638009832687431,4.0,15.0,0.0,420.77639097308383,0.7590271158065893,0.24097288419341067,0.8614229786914682,0.13857702130853178,-2.053972817089291,-1.9441933379504408,0.6701835284341718,1.6867542645105675,-2861.725086772744
861,-421.532547334144,0.9901483654560034,0.11670692469842758,4.0,31.0,0.0,424.4617812064918,0.7046289634186134,0.29537103658138664,0.9441646965925748,0.05583530340742515,-2.208191210598039,-0.5398223145360515,0.7095049024052353,1.9666553733062577,-2872.4367219158926
862,-421.8795011176049,0.8706825049475723,0.1282460608506968,4.0,15.0,0.0,423.61314555644066,0.9470942508523774,0.05290574914762258,0.1506415224618963,0.8493584775381037,-2.7693937485418676,-2.1408169944945166,0.9147434257557372,2.707639112929757,-2861.725424917939
863,-418.1814515275795,0.9978067830858546,0.12587532214707559,4.0,15.0,0.0,419.445464737539,0.08762832308934855,0.9123716769106515,0.24828187065582083,0.7517181293441791,-2.0169647218008513,-2.190643222800547,1.095323037221813,0.8707567219982724,-2850.3013414360603
864,-420.3891718011654,0.767119812039309,0.10638009832687431,4.0,15.0,0.0,423.03119802211654,0.40986843388677763,0.5901315661132224,0.5068883621872045,0.49311163781279554,-2.4164052718360676,-1.4832615375464373,1.1145893206455555,0.6372036542021225,-2876.198862766619
865,-419.83783975778243,0.9259930655508704,0.11670692469842758,4.0,31.0,0.0,424.5047939622927,0.9446829037854556,0.05531709621454439,0.8733064135890525,0.12669358641094752,-2.379162535767959,-1.4022380014686335,0.9859138755009745,1.400485076516737,-2855.42287330095
866,-420.82970454142486,0.9827690140581956,0.1282460608506968,4.0,23.0,0.0,423.45696345009736,0.9442085115115094,0.05579148848849058,0.18005491153245182,0.8199450884675482,-2.8966664817893566,-1.8948169983477912,0.8815848146745675,2.152236834137232,-2858.424717579241
867,-418.78547420401577,0.7911718190369909,0.12587532214707559,3.0,15.0,0.0,423.63948760355913,0.7803683151094526,0.2196316848905474,0.498092341438852,0.5019076585611479,-1.7432914236386505,-2.4371242979981256,0.7008805370183202,1.1946573588526364,-2861.6981451714864
868,-420.34938815939915,1.0,0.10638009832687431,3.0,15.0,0.0,423.4874527183746,0.1374754752583546,0.8625245247416454,0.9289192085276252,0.07108079147237478,-2.033897879278389,-1.8765584354714,0.8980502285565047,1.1036282264344988,-2861.8082520062867
869,-419.2958064776375,0.979513501119948,0.11670692469842758,5.0,31.0,0.0,422.96905386092845,0.37824089805989314,0.6217591019401069,0.9853988396545561,0.014601160345443898,-2.2102263911661204,0.820143173578202,1.0932441943983375,0.8309554270104799,-2850.6689012497404
870,-419.1738472225634,0.9581468017718351,0.1282460608506968,5.0,47.0,0.0,422.2592163613201,0.24117275814571076,0.7588272418542892,0.7917390066142748,0.20826099338572523,-1.9128321167750755,-2.8460064756426537,1.5987576156691494,0.8371578534164484,-2858.4028524111272
871,-417.6203217650931,0.9327027952191441,0.12587532214707559,3.0,7.0,0.0,421.4641732238436,0.8325493325096245,0.16745066749037552,0.2945057737537819,0.705494226246218,-1.6878383260180982,-2.3010110313376266,0.9225216775336842,1.4972203396950494,-2850.6520967878187
872,-419.72317155907825,0.9229605917702368,0.10638009832687431,4.0,31.0,0.0,423.78107157600846,0.06666608539575458,0.9333339146042454,0.9047555528750524,0.09524444712494762,-2.369279074198855,-0.6647250893804146,0.9373896257025248,0.9341346758919428,-2856.487296300225
873,-420.59097014151746,0.9783258003456335,0.11670692469842758,4.0,31.0,0.0,422.4816894948198,0.9490933174260971,0.05090668257390285,0.9909748674045579,0.009025132595442131,-2.1557953420841693,0.0992850497033874,0.9591369697874488,0.7898235155440937,-2846.4719359517785
874,-418.3689011489131,0.958848415335044,0.1282460608506968,4.0,15.0,0.0,422.05082108336745,0.12013965682441402,0.879860343175586,0.7752409511129169,0.2247590488870831,-2.0378441733244306,-2.674585637703215,1.3413026513133528,0.8961149236470488,-2850.388227010768
875,-422.1890278519337,0.9403186781363082,0.12587532214707559,3.0,15.0,0.0,427.181692498527,0.20537297137110827,0.7946270286288917,0.04522975825550494,0.9547702417444951,-2.6409760875131907,-2.214248140982006,0.6928710513760087,0.7841246431401778,-2870.9484865739255
876,-418.821091646806,0.9070956858062784,0.10638009832687431,5.0,63.0,0.0,421.53256594487857,0.8352288548326597,0.16477114516734026,0.9668081978573555,0.0331918021426445,-2.2245932459431534,-0.5181229647802273,0.8119488515145096,1.3393057391229255,-2849.0335748872153
877,-420.589597512028,0.9177993746512165,0.11670692469842758,3.0,7.0,0.0,421.7103228105203,0.9199746227192965,0.08002537728070347,0.9909236777178019,0.009076322282198124,-2.1868769176031937,0.07880041693067956,0.8959251308696703,0.7421500335443626,-2849.4615507112335
878,-418.14470875453424,0.960543373164756,0.1282460608506968,5.0,31.0,0.0,419.1697268911415,0.15049387507381762,0.8495061249261824,0.6896705204798964,0.3103294795201036,-1.882970289123866,-2.5636183364801823,1.4338954094583525,0.9271675484216787,-2852.329153062987
879,-420.66957896887294,0.9316455622232924,0.12587532214707559,3.0,7.0,0.0,424.3941786784993,0.2109302880614461,0.7890697119385539,0.23193346862024344,0.7680665313797566,-2.8186402396232393,-1.9061833936018229,0.6216363659343207,1.2706322055464603,-2869.853638752729
880,-423.0121997864016,0.5489670977546705,0.10638009832687431,4.0,15.0,0.0,428.9939444896891,0.7811059790693999,0.21889402093060006,0.9995435049230141,0.00045649507698586334,-2.143034165990872,-0.1463779916828061,0.9306753656365415,0.6600458499083033,-2851.618907170175
881,-419.1856500564782,0.9854796916907662,0.11670692469842758,5.0,63.0,0.0,422.87825781659046,0.8897471047866247,0.11025289521337533,0.0450843978659218,0.9549156021340782,-0.38827224746499645,-2.1202000947196127,0.9986204404488451,1.0483215677399091,-2852.044462745834
882,-417.29962648591123,0.9750575597390082,0.1282460608506968,4.0,31.0,0.0,420.12661649776976,0.4932660938299033,0.5067339061700967,0.8414161333878107,0.15858386661218926,-2.085181299940099,-2.275825378494674,0.7211673977917407,1.1209961841968936,-2849.352347188292
883,-419.9115432094635,0.9186803394078344,0.12587532214707559,4.0,31.0,0.0,424.4179474838402,0.5453502292195669,0.4546497707804331,0.3869326966100062,0.6130673033899938,-1.716661587284507,-2.7026079281278865,0.867056711637341,0.952827873431068,-2870.7896477096892
884,-422.1622490326834,0.9601765689006029,0.10638009832687431,4.0,31.0,0.0,425.81730254417596,0.6928276977499067,0.3071723022500933,0.7230527375751792,0.2769472624248208,-2.457725909290703,-0.9196561534211602,0.6097589961460748,1.2945046174748736,-2886.681928202067
885,-421.65974468664984,0.98680390553579,0.11670692469842758,4.0,23.0,0.0,424.2672555671991,0.9906174509135637,0.00938254908643632,0.020805865069427516,0.9791941349305725,-0.3981416954391952,-2.1545920379986647,0.9040582143098376,1.0535670437913185,-2847.7003873549693
886,-418.16144454672656,0.9864387034224763,0.1282460608506968,5.0,31.0,0.0,419.1809992078064,0.7739074523714694,0.2260925476285306,0.29803601168571936,0.7019639883142806,-2.749094978947319,-1.9639551565489428,0.8495359470445554,1.336427807197546,-2853.6877711656953
887,-418.5643142704123,0.9014265972219503,0.12587532214707559,3.0,7.0,0.0,421.6399049179396,0.49800240468637164,0.5019975953136284,0.7310442581548007,0.2689557418451993,-2.249715809950128,-2.2750296302413506,1.0429100086585819,1.0575911548163819,-2859.7838941651185
888,-418.50388924093363,0.9979497864591694,0.10638009832687431,3.0,7.0,0.0,424.5492378517123,0.3458542510523654,0.6541457489476346,0.8154370171025496,0.18456298289745043,-2.325636219781417,-1.2077797781063342,0.6300257587208076,1.3122770900792085,-2859.815111912788
889,-418.7422159810671,0.5570150698825233,0.11670692469842758,3.0,15.0,0.0,427.4811663370645,0.7083706515350122,0.2916293484649878,0.10154254617533313,0.8984574538246669,-0.6377790143803677,-2.1473208360257745,0.9539261548776241,1.1300840110743435,-2858.9140691674097
890,-420.11775062585843,0.99794833395355,0.1282460608506968,4.0,15.0,0.0,420.7150121332244,0.12284141294416381,0.8771585870558362,0.03184950790344603,0.968150492096554,-2.9590359506913995,-2.14305950639204,0.5694689682918029,0.962373579730629,-2850.0420076218657
891,-419.08173879453693,0.9862968854918305,0.12587532214707559,4.0,23.0,0.0,421.0918433735647,0.12302051278224446,0.8769794872177555,0.9521591252619969,0.047840874738003136,-2.0837483543865867,-1.6604536977025695,0.5773539275194093,0.9903020152527195,-2850.930913158267
892,-417.54952342722385,0.9414573054879902,0.10638009832687431,3.0,11.0,0.0,420.27764464540525,0.3455522660518926,0.6544477339481074,0.7944237657694385,0.20557623423056148,-2.1240625659582815,-1.780916479323488,0.9671344093783413,0.8493243627074416,-2853.4788376707825
893,-418.3972900501964,0.9987365618578957,0.11670692469842758,5.0,31.0,0.0,419.33995353568963,0.30708012654685557,0.6929198734531444,0.03748405273620695,0.9625159472637931,-0.01186552347115733,-2.1404060012516544,1.0767592740814593,0.8782583443289462,-2850.9254462252143
894,-421.0633862819949,0.39390905286796196,0.1282460608506968,4.0,15.0,0.0,424.3799625755041,0.0935640820487475,0.9064359179512524,0.017775964715321682,0.9822240352846783,-3.1497962040254364,-2.154859923436499,0.3603961429418676,0.9821332541887748,-2850.076347077063
895,-419.00129753866906,0.7624168112820208,0.12587532214707559,4.0,15.0,0.0,421.6608788598948,0.8037957207198487,0.19620427928015127,0.6014193993108473,0.3985806006891527,-2.635026452929522,-1.568609230529753,0.867241599784301,1.3876543655306166,-2861.301249284319
896,-418.4279172251258,0.9206039800035484,0.10638009832687431,4.0,31.0,0.0,419.96088670068957,0.15549729418083919,0.8445027058191608,0.9138738830080012,0.08612611699199879,-2.140078145082491,-1.3736898173274363,1.122352180640041,1.0036057648427859,-2851.273014387066
897,-417.70021256193644,0.9427783545911207,0.11670692469842758,4.0,31.0,0.0,419.7759054080612,0.23906951385676045,0.7609304861432395,0.13103416452943445,0.8689658354705656,-1.1877548602524326,-2.3511870926233716,1.1003063620354796,0.8778443105977124,-2850.887480912909
898,-419.739240687213,0.8708095208876788,0.1282460608506968,4.0,15.0,0.0,422.95457949136653,0.575195526402839,0.424804473597161,0.06677908957816586,0.9332209104218341,-2.785427241999165,-2.0392112634596904,0.9597139686300866,1.2513361755509391,-2858.1121062720704
899,-418.95732473612287,1.0,0.12587532214707559,4.0,31.0,0.0,420.13857795361275,0.7822006762422828,0.21779932375771716,0.8549836188689875,0.14501638113101245,-1.9819580135175723,-2.46984749383725,0.7795362673131431,1.6499979042701824,-2855.8740166277867
900,-421.7828189698867,0.9022898928916205,0.10638009832687431,4.0,15.0,0.0,423.848267856629,0.29253877254516536,0.7074612274548346,0.648711042381833,0.35128895761816703,-1.7518416437212203,-2.8351761124494343,1.4532920917026257,0.5154659529670537,-2880.8313815141064
901,-419.57754171689555,0.9846205773018193,0.11670692469842758,4.0,23.0,0.0,422.8323131155604,0.12454314651075134,0.8754568534892486,0.16546830900972972,0.8345316909902702,-1.311874692887966,-2.3778203778461418,-0.18840791337676258,1.1653476107836134,-2861.7828282008286
902,-419.30320441961294,0.9658976636865774,0.1282460608506968,5.0,31.0,0.0,423.2522291513312,0.4311612598983771,0.5688387401016228,0.05008072475378917,0.9499192752462108,-2.75892735073247,-2.099887893738202,0.5266747010507188,1.3077330881795142,-2853.6018603324437
903,-421.26740058906546,0.7906755897221378,0.12587532214707559,3.0,7.0,0.0,421.7434369907942,0.8628801391924891,0.13711986080751093,0.8116476273848232,0.1883523726151768,-2.2413533287695735,-2.4642329372765768,0.6940099938946697,1.7016860153013165,-2869.797260402172
904,-417.6305838448371,0.9512756964895398,0.10638009832687431,4.0,15.0,0.0,424.83779449952874,0.6298193677305887,0.37018063226941134,0.4153939861808612,0.5846060138191388,-1.929539652262029,-2.166546758158332,1.130557191736453,0.942976154880143,-2855.915409068491
905,-420.3647153884276,0.985684910343612,0.11670692469842758,4.0,31.0,0.0,421.9078120542615,0.019383394266318407,0.9806166057336816,0.1508847396043208,0.8491152603956792,-1.631277422004542,-2.2149635966333654,-0.48138584843596555,0.8636415038671234,-2854.8295818836673
906,-419.7567908074941,0.3263339516650971,0.1282460608506968,4.0,15.0,0.0,426.3439601920068,0.7926267650601546,0.20737323493984539,0.9575073766660723,0.04249262333392767,-2.0500701016563374,-2.073633627962484,1.1796520321772912,0.3781991196385788,-2856.319758996883
907,-420.42492278626656,0.983356185770272,0.12587532214707559,4.0,23.0,0.0,426.7008003445478,0.9401937057462095,0.05980629425379047,0.78565874886668,0.21434125113332003,-2.1401306216789897,-2.407649237457829,0.8258102466252966,0.35815782569008525,-2862.3444068069316
908,-418.6801083610567,0.9902660504517478,0.10638009832687431,3.0,15.0,0.0,419.6677831677596,0.731981657906725,0.268018342093275,0.720112849743125,0.27988715025687505,-1.9747156878055316,-2.414056884509767,0.6667179667831832,1.2100196896261526,-2859.7776207990096
909,-418.6098519215954,0.9971112385007721,0.11670692469842758,5.0,31.0,0.0,421.4979629079527,0.08103332286208263,0.9189666771379174,0.6449149594936402,0.3550850405063598,-2.4598693415567734,-1.5644374442946072,-0.14186780861744086,1.0111770223392766,-2855.2915526402967
910,-419.2787029422885,0.9232889692966028,0.1282460608506968,5.0,31.0,0.0,422.21698969451177,0.38213374838508135,0.6178662516149187,0.8827957392673087,0.1172042607326913,-2.3469474435747983,-0.5885455207212191,1.1100366472197303,1.0301666702146572,-2863.5977931453995
911,-419.90901359881866,0.994992981447694,0.12587532214707559,5.0,47.0,0.0,424.2235641314921,0.9710410943555939,0.028958905644406063,0.19152584275559287,0.8084741572444072,-1.4169737196042171,-2.262921046727258,0.8750397592834473,-0.4327905469750566,-2856.0957427917215
912,-417.07982572634074,0.9604219541756862,0.10638009832687431,3.0,15.0,0.0,421.37222742602563,0.7429139150157814,0.2570860849842186,0.3584403822738965,0.6415596177261035,-2.2516659922903104,-2.033850805322563,0.8422360283366316,1.3604805325204292,-2849.335820892442
913,-417.23128407047545,0.9162508056180335,0.11670692469842758,5.0,63.0,0.0,420.68623561217953,0.47798041895273014,0.5220195810472699,0.08758157230393347,0.9124184276960665,-1.247461441181822,-2.2276059709440568,0.954550622230109,0.8670610790237101,-2848.022865991498
914,-419.2612479282343,0.9952070408553954,0.1282460608506968,4.0,15.0,0.0,420.1150945932349,0.36371193497834176,0.6362880650216582,0.9623139867149388,0.03768601328506116,-2.1954132624532554,-1.4324685093345688,1.1963319919931354,1.0068466647945364,-2855.0876853662376
915,-421.3007588888658,0.7759373640100314,0.12587532214707559,4.0,27.0,0.0,425.6653291698513,0.9773699048747042,0.02263009512529579,0.7734195399959425,0.22658046000405752,-2.2958356194488236,-2.001898036336432,0.9485652916036023,-1.6680314206752818,-2860.693048675867
916,-418.5133640108303,0.9485384844674865,0.10638009832687431,4.0,15.0,0.0,419.4917365979802,0.5509196403476468,0.44908035965235316,0.09613943089615978,0.9038605691038402,-2.885749750510887,-2.0419942352029343,0.8959302895024889,1.165303037909295,-2851.8071464971486
917,-417.6655401819107,0.9173210603791344,0.11670692469842758,3.0,15.0,0.0,419.63617339370325,0.39253044062261944,0.6074695593773806,0.07423266939789788,0.9257673306021021,-1.2143858568138945,-2.125849472831434,1.0215537311925675,0.8921080881983521,-2849.967740530823
918,-420.7229443120135,0.9969535833310886,0.1282460608506968,4.0,31.0,0.0,424.08135686147585,0.865953822931673,0.134046177068327,0.9930578264923492,0.006942173507650806,-2.088390025407083,1.0174713196096932,1.084922673135404,0.46066804242493054,-2851.135279193697
919,-422.0728626340599,0.9690953882085773,0.12587532214707559,4.0,15.0,0.0,424.28024541055873,0.9958299071526788,0.004170092847321172,0.832813154123695,0.16718684587630495,-2.0414199539561397,-2.0580849789759146,0.9945267760738165,-1.538912286318401,-2853.919904839989
920,-418.45669898115057,0.9734026291810758,0.10638009832687431,5.0,31.0,0.0,419.8785712848205,0.5404526598964626,0.45954734010353737,0.8805471162919888,0.11945288370801121,-2.075198277090278,-2.8473338530212926,0.9811107059834565,1.090406697921568,-2852.8416374224958
921,-420.90262734463306,0.7997438956976282,0.11670692469842758,4.0,15.0,0.0,423.3156926917519,0.5303208749170025,0.4696791250829975,0.04887375163574415,0.9511262483642559,-1.2383547939972472,-2.1479012972337155,1.0906694631517364,1.2452948557005024,-2869.0194851532333
922,-421.0870436098863,0.9578777458247887,0.1282460608506968,5.0,31.0,0.0,422.7845059035718,0.12063645404120654,0.8793635459587934,0.9923495758299159,0.0076504241700841025,-2.243308769819224,1.1563656701883764,0.3124944391495285,1.030362806364823,-2853.0529972666095
923,-421.16957750512637,0.9978229237927511,0.12587532214707559,4.0,31.0,0.0,423.5863985227087,0.9224744747188163,0.07752552528118373,0.5790883147461192,0.4209116852538808,-1.9992670660385832,-2.298665809629505,1.1068673632757882,-1.0827435793917062,-2871.2796217707955
924,-421.3004677096648,0.8248686696735243,0.10638009832687431,4.0,15.0,0.0,423.68122710007793,0.08249734002886477,0.9175026599711352,0.02002155658641179,0.9799784434135882,-2.4335229636706392,-2.1412139103811163,0.5823315368898125,1.1139273895489958,-2854.8188742854145
925,-421.2564715157227,0.9827008405213137,0.11670692469842758,3.0,15.0,0.0,422.51325144400585,0.5745503497399594,0.42544965026004056,0.03784956868460087,0.9621504313153991,-1.38490404560617,-2.1610518681306643,0.5683797816183306,0.9696872743319066,-2870.5421835945504
926,-420.49894699627333,0.7148594322943739,0.1282460608506968,5.0,31.0,0.0,425.32493258276884,0.23766413391672975,0.7623358660832702,0.9591281793037113,0.040871820696288697,-2.1815293740452395,0.34124565381207045,0.07129569280406245,1.1363799407711461,-2865.199715323408
927,-422.3482077324542,0.9584710564368458,0.12587532214707559,4.0,15.0,0.0,424.4215869618846,0.9950288740411914,0.004971125958808553,0.28223660090201025,0.7177633990979897,-2.6727988574323702,-1.873758722042248,1.079728839905813,-0.5764286331215949,-2859.281390681473
928,-419.1457846563159,0.9953102720483852,0.10638009832687431,4.0,15.0,0.0,423.99792628527,0.1384596751222953,0.8615403248777047,0.03633654866476989,0.9636634513352301,-0.2805680195525343,-2.161902540579664,0.10671107236309932,1.0110039299221811,-2852.5186765418753
929,-423.73663190136847,0.9236400452582211,0.11670692469842758,5.0,55.0,0.0,425.9244902642568,0.09506883729900362,0.9049311627009964,0.0016786724549543476,0.9983213275450457,1.537476160970711,-2.049073153259703,1.2537677282209856,0.7987234002228372,-2858.398713220426
930,-419.6073100111427,0.911305425137748,0.1282460608506968,4.0,15.0,0.0,421.6061200591038,0.060841782967680565,0.9391582170323194,0.9782817429331286,0.02171825706687136,-2.1568567060393122,-0.09665417077628696,0.34348808984265616,1.0050411718359196,-2847.1682326439386
931,-419.8583301290206,0.9613325752011146,0.12587532214707559,5.0,31.0,0.0,426.214844226253,0.24279205609225496,0.757207943907745,0.9045088257750301,0.09549117422496989,-2.161430963722719,-2.0444753213676483,0.07587752087676827,1.0505035533189504,-2863.060479520721
932,-420.39382807848403,0.9396378296952823,0.10638009832687431,2.0,7.0,0.0,422.4588940298941,0.22411907666923864,0.7758809233307613,0.027496679653156084,0.972503320346844,-0.21415454582064325,-2.166159390695529,-0.025672566170148715,1.212762395324498,-2861.51501678134
933,-422.4787471305092,0.8811054250797546,0.11670692469842758,5.0,47.0,0.0,426.8374337500224,0.15848922400851273,0.8415107759914873,0.0033735727777683463,0.9966264272222316,-0.029952731089153944,-2.184385347247671,1.9390066808784079,0.892014801343221,-2857.0681378714653
934,-418.3357178068725,0.856602441116053,0.1282460608506968,5.0,47.0,0.0,424.62661491773116,0.797689954259788,0.20231004574021205,0.8230831240716656,0.17691687592833438,-2.0382269932532506,-2.645643070517663,1.0768753491069816,0.8956126738889137,-2852.5265120427375
935,-421.4418613855224,0.9980755055514423,0.12587532214707559,5.0,31.0,0.0,422.9863030756158,0.7198903471703549,0.28010965282964506,0.969165098475126,0.030834901524874003,-2.204179213255938,1.2742632338025666,1.0394207552240349,1.1524165587847197,-2868.2303825015833
936,-419.8030930228355,0.9499799192755777,0.10638009832687431,3.0,15.0,0.0,422.0537005592423,0.07731478331882972,0.9226852166811703,0.02209018260794388,0.9779098173920561,-0.27770318062526755,-2.191528632600451,0.08947032362349405,0.944194769452316,-2850.1769073716
937,-421.81190949002865,0.7667492610371149,0.11670692469842758,4.0,31.0,0.0,425.59221351111466,0.14912566506905123,0.8508743349309488,0.006320708200289997,0.99367929179971,0.21993450326045325,-2.000767298317779,1.1964758412022092,0.855692673476311,-2859.121894321196
938,-419.6285484764667,0.9204728103434124,0.1282460608506968,4.0,15.0,0.0,420.2517840849831,0.6658982269194704,0.3341017730805296,0.9016963186284459,0.0983036813715541,-1.9367141811533564,-2.9165095246356914,0.9121992524911164,0.7930165884116285,-2859.725824252816
939,-421.1440263171628,0.9863691670481008,0.12587532214707559,4.0,15.0,0.0,422.889632712809,0.18709036648348454,0.8129096335165155,0.996657185435445,0.0033428145645549856,-2.0937058056261826,1.352342238160059,0.39961524898162243,1.0475212105179341,-2850.2970387851146
940,-418.3686475896069,0.975829564104649,0.10638009832687431,5.0,39.0,0.0,421.88078449797433,0.9072953089618919,0.09270469103810808,0.8066228634660231,0.19337713653397692,-2.3561914404972657,-1.4665721515469963,1.0504444492877338,-0.057745203516928266,-2852.446031367861
941,-422.64160358527795,1.0,0.11670692469842758,5.0,31.0,0.0,424.64081533605673,0.04252954227668283,0.9574704577233172,0.006360376695565513,0.9936396233044344,0.18425834381785883,-2.1639613671233158,2.495863324989319,0.9676171046135121,-2852.1517215720146
942,-419.9948224325981,0.967044414051508,0.1282460608506968,4.0,15.0,0.0,422.2969025151286,0.9172361470494903,0.0827638529505097,0.8681389895082462,0.1318610104917538,-2.0140037685247494,-2.1926159439142947,0.8174240961772848,1.1729865262110084,-2859.0216540908405
943,-421.5208362410872,0.8670404935393646,0.12587532214707559,3.0,7.0,0.0,422.39783239753706,0.11637784923297258,0.8836221507670274,0.9955710749780617,0.004428925021938257,-2.0646491491863688,1.4104589010725974,0.4978949486578984,0.9669189332895518,-2852.1623155395996
944,-420.0974241503365,0.9482516251970109,0.10638009832687431,4.0,31.0,0.0,421.2087980846348,0.9181221059233005,0.08187789407669954,0.9583565261191455,0.04164347388085454,-2.253727872750878,-0.5289888233313285,1.1411757793208965,0.3589423849490776,-2855.9392130903125
945,-423.14041213464674,0.6769296672991334,0.11670692469842758,3.0,7.0,0.0,424.42892736230834,0.048414905629412565,0.9515850943705875,0.009102669519592144,0.9908973304804078,0.18510414037257814,-2.2626930632711963,2.629976334633453,0.8750344597464262,-2858.0833562869434
946,-417.6919387891112,0.9429180500314579,0.1282460608506968,4.0,15.0,0.0,422.18272088396446,0.490968452069144,0.509031547930856,0.772096590405991,0.227903409594009,-1.9526155130652183,-2.7344781375054086,0.6901825336543771,1.221598934691913,-2852.284667875673
947,-422.91797449338065,0.674246426285125,0.12587532214707559,4.0,15.0,0.0,425.94729602927725,0.5473218776862508,0.45267812231374915,0.9949925396984937,0.005007460301506339,-2.033440895414553,1.5708307644311512,0.9487074728251556,1.316591080666622,-2867.176803057733
948,-419.5687225116302,0.984651902823484,0.10638009832687431,3.0,11.0,0.0,421.77661771510077,0.8489526587900089,0.15104734120999108,0.9718059338298504,0.028194066170149634,-2.0966007229780996,-0.6567315789946758,1.1318321421090107,0.14281619865916956,-2853.9495025409205
949,-420.0775947736815,0.9850097567223227,0.11670692469842758,5.0,63.0,0.0,424.1491902329149,0.039473766524089855,0.9605262334759102,0.12210500734006254,0.8778949926599374,-1.1546703289248326,-2.1564815586169255,2.1684792756550575,0.9405966754998438,-2853.7716636747978
950,-416.85441689401654,0.7559988469501219,0.1282460608506968,3.0,15.0,0.0,421.53709309989785,0.47122438091743873,0.5287756190825612,0.44054077694549965,0.5594592230545004,-2.0417125766056556,-2.209404753597598,0.8229899293232384,0.927529545487825,-2851.1124925566173
951,-421.60277649278856,0.8934892456673392,0.12587532214707559,4.0,23.0,0.0,426.0948376835657,0.5503799767564844,0.4496200232435156,0.9920559499709752,0.007944050029024763,-2.3085921872008526,1.127695010847128,0.8174352924127147,1.2365919079808092,-2861.628379145656
952,-419.30599590351363,0.9940321884145473,0.10638009832687431,4.0,15.0,0.0,420.4738147621672,0.9203835842939203,0.07961641570607969,0.9583845470222764,0.04161545297772362,-2.2668357544091884,-0.5771486261105572,1.0587766503684426,0.399554012044514,-2850.3240527058824
953,-421.92231588176764,0.926985170561622,0.11670692469842758,4.0,23.0,0.0,423.8596216967776,0.8163746009878603,0.1836253990121397,0.14072388663962426,0.8592761133603757,-1.5289981818888738,-2.274011943834635,0.6897749721796125,0.7686915239758446,-2879.4287151681588
954,-417.1817630255533,0.9619077519142226,0.1282460608506968,3.0,7.0,0.0,418.1920816202026,0.489437016138686,0.5105629838613139,0.5391461699244012,0.46085383007559877,-1.9226925852167853,-2.3989407541919947,0.5744250085559484,1.3173836084740829,-2852.646918069547
955,-418.8000688326282,0.9045072849682764,0.12587532214707559,5.0,31.0,0.0,423.6255431995183,0.2890277592716999,0.7109722407283001,0.24329945105067088,0.7567005489493291,-1.1038983462125458,-2.2571228662180984,1.065270879080754,0.9254559899477841,-2863.177568103157
956,-420.19390282707934,0.8108298156493775,0.10638009832687431,5.0,31.0,0.0,421.53019033020956,0.9080957507943173,0.09190424920568274,0.9679713630564728,0.0320286369435272,-2.0502010258994487,-0.573705053352282,1.064451609187967,0.4163802379947082,-2856.40481868748
957,-420.44117752255755,0.8987207446814616,0.11670692469842758,3.0,7.0,0.0,423.909160945547,0.7656843824480243,0.23431561755197572,0.15012900345010852,0.8498709965498915,-1.4800007263095718,-2.0997156819823055,0.7818142313680028,0.762314359308445,-2871.4863764077027
958,-419.0902488210069,0.8692987486575088,0.1282460608506968,4.0,31.0,0.0,421.21619415120574,0.8766823889942819,0.12331761100571814,0.04594074497734378,0.9540592550226562,-0.9515589402729329,-2.2240152381128686,1.0294852733166568,1.1596590918709069,-2850.8732191988224
959,-419.7594296394984,0.9996743275774972,0.12587532214707559,4.0,15.0,0.0,420.6413809764475,0.2684736698342976,0.7315263301657025,0.009093187972271734,0.9909068120277282,-0.806972159743996,-2.1909231374170393,1.2283974834113571,0.7999846756882751,-2849.2584339214413
960,-418.04588547424487,1.0,0.10638009832687431,5.0,31.0,0.0,420.4972558712243,0.1667387665756319,0.8332612334243681,0.13987138151745138,0.8601286184825486,-1.3307780742799755,-2.3255001549183545,0.24309233268357372,1.0315291078291589,-2852.3274221546717
961,-417.4080301731207,1.0,0.11670692469842758,4.0,23.0,0.0,420.92794348411337,0.2338032750781116,0.7661967249218884,0.5579509206767572,0.4420490793232428,-2.23732713743507,-1.8714838389715074,0.7971222086000016,0.8964768000804125,-2853.2153342902106
962,-418.1525408705776,0.8466806958741978,0.1282460608506968,4.0,31.0,0.0,421.1175692725337,0.8705159119733898,0.12948408802661016,0.31298841089621154,0.6870115891037885,-1.7668749516322255,-2.296447907859421,1.0514708157792858,1.1283189674877157,-2853.4963360121696
963,-419.39343966337583,0.917372142952341,0.12587532214707559,4.0,31.0,0.0,423.1429755593453,0.0790845565274466,0.9209154434725534,0.32842536046330967,0.6715746395366904,-1.6240135914296987,-2.4289826956209417,1.0600318984883916,0.7978246200784725,-2859.6382889549523
964,-417.74726891973273,0.9858735908063367,0.10638009832687431,3.0,7.0,0.0,418.292429512373,0.1865657591185554,0.8134342408814446,0.13970385505529367,0.8602961449447063,-1.3286227522992853,-2.2844473529469416,0.2796209741723745,1.1266182982595858,-2850.8421662520664
965,-419.36737900993995,0.9841630764170338,0.11670692469842758,4.0,31.0,0.0,420.5177645539639,0.09394122576644368,0.9060587742335563,0.7399444441814699,0.2600555558185301,-2.2753213457650334,-1.4335380875979091,1.4265941667847069,1.0444549348137535,-2859.5401075404548
966,-418.4312702705328,0.8433660604892875,0.1282460608506968,4.0,31.0,0.0,421.59458732434723,0.11905763883294787,0.8809423611670522,0.5639231793508808,0.43607682064911923,-1.9949656667744171,-2.2618256610110072,0.03805301064527643,0.9474984215699894,-2856.524096210998
967,-419.92679656946757,0.8899365101438993,0.12587532214707559,4.0,15.0,0.0,421.81134582122104,0.9472828857867502,0.05271711421324976,0.6376511147548152,0.3623488852451848,-2.3323582779571512,-1.5556847864571435,1.0852266189764026,1.0528650572264577,-2861.167546092799
968,-418.7612935268277,0.8342199915174117,0.10638009832687431,2.0,3.0,0.0,419.99017292555607,0.20710478750912048,0.7928952124908795,0.17434214069028875,0.8256578593097113,-1.1790675054262651,-2.279496600067777,0.2749337373303002,1.243023361399736,-2859.7451548379395
969,-418.2606828417894,0.9996649817727817,0.11670692469842758,5.0,47.0,0.0,420.2396874844023,0.8331034677067051,0.16689653229329493,0.2104902797815871,0.7895097202184129,-1.5789042404498503,-2.2688035956610424,0.7487710127234836,1.302668718581275,-2854.669890661886
970,-419.4979991182561,0.9948974424054196,0.1282460608506968,4.0,31.0,0.0,420.0232468717506,0.0444314794674234,0.9555685205325766,0.1707701358468561,0.8292298641531439,-1.5773686570454781,-2.3160302066915994,-0.43552701619375,1.0885692525677093,-2854.496578226887
971,-419.604258147086,0.9809614277345795,0.12587532214707559,3.0,15.0,0.0,421.83591544750374,0.9446454278509803,0.05535457214901973,0.6861641820723129,0.3138358179276871,-2.342359517893325,-1.5688831660356373,0.8251347015670474,0.6406037077728519,-2859.7269979523862
972,-418.2481603622648,0.9952908231666519,0.10638009832687431,5.0,63.0,0.0,420.7774732390871,0.3680070782732033,0.6319929217267968,0.0605876369122653,0.9394123630877347,-0.7133141295757525,-2.1492395966823965,0.6360806231213605,0.9970539178564367,-2853.646340337866
973,-419.5111743258183,0.9783820448916553,0.11670692469842758,3.0,7.0,0.0,421.0689753631548,0.5715691585983307,0.4284308414016693,0.06976028285497975,0.9302397171450203,-1.4995389901438507,-2.1886733241772784,0.7635611065839276,1.538655277296803,-2860.6430766257067
974,-419.23933866709996,0.9925120359754376,0.1282460608506968,6.0,63.0,0.0,420.66586661831946,0.9234977082893839,0.07650229171061607,0.964142411446292,0.03585758855370802,-2.1859264583373763,-0.44645113678505843,1.0761688229662527,0.16954565982817912,-2849.1315792570203
975,-418.68554598659784,0.9865543485535614,0.12587532214707559,4.0,23.0,0.0,423.49567635228345,0.7145381535156721,0.28546184648432793,0.11770286180029176,0.8822971381997082,-2.263437078358079,-2.1269486107822138,0.6688245162657949,1.5670700810731963,-2854.7141456086006
976,-418.74447687339887,0.9731225030237746,0.10638009832687431,3.0,7.0,0.0,419.64658007416006,0.24530902264920215,0.7546909773507978,0.055720550443961826,0.9442794495560382,-0.195528769654232,-2.1807794994889824,0.694797922382996,1.1410208476170427,-2854.9111258907833
977,-418.91558097953634,0.9831823594836685,0.11670692469842758,4.0,27.0,0.0,422.4867555352545,0.624133158201586,0.375866841798414,0.03919461283814508,0.9608053871618549,-1.4955212300420466,-2.1496546863540815,0.6971338085737733,1.4778727385664674,-2852.8718931772523
978,-419.07943800241486,0.9992376527838956,0.1282460608506968,4.0,15.0,0.0,419.67036051177877,0.9353859390386906,0.0646140609613094,0.9500890902868113,0.04991090971318868,-2.2201882259136934,-0.413900549354819,0.9962715140334756,0.08409111313571185,-2849.1871195490066
979,-420.2690027088382,0.7434684061232684,0.12587532214707559,4.0,15.0,0.0,423.0904984661544,0.9318357309789408,0.06816426902105921,0.17364127933184909,0.8263587206681509,-0.9701966722492228,-2.2740734062091263,0.7944364166891938,1.3229854925061575,-2863.328910711865
980,-418.75479258941743,0.8534488628459391,0.10638009832687431,5.0,47.0,0.0,423.23114788674576,0.8932160135202807,0.10678398647971932,0.8936366334511772,0.10636336654882284,-2.041626312437126,-2.2427168497654244,0.9771890751743066,0.6511477944592887,-2851.0340698905293
981,-417.4102242620941,0.9446250782991124,0.11670692469842758,4.0,23.0,0.0,420.1597561920698,0.6067565464546658,0.3932434535453342,0.594373450467037,0.40562654953296295,-1.8097095772669811,-2.624817259233436,0.9727947653624998,1.0202211839311832,-2853.1496302959154
982,-419.43388471082085,0.915833600989174,0.1282460608506968,4.0,15.0,0.0,420.12000555088343,0.9067725966640728,0.09322740333592716,0.9708288404924472,0.02917115950755278,-2.1047205158256364,-0.4522819200358356,1.0293755849880368,0.13271868933227104,-2850.7281840552973
983,-419.5020152159994,0.9915454770066793,0.12587532214707559,3.0,7.0,0.0,421.1335964009443,0.8427092050605938,0.15729079493940623,0.09914009326767045,0.9008599067323295,-1.2865868900874646,-2.2940965059603697,1.0277358339864275,1.4633773018282845,-2858.436793024153
984,-418.31557514933644,0.9592307049882078,0.10638009832687431,4.0,31.0,0.0,421.32925662467414,0.8592193923339824,0.14078060766601763,0.8189441409439658,0.18105585905603416,-1.9832919190472758,-2.3882049946512733,0.9341518959175716,1.190603638454987,-2851.547001177257
985,-416.6238743174328,0.9827852295525115,0.11670692469842758,3.0,15.0,0.0,418.5253827884694,0.579739065492923,0.420260934507077,0.5890898762282389,0.41091012377176106,-2.068586703916807,-2.240096695318508,0.9236519531032021,1.0743619952834702,-2848.621514112673
986,-419.7468700516371,0.9738675657214704,0.1282460608506968,5.0,31.0,0.0,423.24710533282115,0.9348840057158889,0.06511599428411108,0.2741469724683184,0.7258530275316817,-2.041122888057195,-2.3655641313429143,1.0210979577974075,-0.1469834265182764,-2859.6736586624697
987,-420.33672605136115,0.8807302858798838,0.12587532214707559,5.0,31.0,0.0,426.87595373549664,0.14634574398090716,0.8536542560190928,0.8384573620546774,0.16154263794532264,-2.1554721717304623,-1.5503619658387797,1.3518014601702608,1.0995533050643533,-2866.696181089972
988,-421.8351228262756,0.838334977832392,0.10638009832687431,5.0,31.0,0.0,423.6253179885383,0.9739732542462399,0.026026745753760072,0.5175244029030067,0.4824755970969933,-2.7421639545891487,-1.7556924015312525,0.9277620001295845,2.2134448239915807,-2864.835023056815
989,-418.4975831514494,0.9521715829579933,0.11670692469842758,5.0,47.0,0.0,420.13407450429605,0.8612800729379894,0.13871992706201064,0.14182435468403987,0.8581756453159601,-1.264625996332929,-2.2985186238210478,0.7831339237507312,1.7792443376645064,-2852.44807123362
990,-420.7638629578542,0.9617415097577696,0.1282460608506968,4.0,15.0,0.0,421.30675159439653,0.9642637624867237,0.03573623751327626,0.864252794671152,0.135747205328848,-2.249116585076762,-2.4253178632579306,0.9802686599108921,-0.11615410221076206,-2858.1779878345374
991,-418.5892330396638,0.9950778480277066,0.12587532214707559,4.0,15.0,0.0,422.390795750456,0.2100815395953505,0.7899184604046495,0.9441486240163369,0.055851375983663076,-2.0945792608210074,-2.116092454417331,1.0069470679918173,0.901964167914128,-2849.546045967295
992,-420.08243773876563,0.9446686794617609,0.10638009832687431,3.0,7.0,0.0,423.6450287137264,0.9839519516343022,0.016048048365697842,0.6356184782347218,0.36438152176527816,-2.383605755036438,-1.8377217671760233,0.898818443014952,2.2104832430058634,-2850.3281842172237
993,-420.14251708912894,0.9386055443967859,0.11670692469842758,5.0,47.0,0.0,421.40201227489956,0.24604685807401958,0.7539531419259804,0.01083510389306086,0.9891648961069391,1.0176486059287595,-2.1820289015126777,1.534557593943055,0.7867044065549523,-2851.6987133783696
994,-419.43293447327,0.9726350675474744,0.1282460608506968,4.0,31.0,0.0,422.8441818536496,0.8773196951536261,0.12268030484637393,0.1515121077396653,0.8484878922603347,-1.6445545856910035,-2.321066387185099,0.9189571702013103,0.13330490577435955,-2860.040146043922
995,-421.63326942419025,0.9051698015205278,0.12587532214707559,4.0,15.0,0.0,422.18464514013823,0.8341090439145133,0.16589095608548665,0.9940561175674706,0.005943882432529413,-2.2302855916640456,-2.3904893705944485,0.9563630933189914,0.9563643872326425,-2852.6222319515055
996,-419.733940382941,0.990100503074118,0.10638009832687431,5.0,31.0,0.0,421.7223892293782,0.374507753209164,0.6254922467908359,0.5827083653391539,0.41729163466084607,-2.0800077944309963,-2.298608029658529,1.6131570849462813,0.8669010945006447,-2868.432011744235
997,-425.8589521818179,0.2597114062718673,0.11670692469842758,5.0,31.0,0.0,431.314136350023,0.3531547288128934,0.6468452711871067,0.02014156866018005,0.97985843133982,-2.8481790662871975,-2.414673014643731,1.317423554230671,0.759174258773636,-2890.3795633855984
998,-418.2918852136869,0.9725597448517169,0.1282460608506968,3.0,7.0,0.0,420.1479319217606,0.881645748727649,0.118354251272351,0.22412810464257676,0.7758718953574233,-1.5664467886650768,-2.406716904028164,1.0607467872632204,0.16237352839701524,-2853.6478836390206
999,-421.7757725449016,0.9458806832437978,0.12587532214707559,3.0,15.0,0.0,424.83938037575683,0.9116894923445792,0.08831050765542081,0.9947389788661587,0.005261021133841304,-2.073574501306677,-2.063960292940991,0.9099207449282676,1.0403193675658653,-2850.7959444605053
