draws,lp__,accept_stat__,stepsize__,treedepth__,n_leapfrog__,divergent__,energy__,rho.1,rho.2,mu.1,mu.2,log_prob_data
0,-207.83722240684327,1.0,0.21232073265687315,2.0,3.0,0.0,209.22169849142458,0.9977059772643022,0.002294022735697787,0.0051850597661655395,0.1091985544119865,-1393.6809600764866
1,-202.8478908947983,0.9721190349611948,0.17803100976029843,4.0,15.0,0.0,203.31954476474053,0.29533569219014805,0.704664307809852,-0.4140237236165263,0.38233936355123704,-1390.1064118185145
2,-201.5462912856086,0.9986773918276644,0.1388026768981785,3.0,15.0,0.0,202.01598534362418,0.5576355197990698,0.4423644802009302,0.05698511509564527,0.3298155344792547,-1382.4671432749567
3,-207.1619009837614,0.9579841602874841,0.1850525117098482,4.0,15.0,0.0,207.653087880942,0.9989650576639474,0.0010349423360526133,0.20160093636856485,1.094731156116673,-1382.466824046111
4,-208.13054268044348,0.9039862924954135,0.21232073265687315,3.0,9.0,0.0,210.09128109846097,0.9987723187695794,0.0012276812304206075,0.020952227866070747,0.2647183520163413,-1391.3453673975785
5,-203.84779532874745,0.8786414608855148,0.17803100976029843,3.0,15.0,0.0,204.65074444437198,0.2707076737250537,0.7292923262749462,-0.5790384290526892,0.4241894155075827,-1396.4786886515517
6,-201.46277354778252,0.9877389283835968,0.1388026768981785,3.0,11.0,0.0,202.1209061619233,0.5489666290947351,0.45103337090526485,0.24801402993294197,0.05217777599971686,-1381.957320154075
7,-207.1844074630083,0.9876425945246625,0.1850525117098482,3.0,7.0,0.0,207.54310695318435,0.9990643844412755,0.0009356155587244563,0.14141646326386542,1.1766010427185845,-1381.7832733707637
8,-206.40117520566872,1.0,0.21232073265687315,2.0,3.0,0.0,207.9700331402979,0.9982395539801691,0.0017604460198309413,0.1857597832305686,0.18205613777838622,-1381.8879382814644
9,-204.51187416791652,0.7341641382080633,0.17803100976029843,3.0,7.0,0.0,205.77890424719064,0.33073036090462465,0.6692696390953754,-0.5960058725424846,0.44661305706545995,-1401.821989955494
10,-202.03907995273394,0.9936817281883897,0.1388026768981785,3.0,11.0,0.0,202.4233490719302,0.2125089890784463,0.7874910109215537,0.4591229695864426,0.13221034594495168,-1383.0905972670669
11,-207.02423996957683,0.9858163233571773,0.1850525117098482,3.0,15.0,0.0,207.58845197328193,0.9988699430170264,0.0011300569829736373,0.1492704655923116,1.3154237327065184,-1381.6791559383375
12,-204.17238316990478,0.971617022074093,0.21232073265687315,3.0,7.0,0.0,206.6969594763566,0.9785281875811024,0.021471812418897618,0.22385651913544247,0.24957083700051796,-1383.5930819397547
13,-202.86561233767918,0.5212994643516764,0.17803100976029843,2.0,3.0,0.0,206.11761876790848,0.12274387391174488,0.8772561260882551,-0.5428505133563672,0.26605746798817337,-1385.6357253245585
14,-201.9553821940305,0.9882918272139264,0.1388026768981785,4.0,23.0,0.0,202.33993877672208,0.7964697020945594,0.20353029790544064,0.10658902116005867,0.17142599724459015,-1382.4544664845819
15,-207.87192321251328,0.9638247847432008,0.1850525117098482,2.0,7.0,0.0,208.99657315966192,0.999376184086232,0.0006238159137680332,0.09900582186083853,1.2993348258176036,-1383.4809777343391
16,-204.30417081392937,1.0,0.21232073265687315,3.0,7.0,0.0,204.56430174495193,0.9839645533144111,0.016035446685588872,0.2049919679920232,0.2049739213431525,-1382.5495532889233
17,-203.17002953156992,0.8629179358197643,0.17803100976029843,2.0,3.0,0.0,203.45355582461613,0.10066033199648954,0.8993396680035105,-0.4853165317272202,0.3016550824459868,-1386.5737922436997
18,-203.02814641008615,0.881794044357617,0.1388026768981785,2.0,3.0,0.0,203.55365634980848,0.7839437884306091,0.21605621156939092,0.006848689704629499,0.11487698664399208,-1390.1916652182076
19,-214.26723223040207,0.8680188876016433,0.1850525117098482,5.0,31.0,0.0,215.27455622092876,1.8498876884922588e-06,0.9999981501123115,0.5610235759604628,0.04210217049418591,-1388.6472528791837
20,-202.49747698370246,0.8464449462923435,0.21232073265687315,3.0,13.0,0.0,206.37324188271313,0.7435108518211935,0.2564891481788065,0.040319017925797826,0.70433635145824,-1386.9268210506846
21,-204.31920496402503,0.9534933568503252,0.17803100976029843,3.0,15.0,0.0,205.24969349305093,0.019719136446636962,0.9802808635533631,-0.32762543617779405,0.10152625919344685,-1384.026915059478
22,-204.5608881170237,0.8451561552270522,0.1388026768981785,2.0,3.0,0.0,205.5280434276681,0.8204547225735314,0.17954527742646864,-0.05422539755043,0.08225604895378127,-1399.8182719861427
23,-213.0732343609922,0.8785067274449279,0.1850525117098482,2.0,7.0,0.0,215.69065442154778,2.8260657372228307e-06,0.9999971739342628,0.5454871056814788,0.21963636618051186,-1383.3013565274575
24,-201.7384657395908,0.8552995558354743,0.21232073265687315,2.0,7.0,0.0,205.0983413006221,0.7338850289008052,0.2661149710991948,0.23746992538567838,0.0549877628172723,-1382.2266967553412
25,-205.82171752277935,0.801089872961685,0.17803100976029843,3.0,15.0,0.0,206.73714949283595,0.004155428940615025,0.995844571059385,-0.5394066684609464,0.10121808237223712,-1383.5996420352897
26,-202.5056715874451,1.0,0.1388026768981785,4.0,15.0,0.0,205.83869094383365,0.201231921237263,0.798768078762737,0.746139025721283,0.03160062365616138,-1385.7507948099142
27,-213.6253000516412,0.9269945351964541,0.1850525117098482,4.0,23.0,0.0,216.23060169190563,1.2878942809110517e-06,0.9999987121057191,-0.27253755676242286,0.18587163095747572,-1381.8908733342516
28,-202.4873231891251,0.9237617056570773,0.21232073265687315,2.0,5.0,0.0,202.78326467541166,0.8000935068329377,0.19990649316706233,0.31687534976547044,-0.04069613749087519,-1385.9832973857353
29,-204.71064891015237,0.6564459951622337,0.17803100976029843,3.0,15.0,0.0,207.51405633833036,0.01297697767048579,0.9870230223295142,-0.47172756772656865,0.2313495388477847,-1383.7511922072797
30,-201.8596451287814,0.9731490285917559,0.1388026768981785,3.0,15.0,0.0,203.48567590224926,0.3143583499732159,0.6856416500267841,0.4577569021541844,0.006916680290314371,-1383.6152630764125
31,-208.6073993018796,0.8004160458357198,0.1850525117098482,3.0,11.0,0.0,216.1026436492579,0.0007467957452512049,0.9992532042547488,-0.28742497382852206,0.2994794618332438,-1391.1210306058977
32,-201.9446558696499,0.9185944751061862,0.21232073265687315,3.0,7.0,0.0,203.9877995729905,0.8153544651236867,0.1846455348763133,0.16729882186624176,0.028450860201891928,-1381.8799093158984
33,-204.00236888411413,0.5609011913058651,0.17803100976029843,2.0,7.0,0.0,210.53682202467292,0.17632420485812897,0.8236757951418711,-0.6791016352321363,0.18322158718571324,-1395.4433533217998
34,-201.62614196641158,0.9838968176883216,0.1388026768981785,4.0,15.0,0.0,202.38670137192568,0.6309659629012639,0.36903403709873606,0.28029174398236895,-0.045082283162850324,-1382.6473008441344
35,-207.92761881916542,1.0,0.1850525117098482,1.0,1.0,0.0,208.52414836235138,0.0007162110445080891,0.9992837889554919,-0.2823894077193843,0.256970128434794,-1386.1595266961526
36,-201.84853952810897,0.9536620044265929,0.21232073265687315,2.0,3.0,0.0,202.40335767170995,0.7685734805862889,0.23142651941371106,0.14263149467697767,0.05558579374987768,-1382.3723766123983
37,-203.2500465858228,0.4890348698206367,0.17803100976029843,2.0,7.0,0.0,208.95463822531428,0.04759283947414119,0.9524071605258588,-0.42858302102745693,0.17572238574914117,-1382.4448554963733
38,-201.8322785235369,0.9935125138522468,0.1388026768981785,3.0,15.0,0.0,202.80816945884322,0.34348228532546965,0.6565177146745304,0.28217164855232457,0.19814481070801296,-1383.8167505245422
39,-206.32363996021016,0.6488809958151047,0.1850525117098482,4.0,31.0,0.0,211.5866009601195,0.997572235004581,0.0024277649954189684,0.22469663009048693,-0.1262825042807974,-1383.568953156015
40,-201.68390878195362,0.8830464531822755,0.21232073265687315,3.0,11.0,0.0,203.15542226926837,0.3117235659366759,0.6882764340633241,0.3456680909281361,0.12030094396715131,-1382.4349771362474
41,-203.10045417397896,0.6740404617932666,0.17803100976029843,2.0,3.0,0.0,204.10812770997862,0.06144573866109034,0.9385542613389096,-0.41301535284088886,0.22640055590888336,-1383.068751199696
42,-201.95532986248088,0.8359501053109479,0.1388026768981785,2.0,3.0,0.0,203.86378718935597,0.2955911559296501,0.70440884407035,0.29635266855122716,0.2038278746242521,-1384.1068158845264
43,-205.7156342936777,0.9920085937728776,0.1850525117098482,4.0,15.0,0.0,208.5546330313349,0.9952382055638305,0.004761794436169531,0.23173096353715839,-0.22560635187777822,-1383.9732998576555
44,-201.6417397507618,0.7455164211715474,0.21232073265687315,2.0,7.0,0.0,203.75135669387657,0.2758549647009941,0.724145035299006,0.10293084037534081,0.19946083152012425,-1381.7223591807863
45,-203.06706362496342,0.4361503113167719,0.17803100976029843,3.0,11.0,0.0,205.43435109258547,0.11567401409406573,0.8843259859059343,-0.3197014924163755,0.11597252773023642,-1386.8886610432346
46,-202.67802956405214,0.9932053004720921,0.1388026768981785,4.0,31.0,0.0,203.48518394098483,0.6597358564949243,0.3402641435050757,0.4143894795000179,-0.3355428002344155,-1389.4849049377528
47,-201.99725114981106,0.912593815283402,0.1850525117098482,4.0,15.0,0.0,207.16966929062633,0.3659174351883075,0.6340825648116926,-0.01455586370365039,0.36479262278182045,-1385.1407868491124
48,-202.39345056728112,0.8890879614480466,0.21232073265687315,3.0,15.0,0.0,203.50313614813203,0.8635134946906459,0.13648650530935413,0.13661244635972286,-0.08462237605820314,-1383.291446045454
49,-203.35207131068577,0.9156737259141966,0.17803100976029843,3.0,11.0,0.0,204.77950326489844,0.11438237325924723,0.8856176267407527,0.07152902050848382,0.03610537881861746,-1388.8842633490824
50,-203.59606786190605,0.8341071385194913,0.1388026768981785,4.0,15.0,0.0,205.0387632166046,0.0513990565381402,0.9486009434618599,-0.860605084316287,0.2009068510093277,-1384.8497834890115
51,-205.16628085748792,0.8732873445432513,0.1850525117098482,4.0,15.0,0.0,206.3520247725563,0.9937731001063014,0.006226899893698623,0.18810524201574091,0.3414469942533406,-1381.9804529598753
52,-201.85936627232832,0.9839932555147266,0.21232073265687315,2.0,7.0,0.0,202.90509603826143,0.7229777696296845,0.2770222303703155,0.2756855388642443,0.03746774462284053,-1383.2203573570264
53,-202.52113360910684,0.7698375647738555,0.17803100976029843,3.0,15.0,0.0,204.91537843375943,0.8937297405340239,0.10627025946597612,0.22701060498191933,-0.22365410647711187,-1382.617043820084
54,-204.93807892946128,0.9763903099309712,0.1388026768981785,4.0,15.0,0.0,205.21082140275863,0.1700968343186835,0.8299031656813165,-0.9381599983511439,0.3624461017123975,-1401.2644517881179
55,-203.14997158575585,0.9887115476447436,0.1850525117098482,4.0,31.0,0.0,205.58224331238912,0.11912259787392379,0.8808774021260762,0.8222158524166752,0.1723101481278511,-1387.1278004145345
56,-201.55756324999587,0.9202530323141485,0.21232073265687315,2.0,7.0,0.0,203.5057436870759,0.500692008060267,0.49930799193973296,0.028856072540802247,0.2142178717953363,-1382.6937831444168
57,-205.46703088635348,0.9719148689069693,0.17803100976029843,3.0,7.0,0.0,206.1456298440681,0.7965853323757248,0.20341466762427518,0.354115436519013,-0.9431926932467904,-1405.8679079639585
58,-205.3266366694334,1.0,0.1388026768981785,4.0,15.0,0.0,205.46844049342502,0.005729788825574951,0.994270211174425,-0.8419585601050172,0.18232018967257427,-1382.0072918998553
59,-203.3785577189306,0.9809914603487178,0.1850525117098482,3.0,7.0,0.0,203.48248842700124,0.0897160448905663,0.9102839551094337,0.7595101308030692,0.008502833707488083,-1387.0864983419447
60,-201.81798412178136,0.9224851136044482,0.21232073265687315,2.0,7.0,0.0,202.65632184643655,0.29878506736192195,0.7012149326380781,0.2165263501262275,0.21922432267771652,-1383.2306393192887
61,-204.33630661549495,1.0,0.17803100976029843,2.0,3.0,0.0,205.65513121012953,0.861901270735029,0.13809872926497102,0.3912920600096495,-0.7690343232228282,-1396.159854607944
62,-201.7190640136305,0.8378278888985854,0.1388026768981785,4.0,19.0,0.0,207.8669976633419,0.5632677420136862,0.43673225798631377,0.07617537794964956,0.12119948225343263,-1383.7205562526788
63,-202.8271176444003,0.9920804659167977,0.1850525117098482,3.0,15.0,0.0,204.24752884848002,0.42116857342509517,0.5788314265749048,0.5519081876157437,0.08658146505159754,-1391.0605422665872
64,-201.7798308014047,0.9996867599060496,0.21232073265687315,2.0,7.0,0.0,202.41697678084265,0.7295653566417194,0.2704346433582806,0.12129643438027476,0.10033565194525515,-1382.6127925984606
65,-203.78976616096514,0.9674633603168427,0.17803100976029843,3.0,7.0,0.0,207.30906794528346,0.9210007644599107,0.07899923554008925,0.29714303415960913,-0.8389128362556045,-1388.9433628488666
66,-202.06317785479249,0.9839608605660375,0.1388026768981785,3.0,15.0,0.0,202.50077300945742,0.27005401638179405,0.729945983618206,0.04977187835527276,0.2980644456837525,-1384.5065034982
67,-203.04624246447437,0.9986684336507696,0.1850525117098482,4.0,19.0,0.0,203.8222221162729,0.9444376615128183,0.05556233848718173,0.19500696811256277,0.19860972266543703,-1382.166833850529
68,-202.5219074317301,0.9116557498848052,0.21232073265687315,3.0,7.0,0.0,203.43797398394668,0.8152922712967986,0.1847077287032014,-0.0019288921802345857,0.4839750447279696,-1385.6918324918129
69,-204.279188089196,0.6825603664972596,0.17803100976029843,3.0,7.0,0.0,207.51850859860676,0.9685794880578719,0.03142051194212814,0.2571925300651906,-0.9742270009357938,-1386.1105937845716
70,-202.7166641289312,0.9188678203327666,0.1388026768981785,3.0,11.0,0.0,203.86834544394674,0.5181419749429856,0.48185802505701436,0.49343763992221756,0.04754467667202835,-1390.5196343491098
71,-204.7493920783262,0.9868822244430971,0.1850525117098482,4.0,15.0,0.0,205.10861787122357,0.9893734692994658,0.010626530700534209,0.20430599999918603,0.4671508315876216,-1382.6688053361784
72,-202.22220684402703,0.9750316697133671,0.21232073265687315,2.0,3.0,0.0,202.8741012205047,0.8272541151912551,0.17274588480874487,0.05251950994149026,0.5112657226582283,-1383.233860835353
73,-202.758102636386,0.7710134579612395,0.17803100976029843,4.0,19.0,0.0,207.83396982404335,0.4263415829101593,0.5736584170898407,0.2408728973753761,0.33654147650994926,-1390.7277121929858
74,-202.17453747567384,0.9950523537370365,0.1388026768981785,4.0,15.0,0.0,203.31773233119554,0.8258357085506713,0.17416429144932866,0.1893144239189345,0.3277129493310743,-1383.0536125077235
75,-205.08361767187364,0.9831816351466961,0.1850525117098482,4.0,31.0,0.0,208.55348669882858,0.006791979188354017,0.9932080208116459,0.5600258544615476,0.13674745136911307,-1381.8498060247598
76,-201.9614809497867,0.9713684123068177,0.21232073265687315,3.0,11.0,0.0,204.86662829851716,0.3614408279798672,0.6385591720201328,-0.1100684625430548,0.3710622398501111,-1384.8430004443949
77,-201.72901771290998,0.8657009518354505,0.17803100976029843,2.0,3.0,0.0,204.53653108761617,0.5741253678336478,0.42587463216635224,0.08676656872497127,0.10654976350999429,-1383.7486876057746
78,-202.13625609611353,0.982088450616013,0.1388026768981785,4.0,15.0,0.0,202.7921982668964,0.6799734223201905,0.32002657767980947,-0.05562194500996627,0.472893349902876,-1385.5773311635146
79,-207.06442586584774,0.9510962709610398,0.1850525117098482,4.0,23.0,0.0,209.63342643579307,0.06672153665857261,0.9332784633414274,-1.1763246533008063,0.4371602084891084,-1409.8126901841204
80,-202.06586826155487,0.9809006599850124,0.21232073265687315,4.0,15.0,0.0,202.79819595349568,0.7388726136338661,0.26112738636613386,0.32064236579520405,-0.16917728729626372,-1384.3422208811885
81,-204.6259340212618,0.6249175760755137,0.17803100976029843,2.0,7.0,0.0,208.19411778880135,0.3036688849633389,0.6963311150366611,-0.1738639479142866,0.012475502896360208,-1402.7467335206952
82,-201.77732803515886,0.9794111580911722,0.1388026768981785,4.0,15.0,0.0,202.8871767190255,0.7079105879909096,0.29208941200909044,0.20341716809519228,0.23084308786670207,-1382.8591211239386
83,-204.6709092334063,1.0,0.1850525117098482,2.0,3.0,0.0,207.34149872161328,0.10625993777548692,0.8937400622245131,-1.1186484914123003,0.29354350343197777,-1396.3993393625449
84,-202.89432041063571,0.9764627335271554,0.21232073265687315,3.0,7.0,0.0,203.59231601620502,0.8922662443447005,0.10773375565529952,0.17874182893982032,-0.48963394623618667,-1385.1311804253435
85,-205.26480438410684,0.8187795067973136,0.17803100976029843,1.0,3.0,0.0,206.49813935873195,0.3915048791410826,0.6084951208589173,-0.13236577810240344,-0.02777615190584362,-1407.9939027427843
86,-202.49507738720308,0.9449979741083713,0.1388026768981785,2.0,7.0,0.0,203.39689737521567,0.7250238245413181,0.2749761754586819,0.30708347764894217,0.16853981887030134,-1387.5408917170384
87,-204.23241331046844,0.9024500589326918,0.1850525117098482,4.0,15.0,0.0,205.97791676638948,0.02355417573000575,0.9764458242699943,-1.05092225561949,0.16638474698156566,-1383.751935401792
88,-204.93669526565907,0.8736557747942193,0.21232073265687315,3.0,11.0,0.0,206.79219935315155,0.9900084920252668,0.00999150797473325,0.2027563998516692,-1.0138844156881375,-1382.8428045658604
89,-203.18629003189935,0.829573753432075,0.17803100976029843,2.0,3.0,0.0,207.92235942806195,0.43301936097099225,0.5669806390290077,-0.12581242423593372,0.10825895571560692,-1393.8361081017183
90,-201.6340127724956,0.9983432066703136,0.1388026768981785,3.0,15.0,0.0,202.7432257553766,0.6794784073889889,0.3205215926110111,0.23739213420360372,-0.028756019885210815,-1382.2599957806788
91,-202.9440198247672,0.9908321819189306,0.1850525117098482,4.0,29.0,0.0,204.35450976528654,0.15358653418372004,0.84641346581628,-0.5814416094872937,0.2670056078848462,-1387.4406811253443
92,-204.19999115054293,0.9430525024556803,0.21232073265687315,3.0,15.0,0.0,205.73361543780877,0.9782942232454229,0.021705776754577077,0.22003197702180882,-0.7683091911278386,-1383.402543921191
93,-205.1751235114084,0.709183854196272,0.17803100976029843,2.0,3.0,0.0,207.6583955332155,0.6237565895357384,0.3762434104642616,-0.09935801579642033,-0.009686306115741075,-1407.2780490619175
94,-201.72274765540433,0.9940376428290847,0.1388026768981785,2.0,3.0,0.0,201.75267614383327,0.6775119010609226,0.32248809893907737,0.23343604126702688,-0.07950620398242293,-1382.8920496698124
95,-203.08852379902828,0.9215720435544167,0.1850525117098482,4.0,19.0,0.0,207.14656453835636,0.5594947622565949,0.4405052377434051,-0.2315274467111792,0.5814561909248428,-1392.8729199608476
96,-205.33157086832196,0.8413653183520823,0.21232073265687315,2.0,3.0,0.0,205.92755322339718,0.9828511516960856,0.017148848303914388,0.29670239788613156,-0.8148971650696272,-1389.525629609165
97,-203.43687216315777,0.9737582557719071,0.17803100976029843,3.0,7.0,0.0,205.14558621750552,0.650769833271703,0.349230166728297,-0.024145593648326538,0.036233960304118525,-1395.0557991948044
98,-202.07440388314964,0.8778214883693153,0.1388026768981785,3.0,11.0,0.0,204.09453179040798,0.43258008298252926,0.5674199170174707,0.30072257285004605,0.22022028684568784,-1386.0576341793476
99,-201.82316366325293,0.9919148368330708,0.1850525117098482,3.0,7.0,0.0,204.09317531908172,0.6434046159552727,0.35659538404472735,0.008785411089834189,0.46341415566857735,-1383.7903768285694
100,-203.8776816687241,0.9801220536031328,0.21232073265687315,2.0,3.0,0.0,205.4886104486788,0.9692920235304049,0.03070797646959511,0.2123017007363268,-0.7998898474399956,-1383.4689768583232
101,-202.2915010335982,0.9723535117136878,0.17803100976029843,4.0,19.0,0.0,204.02416604366798,0.3973160121783449,0.6026839878216551,0.5207571900561574,0.06375278285657882,-1387.268666142442
102,-203.10169129223198,0.9093556824590238,0.1388026768981785,3.0,11.0,0.0,204.3023558228376,0.5261760141770843,0.47382398582291574,0.33364074028227964,-0.28088640612640925,-1393.2173963049954
103,-201.77565858388837,0.9917114089324942,0.1850525117098482,4.0,31.0,0.0,202.427142352533,0.7699956852036989,0.23000431479630112,0.20292686635830612,0.017288127714276735,-1381.8235407123752
104,-205.2453499470097,0.8821869606171251,0.21232073265687315,2.0,7.0,0.0,205.64137046383584,0.914621798550148,0.08537820144985198,0.08061438358078298,-0.9625789544364447,-1399.3648354458576
105,-202.57780487652525,0.9760825007377677,0.17803100976029843,3.0,15.0,0.0,204.7446958635248,0.7136625035080459,0.28633749649195406,0.07880935414438744,-0.03883940440094922,-1388.3822091192585
106,-201.7768183959231,0.9921120051783044,0.1388026768981785,4.0,23.0,0.0,204.05935041000794,0.2525287195260565,0.7474712804739435,0.18647155768446533,0.10448377360139582,-1382.2682026614423
107,-206.98854978999688,0.9763278585251075,0.1850525117098482,4.0,31.0,0.0,207.39579751046506,0.9972505058590835,0.0027494941409165197,0.07951775656530614,-1.9144485986770199,-1385.906593146241
108,-203.52577595001088,1.0,0.21232073265687315,3.0,7.0,0.0,205.20719356685854,0.9125897172696239,0.0874102827303761,0.31624904475155197,-0.5341055212584891,-1388.106546290968
109,-201.41409470647307,0.9998953022957959,0.17803100976029843,2.0,7.0,0.0,203.00238956210325,0.5177807784280246,0.4822192215719754,0.11860846340585393,0.18080195728169152,-1381.693979023587
110,-202.43868117972647,0.9472004603313172,0.1388026768981785,2.0,7.0,0.0,202.94790714376526,0.15107525269837815,0.8489247473016218,0.17625780597190535,0.07412276924027346,-1384.1784144193755
111,-206.7631573898272,0.8643734951383147,0.1850525117098482,1.0,3.0,0.0,208.39839745027777,0.997017895387796,0.0029821046122040507,0.23415194161646946,-1.9260803816621754,-1384.8285663675056
112,-201.5983677943636,0.9180808302853034,0.21232073265687315,3.0,11.0,0.0,205.5011061616041,0.5329519033294707,0.46704809667052927,0.26216683619126774,-0.022964130527935667,-1382.926136439165
113,-202.0658348214824,0.7452384332774585,0.17803100976029843,2.0,3.0,0.0,204.31856228175036,0.5883601495566916,0.4116398504433084,0.16833470700299574,0.36695480658948554,-1385.8852459588475
114,-202.06487838899469,0.9759579899379877,0.1388026768981785,3.0,7.0,0.0,202.82607326510336,0.3058237621671848,0.6941762378328151,0.29712065791299913,-0.005164206212065273,-1385.0330084903703
115,-204.64388559141324,0.8843809485370193,0.1850525117098482,4.0,21.0,0.0,209.68852907024356,0.9899192325004483,0.010080767499551668,0.14670776806727695,-0.1506587219915909,-1381.7658879390426
116,-201.7980090022332,0.998907948691577,0.21232073265687315,3.0,7.0,0.0,201.9245091340507,0.7400998849886634,0.2599001150113366,0.23952865144015223,-0.09242991268748298,-1382.527407096146
117,-202.38139568537306,0.9488879399398454,0.17803100976029843,2.0,7.0,0.0,204.08635869725936,0.247726793094816,0.7522732069051841,0.10502643022028363,0.0493808232660215,-1386.3839117915563
118,-203.16625329710746,0.8824531924854354,0.1388026768981785,3.0,11.0,0.0,204.35993458771765,0.34730586221335824,0.6526941377866418,0.14206217090141798,0.39806241539746173,-1393.0160491572947
119,-203.06169586094822,0.9725984730856434,0.1850525117098482,4.0,15.0,0.0,205.15058589783416,0.7280057453272972,0.2719942546727028,0.2105545809135558,-0.39015156262279005,-1391.3442236458934
120,-202.0538607396183,0.9334942480516552,0.21232073265687315,3.0,11.0,0.0,205.39364647216365,0.7176264192717218,0.28237358072827823,-0.00770315468030533,0.37871136421291185,-1384.5876708372068
121,-202.41390412325725,0.9536210223758809,0.17803100976029843,4.0,15.0,0.0,203.82546693125246,0.8927957769525285,0.10720422304747146,0.1944971697170015,-0.11797734372700266,-1381.9725573072442
122,-203.82930958791425,0.9910824294056876,0.1388026768981785,3.0,15.0,0.0,207.12957022365435,0.1148194556465203,0.8851805443534797,0.16127119236401938,-0.0030184533634930177,-1392.1869225536122
123,-202.44034323881797,0.9979649158669909,0.1850525117098482,3.0,15.0,0.0,203.65923491560017,0.8301435044693101,0.16985649553068993,0.2518100243887788,0.1873051244255559,-1384.7913025591688
124,-201.60441805798968,0.9690156172635377,0.21232073265687315,3.0,7.0,0.0,202.71925209985352,0.6284171667839035,0.37158283321609653,0.09143409777988115,0.3449142261312871,-1382.476472442868
125,-204.39245727487076,0.9739832249489169,0.17803100976029843,4.0,15.0,0.0,205.08817167665003,0.9847306738776068,0.015269326122393179,0.19279629653901934,0.6807242498764702,-1382.4669646779116
126,-204.44960207768392,0.9867290339820549,0.1388026768981785,3.0,15.0,0.0,205.37546201376082,0.28334638314568666,0.7166536168543134,0.7079709608090902,-0.22958436972573104,-1400.796841045547
127,-202.0339594404781,0.9909390316059264,0.1850525117098482,4.0,15.0,0.0,203.03143757800086,0.27856204512834787,0.7214379548716521,0.5172905672216573,0.09085440748227926,-1384.2786214679456
128,-202.06487144760956,0.990970584964083,0.21232073265687315,3.0,15.0,0.0,202.48936340989164,0.21900910563482054,0.7809908943651794,0.22985810517334065,0.2215721378223977,-1383.5287224224176
129,-203.42750273923406,0.8155494182421824,0.17803100976029843,4.0,31.0,0.0,208.4524046034008,0.16600559468709986,0.8339944053129001,0.8027693784666633,0.18041271725140307,-1390.984403409845
130,-203.81230952574435,0.9431665454843726,0.1388026768981785,2.0,7.0,0.0,207.26906198346487,0.29985117984198045,0.7001488201580195,0.5154199242674887,0.2557308224160505,-1396.8171685121513
131,-201.6770516600145,0.9783828283748964,0.1850525117098482,4.0,15.0,0.0,202.55413584639567,0.5932296325065087,0.40677036749349127,0.3296907709984274,-0.02029378288277637,-1383.2208882242846
132,-201.56400478150638,1.0,0.21232073265687315,3.0,7.0,0.0,202.2335713037603,0.5402875656431881,0.45971243435681186,0.1653156715393034,0.05766497166138642,-1382.7071728568847
133,-202.32314879023846,0.996480643774562,0.17803100976029843,3.0,7.0,0.0,203.72070600536978,0.2232736730430103,0.7767263269569897,0.4926288225185917,-0.011829819262733063,-1385.2865741391643
134,-202.28057990739623,1.0,0.1388026768981785,2.0,3.0,0.0,204.02571956898555,0.30600683556883024,0.6939931644311698,0.5241319353786265,-0.06679432429885426,-1386.3605246610725
135,-203.39987574277333,0.9581990918634904,0.1850525117098482,4.0,31.0,0.0,207.102501891201,0.06664442393726702,0.933355576062733,0.8031966719325012,0.19710604817366717,-1385.2606989037513
136,-202.41078748664577,0.8640493088905475,0.21232073265687315,3.0,11.0,0.0,203.74089615247865,0.30339383339854736,0.6966061666014527,-0.3289587917377973,0.31007101433288253,-1387.2912908807418
137,-202.12923837135543,0.977266240795565,0.17803100976029843,2.0,7.0,0.0,202.76008562447188,0.38550388536946234,0.6144961146305377,0.4224866358411483,0.14006859533768518,-1386.139997962644
138,-202.0681411732416,0.9382973951626499,0.1388026768981785,4.0,15.0,0.0,203.45853180585632,0.6147008494772549,0.3852991505227451,0.37979698253425975,0.004977118353218402,-1385.7630773520234
139,-202.9303309755871,1.0,0.1850525117098482,3.0,7.0,0.0,203.54755991457114,0.07941615712061391,0.9205838428793861,0.7719137854743967,0.1436699536140752,-1383.191432446621
140,-202.8703607217432,0.9910463990925421,0.21232073265687315,4.0,23.0,0.0,203.4568270284163,0.8231893336115886,0.17681066638841136,0.12854940576398294,-0.27963207892482267,-1387.9840824219232
141,-202.03768593393664,0.8989307725717474,0.17803100976029843,3.0,7.0,0.0,203.41933938220623,0.8373425396236166,0.1626574603763834,0.20146579230229653,0.03490420349545642,-1381.8192789812613
142,-201.6420460195718,1.0,0.1388026768981785,2.0,3.0,0.0,202.0918776288208,0.5668773435040104,0.4331226564959896,0.32783685361024256,0.016911781690978386,-1383.099974850855
143,-202.70089757375683,0.995068905416159,0.1850525117098482,4.0,15.0,0.0,203.1584571227696,0.22912561515134225,0.7708743848486578,0.7726243020778193,-0.020355603114756735,-1387.7163137934915
144,-202.37969465140972,0.9646156889228829,0.21232073265687315,4.0,15.0,0.0,203.56721334217795,0.7124753416919853,0.28752465830801466,0.267764447820521,-0.3130977252550435,-1386.890902758583
145,-203.21327643610468,0.9457168821066638,0.17803100976029843,3.0,15.0,0.0,204.59355824496768,0.9434558967366861,0.05654410326331394,0.20187445307935997,-0.5661735568542418,-1383.1893901932026
146,-201.5041080650481,0.9965500133917354,0.1388026768981785,3.0,15.0,0.0,202.2984769562563,0.3882201480931465,0.6117798519068536,0.28294518362082954,0.08798202394801762,-1381.934904040766
147,-204.5475330817739,0.990920536088041,0.1850525117098482,4.0,19.0,0.0,204.96119860972632,0.017701304534407134,0.9822986954655929,1.5222465649655836,0.1594612661160571,-1382.9514200085691
148,-203.2975511278978,0.8786637677254673,0.21232073265687315,2.0,3.0,0.0,203.33817511074758,0.650358779336659,0.349641220663341,0.22185117962878495,-0.3416166712546895,-1393.9555351174233
149,-202.69816360934564,0.99934176776443,0.17803100976029843,3.0,7.0,0.0,203.27050229969194,0.8500222204297406,0.14997777957025937,0.23415817475348735,-0.4847676481930311,-1385.7107262420393
150,-203.14134775623668,0.9588685526466535,0.1388026768981785,4.0,15.0,0.0,204.4920660025791,0.8808904985888335,0.1191095014111665,0.18244545764452266,-0.5953063826189354,-1387.3422019303928
151,-206.70771345504772,0.590833979420925,0.1850525117098482,2.0,7.0,0.0,208.19532670460222,0.020151810091794373,0.9798481899082057,1.4850432131999958,-0.046190947073712046,-1398.8685136476456
152,-203.1232597819588,0.9926474678041644,0.21232073265687315,4.0,15.0,0.0,204.36911932658472,0.11202514514636791,0.8879748548536321,0.28669877036250485,0.0289798977511021,-1387.1120509559228
153,-201.81084338295486,0.9148519820005998,0.17803100976029843,3.0,11.0,0.0,203.7998409176735,0.6939980948855637,0.30600190511443626,0.12596931744748052,0.0490348145651716,-1383.3409193133646
154,-203.88069451780223,0.9312486506638281,0.1388026768981785,2.0,3.0,0.0,204.32684214880672,0.8161975910959491,0.18380240890405086,0.18916266756718603,-0.6499012259364432,-1394.858379947758
155,-205.87920227772415,1.0,0.1850525117098482,3.0,11.0,0.0,206.9289417263692,0.09499962310353877,0.9050003768964612,1.2288803464977722,-0.12504024481126103,-1403.896105477247
156,-203.05216137954378,0.8787393605451367,0.21232073265687315,1.0,3.0,0.0,204.70909303307627,0.20765919029649318,0.7923408097035068,0.27275834590490494,-0.028447594945569234,-1390.1038229932242
157,-202.15564815167875,0.9961058405034247,0.17803100976029843,4.0,15.0,0.0,202.46507356274816,0.7792220751346584,0.22077792486534165,0.025252770167714697,0.5699437536393155,-1384.0026651833248
158,-202.9628228737131,0.9843112788502284,0.1388026768981785,2.0,7.0,0.0,205.37632604606557,0.9004673344383411,0.09953266556165885,0.14129779466323764,-0.3823769752855554,-1385.2117512140194
159,-205.64842131828144,0.8807530416552405,0.1850525117098482,2.0,3.0,0.0,207.79634931142547,0.24192986887964293,0.758070131120357,1.1338613129830015,0.09265152617208403,-1407.7352912696194
160,-202.55663125380002,0.9938406233185488,0.21232073265687315,3.0,15.0,0.0,203.71651234024876,0.6460444521230008,0.35395554787699923,-0.11983888606438842,0.4092409340015106,-1388.8624340159524
161,-202.18855254209566,0.9788023985064428,0.17803100976029843,3.0,11.0,0.0,204.4800606820039,0.4285615616019253,0.5714384383980746,-0.10543166437225143,0.4495942852977064,-1386.766250637253
162,-202.32093498062736,0.998355024846026,0.1388026768981785,2.0,7.0,0.0,203.34031698004986,0.7935543395719499,0.20644566042805013,0.28770853767760507,-0.331647712738098,-1384.9212658218587
163,-205.64842131828144,0.7210685129979931,0.1850525117098482,1.0,1.0,0.0,206.90882448783532,0.24192986887964293,0.758070131120357,1.1338613129830015,0.09265152617208403,-1407.7352912696194
164,-203.02222186982846,0.9992276661515905,0.21232073265687315,3.0,15.0,0.0,203.9089642651158,0.8060161944006019,0.1939838055993981,0.1671448209405751,0.6995663842399709,-1389.1628737474252
165,-201.5198906188281,0.9938222930873467,0.17803100976029843,4.0,15.0,0.0,202.77951031083006,0.5427892724284328,0.4572107275715672,0.03039981559128778,0.27323870350470497,-1382.357865575087
166,-203.45370132950552,0.9754965981128588,0.1388026768981785,3.0,7.0,0.0,203.99246350766492,0.8017886962884592,0.19821130371154083,0.3102702313624192,-0.6536428241354116,-1392.2506848774067
167,-204.57206115298249,0.9980725326165178,0.1850525117098482,3.0,15.0,0.0,207.53880250475459,0.13380928791651084,0.8661907120834892,1.1681616041778162,0.17834837988893126,-1397.0418355313234
168,-205.08060203859566,0.939643007209212,0.21232073265687315,3.0,11.0,0.0,205.60907988087143,0.3046997351451518,0.6953002648548482,-0.07614942708875194,-0.05240346652356939,-1405.919502496275
169,-202.01702776611543,0.9750490658819274,0.17803100976029843,3.0,15.0,0.0,202.4343966408898,0.2513088146534313,0.7486911853465688,0.41867064256592096,0.01610176227049695,-1383.7931976449106
170,-202.24223463836208,0.997153931605122,0.1388026768981785,4.0,23.0,0.0,205.07078946352294,0.3867586678784545,0.6132413321215455,-0.21388702815156016,0.414147219622397,-1386.912339661663
171,-203.6483902280088,0.8797020330947416,0.1850525117098482,1.0,3.0,0.0,205.63596426443718,0.10099963761239865,0.8990003623876014,1.152413570014169,0.0064118298806567775,-1389.0340044391469
172,-203.0196098725546,0.9796379523098522,0.21232073265687315,3.0,15.0,0.0,205.85830772729068,0.31385762587086424,0.6861423741291357,-0.171498596458405,0.11071490398286382,-1391.7670402885606
173,-202.82232546843105,0.6144486090726071,0.17803100976029843,3.0,9.0,0.0,205.27049166363975,0.3688332977367249,0.6311667022632751,0.35564916410352077,0.2617977959159165,-1390.809876969391
174,-201.6886658435306,0.9982170523394878,0.1388026768981785,4.0,31.0,0.0,203.05211180969752,0.5982854081088931,0.4017145918911069,0.29598061614943333,0.08667101214022954,-1383.2854240044412
175,-203.71675894421907,0.9905228857971693,0.1850525117098482,3.0,15.0,0.0,204.16286166545768,0.05024937091139633,0.9497506290886036,1.2962852359615447,0.09068256415389399,-1384.7519267156076
176,-202.32256733036778,0.9882845337808305,0.21232073265687315,3.0,15.0,0.0,203.46220233736426,0.1356560628045563,0.8643439371954437,-0.05092635705372239,0.23903472398626202,-1382.7370060482253
177,-201.7389641254857,0.9928903344323581,0.17803100976029843,3.0,15.0,0.0,203.04352105145082,0.25798979816956474,0.7420102018304353,0.23697493786367568,0.09799623606288035,-1382.086521180985
178,-201.91616484471834,0.9990855249827558,0.1388026768981785,3.0,15.0,0.0,202.01362184910812,0.41321998811398397,0.586780011886016,0.3272488455861405,-0.05814364977965213,-1384.9046004884535
179,-205.02931859965284,0.97866058013734,0.1850525117098482,5.0,31.0,0.0,206.1761220846801,0.9826588330346018,0.017341166965398225,0.26272541682085887,0.7105338614543093,-1387.667306148886
180,-202.20039602107866,0.9655127318824928,0.21232073265687315,3.0,15.0,0.0,202.9100287974119,0.22468476646336152,0.7753152335366384,-0.2601412986246674,0.3030122864898773,-1384.5415425745607
181,-202.46982805100293,0.9945859735301921,0.17803100976029843,4.0,15.0,0.0,203.43053346621983,0.10601458812911295,0.8939854118708871,0.3734308968127139,0.17002425755319503,-1382.1902911696332
182,-202.91536561414915,0.7745287137163379,0.1388026768981785,2.0,7.0,0.0,204.80293167951487,0.7067558027564557,0.29324419724354434,0.2873439169412203,0.3158485381725144,-1390.6606933663666
183,-207.9891957944822,0.9928499781350939,0.1850525117098482,4.0,31.0,0.0,208.59150056732662,0.0015579506951849018,0.9984420493048151,-0.6913195888927701,0.020285900461558398,-1391.660285306653
184,-202.47314046039813,0.9909965596781106,0.21232073265687315,3.0,7.0,0.0,202.69696508774962,0.18234531189672656,0.8176546881032735,-0.3473965662442429,0.20485049869659397,-1385.3478427190355
185,-202.52196624408228,0.6939587779891382,0.17803100976029843,3.0,11.0,0.0,204.69745656297846,0.5836816800586448,0.41631831994135515,0.4331486873217025,0.04179796269904799,-1389.0362372807185
186,-201.83741422305772,1.0,0.1388026768981785,2.0,3.0,0.0,202.90297087058016,0.7384013628565954,0.2615986371434046,0.18188081133673858,0.28401273240964325,-1382.7874377578883
187,-207.99689782570738,0.993515305822174,0.1850525117098482,3.0,7.0,0.0,209.21877044555612,0.00043607131468918514,0.9995639286853109,-0.8416427034327033,0.20799411760466155,-1382.6894807924639
188,-201.60265881268307,0.97990971134421,0.21232073265687315,4.0,15.0,0.0,202.67317684069167,0.5306489221746492,0.4693510778253508,0.33471609934931035,-0.0005232136495881556,-1382.922905299324
189,-204.13046681143146,0.6529273076804191,0.17803100976029843,3.0,15.0,0.0,208.60718005800933,0.21394505198997849,0.7860549480100215,-0.6167855059472585,0.43981237892326835,-1397.2728978959144
190,-201.64423881121732,0.9741522953553357,0.1388026768981785,3.0,7.0,0.0,202.61083541033267,0.4330759267534932,0.5669240732465068,-0.059915033623381186,0.29673489638961903,-1383.128866715737
191,-206.72682534158562,0.9740308328046438,0.1850525117098482,3.0,11.0,0.0,208.42212896725158,0.001889102844426059,0.998110897155574,-1.039983670937464,0.09916143656219849,-1383.739821753295
192,-201.96582807015673,0.9399711443051871,0.21232073265687315,4.0,15.0,0.0,202.25817571918935,0.7678501264836545,0.23214987351634553,0.26996140963350773,-0.0044943917271874564,-1383.1549179511119
193,-204.07061047321557,0.9819333617300015,0.17803100976029843,4.0,15.0,0.0,205.10905392837756,0.3640577019078572,0.6359422980921428,-0.5164850279337193,0.3960155850562383,-1399.1974139047381
194,-202.78271741749464,0.9278097007416718,0.1388026768981785,3.0,11.0,0.0,203.8696908891839,0.11123590855505153,0.8887640914449485,-0.5032759269565134,0.23862459676182524,-1384.520792352164
195,-203.64065947882906,0.9368022997653405,0.1850525117098482,4.0,23.0,0.0,208.3611319622404,0.04530201486623088,0.9546979851337691,-0.5870429492895461,0.25304293301786634,-1384.6513544999418
196,-202.3247416415709,0.8929719903894106,0.21232073265687315,3.0,15.0,0.0,205.92121662128258,0.4236717554654084,0.5763282445345916,0.3066527434103188,-0.10973807770366656,-1387.7791408065455
197,-202.59865404259847,0.9983036329783649,0.17803100976029843,4.0,19.0,0.0,205.88719824324448,0.4846900741859785,0.5153099258140215,-0.12189422256353014,0.5436664947345451,-1389.6512121386374
198,-203.15356203364047,0.9163583077159975,0.1388026768981785,3.0,11.0,0.0,203.62859208810363,0.14521981189071487,0.8547801881092851,-0.5018621132198698,0.16153798576687162,-1388.6826178394779
199,-203.6788955841715,0.8594029882463232,0.1850525117098482,2.0,3.0,0.0,204.9593178141889,0.08681305990003002,0.9131869400999699,-0.561737241374702,0.10856880704824641,-1389.1714546241594
200,-203.66705573112355,0.8320762691098691,0.21232073265687315,4.0,31.0,0.0,204.3653130421235,0.9242035350218614,0.07579646497813863,0.09094845370116006,1.3122034132587015,-1387.0237972718621
201,-202.15637491295928,0.9953966060017936,0.17803100976029843,4.0,15.0,0.0,202.92819069210668,0.313500166604112,0.686499833395888,-0.04652489091890091,0.12519168942534353,-1385.8203285885327
202,-201.7596312727235,0.9985505015366407,0.1388026768981785,3.0,15.0,0.0,203.47392637062555,0.40375762417588834,0.5962423758241117,-0.09545265682258493,0.2650431235254213,-1383.8006550289333
203,-203.89357479104612,1.0,0.1850525117098482,3.0,7.0,0.0,204.18810833586582,0.09558633002481354,0.9044136699751865,-0.7293620423739553,0.33844991427022675,-1390.9771454452239
204,-203.70737387476998,0.9730376567941977,0.21232073265687315,3.0,15.0,0.0,203.9977974609696,0.964781614616093,0.03521838538390698,0.14531735242468016,1.0753340501637447,-1382.7816778439426
205,-201.71652141666462,0.998872275526768,0.17803100976029843,3.0,15.0,0.0,202.71953474978267,0.5550764038216969,0.4449235961783031,0.03630889116887485,0.3975459348117556,-1383.6102511706372
206,-201.90627646876965,0.9773635187875511,0.1388026768981785,2.0,3.0,0.0,202.05238226040035,0.33238914706246625,0.6676108529375337,-0.029700394643862822,0.33414807817580794,-1384.2223582604593
207,-203.87695240985846,0.8628273628051887,0.1850525117098482,3.0,15.0,0.0,206.4421632726715,0.33220142923485557,0.6677985707651444,-0.34058709051204245,0.15713718161254397,-1397.80903451308
208,-202.8436534983218,0.8352677328229104,0.21232073265687315,3.0,15.0,0.0,205.58913432350937,0.8229774074736979,0.17702259252630215,0.09727473989785412,0.8298662731827077,-1387.2850556893961
209,-201.80726272795857,0.9519707413630614,0.17803100976029843,3.0,11.0,0.0,202.23681936391338,0.6362655600038765,0.36373443999612354,0.30796587121985636,0.06528472898578237,-1383.840314218232
210,-202.34751536082953,0.9976305623854036,0.1388026768981785,3.0,11.0,0.0,202.92249017825242,0.18843439647063628,0.8115656035293637,-0.22293830240680826,0.16904972982208533,-1384.7281744528007
211,-202.8871445074435,0.9886418568331762,0.1850525117098482,3.0,11.0,0.0,205.55432666172115,0.1427075595657743,0.8572924404342257,0.44440535460501285,0.2305482833848677,-1386.765578418133
212,-203.5382950908998,0.8956545359798845,0.21232073265687315,4.0,15.0,0.0,204.97874858481023,0.04285912212906361,0.9571408778709364,0.21761263611661308,0.2287568789392581,-1383.8457637995218
213,-203.1493127095664,0.9064986684957805,0.17803100976029843,2.0,7.0,0.0,203.53600064210136,0.6434725484023488,0.3565274515976512,0.1623710346352364,-0.24125348244452838,-1393.0629806160234
214,-203.41905088408322,0.823093275290359,0.1388026768981785,4.0,15.0,0.0,204.963513041773,0.9567464410204208,0.043253558979579165,0.1650939615200016,-0.5376865285125221,-1382.8953940610147
215,-202.42068972557607,0.9924607404828896,0.1850525117098482,4.0,23.0,0.0,203.7256052347361,0.6716983003659843,0.3283016996340157,-0.10026564721007661,0.5101518324075697,-1387.5962599796912
216,-203.49518563541753,0.9177855953218298,0.21232073265687315,4.0,15.0,0.0,204.30216365882438,0.945261944305191,0.05473805569480905,0.13224915702580875,-0.5646670755265621,-1384.9472812905615
217,-203.081950407245,0.9927339691846123,0.17803100976029843,3.0,7.0,0.0,203.77697994580123,0.9210308700339345,0.07896912996606553,0.25383235052955366,0.057562149334821525,-1384.6769696985752
218,-201.9759979269373,0.998263739801171,0.1388026768981785,3.0,15.0,0.0,204.06445058941563,0.8294592694809731,0.17054073051902685,0.14165145087050182,0.22272553950525267,-1381.6306784302683
219,-202.10937203887966,1.0,0.1850525117098482,2.0,3.0,0.0,202.44755394269933,0.5784897472501106,0.4215102527498894,-0.07349734182698951,0.51570789561302,-1386.1392341320125
220,-202.1576056649619,0.9866477633010973,0.21232073265687315,3.0,15.0,0.0,203.83409176623303,0.8154930679105684,0.18450693208943159,0.27034658379351045,-0.11715070028150047,-1383.2968087058177
221,-201.7477771892861,0.9971672489237581,0.17803100976029843,4.0,15.0,0.0,204.01269574378722,0.7063124789141713,0.29368752108582874,0.16549526032398512,0.29808669268381405,-1382.6584392855273
222,-201.6326950413027,0.9916975940506014,0.1388026768981785,4.0,15.0,0.0,202.45817066724103,0.6946627631044476,0.30533723689555237,0.23729112968259283,0.002137571743534807,-1382.0690606456099
223,-202.13278847455794,0.9991232298154815,0.1850525117098482,4.0,15.0,0.0,203.0841722417372,0.25308814306076655,0.7469118569392335,-0.1988459052675934,0.20230757648973363,-1384.7072396611247
224,-201.9957361391086,0.9754283415548168,0.21232073265687315,4.0,15.0,0.0,203.9360571496469,0.17944339470800555,0.8205566052919945,0.06665390451153302,0.21410619320611252,-1382.0607290520613
225,-202.8533639739185,0.8316535153563377,0.17803100976029843,2.0,7.0,0.0,205.17908244404248,0.4311033159343926,0.5688966840656073,0.3657091968845366,0.25081105054865577,-1391.382994148474
226,-202.0966752865797,0.9953219460425298,0.1388026768981785,3.0,11.0,0.0,202.19781727992816,0.8310360791714146,0.16896392082858536,0.196000733855643,-0.13155967515993575,-1382.425284833242
227,-204.35478971069048,0.9657237422234916,0.1850525117098482,4.0,15.0,0.0,205.48810787388646,0.1095143554644407,0.8904856445355593,-0.8188998140609436,0.12827593086359454,-1394.9605307299823
228,-202.16174987064818,0.9240157329106604,0.21232073265687315,2.0,3.0,0.0,202.47764703302224,0.14123153957535203,0.8587684604246479,0.06517568738669373,0.2003705009946833,-1381.87288669928
229,-203.11125325114878,0.7875116927199707,0.17803100976029843,3.0,7.0,0.0,205.30641345124576,0.3888211182585327,0.6111788817414673,0.3920117935207943,0.2592492985390614,-1392.9256511729598
230,-201.63274402859443,0.999750765175071,0.1388026768981785,3.0,15.0,0.0,202.4063896005265,0.7205678033894057,0.27943219661059426,0.20131343238730467,0.07351515132023949,-1381.7188535701448
231,-203.00167724146968,0.9997103561096105,0.1850525117098482,4.0,31.0,0.0,205.1988335343739,0.19406454266820058,0.8059354573317994,-0.39080277536183544,0.376008189674577,-1389.2158839362971
232,-202.35309346812673,0.9435856638905007,0.21232073265687315,3.0,15.0,0.0,202.73203377336304,0.16568519804216908,0.8343148019578309,-0.04915925725709197,0.11973751707056644,-1384.1220468721408
233,-202.388189428425,0.94117080577857,0.17803100976029843,3.0,15.0,0.0,204.02600930436668,0.6783724799376373,0.3216275200623627,0.3992064730269016,-0.08345966239885944,-1387.3879575791116
234,-202.68458054383618,0.9869865338043748,0.1388026768981785,4.0,15.0,0.0,203.86511949030387,0.4569843542611565,0.5430156457388435,0.5952512492532186,-0.12101416161086469,-1390.1493889484566
235,-202.8238019331092,0.9949296060415477,0.1850525117098482,3.0,9.0,0.0,203.74889872552131,0.13908917006579521,0.8609108299342048,-0.19049759829018587,0.10906153859512288,-1386.354533208183
236,-204.78440196675746,0.854684356779281,0.21232073265687315,4.0,23.0,0.0,206.4057658811434,0.026324868996350975,0.973675131003649,0.7533134934445124,0.2665223752974665,-1388.7397410057754
237,-202.04236684719058,0.9805755002397322,0.17803100976029843,2.0,3.0,0.0,202.65703575364589,0.6752161177544241,0.32478388224557586,0.36225490650697967,-0.11970176277074536,-1385.0522822684982
238,-203.23345532755098,0.9519485661080236,0.1388026768981785,4.0,15.0,0.0,205.52853455444543,0.05573850120809907,0.9442614987919009,-0.4385489339870664,0.2327063585061349,-1383.3347028965463
239,-204.77940088642598,0.892814813694262,0.1850525117098482,4.0,31.0,0.0,205.85603342072196,0.375200899633209,0.624799100366791,-0.2757789307109293,0.6409082585648094,-1404.1251159883598
240,-203.05460020992285,0.9896883917193688,0.21232073265687315,3.0,7.0,0.0,204.92686142001716,0.14990615670136212,0.8500938432986379,0.8523064946846937,-0.017442194866050392,-1387.7929349083477
241,-201.94822825044295,1.0,0.17803100976029843,2.0,3.0,0.0,202.0591358170485,0.6609216067850502,0.3390783932149498,0.34790933813003044,-0.15484552630815512,-1384.5521784378088
242,-202.23553824851538,0.9705200343443446,0.1388026768981785,4.0,15.0,0.0,203.86280682442242,0.22551752191712388,0.7744824780828761,-0.29631980772438904,0.2952452416256408,-1384.7890570165082
243,-201.79217045656281,1.0,0.1850525117098482,3.0,7.0,0.0,204.76001543289848,0.21492273187483435,0.7850772681251657,0.17219198881420028,0.1632210686004952,-1381.5903209929472
244,-204.65030478706626,0.9189175542636955,0.21232073265687315,2.0,3.0,0.0,205.68245970224592,0.1970883875711979,0.802911612428802,0.8550235810437108,-0.16977385309174514,-1400.2828510202742
245,-201.71310742538418,0.9999298959456122,0.17803100976029843,4.0,15.0,0.0,202.4575782984485,0.7153416953137218,0.2846583046862782,0.13906284795781687,0.32151702988312847,-1382.2854038007795
246,-203.4640724955842,0.9920198398264035,0.1388026768981785,4.0,19.0,0.0,203.6430800292992,0.06225428774899294,0.9377457122510071,-0.7391807633240342,0.16635305161562178,-1385.3607551869322
247,-202.12782894241414,0.994919365877387,0.1850525117098482,4.0,15.0,0.0,202.46530872200762,0.7548690295019166,0.2451309704980834,0.2149944041595659,-0.21913709879946966,-1384.5136181758753
248,-202.89783208636916,0.4005096029249925,0.21232073265687315,4.0,19.0,0.0,208.96959357779878,0.07894267291783608,0.9210573270821639,-0.16438318054422907,0.24389230412863205,-1383.386809557131
249,-201.44838800659204,0.9493978441395589,0.17803100976029843,3.0,7.0,0.0,202.4553216816195,0.3901304971556024,0.6098695028443977,0.14069376495472385,0.16666333257732574,-1381.597042927941
250,-204.97390389682423,0.9921890030446178,0.1388026768981785,4.0,23.0,0.0,205.5701588521822,0.09569898028805367,0.9043010197119463,-1.2414765225428448,0.27945823553458454,-1397.6070495691606
251,-202.56417135162894,0.9239041133562008,0.1850525117098482,2.0,7.0,0.0,203.62973681975515,0.638047182217637,0.361952817782363,0.11067068252501638,-0.08328096501401243,-1389.1232606534768
252,-202.64817982192577,1.0,0.21232073265687315,2.0,3.0,0.0,202.82295293410598,0.0841669963710914,0.9158330036289086,-0.16276138126601333,0.20271208529627324,-1382.0819737564354
253,-201.51414997766716,0.9932494049007143,0.17803100976029843,4.0,15.0,0.0,201.60799708781198,0.337757589935658,0.662242410064342,0.2024989474308938,0.1406367417298058,-1381.613235755203
254,-204.4741427606273,0.9965176580650945,0.1388026768981785,3.0,7.0,0.0,205.2710185234737,0.05690792604299172,0.9430920739570083,-1.2653287951626253,0.17471497031022531,-1390.8439412930136
255,-202.17980064166255,0.9879337055783224,0.1850525117098482,4.0,15.0,0.0,203.55946068841087,0.22310377174334434,0.7768962282566556,0.5052250232596567,0.008984281903159044,-1384.281810602897
256,-205.02367942803096,0.9075851923442657,0.21232073265687315,3.0,7.0,0.0,207.85932951958236,0.01307028059973507,0.986929719400265,0.5715327103929213,0.24890333664229156,-1385.8651795720061
257,-201.5699110907794,0.8414664343764097,0.17803100976029843,2.0,7.0,0.0,202.82696229501457,0.48150160489941685,0.5184983951005832,0.3327416645071736,0.049342872154962206,-1382.7122706157024
258,-203.39137316228695,0.9985109940415406,0.1388026768981785,4.0,31.0,0.0,204.75198443386515,0.05272049336587255,0.9472795066341274,-0.5648912601785754,0.24001153767029368,-1383.950620657056
259,-201.7321967255438,0.9853393106561505,0.1850525117098482,4.0,15.0,0.0,202.45903919137032,0.37738876953961126,0.6226112304603888,0.37636977263423077,-0.008729846497180255,-1383.3896794554826
260,-205.581703928635,0.998464221520852,0.21232073265687315,2.0,3.0,0.0,205.9654233945374,0.005756101033110406,0.9942438989668896,0.5180230832264728,0.08654964338923185,-1384.203332752586
261,-203.2188748975476,0.7759853168524786,0.17803100976029843,2.0,7.0,0.0,204.35814275553568,0.5927471516614465,0.40725284833855346,0.2619956451275185,-0.31012243938626627,-1393.825890286289
262,-203.29712553892801,0.99405868492701,0.1388026768981785,2.0,3.0,0.0,203.47321271274413,0.06848225118605318,0.9315177488139468,-0.5698857073650515,0.14865532541952708,-1385.016305770867
263,-202.46294857642212,0.9625812670923799,0.1850525117098482,4.0,15.0,0.0,203.78431916556215,0.2976024822234857,0.7023975177765143,-0.10850196550934849,0.3946783031862139,-1387.6074524501519
264,-204.49412140443147,0.9969548497807783,0.21232073265687315,4.0,15.0,0.0,206.65900129695962,0.9840641839292785,0.015935816070721476,0.22769114405199237,0.2250640123854944,-1383.8033915379606
265,-202.53485249910167,1.0,0.17803100976029843,3.0,15.0,0.0,203.78724680408465,0.843016720062999,0.156983279937001,0.04172623631053006,0.7385048315786288,-1384.6186291535105
266,-203.07924383570588,1.0,0.1388026768981785,2.0,3.0,0.0,203.35092791365187,0.08399572477851212,0.9160042752214879,-0.5446783494575862,0.25935326272897125,-1384.7909856403594
267,-201.99371378905286,0.91459570374441,0.1850525117098482,2.0,7.0,0.0,203.82645537903025,0.20380665493155284,0.7961933450684472,-0.04759801891053596,0.1617416558842479,-1382.7368674269508
268,-204.87232936248617,0.7468774288237887,0.21232073265687315,3.0,7.0,0.0,206.80478399990128,0.9662938859653859,0.0337061140346141,0.30825556277238225,0.10049117303767403,-1391.4624831733404
269,-202.0634580988476,0.991726228476883,0.17803100976029843,3.0,15.0,0.0,203.61660209186812,0.8365702570194065,0.16342974298059354,0.11705737081209024,0.3757562511015907,-1381.926004193548
270,-202.3013718978635,0.9132391102166078,0.1388026768981785,3.0,11.0,0.0,204.443044340014,0.3747032134690704,0.6252967865309296,-0.17302369152085417,0.2116609123640616,-1387.359647845135
271,-202.6113491077082,0.9255913432615038,0.1850525117098482,3.0,15.0,0.0,204.06650998407338,0.9120238188155562,0.08797618118444384,0.18823672001781716,0.23647168459797605,-1382.0840013846123
272,-203.3957749014839,0.9843125132000302,0.21232073265687315,2.0,3.0,0.0,205.10048690196462,0.9647852807213692,0.035214719278630846,0.16890084617208964,0.1340822772326028,-1381.605080490353
273,-203.76213827964796,0.9585694095929769,0.17803100976029843,3.0,7.0,0.0,203.78496760450784,0.9680032107427919,0.03199678925720806,0.21465133870449493,0.3884810307186324,-1383.366929197706
274,-201.95653110935308,0.9874097222455486,0.1388026768981785,3.0,15.0,0.0,203.1323258058562,0.367708262894985,0.632291737105015,0.24150189608173228,0.24276579091845507,-1384.887529288551
275,-203.15008405668306,0.9857904567554749,0.1850525117098482,4.0,19.0,0.0,204.5476968123151,0.43627710690243154,0.5637228930975684,0.1983592667154644,-0.13262302587295932,-1393.5726016178066
276,-202.11993305125782,0.9239101215870408,0.21232073265687315,2.0,7.0,0.0,204.41631793242465,0.8379855790637623,0.16201442093623775,0.10102644355064827,0.44843025737716596,-1382.2190131401935
277,-203.11280230557435,0.9943534945633626,0.17803100976029843,4.0,15.0,0.0,204.54479899250887,0.776643916072407,0.22335608392759299,0.1399346621485696,-0.3256806393397892,-1390.844299368373
278,-201.50692933122684,0.9960050825628058,0.1388026768981785,2.0,7.0,0.0,202.30280809350276,0.4207957230486615,0.5792042769513386,0.1864185847613805,0.20034840476184723,-1382.144156179694
279,-203.23586256374602,0.9894826031854156,0.1850525117098482,4.0,15.0,0.0,204.93661117286078,0.38944863849311245,0.6105513615068876,0.7127586207052061,-0.03189414957169277,-1393.5416490140824
280,-202.2793447500176,0.9947369259608193,0.21232073265687315,3.0,7.0,0.0,202.70336456444466,0.6629175560526692,0.3370824439473308,-0.07163052088667704,0.5718756348661217,-1386.6578955966145
281,-203.56761720813796,0.9753948567825853,0.17803100976029843,3.0,15.0,0.0,205.21415953710112,0.8623231003084758,0.1376768996915242,0.1326665063563427,1.041302792787458,-1390.5235897059117
282,-202.7508708012084,0.9929568561246184,0.1388026768981785,3.0,7.0,0.0,202.89380019942962,0.3725320650299185,0.6274679349700816,0.6717263308274759,-0.048527049390312264,-1390.1213664091792
283,-203.0548844364597,0.9835263792733213,0.1850525117098482,3.0,7.0,0.0,203.80006397996448,0.31632914403946316,0.6836708559605369,0.5836312664721596,-0.15734243298792272,-1391.7604485586874
284,-202.79608154920174,0.9717046851815986,0.21232073265687315,4.0,31.0,0.0,202.89767162853022,0.20518919135851793,0.794810808641482,0.8132025048605401,0.06885059297959235,-1387.7635641539225
285,-202.7232929970242,1.0,0.17803100976029843,2.0,7.0,0.0,203.90823760524788,0.9009271042641178,0.09907289573588218,0.09128076883871122,0.7507278166755531,-1383.1783304458136
286,-202.2281915899085,0.7405152355087042,0.1388026768981785,2.0,3.0,0.0,205.01869546795686,0.31740480592523806,0.6825951940747619,0.603425623113067,0.013351389923770995,-1386.0633630791558
287,-202.405989360076,0.9190998614229472,0.1850525117098482,2.0,7.0,0.0,205.4232341861898,0.14106258565407268,0.8589374143459273,0.5074999974843122,0.056911676157189756,-1383.3662696926363
288,-202.57648348569978,0.9858810311341241,0.21232073265687315,3.0,11.0,0.0,203.45534378253836,0.09180650366550555,0.9081934963344944,0.38324550214826836,0.166126076556344,-1382.0366996800446
289,-203.41924717254355,0.904939856072231,0.17803100976029843,2.0,3.0,0.0,203.76567650057066,0.9260617237589881,0.0739382762410119,0.02782744554033112,0.7020303709233596,-1386.222118030115
290,-203.29227170377337,0.9646825900418184,0.1388026768981785,3.0,15.0,0.0,204.65928126637846,0.1545789370654101,0.84542106293459,0.9996339830460281,0.09305397435320874,-1389.3658680134815
291,-201.6919055392804,0.9990217200844334,0.1850525117098482,3.0,11.0,0.0,202.54078178607747,0.43909446043530515,0.5609055395646949,0.358949003524199,0.0921873151812081,-1383.4402867638173
292,-202.28494146810314,0.9969501556079452,0.21232073265687315,4.0,19.0,0.0,203.36264894391837,0.8178286144917404,0.18217138550825962,0.040352279112627655,0.3635257466086602,-1384.0676147360443
293,-203.15435689622495,1.0,0.17803100976029843,2.0,7.0,0.0,203.69546957364625,0.9328015038780333,0.06719849612196671,0.07138519075300553,0.7761585408208629,-1383.6838245029471
294,-202.42493657694618,0.8586532985658286,0.1388026768981785,3.0,15.0,0.0,205.03214978879203,0.16043852221994662,0.8395614777800534,0.6677722777673232,0.043719396688644,-1384.0671203752438
295,-201.9345803405411,0.9670979048213282,0.1850525117098482,3.0,15.0,0.0,203.60496847005166,0.8175803186320264,0.1824196813679736,0.1728710038804157,0.04444322698302336,-1381.7427215216971
296,-204.09757181379166,0.814348144636062,0.21232073265687315,3.0,15.0,0.0,205.8679093161225,0.973242616997119,0.026757383002880997,0.07730912353912742,0.7888829765851787,-1384.1135978671186
297,-201.6998628167822,0.8536323793689425,0.17803100976029843,4.0,17.0,0.0,205.6778726956236,0.6121439754389277,0.38785602456107227,0.3166347614522853,0.019896643749402643,-1383.2736585257153
298,-202.00807317088334,0.9784268322346805,0.1388026768981785,4.0,15.0,0.0,203.298919989686,0.433294840111137,0.566705159888863,0.31020246825427383,-0.07775649166853082,-1385.6337895455863
299,-201.78857380296424,0.9999778640498396,0.1850525117098482,4.0,15.0,0.0,202.20361577019656,0.591572941419864,0.40842705858013595,0.316180485348496,-0.1196269616569149,-1383.9955479700689
300,-202.4302488187464,0.96362933026548,0.21232073265687315,4.0,15.0,0.0,204.5082242162942,0.09923099469854962,0.9007690053014503,0.1544841454932649,0.17030750095888111,-1381.6120427938042
301,-203.36621484465692,0.9583166730954928,0.17803100976029843,4.0,15.0,0.0,203.5926653466874,0.7356282085988175,0.2643717914011825,0.45895103821822786,-0.3581092180259805,-1393.2004722162376
302,-201.87003699166115,0.9686083131916376,0.1388026768981785,2.0,7.0,0.0,202.9642182181196,0.3061044390390106,0.6938955609609894,0.47305830697304685,0.07069397589547347,-1383.569339674942
303,-201.98830984254707,0.9983341846836667,0.1850525117098482,4.0,15.0,0.0,202.46392223246514,0.19590194886272483,0.8040980511372752,-0.006675750460560181,0.2409674935979804,-1382.4688963988797
304,-203.78039616297917,0.9566527314194283,0.21232073265687315,3.0,7.0,0.0,204.8764736921153,0.025767551337016234,0.9742324486629838,-0.16448215194690155,0.13714428556846428,-1382.172191945934
305,-205.251712938757,0.9322214619710916,0.17803100976029843,3.0,11.0,0.0,206.02271968101633,0.03911809006597876,0.9608819099340212,0.6180351776702386,-0.02445056440198312,-1394.8334137644572
306,-203.07712534957432,0.9901462333405547,0.1388026768981785,4.0,15.0,0.0,203.15540679901144,0.09385385553723835,0.9061461444627616,0.8492809258534476,0.16040281150991503,-1385.1374127289512
307,-202.11385624038965,0.99824197438989,0.1850525117098482,4.0,31.0,0.0,202.93100570407427,0.6669410535143315,0.3330589464856685,0.37392903678426115,-0.18806887466133956,-1385.6091391538625
308,-203.12028794791493,0.6539127606444411,0.21232073265687315,4.0,31.0,0.0,206.76757248898903,0.8253037589113907,0.17469624108860926,-0.04948014901726322,0.8067366278510595,-1389.1628395993669
309,-204.11777406898813,1.0,0.17803100976029843,2.0,3.0,0.0,205.63899853621348,0.08008173632688577,0.9199182636731142,0.5926711504920328,0.2759182600711538,-1391.6099384010772
310,-202.80915576027672,0.9989891649979304,0.1388026768981785,4.0,19.0,0.0,203.76299407406847,0.5874077936237102,0.4125922063762898,-0.14280360059128083,0.29276148428381865,-1391.0738207989327
311,-202.02189783815203,0.9470365273326206,0.1850525117098482,3.0,15.0,0.0,203.75300468924067,0.8403649247351925,0.15963507526480747,0.16558076899286622,0.10854742426139453,-1381.6077961037963
312,-203.8438631283378,0.9866356819783793,0.21232073265687315,3.0,11.0,0.0,205.05312648306213,0.92331047875352,0.07668952124647999,0.13758571172075185,1.3235679255939639,-1388.2843071692246
313,-205.37958514407734,0.3367423044974834,0.17803100976029843,2.0,3.0,0.0,207.73419006782203,0.08713195070492206,0.9128680492950779,0.4819317920552561,-0.08228977144899946,-1401.0185666316415
314,-202.74175736001177,0.9953130828849261,0.1388026768981785,3.0,15.0,0.0,203.63584453612506,0.21713532414484027,0.7828646758551597,-0.1824897236356978,0.11522296689840358,-1388.2094761608887
315,-201.86757569655958,0.9995825518869204,0.1850525117098482,4.0,15.0,0.0,202.35308064188507,0.2203463084203934,0.7796536915796066,0.34995486487001615,0.13868168483149113,-1382.161720603141
316,-203.00573019613103,0.8924759161805262,0.21232073265687315,4.0,15.0,0.0,205.5732487635157,0.39818656031774596,0.6018134396822541,0.37414644901414484,-0.18207802120943448,-1392.2956928548235
317,-202.00086662626225,0.9833162895570366,0.17803100976029843,3.0,9.0,0.0,206.69666416892946,0.5717575664486905,0.42824243355130953,0.3681008179995663,-0.17019399703069477,-1385.510598927769
318,-202.30142189020867,0.9909630228093999,0.1388026768981785,2.0,7.0,0.0,204.07408547350002,0.1404770990985143,0.8595229009014858,-0.20804924499334404,0.18997180940866565,-1382.7765714284053
319,-201.84935947077318,0.9995646924991655,0.1850525117098482,3.0,15.0,0.0,202.63810299588857,0.49463742269617955,0.5053625773038204,-0.05287710311112755,0.23631462657005173,-1384.698367258364
320,-201.59060978002003,1.0,0.21232073265687315,3.0,7.0,0.0,204.01531019440995,0.37435501529914816,0.6256449847008518,0.3427260769736424,0.048899962102147115,-1382.4083452166576
321,-201.8995031941492,0.9299785151650598,0.17803100976029843,4.0,23.0,0.0,203.37855018673363,0.7927857839321337,0.20721421606786627,0.10940429314666847,0.20341161198497,-1382.1494788365997
322,-205.54938085577047,0.6538317951467506,0.1388026768981785,4.0,31.0,0.0,207.16227029356304,0.9957003324434485,0.004299667556551534,0.12964115279414484,0.42007011495910856,-1382.0463151176957
323,-202.3782406826932,0.9607772123576382,0.1850525117098482,2.0,7.0,0.0,202.8403365399431,0.6227132086366239,0.37728679136337606,-0.0841444400518398,0.3024479795701175,-1387.8889380708554
324,-202.9065493169544,0.8271230201092089,0.21232073265687315,2.0,7.0,0.0,204.40334023073694,0.24331027492255333,0.7566897250774467,0.40553462450596217,0.24984954514442434,-1389.7434404083972
325,-202.37077000089556,0.8950672496109328,0.17803100976029843,2.0,7.0,0.0,203.90704771252615,0.7043411056075685,0.29565889439243154,0.34572156026051876,0.04885369772387162,-1386.9839352278643
326,-204.50115787747416,0.9741871330869583,0.1388026768981785,4.0,31.0,0.0,206.88465784299916,0.9869872802931696,0.013012719706830378,0.20245134281146393,-0.4279553744318064,-1382.3676577868632
327,-202.8025466661539,0.9990130722268215,0.1850525117098482,4.0,15.0,0.0,203.56847712687107,0.08907343301389753,0.9109265669861024,0.7487588401994226,0.1296835577834145,-1383.0623159248253
328,-201.7938836024077,0.9852465593314681,0.21232073265687315,2.0,7.0,0.0,203.86630965522852,0.5126726819294182,0.4873273180705818,0.2514028554215777,-0.05608844930187867,-1384.3048530488359
329,-202.0872450065301,0.9907318035703644,0.17803100976029843,3.0,15.0,0.0,203.56285791694552,0.5134103326554386,0.48658966734456144,0.2568199499504076,0.2589446479926228,-1386.2732314038271
330,-204.66105799568686,0.9901348418210302,0.1388026768981785,5.0,31.0,0.0,206.0565006966745,0.010656413263626742,0.9893435867363732,0.7985845676299594,0.1584936464353281,-1381.7299239618774
331,-202.2693096506236,0.995527376636823,0.1850525117098482,3.0,11.0,0.0,203.16756634845095,0.34206095408811815,0.6579390459118819,0.5885693343573338,-0.05734002948252381,-1386.6226441784806
332,-203.24551249573315,0.717702977602161,0.21232073265687315,3.0,7.0,0.0,204.66323273944414,0.9076343812669293,0.0923656187330707,0.24835404238786118,0.3883959152896366,-1386.6630157481038
333,-201.90338845725444,0.8560825814100692,0.17803100976029843,3.0,7.0,0.0,203.48800625701912,0.31499879210270115,0.6850012078972989,0.2138428459430873,0.03883095614447166,-1384.0652212617174
334,-205.77377483729404,0.9632769635429337,0.1388026768981785,4.0,31.0,0.0,209.73077382186332,0.009506861917040513,0.9904931380829595,2.3844002166484204,0.11002477383854394,-1384.288580784549
335,-202.68574180063476,0.9992743245130525,0.1850525117098482,4.0,15.0,0.0,202.84328578148364,0.0876304619379355,0.9123695380620644,0.6102480057842857,0.11579947554605645,-1382.3190496946445
336,-201.4735884548412,0.9418070046832485,0.21232073265687315,3.0,9.0,0.0,205.3600561682297,0.5379123449342432,0.4620876550657568,0.20146309168147997,0.060335649653871365,-1382.076042764767
337,-203.75113052946378,0.9332990772773218,0.17803100976029843,3.0,15.0,0.0,206.18701162613718,0.2848553614462568,0.7151446385537432,-0.45927700641248315,0.20382281407599226,-1396.254395580888
338,-208.78428818636888,0.7878196972714561,0.1388026768981785,5.0,31.0,0.0,210.25377627551887,0.9996901484155917,0.00030985158440832716,0.1517593876557665,2.3405086722907793,-1381.6680364358842
339,-202.4981782492491,0.8403738708721327,0.1850525117098482,4.0,15.0,0.0,204.69449561783742,0.7431207384358248,0.2568792615641752,0.3782868753761222,-0.2311602759897182,-1387.198597469957
340,-202.1719337288206,0.9382292896189256,0.21232073265687315,3.0,7.0,0.0,202.6393357545104,0.539974379756802,0.46002562024319804,0.4549541354127147,-0.03500699087514822,-1386.753983663696
341,-202.75716360002232,1.0,0.17803100976029843,2.0,7.0,0.0,203.72435629681476,0.1147114251541776,0.8852885748458224,-0.28977758694157496,0.280769161098911,-1384.657031517852
342,-208.7483837132482,0.9999948296362955,0.1388026768981785,4.0,15.0,0.0,208.88592793362957,0.9996831358239656,0.00031686417603438155,0.16663812493675262,2.3210151180371037,-1381.6489354132889
343,-202.41230466586387,0.9802287727502286,0.1850525117098482,2.0,7.0,0.0,203.7683190783588,0.7815617403259584,0.21843825967404162,0.33417140321058225,-0.12248841643984984,-1385.8943582168054
344,-201.84148950581783,0.9468168830925673,0.21232073265687315,2.0,7.0,0.0,203.79196126766794,0.2997164612307746,0.7002835387692254,0.4493740743259912,0.021920909174094935,-1383.3125261854411
345,-203.29082172135597,0.9176867270725588,0.17803100976029843,2.0,3.0,0.0,203.63283023252467,0.10936028543873196,0.890639714561268,-0.3636748263915299,0.10585454576209498,-1388.071741089212
346,-208.9203773434539,0.9877591750541342,0.1388026768981785,2.0,3.0,0.0,208.97929161078162,0.9997113083945436,0.0002886916054564148,0.19786662055563986,2.286812546897256,-1382.3202634172083
347,-203.29991619803394,0.968725660412775,0.1850525117098482,3.0,7.0,0.0,204.20443195089757,0.8686384827553997,0.13136151724460032,0.3096348738429533,0.11223865066453723,-1389.2582245302078
348,-203.2920641611692,0.9572309865038676,0.21232073265687315,3.0,15.0,0.0,203.54740196787853,0.08994052985464634,0.9100594701453537,0.9597345779678134,0.026649568782784246,-1386.2067940377021
349,-204.45135240394865,0.9842077496114229,0.17803100976029843,3.0,15.0,0.0,206.4139742124019,0.605831856833354,0.39416814316664595,-0.25920851386969895,0.775738720455573,-1401.8294756990388
350,-208.3426235330993,0.9693652995655814,0.1388026768981785,3.0,15.0,0.0,209.81935653881146,0.9994118711725157,0.0005881288274842689,0.1584949619236678,2.6469576824060352,-1381.720520222529
351,-202.29597045099658,0.6578307334788424,0.1850525117098482,3.0,7.0,0.0,207.82144415040307,0.4522833395707011,0.5477166604292989,-0.13751163427924162,0.479323100603647,-1387.556964481702
352,-203.39985188155768,0.6901480138872739,0.21232073265687315,2.0,7.0,0.0,204.87393438171534,0.043902493379996944,0.956097506620003,0.8544994727958638,0.14785601436527,-1382.4847666975213
353,-204.17813105103824,0.8943046538640016,0.17803100976029843,4.0,23.0,0.0,207.67010454189545,0.01704507133909406,0.982954928660906,-0.40887143054240843,0.15097580485274933,-1382.0021229579654
354,-208.9025848588055,0.9385996176695757,0.1388026768981785,4.0,15.0,0.0,209.45686049290842,0.9461581726485262,0.0538418273514738,0.16940112217092007,3.1153590793779187,-1414.0780508109995
355,-202.6998126647019,0.7092504571967468,0.1850525117098482,3.0,7.0,0.0,206.21416692736156,0.10906955915030807,0.890930440849692,-0.005626641727009302,0.2558064054405699,-1384.0404085851137
356,-203.60128696607833,0.9442512727113166,0.21232073265687315,3.0,15.0,0.0,204.86494404175528,0.038495447315171294,0.9615045526848287,0.5149463905840599,0.08780804001557986,-1383.4210244295186
357,-203.9734067656498,0.7929360711437023,0.17803100976029843,3.0,11.0,0.0,205.62797870571765,0.02661608618355832,0.9733839138164417,-0.7325246301266696,0.14616522680349894,-1383.281075336991
358,-206.77539734456042,1.0,0.1388026768981785,3.0,7.0,0.0,209.058671746501,0.9848350948364812,0.01516490516351876,0.06316921493798525,3.0144619041376135,-1391.4635017021303
359,-202.38032246861312,0.9822678164341598,0.1850525117098482,3.0,15.0,0.0,203.5505762799735,0.18113099218493528,0.8188690078150647,-0.26036992791767255,0.17883171259988329,-1384.7250647860396
360,-202.4350099167599,0.48358197505302486,0.21232073265687315,4.0,15.0,0.0,206.43379506791823,0.7764102553759016,0.22358974462409842,0.2156200655168479,-0.3239995036311512,-1386.1451263680403
361,-205.3502788691858,0.388554768980911,0.17803100976029843,3.0,15.0,0.0,209.1625799875065,0.03687877512151379,0.9631212248784862,-1.492144253347414,0.2985672284653269,-1393.4540104540752
362,-202.50228688715484,0.9655602249166899,0.1388026768981785,5.0,47.0,0.0,208.10861722361705,0.7495775860362974,0.2504224139637026,-0.028191530507513544,0.34266840691946787,-1387.178515667322
363,-203.85672422211601,0.9036694313992162,0.1850525117098482,5.0,31.0,0.0,204.22112218000936,0.9694868557345807,0.03051314426541929,0.22921716485931443,0.17520824244899436,-1383.8011419031523
364,-202.84823339863712,0.9972838539054297,0.21232073265687315,2.0,3.0,0.0,203.00374961907002,0.8229456987708991,0.17705430122910093,0.33885371867187747,-0.4412577006403515,-1387.6532166114598
365,-205.790499589456,0.9301346753310605,0.17803100976029843,2.0,7.0,0.0,208.55820016659055,0.003911435996000482,0.9960885640039995,-1.151354226837626,0.17950807275305355,-1382.0553206248678
366,-203.48651275426815,0.9872298006560419,0.1388026768981785,3.0,11.0,0.0,204.0068216148091,0.07777455309078285,0.9222254469092172,0.035702463175457846,0.0542769992334738,-1387.4300986518842
367,-203.82899757843902,0.982827836014916,0.1850525117098482,2.0,7.0,0.0,204.56521377948488,0.9571926079997174,0.04280739200028261,0.25817832130745166,0.1430741255101423,-1385.8567402790788
368,-202.37196730659957,0.9746951264326158,0.21232073265687315,3.0,9.0,0.0,203.38189174258565,0.642654366119255,0.35734563388074503,0.03667392977564582,0.588152903235362,-1387.4734796668408
369,-206.20162960550957,0.8628470611983202,0.17803100976029843,3.0,7.0,0.0,206.6620851933584,0.0024770290981173037,0.9975229709018827,-1.075125258677501,0.14772513159765682,-1381.9050056728508
370,-203.44897542344145,0.9734836578937995,0.1388026768981785,4.0,23.0,0.0,204.47113794290516,0.6960885306306734,0.30391146936932656,0.49339966135486174,-0.20818835184253837,-1394.3983059844256
371,-202.92613897095842,1.0,0.1850525117098482,3.0,7.0,0.0,203.9627528003987,0.9000734386238989,0.09992656137610112,0.06261170172055812,0.21852791656326873,-1385.08147804405
372,-202.23961585519825,0.9692131539700767,0.21232073265687315,3.0,7.0,0.0,202.94901276335037,0.5738467040017531,0.4261532959982469,0.09800996169867167,0.4622184390327442,-1387.1004717575897
373,-205.04458820670862,0.5241310978631297,0.17803100976029843,3.0,15.0,0.0,208.82812623266,0.007878557793485168,0.9921214422065149,-0.9129522963891985,0.1808317587844026,-1382.1368008639697
374,-202.15826903312546,0.9810916886094456,0.1388026768981785,4.0,23.0,0.0,205.02910533570733,0.7341083503242843,0.26589164967571566,0.3360494544873802,-0.21454422733103481,-1385.0369453223598
375,-202.16004595436453,0.9993080678119799,0.1850525117098482,4.0,15.0,0.0,203.4838080071851,0.3556560249248877,0.6443439750751123,0.5288117720704744,0.06372300697508107,-1386.0498649511899
376,-201.39877359416187,0.989954517603537,0.21232073265687315,3.0,9.0,0.0,202.88387747034307,0.4833231173885446,0.5166768826114554,0.1505892112272075,0.16616284282223243,-1381.5861488512478
377,-203.88636208956774,0.9576140092722619,0.17803100976029843,3.0,15.0,0.0,205.78373068085236,0.024534104756742836,0.9754658952432571,-0.5885074831408196,0.18406397844951605,-1382.2853732163087
378,-202.4702268240822,0.9945773823328956,0.1388026768981785,3.0,7.0,0.0,202.6719232451146,0.732730880645167,0.267269119354833,0.3028778789640069,-0.3668847307633849,-1387.1564119414281
379,-202.13807714706346,0.9959267011890357,0.1850525117098482,4.0,15.0,0.0,202.70530146334426,0.22393570904314017,0.7760642909568598,0.5207841384764492,0.12368351524618561,-1383.9849808229335
380,-202.1377110382007,0.9239935057743737,0.21232073265687315,2.0,7.0,0.0,202.3145869166439,0.5408995778375313,0.4591004221624687,0.17315343000462655,0.3575700873091131,-1386.558993796553
381,-203.9641894134642,0.6777999729319558,0.17803100976029843,4.0,15.0,0.0,206.05683375380357,0.8627972337800907,0.13720276621990934,0.3432553512461569,0.16161562950105418,-1394.0701565597863
382,-202.0073958271049,1.0,0.1388026768981785,3.0,15.0,0.0,203.34549450704552,0.634431693081358,0.36556830691864195,0.3773267020739943,-0.15256357254562972,-1385.1801255647438
383,-203.71415659453058,0.9961814900778504,0.1850525117098482,4.0,15.0,0.0,204.5453569647947,0.04038960255309957,0.9596103974469005,1.1382250463114316,0.15857195093714105,-1383.6141130498172
384,-203.0495764767935,0.9640040631365164,0.21232073265687315,2.0,7.0,0.0,204.40212105057566,0.17224616092805595,0.8277538390719441,0.10852283490875411,0.023553916663421187,-1389.1507253880402
385,-202.42419340873533,0.9694289580269996,0.17803100976029843,3.0,7.0,0.0,206.52405891326296,0.7869566029827723,0.21304339701722774,-0.011521563626569725,0.4491705382669834,-1385.7863109252237
386,-202.8327722275645,0.886261384843869,0.1388026768981785,4.0,23.0,0.0,205.12611380485737,0.09099928733191343,0.9090007126680866,0.5066673779724038,0.06595788621335846,-1383.6774455014845
387,-203.20932905775874,0.9847061655815235,0.1850525117098482,4.0,31.0,0.0,205.06645270669466,0.05281180086700136,0.9471881991329987,0.6479316424151123,0.09931082654908847,-1382.658653674101
388,-202.0125734847592,0.9853158378920439,0.21232073265687315,3.0,7.0,0.0,203.30839788882108,0.41083509113686545,0.5891649088631346,-0.04189550611432856,0.15626801122308148,-1385.631391425162
389,-202.64415998232303,0.9986368586948143,0.17803100976029843,4.0,19.0,0.0,203.19763831739002,0.08953068527169931,0.9104693147283007,0.5676006223823515,0.11658516257702478,-1382.2088172227186
390,-203.7535138358887,0.9932267231677102,0.1388026768981785,4.0,23.0,0.0,204.4595607227572,0.07870827362723551,0.9212917263727645,1.3339505198455632,0.10770423788849906,-1387.8070662172413
391,-201.87698401699572,0.9167162812274855,0.1850525117098482,4.0,15.0,0.0,204.12461544298841,0.33354214390540615,0.6664578560945938,0.3655668219485849,0.1547026932255559,-1383.9931067725176
392,-202.19935833371133,0.9723932314033966,0.21232073265687315,3.0,15.0,0.0,202.89069927342467,0.7627283688660405,0.23727163113395955,0.045181570899170236,0.6229692228339121,-1384.5986803621643
393,-204.01713579797672,0.6618105225743619,0.17803100976029843,3.0,11.0,0.0,205.6058511950386,0.1208172689992151,0.8791827310007849,0.8797185792280886,-0.06994112734145985,-1393.1391445300567
394,-202.53952418724842,0.9812575152387609,0.1388026768981785,4.0,23.0,0.0,204.68023998005694,0.12774752576851248,0.8722524742314876,0.7088504591295522,0.10660012799143596,-1383.4915778295804
395,-202.27294752006458,0.8010419584249071,0.1850525117098482,2.0,7.0,0.0,205.36104275139294,0.6531226905927473,0.3468773094072527,0.21088523741313203,0.3583007534094978,-1386.846310287296
396,-201.759981375675,0.9167716958756744,0.21232073265687315,3.0,9.0,0.0,202.84013594195437,0.6348247523879175,0.36517524761208253,0.2680753068753332,-0.11022413934636463,-1383.538385562955
397,-205.56201112163575,0.8481156336395905,0.17803100976029843,3.0,9.0,0.0,209.39559631009854,0.6444210034345053,0.35557899656549474,-0.26414280816957364,0.2878668571363438,-1409.6623068330084
398,-202.60303623009264,0.9487435020130094,0.1388026768981785,4.0,23.0,0.0,203.55841146627773,0.7261355047652601,0.2738644952347399,-0.037698724137821556,0.7161901020103156,-1387.931072901124
399,-201.91462864519997,0.9951711077947977,0.1850525117098482,4.0,15.0,0.0,202.80116304592502,0.6152137428093171,0.38478625719068293,0.37050918469923855,-0.12969700412116278,-1384.6907241834747
400,-202.0444632428372,0.9726755796510236,0.21232073265687315,4.0,15.0,0.0,202.28750167186354,0.22001247433649748,0.7799875256635025,0.01583996079095716,0.2700109741405708,-1383.43528595948
401,-204.86727071942005,0.7018436746462923,0.17803100976029843,3.0,9.0,0.0,212.09209179469923,0.02614456444299343,0.9738554355570066,1.3268822921941847,0.2410434372330807,-1388.2469123620133
402,-202.30962425600202,0.9760571492073541,0.1388026768981785,3.0,7.0,0.0,202.9825945907746,0.8582518709325386,0.14174812906746137,0.07936827804789302,0.5268274682293681,-1382.7086729057285
403,-202.36959150274308,0.9855953102260135,0.1850525117098482,5.0,31.0,0.0,203.00965794335542,0.1483271214400069,0.8516728785599931,0.36677631480698175,0.06095659932186959,-1383.508875945078
404,-202.7370587784207,0.8367119577484462,0.21232073265687315,3.0,7.0,0.0,204.05158110281002,0.07061388734981827,0.9293861126501817,0.10332198934464434,0.15796975878809394,-1381.6121589659026
405,-204.46114989557628,0.9869227587405236,0.17803100976029843,2.0,5.0,0.0,205.7226805622973,0.07049949032161842,0.9295005096783816,1.4311530209141659,-0.004533677823804552,-1391.773599217868
406,-202.37350633903057,0.98140833322909,0.1388026768981785,2.0,7.0,0.0,202.57740604699347,0.8203675333744599,0.1796324666255401,0.1686312844482144,0.5037451577754554,-1384.4757073838446
407,-201.85311316092174,0.9225349328957874,0.1850525117098482,3.0,7.0,0.0,203.46843614313664,0.43775210865058695,0.5622478913494131,0.30074021733626016,0.18684407422978194,-1384.5595822210107
408,-203.33911996437234,0.9911107385546408,0.21232073265687315,4.0,15.0,0.0,204.2470552691262,0.03804370523531872,0.9619562947646813,0.35419091314048334,0.1503987656592001,-1381.6395108948211
409,-202.90442078649207,0.9246780857530709,0.17803100976029843,4.0,15.0,0.0,205.86039687299737,0.2969487184307262,0.7030512815692738,0.619530029946302,-0.12851773872135516,-1390.4472618965228
410,-202.39383235626642,0.8934385692013227,0.1388026768981785,3.0,11.0,0.0,205.59314724746497,0.8453040661434917,0.15469593385650826,0.26564733365203225,0.0008121655989065113,-1383.9733191082428
411,-204.11950823130763,0.9250234751633912,0.1850525117098482,3.0,15.0,0.0,204.2924623917468,0.7864964954632416,0.21350350453675837,0.020883566561321676,-0.15954451578617423,-1397.6599608991846
412,-202.77129434894755,0.8050759166171342,0.21232073265687315,3.0,11.0,0.0,205.64639173622493,0.12385647903538208,0.8761435209646179,-0.3175116479719624,0.14482506817450427,-1385.2481809196995
413,-202.87954572271485,0.46937958773146155,0.17803100976029843,3.0,11.0,0.0,208.40274854053644,0.9361177961568271,0.06388220384317289,0.18958994552233308,-0.172258245096571,-1381.9283238877526
414,-202.34692223844124,0.9898953425766667,0.1388026768981785,3.0,15.0,0.0,203.00350653293214,0.8644201311063806,0.1355798688936194,0.18866810754898178,-0.2268003494295463,-1382.8783964624251
415,-202.9519085485568,0.9586402113571422,0.1850525117098482,2.0,7.0,0.0,205.3813539006377,0.9274295267782977,0.07257047322170229,0.2371571005875731,-0.0936349699871273,-1383.2451590138508
416,-203.1346649310737,0.80316977766758,0.21232073265687315,2.0,7.0,0.0,205.27290297627255,0.20572435269839465,0.7942756473016054,-0.562367692024811,0.2629375506433058,-1390.3580840138575
417,-202.57087434996322,0.9999542579788264,0.17803100976029843,3.0,7.0,0.0,202.90123992092052,0.9045179603418141,0.09548203965818591,0.17036317238198495,-0.18426893897198832,-1382.3373779111166
418,-202.29805232306825,0.9707294832947377,0.1388026768981785,3.0,15.0,0.0,204.06131856935858,0.8284833029689471,0.17151669703105288,0.1368881440030289,-0.0957953246884228,-1383.9226932097781
419,-203.58304768401788,0.9864934974506121,0.1850525117098482,3.0,15.0,0.0,204.60409649511953,0.5175316966114678,0.4824683033885322,-0.06194139649091278,0.6589427438590322,-1396.3389561472668
420,-203.63321308504226,0.8929003079190204,0.21232073265687315,2.0,7.0,0.0,205.06864031607864,0.03472493240271598,0.965275067597284,-0.5838123053811118,0.15767019050306952,-1382.8763879948651
421,-201.51868502958982,0.9993498386646472,0.17803100976029843,3.0,7.0,0.0,202.7441671610979,0.5738533158173794,0.4261466841826206,0.1275981047426871,0.2761888165797183,-1382.2332775314892
422,-201.93813929309675,0.9950900672110925,0.1388026768981785,4.0,31.0,0.0,205.38965010641184,0.799529219485567,0.200470780514433,0.14001544222084925,0.36322716201074157,-1382.1615496001111
423,-203.2030991515624,0.9997452848799374,0.1850525117098482,4.0,15.0,0.0,204.34704382723172,0.9065214477890472,0.0934785522109528,0.268211273731066,-0.6619355148176327,-1386.1873568147491
424,-203.9486370060584,0.753112417610827,0.21232073265687315,2.0,3.0,0.0,204.53644772186053,0.03169353829823903,0.9683064617017609,-0.6447270981450419,0.24380398034477202,-1384.3514509610159
425,-201.6884828118165,0.9935018451318215,0.17803100976029843,4.0,15.0,0.0,201.87368483435736,0.34548579165758,0.65451420834242,0.11613403836982791,0.2571510785772763,-1382.8764146255828
426,-201.41557742052024,0.9502242798891605,0.1388026768981785,3.0,15.0,0.0,202.73866281787323,0.5527525807768573,0.4472474192231427,0.12762105157010908,0.19174531677615295,-1381.6302022894574
427,-203.61575453417865,0.9534794538072824,0.1850525117098482,2.0,7.0,0.0,204.17431695046082,0.8862380397373633,0.11376196026263674,0.34231668559140505,-0.6343790834935107,-1390.2298598101645
428,-203.86927875830114,0.9842970974516525,0.21232073265687315,3.0,15.0,0.0,204.40074440020348,0.03941955178593008,0.96058044821407,-0.5215685245751858,0.10541463721001082,-1385.4206049892534
429,-201.66745411144976,0.9674910298060002,0.17803100976029843,1.0,3.0,0.0,202.0845167792943,0.3177860355228448,0.6822139644771552,0.10464915918061089,0.12497935647049527,-1382.4859776061458
430,-201.578271370147,0.9875283061920985,0.1388026768981785,3.0,9.0,0.0,202.56122802459146,0.58080055032981,0.41919944967018996,0.034853468649549885,0.2524644300129697,-1382.638308237326
431,-207.23044778818445,0.915955305673582,0.1850525117098482,4.0,17.0,0.0,208.76796331859344,0.9804621246029732,0.019537875397026783,0.34750669834162007,1.2775900167989511,-1402.6624788445695
432,-204.96954463557068,0.9573106349160939,0.21232073265687315,2.0,7.0,0.0,207.4262507619512,0.009669871834875778,0.9903301281651242,-0.2024260567770128,0.22892413556119473,-1383.6884165639449
433,-204.30702235964452,0.7669933377991655,0.17803100976029843,3.0,11.0,0.0,205.3467458541466,0.986125374540021,0.013874625459978973,0.15257822854975156,0.15580567409894333,-1381.6160752350934
434,-203.0047890286939,0.984730029853986,0.1388026768981785,4.0,31.0,0.0,203.20024188726205,0.8581895597087786,0.14181044029122136,0.1147328360642923,-0.2882760816351836,-1387.6752048201013
435,-203.47404902629714,0.9823993326674467,0.1850525117098482,3.0,15.0,0.0,208.2832583542632,0.9522641993059413,0.047735800694058694,0.13553350093723027,1.056469610938281,-1383.2175549962092
436,-205.75048142640145,0.9801727390580065,0.21232073265687315,4.0,15.0,0.0,207.7777396737086,0.9724143458270843,0.027585654172915697,0.2575502037631049,1.8603257508093722,-1393.2331456778963
437,-204.08177633249215,0.9970806760152421,0.17803100976029843,2.0,3.0,0.0,204.34889978441734,0.9821115661594546,0.017888433840545392,0.14041017105288903,0.13025275941381328,-1381.7965569889996
438,-202.17604225259953,1.0,0.1388026768981785,2.0,3.0,0.0,202.97667489514873,0.8380008743268206,0.16199912567317942,0.2230178627636134,-0.20167931646593762,-1382.710455772987
439,-203.6178378883437,0.9349591311604885,0.1850525117098482,4.0,15.0,0.0,204.62839655159812,0.8655050172329873,0.13449498276701266,0.2021222313919216,0.8342471536917364,-1391.0496661239395
440,-204.24076122983138,0.9957698281991662,0.21232073265687315,3.0,11.0,0.0,206.0099805832014,0.9602730944504494,0.039726905549550606,0.10446697311674212,1.646050833201476,-1385.933663741594
441,-203.10214332907643,0.9192731683429752,0.17803100976029843,4.0,15.0,0.0,205.54460582553438,0.10098396578928653,0.8990160342107134,0.1793139534481809,0.05054258200974214,-1386.3765158057422
442,-203.4871005109796,0.9979902086137974,0.1388026768981785,4.0,23.0,0.0,203.66028910324113,0.9413291807916138,0.05867081920838624,0.20708099745490785,-0.8177268889868737,-1385.0179225155978
443,-202.48089796540498,0.9814716150741296,0.1850525117098482,4.0,31.0,0.0,205.46278763393795,0.14348576932127696,0.856514230678723,-0.08071540356696483,0.12018330585799669,-1384.188950190204
444,-205.07492825761614,0.9246396993603162,0.21232073265687315,2.0,3.0,0.0,205.3931851260328,0.9330068965139405,0.06699310348605947,0.06541622356475021,1.8620792164091413,-1394.457973324717
445,-204.1023006922984,0.8604306907468968,0.17803100976029843,4.0,15.0,0.0,204.56650703074945,0.9793679710625104,0.02063202893748961,0.21168946178437284,-0.4778131687313045,-1382.7005236135392
446,-202.26108972763268,0.9220501258431398,0.1388026768981785,4.0,15.0,0.0,204.39151502059403,0.5061315824974635,0.4938684175025365,0.21395233147609685,0.32445828444286007,-1387.4624632054763
447,-201.99592326462115,0.9925959038907994,0.1850525117098482,3.0,7.0,0.0,204.68873572443164,0.7303198989620472,0.2696801010379528,0.18793044256706906,-0.12750039664853546,-1384.070210757277
448,-204.7086380585302,1.0,0.21232073265687315,3.0,7.0,0.0,205.1880730315624,0.9782876084709485,0.021712391529051467,0.15674904330289602,1.8460371049766275,-1384.505927102976
449,-202.85260470617342,0.9956408925345723,0.17803100976029843,3.0,7.0,0.0,204.19109181256007,0.9157839435457649,0.08421605645423513,0.20610636242678843,-0.4592179760125437,-1383.3373328564305
450,-201.6556804620482,0.9979555316573181,0.1388026768981785,3.0,15.0,0.0,202.62345381855206,0.4749183018495636,0.5250816981504365,0.0751601604537241,0.327370530423808,-1383.2970876447873
451,-203.2137825356758,0.9926919820732826,0.1850525117098482,4.0,15.0,0.0,204.2271092660244,0.6743128994557089,0.32568710054429106,0.03564160249341203,0.7484004490289289,-1392.7950275914818
452,-205.41999223217942,0.9330758533029233,0.21232073265687315,4.0,23.0,0.0,206.42128580203385,0.03721968241378293,0.9627803175862171,0.06543628649251194,0.33993466144456996,-1395.8926953302093
453,-202.41475514809196,0.9809130510986732,0.17803100976029843,4.0,15.0,0.0,203.1565646481528,0.13480143819190865,0.8651985618080913,0.040932325045055146,0.11082533936855465,-1383.3765114715575
454,-204.5094520576848,0.8291080340939915,0.1388026768981785,4.0,27.0,0.0,206.39541818437633,0.2202535996843926,0.7797464003156074,-0.07285091849196072,0.4631930552529919,-1400.3415867210945
455,-202.51494569900615,0.9829618141361232,0.1850525117098482,4.0,15.0,0.0,204.50524280349887,0.8458064386469845,0.15419356135301554,0.2853356442614293,-0.34790079997139367,-1384.677698970111
456,-205.20593457855233,0.9846764767767744,0.21232073265687315,4.0,31.0,0.0,209.24370657178227,0.09154613713512089,0.9084538628648791,-1.3096177049178113,0.20708478968728652,-1398.8153555276658
457,-202.5644293973017,0.9158226282778514,0.17803100976029843,4.0,15.0,0.0,203.29310896720918,0.45158133517926363,0.5484186648207363,-0.2017197473311682,0.2664712341932303,-1389.5277938075114
458,-202.32422609868252,1.0,0.1388026768981785,2.0,7.0,0.0,204.56174000787098,0.41916679203952756,0.5808332079604724,-0.1726032315158689,0.2389094196043303,-1387.7721069297904
459,-202.7770642658821,0.9593915861776454,0.1850525117098482,2.0,7.0,0.0,203.83980908799634,0.8826781152852435,0.11732188471475646,0.2865166367565446,-0.24512044293058954,-1384.9473478913958
460,-205.21962222653494,0.8336975849522262,0.21232073265687315,3.0,15.0,0.0,207.3560711206112,0.006097384159619598,0.9939026158403804,-0.540630370796584,0.19070731637719332,-1382.0520714292302
461,-202.2381898399032,0.911401226930565,0.17803100976029843,3.0,11.0,0.0,203.71335212332997,0.27505529472964546,0.7249447052703546,-0.2900102712120749,0.2705747295837032,-1385.7377235497618
462,-203.3882906324713,0.7067941097698033,0.1388026768981785,3.0,7.0,0.0,207.23570810414606,0.14412353798508673,0.8558764620149133,-0.1773287443570535,0.06414575900006181,-1390.4698792319577
463,-202.18163454019628,0.9994148989656912,0.1850525117098482,4.0,15.0,0.0,203.03411099055612,0.6649193791751439,0.3350806208248561,0.37541603380955174,-0.03883147618483103,-1386.1264441719486
464,-206.39303183267526,0.6969232293779938,0.21232073265687315,4.0,15.0,0.0,206.9873735152868,0.006218208276190496,0.9937817917238095,-0.5118451880594997,0.2965133945884591,-1390.2740484662108
465,-202.72026400035097,0.9715532808859271,0.17803100976029843,3.0,7.0,0.0,202.98416933766285,0.19879924296753834,0.8012007570324616,-0.4363000531584682,0.22404255939409562,-1387.4440022569713
466,-202.36947901226898,0.9658212470161764,0.1388026768981785,2.0,3.0,0.0,203.75384676084988,0.15498563695622602,0.845014363043774,-0.19996664898365285,0.1617271676802445,-1383.8194709976044
467,-205.52334291349,0.8659904104779295,0.1850525117098482,4.0,15.0,0.0,207.19532436087735,0.4459457578786353,0.5540542421213648,0.08709592851355441,0.6324002808790167,-1409.6956878311673
468,-205.53093201980212,1.0,0.21232073265687315,1.0,3.0,0.0,206.29332272615522,0.004591855438328942,0.995408144561671,-0.4950944477557738,0.19907664545548043,-1382.292014335042
469,-203.01169399553365,0.9068082188356968,0.17803100976029843,3.0,7.0,0.0,204.44789305438724,0.2352243629188456,0.7647756370811544,-0.3386201870194944,0.16010295163115856,-1390.3844767909118
470,-201.72439875789823,0.9904155084117252,0.1388026768981785,4.0,15.0,0.0,202.7346164065705,0.23657677235667884,0.7634232276433212,0.14586678316549023,0.15763936166565706,-1381.6008443378742
471,-202.12446314732324,0.9672034221816151,0.1850525117098482,3.0,11.0,0.0,208.4448043874137,0.8482766282631512,0.1517233717368488,0.20309841759492323,-0.08350750147969571,-1382.022099191688
472,-205.05497043512705,0.745522241698239,0.21232073265687315,2.0,3.0,0.0,206.22275835855274,0.0067258246221654555,0.9932741753778346,-0.42853049889100236,0.16128951253913654,-1381.6906930485056
473,-203.28222270356764,0.7948840867677914,0.17803100976029843,2.0,3.0,0.0,204.1584648184086,0.1566879277515679,0.8433120722484321,-0.33080879231416616,0.3709891980704101,-1390.0297859276407
474,-201.84192613752992,0.9888028188964324,0.1388026768981785,3.0,15.0,0.0,203.49686744535302,0.7925881913416145,0.2074118086583855,0.1913094928144606,0.12901177006741463,-1381.7567008628746
475,-201.79200783940632,0.8972869120924294,0.1850525117098482,3.0,11.0,0.0,203.8808107467969,0.7763329561361507,0.22366704386384928,0.12931563818530817,0.2874329577205068,-1381.7501357947945
476,-203.96526746210665,0.7996813809180094,0.21232073265687315,3.0,15.0,0.0,207.32193568417483,0.024739616562732922,0.9752603834372671,0.14352866987098817,0.2188745682244713,-1383.1557546204351
477,-202.40846143571935,1.0,0.17803100976029843,2.0,3.0,0.0,202.9791365100469,0.1860523057117395,0.8139476942882605,-0.3452177394228487,0.29294861778159126,-1384.9721254612402
478,-202.38457552906107,0.895761946537202,0.1388026768981785,3.0,11.0,0.0,205.17130103461122,0.8239254854707698,0.17607451452923017,0.04213516774767448,0.6778633148230222,-1384.2892422865866
479,-203.00573804718246,0.9176468148502497,0.1850525117098482,2.0,7.0,0.0,203.26500219187545,0.8060153438051997,0.19398465619480032,-0.03381817271790623,0.3626277467117589,-1389.3811968249852
480,-202.39116526834925,0.4384116895276091,0.21232073265687315,3.0,7.0,0.0,206.64179564586095,0.34434638408600093,0.6556536159139991,-0.14208294139560385,0.16166744816016534,-1387.7483133939204
481,-201.8794391881786,0.9707519525087912,0.17803100976029843,3.0,15.0,0.0,202.76879898333442,0.3683920189832037,0.6316079810167963,-0.1161258631327551,0.35636213356686075,-1384.3403057688845
482,-204.1053230412617,0.9029122238834476,0.1388026768981785,3.0,15.0,0.0,205.65867151069864,0.8574864458463493,0.14251355415365075,0.06616553372622717,1.2531376805733603,-1394.0293180291067
483,-203.8060182817993,0.9337130414569629,0.1850525117098482,3.0,11.0,0.0,205.44604848820128,0.8742059605028675,0.12579403949713253,0.3513610804718394,-0.01614828776877343,-1392.4860687711962
484,-201.87623809278048,0.9749171807677209,0.21232073265687315,3.0,15.0,0.0,203.8247778086667,0.7536549412103484,0.24634505878965163,0.26591988883887696,-0.01701099288032029,-1382.8187673656405
485,-201.61039629624403,0.984914967690666,0.17803100976029843,4.0,15.0,0.0,202.24453819640445,0.6332701176589255,0.3667298823410745,0.21336802983469394,-0.014619107732692885,-1382.550545144729
486,-204.0131616220516,0.9988558911410961,0.1388026768981785,3.0,7.0,0.0,204.4632593919182,0.8840602076998682,0.11593979230013185,-0.030510550222485014,1.1872965572025105,-1392.3197057864966
487,-206.11657221457764,0.756805806271946,0.1850525117098482,2.0,3.0,0.0,207.8296819718977,0.7860755315467696,0.21392446845323043,-0.05520608127514204,-0.18676304637788887,-1411.4547043860223
488,-202.10869014232222,0.9936175398338934,0.21232073265687315,4.0,15.0,0.0,202.34444070006563,0.22612986156531784,0.7738701384346822,-0.010133027461143237,0.288235881061708,-1384.005348655172
489,-202.13733789727564,0.9269064482303533,0.17803100976029843,3.0,7.0,0.0,202.50096895989356,0.6134659546567985,0.38653404534320146,0.35627954765474207,0.0825256017591818,-1386.2583722940526
490,-203.60828122725266,0.991330489128683,0.1388026768981785,3.0,7.0,0.0,204.8555367384824,0.9384989622701188,0.06150103772988125,0.2021337227409534,0.9015726898511137,-1386.0369178693948
491,-204.56250635657716,1.0,0.1850525117098482,2.0,3.0,0.0,206.36217675357244,0.8036057838865008,0.19639421611349916,-0.016129600724929354,-0.09911094736739615,-1400.3053915877117
492,-201.67363924655305,1.0,0.21232073265687315,2.0,3.0,0.0,202.07325187719144,0.3318161159442014,0.6681838840557985,0.010359784303028629,0.17317595079029435,-1382.6805490323147
493,-201.55110629956542,0.982962557536053,0.17803100976029843,3.0,15.0,0.0,202.61526887858957,0.354330869789666,0.645669130210334,0.021183763775589837,0.21361879185321514,-1382.0370429845561
494,-203.19575860952955,0.9945679185962708,0.1388026768981785,3.0,15.0,0.0,204.3858638978918,0.955284964443646,0.04471503555635403,0.1456802599423459,0.4010444046608328,-1381.6878993369971
495,-202.80227536953686,0.9978362104092359,0.1850525117098482,4.0,15.0,0.0,205.52776924599578,0.1687073558452574,0.8312926441547426,0.833616759307894,0.005541415713876896,-1386.739082875219
496,-203.59231207423898,0.8162961706775073,0.21232073265687315,2.0,7.0,0.0,205.9313273294299,0.05481984995701038,0.9451801500429896,0.05393323322095307,0.06873163446799836,-1385.9117511551763
497,-201.71963463104885,0.9337631082948346,0.17803100976029843,3.0,15.0,0.0,202.35670139380073,0.4333134932557303,0.5666865067442697,0.12197080803909927,0.0761102527681187,-1383.7118575218603
498,-203.23609613596548,0.9951118665285145,0.1388026768981785,4.0,15.0,0.0,203.6079798153976,0.9522671071499567,0.04773289285004334,0.11368608492994521,0.5845159675603209,-1382.2468667719827
499,-203.5602938532421,0.9776232114283002,0.1850525117098482,4.0,15.0,0.0,203.6290884567609,0.05656282597203871,0.9434371740279612,1.0001339193436811,0.18076253948632182,-1385.0087132567537
500,-201.63488927116504,1.0,0.21232073265687315,2.0,7.0,0.0,203.77821475213312,0.3666569768851596,0.6333430231148405,0.027786610130109496,0.2865211044184136,-1382.68710058376
501,-201.47250749498113,0.9892249155207024,0.17803100976029843,3.0,9.0,0.0,202.15044354331093,0.4428309545275142,0.5571690454724858,0.2522277513046825,0.06552371330600619,-1381.9970529710376
502,-202.58303666271732,0.8659628325211861,0.1388026768981785,4.0,15.0,0.0,205.38835458045614,0.7847521504305577,0.21524784956944232,0.03142221130333397,0.7660332657811427,-1386.602074868495
503,-203.9479201389898,0.976513617817778,0.1850525117098482,2.0,3.0,0.0,203.98921373821005,0.054839720835476925,0.945160279164523,1.0232452024428458,0.21467964076954735,-1387.433279539501
504,-202.3215165470025,0.8011762678914006,0.21232073265687315,2.0,7.0,0.0,205.15871715315643,0.4782310951116637,0.5217689048883363,0.2768680365992947,-0.1298073672326311,-1387.9174959779912
505,-201.43339240244032,0.9988163310120106,0.17803100976029843,3.0,15.0,0.0,201.66719045444552,0.5120843182574107,0.48791568174258926,0.10219481037162748,0.24202493105121578,-1381.8127648562502
506,-202.24726722058693,0.9927819148453774,0.1388026768981785,3.0,7.0,0.0,202.70180010974775,0.7748642157357433,0.22513578426425673,0.028571630373786433,0.6383134415641489,-1384.6603444050368
507,-203.35379299909866,0.9059530045550895,0.1850525117098482,4.0,15.0,0.0,205.22204249254327,0.04596570319058649,0.9540342968094135,0.7725209143851588,0.16236502810454767,-1382.580198925659
508,-201.5725581311954,0.8845693368385817,0.21232073265687315,4.0,15.0,0.0,203.61679164584703,0.6600964191208039,0.33990358087919614,0.2422166796687158,0.02246763215047881,-1382.0394255608162
509,-201.58263012522366,0.9954228764803698,0.17803100976029843,2.0,7.0,0.0,201.78045616051665,0.3285925026979314,0.6714074973020686,0.015452541475415,0.21345905960607192,-1382.0041269269675
510,-201.8020929931114,0.9967108687236916,0.1388026768981785,3.0,15.0,0.0,202.88538889280315,0.3241509412821213,0.6758490587178787,0.01034041950515565,0.14532938610749704,-1383.4928812847052
511,-203.17016310909338,0.9979277623285351,0.1850525117098482,4.0,23.0,0.0,204.76990882322713,0.05091351738432062,0.9490864826156794,0.6487343038422226,0.15218988848516898,-1382.1366862171965
512,-202.03300738479783,0.9722607636028477,0.21232073265687315,3.0,11.0,0.0,202.6960998783126,0.2757079688601879,0.7242920311398121,-0.22502317300578023,0.29711845542359144,-1384.3464127519696
513,-201.83892808199607,0.9926919429558911,0.17803100976029843,3.0,15.0,0.0,201.8949667776642,0.3655393444652474,0.6344606555347526,-0.12795868628091495,0.2575278336523862,-1384.0877905487557
514,-202.74107707441976,0.9020038721165008,0.1388026768981785,2.0,3.0,0.0,203.04980696131958,0.32531433630003803,0.674685663699962,0.03294278182643281,0.030294320154243073,-1390.0086001475936
515,-203.00330724801984,0.9644266539756494,0.1850525117098482,4.0,15.0,0.0,204.8158775849005,0.8609475485290381,0.1390524514709619,0.19340396233507257,0.661930409547477,-1387.2239590795689
516,-202.54221299514205,0.8565545581971367,0.21232073265687315,3.0,15.0,0.0,203.14981342754692,0.12496408409016767,0.8750359159098323,-0.2931067490129116,0.26111165625914967,-1383.6906112812796
517,-202.02485439198563,0.9732233886161361,0.17803100976029843,3.0,15.0,0.0,203.76898711765386,0.20613614555092613,0.7938638544490739,-0.16487656260903136,0.2567994116624326,-1382.954375858957
518,-202.94834383226544,0.987182464695397,0.1388026768981785,3.0,11.0,0.0,204.30197648026962,0.20230701792035352,0.7976929820796465,0.5546993656822055,0.20751084149528023,-1389.0148817886102
519,-202.82987558322736,0.9309819657886383,0.1850525117098482,4.0,15.0,0.0,204.75931195191208,0.23933515313731643,0.7606648468626835,-0.29069950183711346,0.1566219514333414,-1389.2379587538926
520,-204.27822063303557,0.5381797440467134,0.21232073265687315,2.0,3.0,0.0,205.3384468045075,0.07376079374927612,0.9262392062507239,-0.3425839016515244,0.04411162016896045,-1392.463625325509
521,-202.59136297508022,0.8264154659869242,0.17803100976029843,4.0,15.0,0.0,204.11734206290285,0.5205649066853002,0.4794350933146998,0.311928887570477,0.26291089775851895,-1389.7199792884255
522,-205.10877989899407,0.8403920853708532,0.1388026768981785,3.0,11.0,0.0,205.56574688667192,0.1752424564968533,0.8247575435031467,0.6183431821032964,0.31389008391721995,-1403.0647060861108
523,-202.3138016032585,0.9974395800676134,0.1850525117098482,3.0,11.0,0.0,204.03015804213845,0.1945131254802946,0.8054868745197055,0.23287597332814963,0.24061555310168564,-1384.6334461969566
524,-202.75445244780036,0.9868391295705458,0.21232073265687315,4.0,23.0,0.0,205.28740450935663,0.7573438759184461,0.2426561240815539,0.30192741427004705,-0.4532623396534263,-1388.6199603813254
525,-201.92155183514555,0.9806404491916417,0.17803100976029843,3.0,11.0,0.0,203.1271924871842,0.6582163429857901,0.3417836570142099,0.3178681927450777,-0.17808881268133694,-1384.4050530644474
526,-203.56971913227815,0.9955661317114405,0.1388026768981785,4.0,15.0,0.0,205.89578338456465,0.9047180977085386,0.09528190229146138,0.1527325192075395,1.1075300751173376,-1388.1992736135383
527,-201.55220577529653,0.9817848777104256,0.1850525117098482,4.0,15.0,0.0,203.1735577928145,0.5968937963206856,0.4031062036793144,0.2069508258153457,0.01654788152156139,-1382.3955058739325
528,-204.20440527892848,0.7662019272078073,0.21232073265687315,3.0,11.0,0.0,205.9902734139228,0.9549226178275787,0.0450773821724213,0.27192273642791515,0.43936225858587574,-1388.6351867935566
529,-203.31307197520667,0.9645439097295261,0.17803100976029843,3.0,15.0,0.0,204.2177635781477,0.938290072844853,0.061709927155147004,0.19573957464487243,-0.7005980938210599,-1384.2997995699607
530,-203.65010985648743,0.9445056270284198,0.1388026768981785,3.0,11.0,0.0,204.53737140265412,0.9004635701241012,0.09953642987589884,-0.024171214976727046,0.8376331351643909,-1389.4967429192434
531,-201.5374233814178,0.970068789871911,0.1850525117098482,3.0,15.0,0.0,202.2616324811999,0.4947239733536077,0.5052760266463923,0.029216490686280225,0.22048838652853256,-1382.5515341548785
532,-204.29667468773653,0.9994478959545205,0.21232073265687315,3.0,7.0,0.0,204.85955367603032,0.589194871501814,0.41080512849818596,-0.11778511084219606,0.8130797859116558,-1400.8490345635041
533,-205.30600156898615,0.6992463014238096,0.17803100976029843,2.0,3.0,0.0,207.44241684659931,0.9744212089402684,0.025578791059731598,0.31655622923706095,-1.000973254537371,-1391.7491738232955
534,-204.17881378387315,0.9881341313685384,0.1388026768981785,4.0,15.0,0.0,207.32838251898286,0.9644650777293493,0.03553492227065069,0.08163889593383766,1.501110382242378,-1385.1630735596782
535,-203.94976098478475,0.9818927309538132,0.1850525117098482,3.0,7.0,0.0,205.1554361473054,0.39121276998168747,0.6087872300183126,-0.3330443158828491,0.5882301684653449,-1398.5293109991057
536,-203.25454424156587,0.9799674797531651,0.21232073265687315,4.0,15.0,0.0,206.85266855080846,0.043660720573756716,0.9563392794262433,0.5459047437676805,0.14529320038191385,-1381.8184206079497
537,-204.5919258422714,0.9423210385464207,0.17803100976029843,4.0,19.0,0.0,206.7809765800171,0.012815919363059229,0.9871840806369407,0.06808010815456701,0.2167023032705475,-1383.0397500138833
538,-201.9623050241334,0.9988079474526663,0.1388026768981785,4.0,31.0,0.0,205.257529356155,0.6438037652131413,0.3561962347868587,0.1772732036710431,-0.07682475587039189,-1384.9013464975203
539,-204.99491546424107,0.9177708076639499,0.1850525117098482,2.0,3.0,0.0,205.39183404255465,0.5209745489810594,0.47902545101894056,-0.42635551513551107,0.4919018590370819,-1406.1004686917686
540,-203.44655510168437,0.518226951337922,0.21232073265687315,2.0,7.0,0.0,207.01753139116218,0.05741590717736419,0.9425840928226358,0.27819808312232,0.2427437294188445,-1385.094397427016
541,-204.9874421994554,0.9715614230906664,0.17803100976029843,3.0,13.0,0.0,206.0187126523706,0.008549181061249418,0.9914508189387505,-0.11676543523525743,0.10943889537803694,-1383.0274855738573
542,-203.11057388381514,0.8501421624132469,0.1388026768981785,2.0,5.0,0.0,204.18958774796698,0.5100700904010584,0.48992990959894156,0.02933181332752173,-0.016361640495545338,-1393.458180188041
543,-203.6754064604381,0.9207956423932836,0.1850525117098482,3.0,11.0,0.0,207.6384652797626,0.47474736245507837,0.5252526375449216,0.3485559745509739,0.32735335323183873,-1397.1486057272662
544,-203.43714964135492,0.9695139822456889,0.21232073265687315,2.0,3.0,0.0,203.96926834933947,0.039697272963882875,0.9603027270361171,0.2635503170810443,0.10917913651280639,-1382.6562814189163
545,-202.89481437769223,0.8965389776259057,0.17803100976029843,3.0,7.0,0.0,205.56018302550893,0.0792840513987251,0.9207159486012749,-0.27508497166935925,0.14380989992788373,-1383.384707378649
546,-202.49441178368647,0.9888235313256469,0.1388026768981785,3.0,15.0,0.0,203.66564631046668,0.7437690296863787,0.2562309703136213,0.10821133760483097,0.6293824745550672,-1386.9787004075724
547,-203.67677468382252,0.9933103784760163,0.1850525117098482,2.0,7.0,0.0,205.28642383637597,0.5505988023794862,0.4494011976205138,0.28047012847643543,0.40540773882081715,-1397.0921871894031
548,-201.91525138383562,1.0,0.21232073265687315,2.0,7.0,0.0,204.4053930249263,0.22134957018756102,0.778650429812439,0.2466698956366281,0.19266236557813837,-1382.5513032034974
549,-203.1705179731019,0.8838808509018562,0.17803100976029843,2.0,3.0,0.0,203.47524254133472,0.06550899090157562,0.9344910090984244,-0.24883924290316642,0.2534946964439848,-1384.0476860918877
550,-201.79813381546705,0.9981283887859665,0.1388026768981785,2.0,7.0,0.0,202.8818586206387,0.760912816436685,0.23908718356331504,0.08846219834984845,0.31087609396472676,-1382.109973509681
551,-203.15776715046604,0.9888488968633171,0.1850525117098482,3.0,15.0,0.0,205.77307138318184,0.8065335360566274,0.19346646394337264,0.34777412616694103,-0.5598855077031489,-1390.1567644555578
552,-201.68969033738813,0.9990409039518943,0.21232073265687315,4.0,15.0,0.0,202.15854842990242,0.5341934575337913,0.4658065424662087,0.3270644551678948,-0.06896078836887626,-1383.517986559905
553,-203.32297201751618,0.9682412988954354,0.17803100976029843,3.0,7.0,0.0,203.82579926204906,0.07192912275652935,0.9280708772434707,-0.2748565039865975,0.28041727181766374,-1385.674835804922
554,-202.00769970562905,0.9789700777722404,0.1388026768981785,4.0,15.0,0.0,202.52148534974717,0.4988694990902137,0.5011305009097863,0.4010188731930398,-0.1361911584758384,-1385.6886610593644
555,-203.5215203135559,0.9522590240656161,0.1850525117098482,3.0,7.0,0.0,203.816367221376,0.7158376087030753,0.28416239129692467,0.2980174677013036,-0.5285066479148485,-1394.5583055030058
556,-202.92307042949795,0.862119297102604,0.21232073265687315,4.0,15.0,0.0,203.6283773094075,0.333615997646181,0.666384002353819,0.43794332344835135,0.22671925832655593,-1391.146045883113
557,-203.5365568222218,0.8841056359511299,0.17803100976029843,2.0,3.0,0.0,203.9519246782726,0.07109940659467219,0.9289005934053278,-0.2637684467766153,0.0828766869671271,-1387.1433789244459
558,-202.1422439208395,0.9999671806284847,0.1388026768981785,4.0,31.0,0.0,202.54418357119286,0.8284175367844439,0.17158246321555615,0.1458499721689407,0.4424968385187083,-1382.6851723667723
559,-204.81727700982927,0.9899686957179858,0.1850525117098482,3.0,7.0,0.0,205.35457243953783,0.7990322021790327,0.2009677978209673,0.4669142954650224,-0.6859862161617778,-1401.5990134626563
560,-202.06027296649464,0.9828325398334837,0.21232073265687315,4.0,15.0,0.0,203.82583311605316,0.4295405125587928,0.5704594874412072,-0.08501291287866126,0.42859245697678394,-1385.903326996563
561,-202.4143358040236,0.9989048914213515,0.17803100976029843,3.0,7.0,0.0,203.52131718387366,0.19629778569796905,0.8037022143020309,-0.33637122363207556,0.3064130438245913,-1385.293729886166
562,-201.73084589350702,0.9980095781758848,0.1388026768981785,4.0,31.0,0.0,202.8952210323098,0.23775151036261133,0.7622484896373887,0.23401778454673805,0.13683385825263483,-1381.645332947994
563,-205.35758239659802,0.9423529313121822,0.1850525117098482,1.0,1.0,0.0,205.4045791608125,0.797130417624692,0.20286958237530806,0.49661536991687333,-0.7039186595108857,-1405.3336795663836
564,-202.03516343867727,1.0,0.21232073265687315,2.0,3.0,0.0,202.1397947928039,0.453261465571071,0.5467385344289291,-0.07921363989573992,0.43800326885183893,-1385.8015876330985
565,-202.25721141402278,0.9114122871125757,0.17803100976029843,2.0,3.0,0.0,202.70029715825507,0.2248964137426283,0.7751035862573716,-0.31494700743319454,0.28228465661741453,-1384.9218878382167
566,-205.9909624478881,0.9359782700181706,0.1388026768981785,4.0,23.0,0.0,207.53259761984714,0.7798519163907197,0.2201480836092803,0.07699517499148309,-0.5939341315447797,-1410.453246299749
567,-205.3188613016834,1.0,0.1850525117098482,3.0,15.0,0.0,206.65204244072845,0.9928059730146129,0.00719402698538707,0.22339968425889067,-0.837303901396564,-1383.5077737388285
568,-201.6885635718113,1.0,0.21232073265687315,3.0,11.0,0.0,202.3172118267631,0.44804419108590077,0.5519558089140992,0.06238271371710007,0.1285562955679352,-1383.5464339821647
569,-201.45397051149467,0.995962450001717,0.17803100976029843,4.0,15.0,0.0,202.50143210326917,0.3953051571315241,0.604694842868476,0.20681046621947846,0.1456347868453344,-1381.6535972871009
570,-204.04799142688165,0.9143623796327504,0.1388026768981785,2.0,3.0,0.0,207.4879628841491,0.7711961799997082,0.22880382000029176,0.23670074648380673,-0.6456055405893107,-1397.1224099464723
571,-205.11769988620583,0.9771287017614333,0.1850525117098482,4.0,23.0,0.0,206.73338050056776,0.9875001364940531,0.012499863505946895,0.22778673938630695,-1.3937612327934987,-1384.8237882011924
572,-201.6916525828593,0.9922016791636941,0.21232073265687315,3.0,7.0,0.0,201.9016044676871,0.5606456807690877,0.4393543192309123,0.025118404200349553,0.39622393822153545,-1383.4219128324248
573,-202.29747435007442,0.8586076875481113,0.17803100976029843,2.0,3.0,0.0,202.5083661691042,0.3265118974353741,0.6734881025646259,0.22487643851139882,0.28204106320020816,-1386.8467892465685
574,-202.65064838156633,0.9212454182098454,0.1388026768981785,3.0,15.0,0.0,206.0092126870897,0.8299093351460968,0.17009066485390323,0.20721692268475916,0.4738564358439422,-1386.1056915228994
575,-205.8548281564891,0.9130735424353545,0.1850525117098482,2.0,7.0,0.0,206.32677381356677,0.9767555185554325,0.023244481444567477,0.05122144557733664,-1.4325888672316558,-1394.0731231412215
576,-201.6852258337699,0.9979291299240377,0.21232073265687315,4.0,15.0,0.0,201.90640827607214,0.2735008207824898,0.7264991792175102,0.21027356825215804,0.18014614364252501,-1381.963267811042
577,-202.05164668075176,1.0,0.17803100976029843,2.0,7.0,0.0,202.56228977691316,0.4187752189384189,0.5812247810615812,0.31946143252792364,-0.07864494430075684,-1385.8689410823038
578,-202.34376836846968,0.9948256808015424,0.1388026768981785,4.0,31.0,0.0,203.56204655488557,0.5657972877897032,0.4342027122102968,0.46627752582861526,-0.059353560297873816,-1387.8536086999109
579,-202.40278483135566,0.8533440524016993,0.1850525117098482,4.0,23.0,0.0,208.59235076598262,0.8665222011330537,0.13347779886694633,0.2350686120056009,-0.29199911009315566,-1383.1269363462782
580,-202.5257649306662,0.7663809505011915,0.21232073265687315,2.0,7.0,0.0,203.44909860501159,0.4395134452347628,0.5604865547652371,0.2288446879343179,0.3267163042472996,-1389.1830115486282
581,-201.43700316136272,0.9989787975703439,0.17803100976029843,2.0,5.0,0.0,202.26116172052306,0.4538609307185349,0.5461390692814652,0.24122788411948534,0.11045604914339247,-1381.7814857650267
582,-205.033251135386,0.74240791271274,0.1388026768981785,2.0,3.0,0.0,205.75677099237868,0.6938949010213298,0.3061050989786702,0.5290729586588646,0.011931763898980966,-1405.3757795548593
583,-203.92760142916873,0.9710389500281064,0.1850525117098482,3.0,15.0,0.0,204.6881213779466,0.21503743023329983,0.7849625697667002,0.4978122149139626,0.28455063483546955,-1396.1087407967123
584,-201.47287474363912,1.0,0.21232073265687315,2.0,3.0,0.0,202.3662481597403,0.45985595002181173,0.5401440499781882,0.17440557979440593,0.09518246095279725,-1382.0703719362793
585,-201.74517709175907,0.9558739408120587,0.17803100976029843,4.0,15.0,0.0,202.48028779060903,0.43102386592733805,0.568976134072662,0.41015103223250365,-0.027524212534811715,-1383.7514922550595
586,-202.0574944935804,1.0,0.1388026768981785,2.0,3.0,0.0,204.9480610678852,0.6418659068522132,0.35813409314778677,0.3857545035195598,-0.13443368471114955,-1385.463684086619
587,-202.63676043616837,0.9602633716746306,0.1850525117098482,2.0,3.0,0.0,204.6793001385759,0.19623777994377473,0.8037622200562253,0.3939564879623904,0.2298988635786726,-1386.8277073033585
588,-201.52257359118968,0.9908541059483519,0.21232073265687315,2.0,7.0,0.0,202.8279642857802,0.4731930455593394,0.5268069544406606,0.05920265059734678,0.18018704821280607,-1382.4414937661072
589,-203.04199702031107,0.9053361627211041,0.17803100976029843,4.0,15.0,0.0,203.23735741621982,0.9039183496083072,0.09608165039169281,0.09208442715332846,-0.1160806490652986,-1385.6658644904567
590,-202.37682149783103,0.9830475736558083,0.1388026768981785,4.0,23.0,0.0,202.77530709576178,0.13587901180265782,0.8641209881973422,-0.2332883973458994,0.18169872189097833,-1383.0974180491535
591,-203.53937816166834,0.9991961942060963,0.1850525117098482,3.0,15.0,0.0,204.72855946413912,0.06731846588694415,0.9326815341130559,0.8105527102357034,0.028015972559718074,-1386.3114898785147
592,-201.71068604880142,0.9775085571862715,0.21232073265687315,3.0,11.0,0.0,201.89229847151657,0.43987240367580743,0.5601275963241925,0.18629406124466996,0.25358678115458294,-1383.605756039182
593,-201.75540233140015,0.9988279112456059,0.17803100976029843,3.0,15.0,0.0,203.15088675153197,0.5585348573820094,0.44146514261799064,0.317833018349779,0.10174944034629153,-1383.9092703337747
594,-201.77373942503863,0.9722408034580272,0.1388026768981785,3.0,15.0,0.0,202.84483006890102,0.23774217267508127,0.7622578273249188,0.0010887444652983025,0.1888585426940002,-1381.974099910871
595,-206.57426431075353,0.9665562166956658,0.1850525117098482,4.0,23.0,0.0,207.5867433884808,0.020858328897057597,0.9791416711029424,1.6372147715012209,0.3099011136179822,-1397.6883980697537
596,-205.58913462982963,0.8694715970573886,0.21232073265687315,3.0,15.0,0.0,206.77576825718174,0.9958885338403188,0.004111466159681165,0.14784476410517275,0.7426330590912857,-1381.68485115706
597,-201.79839479159088,0.9662990357563482,0.17803100976029843,4.0,19.0,0.0,202.64620208807145,0.6928251292917934,0.3071748707082066,0.022237033315636742,0.36265472915379593,-1383.171459358756
598,-201.66716137786827,0.9872284307936371,0.1388026768981785,4.0,15.0,0.0,201.95786729208382,0.38608353269861695,0.613916467301383,-0.034427243121527375,0.31508780575540846,-1383.0362594403002
599,-204.78916253216624,0.9106085700896879,0.1850525117098482,2.0,3.0,0.0,207.65542393203063,0.015111247175901385,0.9848887528240986,1.6705383222648644,0.11766945484112337,-1383.147105999438
600,-204.61216996923864,0.9948327446635711,0.21232073265687315,3.0,7.0,0.0,205.7087932370715,0.9886345148292047,0.011365485170795275,0.1613211440204329,0.8366760383974818,-1381.7776913555845
601,-202.88208097885737,0.9553899815534682,0.17803100976029843,2.0,7.0,0.0,207.4477552408499,0.65971283748402,0.34028716251598,-0.15344674565525213,0.6048784019930198,-1390.8039038475806
602,-201.46439806742043,0.9773568809282548,0.1388026768981785,3.0,15.0,0.0,203.56013484787184,0.6162561528961676,0.38374384710383236,0.1519464508677672,0.20131415242420342,-1381.651726626698
603,-204.7427226424922,0.9994372296915649,0.1850525117098482,3.0,11.0,0.0,205.17771548325828,0.013400920204179304,0.9865990797958207,1.4811681126661047,0.16234527488538295,-1382.5131150824568
604,-202.37319063617863,0.9219375139893486,0.21232073265687315,3.0,15.0,0.0,205.5597287807583,0.7803254557994342,0.21967454420056576,0.029508240376273642,0.6921904145360439,-1385.3471331334708
605,-202.033883300096,0.9662639072633871,0.17803100976029843,3.0,15.0,0.0,204.24451793019196,0.18075043214799613,0.8192495678520039,-0.11374751729752004,0.1990610161355251,-1382.361392692979
606,-201.47371886276144,0.9986676999613253,0.1388026768981785,3.0,15.0,0.0,201.66034420380717,0.36726525387489206,0.6327347461251079,0.1508031125721609,0.1549611765985065,-1381.6097691474738
607,-208.08384725119197,0.5277379257217468,0.1850525117098482,2.0,3.0,0.0,209.45035589271433,0.00884428892889266,0.9911557110711073,1.5190727381389093,0.35528038704903764,-1402.5696592924241
608,-203.15408148524136,0.9187280171374547,0.21232073265687315,3.0,9.0,0.0,206.50643520430123,0.5278571262050689,0.47214287379493114,0.3675666884212939,-0.30257538179958343,-1393.545309576266
609,-203.48307571361127,0.7942641090853662,0.17803100976029843,3.0,11.0,0.0,204.8095918258737,0.0629710584657976,0.9370289415342024,-0.4723903162487748,0.27918770608505783,-1385.8015168335946
610,-203.05436018226345,0.9300133262216896,0.1388026768981785,4.0,15.0,0.0,204.59931975697356,0.09268276071147197,0.907317239288528,0.7134628723052785,0.035456581316479246,-1385.1067431295287
611,-205.5572857203482,0.9318492187713854,0.1850525117098482,2.0,7.0,0.0,209.43056737892047,0.006039064714117267,0.9939609352858827,1.3791423135027094,0.20110508773651314,-1382.9250955104155
612,-203.36115067860817,0.9689218184526093,0.21232073265687315,2.0,3.0,0.0,203.6647098808572,0.7225750770297671,0.2774249229702329,0.45462551930366696,-0.12783216081189203,-1393.4747644138167
613,-204.02124442748584,0.4985162080171595,0.17803100976029843,3.0,11.0,0.0,206.67248472487455,0.2741344718537263,0.7258655281462737,-0.24720349886801873,0.5097404620201994,-1397.8989445343248
614,-204.40529167550827,0.8856795374403447,0.1388026768981785,2.0,3.0,0.0,204.50571983462743,0.08649169874309551,0.9135083012569045,0.7423740435474978,-0.0529683959390434,-1393.9703806162415
615,-205.05087924042024,0.9965759095686261,0.1850525117098482,4.0,15.0,0.0,205.78282947389775,0.09018544595565507,0.909814554044345,1.448872105343703,-0.051779306371766795,-1397.354194195571
616,-202.0377649906356,0.9878172690045982,0.21232073265687315,2.0,7.0,0.0,203.96998633646558,0.48262501894000237,0.5173749810599977,0.4364348512110291,-0.1269074294850354,-1385.8645326417763
617,-206.94442325039853,0.6089730911084171,0.17803100976029843,2.0,3.0,0.0,208.13219089818097,0.1836513884468926,0.8163486115531073,-0.20233578203099237,0.5501699753054773,-1416.1163590936333
618,-202.7519029918205,0.9620085020676021,0.1388026768981785,4.0,15.0,0.0,206.15419333147432,0.3021354913821739,0.6978645086178261,-0.05410150216415825,0.412203420843487,-1389.6586062323122
619,-204.83786598492563,0.9943651040870631,0.1850525117098482,4.0,15.0,0.0,205.70541043015675,0.010606770173892001,0.989393229826108,1.044869373789271,0.189520218797876,-1382.5180105348243
620,-201.64268097966328,0.9765775253007254,0.21232073265687315,3.0,7.0,0.0,202.97235647656782,0.5385485237916574,0.4614514762083426,0.34552656024230904,-0.020553709417023835,-1383.1774767318338
621,-202.45893276262538,1.0,0.17803100976029843,2.0,7.0,0.0,207.5499060380749,0.651924968403461,0.34807503159653896,0.1357924515027934,-0.11182582588176737,-1388.2647146862791
622,-202.7174200473103,0.9837367013273884,0.1388026768981785,2.0,7.0,0.0,203.86280156428586,0.240148957857607,0.759851042142393,-0.04617099856051524,0.07180461164681998,-1388.5650546786096
623,-201.8980288413043,0.9680984434993848,0.1850525117098482,4.0,23.0,0.0,207.63767001843195,0.4574964902745291,0.5425035097254709,0.4549925948117528,-0.03711813963355621,-1384.8559507639827
624,-202.10683172313665,0.9237442107932111,0.21232073265687315,2.0,7.0,0.0,202.6453834657652,0.1937342458198908,0.8062657541801093,0.33901434021312027,0.18470631805656434,-1383.1508299760917
625,-202.17923320233186,0.9987802119840132,0.17803100976029843,3.0,15.0,0.0,202.91591445350792,0.3404168915041727,0.6595831084958272,0.41293869103736536,-0.06972944948218772,-1386.134897649008
626,-201.71709563324796,0.9989443804392952,0.1388026768981785,4.0,31.0,0.0,203.22228729729224,0.35065273905742644,0.6493472609425736,-0.09252492513663667,0.2916268991560191,-1383.1097784602712
627,-201.6555021659638,0.9973833101449358,0.1850525117098482,4.0,15.0,0.0,202.07556008247772,0.5399260684231382,0.4600739315768618,0.3320920624409482,-0.05372394998357659,-1383.2687700008325
628,-201.90098104262051,0.9897157451918212,0.21232073265687315,3.0,11.0,0.0,202.87661360101563,0.7956332785265243,0.20436672147347568,0.16645134614741572,0.0067369921979523895,-1382.1109705564768
629,-202.0261330092309,0.5527113667001907,0.17803100976029843,2.0,5.0,0.0,205.08181462015486,0.2718888288078614,0.7281111711921386,0.2655510860327668,0.02859885629528186,-1384.2972515319093
630,-202.37942252696797,0.9867620315945916,0.1388026768981785,3.0,15.0,0.0,203.56154049827524,0.7845666542827467,0.21543334571725326,0.08917777608438417,0.6619746728207838,-1385.3221698160455
631,-202.86324329738278,0.9706139608047656,0.1850525117098482,4.0,15.0,0.0,203.03864466729746,0.9146640570758441,0.08533594292415592,0.2415187125761227,0.02841478886461813,-1383.6613265896096
632,-201.48337362843446,0.9525694963947365,0.21232073265687315,2.0,7.0,0.0,203.65716352146632,0.3624656853195439,0.6375343146804562,0.11470649721539235,0.17590842140042373,-1381.6400851049827
633,-203.54901111185103,0.9817379712650899,0.17803100976029843,4.0,19.0,0.0,204.1592836729394,0.14343959726884647,0.8565604027311535,1.0273289292516838,0.12966376455808157,-1390.6576341036548
634,-203.04447270392316,0.8171160623603286,0.1388026768981785,2.0,7.0,0.0,205.96101734117565,0.9190731290703926,0.08092687092960738,0.07979450679384295,0.12152362189081384,-1384.6127930472862
635,-202.66786986150657,0.865281697748608,0.1850525117098482,3.0,11.0,0.0,205.6656641703726,0.9148502455382863,0.08514975446171369,0.11045202227986935,0.46996207296025566,-1382.1478735080043
636,-201.55939368674612,0.9814970062762536,0.21232073265687315,4.0,19.0,0.0,201.77574858032554,0.6403475972253794,0.3596524027746206,0.25068973702340613,0.05671013959011794,-1382.1228426319756
637,-203.41973848444223,0.9510828015759875,0.17803100976029843,3.0,11.0,0.0,204.31481439200238,0.2560495063586935,0.7439504936413065,0.9052480221785896,-0.03005576298926975,-1393.011201833976
638,-204.60429542640375,0.993470022705982,0.1388026768981785,5.0,31.0,0.0,205.72231411598827,0.6436299599135591,0.3563700400864409,0.058976775529099364,0.8300267194528319,-1402.5874200317212
639,-203.62779385708603,0.9166384674172379,0.1850525117098482,3.0,7.0,0.0,203.81105890635698,0.9124647059147722,0.08753529408522776,0.27014732577313155,0.4057159059327282,-1388.947718898989
640,-201.63505044804913,0.9225162290004713,0.21232073265687315,3.0,15.0,0.0,202.47234144241776,0.389043736724551,0.610956263275449,0.18375489920442464,0.06672557402190038,-1382.887566663651
641,-203.7429713847857,0.9907727770650688,0.17803100976029843,3.0,7.0,0.0,203.89577246971606,0.23448214453108857,0.7655178554689115,0.9436713552727504,-0.09168596630502804,-1394.7657820660272
642,-202.52349211502158,1.0,0.1388026768981785,2.0,3.0,0.0,204.9102662319017,0.7124272144997524,0.28757278550024756,0.009002137128978363,0.6957460341308352,-1387.613421721902
643,-202.23728708027508,0.9991940884861918,0.1850525117098482,3.0,15.0,0.0,203.95562154380826,0.16318586209823835,0.8368141379017616,-0.08512615736718743,0.2600269643863763,-1383.1875773463205
644,-202.04319770527752,0.8746601439949178,0.21232073265687315,3.0,11.0,0.0,203.5485893329043,0.34508555565382343,0.6549144443461765,0.3139677177379009,0.2100190892932766,-1385.2684550474396
645,-202.9543023041084,0.979763733670232,0.17803100976029843,3.0,7.0,0.0,204.957108665235,0.09637591714755697,0.903624082852443,0.6092868335255474,0.19384277664136754,-1384.7449313804232
646,-203.71321828017577,0.9207938334859244,0.1388026768981785,5.0,31.0,0.0,205.19221272292683,0.9593800046115595,0.04061999538844052,0.19791601807212356,0.8508780570342368,-1384.1266806343922
647,-202.83004213901796,0.9191887894999257,0.1850525117098482,2.0,3.0,0.0,203.3510835864603,0.12846109674090764,0.8715389032590923,0.0017121462361747025,0.2867542547452599,-1385.9039040595912
648,-201.7253687155339,0.9798257220541984,0.21232073265687315,2.0,7.0,0.0,202.70316512368257,0.559433732266322,0.440566267733678,0.19371255525148837,-0.01563571531199598,-1383.7623870028692
649,-203.3724548041133,0.8414026428765343,0.17803100976029843,3.0,11.0,0.0,206.44292058876349,0.08281941627491292,0.917180583725087,-0.01869404241750086,0.287558054403248,-1386.9704058188152
650,-201.52959027449177,0.984950877118235,0.1388026768981785,4.0,15.0,0.0,204.01101402375764,0.5749857300039065,0.4250142699960935,0.06101151447115653,0.22013709967605058,-1382.338711493855
651,-202.77089774846843,0.994715261877603,0.1850525117098482,3.0,15.0,0.0,203.71048754185904,0.10814641044477279,0.8918535895552272,-0.17068247193396982,0.1202549482992168,-1384.4987739802525
652,-202.52128781796364,0.9625196458609891,0.21232073265687315,3.0,15.0,0.0,203.2595100117558,0.7096689666476477,0.29033103335235233,0.025292528862346515,0.10215098842397881,-1388.0458193651252
653,-203.67257967006927,0.819381904221463,0.17803100976029843,2.0,3.0,0.0,204.4993780007861,0.21738297426544234,0.7826170257345577,-0.0695500136906978,0.018452543364479948,-1394.6808060003038
654,-202.07436553546705,0.9509514886200333,0.1388026768981785,4.0,15.0,0.0,204.03526849293522,0.17345180589584208,0.8265481941041579,-0.10592095571659144,0.23471358294895175,-1382.4057128085594
655,-201.5904016570969,0.9744783113713029,0.1850525117098482,3.0,15.0,0.0,203.48576413113526,0.4512015615650969,0.5487984384349032,-0.01906238166504302,0.31737172791857815,-1382.8075797124761
656,-204.85646299876024,0.9836358000019602,0.21232073265687315,3.0,7.0,0.0,205.69374658685763,0.5082245672346527,0.4917754327653473,0.6698008166909367,-0.3897973523796262,-1405.0016839742077
657,-202.99193858139154,1.0,0.17803100976029843,2.0,7.0,0.0,203.83645805538671,0.1707524722792843,0.8292475277207156,-0.14324007023630075,0.35006366216040985,-1388.591985078326
658,-202.12858794281357,0.9231761857380001,0.1388026768981785,4.0,31.0,0.0,203.16670666447646,0.23879086560672616,0.7612091343932739,0.32774748894305084,0.20470614550173122,-1384.3480630493887
659,-201.96114484689573,0.9436504300911265,0.1850525117098482,2.0,7.0,0.0,203.03091943188713,0.3121518845744895,0.6878481154255105,-0.009964597452171283,0.3253334455681005,-1384.37943326596
660,-203.79638367430164,0.7569166440141196,0.21232073265687315,3.0,7.0,0.0,205.96538923654606,0.03976628478827441,0.9602337152117256,0.3206901176823327,0.24139179533128965,-1385.0804368805555
661,-203.09877010234743,0.979247202760143,0.17803100976029843,3.0,15.0,0.0,204.30185673198852,0.42320313048444247,0.5767968695155575,0.40755463985969786,0.2401868764963578,-1393.0222687743692
662,-202.3856314595285,1.0,0.1388026768981785,4.0,15.0,0.0,202.62378261261233,0.8350028005051299,0.16499719949487013,0.03841727573987289,0.627129318715179,-1383.9973585636453
663,-203.56084100796406,0.9362038950025936,0.1850525117098482,2.0,3.0,0.0,203.830564146402,0.1792346165480672,0.8207653834519328,-0.09780143163056298,0.034748475324657614,-1392.8999232148142
664,-201.4972719484298,0.9967697262978509,0.21232073265687315,3.0,11.0,0.0,203.87934840646759,0.40133415895921987,0.5986658410407801,0.2855341255431732,0.08991079810527558,-1381.9659193790974
665,-202.53002220899745,0.9557927425954169,0.17803100976029843,3.0,9.0,0.0,204.0608524223739,0.3654070265340559,0.6345929734659441,-0.28776317714442834,0.4231053069983671,-1388.7059644309768
666,-201.9877239033335,0.9991025722147499,0.1388026768981785,4.0,15.0,0.0,202.66940230533552,0.6801309158271703,0.31986908417282967,-0.02577398282329853,0.4879085056891704,-1384.5391474514204
667,-201.85746842664935,1.0,0.1850525117098482,2.0,3.0,0.0,203.8193189850768,0.30253951765405057,0.6974604823459494,-0.0038931672418451163,0.3013933636204549,-1383.5560938731162
668,-201.64448524254828,0.989079225785181,0.21232073265687315,4.0,15.0,0.0,201.81697021066236,0.5586634650717809,0.4413365349282191,0.33737848573331736,-0.013894796561822478,-1383.1403747568609
669,-202.29204075345316,0.9555453214395836,0.17803100976029843,2.0,3.0,0.0,202.75674731915444,0.30445241536562423,0.6955475846343757,-0.22561059123811594,0.21508647119176896,-1386.577132561032
670,-202.01435181369956,0.9624081414336804,0.1388026768981785,3.0,15.0,0.0,204.23701109349224,0.308834755767457,0.691165244232543,-0.21802933726757825,0.29239950939446574,-1384.6830131712777
671,-204.93894455396878,0.9304751915870787,0.1850525117098482,4.0,31.0,0.0,205.10433009862206,0.0625702844397145,0.9374297155602855,-0.967086036628757,0.3546672816494943,-1395.1609620027987
672,-201.85332766704573,0.6982987121163493,0.21232073265687315,2.0,7.0,0.0,204.44776969615648,0.27732625641894515,0.7226737435810549,0.4660610648207727,0.052105605123535084,-1383.0602526442087
673,-202.89105683295406,0.9428576645833833,0.17803100976029843,2.0,5.0,0.0,203.15318080567656,0.31845901689204237,0.6815409831079576,-0.28371177786293145,0.1916528401827914,-1390.8678462035602
674,-201.85381520388083,0.993095861000085,0.1388026768981785,3.0,15.0,0.0,202.56119601355095,0.19986357373291713,0.8001364262670829,0.06859059282907556,0.18129195446126176,-1381.6617557803993
675,-204.62000768390465,0.7881724273246963,0.1850525117098482,2.0,3.0,0.0,207.69722608298764,0.070850841921391,0.929149158078609,-0.9751445379913408,0.10562591537122396,-1393.840541639987
676,-202.55685984464208,0.9775598190180068,0.21232073265687315,3.0,15.0,0.0,203.45747660703316,0.8560574403881305,0.14394255961186952,0.05659760649724397,0.2473108438887901,-1384.6944667885962
677,-201.8426693814251,0.9008756212947264,0.17803100976029843,4.0,15.0,0.0,203.92926350399168,0.7395398740957451,0.26046012590425494,0.2606452527120222,0.03985005369211192,-1382.8424351535753
678,-202.32615188167378,0.4181703780949741,0.1388026768981785,3.0,7.0,0.0,209.71242732865053,0.6111877306761018,0.38881226932389823,0.3379781309159434,0.1581244007558031,-1387.572808901526
679,-204.791547092455,0.9841153206588905,0.1850525117098482,3.0,15.0,0.0,206.21356567267816,0.06107687826076159,0.9389231217392384,-1.0887728676074238,0.10424767106372458,-1393.870116989416
680,-202.51373141455667,0.8960930083093883,0.21232073265687315,1.0,3.0,0.0,203.93158533420666,0.8779782262634096,0.1220217737365904,0.20971758804751447,0.29680816532804916,-1383.3714743914034
681,-201.78011129197392,0.9999384338068239,0.17803100976029843,3.0,7.0,0.0,201.9118662996865,0.6949279856905266,0.3050720143094734,0.14882377825490462,0.015697389317704053,-1383.113296130024
682,-202.23613732228696,0.9994154185206534,0.1388026768981785,3.0,7.0,0.0,202.51321469202324,0.36116165308130027,0.6388383469186998,0.19303158875215198,-0.012429835464692396,-1386.8349836083703
683,-206.68684765846675,0.877080389921853,0.1850525117098482,2.0,3.0,0.0,206.97751937373914,0.055678023994493384,0.9443219760055066,-1.051756522486079,0.003880765629060978,-1406.440485248118
684,-202.10218187475112,0.9996254939078704,0.21232073265687315,3.0,15.0,0.0,202.62137342139363,0.16287679088985155,0.8371232091101485,-0.11641515221879604,0.19632640162912607,-1382.2634148999434
685,-201.525667410032,0.9840300863493617,0.17803100976029843,2.0,3.0,0.0,202.00331392192763,0.6632986714041218,0.3367013285958782,0.1500674477178613,0.13715994448143393,-1381.6989636959224
686,-201.80549644904337,0.9800924488703554,0.1388026768981785,4.0,15.0,0.0,203.51020369302515,0.4928942821066627,0.5071057178933374,-0.003558791924263352,0.4031337624667257,-1384.3050667196703
687,-205.14000421137817,0.9984925107833941,0.1850525117098482,3.0,15.0,0.0,207.52349526908864,0.03338648395630278,0.9666135160436973,-1.2435777395459597,0.30849241304451314,-1391.9212328933613
688,-201.966619528836,0.9873682838834922,0.21232073265687315,4.0,15.0,0.0,202.74028521235354,0.8209461313270406,0.17905386867295936,0.17830906769665492,0.20460889602824323,-1381.827682397032
689,-201.9177894808137,0.9736588503246939,0.17803100976029843,3.0,15.0,0.0,202.82376550508508,0.7695437425694223,0.23045625743057774,0.13093763684016618,0.048032268040122575,-1382.833869618485
690,-202.63062590872684,0.9368800616127644,0.1388026768981785,3.0,15.0,0.0,203.07229915930247,0.40286749293178137,0.5971325070682186,-0.017773854134229876,0.4602604612785676,-1389.6976662152708
691,-204.35230774168596,0.9944275108771439,0.1850525117098482,4.0,15.0,0.0,205.75482284939423,0.05645942004534011,0.9435405799546599,-1.195283632921483,0.2637572776763788,-1390.0660720012697
692,-202.339818308253,0.8845493403967543,0.21232073265687315,3.0,15.0,0.0,203.97254596169927,0.4721509866569168,0.5278490133430832,0.1938301129369212,0.3429262164567484,-1387.982319587997
693,-202.09728604640804,0.9919927692009939,0.17803100976029843,4.0,15.0,0.0,202.4409518959408,0.6790251157152063,0.3209748842847937,0.1361665001734606,0.4518752798947243,-1385.3223787046916
694,-201.76744699094073,1.0,0.1388026768981785,3.0,7.0,0.0,202.53178459711637,0.47588761942151275,0.5241123805784873,-0.08899117133814646,0.32592610678281064,-1384.0693186479757
695,-205.2010681349376,0.9875954094249599,0.1850525117098482,4.0,27.0,0.0,206.52443370938204,0.025506847516292272,0.9744931524837077,-1.7587711850561403,0.14541017079488155,-1389.2678438539892
696,-201.50625636730402,0.9633539008397526,0.21232073265687315,1.0,3.0,0.0,203.28215872804248,0.6065448377222783,0.3934551622777217,0.07345131599272134,0.2702841776638272,-1381.990979645306
697,-202.9889349828446,0.9066781970897592,0.17803100976029843,3.0,11.0,0.0,203.49467811631033,0.8508009514123559,0.1491990485876441,0.3350194459153359,-0.4379060110180818,-1387.677433253122
698,-201.82020355815985,0.99871525534802,0.1388026768981785,4.0,15.0,0.0,202.03511779333866,0.3039963057877615,0.6960036942122385,-0.10940860190088127,0.29928364259884177,-1383.3081877237107
699,-204.84631326967178,0.9339027359175301,0.1850525117098482,4.0,15.0,0.0,205.9784697209076,0.024170125956008853,0.9758298740439911,-1.5784795667967242,0.16158197287447057,-1386.9701557569178
700,-201.7773675027806,0.9671307697585616,0.21232073265687315,3.0,7.0,0.0,202.14524679783784,0.7259714946537826,0.27402850534621737,0.2623889795094088,0.009264797265441951,-1382.6147333943375
701,-202.86935178897642,0.9940015922776639,0.17803100976029843,3.0,7.0,0.0,203.17633228833415,0.81602290494442,0.18397709505558002,0.21079632370226442,-0.4739714881543577,-1388.0406115237415
702,-201.4219192010998,0.9625431981783789,0.1388026768981785,4.0,15.0,0.0,202.3541382697104,0.4435843801710909,0.5564156198289091,0.21229615256833542,0.12287221716520015,-1381.6566844540782
703,-204.19642123425274,0.8599322101390962,0.1850525117098482,4.0,23.0,0.0,206.97601058480186,0.016214509577833006,0.983785490422167,-0.03551279692202433,0.18944697815422845,-1381.921181142723
704,-203.65514831787797,0.9543403551494901,0.21232073265687315,3.0,7.0,0.0,203.93968879935417,0.9613622105187238,0.038637789481276164,0.08529369890563697,0.2641672947697062,-1383.9866431713665
705,-202.3040251739478,0.9986926772659217,0.17803100976029843,3.0,11.0,0.0,203.54633807640747,0.7327000572236035,0.26729994277639646,0.17695481642530822,0.4484731814315424,-1386.0035689250706
706,-201.6315993563064,0.981781401095862,0.1388026768981785,3.0,15.0,0.0,202.18622344897994,0.5218491453381509,0.47815085466184915,-0.025518962422243913,0.3437618353108802,-1383.1297590369538
707,-202.51931567602594,0.994752615697495,0.1850525117098482,3.0,7.0,0.0,204.26189981961102,0.09696352299564992,0.9030364770043501,-0.04082234418219282,0.20924093866060653,-1382.0913934902385
708,-203.32931558211024,0.9471623740434936,0.21232073265687315,3.0,15.0,0.0,204.440015742591,0.9587818913534137,0.04121810864658626,0.19605959989972124,0.17732166361461887,-1382.170066913119
709,-202.9704043937254,0.7034252520856489,0.17803100976029843,2.0,3.0,0.0,206.6205011894194,0.8633656826642669,0.13663431733573306,0.014400194813825484,0.34053726405753,-1387.2051825824335
710,-202.38498520485646,0.8798106405696422,0.1388026768981785,3.0,15.0,0.0,207.92616348723223,0.37933029352335346,0.6206697064766465,0.5386577507874243,-0.12116015476931567,-1387.772021541151
711,-204.71225319999252,0.8003785880283654,0.1850525117098482,4.0,15.0,0.0,204.7712641000015,0.09012342754369235,0.9098765724563076,-0.03184525579325257,-0.011814121779468688,-1396.8247073810307
712,-203.03082442010233,0.9967587900470394,0.21232073265687315,3.0,7.0,0.0,203.46966030395436,0.9473212611873175,0.05267873881268248,0.18291217862611517,0.09221156241406492,-1381.7439140732718
713,-203.02850460122136,0.9920172549689282,0.17803100976029843,2.0,3.0,0.0,203.26142811806878,0.8453367074680418,0.1546632925319582,-0.004512715289879687,0.3456222686787621,-1388.3140598908506
714,-202.4112999264333,1.0,0.1388026768981785,2.0,3.0,0.0,202.53766242752792,0.40956967093738855,0.5904303290626114,0.567442673179156,-0.1170376638311505,-1388.111951344505
715,-206.10929799631154,0.9963530829460553,0.1850525117098482,4.0,31.0,0.0,206.60623829284407,0.021803758331077745,0.9781962416689223,0.34659982228837544,-0.022723941421874463,-1397.069321972633
716,-203.78904523576168,0.9199319433726262,0.21232073265687315,3.0,15.0,0.0,204.34637411740363,0.9622696281791123,0.037730371820887676,0.251774035846114,-0.10477443717718705,-1384.75624578869
717,-202.02901850723683,0.9913672988048706,0.17803100976029843,3.0,11.0,0.0,204.31357418034312,0.7431612573454648,0.2568387426545352,0.3110597932946738,-0.09955581752107362,-1384.034640694764
718,-203.00554161373825,0.96362125154292,0.1388026768981785,4.0,15.0,0.0,203.9423931637884,0.06630521573387814,0.9336947842661218,0.28473026116733346,0.09637158355370644,-1383.0165662621116
719,-205.9520736520345,0.9906192688654601,0.1850525117098482,4.0,15.0,0.0,206.95294175463934,0.021290725466794756,0.9787092745332052,0.5719614620512976,0.3226902843933671,-1395.5541856015936
720,-205.03689695255036,0.9865711434785843,0.21232073265687315,3.0,7.0,0.0,205.51604709349309,0.98576301916235,0.014236980837650015,0.058450165955832425,0.03611822570188351,-1386.8704081152246
721,-201.96578627528314,0.9966667463163594,0.17803100976029843,3.0,7.0,0.0,202.16033561759988,0.7549025060626372,0.2450974939373628,0.2866990407258597,-0.14555042449854383,-1383.385739950814
722,-202.51601480570324,0.9999278251297266,0.1388026768981785,3.0,7.0,0.0,203.12494100499606,0.10131144090895733,0.8986885590910427,0.3358777914683811,0.17953642344184567,-1382.2522567523026
723,-204.0618081328601,0.9618665872210881,0.1850525117098482,4.0,15.0,0.0,207.8053774069427,0.01815248022382962,0.9818475197761704,0.34895487118725366,0.16849674193011507,-1381.6599960505323
724,-202.08128733232843,0.9786692311524346,0.21232073265687315,3.0,7.0,0.0,205.5455301584693,0.7243923215428533,0.27560767845714673,0.3153507312990753,0.0032738078872504295,-1384.7124328279526
725,-202.44002029676045,0.9090789530469647,0.17803100976029843,2.0,7.0,0.0,205.11803707299242,0.8814222673655686,0.11857773263443139,0.23490985295999472,-0.0401112405947467,-1382.7565718810968
726,-202.48362084865298,0.9995964738825974,0.1388026768981785,4.0,15.0,0.0,202.75802140896334,0.10750803413220432,0.8924919658677957,0.45264820806621264,0.09830396332635837,-1382.3307626270312
727,-203.1236455180036,0.979903754002968,0.1850525117098482,4.0,15.0,0.0,205.42007772329043,0.15828762442032623,0.8417123755796738,0.9266110544704051,-0.012161334373388483,-1388.4632500818589
728,-202.5388215344692,0.9706280788324527,0.21232073265687315,3.0,15.0,0.0,202.83003314690222,0.7734687129823564,0.22653128701764358,0.05503494876810516,0.061009615988597284,-1387.0512549986086
729,-201.77685493621567,0.9982919338521746,0.17803100976029843,4.0,15.0,0.0,202.6475631893554,0.5943739842651324,0.40562601573486756,0.18846020402914104,0.28557201508710617,-1383.8972825872106
730,-201.83935815056319,0.9994736259791682,0.1388026768981785,4.0,31.0,0.0,202.55068642573968,0.7579349025555616,0.24206509744443838,0.1994387666620705,-0.07172893754948868,-1382.5045793595352
731,-201.75765115061492,0.9681915700304694,0.1850525117098482,4.0,15.0,0.0,204.25767061934738,0.2296867347701872,0.7703132652298128,0.18178816631149508,0.17242138150016137,-1381.6740636572993
732,-202.75798593108135,0.9890383089342477,0.21232073265687315,3.0,15.0,0.0,203.17810845963297,0.10203949993821516,0.8979605000617848,0.6910022090118619,0.15292011085842444,-1383.6603586951246
733,-201.60358070051927,0.9049314739114074,0.17803100976029843,1.0,3.0,0.0,202.84073776893933,0.6313016054968021,0.36869839450319786,0.10746214151457517,0.13468460802046725,-1382.5327985135546
734,-203.82844250701444,0.8699279283416401,0.1388026768981785,2.0,3.0,0.0,205.59807220707108,0.5379371177348599,0.46206288226514014,0.2891898699570137,-0.3295636425931571,-1398.214939451833
735,-202.62089534535244,0.9196826434550794,0.1850525117098482,4.0,15.0,0.0,204.75601788228744,0.1359926639344892,0.8640073360655108,0.6717588936561316,0.1470000868767709,-1384.455479252326
736,-202.4517398469695,0.8996816523827432,0.21232073265687315,3.0,15.0,0.0,204.5711093326249,0.19268476738799725,0.8073152326120028,0.28511575108442355,0.026001825532469908,-1385.5627563787473
737,-201.64753779075645,0.9631808531848157,0.17803100976029843,3.0,15.0,0.0,202.97865057441734,0.3636595447017989,0.636340455298201,-0.0017470985197507588,0.187703449559828,-1382.7915133154468
738,-203.1979398196728,0.9248097921487651,0.1388026768981785,4.0,15.0,0.0,206.71135738494155,0.5094448314154266,0.4905551685845734,0.5817464940663302,-0.2579295730913136,-1393.713326337804
739,-202.57751348765308,0.9406217760170282,0.1850525117098482,2.0,5.0,0.0,203.10128689861114,0.13059593313564666,0.8694040668643533,0.6647911973444632,0.04794260563075728,-1383.9438212235941
740,-202.3560522562433,0.979457335049635,0.21232073265687315,3.0,15.0,0.0,203.08094433096338,0.44649693949946584,0.5535030605005342,0.09308484916285975,0.009322860292742097,-1388.1627969242727
741,-202.6296482921357,0.9715229041732787,0.17803100976029843,3.0,15.0,0.0,202.82647625633737,0.9083345213220428,0.09166547867795716,0.1439379777446121,0.5460594736304949,-1382.2696966788976
742,-202.51771988596465,0.9991854424882064,0.1388026768981785,4.0,15.0,0.0,203.919657712973,0.8647233436205995,0.13527665637940045,0.09262737482822389,0.07254240648481466,-1384.1083804296748
743,-202.46708484627678,0.9909457794783406,0.1850525117098482,4.0,15.0,0.0,203.03431858709266,0.14439613348334218,0.8556038665166579,0.415403504813834,0.048006028336395584,-1383.9969824730301
744,-202.7932760418688,0.9831452711119227,0.21232073265687315,3.0,7.0,0.0,203.73334729264803,0.9160125077353035,0.08398749226469648,0.09719637447348556,0.21212512435515618,-1383.0822140760142
745,-202.38741180980642,0.9718020623125768,0.17803100976029843,4.0,15.0,0.0,203.96149812260373,0.14104735202792099,0.858952647972079,-0.030505583412425277,0.25457700732967525,-1383.405741159524
746,-203.07181411891645,0.8060672513632969,0.1388026768981785,2.0,3.0,0.0,205.99733296752416,0.892611208889073,0.10738879111092703,0.28696323012218816,0.011708444476975131,-1386.5011522523105
747,-201.54929923679663,0.9977694385358172,0.1850525117098482,4.0,31.0,0.0,203.05153358738784,0.5449948825385549,0.4550051174614451,0.033223355197457866,0.23903973918699362,-1382.5705940288215
748,-201.88565859828185,0.9705509604460368,0.21232073265687315,3.0,7.0,0.0,203.5619143404222,0.7927886406214982,0.20721135937850177,0.19625417521200933,-0.04298828657983539,-1382.0649828795465
749,-204.26564914048487,0.7664945572909609,0.17803100976029843,4.0,23.0,0.0,205.67899420002175,0.11750950060935933,0.8824904993906406,-1.0033700566920463,0.27021241065240176,-1394.4301166141656
750,-202.03435841640783,0.9989012661402391,0.1388026768981785,4.0,15.0,0.0,203.14693321911847,0.2561588941109736,0.7438411058890264,0.3845369852047118,0.1712801640610631,-1383.9986291699424
751,-202.08464461582295,0.9820564699649097,0.1850525117098482,3.0,15.0,0.0,203.24236199839825,0.1484022687569148,0.8515977312430851,0.07838414252409358,0.1774617132139632,-1381.6302901935605
752,-203.1221395009173,0.9195379275618701,0.21232073265687315,3.0,15.0,0.0,203.53744314075564,0.9443368195831553,0.055663180416844704,0.10491374641706538,0.2931557233820558,-1382.6860852571924
753,-204.0398937934025,0.9278699214792988,0.17803100976029843,2.0,3.0,0.0,204.70703964304448,0.06333567377481022,0.9366643262251898,-1.0184189023588779,0.2744771568529613,-1388.9844401434696
754,-202.97675777075222,0.9528505200692178,0.1388026768981785,3.0,7.0,0.0,203.88289101130687,0.7378133736334452,0.26218662636655476,-0.03499252279114851,0.20636401182888392,-1390.728135552122
755,-202.09726711991337,0.9747535763996501,0.1850525117098482,4.0,15.0,0.0,202.57600052576237,0.5969387137254375,0.4030612862745625,-0.10035283006949763,0.4467785454406088,-1386.0165701804046
756,-202.6251016084387,0.8251924582925304,0.21232073265687315,3.0,9.0,0.0,204.66350092683822,0.08702965522787438,0.9129703447721256,0.032080172337763585,0.13663392794547324,-1382.1733141891275
757,-203.73311048823524,0.8369978474470356,0.17803100976029843,2.0,7.0,0.0,204.58503382159677,0.0582348051109123,0.9417651948890877,-0.9224222470230311,0.1757280285232374,-1386.5220230824182
758,-205.0640953646693,0.942285975149585,0.1388026768981785,3.0,7.0,0.0,206.68775916453262,0.553583529885994,0.446416470114006,-0.1388663548563004,0.03011219136691673,-1406.8591779948451
759,-205.85080888523007,0.6326645521610518,0.1850525117098482,4.0,15.0,0.0,207.802344568612,0.5694319594944218,0.4305680405055782,-0.372923652100051,0.34103840871145086,-1412.0358128102764
760,-202.05542612185982,0.9269759231091997,0.21232073265687315,2.0,7.0,0.0,203.1606144025509,0.21140687251417273,0.7885931274858273,0.024755804741266724,0.26352308696688803,-1383.3138700052434
761,-204.9927448637357,0.4542341002500793,0.17803100976029843,3.0,11.0,0.0,207.948847781949,0.19875822578385313,0.8012417742161468,-0.8473893899081858,0.4072515349307087,-1402.5851420516974
762,-201.49834561491096,1.0,0.1388026768981785,2.0,3.0,0.0,205.70031009387733,0.3463280329307173,0.6536719670692828,0.1325142902292972,0.17096015497557443,-1381.5992627732762
763,-202.27556065427254,0.9903622887003146,0.1850525117098482,2.0,7.0,0.0,207.0603167464088,0.3879952242938432,0.6120047757061569,-0.15574967147154484,0.2076626927840128,-1387.2800751269724
764,-202.25881244404772,0.9972182894518071,0.21232073265687315,3.0,11.0,0.0,202.55808400962295,0.6607112543950526,0.3392887456049474,0.3985671184484806,-0.09225570859770701,-1386.680405630182
765,-204.17839790620565,0.918195367016665,0.17803100976029843,2.0,3.0,0.0,205.3488573013463,0.09135504552728033,0.9086449544727196,-0.7239851741964465,0.10419981594672637,-1392.7603999768473
766,-202.59343416347593,0.7169860678898806,0.1388026768981785,3.0,7.0,0.0,205.2267759893351,0.700419855294396,0.299580144705604,0.3011319828333902,0.2265646089367158,-1388.5571362827413
767,-201.78892056067195,0.9836623849851053,0.1850525117098482,3.0,15.0,0.0,203.02845702639723,0.406915005578822,0.593084994421178,-0.11917957575221591,0.3265107986940379,-1383.984315487773
768,-203.09088862985618,0.824975462074944,0.21232073265687315,3.0,15.0,0.0,206.9913548501348,0.9515581437808733,0.04844185621912667,0.15878969184306402,0.06159443766230718,-1381.6216330024972
769,-205.11644671327812,0.8483747895124419,0.17803100976029843,2.0,7.0,0.0,206.1468276850664,0.13388353222643806,0.866116467773562,-0.7895156259268592,0.09943134216222331,-1401.4645469946784
770,-201.7091558125067,0.9801245192118174,0.1388026768981785,2.0,7.0,0.0,203.86668844134195,0.7145641726713571,0.2854358273286429,0.16380112009119818,0.276325734846831,-1382.2862962255101
771,-201.85272205198427,0.9023456444605832,0.1850525117098482,3.0,15.0,0.0,204.27739466457626,0.4805544545761319,0.5194455454238681,0.35757530948402705,0.11541629969686512,-1384.6406626382543
772,-202.2841043600562,0.9346140808155426,0.21232073265687315,3.0,7.0,0.0,204.08158657739708,0.8282491457494716,0.17175085425052838,0.2655714299103906,-0.278748215012643,-1383.7299284458297
773,-204.12565896835554,1.0,0.17803100976029843,1.0,1.0,0.0,205.0698102625523,0.11857140295011,0.88142859704989,-0.7615662378839061,0.13837791616671305,-1393.9319381459172
774,-202.34850553202804,0.9255075248091112,0.1388026768981785,2.0,7.0,0.0,203.79273608777777,0.5670755570757932,0.43292444292420684,0.3427690009253471,0.17894021132218077,-1387.9432298241722
775,-202.15214420535597,0.9918597285081534,0.1850525117098482,3.0,15.0,0.0,203.21663451028357,0.13925979243045195,0.860740207569548,0.28654275242669425,0.14019966282902796,-1381.675721680041
776,-203.2246732721914,0.9672711946954643,0.21232073265687315,3.0,11.0,0.0,203.74488596370966,0.6532700218953497,0.34672997810465034,0.05707179802956402,0.7037808194295269,-1393.1379794715178
777,-204.0217883139192,0.9860800783033584,0.17803100976029843,2.0,3.0,0.0,204.35919444067176,0.07430135267669842,0.9256986473233015,-0.673600757526184,0.33101757801810294,-1390.3552788699526
778,-201.906617193902,0.974844705682678,0.1388026768981785,4.0,23.0,0.0,204.65557314645514,0.19030331484390076,0.8096966851560993,0.03513998034978534,0.19901251771927134,-1381.767133447527
779,-202.6459151879157,0.9102924932466095,0.1850525117098482,2.0,3.0,0.0,202.98008356647168,0.12615736516846585,0.8738426348315341,0.270008037325008,0.23239760698763334,-1384.4866505796358
780,-202.31154368443637,0.9927988082364836,0.21232073265687315,3.0,7.0,0.0,203.5858044335973,0.745798710199687,0.254201289800313,-0.018739031702841205,0.6273967574922237,-1385.6913437264766
781,-203.73352987213195,0.7297951436405298,0.17803100976029843,2.0,7.0,0.0,206.01787005753863,0.18838975547581796,0.8116102445241821,-0.5559928888687699,0.41273364938484974,-1393.9547447146927
782,-201.84480037194177,0.9840179264665552,0.1388026768981785,3.0,15.0,0.0,202.99644302292603,0.7451270870115844,0.25487291298841563,0.2149982937497797,0.19227877215175163,-1382.7475496136904
783,-203.3025540123249,0.995709240343454,0.1850525117098482,4.0,31.0,0.0,204.6343714871674,0.9283465417542778,0.07165345824572222,0.17195240652731747,-0.6714251280727883,-1385.2276570697668
784,-202.31154368443637,0.8314850338758718,0.21232073265687315,2.0,3.0,0.0,203.89012620332292,0.745798710199687,0.254201289800313,-0.018739031702841205,0.6273967574922237,-1385.6913437264766
785,-203.5548787864341,0.9862347622222865,0.17803100976029843,2.0,7.0,0.0,204.56202081272744,0.1635838042474622,0.8364161957525378,-0.4132931479035514,0.11089232221802335,-1392.2092486034705
786,-202.7448637374505,0.9282343835109893,0.1388026768981785,2.0,7.0,0.0,203.25313204101369,0.7535681142422801,0.2464318857577199,0.31601042492720155,0.16913386186080556,-1388.7710389468564
787,-202.76800967560692,0.9286930630175839,0.1850525117098482,3.0,11.0,0.0,204.70954825650713,0.8995746885073836,0.10042531149261635,0.2628420738729015,-0.2125633160890018,-1383.9656743854484
788,-202.80575558319265,0.9006837115462251,0.21232073265687315,2.0,3.0,0.0,202.9837255803937,0.6855286194628869,0.3144713805371131,0.024871535501135203,0.711710163114091,-1389.8951724169185
789,-205.1526988664947,1.0,0.17803100976029843,4.0,15.0,0.0,207.2832148842469,0.018459932042027064,0.9815400679579729,-1.2703834637024674,0.2724968290370005,-1387.9814686689767
790,-203.06462621706322,0.9531050622673299,0.1388026768981785,2.0,7.0,0.0,205.34253067544557,0.8137598090828788,0.18624019091712118,-0.027607815982313766,0.3339769627867667,-1389.5901649341736
791,-202.97770420173285,0.9374054400740139,0.1850525117098482,3.0,15.0,0.0,204.05710129694967,0.9364959539228626,0.06350404607713744,0.19372546904485194,-0.3724608436217937,-1382.4726221026335
792,-204.55056138260596,0.9557293652241959,0.21232073265687315,2.0,3.0,0.0,205.12048920052555,0.7721642910999159,0.2278357089000841,-0.14526612388308757,1.0069532807241852,-1400.0879536329903
793,-205.00404639140802,0.9978672412303181,0.17803100976029843,3.0,7.0,0.0,205.40622308412236,0.010867973125896671,0.9891320268741033,-1.3711018931678771,0.1659646771281058,-1383.1588412659266
794,-203.09217059078654,0.9457187249514389,0.1388026768981785,3.0,7.0,0.0,204.16778868024744,0.8076381972344839,0.19236180276551607,-0.04039628049137909,0.372805836451054,-1389.9272285157947
795,-202.3073269547133,0.996656106648215,0.1850525117098482,4.0,15.0,0.0,203.4215489002427,0.8784061514839806,0.1215938485160194,0.20708073588595302,0.020056856205868293,-1382.0014501605813
796,-202.43265656960546,0.964278965422709,0.21232073265687315,2.0,3.0,0.0,204.73540913768505,0.8234512129984924,0.17654878700150756,0.03270456324456396,0.6939644164433917,-1384.6175157309412
797,-204.92146233999077,0.8290806521402575,0.17803100976029843,2.0,7.0,0.0,207.1994819715417,0.050120402990247934,0.9498795970097521,-1.5180551226251238,0.21239317159397034,-1392.4861354133589
798,-201.78662728756225,0.9965913928086544,0.1388026768981785,3.0,15.0,0.0,203.4882279806387,0.3304214158381045,0.6695785841618955,0.13185985784349652,0.2618847107336214,-1383.3981052468723
799,-202.15310636458156,0.9170197220763966,0.1850525117098482,4.0,15.0,0.0,203.59659299018173,0.5345702670785344,0.4654297329214656,-0.049531429200099564,0.5051196376803225,-1386.5924753147347
800,-204.1470094348678,0.5933982721949175,0.21232073265687315,2.0,3.0,0.0,207.53653673520594,0.940626801796917,0.059373198203082955,0.24505450484499805,0.8742310991788803,-1389.5560858315341
801,-205.31150036230102,0.8492878942303208,0.17803100976029843,2.0,3.0,0.0,205.65504273475966,0.061311723617196355,0.9386882763828036,-1.5621705963610335,0.21892412131916283,-1396.3709970490384
802,-201.67107639353006,0.9891852186047675,0.1388026768981785,4.0,19.0,0.0,202.30444924926405,0.5608031261553726,0.43919687384462736,-0.017856668311437795,0.37474623834533677,-1383.2938086618235
803,-201.93470181642851,0.9077808033645527,0.1850525117098482,3.0,7.0,0.0,203.69033943107686,0.33647396016182446,0.6635260398381755,-0.18586649720184564,0.30449724657648924,-1384.447974966605
804,-203.85155906531222,0.9229675529345577,0.21232073265687315,3.0,11.0,0.0,206.39013528641362,0.6234495712872704,0.3765504287127296,-0.04470750589655939,0.018478647360115286,-1398.1440078643827
805,-204.93547386441077,0.889637946096811,0.17803100976029843,3.0,15.0,0.0,206.74086810995493,0.025046140609013612,0.9749538593909863,-1.230561429360323,0.09373121809162933,-1388.6846244156054
806,-201.52771695319154,0.7949113901797451,0.1388026768981785,3.0,7.0,0.0,204.05790273369269,0.37174181477467305,0.628258185225327,0.17597968497568278,0.10714268946929542,-1382.0211362557106
807,-203.20933857652946,0.9921309215903091,0.1850525117098482,3.0,15.0,0.0,204.39069290940756,0.19909809410629092,0.800901905893709,-0.562177281982719,0.35546075279382255,-1390.655924024717
808,-201.9110161323272,0.9556469168931621,0.21232073265687315,3.0,7.0,0.0,204.93836443190216,0.7020646460227962,0.29793535397720383,0.2969758880664754,0.03763031225998183,-1383.866578558053
809,-205.02658040071427,0.8218174436444116,0.17803100976029843,4.0,27.0,0.0,207.11233261825168,0.036701160139361,0.963298839860639,-1.4622534102898421,0.2758694806109363,-1391.2734158104045
810,-201.62323511168665,0.9566657623299867,0.1388026768981785,3.0,7.0,0.0,202.0850165042276,0.3586093007387902,0.6413906992612097,0.17570577405205076,0.08552712479144675,-1382.5790915012053
811,-202.27613542227314,0.9390216403193705,0.1850525117098482,4.0,23.0,0.0,204.4212506227075,0.14577878666203534,0.8542212133379646,0.3490442984189623,0.0803164114505903,-1382.7728307377702
812,-202.10347079394703,0.9960870635870843,0.21232073265687315,2.0,7.0,0.0,203.02507265223895,0.18095816321901376,0.8190418367809862,0.36631380866421426,0.06992762470815433,-1382.7735682451594
813,-205.00089704429664,0.9894327660586212,0.17803100976029843,2.0,3.0,0.0,205.21260229362102,0.03601473427367349,0.9639852657263265,-1.416650819681704,0.11426326901511898,-1391.1383029706371
814,-205.1268769885626,0.9593740220057987,0.1388026768981785,4.0,23.0,0.0,205.90110243425758,0.8113314136554372,0.18866858634456285,0.1115787991789052,-0.6539217526386747,-1403.6215209608122
815,-203.52635567658464,0.98609935547881,0.1850525117098482,4.0,31.0,0.0,204.8309457850377,0.034732875065483816,0.9652671249345162,-0.3826585586068541,0.1551373212471142,-1382.3083167185628
816,-201.80740245706582,0.9864564813906677,0.21232073265687315,3.0,7.0,0.0,202.459300973088,0.7672328334040939,0.23276716659590613,0.09980892294469246,0.25014471154925555,-1382.0736558906476
817,-205.5822226853149,0.9995248539841822,0.17803100976029843,4.0,19.0,0.0,206.086133427622,0.018858485991585086,0.9811415140084149,-1.8229808626040707,0.25731268088647336,-1389.6242060279224
818,-205.67937947933706,0.9896762344594339,0.1388026768981785,5.0,63.0,0.0,206.92199722770178,0.0425293019557599,0.9574706980442401,-1.8310536440733851,0.1609564141518564,-1395.7535683958656
819,-203.74075475415054,0.9944342624652569,0.1850525117098482,3.0,15.0,0.0,204.33358600155674,0.02543244940850113,0.9745675505914989,-0.1598295958279611,0.18357787225767178,-1381.7987550075065
820,-201.57505520942425,0.9850366325543878,0.21232073265687315,3.0,7.0,0.0,201.9799416842787,0.3212503175729678,0.6787496824270323,0.19250570813178491,0.11404245715689118,-1381.8671523527007
821,-205.5106627502857,0.9961253816955845,0.17803100976029843,3.0,7.0,0.0,205.90867096785607,0.025502304707042383,0.9744976952929576,-2.0009026813193405,0.1966186702095047,-1390.6040792015963
822,-204.3324915876953,0.9965231153888299,0.1388026768981785,4.0,19.0,0.0,206.50409335033024,0.020282049474502354,0.9797179505254976,-0.7578529086010077,0.23094138654111762,-1383.8687639287946
823,-205.42927422089892,0.9031043980007726,0.1850525117098482,3.0,7.0,0.0,206.12921363642565,0.37950965217150817,0.6204903478284918,-0.5917010135144547,0.5400104350059327,-1408.511600324158
824,-202.8207660057942,0.9317248386529953,0.21232073265687315,3.0,15.0,0.0,203.25448136524898,0.2879624508936787,0.7120375491063213,0.6698703565649292,-0.10562105015571763,-1389.6934405698908
825,-206.62679926381364,0.6760666974470669,0.17803100976029843,4.0,31.0,0.0,207.45799015711057,0.02110794109566148,0.9788920589043385,-1.602863563570979,0.34384103720397374,-1398.2086560776108
826,-204.56079658227284,0.8516715481249121,0.1388026768981785,2.0,3.0,0.0,205.78928879182754,0.013241744885631504,0.9867582551143685,-0.7304232594089856,0.13878911555249962,-1382.6147662906199
827,-203.1399214071154,1.0,0.1850525117098482,4.0,15.0,0.0,205.7255350942966,0.22617538596125467,0.7738246140387454,-0.19969709081772433,0.0920818827959678,-1391.1598959986877
828,-201.9748230042183,0.8498638443769568,0.21232073265687315,4.0,15.0,0.0,203.7712956505966,0.3414876166313472,0.6585123833686528,0.3301382633827605,0.19143713778718716,-1384.759032945732
829,-208.34693275049344,0.6754549817541992,0.17803100976029843,2.0,3.0,0.0,209.5147541038732,0.020196362616731446,0.9798036373832686,-1.6649332768624423,0.4050311213452761,-1409.5776858919269
830,-204.65287944056507,0.9608514422623453,0.1388026768981785,4.0,15.0,0.0,205.08437485013948,0.19394078386119668,0.8060592161388034,-0.8459218557168289,0.26834297206002067,-1400.192531418898
831,-201.85192443056707,0.9833162627553701,0.1850525117098482,2.0,3.0,0.0,203.53613921767743,0.31097701678734724,0.6890229832126528,-0.10046127974535626,0.3153302513977454,-1383.6076106231721
832,-201.88450240816402,0.9915953959208089,0.21232073265687315,3.0,11.0,0.0,203.12083185641424,0.7519668320307673,0.2480331679692327,0.2412399947679577,-0.14089426714252756,-1382.9014567074416
833,-206.72218587604937,1.0,0.17803100976029843,2.0,3.0,0.0,208.43138360206845,0.018936428785445113,0.9810635712145549,-1.68279166270262,0.3396369844332807,-1397.9086718374783
834,-203.62173172984944,1.0,0.1388026768981785,3.0,7.0,0.0,205.03775005517002,0.06369333206027547,0.9363066679397245,-0.8645894085359375,0.2496821171772577,-1386.393475904276
835,-202.89199492472596,0.9746112482662886,0.1850525117098482,3.0,15.0,0.0,203.58496224421594,0.18076636057274373,0.8192336394272562,-0.1414622412088801,0.08889918999564322,-1388.3107759930463
836,-204.259202468333,0.7191340959726185,0.21232073265687315,3.0,7.0,0.0,204.58153479986933,0.8238363725082785,0.17616362749172154,0.4278606544239975,-0.135441598739016,-1397.4658398324739
837,-205.13197095196034,0.993615504243429,0.17803100976029843,1.0,3.0,0.0,206.24369059821362,0.014500901750700948,0.985499098249299,-1.6961519242721346,0.19612326921582807,-1385.1389092245174
838,-204.81526439243544,0.9762539225494798,0.1388026768981785,3.0,11.0,0.0,205.43616484657812,0.009656742901544274,0.9903432570984557,-0.4225449073703978,0.12568348174112765,-1382.5262187213796
839,-203.58946748782515,0.9809312427528641,0.1850525117098482,3.0,15.0,0.0,205.77297098126954,0.13775092992394325,0.8622490700760568,-0.7117739073237892,0.3358528306031031,-1391.0942640839403
840,-203.5239910255191,1.0,0.21232073265687315,2.0,3.0,0.0,204.39380857745684,0.6836655504966301,0.31633444950336986,0.06960340368787829,-0.1591538141713102,-1395.2904257699015
841,-203.62420989817167,0.9818542486634078,0.17803100976029843,4.0,27.0,0.0,206.59653669135585,0.029778205964888425,0.9702217940351116,-0.3123158637277532,0.15817393880814107,-1381.9978549167695
842,-205.04600786837145,0.8702533534728346,0.1388026768981785,3.0,15.0,0.0,206.96942390536472,0.009670462896030442,0.9903295371039695,-0.18877507367231883,0.09087321411080312,-1384.2597558490868
843,-204.66771771825609,0.9098723433874273,0.1850525117098482,4.0,15.0,0.0,205.95702620446465,0.019838384197057482,0.9801616158029425,-1.4122282393860222,0.1920518467016547,-1384.8228051166275
844,-204.43581055539434,0.7044703729419611,0.21232073265687315,3.0,15.0,0.0,207.70887564256677,0.9872132686014887,0.012786731398511275,0.13780158230155787,0.4388892237924418,-1381.8076270040392
845,-204.39585858320044,0.9978575913436323,0.17803100976029843,3.0,7.0,0.0,204.4898303189009,0.01302294402192196,0.986977055978078,-0.23237487154583392,0.15091176648276064,-1381.772870653506
846,-203.1027089196379,0.9694353720104131,0.1388026768981785,4.0,15.0,0.0,205.43903931520586,0.08008683893385753,0.9199131610661425,0.0416022793755239,0.0820644401755613,-1384.9602471981013
847,-204.60744272713393,0.9597921560229721,0.1850525117098482,3.0,15.0,0.0,205.95960740390456,0.09279746341163049,0.9072025365883695,-1.1780929842194288,0.23384100096547258,-1395.037716565096
848,-202.9796279888145,0.918250941643238,0.21232073265687315,3.0,7.0,0.0,205.0408038854624,0.4897033995103053,0.5102966004896947,-0.15189024998823086,0.5924039630544486,-1392.2315356388815
849,-202.8231371749371,0.7559646238163219,0.17803100976029843,3.0,11.0,0.0,206.29841122278887,0.33290036458185895,0.6670996354181411,-0.22402344838791863,0.16651486353096173,-1390.591028289527
850,-203.2157799925321,0.9320707996177863,0.1388026768981785,2.0,3.0,0.0,204.0105913361484,0.07209785080772743,0.9279021491922725,0.11582612632408948,0.25321742347071147,-1385.0154892464066
851,-204.75122327221573,0.99211427443179,0.1850525117098482,4.0,27.0,0.0,206.30825134555965,0.04199566305307422,0.9580043369469258,-1.4810656897507437,0.2283218224305648,-1390.237009360254
852,-205.81175203933122,0.8308743338104715,0.21232073265687315,4.0,31.0,0.0,207.72835585306228,0.016390035124181322,0.9836099648758186,-0.7121785265961703,0.02553129521818652,-1392.7462005431014
853,-203.10829284771313,0.995389222173549,0.17803100976029843,4.0,19.0,0.0,203.7319719971714,0.9243397862393773,0.07566021376062271,0.20896760134069428,-0.6210450187776422,-1384.2757779056078
854,-202.03437869590365,1.0,0.1388026768981785,4.0,31.0,0.0,203.42105319414262,0.5727310744092879,0.42726892559071206,0.3866546709587733,-0.17333549919294727,-1385.7250990719688
855,-204.9880621027403,0.6678636207010984,0.1850525117098482,2.0,7.0,0.0,208.12094042449064,0.011525093220068712,0.9884749067799313,-1.4121329794166908,0.17497331268192395,-1383.3481054158785
856,-207.4657657672818,0.745227587388085,0.21232073265687315,4.0,15.0,0.0,210.3367792525281,0.024569828044492703,0.9754301719555073,-0.1008396393880797,-0.06509873047261583,-1407.3366850326727
857,-202.8728072935605,0.9632854093090185,0.17803100976029843,4.0,15.0,0.0,203.4185448275058,0.2609334657664152,0.7390665342335848,0.01641644168100738,0.03620960389320259,-1390.0251622708595
858,-202.65624634171937,0.9935855613978885,0.1388026768981785,4.0,15.0,0.0,203.017882543489,0.2230079727865235,0.7769920272134765,-0.35356385012921293,0.36139241124172555,-1387.570625112258
859,-205.41431414682987,0.956329606987318,0.1850525117098482,4.0,23.0,0.0,210.30659893348667,0.014795804651629196,0.9852041953483708,-1.8704061106122434,0.2185771267511547,-1386.6815963155111
860,-204.03335639702823,0.9642857238523413,0.21232073265687315,2.0,3.0,0.0,206.33047517210312,0.019247635094013314,0.9807523649059867,-0.09162699366337967,0.1912791436431341,-1381.9512298952586
861,-202.53039080654867,1.0,0.17803100976029843,2.0,3.0,0.0,203.20082619740182,0.3280215836129042,0.6719784163870959,0.12911936387498252,0.3465918210632166,-1388.4663140544699
862,-202.66256673091178,0.9973234285918353,0.1388026768981785,4.0,15.0,0.0,203.01692632942834,0.18760090499757331,0.8123990950024267,-0.36864473177002616,0.3352459241992662,-1386.734142512371
863,-207.3726174170524,0.9561778009330566,0.1850525117098482,5.0,31.0,0.0,207.90938324668346,0.0020966955567777966,0.9979033044432222,-2.3403794575924715,0.23586159105340598,-1385.084372382824
864,-205.3223176239928,0.9230044220388964,0.21232073265687315,3.0,13.0,0.0,206.24703669251988,0.2474067160596878,0.7525932839403122,-0.8164019345286201,0.3094356244189589,-1406.0465280534438
865,-201.62347809722814,1.0,0.17803100976029843,2.0,7.0,0.0,202.3830050562359,0.43145657867021747,0.5685434213297825,0.09701893679228182,0.11463856810017717,-1383.0389363441518
866,-202.75857649890312,0.8687753530938797,0.1388026768981785,3.0,11.0,0.0,204.53395705495964,0.17004012203908175,0.8299598779609183,-0.15979565115189187,0.3322466599480927,-1386.9631950909866
867,-206.0521999665919,0.9300501070262962,0.1850525117098482,5.0,39.0,0.0,209.7995845195303,0.010254766309148965,0.989745233690851,-1.2780101259273295,0.048624270125001465,-1390.2370075600313
868,-203.94797166223114,0.40090178903979556,0.21232073265687315,2.0,7.0,0.0,207.4588277609216,0.03291112624350383,0.9670888737564962,-0.7184341208599627,0.24393964322420392,-1384.511757836516
869,-202.12749148873672,0.9622803911770742,0.17803100976029843,2.0,3.0,0.0,202.1548456578888,0.41885722890271027,0.5811427710972897,0.067513155042592,0.058038871590933454,-1386.4798544999232
870,-201.70239245350373,0.995556591031738,0.1388026768981785,3.0,15.0,0.0,203.92355497508535,0.7300025812865802,0.26999741871341976,0.0914827330934984,0.31400717371644743,-1381.9998607035152
871,-204.77216091125055,0.9729058491948651,0.1850525117098482,3.0,15.0,0.0,208.035896010483,0.045155418899668155,0.9548445811003319,-0.7611884525980381,0.3334026601762995,-1392.202735560651
872,-205.14865470623323,0.27673716563911627,0.21232073265687315,3.0,11.0,0.0,209.21025955798302,0.07228895369372125,0.9277110463062788,-0.5703062283674649,0.02564158913093456,-1398.169715884156
873,-201.52154900032582,0.9983589454736775,0.17803100976029843,3.0,7.0,0.0,202.1005302235359,0.5474663794638082,0.45253362053619184,0.0658478246158337,0.19667084756348152,-1382.385682806096
874,-201.47404531900258,0.9966921468438427,0.1388026768981785,3.0,15.0,0.0,202.17579649257792,0.4537897032842804,0.5462102967157196,0.19124771207933725,0.08567348381100898,-1382.0600416514453
875,-203.46644478953795,0.9610865861025295,0.1850525117098482,2.0,3.0,0.0,205.08346054866934,0.05563009156946155,0.9443699084305385,-0.7848101962099633,0.19619894121314663,-1384.5792347943454
876,-203.42655764898944,1.0,0.21232073265687315,3.0,11.0,0.0,204.6555513806613,0.05362388203834928,0.9463761179616508,-0.5956921137359377,0.14790417003721598,-1384.304425611557
877,-202.50833700000544,0.9664000831422468,0.17803100976029843,3.0,7.0,0.0,202.72604215184344,0.7864467124227199,0.2135532875772801,-0.0032056364106259963,0.7175434094059419,-1386.1093311816694
878,-202.5345347723537,0.9943534907497109,0.1388026768981785,4.0,15.0,0.0,203.80165822011932,0.9121061519397015,0.08789384806029854,0.1617436216795192,0.11760853951512201,-1381.5918896841235
879,-202.5732216944173,0.9697130997456875,0.1850525117098482,4.0,15.0,0.0,204.1639222690289,0.8475106520928927,0.15248934790710733,0.2528012676895226,0.20003495121238205,-1385.1024638977012
880,-202.90104073275947,0.9870820867428278,0.21232073265687315,3.0,11.0,0.0,204.41600060666312,0.3039957587208889,0.6960042412791111,-0.34412359554856214,0.4376761447852218,-1390.594357411552
881,-202.00574699337045,0.9861103433499759,0.17803100976029843,2.0,7.0,0.0,203.0738885073678,0.7587627005316261,0.2412372994683739,0.11419122764468914,0.48371770645882856,-1383.4633214254377
882,-201.768293086059,0.9718545550977632,0.1388026768981785,4.0,15.0,0.0,204.48366340159578,0.34133112374865515,0.6586688762513448,0.3276980004758665,0.011136801899549575,-1383.3637734971805
883,-202.8337975417172,0.9949851280436501,0.1850525117098482,3.0,15.0,0.0,204.0168903063399,0.6776011060733704,0.32239889392662957,0.27695910222251374,-0.36669480203244587,-1390.4360794276442
884,-201.59408423704036,1.0,0.21232073265687315,3.0,7.0,0.0,202.9558531042375,0.3478969409634494,0.6521030590365506,-0.01633892805313504,0.23247923036197118,-1382.268725907138
885,-203.2460261707288,0.9699059975830804,0.17803100976029843,3.0,11.0,0.0,203.53852646704993,0.1407377409656162,0.8592622590343838,0.13221580948456887,0.3089806945923299,-1389.2833842939492
886,-203.00141940678984,0.6250635083372877,0.1388026768981785,2.0,7.0,0.0,206.97348029693305,0.6857998654915083,0.3142001345084917,0.19892242192710574,0.5098841118677011,-1391.422796612884
887,-202.02136527325163,0.9830989015582783,0.1850525117098482,3.0,15.0,0.0,203.37977130183043,0.783216709663622,0.216783290336378,0.06500868954121253,0.2664839045474961,-1383.2003332017737
888,-202.6472882036017,0.7774862492987756,0.21232073265687315,3.0,7.0,0.0,203.3576779926724,0.1780572947729566,0.8219427052270434,0.06413651994369364,0.298737499471587,-1386.4823918868474
889,-203.17107527802128,0.8995775051095772,0.17803100976029843,2.0,3.0,0.0,204.71897913237726,0.07562631866309269,0.9243736813369073,0.15408221664954275,0.2507349227399822,-1385.0025800581288
890,-201.68309061903062,0.9420888181065703,0.1388026768981785,3.0,11.0,0.0,206.57744389156224,0.358783758003189,0.641216241996811,0.2168674823339754,0.21124115904861146,-1382.947872177623
891,-201.82805525173882,1.0,0.1850525117098482,3.0,7.0,0.0,202.1937228877266,0.7401118231240714,0.2598881768759286,0.07297934147598223,0.24419427459624243,-1382.7355826607334
892,-202.5299633280183,1.0,0.21232073265687315,3.0,7.0,0.0,202.76128327597868,0.7395495433786862,0.26045045662131383,0.3182478812961024,0.125086484192873,-1387.5489951889538
893,-202.6393641229004,0.9563191205227279,0.17803100976029843,3.0,11.0,0.0,203.6477356788037,0.7197877478245968,0.28021225217540324,-0.012212566689701616,0.18800310862095934,-1388.6931256493174
894,-201.49095805917818,0.95197307818769,0.1388026768981785,2.0,7.0,0.0,202.498947968302,0.40829335615029455,0.5917066438497054,0.1918839708080278,0.09598817404111974,-1381.9979202605737
895,-202.4325038992522,0.9987132710822284,0.1850525117098482,4.0,31.0,0.0,202.64723099554246,0.12210263093523527,0.8778973690647647,0.596775766235335,0.10264631481282965,-1382.6117434638263
896,-202.31688135959422,0.997319872075886,0.21232073265687315,3.0,7.0,0.0,202.58388125431057,0.7433378766785831,0.2566621233214169,0.2954229020966489,0.13121447686318366,-1386.0218967804735
897,-203.35287434511204,0.9862490300284352,0.17803100976029843,3.0,15.0,0.0,204.51634661371776,0.9095822143361272,0.09041778566387282,0.11377484237677028,1.1243995674264367,-1386.3528974691596
898,-201.6714538294764,0.9718729466997075,0.1388026768981785,3.0,11.0,0.0,202.38943816652431,0.5914834240431033,0.4085165759568967,0.3144360384415295,-0.0693909032631008,-1383.1961293029615
899,-202.68276515274368,0.8961537998621103,0.1850525117098482,2.0,3.0,0.0,203.53512949282833,0.10811162067289058,0.8918883793271094,0.5046792209365778,0.18574868858506394,-1383.6759458454478
900,-201.72659601483758,0.9988156531858721,0.21232073265687315,3.0,7.0,0.0,202.43790515668493,0.6965772680938669,0.3034227319061331,0.27307819764616964,0.004290046741857581,-1382.677485533084
901,-202.5269087059663,0.9778159120568679,0.17803100976029843,4.0,19.0,0.0,205.6192227169687,0.9065957490675782,0.09340425093242177,0.16309675803137297,0.3335632516102363,-1381.8328820615952
902,-202.6405193633669,0.9732135775771988,0.1388026768981785,5.0,31.0,0.0,203.01254276248238,0.9121071829704718,0.08789281702952823,0.168249077032177,0.4172996507374852,-1382.1836580347542
903,-203.40607622260515,0.9353579868885533,0.1850525117098482,3.0,11.0,0.0,204.37480530892591,0.07161063467584095,0.928389365324159,0.7356800508030782,0.03254904748210534,-1385.8854988759751
904,-201.80317227715275,0.9581564245240095,0.21232073265687315,2.0,7.0,0.0,202.33804682515012,0.691278498759712,0.30872150124028797,0.18123606964202987,-0.04857417979340131,-1383.3073065259669
905,-201.69248612082345,0.9899526712746807,0.17803100976029843,3.0,7.0,0.0,202.71670083175934,0.6702702566419105,0.32972974335808947,0.07939545769762403,0.39136868716626116,-1382.676990793785
906,-201.69700566710134,0.9933267510815704,0.1388026768981785,3.0,15.0,0.0,202.81986326306026,0.5297887288465156,0.4702112711534844,-0.0028538869620482205,0.391268504266329,-1383.54061448393
907,-203.4556433697888,0.9171556787335194,0.1850525117098482,2.0,7.0,0.0,206.4056218751281,0.045387937523704035,0.9546120624762959,0.6461129085884542,0.19477588193436002,-1383.3454093828427
908,-202.7269683832623,0.929940497695548,0.21232073265687315,4.0,19.0,0.0,204.67365204786128,0.43125040437937506,0.568749595620625,0.6216077974314732,-0.10113412165107277,-1390.3377823015364
909,-202.1708630556696,0.9510710392830423,0.17803100976029843,3.0,15.0,0.0,202.6468412018725,0.7785002794571856,0.22149972054281442,0.18669939119242218,0.38520857341727155,-1384.246723622561
910,-201.69756634309405,0.9777087476068613,0.1388026768981785,3.0,15.0,0.0,202.21725849701258,0.35737388375382756,0.6426261162461724,0.05204916563420876,0.1376528950387279,-1383.0962807275703
911,-202.83578560937053,0.9496684431466781,0.1850525117098482,2.0,7.0,0.0,204.65139607729955,0.15105439893821265,0.8489456010617873,0.8418961306602402,0.012403165638824497,-1386.340149512058
912,-202.04432227144923,0.8122650603904393,0.21232073265687315,3.0,11.0,0.0,204.23340474759914,0.47843558230371647,0.5215644176962835,0.21068077501359964,-0.052231740789361554,-1386.043008544336
913,-202.70687417132518,0.9972105586870466,0.17803100976029843,3.0,15.0,0.0,203.2066823851971,0.6975582056350419,0.3024417943649581,0.21858960645039,-0.3081404418618522,-1389.3775212699566
914,-201.4438446375126,1.0,0.1388026768981785,4.0,15.0,0.0,201.7184314107303,0.47692126234954996,0.52307873765045,0.1982954380357549,0.08881046871926074,-1381.8931032709875
915,-203.3289899871707,0.871671815302971,0.1850525117098482,2.0,3.0,0.0,204.04923881029114,0.22651396434653365,0.7734860356534663,0.8880509543816042,0.07046516802894132,-1391.829751868013
916,-202.10060002987225,0.9972836483746114,0.21232073265687315,3.0,15.0,0.0,202.74930604383943,0.24705163031074032,0.7529483696892597,0.5382003301540843,0.1008276942549628,-1384.1843283618919
917,-202.37026370235904,0.9793783939356332,0.17803100976029843,3.0,7.0,0.0,203.11078642968752,0.7790332430760507,0.2209667569239493,0.24124296250933014,-0.33879101192659367,-1385.621084088746
918,-202.75958606509022,0.9431974116253142,0.1388026768981785,3.0,15.0,0.0,203.51353259579886,0.11166197890180965,0.8883380210981904,0.7997910596587833,0.12121207220061561,-1384.0869572168112
919,-202.28191932733674,0.997016050214557,0.1850525117098482,3.0,15.0,0.0,204.25569553944945,0.18178264835825647,0.8182173516417435,0.6417472987733304,0.06652907773174808,-1383.79134652993
920,-202.0745680538277,0.9909586637445725,0.21232073265687315,3.0,7.0,0.0,202.3874919562844,0.3383831509762032,0.6616168490237968,0.540147233241143,0.03983564841600714,-1385.2899108318672
921,-202.5154173886865,0.8629290881897199,0.17803100976029843,3.0,15.0,0.0,205.54105246752863,0.231057774890832,0.768942225109168,0.5932976098365819,-0.043066710060584615,-1386.6859933979893
922,-202.17574146683705,0.8140107610486094,0.1388026768981785,4.0,23.0,0.0,204.78885816291333,0.8249842934743857,0.17501570652561427,0.07998839955449585,0.5570669716034281,-1382.938690919303
923,-203.88539710210054,0.8923777925780922,0.1850525117098482,4.0,23.0,0.0,204.66856457499955,0.6469574036391108,0.3530425963608892,0.053139299747355734,-0.1537134395901092,-1398.1673106767448
924,-202.52236826504236,0.9852852786626343,0.21232073265687315,3.0,7.0,0.0,202.71015944261268,0.23336507005020657,0.7666349299497934,0.6777159473664669,0.09563553470947483,-1386.6829435389732
925,-201.7712029742349,0.7710907632702826,0.17803100976029843,3.0,9.0,0.0,203.97579665811813,0.2493832159105302,0.7506167840894697,0.3623533285429831,0.10115875687578482,-1382.0890785301258
926,-203.16433778485137,0.9834182281310913,0.1388026768981785,3.0,7.0,0.0,203.39396669109536,0.9459772171700083,0.05402278282999173,0.1657894305042271,0.6501510399964578,-1382.4779298369533
927,-201.57760763936997,0.9923870038918642,0.1850525117098482,4.0,15.0,0.0,205.1721340071666,0.4845189861544848,0.5154810138455153,0.09476268873262077,0.300307339342039,-1382.7803503457865
928,-202.09444675710395,0.980276838048849,0.21232073265687315,3.0,7.0,0.0,202.65907801987998,0.21283640248627075,0.7871635975137292,0.5075538807703329,0.03651927744732397,-1383.4543360210746
929,-202.87258028666847,0.9718270078047054,0.17803100976029843,3.0,15.0,0.0,204.71138705753535,0.6710717062061707,0.32892829379382926,-0.13418802727512086,0.6542106996649919,-1390.572831083574
930,-204.43072249429954,0.8600412881711644,0.1388026768981785,2.0,3.0,0.0,204.63077105913052,0.9394255847453385,0.06057441525466145,-0.01773487026107609,0.6380087762870484,-1392.0054732875508
931,-202.44508907125618,0.8727223859834982,0.1850525117098482,3.0,11.0,0.0,205.3673270229316,0.18124362999828833,0.8187563700017116,0.29049068056717503,0.23515523939102378,-1385.1413400220376
932,-202.39524949620701,0.836411571235757,0.21232073265687315,2.0,3.0,0.0,203.59444560859518,0.31674173285081636,0.6832582671491836,0.5940513429122904,-0.07780070095512007,-1387.214239689653
933,-203.83843385438834,0.8347933579411133,0.17803100976029843,3.0,7.0,0.0,204.82926785931699,0.15207560556812738,0.8479243944318726,-0.03649849038138635,0.011225325282202617,-1393.9153181512397
934,-202.42739502310852,0.9694626852479022,0.1388026768981785,3.0,11.0,0.0,205.39318871157002,0.8667014883314321,0.13329851166856788,0.18537233525990005,0.4072966371327249,-1383.237504523351
935,-202.4389251032889,0.9959900384405088,0.1850525117098482,4.0,15.0,0.0,203.3812168288327,0.8958562257707529,0.10414377422924714,0.18704880948349498,-0.12173063129356118,-1381.97064094524
936,-203.2359254950374,0.8834560100006921,0.21232073265687315,3.0,15.0,0.0,204.37278755396554,0.10863317983966844,0.8913668201603315,0.9643975962181873,0.1465191518818133,-1386.9543471231216
937,-202.56027498518105,0.9703711576541,0.17803100976029843,3.0,7.0,0.0,204.00535722105934,0.185215095468109,0.814784904531891,0.048878084434316044,0.06894402329492207,-1386.1676027296571
938,-201.83610041073263,0.9987923992361348,0.1388026768981785,4.0,15.0,0.0,202.73229168999666,0.5347179801257801,0.4652820198742199,-0.06472938754521748,0.4230408555598759,-1384.4666732313117
939,-201.71010822896397,0.970302457102261,0.1850525117098482,4.0,31.0,0.0,203.4317913720749,0.4588058442078062,0.5411941557921938,-0.0507069883956042,0.363444571383757,-1383.6245566808254
940,-204.17182964508282,0.7394763882295722,0.21232073265687315,2.0,7.0,0.0,205.63922726788323,0.025546259708124734,0.9744537402918753,0.781645764388047,0.07466410479140143,-1384.3253411901892
941,-201.9533671180515,1.0,0.17803100976029843,2.0,3.0,0.0,202.50535098775345,0.21821488033074357,0.7817851196692565,0.08477905229863418,0.24039551941697795,-1382.7723093520103
942,-201.5347005425638,0.901317728123457,0.1388026768981785,2.0,7.0,0.0,206.7286478903368,0.39882260695920274,0.6011773930407973,0.30229353889748767,0.10498907336003829,-1382.1989773479118
943,-201.90406311453145,0.996517243407035,0.1850525117098482,4.0,15.0,0.0,202.16692757788712,0.2497986798921734,0.7502013201078266,0.23946962613336922,0.20692739049765815,-1383.0502382297952
944,-202.43053920941648,0.9951612338738536,0.21232073265687315,3.0,15.0,0.0,205.04569341399744,0.12417583455148357,0.8758241654485164,0.44930521727305317,0.1693345653688315,-1382.8156855504765
945,-201.80671248872378,1.0,0.17803100976029843,2.0,3.0,0.0,201.91297100599877,0.22241922776159545,0.7775807722384045,0.08319973018184243,0.20777896842526045,-1381.866682768401
946,-201.89366973705518,0.9209618669740506,0.1388026768981785,2.0,7.0,0.0,203.12040455404917,0.4212270960815658,0.5787729039184342,0.11336907907684907,0.32476475519141484,-1384.7800920845184
947,-202.00624188083964,0.9985947879392582,0.1850525117098482,3.0,7.0,0.0,202.10259669328016,0.21510514246685492,0.7848948575331451,0.1485943570078428,0.09467628207637391,-1383.0951294126476
948,-202.34401731898024,0.9849819540437648,0.21232073265687315,4.0,23.0,0.0,204.14593047192724,0.8746331593741759,0.12536684062582415,0.10011389567099781,0.4784500669176649,-1382.2673093370765
949,-202.2173813463672,0.9642221926913347,0.17803100976029843,4.0,15.0,0.0,202.52578776816682,0.8038590074620027,0.19614099253799733,0.09908011978162666,0.593795132844994,-1383.794882860444
950,-203.10634141115324,0.8959593901126907,0.1388026768981785,4.0,19.0,0.0,204.88648274176043,0.06491132001943703,0.935088679980563,-0.44131072131254606,0.23563507316766505,-1383.4383192906341
951,-202.26032649176418,0.9988974963952056,0.1850525117098482,3.0,15.0,0.0,202.85554627051482,0.2535843922783714,0.7464156077216286,0.5156701117920455,0.14147862269448644,-1385.419769607223
952,-202.02256525873437,0.9759717946628399,0.21232073265687315,3.0,11.0,0.0,203.48693309331057,0.7352840707728432,0.2647159292271568,0.21070741322809558,-0.17244165391565028,-1384.153222301759
953,-202.01706666950452,0.9360529724721389,0.17803100976029843,3.0,11.0,0.0,203.55052855962205,0.6889339735164891,0.3110660264835109,0.19977826295207368,0.3249684403907278,-1384.7183808319535
954,-202.04667415262247,0.9392366862562637,0.1388026768981785,3.0,15.0,0.0,203.8853174606623,0.17105109608338712,0.8289489039166129,-0.026373528124878864,0.22416711438766868,-1382.1514511121372
955,-202.1989081048058,0.9919516807028924,0.1850525117098482,3.0,15.0,0.0,203.25897542162184,0.17819365262930978,0.8218063473706902,0.11607054058558633,0.09636312555191812,-1383.4501942085096
956,-202.59953029936415,0.7655498786416535,0.21232073265687315,2.0,7.0,0.0,207.34433202181106,0.6455122476239274,0.35448775237607255,0.3609397235246791,0.13589452185946396,-1389.1920321420955
957,-202.16003290774174,0.9708708439172135,0.17803100976029843,3.0,11.0,0.0,202.77950316368018,0.4233609592691164,0.5766390407308837,0.003468245853342586,0.10211382713254,-1386.7226095096642
958,-201.88952763403276,0.973228938160896,0.1388026768981785,4.0,23.0,0.0,203.1618880250748,0.5112060471390887,0.4887939528609113,0.03209314997494708,0.41555349390856383,-1384.873800133866
959,-202.89444263589277,0.9273041835796438,0.1850525117098482,3.0,15.0,0.0,204.80484358910974,0.13114087248680478,0.8688591275131952,-0.48089665026331796,0.17900096743781582,-1386.3137618712542
960,-202.5931836626739,0.9951976703264221,0.21232073265687315,4.0,23.0,0.0,203.21101539877748,0.1009604223778925,0.8990395776221075,-0.07006476735454631,0.13373180085402286,-1382.8696052669707
961,-202.25164317753246,1.0,0.17803100976029843,3.0,11.0,0.0,202.75839320270438,0.7682888166548529,0.23171118334514706,0.16785211963010674,0.46329866920467305,-1384.9734171013363
962,-201.91076243046777,0.8876510020065834,0.1388026768981785,3.0,7.0,0.0,203.97592020440624,0.745461537601248,0.254538462398752,0.2564353574978423,-0.1638166224966724,-1383.1891124886918
963,-203.64020978655952,0.9431307506356551,0.1850525117098482,2.0,3.0,0.0,203.79338424480434,0.1176614072425009,0.8823385927574992,-0.5026693846630083,0.10883178272314065,-1390.821408886876
964,-202.90320789781205,0.8643874265310763,0.21232073265687315,2.0,7.0,0.0,204.0783905044056,0.10102031308583648,0.8989796869141635,-0.17182685725471045,0.27798257181001484,-1384.9422769715484
965,-202.79682708241455,0.9709744452098381,0.17803100976029843,4.0,15.0,0.0,203.9543701786353,0.9182461265577329,0.08175387344226714,0.23196910716853394,-0.2581911951680204,-1382.8803575312513
966,-203.50835552008397,0.9618824918028306,0.1388026768981785,3.0,7.0,0.0,203.72199948770083,0.7274820802343764,0.27251791976562356,0.3196169383337672,-0.5543742367785777,-1394.2540929429872
967,-205.72021831420665,0.8209973516611945,0.1850525117098482,4.0,23.0,0.0,207.0750273696576,0.8454965362316106,0.15450346376838942,0.48876078685115903,-0.28350357088446054,-1406.729413954501
968,-202.1870860153387,0.859430855584945,0.21232073265687315,3.0,9.0,0.0,204.8866357998226,0.8359534994284269,0.1640465005715731,0.08451777767869209,0.2600190626568712,-1382.87012087268
969,-202.3408480189009,0.9836310637479817,0.17803100976029843,4.0,15.0,0.0,203.17947549010833,0.3764860309689918,0.6235139690310082,0.2055113788416277,0.30874341266390853,-1387.591161758812
970,-202.03924900211996,0.8821664288579062,0.1388026768981785,2.0,7.0,0.0,205.1107614556553,0.7638412718282382,0.23615872817176176,0.2265876096515008,-0.20266244404598643,-1383.727350016408
971,-203.8050901052666,0.9897975930756333,0.1850525117098482,4.0,19.0,0.0,207.6184156732891,0.07397715063839314,0.9260228493616068,-0.9218037484007237,0.1735121034839176,-1388.5572890865071
972,-203.519600230064,0.9922970259348014,0.21232073265687315,3.0,15.0,0.0,205.21063452358607,0.03187190024460005,0.9681280997553999,0.02919795266626074,0.14363606261618922,-1381.816958484623
973,-202.10833880595303,0.9896060634122646,0.17803100976029843,4.0,15.0,0.0,203.30035979378508,0.8413671948173544,0.15863280518264555,0.1027121546475244,0.38029648149037304,-1382.0694942941077
974,-202.68273839555007,0.984151981940643,0.1388026768981785,3.0,7.0,0.0,203.97635666901323,0.4643899763866646,0.5356100236133354,0.11582369909115528,0.4338161369079739,-1390.2973611588122
975,-204.21341853881634,0.9271828855172654,0.1850525117098482,3.0,11.0,0.0,205.3060579377833,0.024351987881516553,0.9756480121184834,-1.0522382672745516,0.20067115720495138,-1383.8319210006146
976,-203.0939057349675,0.9679047828586222,0.21232073265687315,3.0,7.0,0.0,204.4881335580819,0.43686732865649713,0.5631326713435029,-0.3312611854599005,0.4796400863260323,-1392.9424029827505
977,-204.19837649102445,0.9848630582632755,0.17803100976029843,3.0,7.0,0.0,204.4283724027646,0.9758722016615553,0.024127798338444695,0.08381720610090215,0.03629709734725378,-1384.6493177273705
978,-201.5314825646885,0.9672403211540965,0.1388026768981785,2.0,7.0,0.0,203.32714975733032,0.5306885536337487,0.46931144636625133,0.09792342645694241,0.29796357246838595,-1382.4429680938094
979,-204.40108958503842,0.9987399531454656,0.1850525117098482,4.0,15.0,0.0,204.9689028770179,0.023882479392151382,0.9761175206078486,-1.2436061224208461,0.17283347897450513,-1384.626759234742
980,-202.55633798672065,0.9239618734552824,0.21232073265687315,3.0,15.0,0.0,204.36803305422666,0.6894092069442677,0.31059079305573234,0.2689995782077641,-0.3276189291435712,-1388.40822446867
981,-204.81040149945883,0.9339960409825167,0.17803100976029843,4.0,15.0,0.0,206.49093569450935,0.01148086077070028,0.9885191392292997,1.3610901346516535,0.16313736730263223,-1382.220298431634
982,-201.8098047102062,0.9927223021861945,0.1388026768981785,3.0,7.0,0.0,202.02873243811584,0.7411777012671183,0.25882229873288165,0.06680549979031397,0.2965985026086443,-1382.567339098324
983,-204.25251147087897,0.9640502776109631,0.1850525117098482,3.0,15.0,0.0,205.42872752752106,0.02405526332278767,0.9759447366772124,-0.8022502874519591,0.23912227388959256,-1384.4050817484474
984,-202.32157703231314,0.9030735800268079,0.21232073265687315,3.0,15.0,0.0,203.40115856747204,0.7627744777183709,0.23722552228162908,0.12633003118294955,0.5705645638441463,-1385.4840017968468
985,-202.6345468986939,0.8289878701940955,0.17803100976029843,4.0,31.0,0.0,205.71109104692627,0.4370758431131054,0.5629241568868946,0.6017243339237323,-0.06205305391276097,-1389.7474364994516
986,-201.7914799776434,0.9906316532746026,0.1388026768981785,3.0,15.0,0.0,202.11580111497898,0.6789318661078937,0.3210681338921063,0.047704420279238706,0.22937390301676353,-1383.355931648828
987,-202.5464015772495,0.9999357075450912,0.1850525117098482,4.0,15.0,0.0,204.86688494257783,0.09836610998948352,0.9016338900105165,-0.23168791150626397,0.19448068708238722,-1382.3271984061532
988,-201.91730319148553,0.998523445358833,0.21232073265687315,3.0,11.0,0.0,202.77773111948935,0.7169170008690108,0.2830829991309892,0.12504343516458177,0.02268227010278126,-1383.7648121282045
989,-202.57556286751324,0.8052266546763888,0.17803100976029843,2.0,3.0,0.0,203.54618105893672,0.3083458309485675,0.6916541690514325,0.4701443658671842,-0.100163731922467,-1388.4690124700019
990,-202.29701840330685,0.9984888898046737,0.1388026768981785,3.0,15.0,0.0,202.4063941454921,0.5318928477666285,0.4681071522333715,0.007680432200404767,0.5054199173420343,-1387.5933286949737
991,-203.14103229942202,0.9760220331987511,0.1850525117098482,4.0,15.0,0.0,203.53906700764952,0.12299889180138857,0.8770011081986114,-0.5363924677619546,0.16320992891641103,-1387.5947272068495
992,-202.05371946541263,0.9460982635266205,0.21232073265687315,2.0,5.0,0.0,202.6052149979735,0.6129802226568792,0.38701977734312076,0.2958558016866618,0.17855232240559987,-1385.696337066852
993,-202.44501315195512,0.9996189677891862,0.17803100976029843,3.0,11.0,0.0,203.39903913872845,0.8288733542430522,0.1711266457569478,0.07895079669264708,0.07945290582023956,-1384.9386578062752
994,-202.06838741611546,0.9771978561082638,0.1388026768981785,2.0,3.0,0.0,202.79734273979892,0.6699177610284756,0.33008223897152444,-0.04718518605040453,0.501297661967289,-1385.196160322609
995,-202.8381648323081,0.9982433824965556,0.1850525117098482,3.0,7.0,0.0,203.24320557137992,0.08687271810617478,0.9131272818938252,-0.42107520417462047,0.18046496018797115,-1383.4696129969293
996,-201.42061604958442,0.9703939799489374,0.21232073265687315,2.0,7.0,0.0,202.6713489732464,0.4721048476139438,0.5278951523860562,0.21762593029888305,0.13095627943551147,-1381.7109043772089
997,-202.3864062357098,0.9783726845279276,0.17803100976029843,2.0,3.0,0.0,202.92364453677155,0.7853405307588902,0.2146594692411098,0.08775142811217969,0.006429143669373279,-1385.7309267810288
998,-202.03678072870918,0.972843659267874,0.1388026768981785,4.0,15.0,0.0,202.55505997194717,0.7019756268325422,0.2980243731674578,0.2132466163716895,0.3004265214307659,-1384.6966945443753
999,-202.7030606321548,0.9097648807756912,0.1850525117098482,2.0,7.0,0.0,203.6245400095756,0.1522103312937772,0.8477896687062227,-0.43294352156724797,0.2993868513073173,-1385.8394724581356
